date,open,close,high,low,volume,amount,turn,pctChg
1990-12-19,96.0500,99.9800,99.9800,95.7900,1260,494000.0000,0.000000,0.000000
1990-12-20,104.3000,104.3900,104.3900,99.9800,19700,84992.0000,0.000000,0.000000
1990-12-21,109.0700,109.1300,109.1300,103.7300,2800,16096.0000,0.000000,4.540663
1990-12-24,113.5700,114.5500,114.5500,109.1300,3200,31063.0000,0.000000,4.966559
1990-12-25,120.0900,120.2500,120.2500,114.5500,1500,6510.0000,0.000000,4.975990
1990-12-26,125.2700,125.2700,125.2700,120.2500,10000,53730.0000,0.000000,4.174634
1990-12-27,125.2700,125.2800,125.2800,125.2700,6600,104644.0000,0.000000,0.007984
1990-12-28,126.3900,126.4500,126.4500,125.2800,10800,88031.0000,0.000000,0.933907
1990-12-31,126.5600,127.6100,127.6100,126.4800,7800,60030.0000,0.000000,0.917362
1991-01-02,127.6100,128.8400,128.8400,127.6100,9100,59098.0000,0.000000,0.963871
1991-01-03,128.8400,130.1400,130.1400,128.8400,14100,93918.0000,0.000000,1.009006
1991-01-04,131.2700,131.4400,131.4400,130.1400,42000,261904.0000,0.000000,0.998927
1991-01-07,131.9900,132.0600,132.0600,131.4500,21700,141737.0000,0.000000,0.471694
1991-01-08,132.6200,132.6800,132.6800,132.0600,292600,1806867.0000,0.000000,0.469480
1991-01-09,133.3000,133.3400,133.3400,132.6800,560300,3228719.0000,0.000000,0.497440
1991-01-10,133.9300,133.9700,133.9700,133.3400,999000,5399457.0000,0.000000,0.472480
1991-01-11,134.6100,134.6000,134.6100,134.5100,1332700,7115732.0000,0.000000,0.470258
1991-01-14,134.1100,134.6700,135.1900,134.1100,1253000,6883604.0000,0.000000,0.052000
1991-01-15,134.2100,134.7400,134.7400,134.1900,144600,1010364.0000,0.000000,0.051984
1991-01-16,134.1900,134.2400,134.7400,134.1400,50900,270133.0000,0.000000,-0.371085
1991-01-17,133.6700,134.2500,134.2500,133.6500,65800,334238.0000,0.000000,0.007445
1991-01-18,133.7000,134.2400,134.2500,133.6700,300400,1570833.0000,0.000000,-0.007445
1991-01-21,133.7000,134.2400,134.2400,133.6600,205100,1029305.0000,0.000000,0.000000
1991-01-22,133.7200,133.7200,134.2400,133.6600,35400,180787.0000,0.000000,-0.387369
1991-01-23,133.1700,133.1700,133.7200,133.1400,109500,575928.0000,0.000000,-0.411309
1991-01-24,132.6100,132.6100,133.1700,132.5700,185700,917392.0000,0.000000,-0.420513
1991-01-25,132.0500,132.0500,132.0700,132.0300,344700,1722246.0000,0.000000,-0.422289
1991-01-28,131.4600,131.4600,131.5500,131.4600,510700,2565573.0000,0.000000,-0.446798
1991-01-29,130.9500,130.9500,130.9700,130.9500,138700,710741.0000,0.000000,-0.387958
1991-01-30,130.4400,130.4400,130.9500,130.4100,52700,260701.0000,0.000000,-0.389457
1991-01-31,129.9300,129.9700,130.4600,129.9300,51000,244662.0000,0.000000,-0.360320
1991-02-01,129.5000,129.5100,129.9700,129.4500,34500,140871.0000,0.000000,-0.353933
1991-02-04,129.0500,129.0500,129.5800,129.0500,55300,273652.0000,0.000000,-0.355178
1991-02-05,128.5600,128.5800,128.5800,128.5300,856200,4250084.0000,0.000000,-0.364201
1991-02-06,129.1300,129.1400,129.1500,128.0600,664100,3847268.0000,0.000000,0.435525
1991-02-07,129.7400,129.7900,129.7900,129.1400,213300,1504814.0000,0.000000,0.503325
1991-02-08,130.3600,130.3800,130.3900,129.7900,123400,879868.0000,0.000000,0.454589
1991-02-11,130.9200,130.9700,130.9700,130.3900,931700,4834876.0000,0.000000,0.452520
1991-02-12,131.5400,131.3500,131.5600,130.9700,377400,1986983.0000,0.000000,0.290146
1991-02-13,131.9300,131.9200,131.9300,131.3500,115200,673738.0000,0.000000,0.433949
1991-02-14,132.5300,132.5300,132.5300,132.3000,362400,1883072.0000,0.000000,0.462402
1991-02-19,133.1200,133.1300,133.1400,133.0800,174800,1216176.0000,0.000000,0.452732
1991-02-20,133.6300,133.6700,133.6700,133.1300,87600,520724.0000,0.000000,0.405614
1991-02-21,134.2400,134.2800,134.2800,133.6700,322000,1771726.0000,0.000000,0.456348
1991-02-22,134.8500,134.8700,134.8700,134.2800,342700,2003776.0000,0.000000,0.439378
1991-02-25,134.3700,134.4000,134.8700,134.3300,81000,621015.0000,0.000000,-0.348485
1991-02-26,133.9000,133.9300,134.4400,133.9000,109400,2545711.0000,0.000000,-0.349703
1991-02-27,133.4400,133.4700,133.9800,133.4400,21400,141958.0000,0.000000,-0.343457
1991-02-28,132.9900,133.0100,133.5200,132.9800,225800,1187974.0000,0.000000,-0.344652
1991-03-01,132.5300,132.5300,132.5300,132.4700,712400,3777320.0000,0.000000,-0.360872
1991-03-04,132.0900,131.9900,132.0900,131.9800,251800,1418017.0000,0.000000,-0.407450
1991-03-05,131.4200,131.4600,131.9900,131.4100,98200,934706.0000,0.000000,-0.401545
1991-03-06,130.8900,130.9400,130.9500,130.8900,71900,1345390.0000,0.000000,-0.395561
1991-03-07,130.4100,130.4100,130.9400,130.4100,56800,427475.0000,0.000000,-0.404765
1991-03-08,129.8400,129.8900,130.4100,129.8400,93300,541770.0000,0.000000,-0.398746
1991-03-11,129.3000,129.3100,129.8900,129.3000,51400,299524.0000,0.000000,-0.446533
1991-03-12,128.7300,128.7700,129.3100,128.7300,95700,783099.0000,0.000000,-0.417596
1991-03-13,126.1300,126.1500,128.7700,126.1300,49800,418280.0000,0.000000,-2.034637
1991-03-14,125.6100,125.6300,126.1500,125.6100,32600,242557.0000,0.000000,-0.412211
1991-03-15,125.0800,125.1700,125.6200,125.0800,79000,403520.0000,0.000000,-0.366154
1991-03-18,124.7000,124.7100,125.1700,124.6900,125000,1210411.0000,0.000000,-0.367499
1991-03-19,124.2300,124.2200,124.7100,124.2200,89200,682933.0000,0.000000,-0.392910
1991-03-20,123.6600,123.6600,124.2100,123.6300,67800,433147.0000,0.000000,-0.450811
1991-03-21,123.1400,123.1200,123.6600,123.1200,15100,131064.0000,0.000000,-0.436682
1991-03-22,122.6200,122.6200,123.1200,122.6200,20700,120129.0000,0.000000,-0.406108
1991-03-25,122.1200,122.1200,122.6200,122.1000,44300,324176.0000,0.000000,-0.407764
1991-03-26,121.6200,121.6200,122.1400,121.6200,116400,709040.0000,0.000000,-0.409433
1991-03-27,121.1200,121.1200,121.6400,121.1200,66800,366005.0000,0.000000,-0.411117
1991-03-28,120.6500,120.6100,121.1500,120.6100,96100,505657.0000,0.000000,-0.421072
1991-03-29,120.1600,120.1900,120.6100,120.1100,218500,2186180.0000,0.000000,-0.348228
1991-04-01,120.6900,120.7300,120.7300,119.6800,1199900,5666672.0000,0.000000,0.449289
1991-04-02,121.2100,121.2100,121.2900,120.7300,81600,387611.0000,0.000000,0.397578
1991-04-03,121.7100,121.7100,121.7100,121.2100,206300,977171.0000,0.000000,0.412507
1991-04-04,122.2000,121.7200,122.2000,121.2400,1051700,5045893.0000,0.000000,0.008218
1991-04-05,121.0700,121.5400,121.7300,121.0300,1158900,6035557.0000,0.000000,-0.147881
1991-04-08,121.1100,121.0900,121.1100,121.0500,186200,1675834.0000,0.000000,-0.370252
1991-04-09,120.6000,120.6200,121.1000,120.6000,32000,297122.0000,0.000000,-0.388136
1991-04-10,120.1500,120.1600,120.6200,120.0900,46600,281235.0000,0.000000,-0.381362
1991-04-11,119.6400,119.6400,120.1600,119.6200,23900,576817.0000,0.000000,-0.432760
1991-04-12,119.2000,119.2100,119.6500,119.1500,39900,301333.0000,0.000000,-0.359412
1991-04-15,118.7300,118.7700,119.2200,118.7200,30100,386981.0000,0.000000,-0.369099
1991-04-16,118.3600,118.3400,118.7700,118.3400,10500,177216.0000,0.000000,-0.362044
1991-04-17,117.9200,117.9000,118.3400,117.8900,20100,259495.0000,0.000000,-0.371806
1991-04-18,117.4500,117.4500,117.9300,117.4500,17800,133927.0000,0.000000,-0.381683
1991-04-19,117.0800,117.0800,117.5000,117.0500,64600,424675.0000,0.000000,-0.315024
1991-04-22,116.6300,116.6300,117.0800,116.5800,43000,321322.0000,0.000000,-0.384356
1991-04-23,116.2100,116.1900,116.6300,116.1500,28200,264379.0000,0.000000,-0.377257
1991-04-24,115.7000,115.7900,116.1900,115.7000,14800,121786.0000,0.000000,-0.344265
1991-04-25,115.3800,115.3600,115.7900,115.3300,149500,998928.0000,0.000000,-0.371362
1991-04-26,116.3100,115.5600,116.3100,114.5200,1335400,5806770.0000,0.000000,0.173368
1991-04-29,114.8600,114.7500,116.2900,114.7500,841100,3610730.0000,0.000000,-0.700932
1991-04-30,113.8900,113.9400,114.8700,113.8900,485000,2734172.0000,0.000000,-0.705880
1991-05-02,113.0400,113.1600,113.2000,113.0300,146500,1124048.0000,0.000000,-0.684570
1991-05-03,112.4600,112.4100,113.1700,112.3000,423000,2386862.0000,0.000000,-0.662778
1991-05-06,111.6500,111.6100,112.4100,111.5700,276400,1423590.0000,0.000000,-0.711683
1991-05-07,110.8000,110.8200,110.9000,110.8000,187500,907005.0000,0.000000,-0.707823
1991-05-08,110.1600,110.0300,110.8200,110.0000,42300,375190.0000,0.000000,-0.712869
1991-05-09,109.3600,109.2900,110.1200,109.3100,225500,1215566.0000,0.000000,-0.672542
1991-05-10,108.6100,108.5300,109.4000,108.5300,24900,313181.0000,0.000000,-0.695399
1991-05-13,107.8800,107.8400,107.8800,107.7400,23500,182296.0000,0.000000,-0.635771
1991-05-14,107.2100,107.1900,107.8400,107.0600,26700,185380.0000,0.000000,-0.602739
1991-05-15,106.5600,106.5700,106.6000,106.4200,39000,307736.0000,0.000000,-0.578415
1991-05-16,105.8300,105.7700,105.8600,105.6900,310800,1445855.0000,0.000000,-0.750683
1991-05-17,105.1200,106.7500,106.7500,104.9600,2019200,7633140.0000,0.000000,0.926542
1991-05-20,107.7600,107.8200,107.8200,106.7100,86300,924212.0000,0.000000,1.002342
1991-05-21,108.8900,108.8100,108.8900,108.6200,77100,1309557.0000,0.000000,0.918195
1991-05-22,109.7100,108.2500,109.8200,108.1100,1867700,7967008.0000,0.000000,-0.514656
1991-05-23,107.5200,109.0800,109.1600,107.3500,560900,2770507.0000,0.000000,0.766745
1991-05-24,110.0700,110.0800,110.0800,109.8200,102400,661006.0000,0.000000,0.916758
1991-05-27,111.0500,110.6600,111.0700,109.4700,861900,3827789.0000,0.000000,0.526891
1991-05-28,111.6100,111.6800,111.6800,111.3600,163000,970461.0000,0.000000,0.921739
1991-05-29,112.7500,112.7500,112.7500,111.6700,53000,1320629.0000,0.000000,0.958094
1991-05-30,113.7400,113.8200,113.8200,112.7700,38800,753456.0000,0.000000,0.949002
1991-05-31,114.8300,114.8300,114.8300,113.8400,121100,1470487.0000,0.000000,0.887368
1991-06-03,115.9000,115.9700,115.9700,114.8900,95400,1643078.0000,0.000000,0.992771
1991-06-04,117.1200,117.1200,117.1200,116.8300,360300,2018633.0000,0.000000,0.991637
1991-06-05,118.1700,118.1700,118.1700,117.1400,30800,279283.0000,0.000000,0.896512
1991-06-06,119.2600,119.3500,119.3300,118.1700,26600,160508.0000,0.000000,0.998562
1991-06-07,120.4600,120.4700,120.4700,119.3500,10000,83206.0000,0.000000,0.938419
1991-06-10,121.6500,121.6700,121.6700,120.4700,40000,458929.0000,0.000000,0.996096
1991-06-11,122.8900,122.8900,122.8900,121.6700,54300,375012.0000,0.000000,1.002713
1991-06-12,123.9000,124.1100,124.1100,122.8900,137200,735371.0000,0.000000,0.992759
1991-06-13,125.3300,125.3400,125.3400,123.6500,2086800,11563763.0000,0.000000,0.991053
1991-06-14,124.4700,124.5300,126.3400,124.4700,663300,3541098.0000,0.000000,-0.646240
1991-06-17,125.6300,125.7700,125.7700,123.5400,693300,4056679.0000,0.000000,0.995742
1991-06-18,127.0300,127.0300,127.0300,126.6700,203000,1015149.0000,0.000000,1.001830
1991-06-19,128.1200,128.2900,128.2900,127.0300,148100,744123.0000,0.000000,0.991887
1991-06-20,129.5500,129.5700,129.5700,129.2100,229900,1321261.0000,0.000000,0.997750
1991-06-21,130.7200,130.8600,130.8600,128.8100,1361300,7746480.0000,0.000000,0.995596
1991-06-24,132.1000,132.1700,132.1700,131.8000,196000,1657788.0000,0.000000,1.001068
1991-06-25,133.4800,133.4900,133.4900,132.1700,162400,1296047.0000,0.000000,0.998719
1991-06-26,134.8300,134.8300,134.8300,133.4900,340900,2149983.0000,0.000000,1.003818
1991-06-27,136.0400,136.1900,136.1900,134.8300,449700,2521206.0000,0.000000,1.008678
1991-06-28,137.4100,137.5600,137.5600,136.1900,493500,3032950.0000,0.000000,1.005944
1991-07-01,136.6400,136.8500,138.6200,136.5600,2294000,12469884.0000,0.000000,-0.516132
1991-07-02,135.9100,135.9600,135.9600,135.6900,283800,3794100.0000,0.000000,-0.650347
1991-07-03,135.2800,135.2700,135.9600,134.9800,271500,1818504.0000,0.000000,-0.507504
1991-07-04,136.6300,136.6300,136.6300,134.1900,1339400,8095138.0000,0.000000,1.005397
1991-07-05,136.0100,135.9600,137.6800,135.9000,1454000,9394861.0000,0.000000,-0.490374
1991-07-08,135.2600,135.2800,135.2800,134.9300,587400,2925933.0000,0.000000,-0.500153
1991-07-09,136.5600,134.6400,136.5700,134.3100,844200,4174836.0000,0.000000,-0.473092
1991-07-10,134.4000,133.9900,135.6000,133.7200,602300,2894591.0000,0.000000,-0.482764
1991-07-11,133.2200,133.3800,133.9900,133.1300,507300,2417896.0000,0.000000,-0.455258
1991-07-12,132.8000,132.8000,133.3800,132.4200,314400,1484090.0000,0.000000,-0.434849
1991-07-15,133.9000,133.1400,134.1000,131.8700,1193800,5534900.0000,0.507890,0.256021
1991-07-16,134.3900,134.4700,134.4700,133.1400,279600,1328502.0000,0.118953,0.998950
1991-07-17,135.8100,135.8100,135.8100,135.3900,66000,397524.0000,0.028079,0.996502
1991-07-18,137.1700,137.1700,137.1700,135.8100,84700,464416.0000,0.036035,1.001400
1991-07-19,137.6600,136.7000,138.5400,136.6600,1082300,5242826.0000,0.460453,-0.342641
1991-07-22,138.0700,138.0700,138.0700,136.7000,276400,1423205.0000,0.117592,1.002202
1991-07-23,139.3500,139.3900,139.3900,138.0700,724100,3548584.0000,0.308061,0.956031
1991-07-24,140.6600,140.6800,140.7400,138.6900,598800,2901485.0000,0.254753,0.925456
1991-07-25,140.2000,140.1900,141.0100,139.9900,839000,4080885.0000,0.356944,-0.348301
1991-07-26,140.1100,140.6600,141.4600,139.2700,927900,4520783.0000,0.394765,0.335260
1991-07-29,141.2200,141.5200,141.7200,140.8100,477100,2350293.0000,0.202977,0.611404
1991-07-30,142.3900,142.3900,142.4500,141.3900,560100,2718049.0000,0.238289,0.614751
1991-07-31,143.7200,143.8000,143.8000,142.3900,405100,1993205.0000,0.172346,0.990241
1991-08-01,145.1200,145.2400,145.2400,143.8000,473100,2310502.0000,0.201275,1.001392
1991-08-02,146.4900,146.6800,146.6800,145.4400,1174400,5825142.0000,0.499636,0.991453
1991-08-05,148.0600,148.1500,148.1500,146.6800,512600,2593974.0000,0.218080,1.002182
1991-08-06,149.6200,149.6200,149.6200,148.1500,200100,1065505.0000,0.085130,0.992238
1991-08-07,150.9300,151.1200,151.1200,149.6200,110700,580236.0000,0.047096,1.002540
1991-08-08,152.5700,152.6100,152.6100,151.1200,195100,1045377.0000,0.083003,0.985975
1991-08-09,153.9000,154.1000,154.1000,152.6100,371500,1990447.0000,0.158051,0.976348
1991-08-12,155.3400,155.5400,155.5400,154.1000,391900,2154199.0000,0.166730,0.934450
1991-08-13,156.8700,157.0700,157.0700,155.5400,2003900,10529728.0000,0.852538,0.983679
1991-08-14,158.3000,158.6300,158.6300,158.1100,548000,2929235.0000,0.233141,0.993186
1991-08-15,159.9200,160.2100,160.2100,158.6300,153700,850781.0000,0.065390,0.996030
1991-08-16,161.5600,161.6000,161.6000,160.2100,98400,581335.0000,0.041863,0.867611
1991-08-19,163.2100,163.2100,163.2100,161.6000,98500,614977.0000,0.041906,0.996287
1991-08-20,164.7400,164.8400,164.8400,163.2100,57300,388263.0000,0.024378,0.998707
1991-08-21,166.4900,166.4900,166.4900,164.8400,341100,2106363.0000,0.145117,1.000976
1991-08-22,167.8100,168.1600,168.1600,166.4900,129600,845656.0000,0.055137,1.003062
1991-08-23,169.8100,169.8100,169.8100,168.1600,60500,502645.0000,0.025739,0.981205
1991-08-26,171.5100,171.5100,171.5100,169.8100,64300,518093.0000,0.027356,1.001117
1991-08-27,173.0600,173.1900,173.1900,171.5100,79600,520954.0000,0.033865,0.979539
1991-08-28,174.8200,174.9200,174.9200,173.1900,80400,511434.0000,0.034205,0.998900
1991-08-29,176.5300,176.6600,176.6600,174.9200,260800,1629096.0000,0.110955,0.994744
1991-08-30,178.2000,178.4300,178.4300,176.6600,675900,4219163.0000,0.287555,1.001918
1991-09-02,180.0800,180.2200,180.2200,178.4300,140800,886865.0000,0.056062,1.003199
1991-09-03,181.7100,181.9700,181.9700,180.2200,147500,940258.0000,0.058730,0.971035
1991-09-04,183.6600,183.6900,183.6900,181.9700,65000,470005.0000,0.025881,0.945211
1991-09-05,185.4800,185.5100,185.5100,183.6900,151400,1095242.0000,0.060282,0.990795
1991-09-06,187.0900,187.3600,187.3600,185.5100,276500,1761317.0000,0.110093,0.997254
1991-09-09,189.1000,189.2400,189.2400,187.3600,355200,2349562.0000,0.141429,1.003418
1991-09-10,190.9800,188.3300,190.9800,188.1900,3343400,21507836.0000,1.331231,-0.480873
1991-09-11,187.2900,187.2200,187.2900,186.8600,2139200,14677350.0000,0.851759,-0.589391
1991-09-12,186.2200,186.2200,187.4000,186.0700,1969900,16265671.0000,0.784349,-0.534131
1991-09-13,188.0000,187.7900,188.0400,185.0100,3743400,24035038.0000,1.490498,0.843085
1991-09-16,189.5500,189.6600,189.6600,187.7900,993300,6343151.0000,0.395499,0.995799
1991-09-17,191.1600,188.6500,191.1800,188.2800,2882900,18623898.0000,1.147875,-0.532537
1991-09-18,187.2600,187.6300,188.5900,187.1800,1582200,11015637.0000,0.629980,-0.540678
1991-09-19,187.6500,186.8800,189.2100,186.4900,2343900,14607546.0000,0.933263,-0.399723
1991-09-20,185.7700,185.9200,187.2100,185.6600,1207500,7417594.0000,0.480786,-0.513702
1991-09-23,185.0000,185.0000,185.9200,184.7100,403400,2806673.0000,0.160621,-0.494835
1991-09-24,183.9600,184.0800,185.0400,183.6900,142600,1002714.0000,0.056779,-0.497296
1991-09-25,182.8000,183.1900,184.0800,182.8000,138900,934108.0000,0.055305,-0.483485
1991-09-26,182.2100,182.3300,183.1900,181.9300,654100,4620152.0000,0.260441,-0.469458
1991-09-27,183.1200,181.8200,183.8900,181.1900,3372800,20416480.0000,1.342937,-0.279710
1991-09-30,180.2800,180.9200,181.9500,180.2700,2559400,22336016.0000,1.019068,-0.495000
1991-10-03,181.5500,182.4800,182.4800,179.8000,1874100,12329971.0000,0.746204,0.862258
1991-10-04,184.2900,184.2900,184.2900,183.5900,736000,5039959.0000,0.293051,0.991888
1991-10-07,185.9500,186.0000,186.0000,185.4100,1136900,7291196.0000,0.452676,0.927889
1991-10-08,187.5900,187.4900,187.6100,186.0000,2374500,15241554.0000,0.945447,0.801078
1991-10-09,188.4900,189.1200,189.1200,186.3100,2098900,13440129.0000,0.835712,0.869374
1991-10-10,190.7100,191.0100,191.0100,189.1200,663800,4333536.0000,0.264303,0.999365
1991-10-11,192.8400,192.8500,192.8800,191.0100,1098100,7251750.0000,0.437227,0.963306
1991-10-14,194.0600,194.6700,194.6900,192.3200,2149300,13948029.0000,0.855780,0.943735
1991-10-15,196.5800,196.6100,196.6100,194.6700,1100200,7265197.0000,0.438063,0.996560
1991-10-16,198.5100,198.5700,198.5700,196.6100,956200,6273991.0000,0.380727,0.996901
1991-10-17,200.5000,200.5100,200.5100,198.5700,607700,4136314.0000,0.241966,0.976979
1991-10-18,202.5000,202.5100,202.5100,200.5100,296800,2384097.0000,0.118176,0.997457
1991-10-21,204.5300,204.5300,204.5300,202.5100,353700,2514336.0000,0.140832,0.997484
1991-10-22,206.0600,206.5300,206.5300,204.5300,212800,1521146.0000,0.084730,0.977852
1991-10-23,208.0600,208.2500,208.2500,206.5300,262300,1980087.0000,0.104439,0.832809
1991-10-24,210.2000,210.0700,210.2000,208.2500,1935700,13174235.0000,0.770732,0.873953
1991-10-25,210.3400,211.8600,211.9700,209.7100,3265000,22263148.0000,1.300015,0.852094
1991-10-28,213.5000,213.9800,213.9800,211.8600,321700,2357941.0000,0.128090,1.000659
1991-10-29,215.6300,215.7800,215.7800,213.9800,269700,2069665.0000,0.107386,0.841202
1991-10-30,216.3700,216.4300,216.4300,215.7800,238000,1814463.0000,0.094764,0.301230
1991-10-31,218.5900,218.6000,218.6000,216.4300,392900,2914654.0000,0.156440,1.002640
1991-11-01,220.7100,220.7200,220.7200,218.6000,590600,4313355.0000,0.235157,0.969806
1991-11-04,222.7700,222.7700,222.7700,220.7900,447400,3352291.0000,0.178140,0.928780
1991-11-05,224.4400,224.6500,224.6500,222.7700,280500,2225605.0000,0.111686,0.843915
1991-11-06,226.8300,226.8800,226.8800,224.6500,284800,2188148.0000,0.113398,0.992660
1991-11-07,228.9300,228.9300,228.9300,226.8800,483300,4085072.0000,0.192434,0.903556
1991-11-08,230.9900,231.2200,231.2200,228.9300,1440600,11039106.0000,0.573599,1.000310
1991-11-11,233.4800,233.5500,233.5500,231.2200,247400,2130826.0000,0.098506,1.007699
1991-11-12,235.7500,235.8000,235.8000,233.5500,89500,914377.0000,0.035636,0.963391
1991-11-13,236.5100,236.6700,236.6700,235.8000,79900,879975.0000,0.031814,0.368955
1991-11-14,237.3900,237.4500,237.4500,236.6700,86200,940119.0000,0.034322,0.329572
1991-11-15,238.2500,238.2500,238.2500,237.4500,205800,1914795.0000,0.081943,0.336914
1991-11-18,240.0400,240.6200,240.6200,238.2500,188500,1534361.0000,0.075054,0.994751
1991-11-19,242.2400,242.2400,242.2400,240.6200,231000,2040941.0000,0.091977,0.673265
1991-11-20,244.5000,244.5000,244.5000,242.2400,232500,1929087.0000,0.092574,0.932957
1991-11-21,246.2600,246.3100,246.3100,244.5000,215500,2030500.0000,0.085805,0.740285
1991-11-22,248.2400,248.5300,248.5300,246.3100,213300,1954544.0000,0.084929,0.901304
1991-11-25,250.8400,250.8500,250.8500,248.5300,233100,1963992.0000,0.092813,0.933492
1991-11-26,252.9000,252.9700,252.9700,250.8500,245400,2326565.0000,0.097710,0.845125
1991-11-27,255.2700,255.4500,255.4500,252.9700,212000,1756893.0000,0.084411,0.980352
1991-11-28,257.2800,257.3500,257.3500,255.4500,250200,2251847.0000,0.099621,0.743789
1991-11-29,259.6800,259.6000,259.8500,257.3500,3369500,28453936.0000,1.118874,0.874296
1991-12-02,261.7800,262.1900,262.1900,259.6700,1912800,16310190.0000,0.635163,0.997687
1991-12-03,264.6400,264.8100,264.8100,262.1900,110100,1207594.0000,0.036560,0.999274
1991-12-04,265.5300,265.7700,265.7700,264.8100,74200,903324.0000,0.024639,0.362521
1991-12-05,266.4800,266.6600,266.6600,265.7700,205000,2100256.0000,0.068072,0.334881
1991-12-06,269.3400,269.3500,269.3500,266.6600,161300,1798852.0000,0.053561,1.008776
1991-12-09,270.2700,270.2700,270.2700,269.3500,163100,1648764.0000,0.054159,0.341557
1991-12-10,270.2700,272.9100,272.9100,270.2700,51600,665483.0000,0.017134,0.976806
1991-12-11,273.5300,273.7100,273.7100,272.9100,66900,859049.0000,0.022215,0.293133
1991-12-12,274.4100,274.4100,274.4100,273.7100,157700,1644190.0000,0.052366,0.255750
1991-12-13,276.8100,277.0000,277.0000,274.4100,74600,962311.0000,0.024772,0.943842
1991-12-16,277.5300,277.8500,277.8500,277.0000,58000,817004.0000,0.019259,0.306861
1991-12-17,278.6700,278.6800,278.6800,277.8500,49300,754992.0000,0.016371,0.298718
1991-12-18,279.3200,279.5100,279.5100,278.6800,76000,893281.0000,0.025237,0.297839
1991-12-19,279.9800,280.1700,280.1700,279.5100,109400,1242701.0000,0.036327,0.236129
1991-12-20,282.8300,282.8300,282.8300,280.6300,439300,6268733.0000,0.145874,0.949414
1991-12-23,285.6500,285.6500,285.6500,282.8300,104600,1182123.0000,0.034733,0.997068
1991-12-24,285.7400,286.2200,286.2200,285.6500,48600,593373.0000,0.016138,0.199547
1991-12-25,287.0900,287.1500,287.1500,286.2200,57300,873628.0000,0.019027,0.324922
1991-12-26,288.0300,288.0300,288.0300,287.1500,116800,1422421.0000,0.038785,0.306462
1991-12-27,290.6500,290.8500,290.8500,288.0300,155100,1789522.0000,0.051502,0.979067
1991-12-30,291.7100,291.7100,291.7100,290.8500,116500,1881075.0000,0.038685,0.295680
1991-12-31,292.4800,292.7500,292.7500,291.7100,58400,858863.0000,0.019392,0.356521
1992-01-02,293.7400,293.7500,293.7500,292.7600,92800,1339598.0000,0.030815,0.341588
1992-01-03,296.2400,296.5200,296.5200,293.7500,143600,1842222.0000,0.047684,0.942975
1992-01-06,297.6800,297.6800,297.6800,296.5200,340000,4236024.0000,0.112900,0.391206
1992-01-07,298.5400,298.7700,298.7700,297.6800,89200,1064008.0000,0.029620,0.366164
1992-01-08,299.6500,299.6600,299.6600,298.7700,65900,930535.0000,0.021883,0.297893
1992-01-09,300.6100,300.6200,300.6200,299.6600,94300,1244834.0000,0.031313,0.320360
1992-01-10,301.8200,301.8300,301.8300,300.6200,160500,2629590.0000,0.053296,0.402499
1992-01-13,302.8300,303.0600,303.0600,302.0000,72500,1097531.0000,0.020646,0.407518
1992-01-14,304.7700,305.7400,305.7400,303.0600,63200,858530.0000,0.017998,0.884311
1992-01-15,306.6200,306.6300,306.6300,305.7400,25900,314974.0000,0.007376,0.291102
1992-01-16,306.8500,306.8500,306.8500,306.6300,37800,488305.0000,0.010765,0.071748
1992-01-17,307.3700,307.3800,307.3800,306.8500,25000,321916.0000,0.007119,0.172722
1992-01-20,307.3800,307.3900,307.3900,307.3800,44500,502999.0000,0.012673,0.003256
1992-01-21,307.8700,307.8700,307.8700,307.3900,53400,650501.0000,0.015207,0.156147
1992-01-22,307.9500,307.9500,307.9500,307.8700,31200,439920.0000,0.008885,0.025991
1992-01-23,308.5300,308.5300,308.5300,307.9500,41300,583190.0000,0.011761,0.188338
1992-01-24,309.0500,309.0500,309.0500,308.5300,72200,1004033.0000,0.020561,0.168538
1992-01-27,311.6000,311.6100,311.6100,309.0500,56200,750773.0000,0.016005,0.828344
1992-01-28,311.6700,311.8400,311.8400,311.6100,66400,822810.0000,0.018909,0.073814
1992-01-29,312.4100,312.4200,312.5800,311.8400,40100,450211.0000,0.011420,0.185998
1992-01-30,312.7300,312.7300,312.7300,312.4200,39100,543800.0000,0.011135,0.099225
1992-01-31,313.2400,313.2400,313.2400,312.7300,35400,586786.0000,0.010081,0.163073
1992-02-03,314.1800,314.1800,314.1800,313.2400,30500,583325.0000,0.008686,0.300090
1992-02-07,314.7200,314.7200,314.7200,314.1800,32700,527451.0000,0.009312,0.171879
1992-02-10,315.5500,315.5600,315.5600,314.7200,35400,586553.0000,0.010081,0.266903
1992-02-11,316.1200,316.4300,316.4300,315.5600,29600,460159.0000,0.008429,0.275699
1992-02-12,316.4300,316.4400,316.4400,316.4300,27000,397279.0000,0.007689,0.003163
1992-02-13,317.2400,317.0400,317.5700,317.0600,102000,1686917.0000,0.029047,0.189611
1992-02-14,319.4500,319.6800,319.6800,317.0400,45700,770875.0000,0.013014,0.832697
1992-02-17,319.7700,319.7700,319.7700,319.6800,636900,13782082.0000,0.181375,0.028152
1992-02-18,338.9800,337.1100,339.1600,319.7700,740700,12655298.0000,0.210935,5.422647
1992-02-19,340.5000,342.4100,342.4100,337.1100,940100,16501609.0000,0.267720,1.572193
1992-02-20,345.2200,347.9900,348.0100,342.4100,1034100,20004752.0000,0.294489,1.629621
1992-02-21,358.9100,359.5900,359.9300,347.9900,1158200,19254248.0000,0.256721,3.333431
1992-02-24,361.1100,360.5000,361.6200,359.5900,3015700,18038444.0000,0.668446,0.253067
1992-02-25,359.6600,360.3700,361.2900,357.0700,486200,8037606.0000,0.107769,-0.036062
1992-02-26,359.8500,360.1000,360.7600,359.2700,575300,8082674.0000,0.127518,-0.074920
1992-02-27,361.0000,362.4500,363.0300,360.1000,952400,17931364.0000,0.211104,0.652598
1992-02-28,364.1500,364.6600,364.6700,362.4500,986200,26401860.0000,0.218596,0.609737
1992-03-02,365.1500,365.3900,365.3900,364.6600,340500,5644321.0000,0.075474,0.200189
1992-03-03,366.7900,367.0000,367.2500,365.3900,298900,3366071.0000,0.066253,0.440621
1992-03-04,367.5600,368.3200,368.2800,366.9500,561400,10365269.0000,0.124437,0.359675
1992-03-05,369.3100,369.7600,369.8800,368.1100,836000,14928647.0000,0.185304,0.390965
1992-03-06,370.7900,371.7600,371.7600,369.7600,523700,9958408.0000,0.116081,0.540891
1992-03-09,372.2600,373.5300,374.0600,371.8800,2096800,22273776.0000,0.464767,0.476111
1992-03-10,374.4800,375.2300,375.2300,373.5300,501100,7452592.0000,0.111071,0.455121
1992-03-11,375.8700,376.1400,376.2500,374.9800,400100,11238040.0000,0.088684,0.242519
1992-03-12,377.5500,376.9200,377.5700,376.1400,1032600,31594198.0000,0.228881,0.207369
1992-03-13,376.5800,376.3800,377.1900,376.3800,252700,4487903.0000,0.056012,-0.143269
1992-03-16,377.0000,377.0500,377.4200,376.3800,264600,2265997.0000,0.058650,0.178007
1992-03-17,377.5000,377.4900,377.8400,377.0300,89000,1340086.0000,0.019727,0.116696
1992-03-18,377.9400,377.6600,378.3200,377.4900,402800,2252891.0000,0.089283,0.045038
1992-03-19,377.2600,377.3100,377.9600,376.2100,1362800,35111208.0000,0.302072,-0.092678
1992-03-20,377.9100,377.9900,378.0300,377.3100,316000,7844940.0000,0.070043,0.180221
1992-03-23,378.6100,378.8900,379.0400,377.4500,1029000,24375080.0000,0.228083,0.238108
1992-03-24,378.5300,378.6900,379.5000,378.0500,437800,7016716.0000,0.097041,-0.052789
1992-03-25,378.3300,378.1200,379.0200,378.1200,1182000,21445412.0000,0.261997,-0.150521
1992-03-26,379.2900,379.1300,379.3400,377.6400,1022500,24177846.0000,0.226643,0.267114
1992-03-27,379.6500,380.7700,380.7900,379.1300,189200,5469466.0000,0.015725,0.432565
1992-03-30,381.5400,381.4400,381.5600,380.7600,1265500,40359448.0000,0.105182,0.175963
1992-03-31,381.8700,381.2400,382.0600,381.2400,1739100,53853180.0000,0.144545,-0.052436
1992-04-01,381.5500,381.0100,381.8500,381.0100,406500,7767958.0000,0.033786,-0.060324
1992-04-02,381.4700,381.1200,381.5800,381.0100,167300,3193021.0000,0.013905,0.028867
1992-04-03,381.4400,381.3300,381.5700,381.1200,170000,3377037.0000,0.014130,0.055099
1992-04-06,381.9700,381.4700,382.0800,381.3300,529800,14543601.0000,0.044034,0.036717
1992-04-07,381.9500,381.9300,382.1000,381.4700,1061300,30266448.0000,0.088210,0.120584
1992-04-08,382.5300,382.4300,382.5900,381.9200,186600,5277806.0000,0.015509,0.130914
1992-04-09,381.9300,381.6500,382.8800,381.6500,316800,7148212.0000,0.026331,-0.203959
1992-04-10,381.5200,382.0300,382.0400,381.2000,706600,13499395.0000,0.058729,0.099569
1992-04-13,387.2700,391.1100,392.2800,382.0300,2059300,52440252.0000,0.171159,2.376773
1992-04-14,393.1000,400.6100,400.6100,391.1000,941500,25184920.0000,0.078253,2.428984
1992-04-15,400.3500,406.7200,406.7200,398.2300,1056600,25157480.0000,0.087819,1.525178
1992-04-16,404.0700,410.5500,410.6100,403.5200,3921100,57466536.0000,0.325903,0.941676
1992-04-17,408.5600,414.4200,414.4200,406.1900,1567800,45102528.0000,0.130308,0.942644
1992-04-20,417.1900,413.8500,420.9900,413.6400,1017000,23206812.0000,0.084528,-0.137543
1992-04-21,417.9900,410.0600,421.5500,402.8900,5125700,72181072.0000,0.426023,-0.915793
1992-04-22,400.1200,399.8800,410.0600,399.8700,5059600,73539968.0000,0.420529,-2.482562
1992-04-23,407.1300,407.2500,408.8600,394.6000,5471800,71062032.0000,0.454789,1.843052
1992-04-24,405.8800,414.4000,415.0500,397.7400,3470600,47646456.0000,0.288459,1.755677
1992-04-27,422.4500,424.5800,424.9200,413.4700,3725700,53584928.0000,0.309662,2.456562
1992-04-28,434.9000,436.0900,436.3100,424.5800,4239200,53950372.0000,0.352341,2.710917
1992-04-29,445.2500,444.1600,446.1200,436.0900,5289900,66766724.0000,0.439670,1.850537
1992-04-30,435.7300,445.3800,448.9400,433.6600,4570400,52587304.0000,0.379869,0.274676
1992-05-04,454.8600,453.6200,456.2400,445.3800,6436200,101358168.0000,0.534945,1.850103
1992-05-05,447.4200,449.2100,455.3600,439.9600,4935900,78293128.0000,0.410248,-0.972180
1992-05-06,449.7800,449.9600,454.0800,446.3900,3368700,54371216.0000,0.279990,0.166960
1992-05-07,452.8600,454.6500,457.0500,449.5500,3441400,51743916.0000,0.286032,1.042315
1992-05-08,461.0500,468.1100,468.4200,454.6500,4863400,84729008.0000,0.404222,2.960517
1992-05-11,483.2900,491.5000,490.1900,468.1100,3095000,60653968.0000,0.257241,4.996692
1992-05-12,502.8000,506.5300,506.6800,491.5000,3327800,65369228.0000,0.276590,3.057986
1992-05-13,505.2700,514.0400,517.8600,499.4000,3389700,64664416.0000,0.281735,1.482633
1992-05-14,514.4800,523.3600,523.5000,511.9100,3301000,60063576.0000,0.274363,1.813090
1992-05-15,529.3900,544.3500,544.5600,523.3600,6328300,75109304.0000,0.525977,4.010622
1992-05-18,560.0900,571.8200,571.8500,544.3500,2999200,61340824.0000,0.249279,5.046391
1992-05-19,590.4100,598.1100,598.1100,571.8200,4779000,58722428.0000,0.397207,4.597597
1992-05-20,617.2800,616.9900,623.8800,598.1100,6564600,119286160.0000,0.545617,3.156611
1992-05-21,1260.3200,1266.4900,1334.9800,604.0100,8965700,181277360.0000,0.745185,105.269100
1992-05-22,1306.3700,1339.9900,1349.7100,1262.4400,9372500,204173232.0000,0.778996,5.803441
1992-05-25,1411.9800,1421.5700,1428.7900,1339.9900,8896900,222429088.0000,0.739467,6.088102
1992-05-26,1332.3900,1301.3500,1429.0100,1291.0000,6812800,149448656.0000,0.566246,-8.456845
1992-05-27,1250.5600,1193.1700,1285.6100,823.3600,6452800,138824384.0000,0.536325,-8.312901
1992-05-28,1123.0400,1160.1700,1184.1800,1114.9400,4838900,117388176.0000,0.402186,-2.765742
1992-05-29,1243.6500,1234.7100,1253.3700,1154.0100,5161500,135997232.0000,0.428999,6.424913
1992-06-01,1175.6900,1183.2400,1249.5800,1129.2800,3939400,105366096.0000,0.327424,-4.168588
1992-06-02,1155.8800,1141.0200,1184.2800,1138.5800,3403300,84509552.0000,0.282866,-3.568166
1992-06-03,1075.9000,1059.0700,1141.0200,1033.4700,4100200,91844888.0000,0.340788,-7.182177
1992-06-04,1087.4900,1104.4600,1118.9300,1050.4500,4318400,94263232.0000,0.331381,4.285837
1992-06-05,1125.0100,1105.7600,1143.0700,1099.9100,4400700,100847248.0000,0.337697,0.117709
1992-06-08,1092.0700,1093.4600,1121.4100,1085.1900,2874700,63968816.0000,0.220596,-1.112362
1992-06-09,1116.9200,1126.6200,1144.3900,1079.6500,3510000,78762152.0000,0.269347,3.032579
1992-06-10,1199.2300,1187.0200,1206.5100,1134.7300,5873200,140149760.0000,0.450692,5.361171
1992-06-11,1179.2800,1178.3000,1188.6800,1172.0900,3489700,85107112.0000,0.267789,-0.734610
1992-06-12,1164.1200,1171.7100,1178.3000,1153.9700,4720200,104835184.0000,0.362214,-0.559288
1992-06-15,1174.4100,1171.8500,1181.8600,1152.6900,3774700,78204176.0000,0.289659,0.011950
1992-06-16,1171.7500,1166.7000,1135.6100,1164.2400,3515800,85477152.0000,23.992886,-0.439476
1992-06-17,1171.2900,1169.5700,1186.5900,1166.2600,3475500,84383976.0000,0.266700,0.245993
1992-06-18,1167.1600,1168.4300,1172.8600,1158.3200,2910100,61629572.0000,0.223313,-0.097463
1992-06-19,1169.9700,1171.9400,1171.9400,1161.8000,2514600,55724544.0000,0.192963,0.300393
1992-06-22,1173.6800,1169.9000,1180.2100,1165.7400,2792400,64265464.0000,0.214281,-0.174063
1992-06-23,1162.8300,1158.1700,1172.4600,1154.6200,1949000,44559364.0000,0.149561,-1.002648
1992-06-24,1150.8900,1151.0600,1158.1700,1144.4600,1697500,36497768.0000,0.130261,-0.613898
1992-06-25,1153.4800,1160.2300,1160.2300,1148.0200,1984600,50128000.0000,0.148409,0.796650
1992-06-26,1164.2900,1164.6700,1207.8200,1160.2300,2906100,64137808.0000,0.217319,0.382688
1992-06-29,1168.8900,1169.5100,1173.4900,1156.6800,5361000,102578800.0000,0.400897,0.415565
1992-06-30,1186.6200,1191.1900,1193.1600,1169.5100,5897600,147621712.0000,0.441024,1.853762
1992-07-01,1199.5400,1194.1800,1215.1300,1182.0500,5833000,112406304.0000,0.225452,0.251019
1992-07-02,1187.3000,1187.4800,1198.6600,1179.8600,4651200,92341056.0000,0.179774,-0.561060
1992-07-03,1189.0900,1189.1600,1193.3900,1183.9600,7524500,154763616.0000,0.290830,0.141481
1992-07-06,1197.7600,1201.0100,1215.2400,1190.2700,6378200,178472992.0000,0.246524,0.996500
1992-07-07,1201.0100,1206.4600,1206.9100,1195.8100,6882600,188306240.0000,0.266020,0.453781
1992-07-08,1192.3700,1185.5000,1211.2700,1182.7200,6804300,138880320.0000,0.262993,-1.737311
1992-07-09,1172.4400,1178.5300,1187.1800,1168.7800,5321600,130815440.0000,0.205685,-0.587935
1992-07-10,1175.1400,1188.6200,1192.9800,1166.4500,5814900,134101376.0000,0.224752,0.856148
1992-07-13,1156.8300,1136.3300,1198.9000,1131.2100,5159500,123468472.0000,0.199420,-4.399222
1992-07-14,1124.6500,1114.0500,1139.9600,1110.1900,4446200,95340928.0000,0.171850,-1.960690
1992-07-15,1107.1800,1107.6900,1135.5700,1100.1600,4481200,121584360.0000,0.173203,-0.570900
1992-07-16,1114.1300,1124.6400,1214.8300,1108.2300,5046400,151032608.0000,0.195049,1.530218
1992-07-17,1121.4900,1125.5600,1134.3200,1116.1400,6267100,115821088.0000,0.242230,0.081808
1992-07-20,1100.6000,1098.8200,1126.9600,1094.8100,3169900,67313536.0000,0.122520,-2.375716
1992-07-21,1087.6100,1082.3900,1096.4900,1079.7500,3591200,66221852.0000,0.138804,-1.495234
1992-07-22,1059.2200,1035.6600,1081.8100,1034.9100,4734700,105623184.0000,0.153363,-4.317296
1992-07-23,1020.0700,1014.5700,1033.7500,961.6100,7701400,137013296.0000,0.229930,-2.036385
1992-07-24,1165.8900,1142.0200,1178.9000,1014.0800,5715500,100041776.0000,0.131407,12.561970
1992-07-27,1169.4200,1149.3300,1178.8100,1108.0500,5956000,122257736.0000,0.136937,0.640088
1992-07-28,1126.8800,1105.9500,1148.6300,1102.0200,7838700,105616880.0000,0.141252,-3.774374
1992-07-29,1078.3100,1087.1200,1108.0600,1047.0300,6898700,85225680.0000,0.124313,-1.702605
1992-07-30,1067.4500,1057.4000,1087.3600,1043.7900,9910800,88690328.0000,0.178591,-2.733826
1992-07-31,1045.6700,1052.0700,1052.0700,1032.5400,8714900,77149544.0000,0.157041,-0.504074
1992-08-03,1034.7000,1031.5500,1060.3600,1026.8300,6010300,73754400.0000,0.108304,-1.950431
1992-08-04,1018.3000,1035.6300,1036.3300,1016.1600,5247200,63035096.0000,0.094553,0.395517
1992-08-05,1015.7600,1012.5500,1038.3000,1011.6600,6114600,76139992.0000,0.107852,-2.228597
1992-08-06,988.3800,1002.1700,1010.7600,983.2200,7255500,108106840.0000,0.127975,-1.025135
1992-08-07,1003.2200,1005.2300,1006.1100,995.7100,7825600,101706992.0000,0.137064,0.305337
1992-08-10,992.7300,964.0900,1006.6400,956.5500,8178100,111257792.0000,0.143238,-4.092591
1992-08-11,926.8100,863.4100,961.6100,797.6000,10699900,153828832.0000,0.187407,-10.443010
1992-08-12,675.0000,781.2100,843.3000,627.3600,14483100,188801200.0000,0.253669,-9.520385
1992-08-13,797.1700,850.9400,890.0600,745.6200,11559400,171260112.0000,0.202461,8.925894
1992-08-14,857.1000,858.3800,900.5100,818.1200,10440700,159447568.0000,0.181595,0.874328
1992-08-17,898.6600,939.4600,940.7600,858.3800,11335700,190291936.0000,0.197161,9.445703
1992-08-18,954.8900,933.4400,999.6900,921.9800,14849400,259401680.0000,0.258275,-0.640796
1992-08-19,920.6600,939.5100,951.1600,888.2300,7595200,131836240.0000,0.132103,0.650284
1992-08-20,930.7000,932.3200,946.7300,918.6500,16056500,177488016.0000,0.196063,-0.765293
1992-08-21,916.9900,916.2500,938.3700,912.8900,17056700,189594672.0000,0.208276,-1.723658
1992-08-24,888.9500,884.1000,920.8500,881.3300,9934700,155058336.0000,0.121311,-3.508870
1992-08-25,868.1000,849.5700,887.4900,848.0500,8466200,135092144.0000,0.103379,-3.905663
1992-08-26,841.4200,877.2500,877.2500,827.3600,12615300,153392992.0000,0.154043,3.258118
1992-08-27,874.7500,863.7700,880.0200,861.6400,5425800,89723328.0000,0.066254,-1.536618
1992-08-28,851.6000,848.2000,866.9800,825.0100,7488400,95684136.0000,0.075416,-1.802564
1992-08-31,833.5000,823.2700,848.4000,823.0200,5429600,77675192.0000,0.054682,-2.939164
1992-09-01,826.9600,824.9600,832.8400,807.3700,7869400,87529176.0000,0.079253,0.205279
1992-09-02,803.8300,787.6700,826.6800,783.9600,9392400,140242144.0000,0.093108,-4.520224
1992-09-03,749.2200,764.1100,781.3300,742.7400,16373000,206650592.0000,0.162307,-2.991100
1992-09-04,759.5400,753.5800,776.1800,749.4600,9877200,130811504.0000,0.097913,-1.378070
1992-09-07,745.6900,702.8300,788.1500,700.7900,8710500,135455440.0000,0.086348,-6.734520
1992-09-08,653.3600,640.1200,702.8300,595.4200,10063400,130824888.0000,0.099759,-8.922502
1992-09-09,613.4400,635.7400,643.7700,608.0600,11190800,131749928.0000,0.110935,-0.684248
1992-09-10,643.2100,692.7800,695.1800,622.0100,11310900,142572832.0000,0.111595,8.972227
1992-09-11,773.2200,776.2900,789.1800,719.3900,11729400,165860416.0000,0.115724,12.054320
1992-09-14,762.8200,734.9800,793.3600,714.9300,13727000,195830032.0000,0.135432,-5.321465
1992-09-15,727.1100,738.1600,751.2200,694.3200,11937300,157671776.0000,0.117775,0.432664
1992-09-16,762.2900,769.0400,776.6800,738.1600,14392600,203054672.0000,0.141999,4.183376
1992-09-17,770.6500,761.7200,779.5600,751.0800,9418100,144745024.0000,0.092920,-0.951837
1992-09-18,715.8900,754.4000,761.7200,715.8900,6170700,81858480.0000,0.060881,-0.960976
1992-09-21,740.9700,733.4400,760.1300,730.3000,8172800,116545248.0000,0.080634,-2.778370
1992-09-22,730.7100,722.7000,736.9000,716.2300,6955200,91083472.0000,0.068621,-1.464331
1992-09-23,719.4100,712.3700,725.5900,708.5000,6559000,82873136.0000,0.064712,-1.429364
1992-09-24,720.5100,730.5700,735.4900,709.6300,7778700,92839184.0000,0.076746,2.554854
1992-09-25,730.2800,729.7900,735.7500,723.5600,7653600,76255512.0000,0.075511,-0.106770
1992-09-28,724.4500,724.7000,729.7900,721.1900,4255700,40798092.0000,0.041987,-0.697456
1992-09-29,719.9900,710.6300,728.4200,707.8200,6483000,82381424.0000,0.063596,-1.941494
1992-09-30,703.6300,702.3200,710.6300,698.9100,8977800,96512328.0000,0.088069,-1.169385
1992-10-05,676.4700,679.6200,702.3200,668.9000,9411600,109752840.0000,0.092324,-3.232147
1992-10-06,682.9200,674.2400,692.6200,664.2700,7161300,97525768.0000,0.070250,-0.791620
1992-10-07,676.5600,665.2600,676.8400,664.4300,5383000,60947452.0000,0.052805,-1.331867
1992-10-08,648.9600,643.6900,671.6700,640.2200,8453200,96306256.0000,0.082923,-3.242342
1992-10-09,664.4400,660.2900,668.7300,643.6800,9394700,114917312.0000,0.092158,2.578877
1992-10-12,687.4500,690.5700,713.7700,661.9900,11075200,149660960.0000,0.108643,4.585868
1992-10-13,694.1000,673.9900,701.3000,669.5600,11223800,158357824.0000,0.109671,-2.400918
1992-10-14,661.0700,663.7500,673.9400,648.8400,10552500,142121792.0000,0.103111,-1.519309
1992-10-15,654.3300,663.5300,667.0000,650.9200,7575800,106075264.0000,0.074025,-0.033141
1992-10-16,664.0000,664.7500,668.5700,661.2000,6885100,91893600.0000,0.067276,0.183861
1992-10-19,643.8000,632.4000,667.4600,632.4000,8103900,100268784.0000,0.079185,-4.866488
1992-10-20,634.4300,616.2900,663.6500,604.5000,9460900,103067024.0000,0.092445,-2.547446
1992-10-21,597.1500,585.7000,616.2900,577.2300,9192700,107881920.0000,0.089824,-4.963567
1992-10-22,557.0300,539.8000,584.9100,535.7900,13872800,149734176.0000,0.135555,-7.836781
1992-10-23,534.4100,559.7300,577.5200,524.0700,11498100,114178024.0000,0.112351,3.692107
1992-10-26,539.5000,506.9400,561.5000,504.8100,12565700,125484304.0000,0.122783,-9.431330
1992-10-27,465.7500,450.2800,506.2800,448.2800,14138800,128776632.0000,0.138154,-11.176870
1992-10-28,466.7300,463.2100,470.9800,447.9300,11631100,103788752.0000,0.113651,2.871545
1992-10-29,468.7200,484.2500,484.5100,455.2200,12405900,94125296.0000,0.121221,4.542218
1992-10-30,494.6600,507.2500,507.2500,484.4500,14651000,129964632.0000,0.143159,4.749613
1992-11-02,471.1800,477.6100,508.8100,465.5500,12622600,99006888.0000,0.123339,-5.843276
1992-11-03,481.3400,479.8100,487.0700,465.6000,12554300,90717080.0000,0.122671,0.460629
1992-11-04,474.8200,469.9000,481.6000,465.0900,12859000,85452808.0000,0.125649,-2.065402
1992-11-05,460.9600,462.6300,470.8900,457.0300,9546400,72446920.0000,0.093280,-1.547135
1992-11-06,460.5400,457.0500,468.5900,455.7300,7379100,52648376.0000,0.072103,-1.206151
1992-11-09,439.8100,428.6100,459.0400,424.6800,9562200,71923496.0000,0.093435,-6.222515
1992-11-10,404.4900,400.5300,428.3400,391.1700,12466100,89992272.0000,0.121810,-6.551407
1992-11-11,402.7900,410.1600,410.1600,388.3200,10491400,70781592.0000,0.102514,2.404315
1992-11-12,408.4200,415.7900,416.2200,402.3300,12112000,87130768.0000,0.118350,1.372636
1992-11-13,418.4900,414.0900,421.6700,413.3000,11676300,79106312.0000,0.112645,-0.408863
1992-11-16,402.0200,399.3200,415.6400,397.6300,10707400,67165776.0000,0.102506,-3.566855
1992-11-17,390.0900,393.5200,399.0800,386.8500,10076200,67791568.0000,0.096022,-1.452474
1992-11-18,400.0100,407.6100,407.6100,389.5900,9328500,59699464.0000,0.088897,3.580503
1992-11-19,409.6100,398.9500,412.2300,395.1600,11503000,76385024.0000,0.109619,-2.124573
1992-11-20,394.9000,401.4400,401.4400,394.3100,8647700,55774220.0000,0.082409,0.624136
1992-11-23,404.0500,410.3900,410.5700,401.8200,13331400,91610672.0000,0.127043,2.229477
1992-11-24,414.8400,440.0400,448.4400,410.8100,17509500,125234976.0000,0.166859,7.224833
1992-11-25,485.1600,571.6300,571.6300,441.5400,30292800,264883552.0000,0.288679,29.904100
1992-11-26,674.7400,562.0100,752.3200,562.0100,38763300,451184736.0000,0.369400,-1.682906
1992-11-27,593.6800,637.6700,682.4000,490.5400,26691500,303435904.0000,0.254360,13.462390
1992-11-30,682.0800,724.6000,727.1300,637.6700,37065500,466139392.0000,0.353220,13.632440
1992-12-01,718.9900,716.7400,749.8900,713.8500,21540400,262537152.0000,0.082106,-1.084734
1992-12-02,694.8800,722.2000,722.2000,690.6300,18142100,232763872.0000,0.069026,0.761786
1992-12-03,760.6500,808.2000,826.0600,739.0300,30101400,444369472.0000,0.114181,11.908060
1992-12-04,833.2300,807.0200,841.0200,807.0200,30575300,461615552.0000,0.115418,-0.146003
1992-12-07,765.8700,793.2500,803.1200,757.3400,25074200,339071264.0000,0.094652,-1.706280
1992-12-08,796.6300,753.9400,811.5700,743.9000,43366000,596425600.0000,0.163701,-4.955562
1992-12-09,737.9400,676.4500,752.8900,661.6600,27620400,342674176.0000,0.104264,-10.278010
1992-12-10,668.4600,625.2300,693.4100,592.7800,22743900,258176432.0000,0.018894,-7.571887
1992-12-11,664.6100,722.2800,735.6200,628.9100,30749000,372690496.0000,0.025545,15.522300
1992-12-14,741.0600,705.0700,748.1900,668.0700,18814100,231872160.0000,0.015630,-2.382735
1992-12-15,699.8300,682.2400,713.9000,682.2400,14170300,166198352.0000,0.011772,-3.237979
1992-12-16,671.4500,685.8200,690.2500,663.1700,12133100,135191472.0000,0.010080,0.524744
1992-12-17,689.1400,707.8200,707.8200,685.6500,11680200,150199568.0000,0.009703,3.207839
1992-12-18,715.7200,698.1300,721.2600,690.4500,10233600,142493088.0000,0.008502,-1.368992
1992-12-21,709.8700,731.6800,731.6800,697.7000,27703700,411629056.0000,0.023015,4.805694
1992-12-22,731.5800,725.7800,731.9000,724.7400,18332200,233273296.0000,0.015229,-0.806358
1992-12-23,723.8400,732.0500,736.2700,721.4400,11315900,138606928.0000,0.009401,0.863892
1992-12-24,731.5500,758.5900,758.5900,731.3100,16675200,217228560.0000,0.013853,3.625441
1992-12-25,768.6800,764.2800,781.3600,761.8900,26168700,366033312.0000,0.021739,0.750076
1992-12-28,764.4300,757.3100,772.2900,756.8900,15216700,178234848.0000,0.012334,-0.911973
1992-12-29,759.5400,768.9100,769.6100,754.5400,14986400,187125984.0000,0.012147,1.531734
1992-12-30,775.0700,767.5200,777.4300,767.0700,15273500,194586544.0000,0.012380,-0.180769
1992-12-31,765.8600,780.3900,784.0300,765.4100,13551100,180355056.0000,0.010984,1.676829
1993-01-04,784.1300,814.0400,816.6400,777.1600,18385000,263005152.0000,0.014902,4.311942
1993-01-05,813.3400,858.7200,859.1900,817.2100,34009800,495873696.0000,0.027301,5.488673
1993-01-06,881.0000,847.4400,883.4200,843.1600,40287100,543263424.0000,0.032134,-1.313579
1993-01-07,855.8000,868.9700,868.9700,849.5300,26844700,353814528.0000,0.021209,2.540589
1993-01-08,882.5700,889.4700,893.8600,878.3300,37343200,606896192.0000,0.029503,2.359115
1993-01-11,913.4400,977.4200,977.4200,901.4700,63885100,902280896.0000,0.050473,9.887912
1993-01-12,1001.9300,987.2600,1028.4300,982.1500,62439900,860616640.0000,0.049331,1.006735
1993-01-13,996.4100,1024.0500,1024.0500,973.3000,39530700,552202112.0000,0.031231,3.726479
1993-01-14,1053.9100,1086.4300,1088.6000,1036.0300,63840400,936366208.0000,0.050437,6.091500
1993-01-15,1083.6000,1063.7600,1099.8300,1054.4600,46630300,698121216.0000,0.036840,-2.086655
1993-01-18,1067.9800,1055.3200,1078.0300,1052.8000,33836900,496584096.0000,0.026215,-0.793418
1993-01-19,1053.5200,991.8300,1064.0800,991.8300,33261000,587916288.0000,0.025705,-6.016179
1993-01-20,990.0900,1043.3100,1050.1100,984.7400,25837600,388841888.0000,0.019968,5.190410
1993-01-21,1051.6000,1074.2600,1077.8200,1046.1800,30186400,466198976.0000,0.023329,2.966515
1993-01-22,1074.3600,1100.3100,1109.5900,1073.6400,32564300,497124544.0000,0.025167,2.424930
1993-01-27,1126.3700,1162.4400,1162.4400,1113.5700,47263200,764462848.0000,0.036520,5.646580
1993-01-28,1182.3900,1150.3700,1186.2100,1146.9000,46010100,772350144.0000,0.035552,-1.038329
1993-01-29,1156.8400,1198.4800,1198.4800,1140.2400,52009700,753545408.0000,0.038125,4.182132
1993-02-01,1242.3500,1278.5000,1278.5000,1222.1800,68344000,1288016256.0000,0.050099,6.676792
1993-02-02,1292.4000,1310.5800,1325.2400,1291.9900,61441300,1186359168.0000,0.045039,2.509187
1993-02-03,1321.6300,1300.5600,1326.1900,1265.7000,56056600,1007197888.0000,0.041092,-0.764539
1993-02-04,1323.1300,1371.5800,1371.5800,1297.4600,55691600,1114135552.0000,0.040824,5.460716
1993-02-05,1371.3400,1332.9600,1404.6400,1325.8500,65156400,1385290752.0000,0.047762,-2.815731
1993-02-08,1339.5900,1393.1700,1393.3400,1334.1900,62254100,1134661120.0000,0.045635,4.517021
1993-02-09,1427.3300,1474.9200,1483.5200,1426.4800,76479200,1635836032.0000,0.055220,5.867913
1993-02-10,1500.5200,1454.4600,1528.5100,1448.0700,78879600,1776944128.0000,0.056954,-1.387200
1993-02-11,1495.9200,1397.3800,1497.0100,1364.6700,73165800,1362061312.0000,0.052828,-3.924478
1993-02-12,1378.2000,1458.7600,1458.7600,1352.2700,85377900,1160274688.0000,0.061646,4.392506
1993-02-15,1544.1000,1536.8200,1536.8200,1499.1000,71643600,1598791296.0000,0.051729,5.351116
1993-02-16,1555.1500,1513.4800,1558.9500,1504.3600,49370700,1218624512.0000,0.035647,-1.518718
1993-02-17,1515.2500,1504.0000,1533.5800,1502.8800,37401700,956165248.0000,0.027005,-0.626370
1993-02-18,1503.7200,1508.2200,1538.6100,1497.7900,44231600,997229056.0000,0.031937,0.280583
1993-02-19,1471.5600,1499.7400,1514.4600,1441.0700,50456900,1482042880.0000,0.035609,-0.562251
1993-02-22,1487.8400,1456.2900,1527.1300,1453.3100,47799900,941933184.0000,0.033734,-2.897166
1993-02-23,1420.6300,1367.3600,1466.0700,1346.1500,47146300,992925952.0000,0.033272,-6.106617
1993-02-24,1310.0400,1264.9600,1346.4800,1196.4700,72096000,1506185216.0000,0.050880,-7.488885
1993-02-25,1271.2000,1410.3600,1421.3500,1261.7600,59558300,1400826368.0000,0.042032,11.494440
1993-02-26,1436.9900,1339.8800,1444.0500,1320.8900,65026200,1613234432.0000,0.045891,-4.997304
1993-03-01,1328.2200,1199.7300,1339.1000,1199.7300,42590100,891107136.0000,0.030057,-10.459890
1993-03-02,1207.5700,1245.1100,1285.1700,1186.3400,39995600,858824192.0000,0.028226,3.782518
1993-03-03,1263.7400,1231.7700,1267.5400,1220.0300,19353900,378409792.0000,0.013659,-1.071389
1993-03-04,1231.9200,1159.1300,1244.6500,1131.2900,27796700,529912416.0000,0.019496,-5.897206
1993-03-05,1116.4100,1109.5400,1180.5800,1026.1800,48499200,919757120.0000,0.034016,-4.278206
1993-03-08,1133.5200,1209.6500,1325.4900,1133.4600,75931400,1862036608.0000,0.053256,9.022656
1993-03-09,1160.1300,1137.7900,1209.6600,1129.8100,39165800,861924160.0000,0.027470,-5.940560
1993-03-10,1099.5200,1188.9700,1190.3300,1089.3600,30179000,691215616.0000,0.021167,4.498188
1993-03-11,1219.4700,1261.8000,1261.8000,1196.2500,44817800,1060954112.0000,0.031434,6.125476
1993-03-12,1280.3700,1236.3700,1286.0700,1231.3900,40211000,970839360.0000,0.028203,-2.015379
1993-03-15,1226.6600,1171.7300,1241.0400,1171.7300,25675500,488143488.0000,0.017837,-5.228209
1993-03-16,1167.9100,1222.5500,1222.5500,1155.1000,24317400,435521856.0000,0.016523,4.337183
1993-03-17,1238.8000,1202.8500,1239.3300,1193.5900,16570700,297425632.0000,0.011259,-1.611392
1993-03-18,1203.2000,1184.4800,1206.5900,1171.4300,17671500,295856064.0000,0.012007,-1.527206
1993-03-19,1188.3700,1174.9900,1207.5600,1171.7300,26366300,418083136.0000,0.017915,-0.801195
1993-03-22,1148.2900,1036.9200,1179.0500,1036.9200,37713800,620035584.0000,0.025418,-11.750730
1993-03-23,1035.6000,971.2500,1035.6300,958.4200,35024800,520749984.0000,0.023605,-6.333183
1993-03-24,965.5800,956.9700,996.5800,956.9700,22016900,296481056.0000,0.014838,-1.470273
1993-03-25,963.5300,945.4200,965.9600,913.7400,21946500,299417344.0000,0.014791,-1.206933
1993-03-26,969.2400,1039.7600,1039.7600,945.9300,51256800,728573248.0000,0.033833,9.978637
1993-03-29,1008.4000,970.4500,1047.8800,961.4900,24421700,340546976.0000,0.015576,-6.665961
1993-03-30,973.0800,958.0500,992.1100,958.0500,27161600,305391072.0000,0.017324,-1.277760
1993-03-31,953.2900,925.9100,957.9400,918.4000,23505600,286447776.0000,0.014992,-3.354733
1993-04-01,921.5900,947.2300,949.7700,915.5900,13829400,198180624.0000,0.008820,2.302600
1993-04-02,953.5100,944.0100,968.0500,940.5500,18497800,266862128.0000,0.011798,-0.339936
1993-04-05,945.5800,947.8700,947.9000,924.4900,18006000,169059760.0000,0.011473,0.408892
1993-04-06,949.8100,1059.6200,1064.8700,949.0500,53894300,707362624.0000,0.034341,11.789590
1993-04-07,1108.6400,1099.6200,1158.7400,1076.4500,101968400,1727397248.0000,0.062290,3.774938
1993-04-08,1099.6200,1238.8700,1237.0700,1099.6200,104426800,1807168000.0000,0.063792,12.663470
1993-04-09,1322.0700,1243.0200,1340.9100,1236.4600,106908400,1965253248.0000,0.065189,0.334985
1993-04-12,1254.6200,1203.5400,1276.4100,1195.5700,63895800,1210578560.0000,0.038961,-3.176134
1993-04-13,1204.7500,1297.3600,1297.8400,1201.0700,66812100,1330795904.0000,0.040739,7.795332
1993-04-14,1304.3300,1272.3900,1341.1900,1247.8300,88080800,1890574080.0000,0.053708,-1.924675
1993-04-15,1265.3000,1278.8400,1298.3400,1255.9400,59730500,1191252352.0000,0.036421,0.506916
1993-04-16,1282.7900,1214.7500,1287.0800,1211.8300,65147000,1327288576.0000,0.039153,-5.011570
1993-04-19,1203.8500,1223.2200,1241.8600,1185.7600,47857700,879194816.0000,0.028730,0.697260
1993-04-20,1257.1000,1235.5200,1257.1000,1233.7200,45007400,941172032.0000,0.027019,1.005547
1993-04-21,1234.7100,1222.5600,1243.4700,1220.0900,28027500,496725120.0000,0.016826,-1.048948
1993-04-22,1227.1000,1267.3500,1267.3500,1220.2700,34489200,701230976.0000,0.020705,3.663617
1993-04-23,1288.5100,1260.2500,1295.7600,1255.8700,55684900,1176186624.0000,0.033429,-0.560222
1993-04-26,1298.9200,1345.6100,1345.7300,1282.5400,77438400,1926985088.0000,0.045588,6.773258
1993-04-27,1379.4300,1363.4400,1391.4200,1360.8300,91152800,2046093824.0000,0.053661,1.325046
1993-04-28,1371.1000,1372.5000,1382.8300,1357.9100,68809400,1321925632.0000,0.040508,0.664500
1993-04-29,1377.0400,1349.6800,1392.6200,1348.3800,50255400,1018376960.0000,0.029585,-1.662656
1993-04-30,1341.5400,1358.7800,1363.1100,1336.5900,39949000,797397248.0000,0.023518,0.674232
1993-05-03,1365.1500,1352.2400,1380.5000,1349.9800,59518900,1049649664.0000,0.035038,-0.481317
1993-05-04,1352.0800,1241.1600,1365.9200,1234.5500,71292400,1645648000.0000,0.041500,-8.214515
1993-05-05,1232.6500,1246.8200,1273.1300,1204.0600,46009600,936945024.0000,0.026783,0.456018
1993-05-06,1250.3900,1162.9200,1250.3900,1151.4900,46567800,938699584.0000,0.027108,-6.729111
1993-05-07,1194.2600,1199.8100,1210.7800,1159.1600,43220800,857568704.0000,0.025159,3.172188
1993-05-10,1216.7200,1128.2900,1221.9800,1110.9400,39738100,765991744.0000,0.023132,-5.960945
1993-05-11,1124.8500,1136.7400,1138.4900,1107.6600,24142100,430077216.0000,0.014053,0.748917
1993-05-12,1138.5200,1140.1900,1160.5100,1133.9300,24862900,488317408.0000,0.014473,0.303495
1993-05-13,1140.2100,1177.2800,1177.2800,1140.2100,19331600,357621664.0000,0.011253,3.252975
1993-05-14,1180.4600,1167.4700,1201.4400,1161.1900,25702500,489705088.0000,0.014962,-0.833282
1993-05-17,1162.0700,1140.0400,1162.0700,1097.6100,19483200,333078592.0000,0.011314,-2.349519
1993-05-18,1140.0400,1130.2600,1148.3400,1128.7500,19490200,331719520.0000,0.011193,-0.857867
1993-05-19,1129.1000,1147.2200,1147.2200,1127.4300,11736200,192081456.0000,0.006740,1.500536
1993-05-20,1148.5600,1165.4000,1175.2000,1148.5600,24387900,400856000.0000,0.013877,1.584705
1993-05-21,1177.3000,1143.9700,1178.5400,1133.2000,15356400,246662048.0000,0.008738,-1.838858
1993-05-24,1136.2900,1026.1300,1143.9700,1024.6900,38697200,579288768.0000,0.021491,-10.300970
1993-05-25,1020.3200,997.9500,1020.3200,965.2900,30106400,475956576.0000,0.016720,-2.746240
1993-05-26,1003.8900,995.4500,1008.5500,992.9400,20256500,314099552.0000,0.011250,-0.250514
1993-05-27,1001.1900,963.6100,1001.6300,942.2100,25302200,317362912.0000,0.014052,-3.198556
1993-05-28,962.2100,972.7700,980.9600,959.2500,21841900,315795616.0000,0.012049,0.950596
1993-05-31,975.0500,935.4800,980.0300,930.6400,34190800,306805760.0000,0.017435,-3.833387
1993-06-01,935.9000,928.5800,935.9000,859.4800,27585800,314435712.0000,0.014067,-0.737585
1993-06-02,958.6100,1081.2000,1081.2000,904.3200,99884600,1628528384.0000,0.050933,16.435840
1993-06-03,1102.0800,1018.2900,1177.9100,961.3200,110374800,2173711872.0000,0.056282,-5.818533
1993-06-04,1024.7400,1004.3000,1031.0300,981.8900,50104000,851142208.0000,0.025549,-1.373871
1993-06-07,1006.2600,1064.9800,1068.8400,982.0300,44956300,814523392.0000,0.022526,6.042018
1993-06-08,1094.1100,1074.5800,1101.6900,1054.3100,101236300,1900171904.0000,0.050727,0.901423
1993-06-09,1071.3300,1065.1900,1081.1800,1053.3200,45470500,678490176.0000,0.022784,-0.873831
1993-06-10,1069.3600,1044.4400,1070.0600,1040.3800,32304400,579510656.0000,0.016093,-1.948009
1993-06-11,1043.9400,1047.0000,1052.5600,1024.2000,27958200,480181984.0000,0.013928,0.245113
1993-06-14,1046.0700,1000.4300,1046.0700,990.1600,42187200,806081792.0000,0.020847,-4.447947
1993-06-15,998.7000,1001.6100,1002.9600,981.8400,23373500,373596576.0000,0.011550,0.117948
1993-06-16,1004.4000,1004.2400,1013.8100,997.3300,15029700,253329632.0000,0.007427,0.262578
1993-06-17,998.2100,998.0000,1016.2300,998.0000,13433400,211535312.0000,0.006604,-0.621364
1993-06-18,994.2000,1005.9800,1007.2500,989.2100,14863400,241336416.0000,0.007307,0.799597
1993-06-21,1003.9800,977.6100,1003.9800,967.7400,17526600,270902240.0000,0.008340,-2.820135
1993-06-22,972.1000,981.1300,987.0700,971.6300,16305300,127836816.0000,0.007759,0.360064
1993-06-23,981.4000,986.0200,991.2100,980.5300,13603400,109287824.0000,0.006447,0.498406
1993-06-24,985.6200,980.1700,993.8000,974.1700,13740500,134036888.0000,0.006512,-0.593298
1993-06-25,979.9300,1006.6400,1041.2200,979.9300,22439600,297413152.0000,0.010634,2.700555
1993-06-28,1006.6300,1002.4200,1010.5200,983.9700,32836400,484217728.0000,0.015247,-0.419220
1993-06-29,1008.2300,1028.4400,1037.4900,1002.6100,83242800,1457107840.0000,0.037571,2.595714
1993-06-30,1037.8900,1007.0500,1043.0500,1003.8600,58065100,1099510272.0000,0.026006,-2.079845
1993-07-01,1000.8000,997.5300,1009.8900,980.0500,39904300,636201664.0000,0.017444,-0.945331
1993-07-02,995.7000,986.9800,1002.8700,986.9800,26405000,372539424.0000,0.011543,-1.057617
1993-07-05,976.6700,952.3100,980.9200,946.8700,28641700,436289440.0000,0.012518,-3.512734
1993-07-06,938.4200,897.6400,938.4200,895.6900,32622400,474771424.0000,0.014258,-5.740776
1993-07-07,897.2200,903.7900,909.9300,869.6500,23399600,324469344.0000,0.010037,0.685126
1993-07-08,904.4600,896.1600,909.1100,895.6200,12023600,162379216.0000,0.005157,-0.844223
1993-07-09,896.1600,868.5700,896.2400,865.3100,17493600,229738976.0000,0.007415,-3.078688
1993-07-12,855.5000,845.5200,855.5000,828.5500,43384900,529178240.0000,0.018230,-2.653786
1993-07-13,853.6600,870.0500,870.0500,853.6600,28432600,376501248.0000,0.011947,2.901170
1993-07-14,870.0500,836.3900,870.0500,833.0800,30815700,469981408.0000,0.012949,-3.868740
1993-07-15,833.8900,838.7000,847.3000,830.6100,17923400,224503568.0000,0.007531,0.276187
1993-07-16,841.6200,846.8700,849.6600,839.2800,19016300,269163232.0000,0.007991,0.974125
1993-07-19,846.8700,836.9800,849.0400,836.7100,33605800,236299408.0000,0.014119,-1.167831
1993-07-20,835.7900,808.2100,838.3400,803.2200,19428100,242551616.0000,0.008163,-3.437353
1993-07-21,809.5300,811.7400,820.0700,808.2000,16293700,123306368.0000,0.006846,0.436764
1993-07-22,812.1000,815.5300,815.5300,804.1000,14895900,97550080.0000,0.006249,0.466903
1993-07-23,816.0800,813.5400,818.5500,811.4700,20272400,141189520.0000,0.008492,-0.244019
1993-07-26,810.0700,787.8100,810.0700,787.8000,24545900,207633376.0000,0.009863,-3.162719
1993-07-27,788.1900,791.6200,798.8500,777.7300,14811000,170851616.0000,0.005951,0.483619
1993-07-28,792.8800,798.3300,818.0600,791.2300,43947300,498868352.0000,0.017126,0.847632
1993-07-29,801.1600,806.6700,810.6300,801.1600,25966700,250169328.0000,0.010119,1.044676
1993-07-30,810.0900,881.0700,901.1200,810.0900,122213600,1433113600.0000,0.047625,9.223105
1993-08-02,885.3100,843.2700,913.1500,842.3500,132710000,1448179712.0000,0.050683,-4.290236
1993-08-03,842.2900,832.7200,853.3500,830.6700,30748000,358107616.0000,0.011732,-1.251088
1993-08-04,833.4000,850.5400,855.8600,823.0000,34327800,270618176.0000,0.013098,2.139976
1993-08-05,853.7100,849.3000,863.9400,842.7200,53832900,555636224.0000,0.020540,-0.145789
1993-08-06,841.3900,855.5200,860.7300,841.3900,52406900,617720832.0000,0.019372,0.732372
1993-08-09,866.6500,885.2700,887.4500,861.3400,108823500,1363211648.0000,0.039684,3.477417
1993-08-10,897.4600,862.0800,911.7700,861.1900,143881100,1667451520.0000,0.052469,-2.619540
1993-08-11,862.4000,883.0200,883.0200,861.7800,43553100,452147744.0000,0.015882,2.429009
1993-08-12,896.7400,917.0400,917.9600,893.5100,101568800,1075040512.0000,0.037039,3.852683
1993-08-13,929.4200,947.2600,947.2600,922.5200,133246700,1516946176.0000,0.048345,3.295389
1993-08-16,969.9000,1023.8700,1023.8700,967.3500,143288100,1921106560.0000,0.051976,8.087535
1993-08-17,1042.4200,974.1100,1042.4700,973.4800,154271900,2096220672.0000,0.055960,-4.859993
1993-08-18,974.1100,947.9300,988.1400,947.9300,64282800,850556032.0000,0.023318,-2.687581
1993-08-19,944.5800,968.5100,980.4300,944.4700,44829700,625744000.0000,0.016261,2.171048
1993-08-20,973.0000,946.5400,977.3900,937.9900,45125600,571391168.0000,0.016273,-2.268436
1993-08-23,933.7200,893.2300,937.3000,888.6800,49770400,634803712.0000,0.017862,-5.632092
1993-08-24,878.0900,894.4400,902.3000,873.1300,34221300,378520864.0000,0.012281,0.135466
1993-08-25,904.7400,911.4000,921.2100,904.7400,28567300,341720096.0000,0.010252,1.896161
1993-08-26,913.2700,903.9100,914.1500,896.0000,17018100,190396624.0000,0.006107,-0.821818
1993-08-27,903.4700,894.5900,903.7700,886.3000,41133200,520241152.0000,0.014300,-1.031070
1993-08-30,901.0900,899.2700,911.1800,884.5100,23177000,252390512.0000,0.008054,0.523144
1993-08-31,895.7600,895.6800,909.7200,893.9900,16909200,176446048.0000,0.005842,-0.399216
1993-09-01,898.0100,893.9700,900.1800,886.5700,24555300,191908080.0000,0.008484,-0.190919
1993-09-02,894.2700,901.3900,901.3900,893.0000,17155500,147371232.0000,0.005927,0.830010
1993-09-03,907.8900,922.6900,926.1100,905.7100,32316800,398265408.0000,0.011130,2.363016
1993-09-06,940.4600,947.5300,947.5300,933.7400,49780900,649253888.0000,0.017013,2.692131
1993-09-07,947.1200,909.0400,947.1200,908.2900,34594400,451367168.0000,0.011823,-4.062146
1993-09-08,907.9800,909.1300,918.2600,896.5600,26397800,313453600.0000,0.009021,0.009904
1993-09-09,911.9500,901.6600,914.7900,900.8200,23705200,324868160.0000,0.008101,-0.821668
1993-09-10,887.8300,903.5600,908.9100,887.6500,17150400,185086016.0000,0.005845,0.210725
1993-09-13,895.6200,879.2400,895.6200,873.5500,29506100,340126528.0000,0.010036,-2.691576
1993-09-14,875.1400,876.6200,879.9300,865.6100,13893600,159394192.0000,0.004726,-0.297984
1993-09-15,876.3800,880.7800,903.2400,876.2500,10019100,112045392.0000,0.003408,0.474554
1993-09-16,885.0200,875.0800,885.7900,874.3500,11453800,116415504.0000,0.003896,-0.647155
1993-09-17,874.5100,881.4100,883.1700,868.7400,14235900,169477760.0000,0.004733,0.723357
1993-09-20,875.9700,875.0000,878.2300,865.7400,17712200,173295872.0000,0.005887,-0.727241
1993-09-21,875.1300,890.2300,896.6800,875.1300,26600000,293478272.0000,0.008841,1.740569
1993-09-22,891.0500,881.2400,892.3200,881.0400,17943200,165165040.0000,0.005964,-1.009850
1993-09-23,882.6800,884.0200,888.8200,881.6800,17234900,163735312.0000,0.005728,0.315468
1993-09-24,873.1600,875.8100,915.0600,864.3800,46708500,563624448.0000,0.015261,-0.928714
1993-09-27,876.6100,880.9800,884.3000,876.3900,31215800,318674112.0000,0.010177,0.590309
1993-09-28,886.1100,898.1500,898.1500,883.9200,55959100,546514624.0000,0.017908,1.948971
1993-09-29,904.7600,886.1200,909.8400,885.4600,48869400,462858176.0000,0.015639,-1.339423
1993-09-30,887.1300,890.2700,896.5800,883.5500,52482900,605073920.0000,0.016768,0.468337
1993-10-04,895.6900,892.5500,901.3700,891.3300,56342800,607846528.0000,0.017980,0.256099
1993-10-05,894.3700,885.8600,896.0000,885.0400,35740200,363078016.0000,0.011405,-0.749538
1993-10-06,886.3300,885.0400,891.1300,879.4200,43647800,593003136.0000,0.013928,-0.092566
1993-10-07,887.0000,887.6200,934.4000,880.9900,161861500,3399255040.0000,0.051652,0.291514
1993-10-08,897.7200,874.7600,898.9000,874.2800,119502800,2224781056.0000,0.037465,-1.448817
1993-10-11,872.9500,868.3800,879.6800,866.9300,63513000,1026969792.0000,0.019823,-0.729343
1993-10-12,868.4800,871.4200,875.6200,866.8500,55400900,766727488.0000,0.017291,0.350075
1993-10-13,874.3600,859.7000,879.2900,854.7900,60754500,799373632.0000,0.018962,-1.344928
1993-10-14,858.3300,855.0400,859.4800,848.5300,41746600,575074624.0000,0.013029,-0.542053
1993-10-15,855.6700,856.9200,862.5400,854.9700,26842600,366012576.0000,0.008378,0.219873
1993-10-18,852.8200,835.2500,852.8200,835.2500,55446500,538242368.0000,0.016390,-2.528822
1993-10-19,839.2000,839.6000,846.3900,836.7700,57658300,570494592.0000,0.017044,0.520799
1993-10-20,843.5800,843.8500,846.7800,837.9700,69159100,768565440.0000,0.020444,0.506193
1993-10-21,846.2500,832.2500,846.4300,831.8700,74261100,1074852736.0000,0.021952,-1.374649
1993-10-22,827.7500,818.8100,844.5000,818.8100,105635000,2003889280.0000,0.031226,-1.614900
1993-10-25,792.7800,784.9700,797.4800,774.5400,81370700,1186694912.0000,0.023884,-4.132830
1993-10-26,789.2500,783.2300,792.4300,781.1300,99552000,1845364224.0000,0.029220,-0.221663
1993-10-27,787.7900,778.3800,789.4100,776.4100,90103100,1728830336.0000,0.026447,-0.619228
1993-10-28,779.6400,824.6600,829.1000,778.2700,116073400,1599118336.0000,0.032905,5.945678
1993-10-29,834.5100,814.8200,834.7900,809.8000,99924000,1379399424.0000,0.028182,-1.193215
1993-11-01,801.8600,816.7100,823.2500,801.8600,64697100,1008124928.0000,0.018240,0.231955
1993-11-02,821.8500,812.6700,824.4900,810.8100,54900300,836745984.0000,0.015478,-0.494672
1993-11-03,812.6300,805.7100,814.7400,804.7300,57187400,728918272.0000,0.016123,-0.856431
1993-11-04,804.6600,804.2600,806.6600,793.3200,50440200,697552896.0000,0.014221,-0.179967
1993-11-05,804.2600,814.3900,816.4000,803.0300,51853100,614876480.0000,0.014583,1.259544
1993-11-08,833.2600,836.9900,836.9900,819.0900,81818400,1062075584.0000,0.021301,2.775080
1993-11-09,840.8900,846.1500,846.1500,834.7500,67988000,823214848.0000,0.017700,1.094402
1993-11-10,848.4500,833.1700,856.7700,828.6600,116909000,2198480128.0000,0.030437,-1.534012
1993-11-11,836.5500,848.2700,851.4400,836.5500,111497200,2055609600.0000,0.029028,1.812360
1993-11-12,858.2000,865.9700,868.9100,858.2000,98310800,1456374528.0000,0.025523,2.086594
1993-11-15,875.8000,890.4600,893.4200,875.8000,135435800,1650500096.0000,0.034621,2.828048
1993-11-16,890.9200,880.3300,891.4300,876.6100,127861400,1532187392.0000,0.032685,-1.137615
1993-11-17,881.9300,887.6500,894.9600,881.9300,106297500,1191454976.0000,0.027173,0.831507
1993-11-18,895.6900,903.0700,903.2800,892.4100,87749200,1064898048.0000,0.022431,1.737169
1993-11-19,907.4100,924.6700,924.6700,904.6000,162073100,1951330048.0000,0.039654,2.391839
1993-11-22,924.6700,949.7700,954.3500,898.4900,188434000,2476503808.0000,0.045473,2.714486
1993-11-23,955.8200,957.9500,971.4600,949.8200,213569100,2876177152.0000,0.051539,0.861260
1993-11-24,955.2400,953.2300,963.6200,945.4300,189382200,2704579584.0000,0.045702,-0.492722
1993-11-25,959.9000,986.6900,992.8900,959.9000,235481700,3356403968.0000,0.056827,3.510173
1993-11-26,986.6900,965.3900,1011.7600,963.4600,191899200,2803763200.0000,0.046309,-2.158731
1993-11-29,968.4400,972.9600,974.8500,956.3400,138663600,1897047680.0000,0.033462,0.784140
1993-11-30,984.5400,984.9300,990.4000,979.0800,160317600,2254273792.0000,0.038688,1.230263
1993-12-01,993.6700,974.8000,993.7400,971.4900,121788000,1800028032.0000,0.029390,-1.028500
1993-12-02,974.3500,972.8000,980.9400,964.4300,77822800,1060103680.0000,0.018780,-0.205170
1993-12-03,975.6500,980.6700,982.1000,970.1000,80622800,1156016128.0000,0.019456,0.809004
1993-12-06,986.1200,995.7200,1004.0100,979.7200,206296800,2847891456.0000,0.048042,1.534664
1993-12-07,1006.7000,1022.3400,1022.3400,1006.7000,240283500,3824018688.0000,0.055956,2.673448
1993-12-08,1044.8500,1009.6700,1044.8500,1004.0200,222364300,3360829696.0000,0.051365,-1.239318
1993-12-09,1016.7800,984.9000,1016.7800,969.9500,124642000,2004910080.0000,0.028791,-2.453273
1993-12-10,986.0200,978.5700,994.4800,957.6500,128458300,1855793920.0000,0.029003,-0.642707
1993-12-13,982.3800,950.7700,982.3800,947.8300,98669900,1274016256.0000,0.021970,-2.840879
1993-12-14,942.0100,925.2000,953.6700,914.9500,92058400,1152829568.0000,0.020498,-2.689400
1993-12-15,926.0500,940.6100,940.6100,903.8200,98840700,1239677696.0000,0.021838,1.665583
1993-12-16,941.4300,908.0800,948.3600,908.0800,97996800,1384912896.0000,0.021652,-3.458391
1993-12-17,884.4700,901.7000,913.3300,884.4700,90274400,1138956288.0000,0.019945,-0.702582
1993-12-20,823.7700,783.7900,836.0400,750.4600,131958000,1526089472.0000,0.028915,-13.076410
1993-12-21,786.8200,840.3400,840.3400,778.9300,123916400,1368258688.0000,0.027153,7.214949
1993-12-22,837.5400,821.1900,852.6300,819.6800,206019600,2844880128.0000,0.045144,-2.278842
1993-12-23,820.5400,833.7700,839.4100,820.5400,103124700,1013048768.0000,0.022597,1.531925
1993-12-24,841.6600,834.3900,845.0700,828.8100,91848000,949737088.0000,0.020126,0.074360
1993-12-27,841.4900,839.9000,843.9700,837.8300,100494000,1156364544.0000,0.021927,0.660364
1993-12-28,851.3800,839.5700,854.6500,836.1700,143802500,1933943936.0000,0.030479,-0.039292
1993-12-29,839.5600,821.1600,839.5600,820.0600,93701200,1155119616.0000,0.019860,-2.192793
1993-12-30,819.1400,826.2300,835.2100,816.3600,73974700,802905984.0000,0.015679,0.617420
1993-12-31,829.1600,833.8000,834.8600,825.4600,69706300,687526720.0000,0.014539,0.916211
1994-01-03,837.7000,833.9000,840.6500,831.6600,101005600,1040770816.0000,0.020017,0.011998
1994-01-04,835.9700,832.6900,836.9700,829.8900,65274300,685044160.0000,0.012936,-0.145104
1994-01-05,829.3000,846.9800,847.0500,823.1000,89412000,967102976.0000,0.017580,1.716122
1994-01-06,850.7800,869.3300,869.3300,850.7800,184511600,1949735680.0000,0.032591,2.638792
1994-01-07,875.1800,879.6400,883.9900,873.0100,168688400,1737614208.0000,0.029796,1.185970
1994-01-10,891.9900,900.3000,900.3000,889.7300,187595100,1862659968.0000,0.033120,2.348685
1994-01-11,903.5400,891.7900,907.0900,884.0000,136850000,1566664192.0000,0.024161,-0.945242
1994-01-12,891.8300,888.0400,900.2300,885.8800,127429900,1275418368.0000,0.022498,-0.420503
1994-01-13,889.0200,897.4600,899.1400,888.8000,80792000,1360388992.0000,0.014264,1.060768
1994-01-14,900.1300,849.2300,900.9900,842.6200,242925400,2485634560.0000,0.041840,-5.374060
1994-01-17,861.3400,859.2800,868.8800,856.5000,108350000,1018437184.0000,0.018562,1.183431
1994-01-18,859.3000,835.0600,859.3000,826.0100,95269400,1120853376.0000,0.016114,-2.818642
1994-01-19,835.0800,807.5000,835.0800,794.1700,96166000,877192960.0000,0.016265,-3.300361
1994-01-20,791.0000,802.6100,804.2500,777.8300,89765000,778183296.0000,0.015183,-0.605575
1994-01-21,800.5500,812.8800,815.7500,794.9700,83184300,649490880.0000,0.014070,1.279578
1994-01-24,830.1600,839.2000,839.2000,824.4200,125290700,864688640.0000,0.021084,3.237871
1994-01-25,838.0600,815.8900,842.0400,815.2300,139728600,827019840.0000,0.023514,-2.777645
1994-01-26,828.3400,812.4100,828.4000,810.3200,85449200,658691200.0000,0.014380,-0.426533
1994-01-27,813.5400,818.6000,819.7900,813.5400,38743700,306905600.0000,0.006520,0.761931
1994-01-28,818.3200,799.2600,818.3400,795.0700,96816300,889295744.0000,0.015833,-2.362566
1994-01-31,781.5400,770.2500,781.7400,760.7800,81296000,675073536.0000,0.012865,-3.629608
1994-02-01,770.2500,755.1500,770.2800,750.6100,49170200,405089888.0000,0.007781,-1.960399
1994-02-02,753.1000,772.2000,772.2000,753.1000,58287900,458798592.0000,0.009224,2.257828
1994-02-03,775.2000,780.1700,792.5200,775.2000,106685200,906536960.0000,0.016882,1.032112
1994-02-04,784.0600,797.8600,797.8800,782.3400,141953700,1468387200.0000,0.022169,2.267455
1994-02-14,813.9500,779.9100,818.5700,779.0900,114907800,1188247424.0000,0.017854,-2.249770
1994-02-15,775.8500,772.7600,777.4200,761.6400,64344100,582717568.0000,0.009998,-0.916768
1994-02-16,775.1400,776.1000,779.2500,773.1300,53894500,425472672.0000,0.008374,0.432213
1994-02-17,773.6700,768.5700,774.4800,763.8100,51481800,327914432.0000,0.007999,-0.970232
1994-02-18,768.1300,769.1800,771.8000,771.8000,49271200,360086464.0000,0.007656,0.079366
1994-02-21,769.9400,754.4100,769.9400,752.6200,44985500,374333312.0000,0.006971,-1.920229
1994-02-22,751.6800,768.1700,772.8200,749.7400,64710300,646343232.0000,0.010028,1.823943
1994-02-23,768.5200,759.7100,769.9600,757.2400,40209600,386183520.0000,0.006231,-1.101314
1994-02-24,761.4100,758.8400,761.4100,749.6300,147241700,1571171072.0000,0.022210,-0.114517
1994-02-25,767.5700,787.4200,787.6700,765.4500,234751600,2715415552.0000,0.035410,3.766269
1994-02-28,785.8200,770.9800,795.2000,770.9800,285003300,3629448192.0000,0.042983,-2.087831
1994-03-01,771.5200,757.2900,775.6800,756.6300,122736700,1410783232.0000,0.018510,-1.775662
1994-03-02,755.5300,742.0600,760.4400,740.6300,129117800,1430258688.0000,0.019473,-2.011116
1994-03-03,739.3900,734.4500,745.7100,727.9900,100225800,1109703424.0000,0.015116,-1.025522
1994-03-04,729.1400,726.3000,735.9700,724.3300,113528400,1234562816.0000,0.017122,-1.109677
1994-03-07,718.3500,718.4000,718.7900,714.0500,30782400,331715040.0000,0.004631,-1.087700
1994-03-08,721.6500,711.2700,728.7600,705.6500,171244800,1932770176.0000,0.025762,-0.992484
1994-03-09,715.8700,716.1100,722.0400,710.0000,269506500,3331625216.0000,0.040544,0.680468
1994-03-10,717.7200,698.8900,741.4400,694.0300,294027900,3936808960.0000,0.044233,-2.404655
1994-03-11,700.3200,717.3800,717.9500,694.3200,316906900,4156408064.0000,0.046776,2.645622
1994-03-14,774.7700,788.4200,788.4200,751.2000,482718100,5299553792.0000,0.070254,9.902699
1994-03-15,800.7600,772.7600,800.9400,766.6000,468774500,4254813440.0000,0.067439,-1.986248
1994-03-16,767.6600,793.8700,793.8700,766.6500,369946300,4245800960.0000,0.053154,2.731765
1994-03-17,805.4100,776.0400,807.5200,772.0900,345537200,3467823104.0000,0.049647,-2.245962
1994-03-18,777.0500,765.2200,781.1800,753.0600,256618400,2802938368.0000,0.036871,-1.394259
1994-03-21,755.8600,731.6200,757.5500,731.0500,167903600,1783115776.0000,0.024045,-4.390891
1994-03-22,726.1600,739.3100,739.3200,724.3800,130998800,1344599424.0000,0.018760,1.051092
1994-03-23,739.3800,725.2100,740.3800,723.8900,198650700,1787238528.0000,0.028442,-1.907180
1994-03-24,725.2000,724.3000,735.4900,719.8200,282521600,3657028096.0000,0.040095,-0.125486
1994-03-25,732.6100,719.0500,737.1600,714.5900,231490400,2703841280.0000,0.032852,-0.724838
1994-03-28,702.4200,702.2300,709.1900,696.5200,198621700,1924085888.0000,0.028188,-2.339199
1994-03-29,706.3700,706.9100,711.4800,700.5200,220198000,2217041152.0000,0.031250,0.666447
1994-03-30,710.3500,706.3400,714.1000,703.9900,202356800,1814448256.0000,0.028516,-0.080625
1994-03-31,709.9100,704.4600,713.6000,701.4600,249675200,2067036544.0000,0.035184,-0.266161
1994-04-01,704.9300,698.8400,705.4100,691.8600,165498700,1422501248.0000,0.023322,-0.797773
1994-04-04,698.1900,694.3800,700.2100,692.5100,218142000,2313539328.0000,0.030206,-0.638204
1994-04-05,695.2000,682.7500,698.5900,681.0200,150353900,1445908608.0000,0.020819,-1.674876
1994-04-06,682.2300,679.7400,683.4800,675.5700,109768700,1007611136.0000,0.015200,-0.440866
1994-04-07,678.1100,677.3100,684.5500,674.7200,118822000,1037017088.0000,0.016425,-0.357489
1994-04-08,678.1300,678.8500,680.5700,675.2500,91426600,801904640.0000,0.012638,0.227367
1994-04-11,668.8500,659.0500,670.2700,657.1000,117308600,977913088.0000,0.015997,-2.916696
1994-04-12,655.3400,665.6100,665.8100,652.5600,107818400,791319808.0000,0.014703,0.995372
1994-04-13,673.6000,656.7900,674.5000,654.9400,154842500,1057717376.0000,0.021085,-1.325101
1994-04-14,651.8200,636.0800,654.5700,634.5800,163072000,929730176.0000,0.022165,-3.153209
1994-04-15,630.5700,626.7900,630.8300,592.3100,236934400,1347446400.0000,0.032205,-1.460514
1994-04-18,619.5100,604.1500,619.5300,597.7300,158792000,1238669824.0000,0.021493,-3.612048
1994-04-19,597.7800,572.7300,600.6600,571.4400,171016100,1271598592.0000,0.023115,-5.200702
1994-04-20,560.7900,540.2400,563.2400,536.8700,181444900,1281112320.0000,0.024524,-5.672829
1994-04-21,536.3400,582.4300,588.0000,536.3400,219199000,1677485952.0000,0.029627,7.809493
1994-04-22,586.8300,566.0700,599.0100,563.7900,321305900,2671824384.0000,0.043394,-2.808919
1994-04-25,566.6300,560.8000,572.3900,555.7600,193155600,1500084096.0000,0.025508,-0.930984
1994-04-26,565.4700,579.7200,579.9100,565.4700,142388800,1188892160.0000,0.018804,3.373749
1994-04-27,590.9900,598.5000,598.5800,583.2900,291695600,2595940864.0000,0.038522,3.239500
1994-04-28,605.9800,599.6300,616.0900,593.8100,357968600,2676488704.0000,0.047274,0.188806
1994-04-29,598.3500,592.5600,610.9500,585.7700,260483500,1740094848.0000,0.034085,-1.179062
1994-05-03,593.9400,605.7700,605.7700,588.9500,140076000,942112128.0000,0.018153,2.229314
1994-05-04,615.8100,619.5800,620.9400,610.3800,238000300,1902268160.0000,0.030843,2.279743
1994-05-05,608.3600,590.8700,609.8500,585.2300,190767900,1532605824.0000,0.024700,-4.633788
1994-05-06,589.2300,585.8000,592.7500,575.2500,177620400,1479680128.0000,0.022635,-0.858058
1994-05-09,587.9400,581.7000,588.3800,576.9400,174904300,1076955136.0000,0.021874,-0.699893
1994-05-10,584.7700,595.3800,595.4200,584.5400,171604000,1253771264.0000,0.021438,2.351726
1994-05-11,603.2700,591.1800,606.7300,589.6400,254872000,2022743040.0000,0.031841,-0.705434
1994-05-12,586.1500,582.1600,593.7000,580.3900,184433600,1379203328.0000,0.023041,-1.525765
1994-05-13,582.5100,590.3900,590.4000,575.2800,146680900,1033986368.0000,0.018325,1.413708
1994-05-16,597.1200,592.5700,597.1200,588.4800,265397500,1403832704.0000,0.032903,0.369246
1994-05-17,592.2900,592.0200,594.9800,589.5300,163743500,917132992.0000,0.020300,-0.092814
1994-05-18,590.3200,583.3200,591.6100,581.7300,194516600,783223360.0000,0.024115,-1.469547
1994-05-19,578.8000,590.5400,590.6300,576.8500,123194800,651372160.0000,0.015249,1.237738
1994-05-20,592.3800,594.2200,597.7200,588.3700,205730400,1441660800.0000,0.025109,0.623157
1994-05-23,594.5200,587.6500,597.1500,586.3900,158567000,865000448.0000,0.019151,-1.105642
1994-05-24,586.5000,590.4600,590.5200,586.5000,104712400,605327680.0000,0.012646,0.478175
1994-05-25,591.2300,586.7600,592.8500,585.1500,107663400,682096896.0000,0.012973,-0.626632
1994-05-26,586.0900,577.4600,587.1600,575.9300,109949100,648945920.0000,0.013248,-1.584973
1994-05-27,572.9700,573.3600,574.7800,566.3700,129910700,774700992.0000,0.015653,-0.710012
1994-05-30,565.6300,544.2600,565.8700,543.1900,641294000,661342336.0000,0.076765,-5.075341
1994-05-31,538.4500,556.2600,556.2800,537.7800,310822700,493964160.0000,0.037081,2.204829
1994-06-01,554.0800,545.0500,556.9000,543.8800,225002400,558840192.0000,0.026843,-2.015249
1994-06-02,543.3000,546.5800,548.1200,543.1000,183576300,415087264.0000,0.021893,0.280714
1994-06-03,547.2100,548.7500,555.3900,547.1500,175766500,554162624.0000,0.020962,0.397011
1994-06-06,549.0300,542.9700,549.6600,540.9900,116955000,361800384.0000,0.013725,-1.053308
1994-06-07,541.1600,529.7600,541.2500,527.9300,58625300,430936320.0000,0.006873,-2.432908
1994-06-08,526.4000,533.5600,535.5200,522.8500,80504300,539957376.0000,0.009438,0.717304
1994-06-09,534.2400,523.0000,536.8900,521.0200,93166800,725095104.0000,0.010905,-1.979158
1994-06-10,519.8400,514.5400,521.8400,512.0300,78470300,531074624.0000,0.009185,-1.617595
1994-06-13,505.5400,492.0300,505.6800,491.6100,70764400,410018720.0000,0.008271,-4.374777
1994-06-14,492.4500,490.7500,497.8000,487.2600,75173900,429329504.0000,0.008779,-0.260147
1994-06-15,492.8400,496.1100,498.7100,491.1800,82989600,414025376.0000,0.009691,1.092203
1994-06-16,498.1100,506.3600,506.4000,494.9400,79772400,435822272.0000,0.009316,2.066074
1994-06-17,509.0900,527.8500,528.4500,504.1300,184202200,992650176.0000,0.021482,4.244014
1994-06-20,523.3700,502.4300,531.1100,500.4600,185821200,1115201536.0000,0.021506,-4.815759
1994-06-21,498.5600,498.0700,501.2400,494.8100,63665600,372147040.0000,0.007368,-0.867780
1994-06-22,499.1400,505.1800,509.1900,499.1400,55608700,324051168.0000,0.006436,1.427507
1994-06-23,507.0300,500.3900,507.9200,498.5700,62463800,391212928.0000,0.007229,-0.948172
1994-06-24,499.9100,492.3300,500.5000,490.6800,59950500,364686240.0000,0.006931,-1.610749
1994-06-27,483.4500,472.1000,483.9000,471.0300,66136700,380743392.0000,0.007641,-4.109029
1994-06-28,470.5400,469.9500,472.9500,468.7700,38783300,207516272.0000,0.004475,-0.455411
1994-06-29,472.4800,468.2000,475.3800,466.9700,34303800,192562032.0000,0.003958,-0.372380
1994-06-30,466.3500,469.2900,471.1800,458.7400,47517300,268926720.0000,0.005474,0.232806
1994-07-01,469.2700,458.3700,469.4300,457.5100,52899500,309435968.0000,0.006094,-2.326922
1994-07-04,446.2300,438.5800,446.8600,438.1200,51969900,277932512.0000,0.005665,-4.317475
1994-07-05,437.6400,443.6100,443.8600,436.2200,43898900,237065952.0000,0.004785,1.146883
1994-07-06,444.5900,431.7100,445.0500,430.7700,56253700,275081888.0000,0.006132,-2.682535
1994-07-07,428.3000,425.9800,430.5800,423.0300,44138200,239545344.0000,0.004811,-1.327275
1994-07-08,426.2500,437.7500,438.0600,425.9000,59650200,325375136.0000,0.006502,2.763038
1994-07-11,436.5400,428.1500,436.5400,427.0800,66075300,406679072.0000,0.007197,-2.193034
1994-07-12,427.6200,429.2100,431.1500,427.2300,32247700,159813616.0000,0.003512,0.247576
1994-07-13,430.5500,437.6200,437.6600,430.4000,46165200,251675040.0000,0.005028,1.959415
1994-07-14,437.5300,431.8000,440.5900,430.5700,79063600,498111680.0000,0.008612,-1.329923
1994-07-15,431.0100,413.9300,431.0500,413.0000,69611800,369175488.0000,0.007582,-4.138489
1994-07-18,405.6100,398.9600,406.6400,397.4700,45004000,209533200.0000,0.004884,-3.616554
1994-07-19,398.9000,400.4800,403.4900,393.0600,38863900,179714848.0000,0.004218,0.380995
1994-07-20,401.9800,393.8700,402.5900,393.1400,33460500,167150608.0000,0.003631,-1.650523
1994-07-21,390.9400,380.9000,390.9900,380.7200,51974700,240580880.0000,0.005641,-3.292965
1994-07-22,378.1900,363.7300,378.2300,362.2900,78275100,357768192.0000,0.008495,-4.507740
1994-07-25,357.4000,375.3900,375.3900,354.5000,94069100,425631040.0000,0.010203,3.205676
1994-07-26,376.7600,388.7500,388.8000,372.1100,169389200,797643776.0000,0.018372,3.558961
1994-07-27,387.8100,371.1000,392.1700,369.0400,183464600,855892480.0000,0.019898,-4.540191
1994-07-28,366.5500,339.8100,367.7200,339.0400,128077400,557004736.0000,0.013891,-8.431692
1994-07-29,335.4500,333.9200,338.9600,325.8900,118338800,482767168.0000,0.012835,-1.733317
1994-08-01,394.8700,445.6400,448.9100,377.9700,620399100,3047689984.0000,0.067159,33.457120
1994-08-02,451.1800,432.6100,494.8100,431.5800,918894900,5343167488.0000,0.099472,-2.923891
1994-08-03,438.5200,522.9800,523.0300,434.1100,834483700,4575471616.0000,0.090334,20.889480
1994-08-04,558.6900,562.7700,592.9800,522.9800,1757599400,10538590208.0000,0.190263,7.608329
1994-08-05,579.4700,683.0400,683.0400,582.1100,1773058400,10436576256.0000,0.191937,21.371070
1994-08-08,720.4800,711.8000,754.6700,671.6700,1587678200,11441736704.0000,0.171631,4.210589
1994-08-09,715.5400,621.5800,705.0800,608.6800,962049900,6787234816.0000,0.103096,-12.674910
1994-08-10,619.3400,739.6600,739.6600,597.2600,1428386900,9542152192.0000,0.153070,18.996740
1994-08-11,765.3200,689.3100,768.0800,684.5300,1692973800,12471932928.0000,0.180784,-6.807178
1994-08-12,676.0700,689.6600,731.0200,675.2800,725485600,4955084288.0000,0.077429,0.050772
1994-08-15,671.1000,665.8800,691.2200,654.2200,455125800,3055076352.0000,0.048523,-3.448071
1994-08-16,670.0000,693.0100,713.9000,668.0000,720002800,4355285504.0000,0.076763,4.074308
1994-08-17,703.8800,725.0400,725.0400,693.0200,541875700,4597869568.0000,0.057772,4.621862
1994-08-18,734.8400,748.5600,772.3200,726.0900,1324072400,11000313856.0000,0.140443,3.243962
1994-08-19,750.6700,713.8500,760.2700,707.0200,842797100,6684195328.0000,0.089394,-4.636906
1994-08-22,680.0700,681.8000,697.5500,668.7200,468926000,3362148096.0000,0.049644,-4.489737
1994-08-23,694.7100,714.6100,714.6200,673.6700,409911200,3007486720.0000,0.043396,4.812262
1994-08-24,718.6100,705.7100,727.4100,704.6700,510421800,4762955264.0000,0.053754,-1.245430
1994-08-25,704.4700,722.2300,724.1500,704.4700,402222100,3393026560.0000,0.042359,2.340899
1994-08-26,728.2600,707.4100,728.7600,707.4100,494975600,4132017408.0000,0.052127,-2.051979
1994-08-29,716.8700,710.6800,717.9500,706.5200,375391700,3713521664.0000,0.039486,0.462252
1994-08-30,715.4500,756.2000,763.0700,715.4500,811989500,7812270592.0000,0.085115,6.405136
1994-08-31,771.3300,785.3300,787.2200,761.9300,1073481900,9438548992.0000,0.112525,3.852156
1994-09-01,785.6100,790.1900,813.4200,785.5600,863573600,7930486272.0000,0.090522,0.618846
1994-09-02,796.6900,830.1800,830.2000,796.6900,668555700,6524260352.0000,0.070080,5.060807
1994-09-05,871.1600,940.6100,940.7600,868.1500,1838426400,14907975680.0000,0.192708,13.301930
1994-09-06,973.2800,1004.9200,1008.0100,936.8100,1431395300,15753656320.0000,0.146983,6.837052
1994-09-07,977.3000,931.5700,1016.3800,919.8400,1186730700,12793026560.0000,0.121859,-7.299087
1994-09-08,967.9000,972.8400,998.5500,937.2600,792154400,9731151872.0000,0.081342,4.430158
1994-09-09,982.4300,962.5200,997.6700,950.8100,883381800,9218570240.0000,0.090710,-1.060812
1994-09-12,996.6800,1019.9700,1023.3000,981.8100,808749500,9068938240.0000,0.082751,5.968702
1994-09-13,1036.8400,1033.4700,1052.9400,1025.1000,1020449900,11398095872.0000,0.103906,1.323568
1994-09-14,1040.9500,974.8600,1041.4300,970.6900,806262000,7864359424.0000,0.082097,-5.671184
1994-09-15,985.3300,972.5400,991.1200,930.6200,464150400,5004640256.0000,0.047261,-0.237984
1994-09-16,983.7900,978.9900,992.3900,953.9900,523797400,5216457216.0000,0.053335,0.663213
1994-09-19,944.2500,927.6200,970.0600,925.8300,414198200,3785485056.0000,0.042141,-5.247244
1994-09-20,922.8000,914.3900,933.2800,897.3800,332653800,3181837568.0000,0.033845,-1.426229
1994-09-21,928.7500,969.0300,969.0300,928.7500,353678400,3698107904.0000,0.035984,5.975570
1994-09-22,974.2100,918.4400,974.2500,913.9400,456040000,4723348992.0000,0.046338,-5.220687
1994-09-23,908.7500,867.6500,912.9500,865.9300,416642400,4052413184.0000,0.042335,-5.530027
1994-09-26,856.1700,880.6000,884.2700,844.3200,276586500,2746748928.0000,0.028091,1.492532
1994-09-27,880.6900,870.1500,886.9600,865.2400,236606000,2479185920.0000,0.024013,-1.186685
1994-09-28,881.1400,912.3800,913.2900,881.9300,371989500,3585119232.0000,0.037525,4.853184
1994-09-29,921.8100,839.3700,922.2900,823.0500,362412800,3758015232.0000,0.036559,-8.002150
1994-09-30,811.8300,791.1500,835.5000,789.6400,366876800,3295479296.0000,0.037009,-5.744781
1994-10-05,770.9000,706.4200,775.8500,681.8700,326109700,2810026496.0000,0.032753,-10.709730
1994-10-06,731.6500,660.5000,736.2900,659.8900,283702900,2302783232.0000,0.028494,-6.500380
1994-10-07,638.3200,738.0300,759.8000,546.7900,634306800,5041047040.0000,0.063689,11.738080
1994-10-10,678.0200,698.9300,727.4700,665.7400,521678500,4840296448.0000,0.052356,-5.297893
1994-10-11,712.0300,705.0700,721.6600,700.0200,228405500,1991256832.0000,0.022819,0.878488
1994-10-12,712.3900,711.0100,725.6700,706.5600,213653200,1775088000.0000,0.021345,0.842470
1994-10-13,706.7600,635.3800,706.7600,634.6700,363897600,2532816640.0000,0.036356,-10.636980
1994-10-14,608.0700,663.7500,666.9200,593.0500,327002600,2721504512.0000,0.032670,4.465044
1994-10-17,617.9000,616.3400,633.1600,615.5000,135071000,1028189568.0000,0.013455,-7.142745
1994-10-18,625.4900,624.5200,630.1600,619.1100,89863900,675016896.0000,0.008952,1.327188
1994-10-19,631.3400,652.8900,654.0600,631.2400,193432000,1455494144.0000,0.019269,4.542688
1994-10-20,663.3100,718.9900,718.9900,665.6100,476211500,4089376000.0000,0.047084,10.124210
1994-10-21,730.9700,712.7100,746.9000,706.4100,654928100,6523713024.0000,0.064755,-0.873443
1994-10-24,741.0500,785.8500,785.9500,734.9300,603152300,5604240384.0000,0.059485,10.262230
1994-10-25,794.5700,744.5200,794.8500,744.5200,565951800,5355785728.0000,0.055816,-5.259268
1994-10-26,725.9400,686.3100,730.8000,683.4000,334793000,2874022656.0000,0.033019,-7.818463
1994-10-27,682.0200,703.6200,703.6200,678.1800,190522800,1429674240.0000,0.018790,2.522184
1994-10-28,695.6600,677.4500,702.9200,675.6500,259866400,1766982400.0000,0.025629,-3.719335
1994-10-31,648.2400,654.9800,665.1000,642.8600,155162400,1051577344.0000,0.015303,-3.316855
1994-11-01,667.6600,673.7900,675.6600,657.2700,119961500,902302272.0000,0.011831,2.871843
1994-11-02,667.0500,667.8600,672.1200,663.7700,100864800,650360256.0000,0.009948,-0.880095
1994-11-03,675.3200,717.3600,722.6000,675.0400,341127300,2974120704.0000,0.033643,7.411733
1994-11-04,717.6100,666.7700,717.6500,664.6900,277774100,2289476608.0000,0.027395,-7.052243
1994-11-07,649.1400,674.6700,678.4500,648.6800,121308800,965195200.0000,0.011964,1.184811
1994-11-08,707.2700,709.6900,735.8300,697.8200,427139500,4398732800.0000,0.042126,5.190689
1994-11-09,691.9800,723.9100,724.7200,691.9800,251096700,2575883520.0000,0.024764,2.003688
1994-11-10,738.0000,711.6800,743.2200,710.0100,291438700,3032842240.0000,0.028462,-1.689434
1994-11-11,725.8800,731.1600,731.1600,708.0000,198248000,1762554240.0000,0.019355,2.737183
1994-11-14,731.6300,733.3900,739.5600,725.5300,243435600,2209472512.0000,0.023767,0.305001
1994-11-15,717.3000,705.4300,724.3900,704.8900,181359900,1699881472.0000,0.017707,-3.812436
1994-11-16,704.9400,706.6300,712.3800,694.2600,113513600,1129399168.0000,0.011083,0.170111
1994-11-17,707.1600,697.1700,709.8900,696.8800,91213400,932018496.0000,0.008905,-1.338752
1994-11-18,690.6600,698.8100,698.8200,685.6200,70666200,603358528.0000,0.006899,0.235239
1994-11-21,695.7500,699.1000,703.5900,693.9400,34582500,286605376.0000,0.003376,0.041496
1994-11-22,702.0400,692.3900,705.2500,690.0500,72410300,618243456.0000,0.006933,-0.959800
1994-11-23,690.9800,679.6100,691.6100,676.5000,69029600,556339648.0000,0.006609,-1.845785
1994-11-24,676.1600,678.0200,684.0200,674.6500,58381600,453762400.0000,0.005589,-0.233953
1994-11-25,697.0900,685.3300,701.3100,684.0000,66279700,603284416.0000,0.006346,1.078139
1994-11-28,683.8300,681.4900,683.9400,677.9600,30718100,230318576.0000,0.002941,-0.560318
1994-11-29,671.7000,687.5600,687.5600,670.6100,39397900,315890080.0000,0.003764,0.890697
1994-11-30,687.0400,683.5900,689.9600,682.8000,38725200,350989952.0000,0.003700,-0.577400
1994-12-01,684.0200,682.3000,684.7200,680.0000,26898100,208464160.0000,0.002570,-0.188715
1994-12-02,684.1800,677.9100,685.4700,677.6000,33807200,248127888.0000,0.003227,-0.643414
1994-12-05,674.5400,663.1300,675.4200,662.7200,39217200,275367168.0000,0.003743,-2.180226
1994-12-06,658.9400,653.9800,658.9400,648.7200,41069800,309949888.0000,0.003920,-1.379824
1994-12-07,655.1400,652.8500,658.5700,651.3700,25290000,182389808.0000,0.002414,-0.172789
1994-12-08,653.8300,643.8600,654.6500,643.2700,27627000,189492624.0000,0.002637,-1.377038
1994-12-09,639.7500,640.6700,647.8400,635.7800,40199200,276424736.0000,0.003805,-0.495450
1994-12-12,636.3500,620.4700,636.3500,620.4700,34402700,229147680.0000,0.003257,-3.152951
1994-12-13,632.6900,636.6800,640.1300,621.7800,43938100,333335456.0000,0.004159,2.612539
1994-12-14,633.0600,625.2100,633.0600,624.3600,30680800,218004336.0000,0.002904,-1.801528
1994-12-15,626.4400,666.6800,671.0100,626.4200,102353900,824426048.0000,0.009598,6.632967
1994-12-16,661.3800,680.2300,693.7600,657.8600,209518500,1900108544.0000,0.019647,2.032458
1994-12-19,684.6200,653.3700,685.4700,653.3100,97739100,872191744.0000,0.009165,-3.948663
1994-12-20,660.2600,667.9400,674.8000,654.8800,118634400,1272534912.0000,0.011125,2.229978
1994-12-21,665.7900,672.4700,691.8100,665.5100,256822400,2625556224.0000,0.024083,0.678200
1994-12-22,670.1700,673.4800,676.1300,658.1200,159147000,1725470592.0000,0.014924,0.150194
1994-12-23,675.9400,677.8400,695.2200,675.9100,302371700,3267958272.0000,0.028355,0.647391
1994-12-26,684.8100,675.8800,689.1300,674.9000,161015300,1507992448.0000,0.015099,-0.289157
1994-12-27,679.1800,660.8800,681.3000,659.3400,163803300,1469119232.0000,0.015360,-2.219329
1994-12-28,660.7200,649.5900,662.9500,648.2300,98284800,811877248.0000,0.009217,-1.708325
1994-12-29,651.3300,645.0600,658.2900,642.2600,82812200,781288320.0000,0.007766,-0.697367
1994-12-30,648.0400,647.8700,651.3500,643.0600,67770800,543373376.0000,0.006355,0.435618
1995-01-03,637.7200,639.8800,647.7100,630.5300,23451800,180693264.0000,0.002192,-1.233271
1995-01-04,641.9000,653.8100,655.5100,638.8600,42222000,306923360.0000,0.003947,2.176970
1995-01-05,655.3800,646.8900,657.5200,645.8100,43012300,301532800.0000,0.004021,-1.058409
1995-01-06,642.7500,640.7600,643.8900,636.3300,48748200,353757728.0000,0.004557,-0.947612
1995-01-09,637.5200,626.0000,637.5500,625.0400,50985100,398519520.0000,0.004766,-2.303516
1995-01-10,616.1600,610.3000,617.6000,607.0600,60692500,450540672.0000,0.005673,-2.507989
1995-01-11,610.3000,613.1300,615.2100,606.9200,36268200,245044720.0000,0.003390,0.463709
1995-01-12,612.7900,602.1200,615.4700,601.1700,33819500,242435184.0000,0.003161,-1.795706
1995-01-13,597.3200,597.8400,601.0700,593.8100,42152300,292229696.0000,0.003940,-0.710816
1995-01-16,591.0600,588.8100,591.3200,584.8800,37365100,263008976.0000,0.003493,-1.510442
1995-01-17,591.8100,587.9400,595.0200,586.6000,35000100,203456368.0000,0.003272,-0.147755
1995-01-18,588.5300,593.6400,593.6500,586.9900,31566300,177038048.0000,0.002951,0.969489
1995-01-19,589.7000,571.7200,593.1000,571.3600,41755800,238203504.0000,0.003903,-3.692481
1995-01-20,566.8100,571.2400,578.5300,559.6600,43580300,270005856.0000,0.004074,-0.083954
1995-01-23,564.8600,553.4400,565.0400,553.1100,37217700,198999648.0000,0.003479,-3.116026
1995-01-24,552.7800,547.5700,559.3400,547.3800,39115000,248520992.0000,0.003647,-1.060638
1995-01-25,550.2700,555.7700,558.5800,550.2700,37848000,241254096.0000,0.003529,1.497528
1995-01-26,553.9100,553.1100,555.2600,551.1400,32339100,182835344.0000,0.003015,-0.478621
1995-01-27,552.9500,562.5900,564.6100,552.9300,55862700,229763776.0000,0.005208,1.713952
1995-02-06,559.7800,533.7200,559.8400,532.9100,29873100,169662336.0000,0.002780,-5.131633
1995-02-07,532.1100,532.4900,536.6300,524.4300,27175500,130252912.0000,0.002529,-0.230454
1995-02-08,533.0900,533.7500,537.5500,531.2200,26705200,114005656.0000,0.002485,0.236626
1995-02-09,533.7900,553.3600,553.3600,533.1400,58775000,250480336.0000,0.005469,3.674002
1995-02-10,548.7700,541.3800,558.9500,540.6300,63297800,323813952.0000,0.005888,-2.164953
1995-02-13,537.9500,548.8400,550.2500,537.0500,43559200,197023632.0000,0.004052,1.377964
1995-02-14,549.7600,548.1100,552.3500,542.1800,33478100,150595184.0000,0.003114,-0.133015
1995-02-15,547.8300,542.8400,548.6900,542.5000,23211600,113982872.0000,0.002159,-0.961478
1995-02-16,542.2600,538.3700,542.8200,537.2100,32218100,136403088.0000,0.002997,-0.823453
1995-02-17,537.8700,533.7600,537.9100,532.6700,38568700,198382096.0000,0.003579,-0.856286
1995-02-20,534.5700,534.9600,540.8600,534.5100,25310500,126293824.0000,0.002349,0.224822
1995-02-21,536.0700,541.1400,541.1400,535.9700,26340100,117103816.0000,0.002444,1.155225
1995-02-22,541.2100,594.6400,594.8100,541.2100,144003200,965163904.0000,0.013362,9.886536
1995-02-23,589.9000,589.1300,589.1300,589.1300,192289200,1336615296.0000,0.017843,-0.926613
1995-02-24,591.9100,558.4300,594.9200,555.2000,124565200,879248000.0000,0.011549,-5.211076
1995-02-27,584.0200,561.2700,591.4300,559.0400,99764400,740045952.0000,0.009250,0.508574
1995-02-28,558.4200,549.2600,558.4200,544.0600,49528500,339832288.0000,0.004576,-2.139792
1995-03-01,548.9100,556.9600,559.4800,545.7200,40751600,298096928.0000,0.003765,1.401888
1995-03-02,557.5000,560.8500,564.6400,553.5200,46652700,364958048.0000,0.004310,0.698426
1995-03-03,562.3000,577.2200,580.3900,562.3000,106918400,881804352.0000,0.009878,2.918783
1995-03-06,585.2400,616.3000,616.7600,582.5500,203140700,1582629760.0000,0.018767,6.770386
1995-03-07,614.7300,632.9600,635.2400,597.2000,321071000,2513778944.0000,0.029663,2.703235
1995-03-08,632.9600,620.8100,620.8100,620.8100,305092400,2153387520.0000,0.028186,-1.919556
1995-03-09,617.2200,605.5900,624.2500,604.7900,162393900,1329628160.0000,0.015003,-2.451631
1995-03-10,600.4500,586.2900,600.5100,583.7200,125051600,928328320.0000,0.011553,-3.186982
1995-03-13,596.6500,586.2300,597.1800,583.3800,71822000,559204928.0000,0.006635,-0.010233
1995-03-14,588.1800,588.2400,599.9000,586.1900,71949500,589109184.0000,0.006647,0.342871
1995-03-15,588.7800,572.6000,591.4900,568.6000,66866300,495072032.0000,0.006178,-2.658781
1995-03-16,570.5100,579.8800,579.8800,569.1700,48940300,359636768.0000,0.004521,1.271399
1995-03-17,579.6200,593.5200,593.9700,577.9100,79819600,624726656.0000,0.007374,2.352213
1995-03-20,597.8500,585.4500,604.9600,585.1500,108432300,895130944.0000,0.010018,-1.359686
1995-03-21,581.8000,591.9500,593.1600,581.3300,60310200,406662144.0000,0.005572,1.110257
1995-03-22,595.3200,613.7000,613.7600,594.4100,134616400,1026332416.0000,0.012437,3.674297
1995-03-23,617.5400,611.1300,620.3400,609.1600,190779600,1375902848.0000,0.017625,-0.418773
1995-03-24,609.9000,611.7700,613.5900,600.5600,97954400,735834176.0000,0.009050,0.104726
1995-03-27,618.4700,629.3600,631.7000,618.4700,171900000,1494080256.0000,0.015791,2.875258
1995-03-28,625.5700,626.5500,631.8300,624.3900,124665600,1025805312.0000,0.011452,-0.446485
1995-03-29,624.8400,637.1500,637.3500,615.4400,103042400,851693504.0000,0.009465,1.691810
1995-03-30,624.8400,637.1500,637.3500,615.4400,168492800,1648678656.0000,0.015478,0.000000
1995-03-31,629.9300,646.9200,648.0400,627.2300,126596300,1200773760.0000,0.011629,1.533384
1995-04-03,651.0400,656.8800,660.6100,647.4300,211416000,1923283584.0000,0.019421,1.539606
1995-04-04,652.4300,660.1600,660.7900,650.8200,152095200,1327597568.0000,0.013971,0.499325
1995-04-05,658.4400,649.7000,664.9500,649.3000,140374000,1392631808.0000,0.012895,-1.584459
1995-04-06,645.1400,659.0600,659.0900,641.8300,186029200,1216249216.0000,0.017089,1.440663
1995-04-07,663.4500,673.7200,677.6600,662.7400,344107800,2200458752.0000,0.031610,2.224376
1995-04-10,678.7400,667.3900,681.1500,665.1100,264618000,1445067264.0000,0.024308,-0.939553
1995-04-11,661.0100,641.0800,665.0400,640.3500,354151400,1849245440.0000,0.031934,-3.942222
1995-04-12,633.8200,644.7400,649.2100,632.7700,161981200,1013378368.0000,0.014606,0.570907
1995-04-13,647.2100,632.7600,651.0200,632.4100,143620300,1061729600.0000,0.012950,-1.858110
1995-04-14,630.7200,640.0400,640.5600,627.0400,102212400,715864704.0000,0.009217,1.150510
1995-04-17,640.1700,631.2600,642.8200,628.4400,68672800,518489856.0000,0.006192,-1.371784
1995-04-18,629.8700,625.5200,634.1500,625.1300,57637400,429679008.0000,0.005197,-0.909291
1995-04-19,625.2400,631.5100,631.5900,625.1100,70813000,550694144.0000,0.006385,0.957602
1995-04-20,634.0400,645.2000,645.3500,633.9300,109239900,803734336.0000,0.009850,2.167820
1995-04-21,646.9000,635.9900,649.2200,635.7300,134057200,801441664.0000,0.012088,-1.427468
1995-04-24,627.3900,619.7300,630.2600,618.1300,97712300,697946176.0000,0.008805,-2.556645
1995-04-25,617.0100,619.8400,621.5500,615.3500,61098500,429311904.0000,0.005493,0.017757
1995-04-26,621.1200,601.8300,598.6200,547.2100,94140800,615114112.0000,0.008463,-2.905590
1995-04-27,579.6400,573.3100,598.6200,547.2100,190599600,1236587136.0000,0.017134,-4.738883
1995-04-28,577.4300,579.9300,582.0200,572.3200,93814400,582196864.0000,0.008434,1.154697
1995-05-02,576.6900,580.0800,580.2800,574.9000,80734300,332845248.0000,0.007241,0.025869
1995-05-03,580.7900,580.3800,586.2500,580.1300,48247200,317230944.0000,0.004325,0.051715
1995-05-04,579.5100,571.2000,580.2800,571.2000,48050600,287306560.0000,0.004308,-1.581721
1995-05-05,569.5300,574.1700,577.4500,569.5300,41884500,250452784.0000,0.003755,0.519953
1995-05-08,573.1200,571.5100,575.1000,568.7000,30023900,191498624.0000,0.002687,-0.463273
1995-05-09,572.1000,578.5000,579.5700,572.1000,36364800,243264080.0000,0.003251,1.223074
1995-05-10,577.7600,565.1400,580.7500,564.8600,54807700,331914304.0000,0.004887,-2.309418
1995-05-11,568.7500,568.0600,572.3400,566.4200,34902400,192221248.0000,0.003112,0.516683
1995-05-12,569.3500,584.8400,593.5000,567.8900,10644500,775368512.0000,0.000949,2.953918
1995-05-15,583.1900,582.0000,583.4000,578.6000,41069500,304101696.0000,0.003641,-0.485608
1995-05-16,583.1700,578.8500,584.4100,578.1800,33258300,223284576.0000,0.002948,-0.541241
1995-05-17,578.8400,582.8900,582.9600,577.1400,24231100,151195088.0000,0.002148,0.697942
1995-05-18,741.8100,763.5100,770.8200,682.0100,1007610100,8360267776.0000,0.089311,30.986980
1995-05-19,768.8200,855.8100,855.8100,761.3800,1085526600,9800153088.0000,0.096218,12.088900
1995-05-22,919.7500,897.4200,926.4100,870.7900,1207091700,11430288384.0000,0.106658,4.862059
1995-05-23,791.7400,750.3000,833.6900,749.8300,840916000,7530103808.0000,0.074303,-16.393660
1995-05-24,761.1600,741.9300,770.1400,720.9700,415347200,3381597440.0000,0.036700,-1.115553
1995-05-25,747.0600,696.8500,748.2300,696.4400,315144800,2525230080.0000,0.027823,-6.076047
1995-05-26,681.3700,727.6200,781.3400,672.3700,390133800,3135775488.0000,0.034443,4.415587
1995-05-29,719.6400,710.5900,724.0100,698.7700,150588400,1141234688.0000,0.013179,-2.340503
1995-05-30,712.2600,711.0000,725.8000,704.4000,126918200,986274240.0000,0.011108,0.057695
1995-05-31,701.2200,700.5100,706.4800,690.7100,109235600,815670272.0000,0.009551,-1.475385
1995-06-01,703.7200,708.6700,708.6700,702.0800,90697400,638450816.0000,0.007930,1.164862
1995-06-02,710.8200,716.8200,722.3000,710.5000,145328800,1132082048.0000,0.012707,1.150045
1995-06-05,718.1400,691.6400,718.4100,691.0100,118700200,902548672.0000,0.010363,-3.512736
1995-06-06,678.3000,689.1300,690.6500,675.6500,93259600,683004736.0000,0.008142,-0.362907
1995-06-07,688.8600,716.4500,716.5400,686.8800,117363600,803307840.0000,0.010225,3.964420
1995-06-08,711.1800,695.9300,722.1700,693.3400,214323000,1484944128.0000,0.018673,-2.864125
1995-06-09,695.7000,702.6200,709.0200,695.6200,133747500,764647872.0000,0.011653,0.961304
1995-06-12,696.6500,698.7200,702.1700,690.4000,194417200,811293824.0000,0.016933,-0.555069
1995-06-13,697.8900,698.9500,702.9700,696.8300,118839600,532803008.0000,0.010351,0.032923
1995-06-14,699.3200,689.2200,701.8500,684.8500,110360700,630675520.0000,0.009612,-1.392094
1995-06-15,685.4500,646.8500,685.4600,640.3700,231709100,1566258944.0000,0.020181,-6.147529
1995-06-16,638.3000,646.5400,655.3400,636.1300,98291200,623259968.0000,0.008561,-0.047924
1995-06-19,637.5800,638.9600,641.6900,634.8100,71411400,458528992.0000,0.006203,-1.172388
1995-06-20,641.4100,640.6600,647.3700,639.4900,77950000,425159552.0000,0.006771,0.266050
1995-06-21,640.8800,651.8100,651.8100,639.8800,85903500,453693344.0000,0.007462,1.740397
1995-06-22,650.8500,644.4700,653.9200,642.6000,106360700,526356544.0000,0.009239,-1.126099
1995-06-23,643.6800,650.1400,650.8200,643.6800,85588600,483110560.0000,0.007435,0.879800
1995-06-26,650.9200,653.4000,654.7800,647.8100,82060600,421485568.0000,0.007128,0.501432
1995-06-27,655.9600,649.9300,659.7800,648.8400,138607800,694614720.0000,0.012040,-0.531073
1995-06-28,649.2800,647.6400,649.4800,643.5200,79209400,410557216.0000,0.006877,-0.352342
1995-06-29,647.8200,643.9200,650.2800,641.5700,79952400,441036800.0000,0.006941,-0.574398
1995-06-30,641.6000,630.5800,641.6000,625.7000,191774000,941260096.0000,0.016451,-2.071681
1995-07-03,623.1400,613.1800,623.1900,612.9200,126025600,662638272.0000,0.010727,-2.759368
1995-07-04,612.2400,620.6200,620.6200,610.3300,90839900,498045280.0000,0.007732,1.213347
1995-07-05,624.0200,636.0300,637.4000,623.9800,115741400,694169344.0000,0.009851,2.483006
1995-07-06,638.0300,637.7700,650.7100,631.2400,204092100,1260677248.0000,0.017372,0.273570
1995-07-07,637.4800,666.7800,666.8500,636.8400,306610800,1775215360.0000,0.026063,4.548663
1995-07-10,669.0600,666.2400,669.0600,660.0500,340945800,1866168576.0000,0.028948,-0.080992
1995-07-11,669.7700,649.1900,669.7700,648.6200,224597600,1212893696.0000,0.019070,-2.559136
1995-07-12,645.8500,648.9100,652.8400,645.8300,113428800,626467840.0000,0.009631,-0.043135
1995-07-13,649.5300,656.1500,656.1500,649.4300,158822800,709516672.0000,0.013483,1.115725
1995-07-14,658.9200,652.8000,662.5500,652.3600,176640100,778866176.0000,0.014995,-0.510560
1995-07-17,651.9500,695.4500,700.7700,651.6700,461882900,2557495296.0000,0.039055,6.533399
1995-07-18,693.9700,715.4700,715.4700,685.9100,669228900,2819697408.0000,0.056573,2.878706
1995-07-19,717.4700,690.9800,723.6800,688.9300,669834400,2984918528.0000,0.056567,-3.422923
1995-07-20,686.5600,690.3000,696.9300,681.3700,276321500,1289796608.0000,0.023335,-0.098410
1995-07-21,694.1000,693.5600,699.1900,686.6400,287602900,1330356224.0000,0.024288,0.472260
1995-07-24,699.8400,709.9200,716.2200,699.8400,858844800,3497952000.0000,0.072406,2.358842
1995-07-25,709.7200,703.5800,712.2800,699.6000,467742400,1850362880.0000,0.039433,-0.893054
1995-07-26,703.2900,691.1200,713.0400,690.3600,370540000,1745170304.0000,0.031239,-1.770946
1995-07-27,686.9000,697.7200,697.7200,686.7600,224699200,984079872.0000,0.018817,0.954968
1995-07-28,699.8500,695.4200,702.9700,692.8800,323092500,1612267776.0000,0.026986,-0.329643
1995-07-31,699.6100,695.5500,702.4400,692.4800,232412400,1166742272.0000,0.019382,0.018694
1995-08-01,697.2200,715.4000,718.2400,688.6500,319420000,1754646400.0000,0.026638,2.853862
1995-08-02,721.1500,699.9900,733.8600,699.4500,454482800,2874145536.0000,0.037901,-2.154044
1995-08-03,699.4100,703.4400,706.6500,698.5900,181712300,1000375808.0000,0.015154,0.492866
1995-08-04,707.1900,709.8800,712.5400,706.5500,257034000,1159268608.0000,0.021335,0.915501
1995-08-07,708.2700,718.0800,718.5400,707.3700,268904200,1158315264.0000,0.022321,1.155127
1995-08-08,724.7900,712.5300,728.5100,709.2400,356622500,1453946624.0000,0.029602,-0.772893
1995-08-09,711.8000,717.4600,717.5500,704.8700,362321900,1636068864.0000,0.030075,0.691900
1995-08-10,718.7500,735.1500,741.3200,714.6200,855836600,3961152256.0000,0.071039,2.465643
1995-08-11,736.6400,744.9900,749.5300,734.5200,905935600,4341419520.0000,0.075198,1.338498
1995-08-14,759.1200,776.1300,788.1600,752.9800,1183522500,6488543744.0000,0.098063,4.179924
1995-08-15,773.7400,751.4800,773.7400,749.5400,727862700,4359384576.0000,0.060309,-3.176018
1995-08-16,752.4100,767.6600,767.7100,752.3900,780019000,4546992128.0000,0.064630,2.153084
1995-08-17,775.8000,769.4500,783.2200,763.2500,696710700,4258415360.0000,0.057728,0.233181
1995-08-18,772.5700,757.4300,773.2300,753.2800,495351800,3011030272.0000,0.040990,-1.562157
1995-08-21,752.0600,739.0600,755.4400,735.1200,411319900,2243600128.0000,0.033748,-2.425306
1995-08-22,738.9400,739.8600,742.9200,734.4100,243088700,1382577152.0000,0.019945,0.108244
1995-08-23,741.7200,729.8900,744.4300,724.6900,251578500,1414914816.0000,0.020640,-1.347548
1995-08-24,728.7600,733.8500,735.4200,718.0500,259630700,1229308416.0000,0.021300,0.542542
1995-08-25,733.1900,727.5800,734.5100,723.9000,220727600,1098327168.0000,0.018109,-0.854392
1995-08-28,724.1000,725.6200,728.6800,722.5300,147884800,716252544.0000,0.012133,-0.269389
1995-08-29,728.1100,722.0800,741.6500,719.8700,256824000,1128323712.0000,0.021070,-0.487856
1995-08-30,721.7500,715.7300,725.8700,714.0400,179381600,782494528.0000,0.014717,-0.879409
1995-08-31,715.5600,723.8700,723.8700,711.1100,188234200,910793920.0000,0.015443,1.137302
1995-09-01,726.0500,728.8400,728.8500,720.9900,203653200,1055225728.0000,0.016708,0.686592
1995-09-04,731.4200,737.8900,737.9400,728.9900,286588200,1714946432.0000,0.023512,1.241697
1995-09-05,743.2100,739.5300,751.5800,736.2200,269862400,1817253120.0000,0.022140,0.222257
1995-09-06,738.9900,753.7500,754.2000,738.2700,381750200,2199471616.0000,0.031319,1.922839
1995-09-07,758.2900,753.8400,766.0300,753.0100,619017900,3272557568.0000,0.050784,0.011944
1995-09-08,753.2800,751.0800,758.1800,747.0600,305147800,1786789632.0000,0.025034,-0.366127
1995-09-11,756.6800,775.4500,775.4500,755.6200,421379300,2226744832.0000,0.034509,3.244660
1995-09-12,791.3600,763.6900,792.5400,760.7600,461111700,2563081216.0000,0.037763,-1.516540
1995-09-13,764.9100,763.1800,767.1200,755.0000,342601500,1770296576.0000,0.028058,-0.066782
1995-09-14,765.1300,758.1300,766.0700,754.5600,544840500,2068591872.0000,0.044621,-0.661703
1995-09-15,756.6500,755.9300,757.8900,749.8900,269183200,1427072512.0000,0.022037,-0.290189
1995-09-18,757.9900,757.4000,758.1800,751.3100,241800100,1208713600.0000,0.019784,0.194467
1995-09-19,761.1700,736.7400,762.1800,735.2100,315408200,1493266176.0000,0.025807,-2.727757
1995-09-20,730.2800,726.1400,731.5400,721.0000,202767300,985311360.0000,0.016569,-1.438767
1995-09-21,726.3200,731.1700,731.8900,726.2500,136701500,727556992.0000,0.011170,0.692700
1995-09-22,732.0700,730.0100,733.8100,727.3700,107483000,590275712.0000,0.008783,-0.158646
1995-09-25,730.0100,723.3500,730.0100,717.4300,121079200,600947520.0000,0.009872,-0.912321
1995-09-26,723.2200,728.8600,729.2900,721.7900,102287100,503872448.0000,0.008340,0.761735
1995-09-27,727.4700,708.4600,728.2100,707.6100,260865500,1380733952.0000,0.021269,-2.798886
1995-09-28,705.0200,711.1900,711.1900,699.1000,206893600,1034910464.0000,0.016868,0.385340
1995-09-29,711.9100,722.4300,722.4300,711.9100,192206000,986697152.0000,0.015671,1.580448
1995-10-04,724.0400,717.7900,725.2000,716.0700,122204400,642140288.0000,0.009948,-0.642279
1995-10-05,718.0000,724.8800,724.9200,715.6400,102040000,561003712.0000,0.008306,0.987758
1995-10-06,724.8800,719.9600,729.5400,718.9300,232343100,1243450112.0000,0.018913,-0.678731
1995-10-09,717.9900,706.2900,717.9900,704.4100,234576000,1174993024.0000,0.019095,-1.898723
1995-10-10,704.5500,708.6300,720.4300,703.3400,399519300,2674453248.0000,0.032336,0.331313
1995-10-11,705.5600,710.8900,710.8900,700.6900,413923000,2585201920.0000,0.033502,0.318927
1995-10-12,713.2500,704.4000,714.8600,703.8000,548718400,2927632640.0000,0.044412,-0.912939
1995-10-13,702.4900,702.9800,711.5300,693.8600,392920900,2946324992.0000,0.031621,-0.201596
1995-10-16,702.1300,701.3400,706.4000,696.7900,259195200,1648941184.0000,0.020859,-0.233286
1995-10-17,700.8600,702.4000,705.6000,698.4800,188829900,1136566400.0000,0.015185,0.151139
1995-10-18,705.7200,716.8300,716.8300,705.7200,427305400,2326855424.0000,0.034363,2.054384
1995-10-19,719.7600,702.7900,720.7500,700.8300,452719700,2636130304.0000,0.036393,-1.958629
1995-10-20,700.3300,726.2900,726.2900,697.5600,322121200,1894686720.0000,0.025667,3.343815
1995-10-23,729.7600,723.0900,729.9700,718.4400,387799300,2354826752.0000,0.030891,-0.440589
1995-10-24,724.7900,723.5700,727.4000,720.2300,311609600,1828259456.0000,0.024790,0.066379
1995-10-25,765.2100,760.4100,765.4800,740.7400,804644000,4649841152.0000,0.064014,5.091417
1995-10-26,757.1100,731.4700,759.7300,731.1400,637761700,3024052992.0000,0.050721,-3.805842
1995-10-27,730.9600,722.3700,735.0600,721.4700,357931900,1924779776.0000,0.028278,-1.244067
1995-10-30,722.8600,722.7800,724.5700,719.2400,251325400,1273855104.0000,0.019856,0.056762
1995-10-31,723.4300,717.3200,726.4900,715.4000,273356700,1717710720.0000,0.021529,-0.755420
1995-11-01,716.4600,723.3900,727.5000,712.2700,303568700,1645705728.0000,0.023908,0.846206
1995-11-02,723.9600,721.7000,728.3500,719.1400,205036400,1116481536.0000,0.016148,-0.233623
1995-11-03,720.7900,727.7900,727.8400,720.7900,315530800,1162813696.0000,0.024850,0.843836
1995-11-06,729.0400,736.1500,736.1500,728.9900,247745500,1392961280.0000,0.019512,1.148689
1995-11-07,736.9000,729.6900,736.9100,728.0500,203449700,1196249600.0000,0.016023,-0.877541
1995-11-08,725.3300,711.6100,725.3300,708.5800,255337500,1328897536.0000,0.020099,-2.477767
1995-11-09,708.5800,711.2000,714.5300,700.8200,205113400,1253331712.0000,0.016145,-0.057612
1995-11-10,710.7500,708.7600,712.1900,708.0000,132863600,788713664.0000,0.010458,-0.343083
1995-11-13,705.8900,688.7000,705.9200,686.4300,168168000,898383104.0000,0.013232,-2.830295
1995-11-14,687.0600,688.8700,691.2500,684.4700,129028000,690044928.0000,0.010153,0.024682
1995-11-15,688.5000,692.2000,692.2000,680.6800,170547300,1106688768.0000,0.013356,0.483403
1995-11-16,690.1100,682.4400,691.2200,681.3900,265830500,1044834560.0000,0.020816,-1.409999
1995-11-17,680.0800,676.1900,682.2300,675.3700,123332200,765757056.0000,0.009657,-0.915831
1995-11-20,671.8000,674.7400,677.1100,668.6300,82851200,525895584.0000,0.006483,-0.214439
1995-11-21,675.1800,678.4200,678.8800,675.1800,117392800,476131200.0000,0.009180,0.545394
1995-11-22,678.6400,663.3200,679.3400,662.8600,91495500,555567872.0000,0.007155,-2.225756
1995-11-23,662.6100,658.3700,664.8600,657.6400,101738700,605079936.0000,0.007955,-0.746248
1995-11-24,656.9600,659.3700,662.0500,654.0900,76356300,465923520.0000,0.005971,0.151890
1995-11-27,658.0800,645.0300,658.3200,644.5600,85662000,489130176.0000,0.006698,-2.174798
1995-11-28,643.7300,652.5700,652.5700,638.3100,95965500,536754080.0000,0.007504,1.168934
1995-11-29,652.1000,641.5900,652.1000,640.5500,73242800,408523104.0000,0.005727,-1.682575
1995-11-30,639.5100,641.1400,652.6200,632.0300,92361600,518316000.0000,0.007222,-0.070140
1995-12-01,631.5500,633.8100,639.4900,624.9300,92195100,461737024.0000,0.007209,-1.143279
1995-12-04,632.7200,634.9200,635.7300,632.2400,41221800,215101216.0000,0.003220,0.175129
1995-12-05,636.4300,637.2200,638.7600,635.5900,46021200,224791360.0000,0.003594,0.362248
1995-12-06,637.3000,628.4300,637.3200,627.8500,64182100,402153344.0000,0.004986,-1.379426
1995-12-07,628.6300,631.8400,632.3700,627.0600,50083200,299362112.0000,0.003890,0.542628
1995-12-08,631.9500,636.7800,643.3600,631.8400,145822000,887022208.0000,0.011308,0.781844
1995-12-11,636.8200,619.2600,639.2900,618.0800,113772800,717117632.0000,0.008822,-2.751346
1995-12-12,616.3500,629.4500,633.9300,605.0900,147649200,928942144.0000,0.011436,1.645513
1995-12-13,629.8400,613.8000,631.0200,613.1900,143350500,947332352.0000,0.011103,-2.486301
1995-12-14,613.0700,614.7500,617.8600,611.4900,76643600,482373472.0000,0.005936,0.154776
1995-12-15,612.6000,603.8900,612.6100,601.0200,99369600,542725824.0000,0.007697,-1.766569
1995-12-18,600.6500,592.1400,600.6500,591.5100,80970000,439261216.0000,0.006266,-1.945719
1995-12-19,592.7200,592.0600,596.3500,590.9000,63900300,358184480.0000,0.004942,-0.013513
1995-12-20,593.5100,601.0400,601.1000,593.5100,66590100,346795712.0000,0.005150,1.516735
1995-12-21,601.9100,597.4300,606.6900,597.2300,95768000,500465376.0000,0.007406,-0.600623
1995-12-22,596.2600,594.2400,599.7100,591.3700,69686700,353630496.0000,0.005389,-0.533954
1995-12-25,590.7600,580.0300,590.7600,579.2600,70979200,370453376.0000,0.005489,-2.391283
1995-12-26,578.7900,572.2200,580.3800,571.4300,54895200,280809760.0000,0.004244,-1.346492
1995-12-27,571.6800,570.4000,573.8700,562.3300,80912300,391947072.0000,0.006250,-0.318050
1995-12-28,568.7700,556.8200,569.1900,555.6600,80937200,406985696.0000,0.006251,-2.380788
1995-12-29,555.7400,555.2900,561.6100,552.8400,82233600,394660800.0000,0.006351,-0.274780
1996-01-02,550.2600,537.8700,550.2600,537.3800,48247800,223117088.0000,0.003720,-3.137097
1996-01-03,535.2300,542.4200,542.7400,530.7900,55619200,252573808.0000,0.004289,0.845927
1996-01-04,541.9400,558.7600,558.9400,539.7600,110591200,451487904.0000,0.008528,3.012431
1996-01-05,559.0300,536.3700,561.3600,536.1200,138637100,597184640.0000,0.010690,-4.007090
1996-01-08,533.3300,539.1700,540.0400,527.9100,69620700,287291296.0000,0.005362,0.522026
1996-01-09,541.3500,558.6200,559.6400,540.9900,189474200,803436608.0000,0.014593,3.607399
1996-01-10,552.3000,547.6200,552.3100,540.5900,153153500,652606208.0000,0.011795,-1.969138
1996-01-11,547.4600,545.6400,552.5600,543.1200,115774400,496816160.0000,0.008917,-0.361561
1996-01-12,545.2300,547.1100,549.7600,541.6700,96742800,421599840.0000,0.007451,0.269403
1996-01-15,545.0500,551.0400,551.9100,543.8300,91936000,423648768.0000,0.007081,0.718319
1996-01-16,551.8200,547.7600,554.9000,545.4900,85291100,362896448.0000,0.006569,-0.595232
1996-01-17,546.2100,537.3100,548.5700,535.2400,98115200,409780928.0000,0.007557,-1.907772
1996-01-18,533.3800,517.6300,533.4100,517.3000,126754800,559187840.0000,0.009746,-3.662689
1996-01-19,515.0000,523.5100,523.5900,512.8300,86391200,382324416.0000,0.006642,1.135947
1996-01-22,520.9500,516.4600,521.0000,514.1600,68262400,309450784.0000,0.005231,-1.346677
1996-01-23,515.4800,519.6000,522.4100,515.4800,55634000,251084176.0000,0.004263,0.607976
1996-01-24,519.9400,522.6300,524.3300,519.9400,77997600,344156032.0000,0.005977,0.583147
1996-01-25,523.7500,521.3700,538.9600,520.7400,230732000,941892224.0000,0.017681,-0.241090
1996-01-26,516.4400,525.5700,527.0700,515.3700,96733000,399410624.0000,0.007413,0.805572
1996-01-29,526.2000,529.1400,530.1700,525.4900,109830000,485379488.0000,0.008416,0.679264
1996-01-30,531.3000,532.5700,532.6500,525.6000,115375600,528944224.0000,0.008832,0.648220
1996-01-31,531.4600,537.3500,538.1100,530.1200,196473200,820317376.0000,0.015041,0.897529
1996-02-01,536.2400,536.6800,537.1700,532.6100,96221600,446982816.0000,0.007366,-0.124683
1996-02-02,535.1200,536.0400,536.0400,528.5700,99307000,487401952.0000,0.007597,-0.119254
1996-02-05,537.2300,522.8500,537.2700,522.4800,122087600,680048896.0000,0.009327,-2.460638
1996-02-06,520.0800,520.6900,522.6700,518.1800,77620400,399122656.0000,0.005930,-0.413115
1996-02-07,520.3700,524.3000,524.7200,519.6500,67355500,336764864.0000,0.005146,0.693308
1996-02-08,523.7400,521.8600,524.6500,521.1300,37869400,188936768.0000,0.002893,-0.465383
1996-02-09,522.0000,525.4100,525.4300,521.1100,32965800,153374048.0000,0.002519,0.680257
1996-02-12,523.5700,525.7700,524.0600,523.5700,36464200,180683456.0000,0.002786,0.068527
1996-02-13,525.1400,529.5800,530.7500,524.9600,47176200,213136672.0000,0.003604,0.724651
1996-02-14,530.0900,529.2500,534.1800,528.7100,49788200,227457600.0000,0.003804,-0.062317
1996-02-15,529.3200,536.9800,538.3500,528.5000,83097900,394265504.0000,0.006339,1.460554
1996-02-16,537.1300,552.9400,553.8300,537.1300,187060900,929203712.0000,0.014238,2.972182
1996-03-04,583.3800,601.9800,601.9800,572.9100,448092200,2381797376.0000,0.034106,8.868952
1996-03-05,600.4600,587.0600,606.5100,582.7300,428967200,2200693504.0000,0.032527,-2.478485
1996-03-06,582.3700,559.7000,583.3300,558.6900,251425600,1265822592.0000,0.019065,-4.660509
1996-03-07,558.1200,569.3300,569.3300,558.0400,114842000,586832896.0000,0.008708,1.720565
1996-03-08,566.8900,573.1300,574.7800,559.1800,133441200,765905152.0000,0.010099,0.667449
1996-03-11,574.1900,568.1200,575.4700,565.5300,115724600,633143040.0000,0.008738,-0.874149
1996-03-12,566.3000,563.8800,566.3000,556.4100,116622400,631256000.0000,0.008794,-0.746320
1996-03-13,562.7700,563.2000,566.1300,561.0300,66170200,340816160.0000,0.004990,-0.120592
1996-03-14,562.9800,562.3000,564.7300,561.5000,59266700,316831584.0000,0.004469,-0.159805
1996-03-15,561.4400,562.3900,563.5000,557.5400,59779500,308015200.0000,0.004503,0.016010
1996-03-18,561.8100,567.8700,568.0200,561.0900,98070400,529025664.0000,0.007367,0.974409
1996-03-19,568.1400,566.5500,571.1300,565.3400,76332200,412310688.0000,0.005734,-0.232449
1996-03-20,566.2800,569.6700,570.4800,566.2400,80307100,446453664.0000,0.006032,0.550701
1996-03-21,570.2200,569.7600,574.0100,569.3100,111847900,594341056.0000,0.008401,0.015803
1996-03-22,569.5100,570.1800,571.3300,566.5200,88493500,464683168.0000,0.006644,0.073712
1996-03-25,570.7700,570.2400,572.7500,569.3700,96236000,552893120.0000,0.007202,0.010523
1996-03-26,570.2500,563.5200,570.7400,562.9700,89045500,467403200.0000,0.006664,-1.178446
1996-03-27,562.7300,562.3500,562.9800,557.3200,68452200,369351136.0000,0.005115,-0.207631
1996-03-28,562.3100,554.0400,562.4400,553.8900,106069600,578857472.0000,0.007891,-1.477727
1996-03-29,553.8000,556.3900,557.3500,549.7100,108585600,461200416.0000,0.008078,0.424164
1996-04-01,566.2100,566.1900,573.9500,561.9500,137165400,820544768.0000,0.010203,1.761352
1996-04-02,564.9400,557.2100,564.9900,556.9100,67606800,358805952.0000,0.005029,-1.586037
1996-04-03,557.5600,560.9800,562.2800,556.2300,48423900,258397120.0000,0.003602,0.676578
1996-04-04,561.1900,563.1900,564.4700,559.8200,53691000,305107200.0000,0.003994,0.393957
1996-04-05,563.6700,582.5300,584.1800,563.6700,115715900,709539456.0000,0.008607,3.434015
1996-04-08,583.6300,581.3800,587.6000,578.3200,189963000,1215845248.0000,0.014084,-0.197419
1996-04-09,580.6300,578.0700,580.9400,576.6100,85930400,502418944.0000,0.006371,-0.569335
1996-04-10,578.3700,579.8200,582.3000,577.7300,100459600,608286080.0000,0.007436,0.302731
1996-04-11,579.5100,583.3800,583.3800,576.9900,99855400,611694976.0000,0.007391,0.613983
1996-04-12,584.3900,586.9600,593.7300,584.3900,154845700,963649920.0000,0.011461,0.613668
1996-04-15,585.9500,584.6700,587.9200,583.3200,82784800,485692320.0000,0.006127,-0.390153
1996-04-16,584.2700,590.8500,591.4200,584.2200,135067200,723479872.0000,0.009990,1.057005
1996-04-17,594.1500,593.3800,597.7700,591.8900,174049200,981171008.0000,0.012873,0.428202
1996-04-18,592.8100,600.2800,600.2800,589.8000,165678800,948629120.0000,0.012208,1.162834
1996-04-19,602.1500,618.1200,618.2700,602.1500,412333800,2443462656.0000,0.030382,2.971941
1996-04-22,624.9300,613.9700,627.6500,613.9400,531217400,3500454656.0000,0.038737,-0.671395
1996-04-23,611.3700,623.7700,623.7700,609.8900,288155400,1789477248.0000,0.021012,1.596177
1996-04-24,633.8000,664.6500,664.6500,633.8000,718455200,4445490176.0000,0.052390,6.553699
1996-04-25,674.4700,652.6700,686.3800,650.8200,668921200,4503472640.0000,0.048764,-1.802459
1996-04-26,660.1400,707.6100,714.5600,660.1400,1007137600,6973551104.0000,0.073188,8.417730
1996-04-29,722.5700,738.6200,739.2900,707.2900,878022200,6372420096.0000,0.063792,4.382359
1996-04-30,728.3900,681.1600,738.5000,679.4500,723560300,5051592704.0000,0.052055,-7.779376
1996-05-02,715.9700,654.4300,721.6600,652.7600,517900000,3547683840.0000,0.037172,-3.924186
1996-05-03,654.4300,650.0400,660.2700,645.0100,296082600,2002063232.0000,0.021161,-0.670815
1996-05-06,648.2300,671.2800,672.8500,648.2300,576648800,2988111616.0000,0.041193,3.267499
1996-05-07,677.4400,661.1600,682.6200,660.0200,493371400,2700472832.0000,0.035244,-1.507576
1996-05-08,659.7000,661.2700,666.8600,653.1200,311916900,1796040064.0000,0.022282,0.016644
1996-05-09,659.4000,656.9000,669.8000,654.8200,267248000,1703690624.0000,0.019077,-0.660849
1996-05-10,656.3300,661.4700,661.4700,648.0000,222507300,1300218880.0000,0.015845,0.695684
1996-05-13,665.5000,666.1100,672.7600,663.6900,383160500,1861909120.0000,0.027285,0.701470
1996-05-14,668.5800,665.4200,672.4400,663.3500,281169800,1553447680.0000,0.020022,-0.103587
1996-05-15,665.7600,682.0500,682.0500,664.9900,278265000,1592160128.0000,0.019815,2.499174
1996-05-16,687.5200,683.0800,698.3700,682.2800,588904700,3373162240.0000,0.041799,0.151020
1996-05-17,685.2100,711.9300,712.0500,682.4100,432080900,2741274112.0000,0.030668,4.223513
1996-05-20,719.1900,703.0800,725.1600,699.3700,662809700,4256524544.0000,0.046683,-1.243096
1996-05-21,701.9600,661.8500,707.0600,660.9300,471554900,2705860864.0000,0.033212,-5.864203
1996-05-22,658.1500,668.6200,672.6100,657.4300,366383700,1955460736.0000,0.025805,1.022893
1996-05-23,668.7000,642.6700,670.2500,641.5700,329240000,1589859328.0000,0.023185,-3.881130
1996-05-24,638.7600,639.8000,644.9200,630.4200,251911000,1348868864.0000,0.017666,-0.446574
1996-05-27,639.5100,637.9600,642.1100,635.0200,120722300,648720832.0000,0.008435,-0.287585
1996-05-28,638.5700,646.9100,647.0600,638.1800,193418800,1088101888.0000,0.013449,1.402902
1996-05-29,648.5500,650.5600,652.2800,646.8400,141789900,832489088.0000,0.009859,0.564225
1996-05-30,650.6100,636.3600,650.9000,634.0200,168118300,990229056.0000,0.011688,-2.182737
1996-05-31,633.9200,643.6500,653.2200,632.2200,241609900,1744609024.0000,0.016753,1.145584
1996-06-03,643.9600,641.0900,652.5200,636.4600,323304300,2203152640.0000,0.022366,-0.397731
1996-06-04,642.0600,651.5100,656.5900,642.0000,318367400,2173408256.0000,0.021896,1.625354
1996-06-05,654.7800,696.9700,696.9700,654.0400,599126200,4204963584.0000,0.041206,6.977631
1996-06-06,703.0300,702.6400,715.5800,691.4900,777663200,5499041280.0000,0.053059,0.813528
1996-06-07,720.4400,727.3400,739.4400,716.5400,1069187000,7488490496.0000,0.072934,3.515316
1996-06-10,740.1100,764.3900,764.6300,736.9900,1064045100,7040143872.0000,0.072320,5.093902
1996-06-11,765.3300,752.2600,765.3500,742.4000,770569700,5243102720.0000,0.052262,-1.586887
1996-06-12,761.3900,755.7700,774.0100,751.3400,805835000,6013692416.0000,0.054654,0.466595
1996-06-13,758.2200,768.6800,769.3000,745.5300,692963900,4789505024.0000,0.046999,1.708188
1996-06-14,781.9800,777.2800,790.3200,772.3900,1017219300,6797088256.0000,0.068846,1.118806
1996-06-17,779.7100,752.0000,780.3500,750.0400,602104100,3834445056.0000,0.040677,-3.252371
1996-06-18,749.3000,793.5600,793.6000,748.5600,539872800,4415298048.0000,0.036357,5.526596
1996-06-19,801.1000,796.9100,814.2000,787.3700,734585600,6123599872.0000,0.049442,0.422145
1996-06-20,788.9200,793.5900,802.6100,783.4700,397506400,3413843456.0000,0.026733,-0.416602
1996-06-21,797.9000,796.1100,806.1000,793.4200,377321300,3245192960.0000,0.025372,0.317539
1996-06-24,797.8700,793.3400,799.0300,789.0900,339144100,2662725376.0000,0.022756,-0.347937
1996-06-25,764.6600,780.6500,788.6900,762.1300,366814700,2914024704.0000,0.024531,-1.599567
1996-06-26,782.1500,801.4600,802.0400,782.1500,389447300,3212049920.0000,0.025903,2.665727
1996-06-27,811.5100,806.4600,819.8400,801.7400,573174400,4982846464.0000,0.038112,0.623861
1996-06-28,809.6000,804.2500,811.8800,798.0400,436406200,3788350464.0000,0.028818,-0.274040
1996-07-01,800.9100,761.1200,801.0500,755.3200,602765100,4818157056.0000,0.039374,-5.362761
1996-07-02,758.4700,759.7100,766.0700,753.6400,361340700,3182836736.0000,0.023368,-0.185250
1996-07-03,767.1100,786.1300,786.1600,766.4300,543638900,5252680704.0000,0.034906,3.477640
1996-07-04,790.2800,785.4300,794.8500,774.0700,618188400,5794688000.0000,0.039656,-0.089045
1996-07-05,788.1000,785.3800,797.1500,783.8600,713511600,5390737920.0000,0.045771,-0.006364
1996-07-08,794.1300,807.3400,807.8900,790.0900,727434600,6439041024.0000,0.046623,2.796102
1996-07-09,815.0200,817.6100,822.5100,807.4300,767306300,6442554880.0000,0.049179,1.272074
1996-07-10,821.1000,820.0500,825.3900,809.3500,657426100,5225605632.0000,0.042136,0.298431
1996-07-11,822.1800,792.0700,822.3900,790.5700,539523000,4369669632.0000,0.034539,-3.411985
1996-07-12,784.2600,796.4100,796.4100,778.8700,380190400,3300324096.0000,0.024339,0.547927
1996-07-15,794.8800,789.1600,796.2500,780.1500,366584000,3070761728.0000,0.023416,-0.910335
1996-07-16,796.7600,823.0800,823.7700,793.6900,568110200,4628994048.0000,0.035952,4.298247
1996-07-17,830.6500,808.9900,841.4100,808.5000,719264700,5047189504.0000,0.045474,-1.711866
1996-07-18,808.0900,818.0400,819.5600,808.0900,381463400,2761649152.0000,0.024107,1.118677
1996-07-19,824.0100,856.9300,857.0800,820.6600,860225700,6130803200.0000,0.054322,4.754048
1996-07-22,871.4800,884.9400,887.0700,870.2200,1082827000,7864698368.0000,0.068378,3.268646
1996-07-23,888.9200,871.4700,889.4100,864.5100,684744700,5133593088.0000,0.043223,-1.522141
1996-07-24,874.9700,887.6000,894.7300,874.9700,776747000,5857347584.0000,0.049004,1.850896
1996-07-25,887.2500,868.1600,894.2100,867.0900,822468900,5751411200.0000,0.051889,-2.190176
1996-07-26,868.2800,845.1200,872.2700,840.2100,653036400,5100398592.0000,0.040721,-2.653886
1996-07-29,846.1900,855.4200,855.5000,837.2000,416855800,3159293952.0000,0.025984,1.218760
1996-07-30,861.7200,836.9300,865.5000,834.8700,409372700,3169679616.0000,0.025444,-2.161510
1996-07-31,836.6700,822.4800,841.7200,820.8500,356860100,2647605504.0000,0.022156,-1.726550
1996-08-01,823.1700,835.1100,843.0100,814.8900,371330400,2784708608.0000,0.023054,1.535600
1996-08-02,842.4000,838.8800,850.5900,828.6600,391827200,3182119424.0000,0.024266,0.451440
1996-08-05,846.0300,853.1900,853.2000,838.6000,325265700,2427681280.0000,0.020142,1.705846
1996-08-06,854.7800,862.2200,862.4300,848.3600,376433000,2994729728.0000,0.023295,1.058377
1996-08-07,865.4900,867.2700,873.0300,862.6100,511448100,4086908416.0000,0.031650,0.585703
1996-08-08,871.0300,876.0000,877.9200,869.5500,446744800,3468291328.0000,0.027548,1.006605
1996-08-09,875.1900,871.6000,880.3100,857.7400,543428800,4120766976.0000,0.033304,-0.502286
1996-08-12,880.1300,886.0500,894.8600,880.1300,529240600,4020290816.0000,0.032385,1.657872
1996-08-13,885.8900,874.8100,887.3500,872.4000,338046300,2591282944.0000,0.020686,-1.268550
1996-08-14,875.7900,871.6500,879.0900,868.7400,306699800,2420930304.0000,0.018727,-0.361218
1996-08-15,872.8300,865.8300,878.5700,864.7700,370310300,2915282432.0000,0.022568,-0.667700
1996-08-16,862.6800,853.8700,862.8800,838.4200,392755900,3237462528.0000,0.023855,-1.381336
1996-08-19,852.3400,835.6200,852.3500,834.5400,253243000,2118481792.0000,0.015367,-2.137328
1996-08-20,834.7300,822.4400,837.5800,820.7700,271577900,2162501120.0000,0.016462,-1.577271
1996-08-21,825.6900,833.6100,842.6800,825.6100,353354900,2859572736.0000,0.021419,1.358152
1996-08-22,838.2000,818.2000,842.4600,816.0500,300231100,2325351424.0000,0.018199,-1.848583
1996-08-23,824.8900,803.6900,824.8900,786.4400,350852700,2808750848.0000,0.021248,-1.773406
1996-08-26,789.1500,773.0700,800.5300,770.8500,294132100,2531507968.0000,0.017722,-3.809926
1996-08-27,769.7900,787.4700,787.4800,766.7000,259649100,2036879872.0000,0.015644,1.862698
1996-08-28,790.7200,796.8400,806.3600,789.0600,349927400,2981339648.0000,0.021061,1.189894
1996-08-29,797.3100,788.7300,797.9800,783.9600,314290600,2101523200.0000,0.018916,-1.017776
1996-08-30,791.3900,809.9400,809.9700,791.3900,466421800,3520278528.0000,0.028072,2.689136
1996-09-02,812.9400,804.7800,813.5700,803.1300,362917600,2662453248.0000,0.021843,-0.637081
1996-09-03,805.5300,800.2200,818.8800,799.0100,363471600,2747409152.0000,0.021876,-0.566622
1996-09-04,797.9000,812.0200,813.4600,795.0700,371796800,2971711488.0000,0.022331,1.474601
1996-09-05,817.3700,814.3800,838.6700,812.9300,705552700,5765848576.0000,0.042256,0.290631
1996-09-06,813.5900,801.2300,818.3600,796.1700,361496500,2980728320.0000,0.021650,-1.614728
1996-09-09,798.6000,793.5900,799.9800,791.6300,360370900,3346857984.0000,0.021507,-0.953528
1996-09-10,793.2200,764.4500,793.2200,763.1500,357919100,2940479744.0000,0.021361,-3.671923
1996-09-11,762.8100,769.2500,773.6000,754.5900,290259400,2047303936.0000,0.017323,0.627901
1996-09-12,780.3200,757.0900,784.1800,754.1100,495112500,2106192384.0000,0.029513,-1.580757
1996-09-13,756.3900,779.0700,779.0700,752.6800,329442400,2251410432.0000,0.019637,2.903219
1996-09-16,779.8500,778.2900,784.4800,771.8000,310575900,2737431552.0000,0.018485,-0.100123
1996-09-17,777.7300,776.4800,785.1100,774.1500,282571200,2452681216.0000,0.016739,-0.232561
1996-09-18,781.3400,760.7600,782.7300,757.9400,296064700,2503823104.0000,0.017524,-2.024517
1996-09-19,756.1100,769.1000,769.1300,754.2800,204782700,1560462848.0000,0.012114,1.096268
1996-09-20,772.2900,805.5400,805.5400,770.0400,363256800,3292330496.0000,0.021489,4.738006
1996-09-23,812.9400,851.9900,852.0400,812.3100,875020900,8197043712.0000,0.051523,5.766320
1996-09-24,857.4200,849.9200,865.4900,845.3900,761911600,7256174080.0000,0.044863,-0.242961
1996-09-25,855.3500,835.1800,858.6000,830.2500,526965300,5143411712.0000,0.030884,-1.734280
1996-09-26,837.6800,854.6600,857.4400,837.6800,552870500,5380414464.0000,0.032402,2.332429
1996-09-27,861.6200,875.5300,875.5300,855.7500,677971000,6603607040.0000,0.039596,2.441913
1996-10-03,887.8500,865.4900,891.7100,864.6700,585527400,5381838336.0000,0.034100,-1.146738
1996-10-04,864.1900,863.4600,869.6500,855.7900,384919800,3383326976.0000,0.022382,-0.234546
1996-10-07,866.0700,864.6600,869.8700,852.8300,440136700,3441939968.0000,0.025588,0.138970
1996-10-08,869.0800,877.6100,882.0900,865.4200,536293100,4351186944.0000,0.031119,1.497700
1996-10-09,882.1900,874.0100,883.6200,865.5700,510722900,4186830336.0000,0.029583,-0.410202
1996-10-10,878.0500,904.1000,904.1400,877.3400,974568300,6927798784.0000,0.056414,3.442748
1996-10-11,909.0600,909.8900,912.0100,898.7200,1125254100,7461778432.0000,0.064977,0.640420
1996-10-14,919.7000,940.7900,943.5500,919.7000,1250236100,8757552128.0000,0.072169,3.396011
1996-10-15,943.8100,937.2900,944.9400,925.6600,865586600,6613727232.0000,0.049927,-0.372028
1996-10-16,944.3500,933.8800,953.4000,921.1500,849945400,6656883712.0000,0.049025,-0.363812
1996-10-17,931.1100,952.3200,952.4500,928.0800,833141600,6656016384.0000,0.048055,1.974558
1996-10-18,960.5500,939.9300,968.2200,937.7700,996398900,7532118016.0000,0.057472,-1.301035
1996-10-21,943.0300,964.3900,964.4400,943.0300,740976100,5486589440.0000,0.042739,2.602324
1996-10-22,952.9300,976.4700,978.9800,943.0300,1011405600,7290778624.0000,0.058337,1.252601
1996-10-23,989.3200,1010.8300,1011.1300,986.7200,1426261100,10831932416.0000,0.082206,3.518802
1996-10-24,1017.4600,1007.9100,1020.9700,1004.3700,1116509500,9329883136.0000,0.064353,-0.288876
1996-10-25,1006.3000,1012.6700,1016.9100,994.8200,1127398600,9575816192.0000,0.064902,0.472265
1996-10-28,1001.2300,1022.8600,1026.8400,1000.0700,1029549300,8544877056.0000,0.059134,1.006251
1996-10-29,1032.6100,1017.5200,1038.8100,1013.4900,1114288700,9390301184.0000,0.063928,-0.522062
1996-10-30,1017.0600,958.9400,1022.0200,955.2300,891342200,7165048320.0000,0.051049,-5.757137
1996-10-31,972.1700,976.7100,983.2300,949.5900,718393000,5587136000.0000,0.041143,1.853090
1996-11-01,935.1700,930.7900,962.1100,906.9600,797474600,5480915968.0000,0.045618,-4.701502
1996-11-04,931.0000,945.1200,947.8800,929.7300,562850100,3670398464.0000,0.032078,1.539554
1996-11-05,947.4400,928.0300,950.3600,922.6700,503855400,3706333440.0000,0.028693,-1.808232
1996-11-06,925.7600,915.0500,928.4700,896.8800,397199800,2900813568.0000,0.022602,-1.398666
1996-11-07,919.9500,928.1400,931.6000,915.6200,349476000,2960240640.0000,0.019887,1.430526
1996-11-08,927.2400,919.6700,927.3900,911.9200,305441900,2650845440.0000,0.017277,-0.912581
1996-11-11,923.3700,933.9700,933.9700,922.2000,363143200,3095740928.0000,0.020443,1.554904
1996-11-12,937.7000,943.0000,949.2500,928.9800,493715800,3588525568.0000,0.027784,0.966844
1996-11-13,945.9800,940.5200,951.0900,932.9300,452025900,3506058496.0000,0.025438,-0.262988
1996-11-14,944.4600,953.1900,957.6100,943.6100,553915200,4414774784.0000,0.031171,1.347125
1996-11-15,951.5100,950.8300,958.6200,943.8000,550985700,4914051584.0000,0.030935,-0.247588
1996-11-18,952.7300,1004.6900,1004.9500,948.8200,827896100,7208801280.0000,0.046409,5.664523
1996-11-19,1019.6200,1015.9600,1047.3900,1008.2300,1289000700,10483051520.0000,0.072257,1.121741
1996-11-20,1010.8100,1014.9300,1018.8900,992.2700,854193400,7033766912.0000,0.047824,-0.101385
1996-11-21,1018.0500,940.7700,1025.5800,937.8400,871465700,6921270784.0000,0.048753,-7.306905
1996-11-22,928.5200,951.8300,952.0300,919.6100,636231600,4318191616.0000,0.035325,1.175632
1996-11-25,948.5900,976.5500,976.5500,938.8100,644017700,4709915136.0000,0.035670,2.597099
1996-11-26,981.4700,967.5900,985.1300,957.8100,620120700,5166540288.0000,0.034256,-0.917512
1996-11-27,966.9400,980.3800,987.1800,960.4600,547605600,4615035904.0000,0.030250,1.321838
1996-11-28,983.0100,992.6400,1002.5400,978.5100,751075500,6001409536.0000,0.041490,1.250536
1996-11-29,997.8500,1032.9500,1037.1600,997.8400,1313048700,9572855808.0000,0.072483,4.060882
1996-12-02,1056.6800,1134.5200,1134.9000,1056.6800,2041152800,16747284480.0000,0.112660,9.833010
1996-12-03,1157.1300,1122.9900,1177.6800,1118.8300,2148567600,19274467328.0000,0.118363,-1.016291
1996-12-04,1117.0300,1169.9200,1170.6000,1115.2700,1482844100,12878816256.0000,0.081689,4.179027
1996-12-05,1199.3800,1212.0800,1215.2500,1180.2100,1968710600,18972710912.0000,0.108306,3.603658
1996-12-06,1207.3000,1212.8900,1220.3100,1194.7700,1443051700,14639772672.0000,0.079209,0.066832
1996-12-09,1227.4800,1247.6600,1250.5600,1227.4800,1560320100,16156679168.0000,0.085305,2.866708
1996-12-10,1244.1100,1230.2500,1244.1100,1202.2800,1296336600,13294497792.0000,0.070873,-1.395415
1996-12-11,1225.3900,1244.9000,1258.6900,1220.4100,1268027600,14208430080.0000,0.069285,1.190817
1996-12-12,1248.1400,1177.1400,1254.3000,1167.9800,1120406100,12158619648.0000,0.060936,-5.443008
1996-12-13,1164.3400,1110.0400,1175.4400,1108.2900,974248500,9828411392.0000,0.052987,-5.700254
1996-12-16,1005.0100,1000.0200,1005.1200,999.6300,143300300,1345581184.0000,0.007794,-9.911356
1996-12-17,907.6500,905.5800,943.3700,903.8500,601468400,5210304512.0000,0.032712,-9.443811
1996-12-18,872.3600,972.7300,975.9600,869.0200,1012433400,8156033536.0000,0.054996,7.415133
1996-12-19,971.1500,902.4200,983.2400,893.4700,890830000,7895065088.0000,0.048391,-7.228111
1996-12-20,881.0900,885.2400,898.9200,864.2600,619892900,4861615104.0000,0.033653,-1.903769
1996-12-23,900.3200,902.0100,911.5900,890.8400,443724000,3608732672.0000,0.024089,1.894404
1996-12-24,907.6300,865.5800,911.1200,864.1500,366522400,2912791552.0000,0.019898,-4.038757
1996-12-25,870.4400,895.1800,897.4500,855.8500,415918400,3295271168.0000,0.022482,3.419669
1996-12-26,904.0200,924.2400,924.3300,890.4100,552219000,4167341056.0000,0.029849,3.246274
1996-12-27,925.8000,922.3500,927.1000,903.8200,550900400,4241787904.0000,0.029656,-0.204494
1996-12-30,929.7200,934.2100,938.5500,923.9500,571750500,4756518912.0000,0.030744,1.285851
1996-12-31,935.9100,917.0200,935.9700,912.9700,472143200,3924646144.0000,0.025203,-1.840058
1997-01-02,914.0600,919.4400,920.1900,909.4600,265303600,2321988608.0000,0.014162,0.263896
1997-01-03,921.1000,899.6100,922.3900,896.9900,342916500,2642924800.0000,0.018305,-2.156749
1997-01-06,890.9800,876.5000,892.0200,875.8900,241608800,1809397504.0000,0.012886,-2.568889
1997-01-07,872.8100,898.1700,903.0000,871.7800,251824800,1891778432.0000,0.013431,2.472331
1997-01-08,899.8300,896.4100,902.5300,887.2300,231368900,1836780288.0000,0.012272,-0.195955
1997-01-09,897.9900,906.9800,914.3300,897.9400,252650000,2126459264.0000,0.013401,1.179149
1997-01-10,908.5600,918.4000,918.5100,906.5500,333721600,2827739648.0000,0.017701,1.259129
1997-01-13,923.5500,929.5200,931.4400,922.7400,388141300,3127874560.0000,0.020588,1.210801
1997-01-14,929.5500,907.8500,929.5900,903.6200,304393800,2556804352.0000,0.016146,-2.331316
1997-01-15,905.4800,916.7200,919.4200,905.0600,193795600,1613827712.0000,0.010249,0.977033
1997-01-16,917.4800,915.0100,922.1000,908.2600,194014700,1772638720.0000,0.010261,-0.186530
1997-01-17,916.1100,919.8500,921.1400,912.6600,223666800,2137573760.0000,0.011787,0.528952
1997-01-20,922.4700,933.2800,933.3600,922.0600,274933000,2400980992.0000,0.014465,1.460027
1997-01-21,937.0400,929.1100,939.0200,926.0900,339361700,2917591040.0000,0.017839,-0.446816
1997-01-22,929.3600,942.4400,942.7300,929.0100,334241400,3095209728.0000,0.017570,1.434708
1997-01-23,945.5900,945.8000,947.5500,940.5000,396901100,3608573440.0000,0.020849,0.356520
1997-01-24,945.5300,953.9200,954.3000,934.6400,373787000,3229197056.0000,0.019620,0.858532
1997-01-27,957.2500,959.0600,959.8700,952.4000,479914900,3963541760.0000,0.025191,0.538831
1997-01-28,957.8800,956.3100,957.8800,947.9100,328674400,2840266752.0000,0.017252,-0.286739
1997-01-29,955.9600,962.1000,964.0200,955.1000,413085800,3597506560.0000,0.021683,0.605450
1997-01-30,960.4900,960.1700,962.9700,955.4700,352383100,2986692096.0000,0.018482,-0.200602
1997-01-31,960.2600,964.7400,967.9000,960.0800,408801600,3564975872.0000,0.021441,0.475958
1997-02-17,969.5300,982.4000,985.2100,959.7500,361696600,3281499648.0000,0.018971,1.830549
1997-02-18,980.4800,894.8500,999.2300,893.7500,727384800,6481373696.0000,0.038141,-8.911853
1997-02-19,911.5800,962.6900,962.6900,911.5800,540728100,4914741248.0000,0.028354,7.581161
1997-02-20,870.1800,965.0800,971.5100,870.1800,953084600,8113990656.0000,0.049909,0.248264
1997-02-21,967.6800,1017.1300,1017.3200,967.4900,1380838400,10832764928.0000,0.072308,5.393334
1997-02-24,1028.3500,1009.5600,1032.7000,1004.6200,1112275800,9187289088.0000,0.058083,-0.744252
1997-02-25,1009.0500,1017.9600,1028.3400,1009.0300,712574700,6507182080.0000,0.037211,0.832048
1997-02-26,1019.8600,1031.5100,1031.5100,1015.3900,616762100,5938470912.0000,0.032073,1.331092
1997-02-27,1035.3200,1025.3000,1038.4900,1020.3400,660077500,6136152576.0000,0.034326,-0.602026
1997-02-28,1023.3700,1040.2700,1040.3300,1010.2700,669806500,6086289408.0000,0.034779,1.460057
1997-03-03,1044.6100,1063.0500,1063.0500,1043.9300,900594400,8490248192.0000,0.046748,2.189819
1997-03-04,1063.2900,1068.1600,1070.2200,1048.4400,913979000,8433953792.0000,0.047443,0.480691
1997-03-05,1067.5800,1052.1500,1072.4600,1051.5200,788703100,7078184448.0000,0.040876,-1.498840
1997-03-06,1045.8900,1079.1300,1079.1300,1044.2400,870056000,7886975488.0000,0.045052,2.564271
1997-03-07,1083.0100,1077.7200,1086.6400,1070.8600,814057200,7905395712.0000,0.042152,-0.130664
1997-03-10,1085.9100,1099.6800,1100.5100,1085.8900,863186800,8990352384.0000,0.044557,2.037643
1997-03-11,1103.4300,1109.7300,1109.9500,1092.7200,833230200,8810178560.0000,0.043006,0.913895
1997-03-12,1112.7100,1126.1600,1126.4200,1109.4700,962785200,9840922624.0000,0.049693,1.480545
1997-03-13,1128.7100,1117.2800,1131.7400,1108.8900,913994800,8956417024.0000,0.047175,-0.788521
1997-03-14,1114.7400,1125.8000,1125.8200,1092.7000,818859300,8403021312.0000,0.042203,0.762568
1997-03-17,1138.2800,1158.4800,1159.5400,1138.2800,1128487000,12054988800.0000,0.058161,2.902818
1997-03-18,1164.9600,1162.6300,1177.0200,1148.0800,1050779300,11991783424.0000,0.054094,0.358230
1997-03-19,1167.0400,1161.2700,1170.4000,1156.1900,807192800,9403520000.0000,0.041554,-0.116975
1997-03-20,1162.2600,1120.7200,1168.4900,1119.6700,757637300,8328923648.0000,0.039003,-3.491871
1997-03-21,1116.7200,1167.1700,1167.2100,1116.5900,738373800,8497257984.0000,0.038011,4.144664
1997-03-24,1186.9500,1191.7300,1196.6400,1181.3300,1088861800,12424952832.0000,0.055961,2.104229
1997-03-25,1198.1600,1197.8400,1201.6200,1180.8800,900646900,10318559232.0000,0.046274,0.512699
1997-03-26,1204.2100,1215.3100,1215.4700,1201.1700,887276600,9614034944.0000,0.045587,1.458466
1997-03-27,1220.5500,1214.2600,1228.2400,1202.7700,968773600,10661140480.0000,0.049769,-0.086402
1997-03-28,1213.8100,1202.6700,1219.0400,1199.5300,753268000,8368521728.0000,0.038698,-0.954488
1997-03-31,1210.0200,1234.6200,1234.9600,1210.0000,850574900,9048963072.0000,0.043648,2.656585
1997-04-01,1243.8700,1241.0300,1246.3100,1234.2500,836788800,8328385536.0000,0.042941,0.519191
1997-04-02,1246.4100,1233.8500,1249.5700,1232.3100,758324000,8104114688.0000,0.038914,-0.578556
1997-04-03,1233.8200,1246.0300,1246.1800,1222.5600,689152300,7923153920.0000,0.035328,0.987158
1997-04-04,1258.0700,1260.9600,1269.7400,1251.6000,1016185200,12297445376.0000,0.051827,1.198200
1997-04-07,1259.5900,1276.4100,1276.5700,1252.7500,1009888500,11880395776.0000,0.051506,1.225263
1997-04-08,1277.0600,1247.2600,1278.3000,1246.7200,805377400,9738362880.0000,0.041049,-2.283751
1997-04-09,1251.5700,1286.8500,1286.9100,1251.5600,960450400,11978369024.0000,0.048953,3.174155
1997-04-10,1293.2600,1281.8900,1299.7400,1279.4900,1086132800,13078689792.0000,0.055060,-0.385434
1997-04-11,1279.3400,1278.5300,1283.5600,1251.0100,922372200,11052692480.0000,0.046740,-0.262112
1997-04-14,1293.9800,1316.9200,1325.6700,1293.9800,1411947300,15454527488.0000,0.071300,3.002668
1997-04-15,1318.5700,1324.9600,1326.3800,1298.1800,1032030200,11510269952.0000,0.052003,0.610509
1997-04-16,1334.3100,1327.7800,1338.4200,1318.1600,969708400,11061576704.0000,0.048694,0.212842
1997-04-17,1323.4200,1323.3700,1331.1800,1319.7600,780300400,8753417216.0000,0.039183,-0.332136
1997-04-18,1325.2300,1338.0300,1338.8500,1305.9600,880109800,9889556480.0000,0.044030,1.107780
1997-04-21,1355.5600,1362.0800,1365.2200,1350.8000,1237789000,13455767552.0000,0.061885,1.797413
1997-04-22,1362.9800,1365.5000,1368.8800,1354.4500,1085772100,11914352640.0000,0.054061,0.251090
1997-04-23,1370.0500,1378.8400,1380.3600,1368.6500,1052266100,13472004096.0000,0.052199,0.976929
1997-04-24,1370.1700,1380.2800,1386.5200,1356.5200,1003540600,13176252416.0000,0.049646,0.104440
1997-04-25,1382.9300,1364.9800,1386.2700,1363.9800,1044457000,13882035200.0000,0.051617,-1.108474
1997-04-28,1372.2600,1352.0000,1381.5600,1346.2600,922612000,12072769536.0000,0.045550,-0.950928
1997-04-29,1354.0000,1376.7700,1376.8200,1335.7600,834953200,10077060096.0000,0.041120,1.832102
1997-04-30,1385.3000,1393.7500,1396.4800,1376.4600,833159800,10347570176.0000,0.040944,1.233320
1997-05-05,1398.1400,1448.9300,1448.9900,1398.0500,1028834600,12890553344.0000,0.050556,3.959107
1997-05-06,1462.0300,1482.9900,1483.5000,1459.6800,1158537300,15976225792.0000,0.056389,2.350696
1997-05-07,1495.2200,1495.4600,1499.6200,1464.8600,1144278900,15637243904.0000,0.055674,0.840867
1997-05-08,1496.9800,1405.1800,1504.2600,1401.5900,1144965300,15588909056.0000,0.055497,-6.036932
1997-05-09,1412.9000,1467.2300,1469.0800,1394.4200,960198400,13238873088.0000,0.046541,4.415799
1997-05-12,1490.7800,1500.4000,1510.1800,1486.4500,1316287800,15982974976.0000,0.063719,2.260725
1997-05-13,1501.2500,1464.2800,1501.2500,1436.2100,1080846000,13042277376.0000,0.051921,-2.407358
1997-05-14,1447.6100,1379.2200,1447.6700,1378.0300,807545900,10436190208.0000,0.038792,-5.809002
1997-05-15,1371.1900,1417.6700,1425.3000,1360.2300,674249200,9072862208.0000,0.032317,2.787813
1997-05-16,1309.6000,1315.9200,1394.2100,1287.0700,976828400,12486788096.0000,0.046715,-7.177269
1997-05-19,1330.7900,1344.6100,1350.5800,1316.1300,561368300,6869278208.0000,0.026795,2.180219
1997-05-20,1351.6600,1381.1200,1386.3700,1351.2300,535449800,7286682624.0000,0.025488,2.715286
1997-05-21,1386.8500,1354.8800,1389.6000,1340.2900,565277600,7877208064.0000,0.026842,-1.899907
1997-05-22,1248.9700,1235.2200,1300.9800,1232.2000,667319400,8574500864.0000,0.031613,-8.831781
1997-05-23,1238.6900,1254.2700,1263.5200,1225.8000,539099000,7602164736.0000,0.025358,1.542239
1997-05-26,1268.5900,1251.5500,1275.3000,1213.2400,586391800,8336778752.0000,0.026985,-0.216857
1997-05-27,1258.3800,1281.7400,1281.7500,1253.2500,537760800,7523495936.0000,0.024709,2.412204
1997-05-28,1283.0000,1270.3500,1288.7400,1265.5700,480878200,7113637888.0000,0.021939,-0.888637
1997-05-29,1267.5200,1263.3500,1282.8500,1262.5700,466189700,6385676288.0000,0.021268,-0.551029
1997-05-30,1261.2900,1285.1800,1285.3900,1254.6200,393774600,5466626048.0000,0.017934,1.727952
1997-06-02,1302.8200,1336.2800,1336.4200,1302.1600,634405800,8578887680.0000,0.028878,3.976095
1997-06-03,1341.6800,1338.7600,1344.6400,1313.4600,705919600,9995071488.0000,0.032006,0.185588
1997-06-04,1345.3800,1361.1900,1363.7100,1344.5900,716713700,10386087936.0000,0.032407,1.675426
1997-06-05,1362.1900,1360.2300,1369.5100,1346.9700,602559400,9190508544.0000,0.027236,-0.070524
1997-06-06,1271.3100,1275.3000,1314.7300,1254.2700,921891500,13058514944.0000,0.041197,-6.243792
1997-06-09,1275.2500,1274.9200,1282.7500,1255.6700,348236600,4707606016.0000,0.015437,-0.029797
1997-06-10,1278.9900,1241.7400,1285.0400,1239.8600,275090100,3575955456.0000,0.012193,-2.602520
1997-06-11,1239.5000,1220.4000,1244.0100,1175.7100,367009800,4622822912.0000,0.016189,-1.718554
1997-06-12,1224.4700,1212.7700,1229.6400,1211.8000,291234500,3449201664.0000,0.012814,-0.625205
1997-06-13,1154.9800,1243.9800,1244.2400,1154.9700,454499700,5551122944.0000,0.019997,2.573444
1997-06-16,1255.7700,1261.4700,1269.6300,1255.7700,484055200,6258707968.0000,0.021161,1.405970
1997-06-17,1260.4100,1245.9300,1263.9000,1245.3400,360459500,4267129344.0000,0.015738,-1.231890
1997-06-18,1252.0200,1232.6800,1254.9000,1230.3000,328471900,3992862464.0000,0.014268,-1.063463
1997-06-19,1233.6800,1230.7400,1250.6400,1227.2500,308720700,4012370432.0000,0.013375,-0.157386
1997-06-20,1244.0000,1291.2000,1292.3200,1244.0000,484067000,6544560640.0000,0.020941,4.912488
1997-06-23,1313.2400,1283.5000,1322.9800,1265.1800,621643700,9060128768.0000,0.026862,-0.596341
1997-06-24,1287.1900,1303.9300,1304.0500,1283.7200,414551200,5712507904.0000,0.017902,1.591746
1997-06-25,1309.3400,1297.5900,1311.2000,1293.3500,444195700,6130002944.0000,0.019105,-0.486229
1997-06-26,1295.1100,1284.4600,1295.1500,1280.8500,410607900,5216910336.0000,0.017549,-1.011876
1997-06-27,1287.9200,1250.2700,1291.9800,1246.9300,563251000,8350718976.0000,0.023928,-2.661814
1997-07-02,1255.9100,1199.0600,1261.5700,1147.3300,392386100,5649594880.0000,0.016643,-4.095912
1997-07-03,1194.6800,1150.6200,1194.6800,1149.9400,373727100,4686329344.0000,0.015685,-4.039836
1997-07-04,1138.9200,1159.3400,1163.2500,1124.7800,444542000,5035910144.0000,0.018469,0.757850
1997-07-07,1161.7100,1096.8200,1163.4500,1085.5700,352613300,4145645056.0000,0.014604,-5.392725
1997-07-08,1092.8000,1109.6700,1115.4300,1066.0400,367520100,4299877888.0000,0.015168,1.171578
1997-07-09,1113.6400,1120.8400,1122.6700,1104.0900,321446500,3476656384.0000,0.013196,1.006598
1997-07-10,1121.2600,1120.1500,1137.8700,1115.2100,335419000,3583109376.0000,0.013756,-0.061556
1997-07-11,1116.4200,1154.9200,1155.0600,1114.4000,396597400,4611333632.0000,0.016235,3.104050
1997-07-14,1163.2900,1185.7200,1185.7800,1158.4500,557316400,6522437632.0000,0.022785,2.666845
1997-07-15,1189.4700,1200.1100,1201.2100,1180.1900,572759600,6440764928.0000,0.023410,1.213610
1997-07-16,1201.6000,1190.8300,1204.8600,1184.4500,527363000,6246713856.0000,0.021518,-0.773265
1997-07-17,1188.2700,1197.2300,1203.5000,1180.9300,457871800,5560614912.0000,0.018683,0.537442
1997-07-18,1199.4000,1209.8600,1210.4400,1191.2900,476596400,5982633984.0000,0.019322,1.054936
1997-07-21,1215.8400,1193.5300,1218.4800,1188.8800,494028000,5993836544.0000,0.020011,-1.349739
1997-07-22,1189.1200,1208.2500,1208.2600,1163.4700,455263000,5444710912.0000,0.018432,1.233314
1997-07-23,1219.0600,1198.8600,1223.8200,1194.7000,480842400,5461629440.0000,0.019412,-0.777158
1997-07-24,1194.7100,1174.2200,1200.3100,1172.3700,332595700,3820911104.0000,0.013375,-2.055287
1997-07-25,1166.5700,1170.8600,1177.6500,1158.1400,311225300,3445143040.0000,0.012514,-0.286146
1997-07-28,1167.8100,1141.7800,1167.8800,1138.4800,305953700,3327072512.0000,0.012299,-2.483641
1997-07-29,1137.3200,1153.2300,1161.2000,1133.1800,303311200,2967735296.0000,0.012150,1.002816
1997-07-30,1157.0900,1179.4200,1179.4800,1157.0000,365235100,3508086272.0000,0.014630,2.271018
1997-07-31,1184.9400,1189.7600,1192.2000,1179.7200,376326500,3644509184.0000,0.015074,0.876699
1997-08-01,1191.6500,1192.8300,1194.0300,1182.2200,328647800,3105525760.0000,0.013153,0.258031
1997-08-04,1196.2500,1200.3300,1201.9200,1188.6800,432669000,4201353984.0000,0.017209,0.628757
1997-08-05,1203.3600,1196.2700,1207.2300,1193.7000,359745600,3481090304.0000,0.014252,-0.338235
1997-08-06,1196.0400,1171.9400,1197.4500,1170.2700,297232000,2869078784.0000,0.011765,-2.033828
1997-08-07,1167.9300,1199.2400,1199.2400,1161.6300,344869800,3132656640.0000,0.013631,2.329475
1997-08-08,1205.9500,1206.0500,1216.5600,1201.3600,703374000,5940436992.0000,0.027620,0.567864
1997-08-11,1206.4600,1184.0800,1206.7600,1182.4500,503650800,4929063424.0000,0.019777,-1.821657
1997-08-12,1177.2600,1146.8100,1183.4400,1145.7500,393690100,3871581696.0000,0.015460,-3.147583
1997-08-13,1139.2500,1120.1300,1153.5000,1118.2000,346081500,3209822208.0000,0.013590,-2.326458
1997-08-14,1120.4700,1168.1100,1168.3400,1120.2500,395297000,3598622976.0000,0.015523,4.283430
1997-08-15,1174.1800,1143.0600,1174.8800,1133.8900,476761400,3827543808.0000,0.018722,-2.144484
1997-08-18,1139.6100,1134.6300,1139.6100,1116.1500,335746400,2998716160.0000,0.013150,-0.737499
1997-08-19,1134.6200,1132.9100,1143.2000,1128.1100,257198000,2344032256.0000,0.010067,-0.151589
1997-08-20,1135.0500,1144.6400,1144.6500,1133.7400,250738300,2295861760.0000,0.009811,1.035385
1997-08-21,1148.3900,1164.5500,1165.2200,1147.8200,400722400,3786447360.0000,0.015680,1.739414
1997-08-22,1159.3900,1171.8300,1174.4900,1156.8300,433739900,3976633088.0000,0.016972,0.625126
1997-08-25,1175.4500,1184.1000,1184.3300,1175.3800,453960200,4315869696.0000,0.017758,1.047082
1997-08-26,1186.0700,1194.0400,1194.1300,1181.2400,554979200,5340460032.0000,0.021658,0.839461
1997-08-27,1195.4300,1198.5100,1199.4700,1188.3300,543372000,4741972992.0000,0.021185,0.374357
1997-08-28,1201.0600,1213.8900,1216.0800,1194.6800,694265700,6013709312.0000,0.026992,1.283260
1997-08-29,1214.3100,1221.0600,1223.0700,1209.4800,731864300,6150700032.0000,0.028440,0.590667
1997-09-01,1224.1800,1229.8700,1230.0700,1219.1000,679821500,5991917056.0000,0.026342,0.721499
1997-09-02,1228.4800,1226.3000,1232.6900,1215.9200,589620600,5091316224.0000,0.022843,-0.290270
1997-09-03,1223.6200,1240.8200,1243.3300,1223.4600,575803700,5352406016.0000,0.022274,1.184041
1997-09-04,1245.7800,1251.3000,1253.1500,1245.6400,544704800,5370932224.0000,0.021063,0.844611
1997-09-05,1250.6000,1251.5500,1253.3500,1241.2200,472278000,4392509952.0000,0.018257,0.019979
1997-09-08,1253.1500,1255.2300,1257.5500,1245.7400,548425400,4763892224.0000,0.021177,0.294030
1997-09-09,1255.1800,1231.0300,1257.9300,1230.4400,454445300,4003547392.0000,0.017540,-1.927930
1997-09-10,1230.4300,1256.0400,1256.0400,1227.6400,539072300,4406576128.0000,0.020807,2.031633
1997-09-11,1260.5200,1242.7100,1264.4900,1236.1100,713364000,5885819392.0000,0.027534,-1.061278
1997-09-12,1240.5000,1208.7000,1247.9100,1207.8300,431066500,3565977088.0000,0.016638,-2.736762
1997-09-15,1205.9000,1179.2900,1211.6800,1175.9500,357837300,3010796288.0000,0.013811,-2.433186
1997-09-16,1182.7600,1187.2200,1193.8500,1181.1700,265195300,2091516288.0000,0.010229,0.672433
1997-09-17,1188.8900,1167.5600,1191.3000,1162.2400,242595200,1907661184.0000,0.009357,-1.655962
1997-09-18,1169.6700,1172.3700,1181.7500,1164.6500,230095600,1907745024.0000,0.008875,0.411965
1997-09-19,1174.7700,1184.5200,1185.0900,1168.8700,201843600,1728449664.0000,0.007773,1.036364
1997-09-22,1184.4900,1103.9700,1185.1000,1102.6200,306264200,2424971008.0000,0.011794,-6.800227
1997-09-23,1096.1900,1041.9700,1105.2800,1025.1300,429958900,3016464896.0000,0.016155,-5.616095
1997-09-24,1064.6600,1110.0100,1110.1100,1064.6600,496402600,4005446144.0000,0.018602,6.529942
1997-09-25,1118.3700,1117.0100,1130.1300,1106.2500,433633300,3508322048.0000,0.016250,0.630625
1997-09-26,1118.6900,1109.6300,1118.9400,1094.4200,274170500,2176719104.0000,0.010274,-0.660693
1997-09-29,1106.3400,1084.0700,1106.3400,1079.3400,243615300,2035517312.0000,0.009086,-2.303476
1997-09-30,1083.4100,1097.3800,1100.3900,1083.2300,204530000,1663257984.0000,0.007629,1.227786
1997-10-06,1100.7000,1098.9000,1105.4100,1091.1500,156593200,1229231744.0000,0.005841,0.138514
1997-10-07,1098.2900,1102.5700,1102.7100,1087.0200,176238400,1200352128.0000,0.006562,0.333963
1997-10-08,1122.9700,1134.8700,1140.9400,1116.7100,293382300,2243619328.0000,0.010923,2.929524
1997-10-09,1134.5900,1122.4700,1138.6600,1120.0900,202503100,1541477504.0000,0.007539,-1.092638
1997-10-10,1121.3400,1130.7900,1131.5700,1120.5100,195193100,1501252224.0000,0.007267,0.741229
1997-10-13,1136.4300,1119.8200,1138.4000,1117.3900,189929200,1457219712.0000,0.007071,-0.970126
1997-10-14,1116.3000,1117.9300,1118.0200,1105.7000,153806000,1150947840.0000,0.005726,-0.168767
1997-10-15,1119.1100,1125.7800,1129.6500,1116.4300,214522800,1749252224.0000,0.007960,0.702188
1997-10-16,1131.4000,1150.3100,1151.3900,1131.3900,338623300,3291869696.0000,0.012511,2.178936
1997-10-17,1155.4200,1176.4900,1180.2200,1153.9000,459994200,4774029824.0000,0.016995,2.275902
1997-10-20,1183.7400,1187.3700,1191.0400,1173.5600,460895600,4829096448.0000,0.017026,0.924785
1997-10-21,1190.5000,1191.8700,1192.3400,1179.5700,423214500,4282884608.0000,0.015533,0.378989
1997-10-22,1193.7000,1177.5200,1203.0200,1168.4500,608287100,6653317120.0000,0.022304,-1.203988
1997-10-23,1178.9800,1173.3600,1186.0700,1170.2300,415478600,4283534592.0000,0.015220,-0.353288
1997-10-24,1172.8800,1178.3100,1179.8100,1164.0600,377592100,3588265472.0000,0.013797,0.421872
1997-10-27,1183.6500,1235.8300,1235.9500,1183.6500,656390200,6914509312.0000,0.023984,4.881558
1997-10-28,1239.5900,1177.9200,1241.8300,1172.8900,524823900,5535180288.0000,0.019155,-4.685913
1997-10-29,1168.2300,1184.0900,1188.8000,1162.9800,359100200,3588121600.0000,0.013103,0.523798
1997-10-30,1189.2700,1174.8500,1207.9700,1173.6500,481737700,5026978816.0000,0.017554,-0.780345
1997-10-31,1164.9100,1180.3900,1181.5100,1158.7400,305033700,2911499520.0000,0.011115,0.471553
1997-11-03,1181.1600,1180.8500,1185.0700,1176.5500,256218200,2485202432.0000,0.009337,0.038967
1997-11-04,1180.8700,1184.7000,1190.4700,1180.8700,236232800,2209279488.0000,0.008608,0.326034
1997-11-05,1186.1000,1194.0400,1194.6700,1179.3500,491968000,4369456640.0000,0.017753,0.788393
1997-11-06,1198.6600,1181.1200,1203.0900,1179.5800,428156000,4356875264.0000,0.015421,-1.082044
1997-11-07,1181.7800,1195.1400,1195.7400,1177.6300,362750100,3603232256.0000,0.013065,1.187011
1997-11-10,1199.3700,1185.7800,1202.5800,1178.6300,399657400,4219254272.0000,0.014394,-0.783171
1997-11-11,1183.4200,1186.6300,1187.7400,1168.4800,299653600,2992529152.0000,0.010792,0.071681
1997-11-12,1190.0100,1174.1900,1193.5300,1171.5600,294910300,2883434752.0000,0.010622,-1.048352
1997-11-13,1169.7000,1185.0200,1185.2800,1157.2900,298194500,2927517952.0000,0.010740,0.922345
1997-11-14,1187.3500,1197.8300,1208.8400,1181.6900,389376600,3854694400.0000,0.014024,1.080989
1997-11-17,1210.6800,1191.3300,1213.2300,1190.4300,272294300,2651546880.0000,0.009804,-0.542648
1997-11-18,1190.2600,1183.3500,1193.3100,1182.6100,256370400,2459010304.0000,0.009216,-0.669838
1997-11-19,1185.1000,1181.6300,1191.9600,1175.7800,265686000,2347195392.0000,0.009550,-0.145348
1997-11-20,1182.7400,1172.4300,1189.5000,1169.1000,324575100,2811422464.0000,0.011667,-0.778581
1997-11-21,1168.9700,1158.5600,1169.1100,1152.0100,292730100,2736144128.0000,0.010522,-1.183013
1997-11-24,1150.4200,1124.9400,1150.5600,1122.9400,296675300,2616503808.0000,0.010660,-2.901888
1997-11-25,1120.8600,1125.5300,1131.1300,1114.1400,358424200,3562739456.0000,0.012755,0.052455
1997-11-26,1126.6000,1143.8200,1143.8200,1124.4800,234727800,2070071936.0000,0.008346,1.625005
1997-11-27,1141.7700,1122.5200,1141.9700,1120.5200,251261900,2287806720.0000,0.008922,-1.862175
1997-11-28,1117.5700,1139.6300,1139.6400,1114.4300,265787000,2630263296.0000,0.009434,1.524248
1997-12-01,1137.5900,1133.0900,1139.2900,1130.4500,231287500,2348490752.0000,0.008205,-0.573874
1997-12-02,1133.5900,1130.1700,1139.6000,1128.5000,187537400,1777467008.0000,0.006653,-0.257696
1997-12-03,1129.7800,1122.5500,1130.3200,1121.5900,191799200,1790538496.0000,0.006790,-0.674234
1997-12-04,1121.8000,1135.8700,1137.0100,1119.2000,229065700,2269438208.0000,0.008091,1.186579
1997-12-05,1139.4800,1136.2000,1144.2200,1134.9300,239665200,2269563136.0000,0.008436,0.029049
1997-12-08,1140.5500,1139.3600,1143.0800,1136.5800,209640300,1934358784.0000,0.007376,0.278123
1997-12-09,1139.8100,1148.1700,1148.1700,1137.3200,214626700,2082659584.0000,0.007547,0.773246
1997-12-10,1150.4800,1157.8400,1158.9900,1149.3300,236871600,2269650944.0000,0.008329,0.842203
1997-12-11,1159.0500,1159.1700,1159.7500,1145.5500,231763600,2515715840.0000,0.008146,0.114876
1997-12-12,1160.2200,1153.8400,1165.8100,1153.4300,257110000,2832869632.0000,0.009027,-0.459819
1997-12-15,1155.7200,1168.0300,1168.0600,1155.6000,316617600,3320915200.0000,0.011113,1.229812
1997-12-16,1170.4600,1174.8000,1174.8100,1165.6000,333919300,3758268416.0000,0.011709,0.579610
1997-12-17,1169.6400,1146.5200,1169.7400,1145.8900,332345700,3647474944.0000,0.011654,-2.407221
1997-12-18,1142.1000,1154.1700,1159.1100,1138.4000,304900800,3185970688.0000,0.010689,0.667239
1997-12-19,1154.7000,1160.7700,1161.8800,1151.1400,324467000,3346951424.0000,0.011373,0.571837
1997-12-22,1162.6800,1169.0100,1169.0300,1153.4400,423341500,4923252224.0000,0.014839,0.709873
1997-12-23,1171.9000,1171.2500,1176.9200,1165.0600,331363300,3795481344.0000,0.011614,0.191614
1997-12-24,1171.7400,1169.6600,1173.5400,1164.8600,317898800,3355945984.0000,0.011140,-0.135749
1997-12-25,1170.5600,1181.2800,1181.4800,1169.9900,359840000,4117566208.0000,0.012607,0.993451
1997-12-26,1187.7500,1191.9200,1194.2400,1186.5300,419291800,4857847296.0000,0.014689,0.900719
1997-12-29,1196.3000,1186.6100,1198.9700,1185.6600,367020900,3902572288.0000,0.012853,-0.445505
1997-12-30,1186.1400,1181.1400,1193.6200,1179.5600,279294000,2955963904.0000,0.009781,-0.460975
1997-12-31,1182.2500,1194.1000,1195.0500,1182.2500,309324900,3585276928.0000,0.010833,1.097242
1998-01-05,1200.9500,1220.4700,1220.5000,1200.2200,437153200,5363527680.0000,0.015310,2.208357
1998-01-06,1223.7300,1233.6200,1233.6400,1215.4100,514866400,6196189184.0000,0.018017,1.077456
1998-01-07,1233.9600,1244.0700,1244.1000,1231.1500,575655600,6276869632.0000,0.020093,0.847096
1998-01-08,1243.1200,1237.1600,1250.0100,1235.8900,406947200,4535351296.0000,0.014201,-0.555428
1998-01-09,1233.7000,1239.9000,1245.0000,1221.3000,535709600,6395907584.0000,0.018688,0.221474
1998-01-12,1242.2100,1226.9700,1246.6500,1226.4000,573968800,6646772224.0000,0.020023,-1.042830
1998-01-13,1211.8800,1167.6500,1211.8800,1110.0900,719443500,8983543808.0000,0.025097,-4.834670
1998-01-14,1170.3500,1202.2200,1203.2500,1170.3200,570380000,6237845504.0000,0.019897,2.960643
1998-01-15,1210.4200,1215.4300,1217.8600,1196.1500,553925500,5643742208.0000,0.019295,1.098808
1998-01-16,1215.8200,1213.9600,1220.9700,1207.9200,412032600,4534913024.0000,0.014340,-0.120953
1998-01-19,1215.4100,1213.1300,1216.9900,1205.4800,326203800,3662318080.0000,0.011349,-0.068368
1998-01-20,1211.2800,1203.7200,1215.5700,1195.3800,312937700,3443180032.0000,0.010884,-0.775682
1998-01-21,1201.9900,1200.2000,1209.6900,1198.2300,303297200,2739035392.0000,0.010549,-0.292428
1998-01-22,1200.5200,1204.4300,1207.4500,1194.3800,436125400,4027799040.0000,0.014970,0.352450
1998-01-23,1206.5000,1222.9100,1224.1200,1206.4500,358068400,3378707456.0000,0.012276,1.534334
1998-02-09,1258.0000,1248.0400,1262.6200,1244.4300,435858400,4617527296.0000,0.014929,2.054935
1998-02-10,1248.6000,1236.5100,1248.6000,1233.7000,532456200,4834392064.0000,0.018237,-0.923851
1998-02-11,1234.1800,1250.2400,1251.4500,1233.5300,481552000,4262614016.0000,0.016494,1.110382
1998-02-12,1253.3900,1246.3000,1254.4100,1242.0000,474907700,4545818112.0000,0.016246,-0.315135
1998-02-13,1246.7300,1245.9100,1251.9100,1241.8200,409773500,4452571136.0000,0.014018,-0.031294
1998-02-16,1246.8000,1236.2400,1247.9700,1230.9200,461535800,4970756096.0000,0.015746,-0.776143
1998-02-17,1234.8400,1238.5000,1240.5800,1228.1100,352585800,3717914624.0000,0.012023,0.182813
1998-02-18,1239.6300,1229.8300,1240.1800,1225.5000,461406600,4675451392.0000,0.015578,-0.700044
1998-02-19,1229.8100,1232.5800,1235.4900,1223.9300,330071300,3345370624.0000,0.011144,0.223608
1998-02-20,1234.6000,1226.0200,1237.9200,1224.5800,315923300,3200611840.0000,0.010666,-0.532212
1998-02-23,1217.8600,1208.6000,1217.8600,1195.8900,380753300,3921520640.0000,0.012855,-1.420861
1998-02-24,1206.9300,1208.2200,1216.3500,1206.0900,352668400,3246038016.0000,0.011892,-0.031442
1998-02-25,1208.5200,1194.6700,1209.4900,1191.7500,342846600,3325572608.0000,0.011553,-1.121478
1998-02-26,1193.0000,1206.6700,1206.6700,1189.5200,314777500,3223860992.0000,0.010607,1.004462
1998-02-27,1209.4400,1206.5300,1213.7300,1202.8700,358215000,3607948288.0000,0.012055,-0.011603
1998-03-02,1196.7400,1188.3100,1205.7500,1182.6100,484315400,4824057344.0000,0.016295,-1.510113
1998-03-03,1186.5200,1201.7900,1201.8000,1185.3000,356129600,3497563904.0000,0.011972,1.134382
1998-03-04,1204.9500,1213.2500,1214.0000,1201.2500,359514800,4065636096.0000,0.012078,0.953574
1998-03-05,1217.8500,1207.5400,1219.2800,1206.3700,322341800,3570224640.0000,0.010830,-0.470633
1998-03-06,1208.7500,1206.4500,1208.9800,1202.1200,308502000,3304971776.0000,0.010362,-0.090273
1998-03-09,1207.9600,1200.8300,1208.6200,1197.5700,309109400,3486186240.0000,0.010382,-0.465829
1998-03-10,1199.6300,1199.8300,1205.8300,1186.5500,298064300,3271175424.0000,0.010011,-0.083276
1998-03-11,1201.2600,1190.0400,1210.5300,1187.4400,365596600,4330453504.0000,0.012243,-0.815942
1998-03-12,1187.5400,1178.9700,1188.2800,1175.5500,250410000,2586090752.0000,0.008386,-0.930226
1998-03-13,1177.8200,1184.9600,1184.9600,1176.0100,233152800,2449195776.0000,0.007808,0.508070
1998-03-16,1186.1900,1188.4800,1188.6200,1179.4400,301891100,3361364480.0000,0.010110,0.297058
1998-03-17,1193.6700,1202.8400,1202.8400,1193.2400,373376000,4211386368.0000,0.012502,1.208265
1998-03-18,1204.1000,1193.9100,1204.7400,1191.9100,362260800,4012765184.0000,0.012113,-0.742404
1998-03-19,1192.4000,1188.7200,1195.8300,1184.8700,335943800,3477551360.0000,0.011233,-0.434711
1998-03-20,1188.6000,1187.5000,1192.3200,1183.2500,278982400,2931556096.0000,0.009328,-0.102629
1998-03-23,1186.5600,1179.8700,1186.8600,1178.0400,361032100,3843850752.0000,0.012072,-0.642527
1998-03-24,1180.0900,1194.0200,1194.0600,1179.9700,351972500,3649985536.0000,0.011766,1.199287
1998-03-25,1207.6200,1191.5500,1209.7700,1188.8500,412585500,4565068288.0000,0.013786,-0.206862
1998-03-26,1191.0000,1188.8700,1193.8200,1186.2200,452050100,4470460416.0000,0.015105,-0.224922
1998-03-27,1189.4100,1223.5700,1223.9300,1188.8600,682885500,7179516416.0000,0.022778,2.918734
1998-03-30,1230.9400,1249.4400,1249.4400,1228.3000,729618400,7862278144.0000,0.024290,2.114305
1998-03-31,1251.3400,1243.0200,1252.2400,1238.6400,609167600,6380874752.0000,0.020267,-0.513824
1998-04-01,1243.3700,1254.9700,1255.0100,1240.0600,622217400,6704314880.0000,0.020701,0.961364
1998-04-02,1259.5900,1269.0200,1285.0300,1259.5800,1031202800,10971260928.0000,0.034268,1.119553
1998-04-03,1268.5700,1286.0800,1286.1100,1266.0300,791090100,8314567168.0000,0.026260,1.344339
1998-04-06,1291.6100,1306.3800,1306.3800,1286.4300,1020702500,10166654976.0000,0.033871,1.578444
1998-04-07,1308.5600,1303.1400,1310.2900,1296.5400,1627882600,8076861440.0000,0.053872,-0.248013
1998-04-08,1303.4100,1322.7900,1322.8300,1302.4100,1413919300,10762975232.0000,0.046309,1.507898
1998-04-09,1326.4400,1297.2300,1328.7900,1288.8900,1511702100,11900295168.0000,0.049511,-1.932284
1998-04-10,1294.6200,1311.5100,1311.5300,1293.5900,1462679900,9246627840.0000,0.047781,1.100809
1998-04-13,1319.9500,1318.7500,1326.3000,1311.8300,1214580800,10267523072.0000,0.039649,0.552035
1998-04-14,1318.2700,1313.7200,1320.9100,1304.3800,855311600,6656103424.0000,0.027915,-0.381424
1998-04-15,1314.1700,1324.7100,1324.7100,1314.0700,955450300,6992299520.0000,0.031149,0.836555
1998-04-16,1324.0400,1316.2500,1326.4200,1312.5700,944117500,7941408768.0000,0.030741,-0.638627
1998-04-17,1311.5400,1298.1100,1311.7300,1291.0800,878601400,7251757568.0000,0.028582,-1.378159
1998-04-20,1292.1600,1296.0100,1302.9800,1286.5900,737713900,6776031232.0000,0.023894,-0.161772
1998-04-21,1296.7700,1305.2200,1307.8600,1295.0600,656345400,5654055424.0000,0.021244,0.710640
1998-04-22,1307.8300,1332.1800,1333.0700,1307.8300,790204900,7337908736.0000,0.025577,2.065558
1998-04-23,1337.4900,1324.5600,1340.2500,1321.0400,1065313000,7752375296.0000,0.034437,-0.571994
1998-04-24,1324.4600,1315.1700,1331.8600,1313.6100,970462200,7782672896.0000,0.031338,-0.708916
1998-04-27,1314.3500,1310.3800,1318.8000,1303.4800,1106460500,7534817792.0000,0.035576,-0.364214
1998-04-28,1315.3500,1332.9900,1333.0900,1315.3300,958932900,7375241728.0000,0.030813,1.725453
1998-04-29,1337.8900,1332.5000,1341.5800,1328.5600,827067300,6369540096.0000,0.026514,-0.036759
1998-04-30,1336.0100,1343.4500,1343.4600,1335.5500,885859300,6900203008.0000,0.028316,0.821760
1998-05-04,1353.0600,1352.9300,1355.5200,1345.3600,1103649100,7962726400.0000,0.035265,0.705654
1998-05-05,1355.0500,1352.5200,1356.0600,1346.5900,801924400,6171312128.0000,0.025600,-0.030307
1998-05-06,1352.7200,1348.4100,1355.6600,1341.8100,763829500,7138631680.0000,0.024338,-0.303876
1998-05-07,1348.8900,1327.8700,1352.5500,1326.6500,795819500,7922400768.0000,0.025351,-1.523278
1998-05-08,1324.7400,1357.6000,1357.6000,1324.7200,1686123200,8247828992.0000,0.053679,2.238923
1998-05-11,1367.2400,1354.6100,1368.0300,1351.5900,1342161500,10849202176.0000,0.042657,-0.220241
1998-05-12,1358.9600,1349.6500,1360.0600,1342.7300,867969600,7079641600.0000,0.027485,-0.366154
1998-05-13,1351.1800,1369.2600,1369.3000,1351.0000,1020086200,8644810752.0000,0.032282,1.452968
1998-05-14,1373.1700,1367.1300,1376.3000,1360.8900,1236781400,8758128640.0000,0.039140,-0.155559
1998-05-15,1373.4300,1368.0900,1379.1300,1361.8400,1021641900,7754799616.0000,0.032213,0.070217
1998-05-18,1373.6700,1368.1800,1376.3800,1360.4700,826120300,5862340608.0000,0.026029,0.006585
1998-05-19,1370.6800,1362.2900,1372.8700,1355.5400,623135400,5012032000.0000,0.019565,-0.430500
1998-05-20,1362.6900,1357.4300,1365.1000,1352.1700,672030000,6168455168.0000,0.021040,-0.356751
1998-05-21,1356.9600,1366.6600,1367.7200,1350.2600,676192500,5858890240.0000,0.021170,0.679960
1998-05-22,1371.3700,1375.8200,1379.8900,1370.7200,800190200,7875853312.0000,0.025043,0.670241
1998-05-25,1380.1300,1389.3700,1389.6600,1376.2000,1070688500,9717718016.0000,0.033467,0.984871
1998-05-26,1392.7500,1390.4200,1394.4400,1383.7600,875233700,8669719552.0000,0.027292,0.075577
1998-05-27,1393.7400,1399.5400,1399.5400,1390.5500,882741600,8857819136.0000,0.027407,0.655917
1998-05-28,1402.8500,1397.9000,1405.5800,1392.9000,830878700,7858011648.0000,0.025777,-0.117182
1998-05-29,1402.6800,1411.2100,1411.3500,1402.0200,950879600,9205402624.0000,0.029410,0.952138
1998-06-01,1418.3500,1415.5800,1420.5500,1411.0600,983990000,9925498880.0000,0.030419,0.309663
1998-06-02,1419.2200,1413.0800,1419.5800,1402.6300,795094200,7266593792.0000,0.024487,-0.176606
1998-06-03,1415.0200,1420.0000,1421.1200,1413.1100,855816800,7012815360.0000,0.026348,0.489714
1998-06-04,1420.9900,1406.3000,1422.9800,1402.7500,763649000,7121954816.0000,0.023492,-0.964785
1998-06-05,1404.0800,1408.6100,1414.3600,1390.6300,756791600,7804385792.0000,0.023225,0.164256
1998-06-08,1411.9600,1403.7300,1415.1800,1401.0600,668832500,6748413952.0000,0.020481,-0.346441
1998-06-09,1400.3500,1369.6500,1400.3500,1357.4700,722689700,6894226944.0000,0.022060,-2.427814
1998-06-10,1367.7400,1368.3000,1377.8300,1359.3900,535522100,5648767488.0000,0.016334,-0.098564
1998-06-11,1367.5600,1347.6800,1371.1500,1346.0700,423951700,4017341440.0000,0.012921,-1.506979
1998-06-12,1373.1100,1383.3900,1383.4700,1365.0800,542509600,5286896640.0000,0.016479,2.649736
1998-06-15,1385.3300,1365.3400,1386.9900,1359.8800,548843000,5746006016.0000,0.016671,-1.304769
1998-06-16,1362.5900,1348.5900,1362.5900,1323.5300,592927400,5688431616.0000,0.017948,-1.226801
1998-06-17,1349.0000,1348.9400,1356.6600,1344.4400,513160500,4693476352.0000,0.015533,0.025951
1998-06-18,1352.2400,1370.6900,1372.1200,1352.2400,524371700,4574002176.0000,0.015873,1.612377
1998-06-19,1376.1900,1392.8800,1392.8800,1376.1900,535910200,5865710592.0000,0.016217,1.618897
1998-06-22,1400.4700,1399.3600,1401.5100,1392.0600,643384300,7335548928.0000,0.019407,0.465222
1998-06-23,1398.2400,1397.9600,1398.7100,1385.4500,639347300,7194499072.0000,0.019207,-0.100047
1998-06-24,1399.7100,1401.7400,1402.1400,1390.8600,631529900,6638772736.0000,0.018836,0.270396
1998-06-25,1402.9500,1382.0400,1404.0500,1377.1800,506546100,5084424704.0000,0.015097,-1.405393
1998-06-26,1383.2900,1385.6200,1388.5500,1376.4100,1017813500,5311187456.0000,0.030265,0.259034
1998-06-29,1387.0200,1361.4300,1387.1900,1356.2200,601549100,4858413568.0000,0.017872,-1.745785
1998-06-30,1360.6200,1339.2000,1363.5900,1335.2100,381065600,3707584256.0000,0.011322,-1.632849
1998-07-01,1363.2700,1316.4400,1367.1500,1315.1800,555041600,4673538560.0000,0.016450,-1.699523
1998-07-02,1314.1000,1331.6500,1331.6500,1297.0000,484588800,4305714688.0000,0.014341,1.155395
1998-07-03,1335.8400,1335.1300,1341.7300,1327.8000,545063600,4619806720.0000,0.016112,0.261329
1998-07-06,1339.2600,1315.2800,1339.6800,1313.2800,462786300,4031200768.0000,0.013623,-1.486745
1998-07-07,1313.6500,1324.4000,1324.4100,1307.9100,351521900,3019955200.0000,0.010305,0.693388
1998-07-08,1326.8200,1338.9800,1339.1600,1326.6300,345298400,3153977344.0000,0.010122,1.100873
1998-07-09,1341.3500,1343.2300,1344.4300,1336.6600,398818200,3240223744.0000,0.011691,0.317406
1998-07-10,1344.7500,1360.6200,1360.6400,1344.6300,529792500,4068972288.0000,0.015494,1.294642
1998-07-13,1362.6900,1358.8100,1363.0000,1352.1600,479518400,4402662912.0000,0.014024,-0.133023
1998-07-14,1360.6100,1336.5600,1361.1900,1334.7100,515627400,4973576192.0000,0.015047,-1.637462
1998-07-15,1332.4100,1335.4700,1341.6400,1326.3200,433596500,4293266432.0000,0.012650,-0.081559
1998-07-16,1335.3000,1325.6300,1337.6400,1317.8900,435545200,4265023488.0000,0.012704,-0.736817
1998-07-17,1325.8800,1314.7200,1330.8200,1311.7500,512615000,4607755264.0000,0.014952,-0.823008
1998-07-20,1311.0600,1287.0700,1311.1500,1278.3000,485388700,4140592640.0000,0.014146,-2.103111
1998-07-21,1285.7900,1313.0100,1318.9300,1284.8000,407716800,3651872000.0000,0.011852,2.015435
1998-07-22,1312.2300,1299.1500,1312.3700,1295.6100,349492400,3328691712.0000,0.010141,-1.055589
1998-07-23,1299.2200,1316.2700,1316.2900,1299.1500,410816800,3245838336.0000,0.011910,1.317784
1998-07-24,1317.8500,1326.8200,1330.4900,1317.8500,410907500,3877897984.0000,0.011908,0.801502
1998-07-27,1328.3400,1321.9000,1328.7300,1314.7300,395497000,3427756800.0000,0.011437,-0.370806
1998-07-28,1321.6300,1317.9500,1324.2700,1313.2000,340169000,2866543616.0000,0.009824,-0.298818
1998-07-29,1317.9300,1311.9400,1321.2600,1308.2600,385013800,3146728448.0000,0.011108,-0.456012
1998-07-30,1312.8600,1315.3000,1318.0200,1309.7700,986043000,3247826688.0000,0.028435,0.256117
1998-07-31,1316.3100,1316.9200,1319.3600,1312.3800,482576000,3482685440.0000,0.013916,0.123165
1998-08-03,1315.1400,1302.1000,1315.4700,1299.9300,462257500,3181406208.0000,0.013331,-1.125358
1998-08-04,1299.7300,1293.4600,1299.7300,1283.2000,415988600,2839310848.0000,0.011981,-0.663545
1998-08-05,1293.7000,1307.4400,1307.4800,1293.1200,568248300,2745259008.0000,0.016367,1.080821
1998-08-06,1310.3000,1294.1600,1312.6000,1292.3900,623644600,2897824000.0000,0.017949,-1.015718
1998-08-07,1292.0800,1271.0700,1292.3100,1267.9200,567622700,4386632192.0000,0.016310,-1.784176
1998-08-10,1262.0100,1234.5800,1262.0300,1227.4700,489010200,3336072704.0000,0.013980,-2.870809
1998-08-11,1230.3800,1207.6700,1241.7800,1206.6400,362713900,2745318656.0000,0.010368,-2.179682
1998-08-12,1204.3600,1190.5500,1207.7300,1158.7900,530602800,3868194048.0000,0.015140,-1.417605
1998-08-13,1193.3700,1204.1800,1205.8600,1185.5700,421402100,3379172864.0000,0.012012,1.144849
1998-08-14,1202.3800,1168.0300,1202.3800,1165.8700,468920800,3431901440.0000,0.013366,-3.002045
1998-08-17,1152.6700,1070.4100,1152.6700,1068.6600,536182000,3434631936.0000,0.015274,-8.357661
1998-08-18,1054.1800,1071.3000,1094.3800,1043.0200,530912700,3249983744.0000,0.015103,0.083147
1998-08-19,1072.7400,1126.0800,1126.0800,1072.7200,719998500,3641886976.0000,0.020480,5.113405
1998-08-20,1128.7500,1149.9100,1149.9600,1113.8600,644039800,4123443968.0000,0.018320,2.116198
1998-08-21,1149.6200,1177.6200,1178.7400,1141.5100,717002300,4740488192.0000,0.020389,2.409750
1998-08-24,1178.5500,1178.5500,1190.8800,1166.1400,729280000,5146376192.0000,0.020697,0.078977
1998-08-25,1174.4100,1179.0700,1179.1100,1159.3900,636648500,4612296192.0000,0.018018,0.044113
1998-08-26,1174.8500,1160.2900,1182.3300,1159.5200,664454900,3731662848.0000,0.018784,-1.592773
1998-08-27,1152.3600,1145.2200,1154.6900,1142.1700,468006300,3099138048.0000,0.013216,-1.298819
1998-08-28,1139.8200,1129.7200,1146.5100,1125.2000,450418600,2848366848.0000,0.012720,-1.353452
1998-08-31,1117.9700,1150.2200,1150.2300,1072.4200,561265700,3291809792.0000,0.015832,1.814609
1998-09-01,1142.5000,1143.1300,1163.1700,1123.6400,562208800,3658948864.0000,0.015845,-0.616401
1998-09-02,1137.3100,1136.8900,1149.2700,1129.8100,405782500,2396550656.0000,0.011437,-0.545869
1998-09-03,1136.4400,1147.2000,1151.0100,1136.1400,365684000,2385251072.0000,0.010301,0.906854
1998-09-04,1148.9500,1163.5300,1169.4700,1148.9400,527627400,3298078208.0000,0.014829,1.423473
1998-09-07,1168.3700,1178.3800,1178.3800,1163.2100,490753000,3256125184.0000,0.013788,1.276286
1998-09-08,1181.0700,1167.6000,1185.1000,1166.6600,602511800,3517638144.0000,0.016884,-0.914818
1998-09-09,1165.6600,1190.6800,1190.7400,1162.4700,632013100,5158327808.0000,0.017687,1.976711
1998-09-10,1194.8800,1213.6700,1219.8000,1194.1200,1019077300,7536379392.0000,0.028520,1.930829
1998-09-11,1214.8300,1218.0100,1225.1400,1206.6100,868787000,6578318848.0000,0.024299,0.357590
1998-09-14,1219.3200,1239.6100,1239.7700,1214.4400,1252016500,7443830784.0000,0.035018,1.773382
1998-09-15,1240.9400,1230.1300,1245.4200,1228.8800,1059686500,6893843456.0000,0.029533,-0.764755
1998-09-16,1226.9000,1252.1400,1252.2000,1225.2900,941914800,6971043840.0000,0.026251,1.789243
1998-09-17,1257.3800,1233.7000,1264.4000,1226.7200,1119136600,9614160896.0000,0.031190,-1.472684
1998-09-18,1227.5600,1207.0000,1233.4000,1199.5800,888718200,7338972672.0000,0.024737,-2.164218
1998-09-21,1199.1700,1222.3800,1222.3800,1193.8200,604194800,4742735872.0000,0.016801,1.274234
1998-09-22,1224.4000,1222.6300,1229.6200,1214.0200,532966200,4264156416.0000,0.014821,0.020452
1998-09-23,1223.9900,1229.8600,1233.7900,1222.3600,541309100,4054573056.0000,0.015048,0.591347
1998-09-24,1231.0500,1199.0600,1232.2800,1196.9200,716607800,5775046144.0000,0.019847,-2.504344
1998-09-25,1194.3100,1221.5800,1221.5800,1192.0800,530918400,4136215552.0000,0.014704,1.878129
1998-09-28,1224.2700,1230.2100,1239.8000,1217.6500,699681400,5302732288.0000,0.019350,0.706463
1998-09-29,1231.9000,1231.7500,1239.1100,1226.8400,558441700,4205031168.0000,0.015444,0.125185
1998-09-30,1233.5900,1242.9000,1242.9400,1233.4300,561127100,3972023296.0000,0.015518,0.905218
1998-10-05,1245.7400,1234.7800,1246.6000,1231.4000,450409500,3520363008.0000,0.012456,-0.653310
1998-10-06,1234.1400,1217.4600,1237.8400,1214.8300,501290800,3586514688.0000,0.013863,-1.402684
1998-10-07,1214.3600,1213.7900,1219.1000,1207.9300,527452100,3692593408.0000,0.014503,-0.301441
1998-10-08,1215.9500,1228.7100,1228.7300,1215.8700,487315000,3823311872.0000,0.013363,1.229201
1998-10-09,1231.9400,1236.9300,1241.0500,1229.8500,628463800,5135612928.0000,0.017227,0.669002
1998-10-12,1239.5700,1247.1500,1247.2400,1227.8600,703982000,5934717952.0000,0.019290,0.826237
1998-10-13,1250.6800,1244.0700,1257.3500,1239.7700,702796800,6036698624.0000,0.019241,-0.246969
1998-10-14,1243.7100,1240.6000,1247.6600,1234.0700,532580600,4335837184.0000,0.014554,-0.278921
1998-10-15,1243.2000,1254.8100,1254.8400,1241.2600,629901300,5554401280.0000,0.017214,1.145420
1998-10-16,1259.1400,1251.5300,1263.7100,1249.9300,701348200,6210445312.0000,0.019157,-0.261396
1998-10-19,1255.0500,1246.2400,1256.7600,1240.4500,571347300,4952700928.0000,0.015606,-0.422686
1998-10-20,1248.2400,1243.6500,1251.4300,1238.3000,545133800,4196373504.0000,0.014882,-0.207822
1998-10-21,1243.5400,1207.8300,1243.6000,1206.1200,746523300,6347663360.0000,0.020312,-2.880237
1998-10-22,1202.2100,1216.0900,1216.1700,1191.5600,636917100,5419410944.0000,0.017324,0.683872
1998-10-23,1217.1300,1217.4300,1230.8300,1215.4700,673113400,5913375232.0000,0.018299,0.110196
1998-10-26,1215.5600,1208.2700,1215.5600,1195.2400,672203300,6095441920.0000,0.018274,-0.752407
1998-10-27,1207.2000,1216.7900,1218.4500,1204.7400,510306200,4898582528.0000,0.013873,0.705142
1998-10-28,1218.5000,1225.9300,1226.1100,1217.2300,524178200,4977480192.0000,0.014215,0.751158
1998-10-29,1226.9200,1216.7600,1229.7400,1214.9200,458066500,4261178112.0000,0.012422,-0.748007
1998-10-30,1216.0100,1217.3200,1225.6400,1215.4600,469293500,4522613248.0000,0.012727,0.046019
1998-11-02,1217.3400,1223.4800,1223.5300,1210.8500,434854200,4249035008.0000,0.011793,0.506032
1998-11-03,1225.2600,1236.8700,1236.9700,1225.2200,474201600,4818945024.0000,0.012857,1.094420
1998-11-04,1239.5000,1235.8000,1240.7000,1232.7800,460459100,4515809792.0000,0.012457,-0.086504
1998-11-05,1237.5400,1253.2800,1253.3100,1237.5100,691822900,6348039680.0000,0.018710,1.414467
1998-11-06,1258.7000,1259.7700,1267.3900,1257.1700,1010638200,9123308544.0000,0.027320,0.517840
1998-11-09,1263.9600,1283.1200,1283.1200,1263.9600,877811900,7894013952.0000,0.023729,1.853511
1998-11-10,1283.9200,1286.5600,1288.7400,1275.1900,789853500,7131538944.0000,0.021351,0.268101
1998-11-11,1287.4200,1286.2000,1288.3500,1278.4700,665748900,6595376128.0000,0.017974,-0.027990
1998-11-12,1286.5600,1282.9900,1295.0600,1278.9400,674553400,6660339200.0000,0.018212,-0.249569
1998-11-13,1281.9900,1282.5100,1285.9200,1271.3200,564045500,5548211200.0000,0.015218,-0.037411
1998-11-16,1284.3400,1293.7400,1293.7600,1281.6000,582564600,5945615872.0000,0.015718,0.875625
1998-11-17,1296.6300,1290.6000,1300.1500,1285.0200,565521600,5622580736.0000,0.015258,-0.242708
1998-11-18,1291.0000,1285.5000,1292.9300,1281.6000,545182200,5112591360.0000,0.014701,-0.395163
1998-11-19,1283.9600,1275.6100,1284.1400,1274.0900,487167300,5251532800.0000,0.013115,-0.769352
1998-11-20,1272.6600,1275.3700,1279.3800,1271.6600,450467200,4577253888.0000,0.012124,-0.018814
1998-11-23,1275.9000,1273.7900,1278.0900,1269.1000,456403800,4267048448.0000,0.012284,-0.123882
1998-11-24,1274.4500,1278.9200,1282.9300,1274.4100,671864100,4090663424.0000,0.018076,0.402736
1998-11-25,1280.2700,1263.8500,1283.9600,1262.2300,496680100,3856932864.0000,0.013363,-1.178343
1998-11-26,1260.0800,1252.8200,1262.7800,1247.8400,435132600,3934525440.0000,0.011694,-0.872733
1998-11-27,1252.3700,1245.0800,1259.0400,1242.5700,427588900,3662602240.0000,0.011489,-0.617806
1998-11-30,1244.9200,1247.4200,1247.4200,1238.1400,404677700,3274811392.0000,0.010870,0.187947
1998-12-01,1249.0100,1234.3600,1251.8700,1232.0000,387952700,3147626752.0000,0.010421,-1.046966
1998-12-02,1233.1600,1236.9700,1236.9700,1222.6500,342388900,3004046848.0000,0.009196,0.211444
1998-12-03,1238.2900,1232.5100,1239.2600,1229.8500,376711600,3305679104.0000,0.010064,-0.360555
1998-12-04,1232.4300,1219.2000,1234.6300,1213.5600,370041900,3159102976.0000,0.009880,-1.079915
1998-12-07,1234.7600,1209.5400,1237.6900,1207.7600,334439200,2649864704.0000,0.008929,-0.792316
1998-12-08,1209.8400,1223.2600,1223.3400,1209.8100,297779700,2179788800.0000,0.007950,1.134313
1998-12-09,1224.3600,1224.0900,1225.9900,1219.0100,256750300,1963065216.0000,0.006854,0.067848
1998-12-10,1224.1500,1204.6400,1224.9300,1203.0700,351307700,2562550016.0000,0.009362,-1.588931
1998-12-11,1201.8500,1214.2100,1214.2400,1194.0700,318344200,2215137792.0000,0.008483,0.794424
1998-12-14,1214.6000,1196.3000,1214.6700,1194.6600,282568800,2058674176.0000,0.007528,-1.475026
1998-12-15,1193.6400,1194.8400,1194.8900,1173.9200,330883800,2376442368.0000,0.008816,-0.122050
1998-12-16,1194.9400,1183.0600,1195.5500,1180.8600,239998400,1816286976.0000,0.006393,-0.985898
1998-12-17,1180.1700,1160.0900,1180.1700,1158.5100,344884400,2452256768.0000,0.009168,-1.941583
1998-12-18,1155.7500,1155.9200,1167.6400,1150.7200,285990900,1994390144.0000,0.007583,-0.359448
1998-12-21,1153.6600,1154.4300,1163.2400,1150.3900,233872600,1648014592.0000,0.006198,-0.128901
1998-12-22,1155.6300,1185.9700,1185.9800,1155.6200,352038700,2556981760.0000,0.009315,2.732077
1998-12-23,1186.9800,1172.5100,1187.9100,1170.1600,291759100,2167776768.0000,0.007712,-1.134933
1998-12-24,1171.7100,1168.9800,1171.7100,1161.8500,265489600,2111622656.0000,0.007005,-0.301066
1998-12-25,1169.6000,1173.9100,1178.9200,1169.5400,297707300,1913445248.0000,0.007846,0.421740
1998-12-28,1175.6300,1159.9400,1179.0000,1157.7000,336609600,1949647744.0000,0.008860,-1.190048
1998-12-29,1157.4800,1142.7300,1157.5700,1139.9900,316623600,2056304640.0000,0.008334,-1.483694
1998-12-30,1141.8900,1148.2600,1151.7200,1125.5600,371030100,2306941952.0000,0.009767,0.483931
1998-12-31,1149.8300,1146.7000,1153.1500,1140.3600,231784300,1693962112.0000,0.006101,-0.135863
1999-01-04,1144.8900,1125.8200,1144.8900,1124.2100,233951600,1162131200.0000,0.006151,-1.820878
1999-01-05,1123.7000,1119.9700,1123.7000,1104.5000,289192000,1539226368.0000,0.007601,-0.519619
1999-01-06,1120.6700,1132.5900,1137.2100,1120.4000,325549000,1965295360.0000,0.008556,1.126815
1999-01-07,1133.1700,1137.7300,1140.4800,1125.6700,371507400,2252123904.0000,0.009748,0.453828
1999-01-08,1138.7700,1168.8100,1168.8400,1138.7700,443624000,3260373504.0000,0.011634,2.731762
1999-01-11,1169.9100,1172.8100,1174.4300,1158.5400,396265700,2931034112.0000,0.010385,0.342228
1999-01-12,1171.7400,1158.8700,1171.8700,1158.3000,462492000,3346021376.0000,0.012114,-1.188604
1999-01-13,1153.2900,1148.1500,1159.9400,1144.4500,446164000,3035515904.0000,0.011686,-0.925037
1999-01-14,1145.9000,1148.6600,1153.1000,1142.3500,323041200,2390041856.0000,0.008461,0.044420
1999-01-15,1149.7800,1137.3100,1150.6800,1136.3000,385468100,3164482560.0000,0.010081,-0.988106
1999-01-18,1135.0900,1153.1200,1153.4200,1126.7100,447709600,3379570176.0000,0.011675,1.390117
1999-01-19,1154.1600,1158.5500,1160.2600,1149.3700,444296600,3472683776.0000,0.011568,0.470901
1999-01-20,1159.0300,1151.3700,1162.9800,1148.8100,406370400,2463827712.0000,0.010580,-0.619745
1999-01-21,1150.3000,1158.5000,1158.5100,1145.3000,447494400,2652449024.0000,0.011651,0.619263
1999-01-22,1159.9200,1162.3500,1168.1800,1157.1500,553657600,3604596992.0000,0.014415,0.332324
1999-01-25,1161.9800,1148.1200,1162.4400,1146.9700,791312700,2915820800.0000,0.020603,-1.224242
1999-01-26,1145.0700,1138.2100,1146.1200,1132.9600,620329200,2547779328.0000,0.016151,-0.863153
1999-01-27,1137.6900,1146.4900,1146.5000,1134.1300,757097900,2533490688.0000,0.019658,0.727461
1999-01-28,1147.8700,1140.9800,1150.5800,1137.1200,625434400,3409020416.0000,0.016213,-0.480598
1999-01-29,1139.8400,1134.6700,1140.1300,1130.3300,515158400,2834648832.0000,0.013354,-0.553028
1999-02-01,1131.6500,1120.5300,1131.6600,1118.5500,508415200,2538582784.0000,0.013183,-1.246179
1999-02-02,1119.7800,1126.4000,1126.4100,1114.7900,398997300,2198950912.0000,0.010340,0.523859
1999-02-03,1126.8400,1116.8700,1127.2700,1115.1300,371484000,2251161088.0000,0.009604,-0.846061
1999-02-04,1114.6500,1103.5000,1114.6900,1102.4900,389106200,2116437248.0000,0.010059,-1.197095
1999-02-05,1101.4800,1081.4400,1101.4800,1079.2200,408518000,2217084928.0000,0.010561,-1.999099
1999-02-08,1076.8200,1065.8200,1082.4600,1064.1700,352380800,1915979008.0000,0.009106,-1.444370
1999-02-09,1065.9100,1090.0900,1090.1700,1065.9100,327566200,1805294720.0000,0.008457,2.277122
1999-03-01,1092.1500,1097.9800,1098.3600,1084.1600,288540700,1573510656.0000,0.007449,0.723795
1999-03-02,1098.2900,1100.9200,1103.2500,1090.0400,404006400,2075631104.0000,0.010429,0.267770
1999-03-03,1101.1300,1128.7400,1128.7800,1101.0700,559034300,3183463168.0000,0.014411,2.526973
1999-03-04,1130.3400,1128.9500,1133.7300,1120.7100,495140000,3121497088.0000,0.012762,0.018601
1999-03-05,1128.6200,1132.3600,1137.9600,1124.0900,520194300,3071186176.0000,0.013399,0.302054
1999-03-08,1133.5100,1142.1100,1142.1500,1128.3900,563170100,3104663808.0000,0.014466,0.861034
1999-03-09,1143.1000,1136.9400,1145.7100,1135.3700,590019900,4002903296.0000,0.015152,-0.452675
1999-03-10,1136.0200,1132.7400,1136.0800,1127.1700,532639000,3038058752.0000,0.013678,-0.369408
1999-03-11,1133.2900,1149.9300,1153.8400,1133.1500,694161000,3998205184.0000,0.017801,1.517565
1999-03-12,1151.9900,1158.7000,1158.7100,1148.6700,706443700,4495672320.0000,0.018010,0.762646
1999-03-15,1161.4900,1164.6400,1169.7000,1159.1500,729591100,5008176640.0000,0.018588,0.512649
1999-03-16,1164.7900,1166.9300,1166.9700,1155.9400,659863600,4032668928.0000,0.016781,0.196631
1999-03-17,1167.7200,1159.1000,1173.0400,1158.5900,754877500,4956740096.0000,0.019186,-0.670998
1999-03-18,1155.2700,1151.9900,1160.6800,1147.5700,592744800,3697612544.0000,0.015052,-0.613406
1999-03-19,1150.6100,1172.9300,1172.9300,1150.3400,716593000,5680622592.0000,0.018155,1.817730
1999-03-22,1175.6800,1172.7400,1179.6500,1168.3400,769528500,5632754176.0000,0.019492,-0.016204
1999-03-23,1172.9800,1170.9500,1174.4800,1163.2800,878444000,3780260096.0000,0.022251,-0.152637
1999-03-24,1171.3000,1169.0300,1177.3400,1167.1000,613294700,3805379072.0000,0.015510,-0.163963
1999-03-25,1167.8600,1156.8500,1167.8800,1155.0100,513376100,3773399552.0000,0.012968,-1.041894
1999-03-26,1155.3500,1161.1200,1162.4200,1154.9400,515196400,3544642048.0000,0.013014,0.369107
1999-03-29,1160.5800,1169.4900,1169.5000,1158.0900,551824100,3999718400.0000,0.013935,0.720855
1999-03-30,1171.1300,1157.5100,1173.6600,1156.0500,514719200,3443104512.0000,0.012985,-1.024377
1999-03-31,1156.3700,1158.0500,1159.5300,1150.8200,484239000,3486601216.0000,0.012216,0.046655
1999-04-01,1158.6800,1168.5000,1168.5300,1158.4400,620212400,4981375488.0000,0.015633,0.902375
1999-04-02,1170.7600,1184.4000,1184.4300,1170.3100,766553200,5845191168.0000,0.019322,1.360721
1999-04-05,1188.9300,1194.4700,1194.5100,1187.0600,807176800,6256008192.0000,0.020340,0.850215
1999-04-06,1195.9500,1199.6000,1199.8400,1191.5800,670936100,4989342208.0000,0.016907,0.429480
1999-04-07,1200.2200,1201.6300,1202.3200,1193.7300,814167400,5813793280.0000,0.020497,0.169226
1999-04-08,1203.0200,1202.4700,1205.4100,1192.4600,817610600,5365980672.0000,0.020576,0.069902
1999-04-09,1203.4400,1205.1400,1210.1000,1196.7400,980901100,6831575040.0000,0.024681,0.222047
1999-04-12,1205.3200,1195.3400,1205.6800,1193.6600,1020296100,6908185600.0000,0.025672,-0.813187
1999-04-13,1192.1500,1178.1900,1193.3300,1174.1400,734821300,4912139776.0000,0.018489,-1.434740
1999-04-14,1176.7700,1181.5200,1184.1800,1174.2700,532570400,3833017856.0000,0.013397,0.282644
1999-04-15,1182.2000,1170.6200,1185.5900,1168.5900,737036900,4546185216.0000,0.018502,-0.922543
1999-04-16,1168.9100,1166.2400,1175.0300,1162.3100,724113700,4492720640.0000,0.018178,-0.374161
1999-04-19,1164.6200,1159.4700,1166.0400,1156.6100,767198900,4014308608.0000,0.019255,-0.580500
1999-04-20,1160.0500,1171.6000,1171.6000,1159.5600,1069139900,3905078272.0000,0.026833,1.046168
1999-04-21,1171.9500,1144.0700,1173.5300,1143.0500,952068900,4179717120.0000,0.023889,-2.349781
1999-04-22,1137.9100,1137.1600,1140.9000,1110.6500,908942700,4531599360.0000,0.022763,-0.603976
1999-04-23,1137.6100,1140.0000,1144.7800,1135.6100,675682100,3520446720.0000,0.016919,0.249742
1999-04-26,1139.6500,1112.7900,1140.1700,1112.0000,604176300,3157918208.0000,0.015098,-2.386839
1999-04-27,1108.9100,1091.7000,1108.9100,1089.7600,562483500,2881964032.0000,0.014040,-1.895244
1999-04-28,1090.8700,1091.0900,1112.2900,1087.7900,473206500,3045270016.0000,0.011789,-0.055875
1999-04-29,1091.0600,1116.4100,1116.4200,1090.5600,504636100,3168527616.0000,0.012547,2.320621
1999-04-30,1116.1100,1120.9300,1122.2200,1114.1800,419609600,2597537280.0000,0.010372,0.404871
1999-05-04,1120.9100,1111.7600,1121.9100,1108.8900,408896600,2378657536.0000,0.010092,-0.818075
1999-05-05,1110.9400,1116.9300,1116.9600,1105.3500,437463200,2125256448.0000,0.010751,0.465032
1999-05-06,1116.8600,1128.2200,1128.9000,1116.6400,639098100,2759395584.0000,0.015693,1.010799
1999-05-07,1129.5300,1120.7400,1131.4900,1117.9400,583332600,2867403008.0000,0.014277,-0.662990
1999-05-10,1107.3700,1071.9300,1107.3700,1065.1800,688193200,3594177536.0000,0.016823,-4.355153
1999-05-11,1072.0400,1095.4000,1095.4100,1072.0400,434819100,2320905472.0000,0.010625,2.189506
1999-05-12,1096.7400,1100.0000,1104.8100,1092.7900,396164700,2346321152.0000,0.009667,0.419936
1999-05-13,1100.8600,1088.8600,1101.3600,1086.4600,366073200,2016842624.0000,0.008933,-1.012729
1999-05-14,1087.9400,1063.2800,1088.0000,1060.5000,485905600,2673954560.0000,0.011826,-2.349242
1999-05-17,1057.4900,1065.5600,1072.1700,1047.8300,375362400,2101401088.0000,0.009131,0.214434
1999-05-18,1066.5200,1059.8700,1075.6500,1058.3900,400459200,1952889472.0000,0.009735,-0.533998
1999-05-19,1058.7000,1109.0900,1109.1200,1057.7200,598795200,4023146240.0000,0.014554,4.643963
1999-05-20,1114.6600,1147.7100,1147.7300,1113.3200,1067059200,6953874944.0000,0.025917,3.482134
1999-05-21,1154.8100,1168.7200,1170.1400,1152.2600,1570595700,9421370368.0000,0.038111,1.830603
1999-05-24,1173.1300,1213.6500,1215.2200,1164.9000,2074116000,13417240576.0000,0.050292,3.844382
1999-05-25,1223.1300,1202.8900,1244.8400,1198.0700,2873759400,15454289920.0000,0.069649,-0.886583
1999-05-26,1199.2300,1236.0500,1236.1400,1195.8400,1620577700,11756462080.0000,0.039255,2.756697
1999-05-27,1247.3200,1283.0200,1283.0300,1247.3200,2257634800,17628893184.0000,0.054513,3.800005
1999-05-28,1291.9600,1277.1500,1294.6400,1260.7100,3196835800,15829194752.0000,0.077031,-0.457514
1999-05-31,1287.0800,1279.3300,1303.4800,1253.2500,2347326200,16681238528.0000,0.056525,0.170687
1999-06-01,1283.3000,1311.5900,1311.6000,1276.1200,1722944800,13657011200.0000,0.041387,2.521633
1999-06-02,1319.8300,1287.9300,1330.2800,1287.0100,2223250000,17168164864.0000,0.053383,-1.803911
1999-06-03,1280.4800,1268.3200,1286.9100,1259.0100,1666147900,12441163776.0000,0.039895,-1.522606
1999-06-04,1271.1700,1285.5800,1288.0000,1271.1600,1368480300,11353125888.0000,0.032656,1.360856
1999-06-07,1287.4600,1326.5200,1326.6100,1285.1500,1566228900,13072819200.0000,0.037335,3.184560
1999-06-08,1336.0300,1333.6400,1341.6400,1319.5000,1619835000,13638321152.0000,0.038579,0.536742
1999-06-09,1334.8500,1348.6100,1350.1400,1323.9900,1563229100,12810831872.0000,0.037167,1.122490
1999-06-10,1371.0000,1364.3500,1382.0700,1353.5600,2487742800,18278629376.0000,0.059086,1.167127
1999-06-11,1364.2800,1370.3900,1376.7800,1359.2800,1884119000,13764888576.0000,0.044665,0.442705
1999-06-14,1382.5300,1427.7100,1427.7700,1382.5300,2526166200,17337063424.0000,0.059859,4.182747
1999-06-15,1453.3300,1387.5900,1477.1400,1366.6500,3748468000,26646872064.0000,0.088791,-2.810094
1999-06-16,1402.3500,1460.1700,1460.1700,1402.3000,2520722400,20061050880.0000,0.059653,5.230658
1999-06-17,1483.0600,1501.0100,1501.0200,1450.2000,3648613600,27755620352.0000,0.086295,2.796932
1999-06-18,1511.8800,1498.9200,1516.1300,1480.9800,3611750400,26350004224.0000,0.085274,-0.139237
1999-06-21,1506.8300,1546.4100,1546.6100,1503.4000,3069874800,23396706304.0000,0.072480,3.168280
1999-06-22,1551.8800,1564.4400,1564.4500,1524.5000,3170866000,22159980544.0000,0.074807,1.165920
1999-06-23,1571.2700,1606.5000,1606.5000,1566.6300,3026881600,25758863360.0000,0.071198,2.688506
1999-06-24,1615.6300,1654.1100,1654.5500,1611.9900,3762046800,31166179328.0000,0.088437,2.963584
1999-06-25,1665.9900,1593.8600,1705.2100,1591.0800,5781329600,40443162624.0000,0.135905,-3.642442
1999-06-28,1606.2800,1693.1600,1693.1600,1606.2800,4138804000,29139394560.0000,0.097207,6.230161
1999-06-29,1722.7400,1739.2100,1742.1500,1691.3400,4010595600,31556771840.0000,0.094176,2.719762
1999-06-30,1755.5600,1689.4300,1756.1800,1666.0100,4885793200,34109038592.0000,0.114362,-2.862214
1999-07-01,1678.8400,1560.7900,1678.8400,1540.0300,3125692400,25032685568.0000,0.073143,-7.614403
1999-07-02,1570.5600,1613.5300,1620.5400,1532.4400,3438446000,22709080064.0000,0.080198,3.379057
1999-07-05,1627.2500,1581.8200,1630.3800,1573.7300,2420616000,17791643648.0000,0.056419,-1.965261
1999-07-06,1568.8300,1517.2500,1580.2300,1504.3700,1796701800,12505971712.0000,0.041841,-4.082004
1999-07-07,1515.1600,1568.6500,1568.6700,1507.5500,1571058300,12282010624.0000,0.036358,3.387710
1999-07-08,1579.1400,1577.9900,1591.1300,1560.4300,1439774800,12900198400.0000,0.033249,0.595414
1999-07-09,1577.7900,1584.7500,1594.5800,1563.1600,1342293500,12388382720.0000,0.030984,0.428394
1999-07-12,1588.3800,1559.7300,1589.9000,1545.5600,1408012200,12319168512.0000,0.032466,-1.578799
1999-07-13,1547.3400,1524.8200,1547.3400,1511.4300,1240941300,8994398208.0000,0.028576,-2.238210
1999-07-14,1526.9800,1559.5200,1559.6600,1526.2200,1120583500,9511564288.0000,0.025701,2.275683
1999-07-15,1565.0400,1549.3400,1567.8300,1545.0700,1597118400,9129383936.0000,0.036537,-0.652768
1999-07-16,1547.4600,1519.7400,1547.6100,1512.7800,1493360200,8891163648.0000,0.034161,-1.910489
1999-07-19,1500.4500,1479.0800,1509.9900,1473.2300,1235310800,8147153408.0000,0.028258,-2.675460
1999-07-20,1476.0300,1574.6000,1574.7500,1471.5100,1730846000,11258245120.0000,0.039583,6.458070
1999-07-21,1586.8900,1609.8100,1626.9500,1573.7000,2792006800,20722798592.0000,0.063760,2.236129
1999-07-22,1606.8600,1550.7300,1606.8600,1548.5000,1782073600,13715316736.0000,0.040696,-3.670003
1999-07-23,1552.2500,1585.9800,1597.1800,1552.2400,1329348300,11003223040.0000,0.030358,2.273123
1999-07-26,1592.4100,1602.0300,1607.0700,1587.3800,1245122900,10225516544.0000,0.028343,1.011996
1999-07-27,1605.3700,1590.7100,1607.0500,1580.8200,1161682600,9525985280.0000,0.026280,-0.706608
1999-07-28,1592.4500,1597.2000,1609.7900,1584.2500,1070056100,9484130304.0000,0.024200,0.407993
1999-07-29,1610.1200,1595.8600,1615.7500,1585.8400,874300800,7986502656.0000,0.019767,-0.083895
1999-07-30,1599.9400,1601.4600,1605.2700,1587.3400,1456165600,8163628032.0000,0.032922,0.350906
1999-08-02,1607.0600,1616.2800,1622.3800,1603.3700,1165873200,10094560256.0000,0.026341,0.925410
1999-08-03,1622.3000,1626.8400,1626.9100,1609.1200,1262797300,10195632128.0000,0.028357,0.653348
1999-08-04,1630.9900,1649.1300,1649.2600,1630.9900,1528650700,12379579392.0000,0.034285,1.370143
1999-08-05,1654.5300,1653.5400,1658.6900,1641.8600,1462166100,12885918720.0000,0.032641,0.267416
1999-08-06,1655.3100,1646.5900,1656.5900,1601.8400,1933093800,15532711936.0000,0.043138,-0.420315
1999-08-09,1650.2800,1628.8400,1651.6400,1624.7200,1347972300,11510440960.0000,0.030081,-1.077985
1999-08-10,1622.9700,1602.1500,1623.0300,1597.2200,1243992700,9513723904.0000,0.027602,-1.638586
1999-08-11,1598.0200,1583.4000,1607.6800,1574.7100,945011500,7091289088.0000,0.020965,-1.170302
1999-08-12,1583.5100,1575.6400,1594.8900,1566.7100,743342200,5655266816.0000,0.016461,-0.490085
1999-08-13,1581.2300,1571.9000,1591.4900,1569.3000,667683300,4933747200.0000,0.014785,-0.237363
1999-08-16,1568.9000,1560.0700,1570.2100,1546.8400,726984700,5240399360.0000,0.016091,-0.752597
1999-08-17,1562.5600,1576.4100,1596.1500,1562.5600,898064300,7168332288.0000,0.019852,1.047395
1999-08-18,1578.2600,1581.9300,1582.0200,1555.9800,682044900,5605035008.0000,0.015066,0.350164
1999-08-19,1587.9000,1637.7400,1645.8400,1587.8700,1546797000,12933974016.0000,0.034167,3.527965
1999-08-20,1645.5400,1628.9300,1651.1700,1627.0400,1181703900,10684262400.0000,0.026092,-0.537933
1999-08-23,1631.4400,1645.0000,1645.0000,1626.9500,1064361400,10083887104.0000,0.023464,0.986534
1999-08-24,1650.5400,1648.4700,1655.1400,1638.9600,1096098300,10704367616.0000,0.024123,0.210941
1999-08-25,1649.6100,1625.7700,1651.0900,1618.5400,926788800,8452901888.0000,0.020392,-1.377031
1999-08-26,1622.1700,1638.2300,1638.2300,1615.8600,823946600,7140302848.0000,0.018108,0.766404
1999-08-27,1642.0600,1633.9000,1644.4700,1627.2600,822311600,7405017088.0000,0.018045,-0.264307
1999-08-30,1635.5500,1619.0400,1637.3100,1614.4500,895662500,7774129664.0000,0.019634,-0.909479
1999-08-31,1622.8800,1627.1200,1630.0100,1609.8000,735498600,5946372608.0000,0.016104,0.499059
1999-09-01,1627.8200,1599.5500,1629.0800,1595.9600,685913900,5778720768.0000,0.015018,-1.694402
1999-09-02,1591.5800,1611.9600,1614.1100,1572.4200,813152100,6259438592.0000,0.017786,0.775838
1999-09-03,1613.3000,1587.8900,1614.4100,1583.4500,685660000,5283491328.0000,0.014984,-1.493210
1999-09-06,1577.5100,1560.6800,1577.5600,1556.8300,553867500,4024250880.0000,0.012095,-1.713592
1999-09-07,1558.8600,1562.7900,1574.6500,1556.7400,467062100,3981179904.0000,0.010194,0.135196
1999-09-08,1563.6200,1571.6000,1581.9300,1563.6100,417984100,3706190592.0000,0.009079,0.563731
1999-09-09,1590.7100,1675.1200,1675.2600,1590.7000,1974242000,14986945536.0000,0.042793,6.586919
1999-09-10,1690.0300,1659.9300,1695.6400,1656.7200,1956852600,18600734720.0000,0.042269,-0.906797
1999-09-13,1664.5100,1670.1400,1671.6400,1656.1700,1089322200,10974564352.0000,0.023470,0.615084
1999-09-14,1675.7100,1672.8900,1681.8500,1668.1300,955270700,10136838144.0000,0.020556,0.164657
1999-09-15,1675.1900,1662.8000,1679.1400,1657.7900,1049849200,8906708992.0000,0.022581,-0.603146
1999-09-16,1662.4600,1645.5100,1664.9600,1643.9800,731689400,7305045504.0000,0.015707,-1.039815
1999-09-17,1644.8000,1648.5600,1662.1700,1636.4800,707628400,6448295424.0000,0.015190,0.185356
1999-09-20,1649.1200,1633.8400,1651.5400,1628.8900,531333500,4904954368.0000,0.011380,-0.892906
1999-09-21,1630.0200,1625.5900,1630.2700,1617.8100,472031300,4028274688.0000,0.010106,-0.504945
1999-09-22,1625.1700,1617.0600,1632.4100,1613.5800,396418500,3670171648.0000,0.008475,-0.524727
1999-09-23,1618.7700,1604.2000,1622.6700,1597.1200,548542200,4302765056.0000,0.011705,-0.795277
1999-09-24,1609.8300,1619.3300,1631.4000,1609.8300,448213600,3871965696.0000,0.009560,0.943149
1999-09-27,1624.4600,1602.1600,1629.1900,1598.7100,409240600,4190201344.0000,0.008708,-1.060310
1999-09-28,1602.7900,1591.4300,1606.0200,1586.5500,409781300,3722190336.0000,0.008707,-0.669720
1999-09-29,1593.7200,1584.9500,1608.6000,1581.0000,474940500,3766047488.0000,0.010092,-0.407187
1999-09-30,1588.9900,1570.7000,1595.0100,1567.7200,455507200,4045558528.0000,0.009676,-0.899082
1999-10-08,1568.2400,1534.5200,1568.3800,1531.8000,331275400,2482259968.0000,0.007024,-2.303427
1999-10-11,1529.2200,1522.4800,1538.3400,1516.6200,333524000,2655557632.0000,0.007056,-0.784613
1999-10-12,1526.4500,1537.8000,1538.2800,1526.4500,233847200,2142747520.0000,0.004943,1.006257
1999-10-13,1540.6000,1507.4200,1544.4500,1504.3900,362632200,2286188032.0000,0.007646,-1.975550
1999-10-14,1504.5000,1508.7300,1535.2400,1494.9400,403342700,2599842560.0000,0.008496,0.086899
1999-10-15,1515.9100,1543.8000,1550.7100,1515.9100,567080800,4145652992.0000,0.011945,2.324476
1999-10-18,1547.2700,1501.6700,1549.3700,1499.4600,560254200,3517368576.0000,0.011795,-2.728981
1999-10-19,1493.4700,1470.9000,1493.4900,1468.1000,486165500,3069335040.0000,0.010235,-2.049053
1999-10-20,1469.2800,1485.8300,1490.7600,1463.4300,431173800,2798379264.0000,0.009064,1.015020
1999-10-21,1486.9300,1458.5300,1488.0100,1452.7100,477268700,3335652352.0000,0.010022,-1.837352
1999-10-22,1457.6400,1497.4600,1512.9300,1457.5000,784354800,5006161408.0000,0.016462,2.669121
1999-10-25,1499.1400,1468.2700,1499.3900,1465.1400,516771900,2912732928.0000,0.010838,-1.949297
1999-10-26,1467.5200,1482.6700,1496.4500,1467.5100,755550500,3395246848.0000,0.015843,0.980748
1999-10-27,1509.6400,1536.8200,1537.3000,1504.9900,1614689100,6969631232.0000,0.033842,3.652188
1999-10-28,1541.2900,1514.5300,1542.0500,1507.7900,1328165100,5268099584.0000,0.027832,-1.450392
1999-10-29,1515.1800,1504.5600,1520.4700,1494.7100,850593400,4325723136.0000,0.017824,-0.658288
1999-11-01,1501.7400,1493.1000,1506.9900,1488.2300,619149300,3185786368.0000,0.012963,-0.761690
1999-11-02,1491.7600,1487.4700,1499.8700,1481.5700,445031200,2895948544.0000,0.009308,-0.377068
1999-11-03,1488.3700,1475.6800,1492.3100,1472.7300,484565700,2777963520.0000,0.010123,-0.792616
1999-11-04,1474.1400,1464.8300,1474.1400,1457.1400,590695400,3075130880.0000,0.012337,-0.735261
1999-11-05,1464.6000,1465.2300,1478.8300,1460.6800,560002400,2918874112.0000,0.011687,0.027309
1999-11-08,1464.4900,1471.3800,1477.1400,1458.6500,478786100,2475389952.0000,0.009983,0.419731
1999-11-09,1474.0000,1464.0300,1479.8300,1461.4800,440600000,2436849920.0000,0.009187,-0.499529
1999-11-10,1463.6900,1450.1500,1463.7300,1436.7400,679121700,7860074496.0000,0.014066,-0.948068
1999-11-11,1449.6200,1443.9100,1459.4500,1440.9800,467745200,3352626688.0000,0.009688,-0.430300
1999-11-12,1446.2600,1450.3300,1452.9300,1444.1300,340813800,2612716032.0000,0.007059,0.444621
1999-11-15,1451.5500,1451.5400,1454.0900,1436.6800,808910900,3148118528.0000,0.016754,0.083435
1999-11-16,1463.3400,1431.3200,1469.6000,1428.7500,831806000,4854076928.0000,0.017214,-1.393010
1999-11-17,1429.7100,1462.7900,1462.8500,1427.3600,652597300,3763921152.0000,0.013505,2.198676
1999-11-18,1466.4900,1482.4500,1498.0800,1454.4700,1014759600,6753969152.0000,0.020976,1.344001
1999-11-19,1485.0500,1468.4700,1489.9000,1466.3500,570549600,4069182976.0000,0.011794,-0.943032
1999-11-22,1468.2200,1464.5900,1468.9400,1457.6100,615375200,3514200064.0000,0.012713,-0.264221
1999-11-23,1464.9300,1466.4300,1471.9100,1461.3800,418541400,2856239616.0000,0.008647,0.125638
1999-11-24,1466.0900,1454.5800,1467.8400,1451.0300,420711100,2537164288.0000,0.008690,-0.808092
1999-11-25,1451.8800,1444.2400,1451.8900,1439.9400,412200900,2630266112.0000,0.008485,-0.710856
1999-11-26,1443.4400,1444.5100,1449.0300,1441.5200,710049700,2757462016.0000,0.014616,0.018696
1999-11-29,1444.0100,1435.4700,1444.5900,1432.9600,524622100,2785933056.0000,0.010783,-0.625821
1999-11-30,1433.9000,1434.9700,1439.6100,1429.5500,490813400,2434140416.0000,0.010088,-0.034832
1999-12-01,1434.9800,1447.1200,1447.6800,1432.9500,497496900,2878793728.0000,0.010221,0.846709
1999-12-02,1446.6900,1435.8400,1447.8100,1433.5400,533560300,3291840512.0000,0.010957,-0.779481
1999-12-03,1436.0200,1437.2300,1440.5400,1430.6600,454713900,3066891520.0000,0.009338,0.096808
1999-12-06,1436.8000,1427.0000,1437.1800,1422.7300,510372600,3156748544.0000,0.010476,-0.711785
1999-12-07,1426.6900,1428.2600,1438.0400,1424.7600,466238100,2978882048.0000,0.009566,0.088298
1999-12-08,1428.7700,1424.8500,1430.9800,1422.0500,469682100,3290643456.0000,0.009636,-0.238754
1999-12-09,1424.9100,1416.7300,1424.9100,1413.6300,459200100,2850350848.0000,0.009414,-0.569884
1999-12-10,1416.3700,1428.9400,1429.0100,1413.4500,478345000,3519316992.0000,0.009803,0.861841
1999-12-13,1429.1900,1417.1100,1430.4100,1415.2900,504221800,3758808320.0000,0.010329,-0.827883
1999-12-14,1415.7100,1422.2600,1422.3600,1411.0700,455119800,3061184512.0000,0.009309,0.363417
1999-12-15,1423.7600,1451.0600,1461.9000,1423.7400,1092271700,6741844992.0000,0.022336,2.024950
1999-12-16,1451.7300,1434.8700,1451.9400,1432.8300,606244800,4143615488.0000,0.012373,-1.115740
1999-12-17,1434.6300,1419.5500,1438.2300,1416.7400,512298200,3799890944.0000,0.010456,-1.067689
1999-12-21,1416.5000,1395.5000,1416.5000,1388.0600,566058300,3150574848.0000,0.011553,-1.694202
1999-12-22,1393.8300,1387.5100,1397.1700,1383.5700,493602500,3407837184.0000,0.010061,-0.572554
1999-12-23,1386.7900,1369.4600,1387.2000,1364.9200,511264300,3288228608.0000,0.010399,-1.300895
1999-12-24,1367.6900,1355.3700,1375.9200,1352.1000,429204800,2763822336.0000,0.008730,-1.028870
1999-12-27,1353.5300,1345.3500,1359.0800,1341.0500,512089000,3222658304.0000,0.010392,-0.739283
1999-12-28,1346.4500,1348.8200,1368.2500,1342.9400,489571300,2964954368.0000,0.009935,0.257923
1999-12-29,1350.2700,1356.9300,1358.1400,1341.9300,505356700,3246104320.0000,0.010252,0.601274
1999-12-30,1357.8200,1366.5800,1366.6800,1357.8200,401396700,2359956224.0000,0.008143,0.711157
2000-01-04,1368.6900,1406.3700,1407.5200,1361.2100,903282400,5183898112.0000,0.018325,2.911651
2000-01-05,1407.8300,1409.6800,1433.7800,1398.3200,1057939200,8137326080.0000,0.021446,0.235362
2000-01-06,1406.0400,1463.9400,1463.9600,1400.2500,1348051700,9520842752.0000,0.027327,3.849092
2000-01-07,1477.1500,1516.6000,1522.8300,1477.1500,3486939600,19487195136.0000,0.070685,3.597144
2000-01-10,1531.7100,1545.1100,1546.7200,1506.4000,3125304400,18779111424.0000,0.063354,1.879864
2000-01-11,1547.6800,1479.7800,1547.7100,1468.7600,2192456800,15771749376.0000,0.044354,-4.228175
2000-01-12,1473.7600,1438.0200,1489.2800,1435.0000,1522193400,12656691200.0000,0.030745,-2.822042
2000-01-13,1437.4500,1424.4400,1444.0700,1418.8100,861194300,7468732928.0000,0.017361,-0.944360
2000-01-14,1426.2200,1408.8500,1433.4700,1401.7100,744701300,6256399360.0000,0.015013,-1.094463
2000-01-17,1408.9900,1433.3300,1433.3800,1402.6600,764797600,6290277888.0000,0.015418,1.737586
2000-01-18,1436.8900,1426.6200,1443.5900,1421.6400,776713000,7072431104.0000,0.015637,-0.468138
2000-01-19,1425.8700,1440.7200,1443.6700,1425.1400,800479200,6493590016.0000,0.016115,0.988348
2000-01-20,1443.0900,1466.8600,1466.9000,1443.0900,1007080300,8875429888.0000,0.020256,1.814372
2000-01-21,1471.9100,1465.0900,1476.4600,1458.9300,1505077200,13743475712.0000,0.030267,-0.120667
2000-01-24,1465.8600,1477.3400,1477.4100,1449.4700,1624150700,14606044160.0000,0.032662,0.836126
2000-01-25,1483.0300,1476.5100,1490.4600,1467.4400,1363598300,12996698112.0000,0.027400,-0.056179
2000-01-26,1477.3000,1481.1200,1482.4600,1469.9800,1038443700,9577442304.0000,0.020832,0.312222
2000-01-27,1490.4500,1506.7700,1506.9200,1485.2300,1897997400,15992564736.0000,0.038041,1.731799
2000-01-28,1514.5600,1535.0000,1536.3500,1510.7500,2938816200,20709478400.0000,0.058902,1.873543
2000-02-14,1591.4500,1673.9400,1674.1300,1587.8200,4356913200,23157620736.0000,0.087324,9.051462
2000-02-15,1709.2200,1670.6700,1746.4400,1663.0100,5254342400,34925486080.0000,0.105241,-0.195341
2000-02-16,1674.9400,1693.1100,1695.8800,1649.7000,3743554800,34009001984.0000,0.074981,1.343170
2000-02-17,1734.2700,1640.6500,1770.8800,1615.6300,5143906800,47262171136.0000,0.103029,-3.098438
2000-02-18,1623.9600,1668.0900,1668.1600,1583.5800,2678535400,25842489344.0000,0.053637,1.672504
2000-02-21,1681.3600,1677.1400,1697.0100,1652.4800,3101120400,32615790592.0000,0.062014,0.542540
2000-02-22,1681.3000,1632.2900,1687.5100,1627.4700,2425177600,26178822144.0000,0.048479,-2.674194
2000-02-23,1618.0100,1594.9300,1630.5500,1586.6300,1918572800,18577262592.0000,0.038346,-2.288808
2000-02-24,1593.9500,1634.3100,1634.3200,1593.9300,1393287500,14762156032.0000,0.027827,2.469074
2000-02-25,1639.9200,1631.5800,1650.3700,1618.1800,1705805400,18504671232.0000,0.034069,-0.167049
2000-02-28,1639.8000,1704.8600,1704.8800,1639.7000,2612794600,24422227968.0000,0.052183,4.491354
2000-02-29,1728.1400,1714.5800,1733.1400,1678.3500,2867874800,32196007936.0000,0.057278,0.570133
2000-03-01,1720.6000,1697.7400,1721.1400,1692.5100,2248767400,23873890304.0000,0.044806,-0.982163
2000-03-02,1697.5600,1713.0100,1721.6000,1682.5400,1959349600,20352632832.0000,0.039021,0.899432
2000-03-03,1728.3600,1738.0200,1750.6500,1721.7100,2481549800,25767591936.0000,0.049421,1.460004
2000-03-06,1756.3100,1681.0900,1762.8300,1678.7400,2650470800,26614910976.0000,0.052785,-3.275569
2000-03-07,1661.9500,1694.8000,1694.8900,1654.4400,1768501600,16439373824.0000,0.035216,0.815547
2000-03-08,1699.4600,1726.0300,1726.0400,1690.1200,1974594400,17218283520.0000,0.039177,1.842694
2000-03-09,1734.7700,1732.3500,1741.2200,1714.9200,1787738000,18604742656.0000,0.035347,0.366155
2000-03-10,1731.9400,1705.0500,1743.1400,1701.7900,1587236400,16393991168.0000,0.031383,-1.575890
2000-03-13,1706.7700,1728.8800,1729.0100,1706.3500,1982662600,12882606080.0000,0.039201,1.397610
2000-03-14,1690.6500,1685.3500,1700.3700,1636.8900,2287044400,18661144576.0000,0.045205,-2.517817
2000-03-15,1680.3000,1681.4700,1695.1600,1676.5400,1678216400,15695372288.0000,0.033166,-0.230219
2000-03-16,1671.1000,1607.5300,1671.1800,1596.0700,1979159000,13637411840.0000,0.039114,-4.397339
2000-03-17,1602.3600,1658.6000,1661.9800,1602.3400,1533672400,13891457024.0000,0.030310,3.176920
2000-03-20,1646.3100,1699.2500,1699.2800,1641.7700,1817380000,17219844096.0000,0.035913,2.450864
2000-03-21,1704.0900,1710.3200,1713.2100,1692.6800,1635110200,17635837952.0000,0.032293,0.651461
2000-03-22,1713.2400,1720.4500,1726.5900,1711.1600,1465842100,16886303744.0000,0.028950,0.592287
2000-03-23,1724.1900,1747.2400,1747.2800,1711.4100,1674314100,17434437632.0000,0.033028,1.557153
2000-03-24,1761.4400,1730.5000,1770.2600,1729.4800,2203672000,22607366144.0000,0.043470,-0.958082
2000-03-27,1736.7000,1775.9100,1776.0200,1736.7000,1992731200,20103073792.0000,0.039233,2.624099
2000-03-28,1788.8300,1791.4400,1799.9500,1774.4800,2448436800,22388465664.0000,0.048205,0.874476
2000-03-29,1797.8800,1788.8100,1803.8300,1763.6200,2302668200,19240343552.0000,0.045335,-0.146803
2000-03-30,1793.6800,1810.9800,1811.0600,1790.8500,2930543200,18011625472.0000,0.057646,1.239367
2000-03-31,1810.5500,1800.2300,1810.9000,1780.4100,2334036400,18552252416.0000,0.045873,-0.593601
2000-04-03,1799.5800,1801.0000,1816.8600,1798.2500,1886111200,17921349632.0000,0.036900,0.042773
2000-04-04,1795.1600,1760.6900,1795.1600,1755.9800,1712827200,14832918528.0000,0.033485,-2.238204
2000-04-05,1756.3000,1771.2000,1776.7200,1746.3000,1360323900,12164237312.0000,0.026594,0.596926
2000-04-06,1775.7800,1809.1400,1809.1700,1775.6800,1500703300,14467557376.0000,0.029297,2.142054
2000-04-07,1816.7900,1819.9000,1822.6200,1807.5400,1608126300,15683968000.0000,0.031394,0.594758
2000-04-10,1826.6100,1826.0600,1831.8500,1815.9900,1680915200,16191766528.0000,0.032815,0.338482
2000-04-11,1826.4000,1821.1700,1828.0600,1812.0100,1424547700,14330834944.0000,0.027799,-0.267790
2000-04-12,1822.4000,1807.3300,1823.8300,1785.3300,1364303300,12673772544.0000,0.026624,-0.759956
2000-04-13,1807.8400,1831.5500,1832.0800,1807.7100,1654905800,14957162496.0000,0.032295,1.340104
2000-04-14,1835.8600,1833.6700,1840.1900,1820.6700,1790547200,16789066752.0000,0.034942,0.115749
2000-04-17,1829.6200,1795.0600,1829.9300,1778.8800,1982174000,18006790144.0000,0.038650,-2.105613
2000-04-18,1794.3400,1813.5000,1813.5700,1779.2900,1320473400,12563870720.0000,0.025748,1.027260
2000-04-19,1819.0800,1828.7100,1831.5700,1817.2100,1276616000,13317001216.0000,0.024893,0.838708
2000-04-20,1831.6600,1847.0300,1847.5100,1831.4900,1653310800,16462800896.0000,0.032192,1.001803
2000-04-21,1851.3100,1841.0600,1858.2700,1834.8500,1624462900,17091940352.0000,0.031615,-0.323220
2000-04-24,1844.7000,1837.4000,1848.9700,1827.1700,1642779100,15628040192.0000,0.031964,-0.198800
2000-04-25,1838.0500,1833.4700,1841.8600,1815.6300,1077140400,11112366080.0000,0.020948,-0.213892
2000-04-26,1835.6700,1832.7800,1842.8900,1826.3900,1016383800,10596524032.0000,0.019757,-0.037630
2000-04-27,1835.6000,1806.8300,1840.5700,1803.5800,1233293400,12226652160.0000,0.023906,-1.415886
2000-04-28,1805.5000,1836.3200,1836.3300,1797.7100,1097131200,11368102912.0000,0.021242,1.632140
2000-05-08,1848.1700,1836.6400,1852.9000,1828.1000,895863100,9370446848.0000,0.017265,0.017430
2000-05-09,1839.0000,1806.6400,1839.2900,1799.8200,911762100,9442887680.0000,0.017525,-1.633418
2000-05-10,1801.4300,1752.6900,1801.6400,1750.0100,943105900,8447193088.0000,0.018113,-2.986210
2000-05-11,1750.8600,1724.0500,1762.1300,1718.8900,843716900,8141305856.0000,0.016158,-1.634053
2000-05-12,1725.8700,1720.6100,1740.9500,1715.0600,740417900,7146073088.0000,0.014180,-0.199534
2000-05-15,1722.6400,1704.5900,1726.7200,1695.5300,709465400,6642869248.0000,0.013566,-0.931066
2000-05-16,1706.7300,1724.5400,1725.9000,1706.7300,533545300,5311438848.0000,0.010197,1.170374
2000-05-17,1727.4300,1725.4000,1736.2700,1722.7100,525767900,5381897728.0000,0.010025,0.049868
2000-05-18,1725.6000,1758.5400,1758.5400,1719.8400,835414200,7887885824.0000,0.015911,1.920715
2000-05-19,1761.7900,1777.8300,1777.9800,1754.8800,955398700,10186382336.0000,0.018182,1.096928
2000-05-22,1785.8900,1824.7400,1830.9300,1783.3000,1465531100,15293806592.0000,0.027886,2.638612
2000-05-23,1834.4400,1832.0800,1836.9900,1811.5800,1246957100,12572759040.0000,0.023684,0.402247
2000-05-24,1835.5600,1855.4900,1861.4800,1831.8400,1586085800,16279508992.0000,0.030125,1.277785
2000-05-25,1866.5600,1880.7000,1880.7200,1860.7800,1680910400,18349950976.0000,0.031854,1.358669
2000-05-26,1885.7500,1879.6200,1890.6900,1860.9200,2060252200,18315575296.0000,0.038980,-0.057423
2000-05-29,1885.5500,1898.7500,1900.6700,1882.7400,1802915400,18860832768.0000,0.034039,1.017759
2000-05-30,1903.5300,1877.4700,1908.3100,1868.6100,1651899900,16860800000.0000,0.031158,-1.120739
2000-05-31,1875.4600,1894.5500,1894.5800,1869.3400,1576023000,16247708672.0000,0.029687,0.909739
2000-06-01,1900.5300,1903.4900,1906.8200,1890.0000,1465459400,15427005440.0000,0.027585,0.471877
2000-06-02,1906.1600,1916.2500,1916.2500,1897.7100,1784034800,17480910848.0000,0.033545,0.670348
2000-06-05,1921.9700,1899.0900,1930.3400,1889.8200,2921614400,21494091776.0000,0.054865,-0.895501
2000-06-06,1898.5900,1925.5400,1925.5500,1891.6700,1712012400,16217410560.0000,0.032104,1.392776
2000-06-07,1934.3800,1935.0300,1940.2200,1921.3800,1557392500,15843602432.0000,0.029156,0.492848
2000-06-08,1937.2000,1925.2100,1938.5500,1913.3700,1708662000,15226676224.0000,0.031922,-0.507489
2000-06-09,1926.1500,1900.7900,1929.9500,1896.0600,1518552400,14353959936.0000,0.028286,-1.268429
2000-06-12,1896.4300,1912.5600,1912.5900,1884.6200,1203959400,12487747584.0000,0.022410,0.619217
2000-06-13,1918.1900,1938.6700,1938.6700,1917.1900,1442766300,13872238592.0000,0.026853,1.365185
2000-06-14,1944.4400,1932.2900,1949.1700,1929.7100,1615082700,15923456000.0000,0.030041,-0.329092
2000-06-15,1933.0600,1942.2900,1942.3300,1925.9100,1411675700,14026909696.0000,0.026206,0.517521
2000-06-16,1945.7000,1926.9400,1947.4600,1919.4000,1470605100,14588988416.0000,0.027266,-0.790309
2000-06-19,1924.6900,1915.2100,1926.9800,1910.4700,1188086900,12038242304.0000,0.022012,-0.608736
2000-06-20,1913.0700,1895.3500,1913.0700,1888.0800,1013549500,9752542208.0000,0.018713,-1.036961
2000-06-21,1894.7800,1913.1300,1913.1500,1894.6300,834891000,8754411520.0000,0.015410,0.938087
2000-06-22,1918.1600,1913.9000,1921.1500,1906.3000,905429300,9545648128.0000,0.016679,0.040249
2000-06-23,1915.3100,1939.6300,1939.6300,1913.6500,1199392200,12747644928.0000,0.022058,1.344374
2000-06-26,1946.7000,1948.6400,1953.3400,1943.2500,1406204800,14136452096.0000,0.025816,0.464522
2000-06-27,1949.7800,1942.9000,1952.4600,1938.1400,1198005200,11628690432.0000,0.021994,-0.294564
2000-06-28,1943.9800,1947.4800,1953.0600,1940.0500,1123954000,12112091136.0000,0.020617,0.235728
2000-06-29,1949.8500,1937.2600,1951.1300,1924.4700,1191984100,12264638464.0000,0.021849,-0.524779
2000-06-30,1937.8400,1928.1100,1941.4000,1924.9700,1246758400,12624404480.0000,0.022809,-0.472318
2000-07-03,1917.4400,1895.6400,1917.4500,1890.5300,1577223800,11983824896.0000,0.028708,-1.684031
2000-07-04,1891.2100,1907.9300,1907.9400,1888.2500,1440475600,8581330944.0000,0.026207,0.648332
2000-07-05,1910.4200,1909.1900,1918.9100,1904.4700,1302842800,8073743360.0000,0.023684,0.066034
2000-07-06,1909.2400,1902.5500,1910.0500,1896.6600,980290300,8824960000.0000,0.017806,-0.347786
2000-07-07,1904.0900,1932.7900,1932.8300,1904.0900,1165036200,10742165504.0000,0.021150,1.589445
2000-07-10,1938.8400,1948.0200,1948.0600,1932.9600,1452462700,14072031232.0000,0.026367,0.787979
2000-07-11,1952.2600,1960.5400,1960.6000,1947.6700,1443838800,14391814144.0000,0.026211,0.642705
2000-07-12,1965.2300,1973.3700,1974.4100,1960.3500,1391952600,14906316800.0000,0.025206,0.654409
2000-07-13,1978.5500,1979.2000,1984.0700,1963.5500,1816010800,19350097920.0000,0.032862,0.295432
2000-07-14,1981.7800,1987.1900,1987.2200,1972.6200,1621570900,16334687232.0000,0.029283,0.403698
2000-07-17,1992.8900,1982.4800,1997.9400,1980.2200,1584549600,15661436928.0000,0.028614,-0.237016
2000-07-18,1982.5000,1993.9900,1993.9900,1981.7400,1756323600,11080579072.0000,0.031699,0.580586
2000-07-19,2000.3300,1998.4300,2004.4600,1987.4200,2913858800,12685114368.0000,0.052507,0.222672
2000-07-20,1999.0900,1991.5600,2003.8000,1979.8800,1737083600,12997399552.0000,0.031257,-0.343770
2000-07-21,1994.4200,1996.3400,1998.3500,1991.8400,1173260100,10809192448.0000,0.021095,0.240008
2000-07-24,1998.2500,1989.2400,1999.9000,1982.8800,1189727300,11390179328.0000,0.021371,-0.355650
2000-07-25,1990.1500,1996.5800,1997.8500,1989.0900,1127278900,11050168320.0000,0.020181,0.368983
2000-07-26,1999.4400,2012.3200,2012.4000,1999.4000,1516356700,11679823872.0000,0.027146,0.788348
2000-07-27,2017.4600,2012.3500,2025.0000,2004.5500,1739815600,14663280640.0000,0.031124,0.001492
2000-07-28,2014.1100,2012.7900,2016.9400,2006.1700,1489665700,13327393792.0000,0.026558,0.021868
2000-07-31,2016.1400,2023.5400,2023.5700,2008.6400,1717384400,15328029696.0000,0.030538,0.534085
2000-08-01,2027.0100,2028.1500,2031.9300,2023.4500,2118798400,11273846784.0000,0.037676,0.227818
2000-08-02,2030.7900,2030.6800,2033.1900,2018.4800,2390531600,11096046592.0000,0.042508,0.124746
2000-08-03,2032.9400,2036.3000,2038.6500,2030.1000,1832131800,13159628800.0000,0.032578,0.276754
2000-08-04,2037.4700,2026.3600,2041.2800,2013.4500,1959713600,14517949440.0000,0.034845,-0.488143
2000-08-07,2025.1800,2039.4200,2039.4200,2017.9000,1371647400,13194100736.0000,0.024262,0.644508
2000-08-08,2042.7500,2049.9200,2050.0700,2040.7800,1373800000,13489696768.0000,0.024282,0.514846
2000-08-09,2051.6500,2061.1800,2061.2800,2048.4900,1635086500,15774777344.0000,0.028896,0.549290
2000-08-10,2065.3100,2065.9400,2067.7500,2053.8600,1737942800,17966577664.0000,0.030676,0.230936
2000-08-11,2067.7800,2062.6700,2070.3000,2055.2000,1531396300,15406527488.0000,0.026993,-0.158282
2000-08-14,2065.9400,2076.3000,2076.3300,2065.9400,1517075700,13785725952.0000,0.026741,0.660800
2000-08-15,2079.0700,2076.8200,2082.7400,2066.1600,1347927900,12776114176.0000,0.023760,0.025045
2000-08-16,2078.4900,2083.4700,2083.4700,2072.9800,1542030300,13458292736.0000,0.027155,0.320196
2000-08-17,2086.8100,2091.5900,2092.3300,2086.5600,1392576000,13776078848.0000,0.024504,0.389740
2000-08-18,2093.6300,2090.1800,2097.3200,2086.7500,1256434400,12914594816.0000,0.022064,-0.067420
2000-08-21,2095.3800,2108.6900,2108.8800,2093.4200,1585930300,16485779456.0000,0.027836,0.885570
2000-08-22,2112.0200,2074.7000,2114.5200,2074.5200,1605273300,15718825984.0000,0.028159,-1.611901
2000-08-23,2064.0500,2057.9200,2080.1400,1980.3500,2637889600,23007105024.0000,0.046241,-0.808793
2000-08-24,2058.5300,2071.1600,2073.9500,2043.2100,1724685600,17062325248.0000,0.030228,0.643368
2000-08-25,2073.7200,2086.7000,2086.7200,2066.3300,1229048300,13463882752.0000,0.021523,0.750306
2000-08-28,2092.1200,2100.5900,2100.7000,2085.6000,1383249700,14500828160.0000,0.024181,0.665651
2000-08-29,2103.0300,2105.4800,2105.6300,2094.6100,1452168400,13338550272.0000,0.025349,0.232787
2000-08-30,2107.0200,2076.1400,2108.1000,2075.1600,1338050600,13796935680.0000,0.023355,-1.393511
2000-08-31,2062.8400,2021.2000,2064.7600,2019.4500,1611062400,13998246912.0000,0.028105,-2.646254
2000-09-01,2009.1500,1999.8600,2026.3500,1997.7200,1279555400,11909299200.0000,0.022297,-1.055807
2000-09-04,1994.8900,2010.6000,2010.6000,1981.2300,984028900,9573131264.0000,0.017046,0.537037
2000-09-05,2015.0600,1963.7900,2020.8500,1959.5900,985113000,8915758080.0000,0.017051,-2.328158
2000-09-06,1955.5000,1925.9100,1964.2700,1923.6000,1101726700,8866107392.0000,0.018996,-1.928923
2000-09-07,1929.3000,1950.6600,1963.2300,1929.3000,846665700,7624529408.0000,0.014593,1.285107
2000-09-08,1955.1500,1959.3100,1963.8900,1945.9200,722321700,7143496704.0000,0.012431,0.443441
2000-09-11,1963.2700,1972.0400,1972.0800,1956.0800,735543400,7367591936.0000,0.012653,0.649717
2000-09-12,1975.4100,1979.1000,1979.3200,1965.4000,668886400,6906093056.0000,0.011506,0.358002
2000-09-13,1980.5300,1988.9400,1995.3200,1975.1300,888941500,7726368768.0000,0.015292,0.497194
2000-09-14,1989.9700,1979.5100,1992.3700,1973.0200,646759100,6510989312.0000,0.011126,-0.474118
2000-09-15,1978.0400,1978.4300,1978.4700,1966.8800,633116400,6103325696.0000,0.010891,-0.054557
2000-09-18,1979.5300,1946.7500,1981.1300,1946.1800,689253800,6380457984.0000,0.011857,-1.601272
2000-09-19,1937.3200,1903.1500,1937.3700,1895.4900,919539900,7938020352.0000,0.015770,-2.239629
2000-09-20,1902.9100,1922.2900,1922.3000,1892.2800,704339500,6535647232.0000,0.012063,1.005702
2000-09-21,1924.8300,1907.3100,1927.5200,1905.6500,639455400,6417925120.0000,0.010931,-0.779278
2000-09-22,1904.5700,1891.9800,1904.5700,1888.0900,668312300,6447665152.0000,0.011401,-0.803754
2000-09-25,1889.9000,1875.9100,1896.7200,1874.2100,475970200,4674524160.0000,0.008102,-0.849372
2000-09-26,1878.3100,1887.8300,1890.6700,1878.0500,435829100,4629185024.0000,0.007411,0.635421
2000-09-27,1889.8800,1914.0900,1914.1100,1889.8700,432715900,4291880192.0000,0.007358,1.391016
2000-09-28,1915.5000,1889.2900,1917.0600,1886.9400,504991900,5118582784.0000,0.008558,-1.295651
2000-09-29,1888.2000,1910.1600,1910.4900,1888.0700,468232600,5101305344.0000,0.007924,1.104648
2000-10-09,1912.0800,1915.3500,1915.5000,1897.2400,516677600,5724802048.0000,0.008703,0.271702
2000-10-10,1917.9000,1942.1500,1942.1700,1917.6800,667750500,7010874368.0000,0.011248,1.399225
2000-10-11,1944.2500,1933.7300,1948.0100,1931.4600,725288800,7663055360.0000,0.012211,-0.433542
2000-10-12,1933.1400,1926.3200,1933.3300,1918.4700,722605500,7630467584.0000,0.012162,-0.383199
2000-10-13,1927.3500,1918.1600,1932.3200,1911.3600,664271800,7331121152.0000,0.011180,-0.423601
2000-10-16,1917.4500,1902.8100,1917.5600,1897.9100,608503600,6096268800.0000,0.010231,-0.800245
2000-10-17,1902.0700,1909.4900,1909.4900,1896.9500,417493600,4690517504.0000,0.007020,0.351056
2000-10-18,1911.7100,1922.8500,1922.8500,1911.7100,575503200,7781997568.0000,0.009641,0.699662
2000-10-19,1925.2100,1913.4200,1927.3700,1911.1800,596505700,5938198528.0000,0.009990,-0.490414
2000-10-20,1913.1600,1947.4600,1947.4700,1912.3800,938766000,9689264128.0000,0.015716,1.779009
2000-10-23,1952.9600,1958.9400,1960.8600,1945.6700,857797300,9638934528.0000,0.014293,0.589485
2000-10-24,1960.3700,1956.3400,1962.1300,1945.5300,635728300,7342628864.0000,0.010588,-0.132724
2000-10-25,1957.3800,1977.2500,1978.9900,1957.3100,1150654400,11408579584.0000,0.019146,1.068834
2000-10-26,1979.3000,1967.6700,1980.6300,1962.2000,1065276400,8684369920.0000,0.017711,-0.484509
2000-10-27,1968.1700,1967.4100,1971.7900,1957.7400,903711100,7786520576.0000,0.015022,-0.013214
2000-10-30,1967.6500,1973.5800,1974.2400,1962.8100,993944800,9374286848.0000,0.016484,0.313606
2000-10-31,1974.5300,1961.2900,1979.9900,1956.4200,909042100,7911979008.0000,0.015050,-0.622722
2000-11-01,1961.0800,1977.3600,1977.3700,1959.7200,850193900,8196133376.0000,0.014062,0.819356
2000-11-02,1981.7700,1984.2600,1992.8600,1980.8900,893385000,8841706496.0000,0.014771,0.348951
2000-11-03,1984.9900,1981.6300,1989.1100,1977.2100,932081700,7328830976.0000,0.015398,-0.132543
2000-11-06,1983.0700,1991.1700,1992.8800,1982.7500,999681900,8928638976.0000,0.016432,0.481424
2000-11-07,1993.4500,1997.0800,1997.0800,1990.0600,789874600,7278831104.0000,0.012983,0.296806
2000-11-08,1999.1500,2012.9100,2012.9900,1998.3500,925427200,8600386560.0000,0.015211,0.792661
2000-11-09,2016.2200,2032.4800,2032.5200,2014.8400,1405162700,13103294464.0000,0.023057,0.972222
2000-11-10,2037.0800,2047.4600,2051.3400,2033.6300,1396589900,15893171200.0000,0.022890,0.737030
2000-11-13,2054.4800,2070.7900,2071.6900,2053.4400,1440877600,15478738944.0000,0.023596,1.139464
2000-11-14,2072.7900,2085.1200,2085.1200,2055.2100,1244877600,14376825856.0000,0.020374,0.692010
2000-11-15,2087.2800,2081.9100,2092.6500,2074.3800,1333426600,14338161664.0000,0.021809,-0.153958
2000-11-16,2081.1400,2095.9800,2096.0500,2080.6100,1282182000,14983269376.0000,0.020957,0.675825
2000-11-17,2098.8900,2093.2400,2104.7000,2084.9000,1180132600,13085711360.0000,0.019289,-0.130726
2000-11-20,2092.5900,2101.3900,2101.4000,2078.2800,1310295900,13467538432.0000,0.021320,0.389344
2000-11-21,2104.0700,2097.9800,2112.9100,2095.5800,1247971800,12041539584.0000,0.020306,-0.162269
2000-11-22,2097.2800,2113.3000,2113.3500,2091.6200,1214670700,12051089408.0000,0.019755,0.730229
2000-11-23,2119.1600,2119.4400,2125.7200,2109.2200,1249207600,14288671744.0000,0.020305,0.290536
2000-11-24,2119.0100,2053.3700,2125.4100,2045.5100,1649756100,16602799104.0000,0.026815,-3.117325
2000-11-27,2041.1600,2049.6700,2062.8100,2031.9300,1058782500,11467955200.0000,0.017196,-0.180201
2000-11-28,2052.7800,2079.4000,2079.4800,2052.7800,858896500,9261744128.0000,0.013943,1.450477
2000-11-29,2081.5000,2067.5000,2082.9000,2055.9400,994362800,10754440192.0000,0.016129,-0.572276
2000-11-30,2067.0700,2070.6100,2072.2900,2057.0400,846555000,9115262976.0000,0.013714,0.150428
2000-12-01,2073.0900,2081.8400,2082.0300,2071.5000,1228528600,8622493696.0000,0.019900,0.542351
2000-12-04,2084.4800,2092.1400,2092.3200,2077.8100,1422884900,9442143232.0000,0.023048,0.494745
2000-12-05,2094.9900,2091.6700,2097.2900,2085.8000,1389586400,8833566720.0000,0.022508,-0.022464
2000-12-06,2093.0000,2075.6300,2095.4400,2070.3500,1138332500,10794543104.0000,0.018421,-0.766853
2000-12-07,2072.5300,2075.0400,2078.1400,2060.7300,968736100,10197655552.0000,0.015661,-0.028418
2000-12-08,2074.5700,2073.1600,2083.2700,2069.6600,1158323400,10305751040.0000,0.018596,-0.090607
2000-12-11,2072.2800,2046.0800,2072.4800,2039.0000,1198653400,9100691456.0000,0.019200,-1.306216
2000-12-12,2045.1700,2059.0500,2059.0500,2037.9000,1099182800,9456605184.0000,0.017481,0.633900
2000-12-13,2057.3800,2056.1200,2059.6000,2050.1800,938510200,8631889920.0000,0.014901,-0.142295
2000-12-14,2057.0000,2051.0800,2059.2700,2046.9400,1419281200,6874509824.0000,0.022509,-0.245124
2000-12-15,2052.7900,2039.3600,2055.6100,2036.8800,1320590700,7922513920.0000,0.020909,-0.571411
2000-12-18,2038.4500,2044.5500,2044.5600,2024.2900,1126258800,9212166144.0000,0.017806,0.254495
2000-12-19,2047.3500,2049.0300,2056.7600,2046.0300,1136818300,10994976768.0000,0.017872,0.219118
2000-12-20,2050.0700,2071.2700,2071.3100,2048.6400,1192071800,11135318016.0000,0.018682,1.085391
2000-12-21,2075.5600,2076.8900,2086.9400,2074.3400,1249834800,12452923392.0000,0.019541,0.271325
2000-12-22,2078.4300,2069.7700,2079.9700,2066.2200,1203266000,12617510912.0000,0.018783,-0.342814
2000-12-25,2071.5700,2068.1700,2075.2100,2062.0400,1206101200,11965238272.0000,0.018785,-0.077308
2000-12-26,2070.3800,2076.2700,2076.4100,2068.8100,1042805500,10872508416.0000,0.016220,0.391655
2000-12-27,2077.7200,2058.2400,2079.7600,2056.0000,1176163200,11810701312.0000,0.018259,-0.868386
2000-12-28,2054.5200,2053.7000,2061.0500,2047.7400,1384240000,11352368128.0000,0.021442,-0.220579
2000-12-29,2055.8300,2073.4800,2073.8800,2055.5100,1365868000,11666403328.0000,0.021058,0.963141
2001-01-02,2077.0800,2103.4700,2103.5400,2074.8800,933898000,13405094725.0000,0.014398,1.446360
2001-01-03,2108.2500,2123.9000,2123.9000,2105.5000,1190429100,17516832575.0000,0.018345,0.971249
2001-01-04,2125.4900,2117.4100,2127.4200,2113.1800,1026457600,14295245398.0000,0.015808,-0.305569
2001-01-05,2117.6600,2125.3000,2125.3800,2114.0600,1017035900,14844236253.0000,0.015653,0.372632
2001-01-08,2128.6000,2102.0600,2131.9800,2092.1000,1157434100,15887661764.0000,0.017791,-1.093492
2001-01-09,2099.3200,2101.1400,2111.1000,2082.8400,877882100,11581766655.0000,0.013479,-0.043774
2001-01-10,2102.0900,2125.6200,2125.6700,2102.0700,951907600,13026253420.0000,0.014607,1.165093
2001-01-11,2129.6100,2119.1400,2131.3700,2117.0300,1026042800,14615713425.0000,0.015721,-0.304863
2001-01-12,2116.8500,2104.7500,2117.7300,2100.2700,797738800,11017289330.0000,0.012182,-0.679044
2001-01-15,2097.0900,2032.4400,2097.0900,2030.2900,950702000,13412559204.0000,0.014479,-3.435565
2001-01-16,2018.3000,2045.8900,2045.9500,2007.7100,843106700,10405910779.0000,0.012803,0.661770
2001-01-17,2046.3800,2034.5800,2048.7000,2031.7600,512422700,6609475901.0000,0.007781,-0.552818
2001-01-18,2033.6900,2043.1100,2049.3600,2033.5800,608675100,8381612881.0000,0.009216,0.419253
2001-01-19,2046.5800,2065.6100,2067.8800,2046.5400,649146900,8601583114.0000,0.009805,1.101268
2001-02-05,2069.8600,2008.0300,2072.5500,2005.6800,565899500,7400294453.0000,0.008543,-2.787558
2001-02-06,1999.7200,1995.3200,1999.7300,1956.1800,621167100,7974362139.0000,0.009354,-0.632963
2001-02-07,1995.6000,1979.9400,1998.2500,1978.6000,422895900,5171535537.0000,0.006367,-0.770804
2001-02-08,1977.5600,1930.1400,1986.9000,1926.4000,530870300,7517260413.0000,0.007983,-2.515224
2001-02-09,1935.1900,1956.9700,1963.3300,1935.1900,608105800,7748484063.0000,0.009104,1.390052
2001-02-12,1958.6600,1961.2200,1961.8100,1935.5900,493028500,6524706396.0000,0.007370,0.217172
2001-02-13,1962.5300,1963.5300,1974.0000,1958.9900,394526500,5135049549.0000,0.005894,0.117787
2001-02-14,1962.7400,1963.2000,1966.8400,1956.4200,322750100,4177529163.0000,0.004803,-0.016810
2001-02-15,1963.4500,1946.4800,1966.9200,1944.5600,339134300,4262383222.0000,0.005046,-0.851669
2001-02-16,1942.0500,1941.9600,1942.1200,1911.8700,500070400,6112809428.0000,0.007429,-0.232215
2001-02-19,1942.5800,1967.5500,1969.3500,1935.6500,406009600,5220087956.0000,0.006029,1.317745
2001-02-20,1969.7800,1953.2200,1980.3900,1947.2600,450414900,6328305448.0000,0.006683,-0.728321
2001-02-21,1948.4200,1909.3300,1948.4200,1901.2100,554352200,7402122577.0000,0.008202,-2.247060
2001-02-22,1901.9900,1907.2600,1922.4600,1893.7800,381815200,5184099982.0000,0.005646,-0.108412
2001-02-23,1906.9100,1936.3500,1936.6300,1906.5500,422846900,5555908953.0000,0.006253,1.525223
2001-02-26,1940.7700,1954.6900,1954.7800,1935.5500,523253600,6871463818.0000,0.007732,0.947141
2001-02-27,1956.2700,1962.0400,1962.2800,1946.9800,494665000,6572695409.0000,0.007290,0.376024
2001-02-28,1964.3600,1959.1800,1965.0200,1950.9300,462486000,6674842010.0000,0.006798,-0.145766
2001-03-01,1959.0100,1965.1200,1968.3600,1953.7200,804277500,7958979704.0000,0.011660,0.303185
2001-03-02,1969.0600,1985.1100,1987.3900,1968.9600,638038300,7911483388.0000,0.009234,1.017240
2001-03-05,1991.2800,1984.2000,1993.8100,1979.6500,639005000,7417398265.0000,0.009243,-0.045843
2001-03-06,1986.7300,1990.0600,1990.0600,1977.1100,1763230900,14083043121.0000,0.025460,0.295339
2001-03-07,1991.2800,1991.1800,1996.8500,1986.0400,1166722000,10411173991.0000,0.016823,0.056279
2001-03-08,1990.6400,2000.9000,2002.2500,1989.8700,921790300,9116276642.0000,0.013291,0.488151
2001-03-09,2003.2100,2011.6600,2015.5000,1999.4800,1355112500,12913043000.0000,0.019400,0.537759
2001-03-12,2013.3100,2012.5500,2015.6000,2004.9600,1093912100,10696975765.0000,0.015652,0.044243
2001-03-13,2012.1600,1998.7000,2012.7700,1992.1700,1181955700,10681301501.0000,0.016911,-0.688187
2001-03-14,1996.1500,2018.6200,2018.6200,1994.9400,855377500,9090213364.0000,0.012239,0.996650
2001-03-15,2019.7300,2022.6000,2027.3300,2017.5900,1057040500,11542905272.0000,0.015107,0.197163
2001-03-16,2023.0300,2020.2400,2024.2800,2011.9900,882278600,10272257578.0000,0.012584,-0.116681
2001-03-19,2019.8500,2036.6200,2036.6300,2017.4900,993555500,11601354731.0000,0.014156,0.810795
2001-03-20,2039.5500,2045.7900,2045.9400,2037.1700,1057373200,11586387452.0000,0.015055,0.450258
2001-03-21,2047.6300,2066.3900,2066.3900,2046.4300,1146173300,12963828235.0000,0.016320,1.006939
2001-03-22,2071.2000,2087.5300,2087.5300,2068.1400,1640931500,17676007273.0000,0.023364,1.023047
2001-03-23,2091.1800,2053.5400,2093.9500,2052.5600,1864774300,18580195970.0000,0.026551,-1.628240
2001-03-26,2052.0600,2089.8800,2089.9900,2052.0600,1291581000,14310990617.0000,0.018359,1.769619
2001-03-27,2096.5000,2107.2600,2107.3000,2090.9000,1352761900,15898231606.0000,0.019214,0.831633
2001-03-28,2109.7600,2106.8700,2112.8800,2096.9200,1252139000,15209667765.0000,0.017759,-0.018502
2001-03-29,2107.2200,2101.6600,2111.7300,2096.9300,1232581000,15283496688.0000,0.017390,-0.247296
2001-03-30,2101.1000,2112.7800,2112.8300,2096.2800,1064534900,13560668736.0000,0.015003,0.529111
2001-04-02,2117.4500,2125.0800,2126.9700,2114.7800,1198323600,15302089271.0000,0.016888,0.582174
2001-04-03,2127.7800,2123.0500,2129.8300,2109.2500,1059347900,12823849329.0000,0.014930,-0.095527
2001-04-04,2123.8900,2090.7200,2128.1600,2084.9300,1215609900,14766596329.0000,0.017123,-1.522813
2001-04-05,2084.8100,2112.6000,2112.6200,2081.6400,898619600,11267333518.0000,0.012642,1.046535
2001-04-06,2116.3800,2108.6100,2122.2200,2103.2600,829210600,10596703339.0000,0.011656,-0.188866
2001-04-09,2108.9700,2117.3700,2117.4100,2100.9700,958209200,11780114412.0000,0.013463,0.415440
2001-04-10,2119.5400,2128.4800,2128.5500,2119.3600,884070100,10866473107.0000,0.012419,0.524701
2001-04-11,2130.9000,2131.4000,2134.5100,2121.1600,963160000,11560119546.0000,0.013520,0.137183
2001-04-12,2132.8100,2134.8000,2141.9200,2124.8200,1336766900,17650622902.0000,0.018709,0.159526
2001-04-13,2135.6700,2145.4000,2145.4400,2130.5900,1033145000,13652048108.0000,0.014450,0.496527
2001-04-16,2150.2900,2168.0600,2168.0800,2150.2900,1420630200,19551496827.0000,0.019858,1.056221
2001-04-17,2173.3000,2176.6800,2177.1600,2163.1900,1537860800,20671818346.0000,0.021482,0.397585
2001-04-18,2177.9900,2172.5600,2179.7400,2167.5900,1421978600,18518058145.0000,0.019814,-0.189273
2001-04-19,2172.4300,2172.8700,2175.5800,2148.3100,1505496500,19874416346.0000,0.020935,0.014272
2001-04-20,2173.9600,2152.3400,2179.5700,2152.0100,1621674300,21906310129.0000,0.022525,-0.944835
2001-04-23,2150.3400,2150.4300,2157.5100,2132.5500,1403286700,18665045955.0000,0.019492,-0.088748
2001-04-24,2151.3400,2166.1700,2166.1900,2151.3400,1073662200,14266589779.0000,0.014923,0.731946
2001-04-25,2168.0500,2119.1800,2170.3900,2115.2600,1369157900,17711213174.0000,0.019003,-2.169266
2001-04-26,2113.3900,2105.0600,2125.7900,2102.8300,998894200,13482611315.0000,0.013845,-0.666289
2001-04-27,2104.0300,2115.1100,2120.8400,2104.0300,848589900,10974030209.0000,0.011756,0.477423
2001-04-30,2117.1700,2119.1800,2122.5000,2111.9500,763655600,10497143984.0000,0.010579,0.192417
2001-05-08,2119.9000,2137.9900,2138.0400,2119.8900,664911400,8704695654.0000,0.009201,0.887610
2001-05-09,2140.5500,2132.8900,2142.3800,2127.3200,784362900,10453425273.0000,0.010851,-0.238546
2001-05-10,2134.1900,2147.2800,2147.3400,2134.1900,826856800,11162464312.0000,0.011439,0.674678
2001-05-11,2150.3200,2155.4100,2155.4200,2144.7600,834136500,10971413078.0000,0.011518,0.378613
2001-05-14,2161.6100,2178.4700,2178.7000,2160.1200,1162684900,16209586946.0000,0.016044,1.069869
2001-05-15,2184.7900,2191.0600,2191.0700,2176.7900,1294572400,17346849869.0000,0.017827,0.577933
2001-05-16,2195.3700,2199.5100,2199.5400,2187.4100,1197133900,17561127550.0000,0.016452,0.385656
2001-05-17,2201.9800,2194.6500,2205.0100,2187.8400,1167980300,16880669737.0000,0.016009,-0.220963
2001-05-18,2194.6200,2203.3700,2203.3700,2186.6500,1044917100,17431723734.0000,0.014261,0.397340
2001-05-21,2207.7800,2213.6000,2213.7500,2202.7400,1323956200,19288406288.0000,0.018049,0.464288
2001-05-22,2215.7800,2210.3400,2218.4500,2205.2500,1048347700,14681261065.0000,0.014284,-0.147272
2001-05-23,2210.8500,2197.6000,2213.4000,2175.2800,1305028500,17438179134.0000,0.017781,-0.576381
2001-05-24,2198.0100,2198.3000,2202.8400,2192.1700,1061140900,15475624326.0000,0.014439,0.031851
2001-05-25,2199.6600,2193.5800,2204.2400,2181.2500,982466300,13727022942.0000,0.013354,-0.214710
2001-05-28,2194.4500,2179.7000,2194.8300,2171.6800,1107942700,15291972290.0000,0.015031,-0.632761
2001-05-29,2177.6500,2180.2800,2188.7600,2176.5600,1006237900,13221503246.0000,0.013567,0.026613
2001-05-30,2180.6200,2211.2000,2211.2100,2180.5300,1092058000,14402927451.0000,0.014718,1.418163
2001-05-31,2217.8700,2214.2600,2222.6500,2208.8800,1262630600,16855249843.0000,0.016917,0.138389
2001-06-01,2216.5600,2219.5900,2223.2600,2212.1600,1280902500,17420038843.0000,0.017112,0.240716
2001-06-04,2223.9100,2226.7800,2229.0600,2222.2300,1324257100,18297349027.0000,0.017690,0.323931
2001-06-05,2229.2500,2234.9900,2235.5000,2226.8200,1197182300,16845995608.0000,0.015973,0.368692
2001-06-06,2237.9900,2238.5000,2241.0900,2224.3000,1160341200,17074328596.0000,0.015457,0.157048
2001-06-07,2241.0100,2229.8100,2242.6900,2223.4100,992409800,14376232021.0000,0.013217,-0.388204
2001-06-08,2229.2100,2223.0700,2229.4100,2211.7500,878988400,14007784630.0000,0.011688,-0.302268
2001-06-11,2223.8000,2214.6200,2226.6100,2206.6400,997664300,13600023648.0000,0.013237,-0.380103
2001-06-12,2213.5500,2222.9600,2223.3000,2211.8600,1016856300,14480012550.0000,0.013484,0.376581
2001-06-13,2227.0700,2242.4200,2242.4200,2226.8800,1070147100,15797215965.0000,0.014191,0.875408
2001-06-14,2243.3000,2202.4000,2245.4400,2201.0100,1225221300,17930530922.0000,0.016247,-1.784680
2001-06-15,2196.6900,2210.9700,2212.0900,2188.2500,995770100,15446384897.0000,0.013192,0.389124
2001-06-18,2211.8900,2167.6500,2214.1100,2157.1200,1032936400,15957379623.0000,0.013676,-1.959324
2001-06-19,2163.3200,2170.4500,2174.2100,2158.7600,689648200,10325506846.0000,0.009131,0.129174
2001-06-20,2171.0100,2163.1200,2180.7300,2157.4000,583817600,8642624308.0000,0.007728,-0.337710
2001-06-21,2164.1200,2189.1500,2189.2300,2164.0900,557406300,8041819766.0000,0.007369,1.203344
2001-06-22,2191.3600,2206.0700,2206.5100,2188.9400,781870500,10375097659.0000,0.010335,0.772910
2001-06-25,2210.0700,2230.2000,2230.2200,2210.0400,1150047800,14482370495.0000,0.015190,1.093795
2001-06-26,2234.0700,2233.5900,2236.7800,2223.5000,1193653600,16215559194.0000,0.015749,0.152010
2001-06-27,2234.7100,2229.8300,2237.5200,2223.8100,967060300,13143927786.0000,0.012759,-0.168339
2001-06-28,2231.3700,2219.2500,2237.4900,2213.5800,932427800,13077432494.0000,0.012297,-0.474479
2001-06-29,2218.5700,2218.0300,2225.3500,2214.1600,659076900,9578770401.0000,0.008687,-0.054972
2001-07-02,2220.4200,2205.9900,2223.2100,2201.5900,637816200,9734739585.0000,0.008402,-0.542826
2001-07-03,2206.8500,2211.8300,2211.8600,2191.6800,567799500,8128678619.0000,0.007477,0.264738
2001-07-04,2212.9700,2202.0600,2216.2200,2199.6300,492403300,7097450490.0000,0.006483,-0.441717
2001-07-05,2202.3000,2181.6600,2204.2600,2176.7500,618927600,8958141559.0000,0.008149,-0.926412
2001-07-06,2179.8100,2170.5200,2187.2400,2168.7800,616942200,8616208191.0000,0.008091,-0.510615
2001-07-09,2169.4700,2169.6600,2175.1700,2164.0100,510633200,7344830804.0000,0.006687,-0.039627
2001-07-10,2172.6100,2189.7900,2189.8000,2172.5900,532441500,7517806443.0000,0.006973,0.927801
2001-07-11,2190.9800,2168.7400,2192.5200,2167.6700,489571700,6976560708.0000,0.006411,-0.961282
2001-07-12,2164.9200,2165.4900,2168.4000,2153.6800,475446100,6825996506.0000,0.006222,-0.149857
2001-07-13,2167.7000,2161.3400,2178.0200,2158.8500,500520400,7374971789.0000,0.006546,-0.191638
2001-07-16,2176.3400,2146.2400,2183.5200,2142.0800,710929300,10684817403.0000,0.009298,-0.698645
2001-07-17,2145.4900,2140.9800,2146.0300,2121.2800,580339500,8389687026.0000,0.007590,-0.245080
2001-07-18,2142.0100,2146.5400,2147.8400,2137.4100,389623700,5640054173.0000,0.005096,0.259697
2001-07-19,2146.5200,2150.2700,2150.2700,2135.2400,545587300,6882558744.0000,0.007134,0.173767
2001-07-20,2153.2400,2179.6200,2179.7700,2153.1400,813113400,11548355236.0000,0.010621,1.364949
2001-07-23,2183.7400,2169.0100,2185.8600,2166.3300,712269200,10429149210.0000,0.009300,-0.486787
2001-07-24,2162.7500,2136.4500,2162.7500,2129.1800,737440200,10255277499.0000,0.009629,-1.501148
2001-07-25,2130.4500,2112.2600,2140.5000,2108.7600,621897200,8441631781.0000,0.008120,-1.132249
2001-07-26,2109.9200,2094.0100,2116.5600,2086.0800,569391400,7673060804.0000,0.007432,-0.864004
2001-07-27,2093.8700,2065.7300,2101.1500,2063.8900,585945300,7881566812.0000,0.007646,-1.350520
2001-07-30,2056.7600,1956.8200,2056.7700,1955.9700,759273300,9727669368.0000,0.009908,-5.272230
2001-07-31,1939.2600,1920.3200,1978.1000,1909.3000,712509400,8769210669.0000,0.009285,-1.865271
2001-08-01,1925.2400,1986.9300,1986.9400,1925.2400,743892700,9035162959.0000,0.009683,3.468698
2001-08-02,1989.6400,1957.0200,1990.7000,1912.7300,649304500,7882715918.0000,0.008449,-1.505339
2001-08-03,1956.5400,1958.6900,1965.3200,1948.9000,433033400,5392849859.0000,0.005635,0.085330
2001-08-06,1953.4100,1882.1300,1953.4500,1867.8600,670411300,7951114132.0000,0.008721,-3.908732
2001-08-07,1872.6700,1903.9300,1911.2100,1861.7800,785885500,8506005927.0000,0.010201,1.158265
2001-08-08,1902.8700,1895.1700,1907.9500,1885.4200,1129547700,8037427480.0000,0.014366,-0.460101
2001-08-09,1894.6900,1924.5900,1924.6500,1894.0500,799221800,7777659774.0000,0.010162,1.552363
2001-08-10,1929.9600,1955.0400,1956.4000,1929.6900,1007987200,10767091674.0000,0.012805,1.582159
2001-08-13,1956.9300,1955.1000,1963.1400,1942.0700,660555500,7601669262.0000,0.008391,0.003066
2001-08-14,1955.5100,1939.5400,1960.9500,1924.2700,564691300,6818213127.0000,0.007171,-0.795864
2001-08-15,1938.5400,1947.3600,1949.1600,1935.3900,406760900,4984717018.0000,0.005166,0.403186
2001-08-16,1948.2700,1919.6500,1950.4600,1918.4900,451565800,5405537985.0000,0.005735,-1.422950
2001-08-17,1916.8400,1924.0000,1928.1400,1909.6700,418972300,4945063738.0000,0.005317,0.226603
2001-08-20,1923.1000,1934.4900,1937.1600,1917.1000,599049600,6349408612.0000,0.007569,0.545218
2001-08-21,1936.0600,1938.8700,1947.4000,1935.7700,503047900,5834753841.0000,0.006356,0.226416
2001-08-22,1935.5400,1903.4500,1935.5600,1891.3500,666544300,7531068053.0000,0.008418,-1.826840
2001-08-23,1892.3700,1902.9900,1903.4700,1869.4900,541933200,7039790170.0000,0.006836,-0.024165
2001-08-24,1903.3900,1886.8000,1912.1900,1883.2400,527731600,6626117193.0000,0.006638,-0.850763
2001-08-27,1881.3100,1827.2500,1881.3100,1824.8800,642240500,8533415666.0000,0.008071,-3.156140
2001-08-28,1816.6600,1843.3900,1843.4400,1795.5700,579221600,7195598859.0000,0.007274,0.883295
2001-08-29,1846.8200,1847.5400,1865.4800,1837.9400,500775700,6435768523.0000,0.006281,0.225130
2001-08-30,1846.1900,1839.6300,1846.5400,1831.0200,333766600,4167963515.0000,0.004186,-0.428139
2001-08-31,1838.2100,1834.1400,1846.9400,1831.5200,309783700,3657216971.0000,0.003885,-0.298429
2001-09-03,1831.7030,1817.1900,1831.7960,1813.3670,375806400,4566065371.0000,0.004708,-0.924143
2001-09-04,1815.2700,1862.3600,1862.3990,1814.9170,577795000,7228937238.0000,0.007238,2.485708
2001-09-05,1868.3610,1868.2700,1888.9010,1863.8330,576809800,7342648825.0000,0.007210,0.317341
2001-09-06,1867.6330,1861.5610,1876.4710,1853.2890,401022600,5237039339.0000,0.005010,-0.359101
2001-09-07,1858.2420,1808.8440,1858.2420,1807.1410,527958600,6510054132.0000,0.006593,-2.831873
2001-09-10,1790.2100,1856.5290,1858.2040,1774.8320,613546600,7570420330.0000,0.007650,2.636217
2001-09-11,1859.9660,1863.7800,1871.1300,1849.6120,518689900,6564937593.0000,0.006468,0.390566
2001-09-12,1822.1290,1852.6040,1858.6890,1815.5930,959252300,9852090612.0000,0.011961,-0.599643
2001-09-13,1851.6100,1839.9000,1857.8500,1837.8100,388451200,4730889777.0000,0.004844,-0.685736
2001-09-14,1838.6740,1818.3820,1846.0150,1814.7440,494513700,5505286687.0000,0.006166,-1.169524
2001-09-17,1811.9000,1784.6100,1816.2600,1782.5000,528683400,5668955973.0000,0.006591,-1.857254
2001-09-18,1784.5910,1798.6220,1817.5590,1780.0460,407328900,4488183676.0000,0.005078,0.785156
2001-09-19,1800.2390,1822.6950,1822.9720,1784.9110,396188900,4832961256.0000,0.004939,1.338413
2001-09-20,1826.4170,1818.4190,1836.7860,1814.4590,485792200,5820950887.0000,0.006053,-0.234598
2001-09-21,1815.5620,1807.0190,1821.3410,1803.8020,354027700,4024930901.0000,0.004394,-0.626913
2001-09-24,1804.8870,1794.9610,1808.7030,1791.6210,274466900,3276990847.0000,0.003407,-0.667286
2001-09-25,1799.9790,1793.8840,1813.3070,1788.4020,289103000,3395763491.0000,0.003585,-0.060003
2001-09-26,1793.6510,1767.8140,1793.6700,1765.1690,276968000,3273619392.0000,0.003434,-1.453275
2001-09-27,1765.6220,1764.9320,1779.1330,1750.7640,317250000,3770561929.0000,0.003931,-0.163024
2001-09-28,1766.1300,1764.8670,1774.2970,1751.7210,336137800,4046742860.0000,0.004157,-0.003686
2001-10-08,1766.1330,1726.5330,1773.7980,1723.0400,271852200,3081936905.0000,0.003361,-2.172061
2001-10-09,1724.1730,1744.6400,1751.0660,1722.2230,272097600,3151315983.0000,0.003362,1.048752
2001-10-10,1744.0420,1686.6120,1744.6370,1683.7070,393135100,4675751398.0000,0.004854,-3.326070
2001-10-11,1682.3170,1638.3260,1693.2150,1634.2080,437030700,4937634568.0000,0.005386,-2.862900
2001-10-12,1637.7490,1691.3260,1700.7080,1598.7930,718009800,8113369515.0000,0.008844,3.235009
2001-10-15,1692.1730,1687.2800,1703.5880,1670.2650,458875700,5149456451.0000,0.005644,-0.239222
2001-10-16,1689.1870,1655.9020,1691.6510,1649.2010,338167500,3769386293.0000,0.004160,-1.859683
2001-10-17,1654.9290,1643.0660,1661.8820,1635.9160,274360000,3081268176.0000,0.003374,-0.775163
2001-10-18,1642.0120,1615.5790,1651.1100,1609.3820,329586700,3531477167.0000,0.004053,-1.672913
2001-10-19,1610.4450,1572.4530,1610.4450,1550.9120,586703800,6162060926.0000,0.007213,-2.669382
2001-10-22,1558.4680,1520.6690,1563.3980,1514.8620,423059700,4282266810.0000,0.005200,-3.293202
2001-10-23,1642.2200,1670.5600,1670.7400,1625.1500,142193800000,15108640000.0000,1.747665,9.856919
2001-10-24,1733.6370,1718.0600,1744.9230,1685.7160,2034710000,23413280512.0000,0.025008,2.843358
2001-10-25,1708.0280,1676.4990,1708.0280,1673.0530,972533000,11938461176.0000,0.011953,-2.419068
2001-10-26,1669.1570,1677.8780,1681.9040,1651.5240,643277200,7450645223.0000,0.007906,0.082256
2001-10-29,1678.7250,1700.4770,1701.1240,1678.7250,548875600,6326986213.0000,0.006742,1.346880
2001-10-30,1702.8620,1682.7690,1704.4830,1680.4370,399672300,4570871643.0000,0.004904,-1.041355
2001-10-31,1678.9260,1689.1700,1689.1700,1655.8860,405136500,4521886953.0000,0.004967,0.380385
2001-11-01,1692.3510,1707.7540,1717.7360,1688.0950,631995900,6950324291.0000,0.007749,1.100184
2001-11-02,1703.9240,1691.3510,1711.7420,1688.5720,425379300,4625092210.0000,0.005214,-0.960506
2001-11-05,1687.8400,1679.5720,1688.3090,1671.2310,347467900,3750232152.0000,0.004259,-0.696421
2001-11-06,1678.1730,1671.2780,1685.5190,1668.6580,382768300,3871546142.0000,0.004692,-0.493820
2001-11-07,1669.4270,1594.0500,1669.4600,1591.7680,594589300,6247016818.0000,0.007288,-4.620889
2001-11-08,1566.5210,1605.8710,1605.8990,1550.4650,523931200,5184760010.0000,0.006411,0.741565
2001-11-09,1605.0760,1630.3590,1637.9030,1582.8510,575023200,6023150510.0000,0.007036,1.524907
2001-11-12,1631.8000,1621.2000,1637.3300,1619.1100,403862200,4265992418.0000,0.004942,-0.561782
2001-11-13,1609.9530,1615.9310,1623.4520,1598.1120,344049500,3507876781.0000,0.004209,-0.325001
2001-11-14,1615.7520,1617.1020,1627.9720,1614.5930,277397400,2949790872.0000,0.003393,0.072467
2001-11-15,1619.2630,1621.3440,1624.8130,1612.9050,251838600,2726782992.0000,0.003081,0.262318
2001-11-16,1725.4480,1646.7630,1734.6730,1644.6070,1099398600,12728561596.0000,0.013445,1.567770
2001-11-19,1645.0920,1669.8940,1669.9870,1644.8160,457445900,5061767176.0000,0.005593,1.404641
2001-11-20,1672.2120,1699.7320,1703.7400,1670.7970,917883600,10016462930.0000,0.011215,1.786821
2001-11-21,1700.6610,1705.6640,1707.9270,1690.2340,676450100,7499879404.0000,0.008265,0.348989
2001-11-22,1705.9240,1715.8130,1715.9260,1700.5100,695013400,7609640292.0000,0.008492,0.595020
2001-11-23,1715.6460,1712.5640,1721.9680,1704.1390,631836900,6833086841.0000,0.007720,-0.189358
2001-11-26,1710.1320,1705.8850,1710.1320,1695.9960,469034900,5098974892.0000,0.005731,-0.389997
2001-11-27,1705.5090,1722.5890,1722.6200,1704.8510,499150000,5509311541.0000,0.006098,0.979197
2001-11-28,1725.5350,1735.0000,1741.6650,1725.1560,753850000,8474959784.0000,0.009209,0.720486
2001-11-29,1735.3830,1732.2960,1741.7370,1728.8860,675296800,7714605831.0000,0.008244,-0.155849
2001-11-30,1732.1340,1747.9930,1748.0000,1731.9640,724771600,7841977626.0000,0.008848,0.906140
2001-12-03,1751.0510,1762.5620,1767.4380,1750.9160,863915800,9575218978.0000,0.010547,0.833468
2001-12-04,1763.7890,1769.6810,1770.3570,1754.8660,737371500,8118587747.0000,0.008997,0.403902
2001-12-05,1765.5630,1745.2270,1776.0190,1745.1050,965188200,10564741773.0000,0.011773,-1.381830
2001-12-06,1740.0770,1751.1820,1754.7680,1737.0630,779399400,8838671072.0000,0.009490,0.341214
2001-12-07,1752.0150,1745.4070,1756.4740,1743.3300,647554100,6793402524.0000,0.007885,-0.329779
2001-12-10,1743.6250,1748.6820,1748.9680,1730.8060,590359400,5843792243.0000,0.007141,0.187637
2001-12-11,1748.0210,1728.8780,1748.9750,1726.6920,577456400,5955297295.0000,0.006979,-1.132508
2001-12-12,1724.8750,1715.1720,1728.8340,1714.1750,563790800,6305420540.0000,0.006810,-0.792772
2001-12-13,1713.7800,1688.0130,1720.5500,1687.0870,604061500,6199525501.0000,0.007296,-1.583460
2001-12-14,1683.7280,1675.5140,1692.9050,1673.3240,468558000,4867165656.0000,0.005659,-0.740451
2001-12-17,1673.2420,1665.9380,1680.8380,1662.6750,361941600,3949567372.0000,0.004370,-0.571529
2001-12-18,1666.5140,1687.2900,1687.7690,1660.4970,510812700,5427693651.0000,0.006163,1.281683
2001-12-19,1688.9170,1672.6980,1693.1810,1671.9360,461815900,5077227243.0000,0.005572,-0.864821
2001-12-20,1669.4750,1631.5370,1669.4800,1628.4700,578025200,6230013193.0000,0.006970,-2.460756
2001-12-21,1627.4390,1640.1420,1640.7930,1624.4960,371930200,4056996187.0000,0.004478,0.527416
2001-12-24,1639.5220,1606.1040,1640.1430,1601.2370,422865700,4674129347.0000,0.005091,-2.075306
2001-12-25,1604.6670,1611.1700,1613.6020,1593.0260,450774400,4490369147.0000,0.005420,0.315424
2001-12-26,1610.6480,1633.6430,1634.3300,1605.1460,479393500,5077112201.0000,0.005760,1.394819
2001-12-27,1635.4610,1627.9230,1644.4090,1625.4550,556916600,5946204863.0000,0.006686,-0.350136
2001-12-28,1626.9550,1639.4840,1639.8480,1619.5310,503671900,5508550185.0000,0.006045,0.710171
2001-12-31,1641.4280,1645.9710,1649.8000,1638.3160,516915700,5791001397.0000,0.006204,0.395670
2002-01-04,1643.4850,1611.3930,1643.5000,1608.8290,298586800,3211052868.0000,0.003583,-2.100766
2002-01-07,1605.7410,1596.7600,1605.7410,1584.6560,299697100,3033084123.0000,0.003597,-0.908092
2002-01-08,1594.8670,1583.4610,1607.7220,1582.4480,348254000,3752639861.0000,0.004178,-0.832871
2002-01-09,1580.7110,1561.3490,1580.7200,1552.5580,447451700,4243771438.0000,0.005368,-1.396439
2002-01-10,1556.7370,1576.4370,1580.0070,1523.6630,558604100,5529774860.0000,0.006702,0.966345
2002-01-11,1574.2600,1535.5900,1574.2700,1535.2800,54314580000,4516166000.0000,0.649863,-2.591099
2002-01-14,1519.9320,1485.1080,1519.9320,1484.4640,592997700,5421762981.0000,0.007095,-3.287462
2002-01-15,1475.3380,1459.6530,1491.7030,1458.0200,559817300,5112330789.0000,0.006698,-1.714022
2002-01-16,1458.8430,1479.6190,1482.1780,1439.4000,637989900,5789750595.0000,0.007628,1.367864
2002-01-17,1476.3580,1419.5190,1476.3780,1416.3020,568212800,4993908485.0000,0.006793,-4.061855
2002-01-18,1405.5500,1415.4380,1434.9660,1376.8880,776144500,6855958176.0000,0.009279,-0.287496
2002-01-21,1406.9970,1366.9680,1412.2120,1362.6180,567697100,4781876643.0000,0.006787,-3.424380
2002-01-22,1360.2940,1358.6910,1400.7600,1348.7890,705218800,5872238787.0000,0.008431,-0.605499
2002-01-23,1355.8630,1444.9650,1445.6960,1346.1730,1051413500,8503139796.0000,0.012570,6.349782
2002-01-24,1435.3190,1456.4040,1478.5400,1400.3540,1367010200,11731684923.0000,0.016344,0.791651
2002-01-25,1449.8820,1451.4840,1464.9020,1442.9390,807897700,6884379849.0000,0.009659,-0.337821
2002-01-28,1444.5010,1359.5490,1448.6030,1357.5500,1056280400,8673309241.0000,0.012629,-6.333867
2002-01-29,1343.3580,1392.7750,1396.1080,1339.2000,730314400,5878101151.0000,0.008731,2.443904
2002-01-30,1392.9500,1396.6050,1408.0500,1381.0070,599350500,4721291132.0000,0.007166,0.274987
2002-01-31,1413.2240,1491.6650,1501.3300,1413.2220,1880069700,17119339480.0000,0.022451,6.806510
2002-02-01,1494.5770,1485.7700,1507.6390,1480.7700,1333752700,12498441289.0000,0.015927,-0.395197
2002-02-04,1485.6760,1511.3270,1513.6710,1476.1330,842464200,7797091372.0000,0.010060,1.720119
2002-02-05,1510.5670,1518.2800,1522.3240,1502.0860,961651800,8941866551.0000,0.011473,0.460060
2002-02-06,1517.8130,1485.8020,1521.5580,1484.2470,832073000,7682563960.0000,0.009927,-2.139133
2002-02-07,1482.3570,1515.3940,1521.0270,1481.0680,961295900,8516296456.0000,0.011441,1.991654
2002-02-08,1520.7170,1506.6150,1530.1260,1506.0690,706129000,6585952437.0000,0.008400,-0.579325
2002-02-25,1540.4930,1530.2840,1544.5740,1521.6600,807031700,7934071700.0000,0.009600,1.571010
2002-02-26,1529.3760,1531.4300,1531.7170,1507.5750,663469900,6361964189.0000,0.007892,0.074888
2002-02-27,1531.3170,1538.3190,1544.9210,1524.6850,711387200,6571922036.0000,0.008462,0.449835
2002-02-28,1537.9260,1524.7010,1544.3940,1521.0830,647798800,6240794990.0000,0.007700,-0.885247
2002-03-01,1521.5280,1502.5400,1521.5670,1501.5560,569348600,5351310022.0000,0.006761,-1.453466
2002-03-04,1497.8270,1526.8040,1527.4000,1494.8340,552068400,5370162205.0000,0.006553,1.614860
2002-03-05,1529.2980,1560.0790,1566.0660,1529.2980,1174763800,11735387687.0000,0.013920,2.179391
2002-03-06,1564.6940,1569.2080,1594.6670,1563.9230,1609154900,15713024217.0000,0.019067,0.585164
2002-03-07,1569.1720,1613.0010,1613.2560,1569.0730,1633819800,16103668806.0000,0.019359,2.790769
2002-03-08,1622.8690,1640.2560,1645.2920,1611.2280,2315429200,22806740264.0000,0.027436,1.689708
2002-03-11,1643.5900,1664.0940,1664.5190,1632.6150,1947651800,19530693177.0000,0.023077,1.453310
2002-03-12,1665.2370,1643.6920,1672.0390,1641.5830,2101132700,21263796100.0000,0.024895,-1.226011
2002-03-13,1636.9450,1623.4320,1655.6340,1621.7970,1500230400,15291987743.0000,0.017775,-1.232592
2002-03-14,1621.0790,1665.1510,1665.7850,1621.0790,1195076100,12391854541.0000,0.014160,2.569802
2002-03-15,1671.8250,1620.9760,1676.5060,1620.5620,1399457300,14915337520.0000,0.016581,-2.652915
2002-03-18,1641.4290,1623.8840,1657.6780,1610.9930,1288339400,11327788580.0000,0.015174,0.179403
2002-03-19,1624.3190,1665.3570,1665.6220,1624.2900,1331461500,14084853414.0000,0.015682,2.553940
2002-03-20,1673.2650,1682.5100,1686.1050,1664.3680,1801879900,19462924505.0000,0.021223,1.029987
2002-03-21,1686.9460,1685.0170,1693.8730,1675.2450,1343827900,14229515988.0000,0.015824,0.149001
2002-03-22,1684.0710,1669.6940,1684.4610,1659.5160,1023451800,10774055487.0000,0.012051,-0.909368
2002-03-25,1667.8530,1675.2890,1677.0450,1663.3950,879264000,9426936068.0000,0.010338,0.335090
2002-03-26,1674.7040,1649.4840,1675.2100,1641.9140,925375700,9815939286.0000,0.010880,-1.540327
2002-03-27,1646.6790,1654.2310,1655.1760,1635.8160,717040900,7603145878.0000,0.008429,0.287784
2002-03-28,1653.9830,1650.6730,1666.5150,1645.3400,793435300,8865473603.0000,0.009319,-0.215084
2002-03-29,1648.0870,1603.9050,1648.0870,1596.2540,1197867700,11772498074.0000,0.014020,-2.833265
2002-04-01,1598.0300,1608.5100,1609.9200,1589.4100,667969500,6838938150.0000,0.007818,0.287110
2002-04-02,1608.5190,1582.8830,1610.7270,1575.9720,771821100,7592751336.0000,0.009033,-1.593211
2002-04-03,1582.7440,1594.5080,1603.7980,1582.6720,639965000,6421700262.0000,0.007490,0.734419
2002-04-04,1595.0180,1641.6990,1643.5400,1583.6340,910306500,9108101678.0000,0.010654,2.959591
2002-04-05,1650.5040,1634.6430,1657.0940,1628.5460,1013510200,9848770314.0000,0.011862,-0.429800
2002-04-08,1633.8310,1640.6500,1643.6760,1631.0670,667485300,6581735000.0000,0.007760,0.367486
2002-04-09,1641.8470,1667.5220,1671.8630,1640.6920,1601633900,16660422233.0000,0.018492,1.637884
2002-04-10,1670.8020,1677.6580,1677.9380,1663.4730,1202041800,12565168300.0000,0.013879,0.607847
2002-04-11,1679.3410,1649.5300,1680.2980,1649.2690,944877700,9759858993.0000,0.010903,-1.676619
2002-04-12,1648.4540,1658.9790,1664.4150,1648.4540,813352400,8563896043.0000,0.009374,0.572828
2002-04-15,1660.5720,1649.5000,1664.5240,1638.6380,726755500,7205438537.0000,0.008368,-0.571376
2002-04-16,1647.5080,1640.2850,1654.7440,1635.7510,617537400,6371564651.0000,0.007107,-0.558652
2002-04-17,1641.7240,1644.3950,1649.4330,1630.2280,584095300,5979326993.0000,0.006723,0.250565
2002-04-18,1644.1470,1628.1370,1646.2520,1626.0340,730470400,7467267240.0000,0.008395,-0.988695
2002-04-19,1625.2490,1635.1720,1635.5290,1603.9560,862769800,8358400636.0000,0.009915,0.432091
2002-04-22,1633.6420,1627.4800,1637.1850,1619.1580,550123100,5534005670.0000,0.006322,-0.470410
2002-04-23,1626.6300,1624.5460,1634.8630,1621.8660,499909700,5134076107.0000,0.005737,-0.180276
2002-04-24,1623.4680,1611.0510,1626.3850,1609.2050,503065200,5084855185.0000,0.005773,-0.830693
2002-04-25,1609.9360,1615.9190,1616.7630,1603.6370,468889600,4951057353.0000,0.005379,0.302158
2002-04-26,1615.5190,1640.5890,1643.1530,1615.5190,703904100,7282960059.0000,0.008067,1.526688
2002-04-29,1643.5490,1665.8120,1667.1590,1640.5590,1046037800,10874351531.0000,0.011988,1.537437
2002-04-30,1668.3130,1667.7490,1673.7500,1657.8170,970235100,10682627577.0000,0.011110,0.116280
2002-05-08,1669.8710,1652.3680,1670.9170,1651.6910,475011500,5179315429.0000,0.005439,-0.922260
2002-05-09,1648.4600,1650.5780,1659.2520,1646.8160,557309600,5959699783.0000,0.006364,-0.108332
2002-05-10,1650.9130,1638.1980,1652.2880,1636.8600,601488200,6406784976.0000,0.006860,-0.750041
2002-05-13,1634.9010,1623.9400,1634.9160,1618.4640,567219500,6156730033.0000,0.006466,-0.870350
2002-05-14,1622.3310,1616.2310,1629.8810,1613.5540,533427700,6108710641.0000,0.006078,-0.474709
2002-05-15,1614.9000,1598.3540,1618.1400,1597.9160,603463400,6680824951.0000,0.006874,-1.106089
2002-05-16,1592.2360,1549.5010,1592.2370,1546.9410,807654700,8213587303.0000,0.009195,-3.056458
2002-05-17,1549.0830,1567.4970,1570.1490,1540.5760,716278300,7754365902.0000,0.008134,1.161404
2002-05-20,1564.9680,1541.5300,1564.9820,1529.3480,478270100,4957018595.0000,0.005421,-1.656585
2002-05-21,1575.0220,1588.1080,1599.1130,1564.5460,971071000,10168233638.0000,0.010989,3.021544
2002-05-22,1590.7940,1564.4890,1591.0340,1563.1640,572943000,5936598836.0000,0.006480,-1.487243
2002-05-23,1571.0750,1571.6110,1585.7420,1568.1040,819136100,6843172752.0000,0.009223,0.455225
2002-05-24,1572.9380,1549.4660,1574.1340,1544.4230,564800000,5157363733.0000,0.006356,-1.409065
2002-05-27,1555.0420,1555.0480,1562.6330,1545.6220,382215500,3708574843.0000,0.004297,0.360255
2002-05-28,1557.6240,1558.5240,1569.4110,1557.2320,378071800,4005084974.0000,0.004250,0.223535
2002-05-29,1558.1310,1524.8060,1558.1450,1520.1250,516997300,4943648861.0000,0.005812,-2.163458
2002-05-30,1524.2180,1523.5220,1530.7730,1506.5420,552689800,5289912716.0000,0.006210,-0.084211
2002-05-31,1523.0140,1515.7330,1532.0340,1513.2570,421432000,4065236808.0000,0.004735,-0.511246
2002-06-03,1510.2470,1483.3480,1510.2590,1480.0850,517919600,5062896260.0000,0.005814,-2.136591
2002-06-04,1484.0080,1490.5140,1498.0510,1474.3630,457839500,4302623782.0000,0.005137,0.483097
2002-06-05,1491.0740,1462.0000,1491.0740,1460.4810,440838800,4114143563.0000,0.004943,-1.913034
2002-06-06,1458.6110,1521.2630,1532.7350,1455.3050,877563500,8454171955.0000,0.009825,4.053553
2002-06-07,1522.8790,1529.5070,1540.8250,1508.4300,985853300,9191488779.0000,0.011037,0.541919
2002-06-10,1529.3360,1517.2300,1529.3780,1511.2570,448487000,4269575560.0000,0.005019,-0.802675
2002-06-11,1515.9930,1530.9630,1534.3770,1515.7460,500336300,4708529328.0000,0.005599,0.905138
2002-06-12,1531.7500,1524.8420,1531.7500,1513.9190,381856500,3736411111.0000,0.004273,-0.399812
2002-06-13,1524.7720,1511.7110,1529.4360,1511.2190,356452100,3701850442.0000,0.003987,-0.861137
2002-06-14,1508.6420,1494.2460,1508.6470,1493.2440,391995000,3628483512.0000,0.004385,-1.155319
2002-06-17,1489.1350,1496.2420,1496.8390,1481.2460,293316100,2774209819.0000,0.003274,0.133577
2002-06-18,1496.8300,1524.0700,1527.7700,1496.8100,536516100,5209067897.0000,0.005983,1.859860
2002-06-19,1523.9530,1507.6680,1524.0110,1506.4320,305287700,2903867130.0000,0.003400,-1.076196
2002-06-20,1511.1150,1516.1510,1528.3580,1510.5280,397506100,3720233419.0000,0.004423,0.562659
2002-06-21,1517.2750,1562.7220,1564.9220,1517.2550,1254214400,11847838619.0000,0.013953,3.071663
2002-06-24,1704.6980,1707.3130,1709.0660,1647.4980,4851806100,49479880707.0000,0.053966,9.252505
2002-06-25,1718.2340,1706.5910,1748.8900,1690.6130,4223811700,39276720823.0000,0.046960,-0.042291
2002-06-26,1698.1100,1712.9100,1719.0840,1684.9130,2430587100,22850335907.0000,0.027008,0.370276
2002-06-27,1714.7440,1723.5450,1730.6730,1706.1400,2199694900,19527987712.0000,0.024442,0.620874
2002-06-28,1724.7270,1732.7550,1747.2330,1710.9990,2973538200,27319475280.0000,0.033040,0.534362
2002-07-01,1736.2930,1713.7050,1740.3810,1712.7720,1551928200,14410127985.0000,0.017121,-1.099408
2002-07-02,1707.4470,1724.9490,1725.8940,1698.8320,1337813300,12692810736.0000,0.014741,0.656123
2002-07-03,1727.0900,1730.9190,1736.0780,1719.6220,1394988300,13262936584.0000,0.015356,0.346096
2002-07-04,1731.8990,1713.1350,1735.8290,1710.2880,1389830900,12856610506.0000,0.015296,-1.027427
2002-07-05,1709.8420,1722.1880,1722.4800,1704.1870,1140135500,10822714520.0000,0.012548,0.528445
2002-07-08,1723.5790,1732.9340,1737.8590,1721.1240,1085101500,11098899355.0000,0.011923,0.623972
2002-07-09,1733.8340,1729.9860,1741.9180,1724.3910,1053601600,10444746284.0000,0.011571,-0.170116
2002-07-10,1728.5170,1701.8240,1729.7340,1698.8290,1223320300,11949595803.0000,0.013424,-1.627874
2002-07-11,1698.2130,1696.9400,1712.1990,1689.2230,918741100,9282337045.0000,0.010067,-0.286988
2002-07-12,1696.6440,1698.2980,1706.4370,1693.2110,808398700,8390500372.0000,0.008845,0.080028
2002-07-15,1696.8080,1687.9450,1697.3790,1685.5380,799983900,8025674109.0000,0.008753,-0.609612
2002-07-16,1687.6660,1691.6230,1704.7690,1686.8100,705637700,6945805680.0000,0.007715,0.217904
2002-07-17,1692.4470,1701.7180,1702.2360,1680.1990,630034400,6253292763.0000,0.006881,0.596762
2002-07-18,1703.8080,1704.9120,1711.6860,1695.3960,816779400,8109548621.0000,0.008904,0.187691
2002-07-19,1706.3590,1713.8610,1714.0900,1703.3810,718322900,7453637036.0000,0.007828,0.524894
2002-07-22,1712.0200,1681.0100,1712.3300,1678.5000,833387100,8274087668.0000,0.009073,-1.916780
2002-07-23,1676.9040,1673.8610,1684.6550,1670.3790,654092600,6693794115.0000,0.007119,-0.425283
2002-07-24,1673.6820,1672.4000,1679.6630,1667.4400,524849200,5297384221.0000,0.005710,-0.087279
2002-07-25,1675.4730,1665.1090,1682.8860,1662.3800,526820700,5182105083.0000,0.005729,-0.435961
2002-07-26,1665.0890,1665.0890,1670.2300,1656.8200,507634400,4861312682.0000,0.005519,-0.001202
2002-07-29,1654.9250,1665.6740,1665.9550,1647.2650,483198300,4824133780.0000,0.005247,0.035131
2002-07-30,1666.5790,1669.0020,1672.1200,1656.8520,588782900,6117257337.0000,0.006390,0.199799
2002-07-31,1667.6230,1651.5940,1671.4800,1649.0070,510307400,5325009268.0000,0.005536,-1.043016
2002-08-01,1650.0500,1653.0100,1659.9700,1639.2300,482500800,4698493544.0000,0.005235,0.085736
2002-08-02,1653.6400,1661.8700,1662.7200,1653.1700,403184300,4067444460.0000,0.004374,0.535991
2002-08-05,1661.4000,1653.9600,1661.5800,1652.4000,380347300,4085991622.0000,0.004121,-0.475972
2002-08-06,1652.9420,1670.6190,1679.8110,1649.8930,678117200,6427125047.0000,0.007343,1.007223
2002-08-07,1670.1730,1668.0650,1670.8080,1663.9270,349656100,3610395781.0000,0.003786,-0.152882
2002-08-08,1668.5130,1659.8020,1675.3020,1657.4680,401309400,4062433494.0000,0.004344,-0.495361
2002-08-09,1658.4430,1647.0460,1658.7720,1642.7710,463683800,4856738027.0000,0.005014,-0.768524
2002-08-12,1642.4770,1634.5660,1642.5930,1633.0940,419616300,4343152704.0000,0.004531,-0.757719
2002-08-13,1633.6770,1636.6320,1642.4110,1633.5470,292338700,3157477263.0000,0.003155,0.126389
2002-08-14,1636.8890,1646.7220,1647.0860,1635.2870,296337300,3082671691.0000,0.003198,0.616515
2002-08-15,1646.6160,1634.3660,1647.0700,1632.1330,320742300,3271647982.0000,0.003460,-0.750344
2002-08-16,1632.9610,1646.7920,1652.9800,1624.0490,571630300,5366894600.0000,0.006158,0.760296
2002-08-19,1645.9310,1644.3010,1650.0860,1641.4030,354075000,3515355061.0000,0.003813,-0.151262
2002-08-20,1644.6160,1671.3510,1673.9150,1644.2480,806275700,7429759687.0000,0.008684,1.645071
2002-08-21,1671.9910,1673.5490,1677.9540,1668.3640,624342700,6019225511.0000,0.006719,0.131510
2002-08-22,1672.6960,1686.1110,1696.2770,1672.4270,888265700,9449429128.0000,0.009534,0.750621
2002-08-23,1686.2960,1683.2070,1688.1240,1679.1150,549982200,6200475381.0000,0.005900,-0.172227
2002-08-26,1682.1360,1670.6850,1682.3160,1668.8230,495181600,5366809560.0000,0.005312,-0.743935
2002-08-27,1670.6270,1679.6910,1680.0630,1670.1120,613373000,7074299613.0000,0.006580,0.539059
2002-08-28,1680.7540,1676.7700,1683.5050,1675.5250,559888000,6440210734.0000,0.005997,-0.173902
2002-08-29,1676.8580,1667.3180,1680.1730,1665.7240,435036400,4472174793.0000,0.004659,-0.563704
2002-08-30,1666.9790,1666.6180,1669.1400,1664.8220,395075400,4261461796.0000,0.004228,-0.041981
2002-09-02,1666.3410,1668.7740,1669.9050,1663.1720,344460700,3720359891.0000,0.003685,0.129364
2002-09-03,1669.5850,1674.0700,1680.2790,1669.5770,386772100,4261109004.0000,0.004138,0.317353
2002-09-04,1674.4530,1663.9720,1675.9650,1662.4890,395059700,4101158749.0000,0.004227,-0.603195
2002-09-05,1662.8920,1641.8070,1662.8990,1639.8210,601619400,6143667034.0000,0.006435,-1.332056
2002-09-06,1639.8880,1631.3840,1644.7950,1629.9280,539432300,5270246945.0000,0.005764,-0.634848
2002-09-09,1628.4520,1621.5820,1628.4520,1617.0090,418260100,4152661736.0000,0.004469,-0.600840
2002-09-10,1620.2820,1625.1110,1627.3500,1619.3300,351201600,3755117416.0000,0.003742,0.217623
2002-09-11,1645.9310,1647.7410,1650.0860,1641.4030,435277600,4428352865.0000,0.004637,1.392521
2002-09-12,1619.9400,1624.5580,1631.6650,1614.5990,342851800,3722187293.0000,0.003651,-1.406955
2002-09-13,1624.5020,1625.7590,1626.0690,1621.4240,306182400,3362246194.0000,0.003258,0.073931
2002-09-16,1624.1330,1604.0830,1624.1370,1598.7400,443823100,4617856295.0000,0.004715,-1.333287
2002-09-17,1603.4570,1604.8810,1612.0150,1593.9810,428532900,4213629446.0000,0.004557,0.049746
2002-09-18,1603.6130,1594.5840,1605.2160,1593.5260,342691600,3683156238.0000,0.003643,-0.641605
2002-09-19,1593.5730,1619.3540,1623.6530,1585.0680,550508400,5682547733.0000,0.005848,1.553384
2002-09-20,1618.2000,1604.9130,1618.2000,1602.8850,348524500,3891941013.0000,0.003702,-0.891778
2002-09-23,1602.2760,1602.5910,1604.2950,1597.2870,249711700,2768257985.0000,0.002652,-0.144682
2002-09-24,1602.2030,1596.7320,1602.2850,1594.2820,317503200,3327743462.0000,0.003372,-0.365588
2002-09-25,1595.8060,1597.8370,1602.3540,1590.4940,357656200,3853787256.0000,0.003799,0.069203
2002-09-26,1597.8540,1587.6490,1599.9830,1586.5300,405337800,4417021256.0000,0.004300,-0.637611
2002-09-27,1587.2430,1581.6180,1591.8370,1577.5300,390558000,4187701850.0000,0.004142,-0.379870
2002-10-08,1577.0520,1562.9930,1577.0520,1558.4760,262379100,2659837924.0000,0.002783,-1.177592
2002-10-09,1570.6490,1535.3660,1571.5230,1534.9110,1693941100,7573820065.0000,0.017458,-1.767575
2002-10-10,1532.1810,1530.4070,1542.5640,1528.3520,508701000,3587683527.0000,0.005242,-0.322984
2002-10-11,1532.1360,1524.0510,1536.8730,1521.9110,610708600,4644885919.0000,0.006280,-0.415312
2002-10-14,1522.8720,1531.6760,1532.6300,1509.1360,549646400,4097420885.0000,0.005652,0.500311
2002-10-15,1531.5810,1524.7280,1534.5800,1522.1010,374174600,2974364563.0000,0.003845,-0.453621
2002-10-16,1524.9080,1537.3880,1548.5250,1524.9080,499620200,4012776856.0000,0.005135,0.830306
2002-10-17,1537.9650,1513.0970,1538.7940,1511.3980,416896200,3406702678.0000,0.004284,-1.580011
2002-10-18,1511.1770,1519.5390,1523.8310,1500.5430,408733300,3541925504.0000,0.004200,0.425742
2002-10-21,1519.2050,1524.9250,1525.2560,1512.3270,345668200,2947387177.0000,0.003552,0.354457
2002-10-22,1525.0800,1548.1040,1553.8650,1525.0650,648189800,5563652368.0000,0.006660,1.520006
2002-10-23,1549.7660,1548.9650,1550.0880,1539.4760,472996400,4165715359.0000,0.004858,0.055614
2002-10-24,1549.7850,1536.5200,1550.4310,1535.9000,442275900,4208307248.0000,0.004538,-0.803436
2002-10-25,1535.7960,1520.3130,1542.5920,1517.4150,529281100,4438120265.0000,0.005431,-1.054788
2002-10-28,1518.0860,1502.7160,1518.6010,1500.0070,508270300,4087222648.0000,0.005212,-1.157462
2002-10-29,1501.3810,1510.8820,1511.7650,1488.6790,464592900,4213726237.0000,0.004759,0.543417
2002-10-30,1511.1120,1509.7070,1513.4610,1498.4480,374856600,3383481351.0000,0.003840,-0.077764
2002-10-31,1510.0300,1507.4960,1521.8710,1505.9990,357921800,3154416254.0000,0.003663,-0.146456
2002-11-01,1507.3830,1510.7600,1511.0950,1498.2130,358179500,3149422226.0000,0.003665,0.216521
2002-11-04,1516.2200,1531.8420,1532.2260,1515.0720,490830500,4342407878.0000,0.005022,1.395459
2002-11-05,1533.8100,1558.2390,1565.2270,1532.2880,1190034500,10528073650.0000,0.012177,1.723218
2002-11-06,1558.9140,1552.5610,1559.2250,1548.7280,647949400,6151167798.0000,0.006630,-0.364384
2002-11-07,1554.0430,1554.2370,1559.8210,1546.2650,640628200,5551289115.0000,0.006553,0.107952
2002-11-08,1569.9990,1522.1870,1573.1040,1517.3910,940124400,7541349207.0000,0.009613,-2.062108
2002-11-11,1519.6030,1504.4030,1526.1320,1501.9890,439872700,3855845289.0000,0.004497,-1.168323
2002-11-12,1504.5760,1485.9130,1517.7170,1481.1610,806369900,6212785716.0000,0.008243,-1.229058
2002-11-13,1483.7120,1490.4640,1491.2360,1461.2600,640030700,5324174352.0000,0.006543,0.306278
2002-11-14,1488.9140,1460.7950,1489.1400,1459.7090,531664300,4954007423.0000,0.005434,-1.990584
2002-11-15,1455.9800,1463.6910,1481.2200,1451.3920,600443900,5275652459.0000,0.006137,0.198248
2002-11-18,1463.7240,1451.2900,1468.3250,1447.4910,412223600,3700765817.0000,0.004210,-0.847242
2002-11-19,1450.7030,1462.1740,1464.7630,1441.7310,422837600,3710422808.0000,0.004319,0.749947
2002-11-20,1459.2120,1425.8430,1459.2120,1423.8030,569387200,4812460552.0000,0.005814,-2.484720
2002-11-21,1421.2330,1390.6290,1421.2330,1389.2890,682793700,5483245242.0000,0.006971,-2.469696
2002-11-22,1392.5740,1395.4970,1408.9990,1375.5390,676739900,5403454271.0000,0.006910,0.350052
2002-11-25,1393.3410,1398.4380,1403.5130,1383.0900,445881300,3416142871.0000,0.004546,0.210752
2002-11-26,1398.4380,1371.1670,1408.7930,1371.0070,532251100,4174131370.0000,0.005426,-1.950104
2002-11-27,1365.8240,1378.7520,1383.9970,1353.1390,725723500,5332974800.0000,0.007394,0.553176
2002-11-28,1378.1420,1417.5250,1417.8480,1372.3810,794634100,6208716381.0000,0.008097,2.812186
2002-11-29,1420.4290,1434.1820,1450.1870,1409.2000,1506471300,12267849142.0000,0.015349,1.175075
2002-12-02,1432.0290,1395.6750,1432.0290,1394.9110,669514300,5663038844.0000,0.006820,-2.684942
2002-12-03,1391.7180,1408.8430,1409.8890,1388.5130,522009800,4218664747.0000,0.005313,0.943484
2002-12-04,1414.8870,1414.4540,1432.8980,1406.6130,769689100,6504122259.0000,0.007833,0.398267
2002-12-05,1411.8900,1404.8800,1411.8900,1395.0790,478247000,3977073506.0000,0.004867,-0.676867
2002-12-06,1404.9250,1405.5250,1416.9970,1396.2050,381721100,3308794721.0000,0.003885,0.045913
2002-12-09,1404.5130,1400.8670,1410.7940,1395.9260,328326200,2787268691.0000,0.003340,-0.331412
2002-12-10,1400.5580,1383.8400,1406.8950,1383.5690,517753300,4341947300.0000,0.005250,-1.215460
2002-12-11,1381.3990,1379.1950,1383.1520,1367.3120,442720000,3643224197.0000,0.004489,-0.335662
2002-12-12,1378.8170,1383.9100,1399.7660,1378.8130,437994400,3791909429.0000,0.004439,0.341873
2002-12-13,1375.7790,1396.8980,1401.6020,1367.9340,559802800,4621435005.0000,0.005674,0.938494
2002-12-16,1397.7210,1408.5150,1409.9430,1392.8880,649098600,5247327365.0000,0.006579,0.831633
2002-12-17,1409.1730,1416.0960,1418.2050,1403.5840,581891800,4765673085.0000,0.005898,0.538222
2002-12-18,1416.6710,1411.7190,1424.4780,1409.8350,635415800,5286673451.0000,0.006440,-0.309086
2002-12-19,1411.2760,1413.5970,1414.2880,1402.6420,482584700,4208861785.0000,0.004890,0.133033
2002-12-20,1414.3450,1427.9360,1431.3640,1410.4600,634338700,5348770329.0000,0.006427,1.014362
2002-12-23,1429.9510,1430.1990,1439.8500,1429.2930,638550200,5474167526.0000,0.006469,0.158476
2002-12-24,1429.5310,1430.8270,1431.1240,1420.3800,530686400,4605115453.0000,0.005377,0.043914
2002-12-25,1431.5880,1421.5150,1433.7870,1420.9300,543468000,4680032385.0000,0.005506,-0.650813
2002-12-26,1419.9650,1384.1520,1420.0030,1382.3580,865209800,7055430849.0000,0.008760,-2.628396
2002-12-27,1379.3280,1382.9710,1389.3280,1367.8520,685797900,5690603823.0000,0.006944,-0.085325
2002-12-30,1379.7370,1366.3620,1379.7530,1358.4330,634728300,5327514632.0000,0.006427,-1.200957
2002-12-31,1364.9680,1357.6540,1370.5260,1348.7140,650583300,5833557422.0000,0.006587,-0.637313
2003-01-02,1347.4330,1320.6300,1351.3440,1317.4680,506568900,3883362087.0000,0.005129,-2.727061
2003-01-03,1317.5830,1319.8680,1323.6280,1312.7960,364926400,2723884223.0000,0.003695,-0.057697
2003-01-06,1319.6880,1334.6790,1334.8870,1311.6840,585053800,3974558319.0000,0.005900,1.122151
2003-01-07,1335.6320,1332.0610,1346.8190,1326.1910,654707500,4412252213.0000,0.006585,-0.196146
2003-01-08,1331.4410,1372.0670,1373.1160,1330.4510,847733800,5581740245.0000,0.008527,3.003314
2003-01-09,1374.6180,1397.3840,1402.2860,1365.3700,1618572600,11212998074.0000,0.016281,1.845174
2003-01-10,1398.3770,1384.8590,1411.3740,1384.6300,1463915500,10557969826.0000,0.014725,-0.896319
2003-01-13,1381.8700,1386.3140,1391.1870,1378.6470,787615400,5873750483.0000,0.007922,0.105062
2003-01-14,1386.8970,1466.8510,1476.9120,1386.5920,3177711700,22789709603.0000,0.031949,5.809433
2003-01-15,1477.4540,1459.9200,1485.7950,1448.2710,3254010600,21334485658.0000,0.032716,-0.472503
2003-01-16,1458.8660,1485.6180,1486.0590,1454.5460,2134331100,15741847006.0000,0.021454,1.760233
2003-01-17,1488.2650,1478.6750,1492.7230,1472.9600,1859338900,13392218426.0000,0.018690,-0.467347
2003-01-20,1475.7110,1482.6810,1482.9430,1458.1170,1402357200,10670713928.0000,0.014051,0.270917
2003-01-21,1485.8700,1454.8910,1489.5510,1454.6110,1315773000,9955829856.0000,0.013177,-1.874310
2003-01-22,1448.8260,1460.5300,1463.9380,1446.3480,1025818800,7782394568.0000,0.010274,0.387592
2003-01-23,1460.2490,1450.6160,1470.3270,1448.7010,976508700,7381637371.0000,0.009775,-0.678799
2003-01-24,1449.5040,1479.0700,1483.5570,1448.0110,1313368900,9228928605.0000,0.013147,1.961510
2003-01-27,1481.6090,1496.1570,1500.3840,1480.9670,1197443200,9355492744.0000,0.011986,1.155255
2003-01-28,1497.0980,1500.6390,1502.4320,1489.1650,889204400,7256385025.0000,0.008898,0.299571
2003-01-29,1501.2860,1499.8150,1508.5880,1498.3720,990554000,8114116749.0000,0.009912,-0.054916
2003-02-10,1499.1660,1480.1690,1499.6410,1477.5170,667252600,5042780439.0000,0.006677,-1.309895
2003-02-11,1478.0460,1492.7640,1492.8940,1476.8740,537487400,4380750123.0000,0.005379,0.850923
2003-02-12,1493.2480,1510.6710,1510.9850,1486.3130,925605200,7500148058.0000,0.009256,1.199586
2003-02-13,1512.2850,1504.3380,1519.2900,1502.4310,1106329500,9421266825.0000,0.011063,-0.419218
2003-02-14,1503.3730,1510.9500,1515.2550,1500.9830,817431000,6995608971.0000,0.008174,0.439525
2003-02-17,1510.6400,1496.5230,1514.6360,1490.9180,938417000,7749922195.0000,0.009384,-0.954830
2003-02-18,1495.1410,1496.4680,1500.2930,1488.8270,659428000,5473906762.0000,0.006592,-0.003671
2003-02-19,1496.6510,1510.8030,1511.1320,1490.0220,835274500,6596342042.0000,0.008350,0.957920
2003-02-20,1513.0070,1509.4860,1517.7660,1507.2270,813632600,6999572610.0000,0.008129,-0.087173
2003-02-21,1508.0770,1478.8710,1508.1290,1476.4150,975142900,7980211157.0000,0.009742,-2.028173
2003-02-24,1476.0700,1481.9360,1488.0720,1474.4710,639279100,5641785124.0000,0.006386,0.207257
2003-02-25,1481.1060,1511.2750,1511.6490,1481.1060,968951200,8477911375.0000,0.009680,1.979774
2003-02-26,1513.4930,1513.1750,1515.4570,1506.5530,690790900,6301319290.0000,0.006901,0.125723
2003-02-27,1514.0240,1513.7040,1524.7510,1508.7470,760375800,6662132602.0000,0.007584,0.034955
2003-02-28,1512.8650,1511.9320,1514.5020,1501.4240,646578200,5963188604.0000,0.006449,-0.117062
2003-03-03,1511.5850,1525.4830,1525.6990,1511.0450,877537800,8064160650.0000,0.008753,0.896272
2003-03-04,1527.4490,1524.3040,1529.7520,1517.8590,795350200,7492838546.0000,0.007931,-0.077292
2003-03-05,1524.0770,1517.1790,1524.1230,1508.2510,673754800,6170288994.0000,0.006718,-0.467427
2003-03-06,1516.6010,1498.3430,1517.3480,1494.2410,845438400,7179470287.0000,0.008425,-1.241511
2003-03-07,1495.6940,1493.0930,1502.4280,1489.3840,705580400,5819913722.0000,0.007029,-0.350387
2003-03-10,1492.2090,1468.9190,1496.1640,1467.6390,747047200,6220774432.0000,0.007442,-1.619060
2003-03-11,1467.5510,1469.5480,1473.9550,1463.5840,515564600,4598943682.0000,0.005134,0.042823
2003-03-12,1468.7470,1475.0080,1475.2870,1458.5000,529337300,4574538832.0000,0.005271,0.371549
2003-03-13,1475.0370,1464.6490,1477.8580,1463.3300,532861600,4667211703.0000,0.005306,-0.702302
2003-03-14,1464.9920,1466.0440,1471.4990,1461.3510,495930100,4276278167.0000,0.004938,0.095238
2003-03-17,1465.1440,1469.2740,1469.5330,1453.3680,632370300,5114043340.0000,0.006297,0.220328
2003-03-18,1468.9860,1459.8920,1478.9950,1458.9790,597670900,5163435846.0000,0.005951,-0.638552
2003-03-19,1458.5820,1469.9600,1475.8440,1452.5920,662217700,5647205271.0000,0.006593,0.689640
2003-03-20,1469.6630,1464.5400,1477.2530,1460.7990,675681400,5679245072.0000,0.006727,-0.368712
2003-03-21,1464.1840,1474.6570,1475.8090,1461.9150,534064500,4860613083.0000,0.005317,0.690793
2003-03-24,1474.5910,1477.7660,1477.9740,1470.4350,472705400,4334155289.0000,0.004706,0.210829
2003-03-25,1478.0530,1462.4000,1478.4050,1461.7540,572231300,4974811847.0000,0.005691,-1.039811
2003-03-26,1461.3210,1456.2710,1465.4250,1452.8910,558287800,4953536123.0000,0.005552,-0.419108
2003-03-27,1455.4390,1499.3470,1507.6680,1447.0140,1349538100,10967467874.0000,0.013422,2.957969
2003-03-28,1498.4550,1491.9410,1508.2630,1488.6010,1316515300,11082297409.0000,0.013088,-0.493949
2003-03-31,1491.3910,1510.5780,1511.2200,1490.9860,1050938500,8913051962.0000,0.010446,1.249176
2003-04-01,1513.0010,1522.5460,1525.2350,1508.8440,1333173800,11606546833.0000,0.013248,0.792281
2003-04-02,1522.4910,1521.3200,1525.7690,1516.7880,979096900,7778498412.0000,0.009729,-0.080528
2003-04-03,1521.3560,1511.7290,1522.6710,1510.5120,829964100,7148891672.0000,0.008247,-0.630436
2003-04-04,1510.2220,1521.1280,1521.7830,1509.6100,905401800,7626323359.0000,0.008995,0.621742
2003-04-07,1521.8980,1515.1320,1530.3710,1512.5000,1186576700,9653115369.0000,0.011785,-0.394187
2003-04-08,1515.6450,1520.5510,1523.9470,1513.2350,1494193000,11294889003.0000,0.014830,0.357663
2003-04-09,1519.9850,1543.6740,1545.3360,1510.3440,2884447900,18579366397.0000,0.028145,1.520694
2003-04-10,1546.5070,1551.1800,1559.8690,1541.2890,3211716300,24850131382.0000,0.031208,0.486249
2003-04-11,1552.0040,1576.8600,1581.6990,1548.5290,2942231300,22233282985.0000,0.028589,1.655509
2003-04-14,1581.3800,1616.0720,1616.6540,1581.2040,3657239900,29704321366.0000,0.035475,2.486717
2003-04-15,1619.9500,1631.4700,1632.0920,1606.7260,3211677100,27446242358.0000,0.031105,0.952801
2003-04-16,1633.5300,1606.2400,1649.6030,1598.8280,3909912700,33015484375.0000,0.037867,-1.546457
2003-04-17,1606.2330,1613.6040,1621.2290,1595.6270,2840057500,22997551977.0000,0.027481,0.458463
2003-04-18,1616.9050,1603.0770,1620.8060,1596.6680,2444729300,19536118614.0000,0.023656,-0.652389
2003-04-21,1598.5040,1571.7140,1598.5830,1557.1210,2155321400,17399156346.0000,0.020849,-1.956427
2003-04-22,1570.5740,1568.6920,1575.7960,1563.5890,1120284000,9806972585.0000,0.010828,-0.192272
2003-04-23,1568.1330,1541.9600,1569.7850,1540.0670,1553742200,12625058377.0000,0.015018,-1.704098
2003-04-24,1538.5800,1503.5900,1542.1060,1492.9040,1957435800,15650425377.0000,0.018920,-2.488391
2003-04-25,1501.5690,1487.1470,1513.3320,1481.0680,1208538500,9895816612.0000,0.011681,-1.093582
2003-04-28,1483.4660,1537.6910,1538.5940,1473.2660,2388194100,19275407043.0000,0.022941,3.398727
2003-04-29,1535.8800,1509.3130,1535.8800,1508.3200,1853942800,15653447087.0000,0.017809,-1.845498
2003-04-30,1511.1540,1521.4440,1539.5730,1510.6010,1889841000,15506754892.0000,0.018140,0.803742
2003-05-12,1522.9810,1531.8670,1536.8930,1511.8710,1549740800,13076392196.0000,0.014870,0.685071
2003-05-13,1533.0800,1485.3070,1534.8030,1481.7450,2253950600,17609896858.0000,0.021628,-3.039424
2003-05-14,1480.1110,1522.9240,1523.3240,1477.2520,1817606100,13519935578.0000,0.017437,2.532604
2003-05-15,1524.4990,1555.2850,1555.5570,1516.4250,2289862300,18266327493.0000,0.021962,2.124931
2003-05-16,1555.9070,1554.4520,1560.7240,1543.1670,1603548800,13674729205.0000,0.015373,-0.053560
2003-05-19,1557.2940,1555.4470,1563.1070,1546.7520,1347765700,11261229758.0000,0.012921,0.064009
2003-05-20,1553.6910,1535.5200,1553.8450,1530.6670,1133097100,9169082115.0000,0.010863,-1.281111
2003-05-21,1534.6010,1533.4830,1547.3140,1530.0460,908703200,7594697437.0000,0.008712,-0.132658
2003-05-22,1532.1850,1546.1130,1546.3930,1522.1870,959390200,8130460738.0000,0.009184,0.823616
2003-05-23,1547.1550,1560.9550,1571.6890,1547.0890,1827109400,15318020496.0000,0.017522,0.959950
2003-05-26,1563.2050,1569.5120,1574.3860,1561.0400,1525362000,12322333186.0000,0.014628,0.548191
2003-05-27,1572.3080,1568.3410,1575.6260,1558.1260,1416793700,11943883604.0000,0.013580,-0.074610
2003-05-28,1569.3280,1551.8110,1576.6240,1549.0620,1510637700,12327754760.0000,0.014469,-1.053974
2003-05-29,1549.0520,1568.1560,1568.5420,1543.3410,1481431800,13201451393.0000,0.014186,1.053284
2003-05-30,1570.9200,1576.2610,1581.6120,1567.2800,1614687600,14361624603.0000,0.015450,0.516848
2003-06-02,1577.9870,1576.5280,1578.8680,1564.6110,1166830300,10435779816.0000,0.011139,0.016937
2003-06-03,1577.0780,1562.2370,1582.4120,1561.0820,1110301000,9857029202.0000,0.010585,-0.906479
2003-06-04,1560.6670,1574.1110,1574.7680,1546.6210,1427534300,11358710261.0000,0.013609,0.760058
2003-06-05,1575.3080,1556.2490,1575.6350,1555.4490,1184987300,9372022830.0000,0.011297,-1.134732
2003-06-06,1553.1950,1538.9200,1557.7630,1538.0970,1052004000,8939566321.0000,0.010022,-1.113509
2003-06-09,1536.2730,1530.2150,1548.1410,1527.8350,982743800,7675308826.0000,0.009352,-0.565662
2003-06-10,1529.5330,1538.7620,1541.3860,1529.5150,679068800,5763121188.0000,0.006457,0.558549
2003-06-11,1540.7160,1565.8400,1566.9020,1540.7040,1311754200,9219856179.0000,0.012473,1.759727
2003-06-12,1566.9210,1562.1060,1569.1260,1556.5290,820729700,6731850730.0000,0.007801,-0.238467
2003-06-13,1562.6090,1566.7660,1572.4130,1560.3010,978125800,7773022472.0000,0.009266,0.298317
2003-06-16,1568.1880,1559.7050,1569.5470,1555.3720,804094100,6785720363.0000,0.007605,-0.450676
2003-06-17,1559.1220,1557.1750,1564.9450,1552.4340,721334600,6256299111.0000,0.006817,-0.162204
2003-06-18,1556.8940,1553.8770,1565.9170,1552.8290,872893200,6960588641.0000,0.008241,-0.211800
2003-06-19,1554.0160,1538.7540,1557.3760,1530.3760,993741100,7680199292.0000,0.009361,-0.973238
2003-06-20,1537.4980,1529.4700,1542.4170,1528.3010,664879500,5497994821.0000,0.006263,-0.603349
2003-06-23,1524.5770,1511.3650,1524.9090,1509.4340,733954400,5783695953.0000,0.006910,-1.183742
2003-06-24,1509.1070,1512.4290,1515.8430,1504.7240,636944900,5143549617.0000,0.005995,0.070398
2003-06-25,1512.4870,1502.0770,1515.9230,1498.9580,682232600,5521081396.0000,0.006415,-0.684457
2003-06-26,1500.3430,1515.3750,1517.2080,1486.0810,930009900,7819104599.0000,0.008739,0.885306
2003-06-27,1516.8140,1497.0540,1516.8660,1494.4450,768706800,6391161366.0000,0.007217,-1.209011
2003-06-30,1493.6900,1486.0240,1500.9690,1483.6860,578042000,4709755250.0000,0.005425,-0.736774
2003-07-01,1485.5210,1484.7040,1502.5710,1482.8200,663315800,5431241062.0000,0.006226,-0.088832
2003-07-02,1485.4450,1499.6820,1499.9710,1477.8730,674917500,5600177196.0000,0.006335,1.008822
2003-07-03,1501.9030,1504.4360,1507.7060,1497.7420,651391600,5884867259.0000,0.006108,0.317002
2003-07-04,1504.5970,1502.3490,1510.1720,1497.4620,631298900,5511205834.0000,0.005910,-0.138726
2003-07-07,1500.8510,1501.4840,1503.8100,1490.9670,595119800,5168206206.0000,0.005567,-0.057576
2003-07-08,1501.6210,1512.0190,1513.5540,1500.9800,664668200,5518777312.0000,0.006217,0.701641
2003-07-09,1512.3380,1503.3140,1513.2770,1499.3370,548126100,4668417802.0000,0.005121,-0.575725
2003-07-10,1503.5090,1531.9270,1532.1920,1501.7090,1332921900,11007500869.0000,0.012435,1.903331
2003-07-11,1532.6410,1528.8540,1535.9750,1523.2440,874244400,7879258327.0000,0.008152,-0.200597
2003-07-14,1528.3930,1521.4140,1529.3290,1519.1190,612011200,5530841381.0000,0.005701,-0.486643
2003-07-15,1521.5640,1525.4390,1531.0040,1516.8930,711290000,6279063097.0000,0.006625,0.264558
2003-07-16,1525.4990,1529.4910,1529.8170,1520.4120,708517700,6059993758.0000,0.006599,0.265629
2003-07-17,1529.9720,1539.3580,1540.1940,1529.3560,1287354400,10785932564.0000,0.011961,0.645121
2003-07-18,1539.0490,1507.1620,1539.0610,1506.4870,1138017400,9507637279.0000,0.010567,-2.091524
2003-07-21,1501.3900,1495.8850,1504.7080,1483.5730,1010918400,8170413558.0000,0.009381,-0.748226
2003-07-22,1499.8930,1498.4850,1510.3080,1485.4640,885090500,7503321472.0000,0.008213,0.173809
2003-07-23,1499.3070,1502.1480,1505.3120,1491.6640,684620900,5782129198.0000,0.006350,0.244445
2003-07-24,1503.0580,1493.4510,1503.3810,1491.1990,649427800,5308249011.0000,0.006020,-0.578964
2003-07-25,1494.5780,1477.6510,1502.6390,1471.2860,1445826400,9167774180.0000,0.013279,-1.057956
2003-07-28,1474.7360,1470.3930,1474.7430,1464.8660,652274500,4889320258.0000,0.005990,-0.491189
2003-07-29,1470.3920,1477.2960,1480.5840,1469.9330,549781300,4320293259.0000,0.005049,0.469471
2003-07-30,1477.4140,1479.6520,1483.0670,1468.8220,655208100,4799666056.0000,0.006017,0.159478
2003-07-31,1480.0130,1476.7420,1482.5980,1474.1400,556584900,4421883089.0000,0.005110,-0.196670
2003-08-01,1476.4700,1476.9690,1478.3590,1464.9780,629808500,5162564778.0000,0.005777,0.015375
2003-08-04,1476.8240,1494.3650,1494.4160,1471.8900,745197000,6153817171.0000,0.006835,1.177817
2003-08-05,1494.4860,1494.3120,1497.0080,1488.9670,569134100,4665759245.0000,0.005220,-0.003545
2003-08-06,1493.0260,1486.2520,1493.3890,1482.6850,550864900,4448954468.0000,0.005052,-0.539383
2003-08-07,1485.7410,1487.3700,1497.1020,1485.0620,567216200,4594459639.0000,0.005200,0.075226
2003-08-08,1487.1660,1471.2720,1487.4080,1468.4380,713007800,5593953356.0000,0.006520,-1.082314
2003-08-11,1469.2620,1474.4130,1474.7230,1462.7240,453311700,3638653754.0000,0.004145,0.213488
2003-08-12,1473.9870,1479.2830,1484.5850,1472.3880,407515600,3366786634.0000,0.003727,0.330301
2003-08-13,1479.6690,1465.8270,1481.1150,1465.0600,472249800,3832808678.0000,0.004319,-0.909625
2003-08-14,1464.3810,1455.8990,1475.0220,1451.6080,706450300,6022836900.0000,0.006451,-0.677295
2003-08-15,1454.6840,1450.2030,1457.6330,1447.1100,668251100,5501424369.0000,0.006098,-0.391239
2003-08-18,1449.6680,1445.0890,1451.6660,1442.4810,499586800,3794832380.0000,0.004559,-0.352641
2003-08-19,1444.6590,1449.7120,1453.4460,1444.2300,465854800,3740258096.0000,0.004251,0.319914
2003-08-20,1449.4960,1441.6640,1450.4710,1432.7530,556370300,4274520614.0000,0.005077,-0.555151
2003-08-21,1441.7760,1441.0900,1442.8580,1434.3130,579425300,4459391164.0000,0.005278,-0.039813
2003-08-22,1438.7860,1438.8830,1446.2760,1436.9020,511895100,4231810067.0000,0.004661,-0.153142
2003-08-25,1434.2120,1422.1760,1434.2120,1419.2630,563205200,4526771681.0000,0.005128,-1.161111
2003-08-26,1420.8540,1425.2120,1428.4130,1417.8320,492459300,3931834803.0000,0.004484,0.213476
2003-08-27,1425.1450,1425.3620,1432.3500,1420.3540,444661500,3588760815.0000,0.004049,0.010526
2003-08-28,1425.7340,1415.6930,1428.3460,1414.8790,474849500,4064544875.0000,0.004321,-0.678359
2003-08-29,1414.4140,1421.9830,1422.3510,1406.6810,571402200,4651512159.0000,0.005198,0.444308
2003-09-01,1423.3530,1449.8160,1450.0410,1420.1230,898975000,7521634473.0000,0.008178,1.957338
2003-09-02,1450.5060,1446.5120,1456.5530,1442.0090,898159900,8253647541.0000,0.008170,-0.227896
2003-09-03,1446.2780,1447.8500,1451.2250,1438.6930,737254400,6436390502.0000,0.006703,0.092499
2003-09-04,1447.7650,1447.4250,1453.4290,1443.3830,724587300,6009668734.0000,0.006588,-0.029349
2003-09-05,1446.9370,1431.5330,1446.9750,1424.1680,809324900,6868727855.0000,0.007353,-1.097956
2003-09-08,1429.4630,1425.7270,1429.5600,1421.1410,605604600,4938644961.0000,0.005500,-0.405573
2003-09-09,1424.6930,1420.0740,1429.7110,1414.8820,625537500,4907486441.0000,0.005680,-0.396505
2003-09-10,1419.5190,1423.1770,1424.7740,1415.7230,506455400,4221440632.0000,0.004597,0.218512
2003-09-11,1422.9000,1423.9600,1429.5550,1421.8210,437218200,3698296715.0000,0.003969,0.055015
2003-09-12,1426.3400,1409.1620,1426.8060,1407.9520,1006516700,7723812477.0000,0.009054,-1.039213
2003-09-15,1407.8070,1397.5400,1416.0760,1394.2690,708665400,5490225216.0000,0.006365,-0.824742
2003-09-16,1396.7530,1406.1040,1406.7230,1389.4860,666401800,5166490972.0000,0.005985,0.612788
2003-09-17,1406.2480,1389.8220,1406.3670,1386.7810,608860200,4573834279.0000,0.005468,-1.157950
2003-09-18,1388.0920,1390.4850,1395.2010,1383.4000,580695400,4463281945.0000,0.005214,0.047701
2003-09-19,1390.8400,1391.3700,1395.6030,1383.7170,549841700,4206400666.0000,0.004935,0.063648
2003-09-22,1392.8970,1381.4430,1395.0690,1378.3230,488818700,3898377876.0000,0.004387,-0.713470
2003-09-23,1380.8490,1390.1740,1390.3510,1372.8540,596893400,4639751186.0000,0.005354,0.632017
2003-09-24,1391.4040,1394.2290,1396.9450,1386.7880,591952200,4575963818.0000,0.005309,0.291694
2003-09-25,1394.4940,1376.2910,1394.7370,1374.7910,478096900,3790629029.0000,0.004288,-1.286588
2003-09-26,1374.6020,1370.8430,1377.8710,1367.7460,454288900,3656181292.0000,0.004074,-0.395846
2003-09-29,1369.4370,1355.3350,1369.4770,1353.2450,487950800,3750387286.0000,0.004376,-1.131279
2003-09-30,1354.6480,1367.1610,1371.0730,1348.2220,605960700,4514469171.0000,0.005430,0.872556
2003-10-08,1366.2010,1371.6850,1373.0810,1359.4970,432480500,3012607150.0000,0.003875,0.330908
2003-10-09,1371.6810,1369.1740,1379.9900,1367.6500,556915900,3687240589.0000,0.004977,-0.183067
2003-10-10,1369.0040,1404.0080,1406.0020,1367.1090,1261199200,8584679535.0000,0.011269,2.544169
2003-10-13,1405.3290,1399.6580,1411.8800,1397.6930,846499500,6112852824.0000,0.007564,-0.309834
2003-10-14,1399.8430,1388.1720,1400.7470,1382.4810,636749000,4539976665.0000,0.005690,-0.820626
2003-10-15,1388.2450,1383.0980,1401.5370,1380.8080,671017300,4772951007.0000,0.005995,-0.365515
2003-10-16,1381.4600,1365.5050,1382.5320,1362.9830,585887500,4463240891.0000,0.005233,-1.272001
2003-10-17,1365.3130,1370.5820,1375.6560,1362.4150,528554800,3893038832.0000,0.004721,0.371806
2003-10-20,1369.7110,1359.4980,1370.4870,1355.5520,535722900,3759461566.0000,0.004784,-0.808706
2003-10-21,1359.5100,1364.3010,1364.6050,1350.2080,697888200,4698567084.0000,0.006213,0.353291
2003-10-22,1366.1050,1398.0100,1403.1010,1363.0920,1499177000,10288250280.0000,0.013344,2.470788
2003-10-23,1398.5870,1386.6530,1407.3900,1384.6390,1006761100,7122411355.0000,0.008959,-0.812373
2003-10-24,1385.8980,1381.8300,1389.8750,1376.7140,880202200,6222542389.0000,0.007833,-0.347816
2003-10-27,1381.8360,1369.4630,1383.5970,1361.1910,798650700,5789548921.0000,0.007106,-0.894969
2003-10-28,1365.9980,1369.3250,1382.5970,1356.4880,1014426400,6789754753.0000,0.009019,-0.010081
2003-10-29,1372.3460,1361.4870,1375.9100,1344.4230,1315907300,9378462690.0000,0.011674,-0.572391
2003-10-30,1360.0180,1344.6330,1360.0680,1340.2920,878705900,5985314869.0000,0.007796,-1.237911
2003-10-31,1341.5040,1348.3030,1364.6630,1334.7840,998747800,6598744656.0000,0.008861,0.272931
2003-11-03,1346.4810,1364.0550,1367.3360,1339.9580,1053793000,6758509800.0000,0.009348,1.168289
2003-11-04,1363.9570,1389.5450,1412.9100,1363.9010,2387840100,15740351593.0000,0.021182,1.868692
2003-11-05,1389.7200,1385.1100,1396.8600,1375.9920,1460498200,9346963511.0000,0.012946,-0.319173
2003-11-06,1384.6700,1356.7900,1385.8440,1351.0950,1650521700,10778479961.0000,0.014627,-2.044599
2003-11-07,1353.4300,1335.2050,1353.4540,1323.1180,1448425000,9370418502.0000,0.012836,-1.590893
2003-11-10,1330.9570,1340.0970,1340.8670,1322.0480,830979000,5548321459.0000,0.007362,0.366392
2003-11-11,1340.3200,1343.6160,1350.3870,1331.1170,903908000,5906508372.0000,0.008009,0.262587
2003-11-12,1341.5690,1317.7920,1341.5780,1316.8470,951488700,6200651553.0000,0.008430,-1.921976
2003-11-13,1313.9290,1319.6080,1324.9830,1307.3950,837039100,5456608532.0000,0.007416,0.137809
2003-11-14,1318.7220,1331.0510,1331.4210,1312.7880,750795400,4940258693.0000,0.006652,0.867151
2003-11-17,1330.4870,1328.1000,1333.4140,1323.6820,465552200,3096688114.0000,0.004121,-0.220000
2003-11-18,1334.6540,1316.5620,1336.0990,1314.9870,1475535900,9385899878.0000,0.012915,-0.689374
2003-11-19,1313.8360,1338.8700,1341.5630,1312.5620,1020800300,6767137490.0000,0.008935,1.694412
2003-11-20,1338.6040,1376.5060,1377.1180,1336.1400,2039041500,13279890918.0000,0.017847,2.811026
2003-11-21,1379.9370,1361.5590,1394.5680,1359.9020,2008834500,13213181183.0000,0.017578,-1.085867
2003-11-24,1360.3280,1404.0080,1404.2470,1360.2310,1845059100,12336724781.0000,0.016137,3.117683
2003-11-25,1407.7550,1408.4150,1423.5820,1400.8990,2521353300,17502878776.0000,0.022051,0.313886
2003-11-26,1407.3020,1411.9090,1413.7690,1398.0320,1657454700,11461920975.0000,0.014496,0.248082
2003-11-27,1412.3080,1389.1030,1415.7400,1387.7870,1496134900,10217130264.0000,0.013082,-1.615262
2003-11-28,1388.3120,1397.2250,1401.4630,1385.8180,1200490900,8451705669.0000,0.010497,0.584690
2003-12-01,1398.7060,1432.7030,1432.8210,1398.7060,1813416700,12584203042.0000,0.015856,2.539178
2003-12-02,1437.2400,1435.3140,1444.5650,1430.2370,1944654200,13336005120.0000,0.017003,0.182240
2003-12-03,1434.6970,1445.0260,1462.0730,1424.3490,2145655500,14797767748.0000,0.018743,0.676649
2003-12-04,1445.4000,1452.8090,1454.3230,1440.8200,1829545400,13368886971.0000,0.015982,0.538603
2003-12-05,1454.4130,1451.1180,1456.8660,1440.7890,1494675900,10633740998.0000,0.013057,-0.116390
2003-12-08,1452.1130,1451.1240,1456.9270,1450.1510,99808100,718534632.0000,0.000872,0.000412
2003-12-09,1435.0990,1443.3660,1443.6100,1429.0640,1090227300,7874664943.0000,0.009523,-0.534624
2003-12-10,1449.5670,1469.4220,1469.7130,1448.4970,1995047800,14227133343.0000,0.017422,1.805227
2003-12-11,1472.3850,1470.0230,1475.3770,1460.1930,1849237100,13753307690.0000,0.016145,0.040897
2003-12-12,1469.7020,1470.7920,1472.8640,1459.5490,1471202000,10809049677.0000,0.012845,0.052315
2003-12-15,1471.2440,1470.3570,1474.6710,1465.5050,1101623100,8211119980.0000,0.009618,-0.029572
2003-12-16,1469.1190,1466.3370,1469.1270,1441.0630,1608146900,11365395930.0000,0.014038,-0.273404
2003-12-17,1465.6060,1453.9950,1480.4330,1453.8810,1684690800,12189970083.0000,0.014706,-0.841692
2003-12-18,1450.8540,1457.3010,1458.6710,1445.0800,1399933100,10424715466.0000,0.012221,0.227376
2003-12-19,1463.4480,1446.2850,1470.2060,1429.7100,2364808200,16958311645.0000,0.020643,-0.755917
2003-12-22,1444.1730,1492.9630,1493.5350,1441.5850,2646977700,19673211083.0000,0.023106,3.227440
2003-12-23,1497.5720,1500.6400,1507.0350,1487.1150,2439581700,17459588228.0000,0.021292,0.514212
2003-12-24,1501.3550,1513.8250,1514.3170,1498.9800,2047378500,15566224465.0000,0.017866,0.878621
2003-12-25,1514.9290,1512.5970,1525.2990,1504.2520,2051674300,15161349328.0000,0.017904,-0.081113
2003-12-26,1513.1130,1514.7750,1516.4830,1504.1330,1573738300,12143883654.0000,0.013695,0.143989
2003-12-29,1509.2810,1496.4270,1512.9750,1495.5350,1407303300,10447007004.0000,0.012242,-1.211270
2003-12-30,1495.6690,1511.6910,1513.7280,1495.3910,1517657400,11547472680.0000,0.013197,1.020032
2003-12-31,1513.6160,1497.0440,1516.5230,1491.2480,1456238300,11149813567.0000,0.012634,-0.968921
2004-01-02,1492.7240,1517.1930,1526.2440,1491.6940,1668052700,12531961020.0000,0.014471,1.345922
2004-01-05,1516.7970,1568.3530,1568.8150,1516.6970,2857300600,21464334812.0000,0.024789,3.372019
2004-01-06,1568.8990,1574.5230,1589.0830,1557.9270,3269822900,24071373026.0000,0.028367,0.393401
2004-01-07,1574.1020,1587.2040,1594.9970,1565.0870,3053040800,23081933908.0000,0.026475,0.805389
2004-01-08,1587.4510,1610.1260,1616.5760,1582.8800,2844059300,22109284245.0000,0.024663,1.444175
2004-01-09,1612.3900,1581.4660,1618.7640,1579.6860,3206866800,25029921832.0000,0.027809,-1.779987
2004-01-12,1579.8750,1618.5180,1619.0940,1573.7700,2298414100,18516250789.0000,0.019931,2.342890
2004-01-13,1622.0470,1612.6830,1627.4860,1596.7180,2593363200,20596110957.0000,0.022473,-0.360513
2004-01-14,1612.9160,1592.4230,1613.1530,1585.9060,2049987500,15658247627.0000,0.017764,-1.256292
2004-01-15,1591.8180,1586.4930,1601.4140,1582.3570,1876196600,14540641986.0000,0.016248,-0.372384
2004-01-16,1589.3770,1600.4250,1604.7560,1579.2410,2052893300,16190878943.0000,0.017759,0.878164
2004-01-29,1605.2470,1628.8370,1629.1780,1603.3140,1847930400,14918171693.0000,0.015986,1.775278
2004-01-30,1631.1100,1590.7290,1634.4130,1589.4010,2406213000,19061625538.0000,0.020786,-2.339585
2004-02-02,1630.6540,1623.8800,1650.2910,1585.9580,3458830000,27005597679.0000,0.029878,2.084013
2004-02-03,1625.2880,1649.2820,1650.2360,1615.8130,2658422400,21164115347.0000,0.022964,1.564277
2004-02-04,1652.6140,1685.1590,1685.7650,1652.6130,3256490100,26611897413.0000,0.028130,2.175315
2004-02-05,1690.9380,1693.4280,1693.9000,1674.6230,3263004900,26337210813.0000,0.028186,0.490691
2004-02-06,1690.5590,1679.1930,1705.9080,1671.3960,3389595400,26840607024.0000,0.029279,-0.840602
2004-02-09,1679.5810,1703.5290,1703.7720,1679.0960,2617974300,21366236526.0000,0.022614,1.449271
2004-02-10,1708.8960,1691.0090,1715.4640,1683.5960,2746535700,22258809478.0000,0.023715,-0.734946
2004-02-11,1691.6080,1677.7590,1692.9020,1660.0090,2657791700,20943277431.0000,0.022948,-0.783556
2004-02-12,1679.0810,1663.8320,1693.0130,1660.3130,2712235300,21718092974.0000,0.023418,-0.830095
2004-02-13,1664.6030,1658.5390,1672.4390,1653.2400,2269776200,18580437110.0000,0.019598,-0.318126
2004-02-16,1661.4520,1696.8270,1697.2600,1661.4450,2299110600,19420663812.0000,0.019851,2.308543
2004-02-17,1701.4090,1703.7740,1710.8570,1693.9650,2975420900,25884237648.0000,0.025691,0.409413
2004-02-18,1704.7450,1717.0960,1719.8880,1697.3170,2921837500,25488156817.0000,0.025215,0.781905
2004-02-19,1719.3090,1717.0150,1728.0220,1710.7050,2733878100,23640127926.0000,0.023587,-0.004713
2004-02-20,1715.8060,1721.7520,1722.5740,1702.9290,2340915900,19954141392.0000,0.020197,0.275882
2004-02-23,1725.5940,1681.6540,1730.2790,1680.8930,2856297500,23885964526.0000,0.024643,-2.328901
2004-02-24,1675.6350,1682.2970,1683.0430,1650.1770,2699938100,21955399397.0000,0.023294,0.038233
2004-02-25,1684.9020,1647.3810,1700.4980,1642.6910,2458620500,20221345428.0000,0.021201,-2.075496
2004-02-26,1642.4090,1654.8980,1655.2950,1628.8400,2311168400,18267056599.0000,0.019930,0.456298
2004-02-27,1657.2620,1675.0670,1675.3230,1657.0390,1970836300,16432730087.0000,0.016995,1.218750
2004-03-01,1676.2220,1689.7600,1690.0700,1661.3390,1999017800,17093334909.0000,0.017236,0.877158
2004-03-02,1692.6160,1687.2780,1694.8150,1677.9790,2050750300,17387185247.0000,0.017665,-0.146888
2004-03-03,1686.9640,1661.8120,1688.9350,1654.5640,1923997400,15950583168.0000,0.016561,-1.509292
2004-03-04,1658.6340,1668.8740,1670.1560,1642.6250,1788542900,14706938126.0000,0.015395,0.424959
2004-03-05,1671.0610,1662.0960,1675.0260,1660.2130,1607556900,13261255959.0000,0.013827,-0.406147
2004-03-08,1660.6420,1637.1440,1665.7280,1635.4380,1563918500,12839133226.0000,0.013452,-1.501231
2004-03-09,1636.2060,1637.0990,1659.6470,1634.7100,1622245700,12679282741.0000,0.013946,-0.002751
2004-03-10,1639.6800,1678.0730,1678.4030,1639.6800,1655457400,13186223793.0000,0.014197,2.502842
2004-03-11,1680.3130,1691.6430,1698.7810,1672.6680,1850337800,15692468667.0000,0.015869,0.808662
2004-03-12,1692.8700,1694.7430,1699.2490,1680.4520,1597543900,13584364960.0000,0.013699,0.183260
2004-03-15,1696.9420,1736.2200,1738.9840,1696.8240,2520017200,21671367714.0000,0.021609,2.447387
2004-03-16,1741.6230,1745.5430,1747.9810,1730.7350,2217625000,19179496341.0000,0.019001,0.536971
2004-03-17,1746.7400,1745.0980,1750.7130,1730.2660,1909061500,16477156953.0000,0.016357,-0.025490
2004-03-18,1746.1760,1717.2600,1755.1010,1714.8950,2099120500,17664375186.0000,0.017979,-1.595212
2004-03-19,1715.4730,1747.8720,1748.1870,1710.8360,1772125900,14878384761.0000,0.015178,1.782604
2004-03-22,1749.7090,1755.6850,1760.0760,1742.3720,1758586800,14974710052.0000,0.015062,0.447007
2004-03-23,1755.3210,1741.6950,1755.3320,1731.4890,1848360500,15877938045.0000,0.015829,-0.796846
2004-03-24,1740.8900,1740.0540,1752.4180,1729.5110,1782155400,15500502366.0000,0.015250,-0.094218
2004-03-25,1737.4880,1736.4770,1751.8130,1725.9840,1618544100,13817952271.0000,0.013831,-0.205563
2004-03-26,1737.0580,1734.0470,1741.5650,1720.8760,1639196200,14593097287.0000,0.014008,-0.139942
2004-03-29,1734.5900,1719.6740,1740.3050,1717.8640,1643088100,14358914078.0000,0.014041,-0.828873
2004-03-30,1718.7830,1724.2770,1727.1780,1711.6640,1374627800,12300178176.0000,0.011747,0.267669
2004-03-31,1726.5690,1741.6230,1745.7030,1724.2100,1614404300,14187231876.0000,0.013758,1.005991
2004-04-01,1744.7090,1758.1470,1758.9820,1741.3300,1796814600,16084637848.0000,0.015306,0.948766
2004-04-02,1760.4670,1768.6450,1771.6720,1756.6530,2128540100,18900257024.0000,0.018123,0.597109
2004-04-05,1771.7370,1766.4830,1774.1200,1753.7130,2376120600,21645503883.0000,0.020217,-0.122240
2004-04-06,1767.3220,1777.5160,1777.7440,1754.7410,2305570500,20784275538.0000,0.019616,0.624572
2004-04-07,1779.4270,1774.5520,1783.0070,1771.1300,2237267100,20473708026.0000,0.019026,-0.166749
2004-04-08,1774.3980,1770.2790,1778.0950,1765.0220,2236884800,20656152800.0000,0.018962,-0.240790
2004-04-09,1770.9110,1727.3480,1778.2200,1721.5900,2441406000,22170520191.0000,0.020648,-2.425100
2004-04-12,1717.2030,1722.9860,1729.6220,1702.4000,1844341900,16316105307.0000,0.015588,-0.252529
2004-04-13,1724.5780,1715.1360,1734.9180,1710.3910,1910027600,16730360250.0000,0.016138,-0.455603
2004-04-14,1714.5260,1697.1560,1716.8200,1678.3360,1952741400,16834938104.0000,0.016496,-1.048312
2004-04-15,1697.2440,1679.0760,1705.0170,1674.9110,1513868400,12962215861.0000,0.012783,-1.065309
2004-04-16,1678.9720,1693.8610,1694.5570,1656.3020,1751544300,14467179259.0000,0.014764,0.880539
2004-04-19,1695.3330,1675.8850,1698.6910,1672.3540,1379201500,11694357452.0000,0.011565,-1.061241
2004-04-20,1674.3630,1669.4220,1682.0500,1659.9460,1286166400,11079449276.0000,0.010771,-0.385648
2004-04-21,1669.3820,1651.5770,1675.3600,1645.0780,1524723500,12293836134.0000,0.012762,-1.068931
2004-04-22,1649.0510,1657.7850,1659.7910,1637.2900,1255046300,10241894049.0000,0.010505,0.375884
2004-04-23,1653.9440,1635.5010,1653.9900,1632.5590,1226155200,9802429142.0000,0.010262,-1.344207
2004-04-26,1633.2690,1635.4990,1644.5020,1623.0490,1021256400,8296342073.0000,0.008535,-0.000119
2004-04-27,1636.4380,1611.8600,1640.6950,1608.8110,1273921500,10412613716.0000,0.010645,-1.445372
2004-04-28,1606.4210,1606.8010,1615.1430,1589.1000,1250021500,10169454946.0000,0.010441,-0.313858
2004-04-29,1605.3020,1579.4470,1613.5550,1578.0940,1342574400,10990144331.0000,0.011212,-1.702389
2004-04-30,1579.9660,1595.5870,1599.5610,1572.2300,1241838000,9950046148.0000,0.010366,1.021878
2004-05-10,1600.6260,1560.2150,1603.0740,1555.2600,818091400,6320908251.0000,0.006815,-2.216869
2004-05-11,1556.7170,1568.0590,1570.7610,1545.6310,774439800,6118224464.0000,0.006427,0.502751
2004-05-12,1568.4090,1603.7680,1604.4240,1564.1390,1098557100,8683936897.0000,0.009113,2.277273
2004-05-13,1605.7040,1597.5700,1606.0720,1589.4580,886566200,7298789875.0000,0.007346,-0.386465
2004-05-14,1596.7340,1562.6880,1597.3190,1558.5380,941145400,7340282156.0000,0.007793,-2.183439
2004-05-17,1556.6730,1539.9590,1562.3920,1537.4660,840133900,6490719245.0000,0.006934,-1.454481
2004-05-18,1537.3380,1555.4420,1555.8590,1526.2380,1205332000,9771755635.0000,0.009891,1.005419
2004-05-19,1559.2620,1558.2870,1575.3780,1548.1610,1248855400,9588837562.0000,0.010248,0.182904
2004-05-20,1556.6850,1549.0610,1571.3030,1542.2190,915000600,7063731074.0000,0.007499,-0.592057
2004-05-21,1548.5630,1558.3300,1559.8590,1545.6190,843808600,6357027206.0000,0.006889,0.598357
2004-05-24,1559.5520,1550.3480,1562.3320,1547.3590,746034200,5981192642.0000,0.006075,-0.512211
2004-05-25,1549.0210,1518.0450,1549.5880,1516.3450,918944800,7048290545.0000,0.007473,-2.083595
2004-05-26,1515.1560,1524.4360,1529.9140,1508.6450,740656900,5533020248.0000,0.006021,0.421001
2004-05-27,1524.9430,1557.1780,1559.5510,1515.9730,1226855200,9268049513.0000,0.009960,2.147807
2004-05-28,1558.4160,1548.7220,1561.0040,1545.6480,852679000,6628512812.0000,0.006918,-0.543029
2004-05-31,1549.0310,1555.9060,1556.7940,1544.7130,731838100,5586197122.0000,0.005932,0.463864
2004-06-01,1555.5620,1579.6580,1579.8200,1553.1180,1299153100,11035326051.0000,0.010516,1.526567
2004-06-02,1580.2090,1567.0670,1580.5700,1562.2390,1366455200,11697217641.0000,0.011047,-0.797068
2004-06-03,1566.4210,1543.5270,1566.8280,1540.7410,1129777300,9216851606.0000,0.009130,-1.502172
2004-06-04,1541.0930,1542.0860,1549.4960,1534.9920,1047602400,8151322941.0000,0.008453,-0.093352
2004-06-07,1538.4630,1517.1450,1538.4990,1508.8740,912521700,7066976023.0000,0.007357,-1.617357
2004-06-08,1514.7830,1493.8140,1519.9910,1488.6300,1001392800,7770319362.0000,0.008066,-1.537826
2004-06-09,1492.1990,1468.0710,1497.1820,1464.1600,1131524000,8756699899.0000,0.009080,-1.723302
2004-06-10,1465.5560,1468.3440,1478.1670,1456.3210,1025490000,7739197765.0000,0.008215,0.018592
2004-06-11,1471.6890,1472.0720,1499.4590,1469.5360,1037052500,7772181795.0000,0.008277,0.253893
2004-06-14,1471.4460,1438.7360,1471.4460,1431.3140,1037131600,7593384340.0000,0.008258,-2.264567
2004-06-15,1436.0820,1463.7770,1469.5710,1433.0330,994754500,7223726302.0000,0.007890,1.740487
2004-06-16,1465.2270,1475.4160,1491.6860,1452.5780,1087080200,7844605922.0000,0.008608,0.795137
2004-06-17,1475.2730,1445.5010,1478.4890,1443.5340,922110200,6783634598.0000,0.007300,-2.027566
2004-06-18,1442.4760,1427.3010,1442.4800,1411.0310,992642900,7343849405.0000,0.007856,-1.259076
2004-06-21,1421.8280,1433.4670,1434.2040,1414.9690,760722200,5846250580.0000,0.006003,0.432005
2004-06-22,1434.4160,1450.6830,1456.1300,1430.9630,1066981900,8316544946.0000,0.008414,1.201000
2004-06-23,1450.0690,1440.7290,1450.1090,1428.7970,829368000,6505749042.0000,0.006535,-0.686158
2004-06-24,1438.3110,1427.7540,1447.3940,1426.4920,911814000,6935926251.0000,0.007161,-0.900584
2004-06-25,1426.5540,1401.1130,1434.4730,1399.3910,944282900,7064110482.0000,0.007416,-1.865937
2004-06-28,1396.3610,1385.1810,1397.5220,1380.1970,794572500,5621284297.0000,0.006240,-1.137096
2004-06-29,1384.6430,1408.6890,1409.3760,1376.2180,1021161800,6847560919.0000,0.008000,1.697102
2004-06-30,1408.2720,1399.1620,1415.8440,1394.6760,820082900,5567715011.0000,0.006391,-0.676301
2004-07-01,1398.1980,1441.0680,1445.1020,1396.3470,1382216700,9389312588.0000,0.010769,2.995079
2004-07-02,1441.1210,1441.1900,1447.6120,1428.0740,1067266300,7259998523.0000,0.008311,0.008462
2004-07-05,1440.1700,1444.5900,1444.9320,1429.1200,814338200,5422659471.0000,0.006338,0.235918
2004-07-06,1445.3980,1450.5010,1466.7840,1445.3160,1208179300,8269708751.0000,0.009394,0.409183
2004-07-07,1448.9500,1438.3980,1448.9560,1434.2930,782462100,5335863460.0000,0.006012,-0.834403
2004-07-08,1436.4730,1439.7830,1440.6380,1426.9480,690535000,4646707888.0000,0.005304,0.096288
2004-07-09,1439.7350,1430.6540,1451.7520,1429.1390,712697800,4903993873.0000,0.005474,-0.634047
2004-07-12,1426.2510,1397.1480,1426.2510,1393.8070,838189200,5651494105.0000,0.006423,-2.342013
2004-07-13,1395.3530,1399.4610,1403.1410,1389.1590,699480400,4573022566.0000,0.005353,0.165559
2004-07-14,1399.8650,1403.7550,1408.9870,1378.9120,1012078100,6564523435.0000,0.007730,0.306829
2004-07-15,1404.4710,1421.5440,1422.2560,1399.9840,1234654000,8379324026.0000,0.009392,1.267240
2004-07-16,1423.6870,1456.1300,1458.3850,1422.2400,2200264500,14521785993.0000,0.016732,2.432993
2004-07-19,1456.7710,1457.5370,1465.8400,1447.0500,1288418000,8918160433.0000,0.009790,0.096625
2004-07-20,1457.2270,1447.9410,1457.2910,1440.0560,1211994200,8267580337.0000,0.009209,-0.658367
2004-07-21,1446.5170,1448.0370,1452.8580,1436.8470,931915300,6525011883.0000,0.007080,0.006626
2004-07-22,1448.1280,1407.4380,1449.6860,1404.5420,1278009400,8737395815.0000,0.009709,-2.803727
2004-07-23,1403.3600,1407.3960,1408.4570,1387.2620,1047862200,6923956268.0000,0.007954,-0.002984
2004-07-26,1401.8430,1387.6700,1401.8810,1381.9050,809887900,5300205784.0000,0.006147,-1.401592
2004-07-27,1386.9950,1384.1280,1395.3110,1373.4200,896788500,5818165774.0000,0.006803,-0.255247
2004-07-28,1385.5040,1388.8100,1397.1670,1366.5030,986495400,6177062902.0000,0.007483,0.338264
2004-07-29,1388.6170,1407.3310,1407.3420,1385.9620,1108007700,7127885165.0000,0.008402,1.333587
2004-07-30,1408.4890,1386.2020,1409.1190,1384.7380,899729500,5871532036.0000,0.006823,-1.501354
2004-08-02,1381.8770,1373.2170,1383.0770,1370.4990,698313600,4735426617.0000,0.005281,-0.936731
2004-08-03,1371.2750,1366.2580,1378.1960,1363.6930,760192300,5436678554.0000,0.005747,-0.506765
2004-08-04,1365.6650,1404.5050,1424.5530,1364.0090,1709399000,10832307528.0000,0.012923,2.799394
2004-08-05,1402.3740,1389.0390,1413.0820,1387.5460,1070146800,6800556486.0000,0.008090,-1.101175
2004-08-06,1388.0730,1390.4610,1400.9540,1380.3150,902472700,5898388469.0000,0.006817,0.102382
2004-08-09,1388.0840,1395.8480,1397.5900,1382.9430,795196700,5068288343.0000,0.006003,0.387423
2004-08-10,1396.6230,1400.7690,1404.7220,1390.9430,681690400,4507090899.0000,0.005146,0.352547
2004-08-11,1401.0210,1384.9640,1401.2510,1382.2440,756042700,4806191729.0000,0.005708,-1.128313
2004-08-12,1378.7940,1368.1960,1378.7940,1357.0790,829560700,5137067810.0000,0.006262,-1.210713
2004-08-13,1361.9850,1368.4500,1377.8160,1358.3150,826161700,5353425151.0000,0.006228,0.018558
2004-08-16,1366.5160,1354.5110,1369.8660,1350.8390,749038100,4673419095.0000,0.005644,-1.018595
2004-08-17,1354.3820,1360.2000,1364.4090,1344.8130,692056400,4698175266.0000,0.005213,0.420001
2004-08-18,1359.8710,1358.2160,1371.2340,1357.0270,744763000,5102229530.0000,0.005605,-0.145862
2004-08-19,1357.2310,1340.4500,1357.2680,1333.4790,809858700,5098505758.0000,0.006095,-1.308039
2004-08-20,1338.3070,1341.7380,1349.4750,1327.7690,802886100,4926799144.0000,0.006042,0.096094
2004-08-23,1339.9330,1325.4130,1339.9360,1322.9790,619375000,3922718551.0000,0.004661,-1.216711
2004-08-24,1323.7910,1344.6260,1347.1510,1317.5560,946483200,5432909078.0000,0.007119,1.449587
2004-08-25,1344.4620,1339.7840,1346.9670,1334.2920,656099400,3810560488.0000,0.004932,-0.360094
2004-08-26,1339.6160,1334.4220,1340.9480,1330.2230,583103000,3497269035.0000,0.004383,-0.400218
2004-08-27,1333.3070,1320.6140,1337.7300,1314.6000,675224600,4034196586.0000,0.005075,-1.034754
2004-08-30,1318.3180,1319.4070,1322.2320,1310.0240,592105000,3410187703.0000,0.004447,-0.091399
2004-08-31,1342.3020,1342.0620,1360.7540,1331.7620,1165273200,6873347888.0000,0.008751,1.717062
2004-09-01,1340.7500,1321.4620,1340.7710,1319.8620,624639400,3639041068.0000,0.004691,-1.534950
2004-09-02,1319.0710,1327.9270,1328.6070,1303.1880,853306800,4812774998.0000,0.006408,0.489228
2004-09-03,1327.8070,1327.1160,1333.2190,1319.8250,747210200,4056540430.0000,0.005611,-0.061075
2004-09-06,1326.4590,1321.4650,1326.8730,1315.9580,578730400,3194217445.0000,0.004344,-0.425811
2004-09-07,1321.2080,1324.2940,1325.6830,1312.3120,565281300,3166533842.0000,0.004243,0.214079
2004-09-08,1322.8400,1309.3330,1323.2590,1302.1130,821318600,4048421705.0000,0.006162,-1.129729
2004-09-09,1307.4680,1284.3070,1307.4720,1281.7490,808583700,4421933714.0000,0.006067,-1.911355
2004-09-10,1281.5830,1287.0810,1287.7470,1270.9370,611111300,3369487137.0000,0.004585,0.215996
2004-09-13,1285.3190,1260.3160,1285.3190,1259.4320,686224000,3813116088.0000,0.005149,-2.079513
2004-09-14,1266.2320,1300.3570,1305.7340,1266.2320,1261124700,6965915597.0000,0.009462,3.177062
2004-09-15,1303.2880,1355.2260,1374.0360,1301.3760,2931277200,17022337012.0000,0.021992,4.219525
2004-09-16,1364.2500,1371.2010,1377.9900,1354.2000,2302492000,13489356414.0000,0.017306,1.178777
2004-09-17,1373.4990,1414.7020,1415.6400,1368.5430,3108564000,18842047974.0000,0.023359,3.172472
2004-09-20,1423.9720,1463.2210,1463.7930,1422.8990,4188815500,26290815250.0000,0.031476,3.429621
2004-09-21,1466.2030,1448.5620,1467.5430,1436.5100,3477648500,22392127801.0000,0.026132,-1.001827
2004-09-22,1444.2540,1420.1480,1451.4130,1414.7010,3018538200,19496834886.0000,0.022682,-1.961536
2004-09-23,1417.3910,1464.7790,1464.9760,1408.6100,2235234200,14700579290.0000,0.016771,3.142708
2004-09-24,1475.0910,1435.5630,1496.2140,1434.3100,4085530500,28667519229.0000,0.030673,-1.994571
2004-09-27,1452.5080,1427.3980,1466.4020,1419.3130,1974973800,12904648807.0000,0.014828,-0.568769
2004-09-28,1430.2210,1435.5890,1438.0480,1416.6030,1412237000,9254854511.0000,0.010594,0.573844
2004-09-29,1436.7060,1420.0090,1438.9770,1417.8290,1317954400,8676821361.0000,0.009883,-1.085266
2004-09-30,1418.1080,1396.7000,1420.0520,1390.6840,1295904900,8234662298.0000,0.009704,-1.641474
2004-10-08,1395.6690,1422.9290,1423.2040,1373.9280,1381398400,9385252704.0000,0.010344,1.877927
2004-10-11,1424.2250,1413.1540,1437.5720,1409.2230,2321482900,16434170520.0000,0.017383,-0.686956
2004-10-12,1410.6100,1384.4390,1410.6100,1380.6920,1708983700,11572506382.0000,0.012770,-2.031986
2004-10-13,1382.3560,1386.7210,1393.6520,1372.0630,1428411100,9790164984.0000,0.010673,0.164831
2004-10-14,1386.8580,1332.9380,1387.3620,1331.1310,1724777100,11661332770.0000,0.012877,-3.878427
2004-10-15,1328.4720,1330.5180,1340.1160,1312.5500,1354316800,8960323331.0000,0.010107,-0.181557
2004-10-18,1332.5210,1335.3940,1341.7830,1316.3230,1011913600,6804062896.0000,0.007488,0.366481
2004-10-19,1339.0640,1337.6180,1361.8140,1334.4650,1304036900,8444424476.0000,0.009646,0.166543
2004-10-20,1337.7140,1330.5840,1337.7150,1311.8770,1186456100,7605659678.0000,0.008767,-0.525864
2004-10-21,1331.2200,1310.5450,1340.9630,1304.5440,1643646900,10673486217.0000,0.012136,-1.506026
2004-10-22,1310.8540,1329.3550,1330.5600,1294.0410,1792506100,11619270408.0000,0.013235,1.435276
2004-10-25,1337.2540,1311.1510,1346.8810,1308.8920,1756603300,11808958232.0000,0.012970,-1.369384
2004-10-26,1309.6220,1324.7830,1325.2020,1289.8730,1706971200,10965410268.0000,0.012604,1.039694
2004-10-27,1326.9170,1342.7990,1343.0290,1314.8670,2076824200,12961626985.0000,0.015335,1.359920
2004-10-28,1340.8150,1341.7370,1356.6310,1336.7500,1959382900,12244172799.0000,0.014460,-0.079080
2004-10-29,1316.5990,1320.5360,1337.2760,1304.0670,1790571500,11215927869.0000,0.013209,-1.580119
2004-11-01,1317.6580,1305.2910,1323.1010,1304.2940,1196191500,7218346779.0000,0.008824,-1.154455
2004-11-02,1303.8780,1301.5280,1306.2780,1290.9880,1096095500,6711524359.0000,0.008086,-0.288293
2004-11-03,1304.5750,1326.7490,1327.5000,1301.3240,1328283500,8411264167.0000,0.009798,1.937805
2004-11-04,1328.1150,1304.7760,1338.2640,1301.3630,1397438400,8753620447.0000,0.010309,-1.656155
2004-11-05,1308.6540,1305.1280,1315.9410,1298.7070,999636000,6257655769.0000,0.007373,0.026982
2004-11-08,1303.5220,1304.2290,1307.6190,1292.9090,737665600,4398204250.0000,0.005441,-0.068886
2004-11-09,1304.3710,1307.4290,1313.1510,1299.9420,711164000,4270396170.0000,0.005246,0.245352
2004-11-10,1310.3190,1354.3860,1360.7130,1302.7040,2331973800,14102138183.0000,0.017201,3.591555
2004-11-11,1358.6470,1347.0700,1379.8600,1346.0290,2742989500,16803175455.0000,0.020232,-0.540174
2004-11-12,1346.8430,1352.2170,1360.3290,1341.1240,1574410500,9490677836.0000,0.011613,0.382096
2004-11-15,1354.4780,1370.0460,1370.6160,1354.4780,1423053500,8929425605.0000,0.010494,1.318500
2004-11-16,1372.5760,1370.3890,1376.1890,1361.2790,1416560700,8616093077.0000,0.010446,0.025037
2004-11-17,1370.6980,1356.1380,1370.7920,1350.5210,1223426100,7593392536.0000,0.009022,-1.039931
2004-11-18,1353.4980,1367.8280,1368.0610,1352.8860,1158909500,7315559010.0000,0.008546,0.862011
2004-11-19,1369.8060,1379.9600,1380.0760,1365.2410,1410790400,8670276966.0000,0.010413,0.886951
2004-11-22,1381.5790,1383.0200,1387.3420,1374.4060,1666743900,10273902372.0000,0.012302,0.221750
2004-11-23,1383.5250,1371.2440,1383.7870,1368.1430,1632852000,10039118932.0000,0.012052,-0.851470
2004-11-24,1371.3230,1359.1250,1380.7660,1358.4520,1635543400,9764012688.0000,0.012072,-0.883797
2004-11-25,1358.4080,1358.3330,1362.1590,1348.4060,1342533800,7758391014.0000,0.009909,-0.058272
2004-11-26,1357.5360,1356.7270,1362.4940,1354.7950,1043493300,6121805743.0000,0.007694,-0.118230
2004-11-29,1354.5750,1337.4340,1354.5750,1335.6080,1008315100,6080041480.0000,0.007435,-1.422032
2004-11-30,1335.9980,1340.7710,1341.4820,1332.2880,927724500,5475046407.0000,0.006840,0.249510
2004-12-01,1340.9160,1334.9440,1342.5460,1332.9670,955342900,5797059429.0000,0.007044,-0.434603
2004-12-02,1333.5730,1333.0900,1334.0580,1324.5530,1280448300,7714799578.0000,0.009441,-0.138882
2004-12-03,1333.0090,1337.1970,1343.7110,1332.8560,1350501600,8201369578.0000,0.009946,0.308085
2004-12-06,1337.8070,1339.6440,1342.8310,1327.3830,1066478500,6326780468.0000,0.007854,0.182996
2004-12-07,1339.8180,1323.7520,1340.8790,1322.8180,1023680500,5960762522.0000,0.007539,-1.186292
2004-12-08,1331.2770,1326.4380,1337.8700,1322.0510,859335800,4929900972.0000,0.006329,0.202911
2004-12-09,1326.7440,1338.8100,1352.4550,1318.4680,1525791100,8334090722.0000,0.011237,0.932729
2004-12-10,1336.6280,1317.7170,1340.3650,1316.6430,1107238600,6280950481.0000,0.008154,-1.575505
2004-12-13,1312.6050,1309.6950,1314.4000,1299.8040,854945300,4859194743.0000,0.006296,-0.608787
2004-12-14,1309.0660,1307.5530,1315.8940,1303.1490,804598200,4652200350.0000,0.005925,-0.163547
2004-12-15,1307.3400,1313.0450,1317.8160,1291.8550,1140508900,6514899965.0000,0.008399,0.420026
2004-12-16,1311.0270,1305.0180,1317.6170,1302.4850,905880200,5060280833.0000,0.006666,-0.611335
2004-12-17,1303.9400,1290.4900,1303.9400,1288.2370,766209900,4229595109.0000,0.005639,-1.113238
2004-12-20,1286.0660,1275.4590,1286.0660,1272.1460,805310700,4603037789.0000,0.005926,-1.164752
2004-12-21,1275.0870,1275.1700,1285.7050,1271.0300,699952900,3734396422.0000,0.005151,-0.022654
2004-12-22,1277.1830,1307.5700,1307.7260,1275.0630,1333967500,7370728946.0000,0.009817,2.540830
2004-12-23,1308.5760,1282.7190,1308.5890,1280.7180,847608800,4917096451.0000,0.006238,-1.900545
2004-12-24,1281.3180,1285.0360,1290.6570,1280.3800,718052100,4282648421.0000,0.005284,0.180633
2004-12-27,1285.4100,1280.2720,1292.3130,1276.7300,723114900,4172827406.0000,0.005321,-0.370732
2004-12-28,1280.9310,1278.9430,1283.6310,1271.9100,775821200,4318210090.0000,0.005709,-0.103804
2004-12-29,1278.6880,1274.3130,1285.5490,1270.8870,871398700,4767536601.0000,0.006413,-0.362018
2004-12-30,1273.1540,1273.7090,1280.5710,1264.1520,881285700,5014102747.0000,0.006485,-0.047398
2004-12-31,1275.3860,1266.4960,1280.8270,1264.4860,830394900,4695701349.0000,0.006109,-0.566300
2005-01-04,1260.7820,1242.7740,1260.7820,1238.1790,816177000,4418452047.0000,0.006004,-1.873036
2005-01-05,1241.6820,1251.9370,1258.5800,1235.7460,867865100,4916589314.0000,0.006383,0.737299
2005-01-06,1252.4930,1239.4300,1252.7350,1234.2360,792225400,4381370333.0000,0.005822,-0.999009
2005-01-07,1239.3230,1244.7460,1256.3130,1235.5080,894087100,5040041939.0000,0.006571,0.428900
2005-01-10,1243.5760,1252.4010,1252.7230,1236.0890,723468300,4118291757.0000,0.005317,0.614987
2005-01-11,1252.7110,1257.4620,1260.8710,1247.8350,772557000,4368276172.0000,0.005678,0.404107
2005-01-12,1257.1700,1256.9230,1257.1930,1246.4220,676958500,3799862955.0000,0.004975,-0.042869
2005-01-13,1255.7180,1256.3140,1259.4990,1251.0160,874670700,5003680868.0000,0.006428,-0.048452
2005-01-14,1255.8710,1245.6200,1268.8560,1243.8730,989832700,5272487558.0000,0.007275,-0.851218
2005-01-17,1235.5740,1216.6520,1236.3970,1214.0650,1002856500,5434886351.0000,0.007371,-2.325590
2005-01-18,1215.7760,1225.4540,1226.0430,1207.0520,1019028800,5294355367.0000,0.007489,0.723461
2005-01-19,1225.0750,1218.1080,1225.0750,1214.6350,937719500,4677974231.0000,0.006892,-0.599447
2005-01-20,1213.3680,1204.3940,1213.9600,1199.1670,1031028400,5383794395.0000,0.007578,-1.125843
2005-01-21,1201.9330,1234.4760,1237.9090,1189.2110,1697008000,9001891146.0000,0.012466,2.497680
2005-01-24,1258.0240,1255.7770,1265.9490,1239.8000,1802020700,9786782740.0000,0.013238,1.725512
2005-01-25,1252.3540,1254.2340,1254.8660,1239.1640,1181392400,6439329703.0000,0.008679,-0.122870
2005-01-26,1252.3720,1241.9580,1254.2320,1240.1310,964069100,5351521296.0000,0.007082,-0.978765
2005-01-27,1239.5790,1225.8910,1241.1370,1223.8770,941282900,4955027537.0000,0.006912,-1.293684
2005-01-28,1223.7270,1213.6730,1226.3040,1208.8570,817055700,4199937444.0000,0.006000,-0.996664
2005-01-31,1210.7550,1191.8230,1210.7550,1190.1730,907806200,4668009630.0000,0.006666,-1.800318
2005-02-01,1189.5010,1188.9310,1203.0660,1187.2600,934022200,4907930781.0000,0.006858,-0.242651
2005-02-02,1189.5020,1252.5000,1253.1590,1189.5020,1905406200,10397266956.0000,0.013991,5.346733
2005-02-03,1253.8130,1242.3070,1269.1550,1236.1790,2041522500,10897290873.0000,0.014959,-0.813812
2005-02-04,1238.6090,1269.0040,1274.1150,1235.6400,1702829300,9664344703.0000,0.012467,2.148987
2005-02-16,1276.0150,1278.8800,1291.4650,1270.3180,1444545500,7980113925.0000,0.010576,0.778246
2005-02-17,1280.0280,1276.1340,1280.0280,1263.7110,1121861200,6103111134.0000,0.008213,-0.214717
2005-02-18,1275.6640,1258.9690,1278.6240,1258.5610,1068805000,5785501661.0000,0.007825,-1.345081
2005-02-21,1259.5280,1284.4800,1284.9370,1259.5090,1253692200,6930691886.0000,0.009178,2.026340
2005-02-22,1285.6290,1309.2770,1312.5330,1282.7830,2260281500,12773513576.0000,0.016548,1.930509
2005-02-23,1309.6240,1309.4750,1316.5880,1299.1460,2418912700,13699232367.0000,0.017709,0.015123
2005-02-24,1307.0360,1309.9490,1310.9670,1296.9790,2011581500,11356347739.0000,0.014727,0.036198
2005-02-25,1311.3670,1312.4450,1328.5330,1311.2050,2406961000,13978978564.0000,0.017622,0.190540
2005-02-28,1311.4390,1306.0030,1315.1370,1298.9280,1765143200,10244600541.0000,0.012923,-0.490832
2005-03-01,1305.2490,1303.4120,1308.7580,1295.6420,1398095200,7981055197.0000,0.010236,-0.198397
2005-03-02,1303.3100,1287.4500,1316.7230,1285.9160,1862863500,10749393259.0000,0.013638,-1.224635
2005-03-03,1285.1970,1294.3390,1295.2530,1276.8800,1282360900,6981237940.0000,0.009388,0.535092
2005-03-04,1294.1560,1287.7140,1299.5960,1286.4810,1104995800,6269241707.0000,0.008090,-0.511844
2005-03-07,1288.4080,1293.7390,1296.8800,1287.7400,1076224600,6283006027.0000,0.007879,0.467885
2005-03-08,1298.2500,1318.2710,1318.8950,1296.9080,1798439800,11159503108.0000,0.013167,1.896208
2005-03-09,1321.2080,1316.7910,1326.0760,1310.2350,2056718700,12224773496.0000,0.015058,-0.112267
2005-03-10,1316.9000,1286.2330,1316.9000,1282.5280,1789766900,10537289289.0000,0.013103,-2.320640
2005-03-11,1284.5130,1289.9410,1292.5290,1278.1530,1499671400,9039329495.0000,0.010979,0.288284
2005-03-14,1288.9850,1293.5000,1304.1120,1271.5110,1869250200,11968377523.0000,0.013685,0.275901
2005-03-15,1293.1320,1269.1440,1293.2590,1266.6370,1564271900,9678243152.0000,0.011452,-1.882950
2005-03-16,1267.0520,1255.5890,1268.1870,1247.8930,1366337300,8330513791.0000,0.010003,-1.068047
2005-03-17,1255.9850,1243.4750,1257.7940,1242.5130,1289554300,7813701046.0000,0.009441,-0.964807
2005-03-18,1242.4530,1227.4030,1248.0340,1223.6150,1245243200,7341657941.0000,0.009117,-1.292509
2005-03-21,1226.1430,1231.0460,1232.8170,1220.8240,996368700,5815375653.0000,0.007295,0.296811
2005-03-22,1230.6820,1206.9220,1231.6760,1202.4270,1465330900,8148375027.0000,0.010726,-1.959636
2005-03-23,1205.7550,1201.6490,1218.0110,1194.3220,1344060500,7851213142.0000,0.009838,-0.436892
2005-03-24,1200.2570,1208.1920,1208.6080,1187.5810,1147719000,6700150732.0000,0.008394,0.544499
2005-03-25,1207.2030,1205.6340,1211.1600,1199.8700,952758900,5076361282.0000,0.006974,-0.211720
2005-03-28,1204.8500,1200.1130,1204.8500,1185.4560,902323300,4909951020.0000,0.006604,-0.457933
2005-03-29,1199.6910,1195.0180,1209.2290,1194.5890,923316000,5191811880.0000,0.006757,-0.424551
2005-03-30,1192.4470,1172.5740,1192.4470,1171.8110,1138348100,6153729562.0000,0.008331,-1.878128
2005-03-31,1168.8280,1181.2360,1181.5310,1162.0310,1043779000,5371672145.0000,0.007632,0.738716
2005-04-01,1180.3730,1223.5660,1237.8000,1173.5430,1966033200,10792487064.0000,0.014369,3.583541
2005-04-04,1212.1180,1202.9670,1218.2750,1196.9450,1379440100,7947332071.0000,0.010082,-1.683522
2005-04-05,1200.6910,1191.7450,1209.3410,1189.2550,1158268400,6448636873.0000,0.008465,-0.932864
2005-04-06,1191.1980,1214.8680,1220.4150,1183.9060,1672796600,9920447929.0000,0.012226,1.940268
2005-04-07,1216.7280,1225.4870,1248.0620,1213.6500,2427681400,14120362984.0000,0.017743,0.874088
2005-04-08,1225.0490,1248.5210,1249.2030,1218.7590,1776899800,10084950499.0000,0.012983,1.879574
2005-04-11,1248.1500,1240.9720,1252.8130,1235.3560,1930075700,11032464803.0000,0.014097,-0.604631
2005-04-12,1239.1340,1219.5110,1239.1340,1218.5120,1307588100,7600585399.0000,0.009547,-1.729375
2005-04-13,1228.9740,1248.2030,1254.3190,1228.9740,1954707100,11064208873.0000,0.014272,2.352748
2005-04-14,1252.2060,1234.3320,1253.5980,1233.2370,1561619800,8614317309.0000,0.011402,-1.111275
2005-04-15,1229.6800,1216.9620,1229.6800,1213.2030,1426229800,7801305382.0000,0.010411,-1.407238
2005-04-18,1212.3920,1197.7350,1212.3920,1190.9840,1167117600,6296262216.0000,0.008496,-1.579922
2005-04-19,1196.2810,1199.9020,1202.4920,1191.2310,1095012600,6108772712.0000,0.007968,0.180924
2005-04-20,1198.9560,1184.1930,1198.9560,1178.6400,1118298400,5938905955.0000,0.008138,-1.309189
2005-04-21,1182.2050,1172.5560,1190.5410,1167.9940,1326684400,7070086218.0000,0.009540,-0.982692
2005-04-22,1171.0280,1169.1870,1177.8850,1163.4020,1357836300,7266510531.0000,0.009762,-0.287323
2005-04-25,1166.3420,1157.9710,1166.3420,1146.4140,1354764800,6908598428.0000,0.009740,-0.959305
2005-04-26,1155.6440,1165.3350,1169.1450,1151.6370,1397414100,7207425085.0000,0.010045,0.635941
2005-04-27,1165.0990,1148.7570,1166.1980,1148.1380,1361286500,7082585050.0000,0.009785,-1.422596
2005-04-28,1145.7460,1169.1180,1172.7100,1135.7330,1741974300,9044192155.0000,0.012518,1.772445
2005-04-29,1168.3310,1159.1460,1170.1990,1155.9850,1410569600,7352285704.0000,0.010118,-0.852955
2005-05-09,1160.6200,1130.8350,1165.3900,1130.4110,1086935000,5551480596.0000,0.007767,-2.442405
2005-05-10,1126.8180,1135.5610,1135.7980,1108.4200,1316415400,6768361115.0000,0.009407,0.417928
2005-05-11,1134.5950,1124.2710,1140.1710,1121.8670,1099556900,5633261021.0000,0.007847,-0.994226
2005-05-12,1122.1780,1103.9930,1122.9160,1099.8400,1235588300,6506232863.0000,0.008816,-1.803653
2005-05-13,1101.6060,1107.6270,1120.1690,1093.2810,1347494700,6567864533.0000,0.009614,0.329161
2005-05-16,1105.3970,1095.4680,1105.3970,1082.1370,1022775900,5058195546.0000,0.007294,-1.097746
2005-05-17,1091.2580,1099.6400,1108.1780,1083.9430,1156872700,5353712649.0000,0.008248,0.380841
2005-05-18,1099.7400,1102.9650,1108.8440,1090.2990,1037840800,5061369090.0000,0.007377,0.302367
2005-05-19,1101.7530,1103.4750,1107.2270,1083.1150,1065816600,5120491771.0000,0.007576,0.046240
2005-05-20,1100.4910,1099.2690,1108.6100,1094.6690,958404100,4520424454.0000,0.006810,-0.381153
2005-05-23,1095.3080,1070.8440,1095.3080,1069.4350,953394500,4305639056.0000,0.006770,-2.585814
2005-05-24,1065.9980,1073.8470,1078.0980,1057.5360,1102945400,5065246159.0000,0.007832,0.280438
2005-05-25,1072.5210,1072.1370,1082.1790,1064.8750,980759700,4489152091.0000,0.006964,-0.159248
2005-05-26,1071.2120,1058.8670,1077.4410,1055.8160,949855600,4454779104.0000,0.006743,-1.237717
2005-05-27,1056.3230,1051.9460,1068.2110,1050.0550,1014625100,4902913660.0000,0.007193,-0.653614
2005-05-30,1049.7210,1060.1620,1063.9470,1043.2760,859981600,4083244334.0000,0.006088,0.781023
2005-05-31,1061.6120,1060.7380,1070.5020,1057.7480,923922400,4241956998.0000,0.006540,0.054336
2005-06-01,1059.6100,1039.1870,1063.5180,1035.7060,1006249000,4695648667.0000,0.007121,-2.031701
2005-06-02,1036.7300,1016.0630,1036.7300,1008.7540,1146555600,5557807400.0000,0.008114,-2.225203
2005-06-03,1013.9030,1013.6370,1019.9220,1000.5220,1001626800,4502218664.0000,0.007083,-0.238761
2005-06-06,1010.3810,1034.3780,1034.8530,998.2280,1104359900,5027262794.0000,0.007810,2.046199
2005-06-07,1036.6170,1030.9410,1055.6290,1029.5390,1570305300,7466015889.0000,0.011101,-0.332278
2005-06-08,1044.1790,1115.5820,1118.6940,1040.1580,4028285200,19011909799.0000,0.028399,8.210072
2005-06-09,1118.8060,1131.0520,1146.4170,1103.6810,4069092800,19595252127.0000,0.028681,1.386717
2005-06-10,1130.5540,1108.2860,1130.5540,1101.8280,2841080100,13613185618.0000,0.020022,-2.012816
2005-06-13,1105.9610,1106.2910,1112.1010,1085.8660,1920377900,8935488315.0000,0.013529,-0.180007
2005-06-14,1108.3370,1093.4640,1119.6760,1092.4020,1836825500,8745408882.0000,0.012933,-1.159462
2005-06-15,1090.4580,1072.8360,1090.4580,1070.0650,1526763300,7353765066.0000,0.010748,-1.886475
2005-06-16,1071.7720,1086.0100,1086.3480,1064.0270,1448308300,7028492934.0000,0.010194,1.227956
2005-06-17,1090.1140,1085.6100,1094.6690,1079.0780,1675256200,8420848126.0000,0.011754,-0.036834
2005-06-20,1087.8490,1115.6200,1115.8620,1073.4100,2146861900,10148733457.0000,0.014966,2.764345
2005-06-21,1115.6650,1101.4860,1115.6650,1098.9040,1547809000,7335782311.0000,0.010788,-1.266922
2005-06-22,1098.9580,1102.0330,1103.2490,1090.7450,1235145300,5901879092.0000,0.008598,0.049660
2005-06-23,1100.5590,1093.7020,1106.7490,1092.4780,1148488600,5472687518.0000,0.007990,-0.755960
2005-06-24,1091.9890,1101.8820,1102.2300,1087.6930,1112107500,5084831455.0000,0.007737,0.747912
2005-06-27,1108.4650,1124.6400,1129.9590,1108.4650,2184238100,10530160508.0000,0.015195,2.065381
2005-06-28,1120.9450,1108.5880,1120.9450,1105.3410,1345843100,6311797669.0000,0.009363,-1.427301
2005-06-29,1111.6670,1104.9920,1113.5220,1103.9060,1346937900,6542253118.0000,0.009368,-0.324383
2005-06-30,1103.4770,1080.9380,1103.4770,1078.1000,1378595900,6406963194.0000,0.009575,-2.176844
2005-07-01,1077.3130,1055.5940,1077.3130,1053.6310,1359781400,6137893150.0000,0.009442,-2.344630
2005-07-04,1050.2420,1047.2780,1050.2420,1030.1790,1227595800,5092031903.0000,0.008523,-0.787807
2005-07-05,1043.8830,1039.0430,1047.8230,1032.5150,1049488500,5146902358.0000,0.007266,-0.786323
2005-07-06,1040.6990,1033.5450,1044.7790,1028.2200,919642800,4259548336.0000,0.006366,-0.529134
2005-07-07,1033.2180,1038.5970,1044.0530,1030.4980,857042600,3675447724.0000,0.005931,0.488803
2005-07-08,1036.4120,1017.9830,1036.4120,1015.3990,1033736700,4339924414.0000,0.007154,-1.984800
2005-07-11,1026.7900,1011.4990,1043.2070,1009.0380,1133036100,4783909296.0000,0.007815,-0.636941
2005-07-12,1007.9010,1046.1610,1048.9180,1004.0810,1845780500,8182997692.0000,0.012730,3.426794
2005-07-13,1044.5780,1037.3940,1045.9430,1033.8100,1282197400,5622988097.0000,0.008843,-0.838013
2005-07-14,1035.5270,1040.4160,1049.8810,1033.1650,1257109300,5531864993.0000,0.008670,0.291304
2005-07-15,1039.6090,1026.1150,1046.3640,1021.9860,1275051400,5238358872.0000,0.008790,-1.374549
2005-07-18,1023.3800,1012.0970,1023.3800,1008.5210,1096484200,4263923089.0000,0.007550,-1.366124
2005-07-19,1011.0050,1014.3550,1020.6750,1004.6570,988231600,3987357569.0000,0.006804,0.223101
2005-07-20,1013.9840,1021.0520,1025.1030,1008.6820,1056855900,4443606933.0000,0.007264,0.660225
2005-07-21,1020.6930,1020.6320,1022.0440,1009.9860,1114036000,4828597703.0000,0.007657,-0.041132
2005-07-22,1026.1290,1046.3210,1054.6350,1024.0010,2548834900,10988269739.0000,0.017517,2.516972
2005-07-25,1045.2690,1045.4000,1048.9740,1040.5920,1413410800,6133576306.0000,0.009710,-0.088025
2005-07-26,1046.5360,1072.8070,1078.0560,1046.5360,2557751000,10988613261.0000,0.017571,2.621674
2005-07-27,1072.5640,1089.9090,1090.1850,1068.4970,2381234800,10151048405.0000,0.016346,1.594141
2005-07-28,1090.1100,1086.5480,1097.6340,1083.3570,2469584700,10644640198.0000,0.016952,-0.308382
2005-07-29,1084.9720,1083.0330,1088.4760,1077.1220,1768394400,7214533126.0000,0.012123,-0.323503
2005-08-01,1082.7960,1088.9480,1094.1510,1081.1180,1473155100,6157190985.0000,0.010097,0.546155
2005-08-02,1089.5280,1104.0380,1104.0440,1084.7960,1901501900,7692844548.0000,0.013033,1.385738
2005-08-03,1106.3170,1107.6990,1120.6790,1103.9040,3143645400,12776479101.0000,0.021546,0.331602
2005-08-04,1104.9100,1102.5890,1108.1630,1099.1340,1943679800,7868619791.0000,0.013322,-0.461315
2005-08-05,1102.6200,1128.7430,1129.0680,1102.5960,2709606900,12420792617.0000,0.018578,2.372058
2005-08-08,1131.8030,1138.8820,1146.7270,1131.8030,3023752600,13802876400.0000,0.020711,0.898248
2005-08-09,1139.1220,1152.5340,1152.9400,1130.5850,2715409100,12046498213.0000,0.018575,1.198728
2005-08-10,1153.2090,1165.0330,1165.1270,1144.9500,3142711500,13534191948.0000,0.021498,1.084471
2005-08-11,1165.4430,1183.5790,1184.2560,1164.1040,3696703700,16887079977.0000,0.025285,1.591888
2005-08-12,1185.2660,1167.9150,1192.0490,1161.7870,4047875500,18050448555.0000,0.027543,-1.323439
2005-08-15,1167.0330,1187.0060,1187.7970,1163.8480,3031951900,14789329131.0000,0.020608,1.634617
2005-08-16,1188.0200,1177.2780,1192.9170,1170.1100,3315537900,15905673659.0000,0.022516,-0.819543
2005-08-17,1175.1760,1192.8340,1193.5680,1160.0820,3230734100,14750159881.0000,0.021901,1.321356
2005-08-18,1194.4360,1148.0350,1201.7550,1146.5610,4920149600,22157494645.0000,0.033160,-3.755673
2005-08-19,1144.4590,1150.1840,1157.3700,1132.8650,3150118500,13643291194.0000,0.021217,0.187183
2005-08-22,1148.9720,1158.5970,1162.0400,1142.6780,2403319800,10541833524.0000,0.016161,0.731456
2005-08-23,1158.8290,1149.9570,1159.6310,1139.2390,2184070800,9541762874.0000,0.014664,-0.745731
2005-08-24,1151.4480,1167.1370,1171.4340,1151.4480,2267410900,9988171132.0000,0.015224,1.493963
2005-08-25,1167.9990,1172.4750,1172.6900,1157.1830,2423209800,10524238060.0000,0.016270,0.457360
2005-08-26,1173.0100,1171.8600,1174.5370,1163.9910,2429635600,10435816259.0000,0.016302,-0.052452
2005-08-29,1171.9990,1154.4280,1172.0140,1147.9340,2433319500,10038648666.0000,0.016323,-1.487550
2005-08-30,1151.6210,1146.3850,1153.7650,1145.2720,1855186200,8143989898.0000,0.012445,-0.696706
2005-08-31,1145.8130,1162.7980,1163.5240,1140.0990,2167609900,9602700078.0000,0.014541,1.431715
2005-09-01,1163.7000,1184.9330,1185.7600,1160.0480,3383047500,15061854155.0000,0.022694,1.903599
2005-09-02,1187.0620,1188.8480,1188.9130,1179.1090,2892049000,12859547726.0000,0.019400,0.330402
2005-09-05,1189.0650,1196.2240,1196.8660,1184.0110,2670006600,11748627428.0000,0.017911,0.620431
2005-09-06,1197.2310,1173.3220,1201.8240,1172.0640,3368527300,15305132545.0000,0.022595,-1.914522
2005-09-07,1170.7700,1194.3090,1194.5860,1168.5810,2860285100,13196057601.0000,0.019185,1.788677
2005-09-08,1196.2730,1194.4110,1201.4630,1184.7880,3052805600,14509460137.0000,0.020477,0.008545
2005-09-09,1194.4950,1189.6250,1204.4560,1184.4230,2215574600,10145676776.0000,0.014861,-0.400701
2005-09-12,1189.7470,1188.2120,1191.9330,1181.4340,1709668900,7740563991.0000,0.011467,-0.118774
2005-09-13,1188.2500,1207.1640,1207.4010,1186.2200,2591370500,11717912656.0000,0.017380,1.594993
2005-09-14,1209.2670,1217.2610,1217.4130,1204.5460,3224376100,14981766088.0000,0.021626,0.836427
2005-09-15,1217.5190,1217.2810,1218.9410,1210.7180,2721749200,12897080342.0000,0.018255,0.001645
2005-09-16,1217.4190,1212.9470,1217.7580,1208.5610,2239722500,10462806779.0000,0.015028,-0.356038
2005-09-19,1213.4860,1220.6270,1220.9740,1210.1880,2465689300,11635692411.0000,0.016544,0.633163
2005-09-20,1222.2550,1212.6170,1223.5650,1204.8690,3230069200,15130012474.0000,0.021672,-0.656221
2005-09-21,1210.8520,1187.9880,1210.8520,1186.9810,3179946400,14256992880.0000,0.021358,-2.031054
2005-09-22,1185.6880,1159.9600,1185.6880,1147.1940,2860227400,13184536857.0000,0.019218,-2.359289
2005-09-23,1157.2950,1151.9800,1164.5990,1149.7450,1877439400,8582252840.0000,0.012628,-0.687953
2005-09-26,1150.9330,1155.0420,1155.6040,1147.2680,1453813300,6863233444.0000,0.009779,0.265804
2005-09-27,1155.0530,1133.2370,1157.7990,1132.5270,1809362900,8530863392.0000,0.012168,-1.887804
2005-09-28,1131.3170,1131.7740,1142.4900,1129.0540,1475154300,6830650086.0000,0.009918,-0.129100
2005-09-29,1134.4410,1155.4850,1155.7770,1134.4410,1853699200,8633593137.0000,0.012463,2.095024
2005-09-30,1156.7700,1155.6140,1158.6980,1150.6270,1449348100,6959506603.0000,0.009728,0.011167
2005-10-10,1153.6720,1138.9500,1153.6720,1137.2890,1172006500,5461397813.0000,0.007866,-1.442009
2005-10-11,1137.9480,1157.1920,1157.3030,1133.8950,1342656000,6399253859.0000,0.009012,1.601657
2005-10-12,1157.4850,1161.8530,1165.6660,1152.2510,1846723100,9335207445.0000,0.012395,0.402786
2005-10-13,1162.0230,1152.6070,1165.3550,1152.0890,1690523900,8600493455.0000,0.011347,-0.795795
2005-10-14,1152.3740,1139.5470,1154.3200,1135.5090,1514599900,7740778259.0000,0.010166,-1.133089
2005-10-17,1138.3790,1131.3750,1138.3790,1121.9680,1513523800,7421971653.0000,0.010159,-0.717127
2005-10-18,1131.2630,1141.2010,1142.0370,1129.6690,1892809000,9264639121.0000,0.012704,0.868505
2005-10-19,1141.0520,1134.6080,1150.5940,1132.4790,1890839900,9088381830.0000,0.012691,-0.577726
2005-10-20,1133.4530,1135.9490,1136.3140,1119.3780,1737181700,8498979298.0000,0.011660,0.118185
2005-10-21,1135.6100,1141.3180,1145.9900,1132.3580,1801115400,8653627199.0000,0.012082,0.472646
2005-10-24,1141.3310,1141.1710,1143.4590,1133.9200,1727591300,8118828980.0000,0.011544,-0.012877
2005-10-25,1140.1730,1121.9180,1140.1730,1121.2860,1692991400,8050067377.0000,0.011237,-1.687131
2005-10-26,1119.4290,1097.1610,1119.4290,1094.5710,1921183500,8706265866.0000,0.012751,-2.206664
2005-10-27,1093.9300,1097.7820,1101.2690,1087.4840,1720374200,8081971104.0000,0.011419,0.056598
2005-10-28,1097.5850,1080.8670,1102.0230,1067.4070,1797392900,8018875998.0000,0.011912,-1.540838
2005-10-31,1079.0400,1092.8170,1096.1490,1078.2850,1483514200,6516479252.0000,0.009823,1.105601
2005-11-01,1091.6770,1089.9500,1094.1530,1074.2980,1398550100,6325525521.0000,0.009258,-0.262356
2005-11-02,1089.9970,1104.7920,1108.8840,1089.9970,1876477900,8157757354.0000,0.012415,1.361718
2005-11-03,1104.5940,1095.2730,1111.4370,1090.8210,1686269400,7510888302.0000,0.011148,-0.861614
2005-11-04,1094.2580,1100.0450,1100.4300,1087.8450,1278313800,5950850807.0000,0.008451,0.435699
2005-11-07,1099.5270,1100.6500,1100.9520,1089.8290,1208227900,5464935472.0000,0.007984,0.054996
2005-11-08,1099.9400,1110.1470,1111.1190,1092.5390,1531116400,6723296311.0000,0.010111,0.862849
2005-11-09,1110.5470,1108.1530,1117.0630,1107.6420,1672545300,7503735562.0000,0.011042,-0.179618
2005-11-10,1106.9440,1088.3010,1106.9440,1086.1000,1615598500,7112323820.0000,0.010664,-1.791443
2005-11-11,1085.6940,1090.1950,1094.3070,1078.5830,1256003200,5378455751.0000,0.008291,0.174025
2005-11-14,1089.5590,1088.6530,1089.7090,1083.0230,920268800,3894572787.0000,0.006052,-0.141442
2005-11-15,1088.5120,1087.5080,1099.0290,1082.5070,1221575300,5351842101.0000,0.008031,-0.105166
2005-11-16,1086.8260,1095.8900,1096.2970,1075.4310,1260864600,5363158690.0000,0.008289,0.770749
2005-11-17,1094.8780,1095.3100,1098.6750,1090.3550,1196180200,5135462838.0000,0.007863,-0.052921
2005-11-18,1095.5210,1116.9990,1122.6100,1093.5290,2248062900,9760979074.0000,0.014775,1.980167
2005-11-21,1117.7760,1119.9360,1122.8790,1114.2430,1554390600,6496171929.0000,0.010184,0.262938
2005-11-22,1119.6890,1098.6550,1119.6890,1098.4950,1464680500,5958941132.0000,0.009597,-1.900198
2005-11-23,1096.5600,1105.7460,1106.4770,1093.9520,1260191900,4988739517.0000,0.008253,0.645420
2005-11-24,1105.3350,1113.3740,1117.9440,1103.7630,1714095800,7054042652.0000,0.011220,0.689856
2005-11-25,1113.2830,1114.9160,1115.0810,1107.2130,1550915000,6192051319.0000,0.010146,0.138497
2005-11-28,1113.8290,1110.8230,1119.3450,1106.9430,1285240800,5410846132.0000,0.008402,-0.367114
2005-11-29,1109.5690,1096.9860,1110.3050,1095.3440,1187993800,4850380689.0000,0.007764,-1.245656
2005-11-30,1095.2990,1099.2610,1099.5770,1090.7230,1087597500,4617599443.0000,0.007105,0.207389
2005-12-01,1098.7840,1098.7470,1104.5630,1094.4380,893211900,4050471415.0000,0.005830,-0.046762
2005-12-02,1099.7560,1094.2870,1102.7590,1089.5620,1063697400,4672796743.0000,0.006941,-0.405913
2005-12-05,1093.1010,1079.1970,1093.1010,1077.4050,1122496500,4817780008.0000,0.007323,-1.378977
2005-12-06,1077.5780,1087.7940,1089.5940,1074.0070,1105274500,4877157993.0000,0.007207,0.796604
2005-12-07,1087.7410,1099.6150,1100.0480,1086.7330,1038938300,4594163246.0000,0.006770,1.086699
2005-12-08,1100.6850,1098.3230,1106.3420,1092.9920,1039870900,4671671004.0000,0.006769,-0.117495
2005-12-09,1097.5150,1113.4770,1114.5840,1094.7380,1348701000,6071547008.0000,0.008774,1.379745
2005-12-12,1115.7510,1116.3670,1118.5250,1109.0820,1194463700,5462027464.0000,0.007767,0.259538
2005-12-13,1115.7650,1117.8460,1119.4210,1106.7490,1137609200,5192940033.0000,0.007375,0.132484
2005-12-14,1117.4700,1125.3870,1127.6290,1110.2060,1502212400,7022886804.0000,0.009739,0.674602
2005-12-15,1125.6720,1123.5550,1134.8530,1121.5560,1682425900,7606543982.0000,0.010898,-0.162780
2005-12-16,1122.7330,1127.5080,1127.9410,1118.9360,1261077700,5810025347.0000,0.008169,0.351830
2005-12-19,1127.8370,1131.7510,1134.5000,1123.5040,1222867800,5214816908.0000,0.007914,0.376310
2005-12-20,1131.7960,1136.3420,1136.3860,1126.9910,1171271000,5224166565.0000,0.007574,0.405660
2005-12-21,1135.9770,1130.7590,1142.3930,1128.9430,1229232200,5550112818.0000,0.007944,-0.491314
2005-12-22,1129.5640,1135.2380,1136.0010,1125.9540,1112153900,5187955174.0000,0.007183,0.396106
2005-12-23,1135.7050,1144.8710,1144.9380,1135.0740,1447255300,6620143423.0000,0.009347,0.848539
2005-12-26,1145.7700,1156.8230,1159.7820,1145.3370,1865313300,8583105005.0000,0.012042,1.043963
2005-12-27,1157.4890,1154.2880,1158.1630,1149.8470,1567388300,7091742297.0000,0.010103,-0.219138
2005-12-28,1155.1170,1157.0340,1157.1970,1149.2710,1468028600,6585027609.0000,0.009463,0.237904
2005-12-29,1157.5060,1169.8620,1169.8670,1157.5050,2180339900,10681224358.0000,0.014045,1.108697
2005-12-30,1171.5750,1161.0570,1173.0640,1158.9660,2002793400,10196713857.0000,0.012885,-0.752657
2006-01-04,1163.8780,1180.9630,1181.0040,1161.9060,2325854200,11970425035.0000,0.015049,1.714473
2006-01-05,1183.3050,1197.2690,1197.8370,1180.4510,2948447900,14767201450.0000,0.019075,1.380740
2006-01-06,1198.8110,1209.4220,1215.5360,1191.6140,3434285600,17130467164.0000,0.022207,1.015056
2006-01-09,1210.3200,1215.6680,1217.3140,1205.2480,2870665700,14206400301.0000,0.018558,0.516443
2006-01-10,1215.8480,1220.6180,1220.7560,1203.6510,2679454700,13496372593.0000,0.017307,0.407190
2006-01-11,1219.8110,1211.0530,1223.5590,1204.0410,3063146400,15064367454.0000,0.019771,-0.783625
2006-01-12,1208.7660,1226.7040,1227.3020,1205.2830,2701891600,12903535168.0000,0.017429,1.292346
2006-01-13,1228.1570,1221.4590,1231.2230,1214.8810,2770857800,13205628847.0000,0.017859,-0.427568
2006-01-16,1221.1100,1202.8690,1221.3860,1202.5870,2527431800,11984845886.0000,0.016279,-1.521948
2006-01-17,1200.2550,1208.4380,1209.0240,1198.8390,1972646200,9452655613.0000,0.012706,0.462974
2006-01-18,1207.5250,1233.3500,1234.5290,1206.3590,2666785400,12458427121.0000,0.017165,2.061503
2006-01-19,1235.0830,1251.5760,1251.9570,1230.8500,3361774900,15371377884.0000,0.021594,1.477770
2006-01-20,1251.4090,1255.3080,1258.6980,1247.2050,3320392300,16220854863.0000,0.021327,0.298179
2006-01-23,1254.7770,1255.7740,1257.3470,1244.2740,2902866000,14114136663.0000,0.018623,0.037128
2006-01-24,1256.0050,1252.0620,1262.0870,1247.0070,2967142100,15779296153.0000,0.018904,-0.295598
2006-01-25,1251.2690,1258.0460,1260.1740,1245.9160,2655866000,13682169574.0000,0.016911,0.477932
2006-02-06,1263.0030,1287.6260,1287.6650,1263.0030,2917750700,14910754726.0000,0.018575,2.351262
2006-02-07,1289.4530,1282.0960,1297.4040,1270.4040,3840474100,19670593251.0000,0.024447,-0.429475
2006-02-08,1282.1210,1290.0550,1291.7370,1276.0200,3285729900,16340287449.0000,0.020906,0.620789
2006-02-09,1288.9660,1269.4540,1288.9660,1266.8110,2907909100,14199096200.0000,0.018478,-1.596914
2006-02-10,1269.5360,1282.6560,1284.0960,1266.2250,2631421100,13158590275.0000,0.016686,1.039977
2006-02-13,1283.7760,1279.6400,1284.9510,1267.5610,2613177200,12998010712.0000,0.016549,-0.235136
2006-02-14,1279.6270,1286.3270,1286.4210,1275.8500,2254170400,11114639691.0000,0.014263,0.522570
2006-02-15,1289.1380,1299.1660,1300.9950,1288.6370,3014790400,14778787047.0000,0.019065,0.998112
2006-02-16,1298.4970,1270.6330,1298.4970,1268.5640,3235260700,15711529868.0000,0.020424,-2.196252
2006-02-17,1269.4000,1267.4080,1280.0410,1265.1410,2590306700,12612954583.0000,0.016332,-0.253818
2006-02-20,1268.1070,1267.5420,1279.4230,1265.3800,2154279700,10469048170.0000,0.013581,0.010575
2006-02-21,1266.6450,1288.4190,1288.5460,1256.8080,2665902100,12932889789.0000,0.016796,1.647042
2006-02-22,1288.8530,1284.2260,1297.9390,1282.9100,2851784100,13583894015.0000,0.017947,-0.325437
2006-02-23,1284.1300,1288.8470,1289.9430,1273.9420,2287504700,10638933783.0000,0.014392,0.359835
2006-02-24,1289.4340,1296.8660,1297.3430,1286.9620,2357814800,11377200922.0000,0.014831,0.622178
2006-02-27,1297.6870,1297.1860,1304.6130,1293.4670,2681978500,13278273095.0000,0.016761,0.024680
2006-02-28,1294.8070,1299.0300,1299.4730,1277.7410,2364742200,11698977874.0000,0.014762,0.142153
2006-03-01,1299.1540,1306.5860,1308.1960,1297.7630,2364067400,11713886665.0000,0.014741,0.581667
2006-03-02,1306.5850,1285.6660,1307.6390,1281.5710,2844572900,14619800288.0000,0.017712,-1.601122
2006-03-03,1284.6060,1293.2970,1295.4110,1275.6240,2492545800,12505595080.0000,0.015498,0.593543
2006-03-06,1292.7470,1288.9550,1296.8470,1286.6440,2032958200,9697600024.0000,0.012634,-0.335734
2006-03-07,1288.2550,1259.9160,1288.2550,1257.5400,2265339500,10611752979.0000,0.014066,-2.252906
2006-03-08,1256.6850,1250.3840,1258.2390,1238.1560,1984157400,9328367206.0000,0.012308,-0.756557
2006-03-09,1247.4620,1245.1660,1253.7580,1242.6810,1538593400,7572686295.0000,0.009534,-0.417313
2006-03-10,1245.1880,1245.6530,1253.9110,1240.7510,1409562600,7034995125.0000,0.008724,0.039106
2006-03-13,1245.3000,1259.6740,1260.0710,1245.3000,1377515300,6762688336.0000,0.008516,1.125594
2006-03-14,1260.4220,1259.0440,1262.7520,1250.2770,1487571200,7156890130.0000,0.009189,-0.050013
2006-03-15,1259.2310,1274.8120,1275.5150,1258.1460,1845126900,9402430254.0000,0.011384,1.252384
2006-03-16,1274.6150,1274.1900,1277.1940,1270.8310,1832269900,9294380375.0000,0.011299,-0.048797
2006-03-17,1273.0100,1269.4620,1276.6280,1265.6060,1875480400,9258870683.0000,0.011557,-0.371052
2006-03-20,1269.5810,1288.4180,1288.9710,1264.4100,2029717400,9830202821.0000,0.012503,1.493226
2006-03-21,1288.5550,1290.3950,1297.6080,1285.4310,2434568700,12044252276.0000,0.014993,0.153448
2006-03-22,1289.4610,1296.7060,1296.9120,1281.1280,2233009000,10977859974.0000,0.013746,0.489078
2006-03-23,1296.1940,1302.4570,1302.7910,1289.5250,2546540800,12667480373.0000,0.015676,0.443507
2006-03-24,1302.1410,1294.7040,1308.0570,1293.2960,2442393600,12420500906.0000,0.015034,-0.595263
2006-03-27,1296.0660,1295.9150,1296.5930,1283.6820,2061324600,10310244124.0000,0.012677,0.093539
2006-03-28,1295.7600,1298.7910,1302.6480,1293.0000,2501182600,11798730430.0000,0.015343,0.221926
2006-03-29,1299.3830,1305.5670,1313.1250,1296.5900,3415223600,17299640360.0000,0.020919,0.521716
2006-03-30,1305.8430,1294.7180,1308.4960,1293.8290,2603882700,13523584673.0000,0.015924,-0.830980
2006-03-31,1291.5180,1298.2950,1298.7510,1285.7350,2663685800,13957859443.0000,0.016246,0.276278
2006-04-03,1298.6840,1319.4710,1319.4850,1298.6840,3280466900,17513531801.0000,0.019978,1.631055
2006-04-04,1319.8370,1329.7980,1330.1050,1315.3310,3713405000,19932253301.0000,0.022609,0.782664
2006-04-05,1330.5610,1340.1620,1341.5040,1326.5330,3776319800,20009046284.0000,0.022936,0.779367
2006-04-06,1341.7360,1339.7370,1348.5200,1336.1380,4171507500,22006608985.0000,0.025306,-0.031707
2006-04-07,1340.6460,1342.9650,1345.2910,1330.5130,4066605500,20781669064.0000,0.024651,0.240936
2006-04-10,1344.2390,1359.0810,1359.4080,1339.5230,4141542800,20511655711.0000,0.025092,1.200038
2006-04-11,1360.9780,1362.2290,1366.5230,1350.3230,4387040800,22753839571.0000,0.026560,0.231623
2006-04-12,1361.7410,1360.1320,1364.6910,1355.6550,3712907200,18649703724.0000,0.022404,-0.153942
2006-04-13,1359.2780,1332.3300,1364.3160,1331.6820,4129905500,20205465502.0000,0.024907,-2.044067
2006-04-14,1330.0950,1359.5380,1360.0940,1328.4350,3787121900,17964278869.0000,0.022772,2.042137
2006-04-17,1360.6440,1378.6140,1383.6540,1353.3960,4221976100,20238073664.0000,0.025143,1.403127
2006-04-18,1379.8130,1385.1140,1391.3780,1370.1530,3678518100,18176065110.0000,0.021880,0.471488
2006-04-19,1389.1340,1396.7020,1399.5470,1378.7960,4057816300,21447388304.0000,0.024068,0.836611
2006-04-20,1398.0980,1385.9000,1404.1920,1376.9610,4330328800,23759758644.0000,0.025632,-0.773393
2006-04-21,1385.9230,1416.7930,1419.8910,1383.4500,4556910300,24823370098.0000,0.026939,2.229089
2006-04-24,1423.4090,1409.7860,1429.0560,1402.2690,5201580300,28552131616.0000,0.030646,-0.494565
2006-04-25,1405.8980,1399.7670,1409.2740,1386.1260,4324883600,24511654275.0000,0.025516,-0.710678
2006-04-26,1399.0680,1417.4770,1426.6260,1397.3490,4841064900,27897759737.0000,0.028539,1.265216
2006-04-27,1418.9030,1416.7320,1424.4650,1407.1410,3760844400,21064881051.0000,0.022166,-0.052558
2006-04-28,1403.5230,1440.2230,1444.7140,1389.3460,4456204300,25076312378.0000,0.026236,1.658109
2006-05-08,1446.9920,1497.1040,1497.2020,1446.9920,5162065500,29260804817.0000,0.030386,3.949457
2006-05-09,1503.2390,1531.1610,1532.7540,1497.9940,6468390400,36327086939.0000,0.038052,2.274859
2006-05-10,1537.5610,1545.6870,1554.0340,1518.3350,6271709600,35931317939.0000,0.036883,0.948692
2006-05-11,1547.5560,1537.3770,1583.7610,1536.2920,7321833500,42935467046.0000,0.043011,-0.537629
2006-05-12,1532.8780,1602.8320,1603.2110,1531.2330,6839375200,41492555006.0000,0.040110,4.257582
2006-05-15,1616.2590,1664.0880,1664.9380,1606.5700,8772527000,52436501239.0000,0.051380,3.821734
2006-05-16,1658.6920,1613.2510,1678.5990,1604.7840,8827504000,53444626416.0000,0.051394,-3.054949
2006-05-17,1613.2300,1625.1460,1640.6950,1592.1850,7098053400,42970463909.0000,0.041244,0.737332
2006-05-18,1611.6570,1617.2810,1630.0730,1582.9620,6058510700,35559097667.0000,0.035180,-0.483956
2006-05-19,1620.2130,1659.5450,1664.6140,1610.0400,7708629100,41434527427.0000,0.044242,2.613277
2006-05-22,1656.7540,1657.6890,1674.2210,1646.6830,7725887300,43695717336.0000,0.044271,-0.111843
2006-05-23,1647.9620,1604.5520,1648.5280,1597.1020,6990014500,38919582106.0000,0.040023,-3.205485
2006-05-24,1609.7420,1590.9240,1634.5900,1562.3870,5727043200,32875831926.0000,0.032746,-0.849337
2006-05-25,1585.4660,1591.4250,1598.5590,1563.8630,4104937200,23023859728.0000,0.023428,0.031497
2006-05-26,1596.5650,1613.8940,1614.5530,1593.0930,4372253200,24308642671.0000,0.024934,1.411879
2006-05-29,1622.1080,1648.5380,1648.8380,1609.0050,5171516800,29314321524.0000,0.029468,2.146605
2006-05-30,1654.9800,1657.2880,1663.9290,1634.9000,5308773300,31990664198.0000,0.030210,0.530773
2006-05-31,1656.2840,1641.3000,1667.2330,1628.6790,5701597900,33089439894.0000,0.032401,-0.964704
2006-06-01,1639.6730,1684.1950,1684.7090,1635.7460,6784386400,38465780731.0000,0.038507,2.613471
2006-06-02,1688.7820,1669.3990,1695.5800,1659.1400,7814469100,44915922420.0000,0.044354,-0.878515
2006-06-05,1669.2360,1684.6240,1685.2920,1639.6800,6729777100,36276144270.0000,0.038149,0.912003
2006-06-06,1681.2200,1679.1260,1692.8250,1672.8140,5842296000,32173005450.0000,0.033021,-0.326366
2006-06-07,1678.2380,1589.5450,1678.2380,1588.9710,6508531600,37165949586.0000,0.036734,-5.334974
2006-06-08,1576.4350,1591.4900,1596.1220,1540.9340,5457687300,30237702240.0000,0.030779,0.122359
2006-06-09,1583.9560,1551.3840,1594.4380,1550.2020,4700391700,25969107019.0000,0.026463,-2.520026
2006-06-12,1540.2160,1552.7980,1566.4470,1529.5030,3149627400,18350032479.0000,0.017673,0.091141
2006-06-13,1552.0980,1548.4950,1570.1000,1532.0590,3245068300,18252967053.0000,0.018142,-0.277111
2006-06-14,1540.6350,1531.3270,1540.6350,1512.5210,3243810300,17489724159.0000,0.018131,-1.108687
2006-06-15,1531.2470,1533.9800,1551.3000,1528.2300,2847339800,15749530834.0000,0.015905,0.173245
2006-06-16,1540.1870,1574.4670,1574.4750,1540.1870,3357261200,18773707617.0000,0.018738,2.639347
2006-06-19,1559.9850,1586.2860,1591.8500,1544.9310,3556204700,20635199162.0000,0.019837,0.750665
2006-06-20,1583.8710,1592.3320,1592.8320,1572.5820,3553711100,20658724948.0000,0.019804,0.381143
2006-06-21,1590.6070,1598.1160,1617.7140,1570.0830,3970588000,22426544902.0000,0.022121,0.363237
2006-06-22,1593.0970,1596.0660,1605.2520,1587.7990,3246588800,18310093363.0000,0.018066,-0.128272
2006-06-23,1594.4950,1605.7110,1608.1080,1582.0190,3502677800,20932009523.0000,0.019436,0.604299
2006-06-26,1607.7860,1633.4490,1635.8030,1607.7860,3949925000,23927245387.0000,0.021870,1.727454
2006-06-27,1636.7030,1639.5510,1642.5710,1627.5920,3645178400,21481437588.0000,0.020173,0.373569
2006-06-28,1638.2300,1639.2860,1642.3540,1627.0680,3322060100,18652269224.0000,0.018359,-0.016164
2006-06-29,1641.9280,1671.6180,1672.1010,1641.9280,5179902800,29018734618.0000,0.028602,1.972324
2006-06-30,1679.7240,1672.2110,1690.9530,1662.2800,4983707600,28588342410.0000,0.027406,0.035476
2006-07-03,1677.3110,1697.2820,1697.8300,1670.0160,4863659200,28446545723.0000,0.026595,1.499268
2006-07-04,1700.3230,1681.5470,1702.6580,1670.1300,5431649200,32718658218.0000,0.029689,-0.927070
2006-07-05,1755.2220,1718.5550,1757.4720,1703.5850,6072080600,32521556368.0000,0.032537,2.200834
2006-07-06,1715.2790,1741.4700,1742.2040,1711.6510,5006266900,29786950494.0000,0.026784,1.333383
2006-07-07,1746.5210,1730.1900,1750.0280,1724.6750,4943012700,29559549758.0000,0.026426,-0.647730
2006-07-10,1730.6980,1734.3290,1737.0310,1715.8280,3904952600,23793270439.0000,0.020873,0.239225
2006-07-11,1736.9860,1745.8060,1746.7240,1725.2310,4008545000,24372507945.0000,0.021391,0.661757
2006-07-12,1745.8780,1740.0000,1753.2750,1737.9990,4878589100,30494774588.0000,0.025994,-0.332570
2006-07-13,1736.2070,1655.7730,1737.5950,1654.4860,6747158900,39574756048.0000,0.035920,-4.840635
2006-07-14,1641.1380,1665.2080,1676.7540,1633.8980,4158780400,24614810204.0000,0.022111,0.569828
2006-07-17,1662.0470,1682.8870,1684.3440,1653.6030,3220393300,19821153519.0000,0.017112,1.061666
2006-07-18,1682.3600,1684.2520,1684.6720,1666.3110,3140535400,18528216194.0000,0.016671,0.081110
2006-07-19,1681.7710,1645.1600,1681.7710,1637.4860,3505983000,20603536373.0000,0.018606,-2.321026
2006-07-20,1642.6240,1655.1220,1658.0540,1636.2590,2866119700,16518086754.0000,0.015193,0.605529
2006-07-21,1653.8110,1665.3280,1669.2880,1653.5070,2996048900,16664622044.0000,0.015866,0.616635
2006-07-24,1648.7490,1665.9440,1667.6170,1632.6870,3118400800,17329901789.0000,0.016509,0.036988
2006-07-25,1668.1380,1685.4610,1690.6130,1668.1380,3423780100,19580630083.0000,0.018123,1.171533
2006-07-26,1688.5380,1686.6540,1691.4290,1675.6620,3116723100,17543497616.0000,0.016492,0.070781
2006-07-27,1685.3470,1675.1680,1701.6110,1665.3860,3620183100,20668131608.0000,0.019137,-0.680998
2006-07-28,1674.4300,1662.0310,1678.5270,1646.3460,3326896800,18805265844.0000,0.017570,-0.784218
2006-07-31,1659.5350,1612.7330,1659.5350,1611.1630,3365448600,19558733762.0000,0.017757,-2.966129
2006-08-01,1619.6350,1600.6140,1625.0440,1596.6580,3231066000,17900862653.0000,0.016908,-0.751458
2006-08-02,1598.7580,1600.8720,1608.7770,1577.9020,2786576300,15048503237.0000,0.014572,0.016115
2006-08-03,1599.7460,1601.0580,1609.4250,1587.1190,2082229300,11909137046.0000,0.010874,0.011621
2006-08-04,1601.6080,1570.1500,1612.1000,1567.2510,2586705400,14401225370.0000,0.013508,-1.930471
2006-08-07,1561.8010,1547.4360,1570.0540,1541.4130,2409920600,12761218183.0000,0.012532,-1.446613
2006-08-08,1547.9050,1580.5770,1581.7530,1547.9050,2338299800,12314675808.0000,0.012137,2.141671
2006-08-09,1581.8030,1578.5660,1585.1730,1571.7090,2163603600,11468884412.0000,0.011197,-0.127231
2006-08-10,1578.3540,1606.0650,1606.9430,1577.8600,2632313600,13871479448.0000,0.013587,1.742018
2006-08-11,1605.5970,1605.9260,1610.7630,1596.2170,2345146700,12306050014.0000,0.012090,-0.008649
2006-08-14,1605.2020,1570.7380,1611.6610,1566.7220,2565505000,13783639455.0000,0.013221,-2.191134
2006-08-15,1568.2670,1595.6570,1596.6530,1564.3980,2025921400,10942039774.0000,0.010336,1.586448
2006-08-16,1596.0560,1616.4100,1616.4530,1591.8570,2856399800,15316278115.0000,0.014570,1.300596
2006-08-17,1612.4120,1603.3320,1612.4120,1592.8460,2339190400,12166972224.0000,0.011893,-0.809077
2006-08-18,1601.5670,1598.0180,1614.3650,1596.5620,2397424800,11727798657.0000,0.012139,-0.331440
2006-08-21,1565.4570,1601.1500,1602.1300,1558.1000,2337431800,11999189682.0000,0.011828,0.195998
2006-08-22,1601.5230,1613.3550,1619.0740,1598.7760,2670121100,15163018038.0000,0.013500,0.762262
2006-08-23,1614.3930,1612.3960,1621.3990,1608.7410,2721290700,15455406413.0000,0.013751,-0.059440
2006-08-24,1612.6990,1623.0170,1623.1690,1601.8870,2506129700,13593692277.0000,0.012649,0.658707
2006-08-25,1622.4810,1623.0340,1630.0470,1619.7350,2782161400,15295238075.0000,0.014035,0.001053
2006-08-28,1627.1230,1650.4380,1651.2890,1624.2810,3934124300,21633007200.0000,0.019762,1.688438
2006-08-29,1652.6720,1651.0240,1667.5300,1649.5930,4805041100,27063623012.0000,0.024107,0.035509
2006-08-30,1648.3480,1655.1950,1656.2320,1640.2810,3144285800,17230948785.0000,0.015805,0.252625
2006-08-31,1655.9030,1658.6380,1661.4730,1649.9970,3513501600,19087552034.0000,0.017631,0.208011
2006-09-01,1658.6600,1636.6910,1660.5180,1634.0260,3595457500,19724461614.0000,0.018041,-1.323188
2006-09-04,1635.3320,1657.5200,1657.6910,1635.1220,3309342600,17623874059.0000,0.016601,1.272627
2006-09-05,1659.7370,1664.0780,1669.9010,1657.0470,4053349300,21946288118.0000,0.020320,0.395650
2006-09-06,1665.1300,1672.1210,1672.2600,1656.8630,3357962300,18255683937.0000,0.016833,0.483329
2006-09-07,1683.7820,1661.1900,1683.8900,1655.4080,3152275400,17524649356.0000,0.015785,-0.653722
2006-09-08,1659.7020,1667.9840,1671.3080,1658.6730,2655202800,14102795466.0000,0.013272,0.408988
2006-09-11,1668.1610,1674.9660,1675.0940,1653.0100,3059052900,16797589937.0000,0.015286,0.418585
2006-09-12,1675.1980,1695.8620,1699.5850,1673.4410,3739045300,19830545528.0000,0.018684,1.247555
2006-09-13,1695.3510,1689.3890,1713.9890,1687.0490,4304569100,22716904831.0000,0.021506,-0.381695
2006-09-14,1689.6310,1689.6920,1696.6220,1672.8840,3388825800,18576806055.0000,0.016929,0.017934
2006-09-15,1689.6050,1721.0450,1722.6600,1689.5100,4703230700,24114644123.0000,0.023486,1.855547
2006-09-18,1727.9150,1732.9870,1733.4130,1719.1600,4484006200,23708204983.0000,0.022392,0.693882
2006-09-19,1735.3010,1735.2410,1743.0210,1728.2890,4345533000,23210633044.0000,0.021680,0.130059
2006-09-20,1733.6370,1732.4530,1737.7340,1720.8350,3883657100,20820855388.0000,0.019344,-0.160667
2006-09-21,1731.5850,1740.9010,1743.6300,1731.2220,3953314600,21484098198.0000,0.019673,0.487632
2006-09-22,1744.6050,1725.3610,1746.6150,1724.1040,4477782800,25509820069.0000,0.022267,-0.892644
2006-09-25,1722.7440,1722.3660,1732.2790,1709.7710,4016809300,22960247678.0000,0.019957,-0.173587
2006-09-26,1720.7810,1712.6370,1721.5840,1704.7740,3313453000,18519170789.0000,0.016451,-0.564863
2006-09-27,1711.5140,1725.0390,1725.5010,1709.7660,2924715800,16391910546.0000,0.014509,0.724145
2006-09-28,1725.5150,1736.9630,1740.7870,1722.2190,3397985800,19916525560.0000,0.016856,0.691235
2006-09-29,1740.0590,1752.4240,1755.6910,1740.0590,4123628500,23462273270.0000,0.020442,0.890113
2006-10-09,1768.1440,1785.3850,1786.1100,1763.1110,5293514300,29082449931.0000,0.026124,1.880884
2006-10-10,1784.2200,1784.8620,1793.1410,1771.8560,5513649300,31459190780.0000,0.027102,-0.029291
2006-10-11,1784.5180,1790.1040,1792.7610,1771.0160,4928388200,26310183670.0000,0.024225,0.293689
2006-10-12,1790.6310,1778.1810,1792.2390,1774.1420,5316904600,28132397508.0000,0.026122,-0.666049
2006-10-13,1776.5110,1784.6560,1792.8680,1773.2330,4253984200,23393102979.0000,0.020900,0.364135
2006-10-16,1787.7000,1771.2990,1789.1750,1766.3080,4676616000,24779036373.0000,0.022890,-0.748439
2006-10-17,1768.6280,1763.9010,1777.5980,1758.3110,3926234400,21755132328.0000,0.019192,-0.417657
2006-10-18,1762.4040,1787.1850,1787.7430,1760.8830,3681056300,20404556378.0000,0.017994,1.320032
2006-10-19,1788.5820,1792.2530,1799.2940,1784.3450,4149060700,22721449337.0000,0.020280,0.283574
2006-10-20,1792.6000,1790.3640,1801.3340,1786.3440,4146159900,23549793784.0000,0.020266,-0.105400
2006-10-23,1789.6450,1759.3940,1797.4270,1753.4940,4444108500,24576748184.0000,0.021687,-1.729814
2006-10-24,1756.4570,1805.1810,1805.2730,1756.4570,3991120600,22516170682.0000,0.019474,2.602429
2006-10-25,1807.0300,1806.6460,1825.6090,1789.9050,4451225900,25910017016.0000,0.021712,0.081153
2006-10-26,1804.8930,1810.6460,1816.7620,1791.9470,4873708200,25537889287.0000,0.023254,0.221405
2006-10-27,1836.2140,1807.1750,1842.7300,1803.2150,7374892300,34485707306.0000,0.034076,-0.191697
2006-10-30,1804.3670,1809.6560,1815.6120,1788.2870,4533594400,23152813095.0000,0.020934,0.137284
2006-10-31,1811.4690,1837.9930,1839.3180,1811.4690,4655713500,24779224834.0000,0.021492,1.565880
2006-11-01,1838.6800,1855.7130,1855.8870,1833.2010,4778352600,27078206738.0000,0.021998,0.964094
2006-11-02,1856.9210,1851.3140,1857.1450,1834.8440,5174172500,28282302772.0000,0.023794,-0.237054
2006-11-03,1851.4040,1866.3620,1873.6640,1850.1510,4986072000,26789660848.0000,0.022922,0.812833
2006-11-06,1853.1860,1886.3070,1886.5190,1846.0110,4954451700,27619541180.0000,0.022754,1.068654
2006-11-07,1889.5340,1889.5300,1897.4100,1862.9320,5484907400,31760892116.0000,0.025181,0.170864
2006-11-08,1885.8550,1866.8170,1886.2560,1865.2230,3777045400,22090043817.0000,0.017331,-1.202046
2006-11-09,1860.9540,1896.4820,1899.0970,1858.5950,4409618200,25651081752.0000,0.020229,1.589070
2006-11-10,1896.9290,1883.3470,1920.1840,1870.9600,6280942700,34716751200.0000,0.028811,-0.692599
2006-11-13,1878.7040,1863.7650,1905.8970,1852.1020,5001672900,27755542388.0000,0.022922,-1.039746
2006-11-14,1868.1730,1888.2390,1888.4320,1841.8230,4318802800,23697796932.0000,0.019793,1.313148
2006-11-15,1888.5390,1922.9350,1923.1390,1878.6950,4668244100,26782036853.0000,0.021394,1.837481
2006-11-16,1930.9260,1941.5470,1976.0460,1926.7240,6398356600,34948670491.0000,0.029299,0.967892
2006-11-17,1934.6370,1971.7930,1972.6070,1925.1490,4941874000,27537479766.0000,0.022622,1.557828
2006-11-20,1977.5290,2017.2790,2018.0040,1977.5290,5914690100,33369678524.0000,0.026989,2.306839
2006-11-21,2013.0670,2037.5520,2037.7380,1988.9260,5389407600,32648156629.0000,0.024593,1.004965
2006-11-22,2031.2970,2041.3550,2062.8040,2010.7920,6488166900,39066635210.0000,0.029544,0.186644
2006-11-23,2045.0810,2062.3630,2071.2350,2042.1510,6072194500,34778737368.0000,0.027604,1.029123
2006-11-24,2051.4710,2050.8120,2057.9110,2022.6250,6123208000,36224819029.0000,0.027801,-0.560087
2006-11-27,2042.1930,2047.2770,2049.5390,2022.3780,5784003100,35582112455.0000,0.026261,-0.172372
2006-11-28,2042.3790,2038.7210,2051.4900,2016.4730,5507063800,33574996036.0000,0.025004,-0.417922
2006-11-29,2005.9870,2054.0910,2059.7280,1992.5380,5600228000,34340079919.0000,0.025427,0.753910
2006-11-30,2058.7700,2099.2890,2102.0570,2058.7700,7277973100,44083104306.0000,0.033036,2.200389
2006-12-01,2106.2950,2102.0490,2112.5760,2087.6010,7617896400,48697920471.0000,0.034510,0.131474
2006-12-04,2103.8170,2161.6480,2164.5850,2100.5590,8723279000,53276474809.0000,0.039518,2.835275
2006-12-05,2167.3630,2173.2850,2195.5290,2159.3230,8815717100,55124102088.0000,0.039922,0.538338
2006-12-06,2175.3790,2156.6040,2192.8990,2097.4170,10434780700,62689425164.0000,0.047205,-0.767544
2006-12-07,2152.5940,2156.7500,2206.5120,2145.7880,9927876600,59313113556.0000,0.044880,0.006770
2006-12-08,2133.3550,2093.6380,2164.0210,2090.4030,8088971900,47201607028.0000,0.036564,-2.926258
2006-12-11,2085.0580,2180.4960,2181.1640,2084.2670,6267601700,37029535686.0000,0.028322,4.148671
2006-12-12,2189.6940,2218.9510,2228.6430,2180.3700,7019177600,42334761701.0000,0.031717,1.763582
2006-12-13,2224.4290,2223.4550,2244.4070,2195.6390,5749274900,36314222617.0000,0.025977,0.202986
2006-12-14,2226.0010,2249.1100,2250.3210,2212.9050,5843932000,37212845035.0000,0.026401,1.153836
2006-12-15,2255.2400,2273.9080,2275.4900,2241.1990,6061194900,40412388744.0000,0.027377,1.102563
2006-12-18,2277.2820,2332.4340,2335.2340,2277.2820,7825219300,52385973039.0000,0.035342,2.573812
2006-12-19,2342.1800,2364.1770,2381.6340,2315.9850,8705492800,56275481965.0000,0.039296,1.360935
2006-12-20,2356.2620,2373.2050,2381.1320,2332.9270,7829893500,49596491202.0000,0.035275,0.381870
2006-12-21,2372.4640,2342.9380,2386.8240,2339.9090,8318255100,53018987601.0000,0.037423,-1.275368
2006-12-22,2334.2730,2343.6680,2366.6940,2321.9220,7048462000,46072199864.0000,0.031510,0.031157
2006-12-25,2350.1280,2435.7620,2452.4290,2350.1280,7393945000,47815717698.0000,0.033044,3.929481
2006-12-26,2437.8540,2479.7320,2505.6970,2424.9360,7226149200,44811517142.0000,0.032255,1.805184
2006-12-27,2478.0630,2536.3870,2538.6630,2461.0710,7211821800,45140881899.0000,0.032149,2.284724
2006-12-28,2538.9520,2567.5940,2611.7910,2530.3310,7871894100,50519293382.0000,0.035088,1.230373
2006-12-29,2585.4170,2675.4740,2698.9040,2585.4170,8676901200,59092790033.0000,0.038657,4.201604
2007-01-04,2728.1880,2715.7190,2847.6150,2684.8180,12015602100,83945528497.0000,0.053416,1.504215
2007-01-05,2668.5770,2641.3340,2685.8040,2617.0190,10615562500,70128701946.0000,0.047002,-2.739054
2007-01-08,2621.0680,2707.1990,2708.4440,2620.6250,10681324400,72165879323.0000,0.047268,2.493626
2007-01-09,2711.0490,2807.8040,2809.3940,2691.3600,11075126700,86221973459.0000,0.049009,3.716202
2007-01-10,2838.1130,2825.5760,2841.7410,2770.9880,11176936500,79050663277.0000,0.049444,0.632949
2007-01-11,2819.3670,2770.1100,2841.1800,2763.8860,12159871700,83986726356.0000,0.053744,-1.962992
2007-01-12,2745.3210,2668.1100,2782.0250,2652.5780,10730376800,73434040960.0000,0.047398,-3.682164
2007-01-15,2660.0700,2794.7010,2795.3310,2658.8790,9176156100,66939481014.0000,0.040513,4.744587
2007-01-16,2818.6630,2821.0170,2830.8030,2757.2050,11117857400,83325769117.0000,0.049028,0.941645
2007-01-17,2828.4010,2778.9000,2870.4220,2742.5880,12737748000,96777586649.0000,0.056168,-1.492979
2007-01-18,2760.9440,2756.9830,2784.0430,2679.7050,11231395600,84133817342.0000,0.049441,-0.788693
2007-01-19,2761.8860,2832.2070,2833.4540,2761.8860,12206189400,89644076225.0000,0.053697,2.728494
2007-01-22,2857.8960,2933.1900,2934.6470,2857.8960,13857609000,103038439679.0000,0.060949,3.565520
2007-01-23,2964.6870,2949.1440,2970.6850,2851.9190,14279180300,109027312181.0000,0.062585,0.543916
2007-01-24,2955.4240,2975.1290,2994.2820,2927.7210,12205679000,97516182441.0000,0.053409,0.881099
2007-01-25,2946.5040,2857.3650,2947.1490,2853.8220,11719721500,92960236867.0000,0.051272,-3.958279
2007-01-26,2805.9560,2882.5580,2905.9840,2720.8270,10959913100,84624396154.0000,0.047947,0.881690
2007-01-29,2897.2540,2945.2630,2954.3360,2885.8610,11206790600,89180334010.0000,0.048528,2.175319
2007-01-30,2959.3980,2930.5620,2980.5100,2901.7620,11193172100,87664383237.0000,0.048469,-0.499138
2007-01-31,2926.0750,2786.3350,2929.6460,2766.7470,11426597000,86136968623.0000,0.049478,-4.921481
2007-02-01,2744.8140,2785.4320,2801.6890,2706.2910,9344353100,69672869134.0000,0.040374,-0.032411
2007-02-02,2791.4900,2673.2120,2796.4360,2666.8620,8544623600,65092192877.0000,0.036919,-4.028818
2007-02-05,2658.0740,2612.5370,2672.3520,2610.3310,6922451200,54541808882.0000,0.029910,-2.269734
2007-02-06,2612.8390,2675.6970,2677.0420,2541.5250,8662995000,68761575726.0000,0.037424,2.417570
2007-02-07,2688.9600,2716.1750,2745.3870,2681.3290,9488376400,77315160642.0000,0.040990,1.512803
2007-02-08,2725.1400,2737.7320,2751.1620,2691.2680,8843429500,69597596590.0000,0.038175,0.793649
2007-02-09,2741.4800,2730.3860,2747.9440,2704.3650,8087443800,62974673347.0000,0.034867,-0.268322
2007-02-12,2729.8360,2807.1740,2807.5100,2728.7830,7900940300,63455731244.0000,0.034020,2.812353
2007-02-13,2819.1380,2831.8720,2835.0890,2801.3130,7900167100,62209741474.0000,0.033987,0.879817
2007-02-14,2836.8190,2905.0930,2915.0630,2823.3820,9404455500,74326325650.0000,0.040390,2.585602
2007-02-15,2923.6660,2993.0080,2994.6220,2923.6660,10883117700,86918918792.0000,0.046734,3.026238
2007-02-16,3018.1800,2998.4740,3036.3460,2975.8270,11792172200,94064924161.0000,0.050516,0.182628
2007-02-26,2999.0860,3040.5990,3041.3360,2960.7450,11205699200,91054567401.0000,0.047861,1.404881
2007-02-27,3048.8290,2771.7910,3049.7710,2763.3950,16137566300,129212458918.0000,0.068837,-8.840630
2007-02-28,2734.5950,2881.0730,2888.8990,2732.8840,12147916800,95421808405.0000,0.051803,3.942649
2007-03-01,2877.2030,2797.1900,2878.3550,2760.9120,12736486000,106613522193.0000,0.054226,-2.911521
2007-03-02,2792.9410,2831.5260,2846.1580,2777.7960,9394396500,74931594366.0000,0.039976,1.227515
2007-03-05,2827.6750,2785.3060,2858.4410,2723.0650,10691058400,84960180835.0000,0.045487,-1.632334
2007-03-06,2776.1670,2840.1750,2866.3320,2756.9610,7704048600,63993290649.0000,0.032744,1.969950
2007-03-07,2851.7470,2896.5940,2911.4160,2849.6480,8791393000,73844900602.0000,0.037304,1.986460
2007-03-08,2904.1850,2928.0150,2928.8030,2871.4640,8895512300,73782479702.0000,0.037728,1.084753
2007-03-09,2934.4930,2937.9100,2962.4210,2891.8140,10713910500,89725963574.0000,0.045398,0.337943
2007-03-12,2945.9230,2954.9140,2958.6320,2904.7440,10154244400,85496576407.0000,0.043004,0.578784
2007-03-13,2958.0960,2964.7940,2966.1940,2932.2340,10718931600,88657286547.0000,0.045369,0.334354
2007-03-14,2933.6790,2906.3340,2934.4540,2868.8070,11373073900,93829876741.0000,0.048057,-1.971805
2007-03-15,2905.9760,2951.6980,2955.4620,2905.9760,10174575400,86641125793.0000,0.042865,1.560867
2007-03-16,2964.0940,2930.4810,2979.7080,2899.0320,12268130800,104617575819.0000,0.051624,-0.718808
2007-03-19,2864.2560,3014.4420,3037.9990,2852.8580,10997175200,94819910144.0000,0.046267,2.865091
2007-03-20,3024.7810,3032.1950,3033.0200,2998.8040,9276189000,81627441312.0000,0.038989,0.588937
2007-03-21,3042.0980,3057.3800,3057.7100,3020.9490,9919012700,89306939158.0000,0.041651,0.830580
2007-03-22,3080.6020,3071.2250,3099.8190,3059.3810,12606554500,112647268972.0000,0.052799,0.452846
2007-03-23,3071.8080,3074.2860,3085.3240,3008.1540,11868641700,104609177818.0000,0.049691,0.099660
2007-03-26,3083.9380,3122.8110,3123.1790,3069.4730,12266053700,109828277554.0000,0.051336,1.578420
2007-03-27,3126.0250,3138.8260,3145.0440,3103.7790,12457893100,114054540596.0000,0.052128,0.512836
2007-03-28,3140.6800,3173.0180,3180.3320,3052.0780,16726793900,151116615364.0000,0.069899,1.089329
2007-03-29,3179.8030,3197.5370,3273.7270,3176.5260,14953966100,140362614689.0000,0.062382,0.772736
2007-03-30,3178.4960,3183.9830,3212.3890,3157.0300,8942400600,82999416766.0000,0.037153,-0.423895
2007-04-02,3196.5870,3252.5950,3253.4350,3196.5870,9735044600,93299356849.0000,0.040363,2.154913
2007-04-03,3265.6760,3291.2990,3292.5780,3251.5230,10860139100,107136258685.0000,0.044981,1.189945
2007-04-04,3295.9760,3291.5420,3308.1480,3266.5590,11261610700,113258217151.0000,0.046458,0.007381
2007-04-05,3286.1630,3319.1400,3326.9160,3259.6260,11452805100,114495514909.0000,0.047227,0.838449
2007-04-06,3287.6840,3323.5850,3334.2240,3273.8550,11964488100,121981473231.0000,0.049316,0.133922
2007-04-09,3333.4220,3398.9500,3399.5150,3333.2620,13731410400,139936999354.0000,0.056541,2.267581
2007-04-10,3405.2330,3444.2910,3444.3740,3351.1050,14780728400,152942402347.0000,0.060778,1.333973
2007-04-11,3454.4170,3495.2240,3497.5200,3428.7820,14757211400,156207584309.0000,0.060666,1.478769
2007-04-12,3503.2270,3531.0290,3532.8620,3488.0770,13538987900,148368251472.0000,0.055583,1.024396
2007-04-13,3537.2200,3518.2670,3563.8560,3504.1610,15069587600,166487192106.0000,0.061854,-0.361423
2007-04-16,3523.2170,3596.4410,3597.2150,3523.2170,13103910100,145536446077.0000,0.053660,2.221941
2007-04-17,3611.6300,3611.8700,3622.8880,3510.4980,16066064600,176113092884.0000,0.065741,0.429013
2007-04-18,3614.6780,3612.3960,3623.8670,3564.2300,15048542400,167418751210.0000,0.061493,0.014560
2007-04-19,3610.0240,3449.0160,3617.4380,3358.9300,17272554100,187759225246.0000,0.069940,-4.522757
2007-04-20,3460.9040,3584.2040,3591.4610,3460.9040,13888929200,156130185137.0000,0.056164,3.919611
2007-04-23,3615.7890,3710.8860,3710.8860,3615.7890,16349811600,183165718566.0000,0.066047,3.534450
2007-04-24,3736.1540,3720.5320,3762.3880,3689.1340,17438934100,203917793249.0000,0.070354,0.259938
2007-04-25,3708.5710,3743.9590,3769.2470,3653.9890,15176306100,175452455903.0000,0.061162,0.629668
2007-04-26,3766.4760,3783.0630,3784.6800,3732.6010,11725696800,142165936637.0000,0.047215,1.044456
2007-04-27,3788.7480,3759.8670,3802.9230,3720.5960,13217545600,162822800030.0000,0.053212,-0.613155
2007-04-30,3784.2720,3841.2720,3851.3500,3759.4800,14652571300,185961936569.0000,0.058850,2.165104
2007-05-08,3937.9380,3950.0110,3964.7140,3901.3260,16056820000,205192339642.0000,0.064347,2.830807
2007-05-09,3961.1030,4013.0850,4015.2190,3875.3840,20839744900,255328664196.0000,0.083484,1.596805
2007-05-10,4021.4220,4049.7010,4072.1380,3991.4770,17111394000,207740725020.0000,0.068471,0.912414
2007-05-11,4024.4220,4021.6780,4039.6680,3949.3680,14063821000,183254862162.0000,0.056185,-0.691976
2007-05-14,3970.6610,4046.3920,4081.4260,3940.3580,13932622100,185075204987.0000,0.055212,0.614522
2007-05-15,4055.8340,3899.1780,4069.8460,3891.3630,15667755300,205493668913.0000,0.062075,-3.638157
2007-05-16,3890.8090,3986.0430,3987.4050,3845.2270,13171977400,172408865917.0000,0.052123,2.227777
2007-05-17,4002.4850,4048.2930,4064.2830,3982.9950,13927798800,187794811308.0000,0.055008,1.561699
2007-05-18,4041.3900,4030.2580,4052.0970,3999.1650,13075627400,173636673327.0000,0.051372,-0.445494
2007-05-21,3902.3470,4072.2250,4083.4160,3892.9750,15617106200,209602322742.0000,0.061284,1.041299
2007-05-22,4091.1430,4110.3790,4136.6300,4086.8250,17356209000,233094574167.0000,0.067914,0.936928
2007-05-23,4125.4260,4173.7090,4175.4440,4093.9150,16139947800,219307694370.0000,0.063127,1.540736
2007-05-24,4188.6770,4151.1330,4208.3880,4089.3850,18098438800,251632502236.0000,0.070378,-0.540914
2007-05-25,4133.1920,4179.7760,4190.4690,4111.2620,15419286000,220997704703.0000,0.059861,0.690006
2007-05-28,4221.5780,4272.1110,4283.9300,4215.2430,17861517400,258106458037.0000,0.069316,2.209089
2007-05-29,4288.9800,4334.9240,4335.9630,4262.0240,17209764200,248630290482.0000,0.066309,1.470303
2007-05-30,4087.4050,4053.0880,4275.2370,4015.5120,18559672900,271294175467.0000,0.071469,-6.501520
2007-05-31,4006.2800,4109.6540,4178.1070,3858.0400,17311531200,239521892151.0000,0.066557,1.395625
2007-06-01,4120.6280,4000.7420,4181.2800,3966.9770,16093498500,228347542960.0000,0.061863,-2.650147
2007-06-04,3981.8170,3670.4010,3987.2690,3659.0890,11485935700,145977950795.0000,0.044083,-8.256995
2007-06-05,3564.4330,3767.1010,3768.5630,3404.1460,15713795900,179214278131.0000,0.060243,2.634595
2007-06-06,3781.3750,3776.3170,3821.6970,3682.7940,14587385200,175206331655.0000,0.055864,0.244640
2007-06-07,3787.7020,3890.8030,3891.4030,3779.5000,14236647500,177770803107.0000,0.054503,3.031686
2007-06-08,3900.0270,3913.1350,3935.7860,3852.0450,13587719200,179390324018.0000,0.051973,0.573970
2007-06-11,3942.0050,3995.6800,4000.4160,3930.7400,13384273900,179227722559.0000,0.050837,2.109432
2007-06-12,4011.6790,4072.1380,4073.1810,3910.0010,14947239800,205009208977.0000,0.056759,1.913517
2007-06-13,4110.7420,4176.4800,4193.4460,4102.0410,16694849900,220478795728.0000,0.063325,2.562340
2007-06-14,4162.2070,4115.2090,4179.7250,4085.7850,13838560400,185906871486.0000,0.052445,-1.467049
2007-06-15,4085.6560,4132.8690,4152.5430,4067.3570,10866553200,151999781737.0000,0.041134,0.429144
2007-06-18,4195.3910,4253.3480,4267.7400,4193.3140,12897774800,182221260867.0000,0.048782,2.915142
2007-06-19,4247.7450,4269.5240,4280.8500,4209.5750,12458181400,179301809551.0000,0.047104,0.380307
2007-06-20,4269.4550,4181.3230,4311.9970,4164.2750,13521277500,191919677873.0000,0.051094,-2.065820
2007-06-21,4170.8940,4230.8230,4256.5420,4147.0540,11291985600,161782945041.0000,0.042662,1.183836
2007-06-22,4230.9670,4091.4450,4249.4310,4024.4890,11969203700,167518680495.0000,0.045184,-3.294351
2007-06-25,4102.7870,3941.0810,4131.1300,3912.4220,10160665500,140594187156.0000,0.038249,-3.675083
2007-06-26,3863.2480,3973.3710,3976.1910,3818.8530,9381746900,122451664946.0000,0.035267,0.819319
2007-06-27,3985.7160,4078.5990,4090.7150,3948.2870,9511348100,126425584927.0000,0.035676,2.648331
2007-06-28,4080.1940,3914.2040,4113.2830,3912.8140,9783161000,127378548964.0000,0.036673,-4.030674
2007-06-29,3824.2900,3820.7030,3919.3450,3779.8130,8609998500,104760685164.0000,0.032268,-2.388767
2007-07-02,3800.2330,3836.2940,3859.8610,3724.1870,7425406000,89585502290.0000,0.027728,0.408068
2007-07-03,3854.7160,3899.7240,3906.7610,3821.4630,6974921700,85506976110.0000,0.026036,1.653423
2007-07-04,3906.0120,3816.1650,3916.4750,3800.2750,5647477700,72263450668.0000,0.021064,-2.142692
2007-07-05,3769.6390,3615.8720,3778.3990,3614.5310,6340593600,73755081218.0000,0.023564,-5.248541
2007-07-06,3599.8180,3781.3480,3785.3460,3563.5440,8073724100,92306322866.0000,0.029979,4.576374
2007-07-09,3809.6700,3883.2160,3900.9040,3782.7330,8348053900,99410612113.0000,0.030965,2.693964
2007-07-10,3895.9090,3853.0210,3929.4160,3841.8010,7656333400,93739498017.0000,0.028297,-0.777579
2007-07-11,3837.7960,3865.7230,3879.2920,3812.1380,5135388000,62299661073.0000,0.018941,0.329661
2007-07-12,3874.0390,3915.9910,3925.6040,3861.0370,5515836300,70286328097.0000,0.020328,1.300354
2007-07-13,3920.8270,3914.3950,3935.5060,3878.1840,4602447100,56375761362.0000,0.016954,-0.040755
2007-07-16,3920.6530,3821.9160,3931.8680,3820.5740,4761528000,58881864143.0000,0.017539,-2.362536
2007-07-17,3809.5580,3896.1910,3919.7770,3767.2220,4871222300,60523645457.0000,0.017935,1.943394
2007-07-18,3880.8520,3930.0600,3971.6100,3861.9070,6287183400,80028948101.0000,0.023126,0.869289
2007-07-19,3918.5390,3912.9410,3947.3300,3887.5890,4873759500,62965662475.0000,0.017918,-0.435595
2007-07-20,3918.4090,4058.8530,4062.1160,3918.4090,8311064600,104714346685.0000,0.030544,3.728963
2007-07-23,4091.2420,4213.3610,4220.3220,4091.2420,12166896400,154332859433.0000,0.044712,3.806686
2007-07-24,4238.3200,4210.3290,4284.8290,4192.7200,11098925200,141618784323.0000,0.040773,-0.071955
2007-07-25,4212.9500,4323.9660,4325.3780,4212.2300,9395004300,125682739518.0000,0.034485,2.698998
2007-07-26,4347.7780,4346.4580,4371.5120,4304.1930,9921066900,132786189685.0000,0.036353,0.520175
2007-07-27,4315.3730,4345.3570,4357.3430,4268.7880,10024581300,137558703076.0000,0.036707,-0.025333
2007-07-30,4348.6070,4440.7690,4450.1880,4345.7930,11258976800,153510486537.0000,0.041078,2.195725
2007-07-31,4432.2650,4471.0320,4476.6260,4379.1990,10856141000,150412365422.0000,0.039586,0.681485
2007-08-01,4488.7740,4300.5630,4502.2960,4284.8710,12629287400,171068701877.0000,0.046012,-3.812749
2007-08-02,4316.5670,4407.7300,4431.8500,4290.8090,9827857800,140922818854.0000,0.035740,2.491929
2007-08-03,4440.9760,4560.7740,4562.6880,4438.9630,11511667200,173672679996.0000,0.041847,3.472171
2007-08-06,4600.1180,4628.1080,4629.9680,4564.3130,11170797900,167699345008.0000,0.040559,1.476372
2007-08-07,4642.0100,4651.2250,4687.4350,4581.2940,11618108500,180146927829.0000,0.042170,0.499495
2007-08-08,4614.5860,4663.1620,4711.3160,4568.6950,11890916300,158919476887.0000,0.043129,0.256642
2007-08-09,4658.5920,4754.0950,4768.8860,4658.5920,9766019800,138091129509.0000,0.035415,1.950031
2007-08-10,4745.1810,4749.3690,4769.6190,4640.7660,10186705800,147223396483.0000,0.036924,-0.099411
2007-08-13,4768.6190,4820.0640,4872.5480,4728.8920,11418471400,161692702661.0000,0.041377,1.488510
2007-08-14,4820.1500,4872.7850,4876.8510,4789.8950,8856820800,128066264833.0000,0.032077,1.093786
2007-08-15,4875.5110,4869.8830,4916.3100,4762.7180,9050967500,131310547325.0000,0.032747,-0.059562
2007-08-16,4845.0160,4765.4480,4845.0160,4710.3100,9053841100,128304423991.0000,0.032662,-2.144499
2007-08-17,4733.1370,4656.5740,4814.3690,4646.4330,9115904800,133777847741.0000,0.032862,-2.284654
2007-08-20,4773.8320,4904.8550,4906.0030,4758.3970,9915293700,145314066770.0000,0.035613,5.331833
2007-08-21,4944.2140,4955.2070,4982.9810,4917.8210,10420410900,155844668995.0000,0.037415,1.026576
2007-08-22,4876.3450,4980.0750,4999.1950,4861.2710,10811093800,162198413490.0000,0.038802,0.501859
2007-08-23,5002.8410,5032.4940,5050.3830,4968.3270,9930942800,153367600811.0000,0.035623,1.052573
2007-08-24,5070.6510,5107.6680,5125.3590,5052.2410,10899563600,165331338353.0000,0.039097,1.493769
2007-08-27,5144.8240,5150.1180,5192.0610,5092.0760,11615424400,176176629649.0000,0.041540,0.831107
2007-08-28,5134.1410,5194.6890,5209.5070,5058.4460,10543673900,166941754821.0000,0.037682,0.865433
2007-08-29,5147.7130,5109.4270,5204.5260,5063.4120,10082413900,161872469802.0000,0.036030,-1.641334
2007-08-30,5144.1110,5167.8840,5186.5260,5109.6620,10121058400,155042610334.0000,0.036161,1.144102
2007-08-31,5184.0910,5218.8250,5235.1570,5158.3680,10355626100,156775077724.0000,0.036941,0.985730
2007-09-03,5257.7770,5321.0550,5327.5380,5257.7770,12577964900,188862012215.0000,0.044862,1.958870
2007-09-04,5333.4000,5294.0450,5357.9260,5264.9960,12042636800,186424946743.0000,0.042929,-0.507611
2007-09-05,5296.0700,5310.7160,5337.9290,5223.6700,9624062400,150817120066.0000,0.034288,0.314899
2007-09-06,5336.6690,5393.6600,5412.3190,5314.3370,10698796600,165201384871.0000,0.038100,1.561830
2007-09-07,5381.1860,5277.1760,5405.3580,5269.2500,11984102900,186645691016.0000,0.042677,-2.159654
2007-09-10,5208.3180,5355.2870,5356.8560,5169.9050,10236823500,153001820685.0000,0.036433,1.480173
2007-09-11,5362.9410,5113.9680,5395.0380,5093.9230,11005526200,169972939265.0000,0.039123,-4.506188
2007-09-12,5092.5760,5172.6270,5192.3020,5025.3360,9705885500,149242811390.0000,0.034494,1.147038
2007-09-13,5193.4090,5273.5920,5276.7710,5178.8710,8655021600,140652710567.0000,0.030753,1.951906
2007-09-14,5290.2560,5312.1820,5324.4390,5201.8540,9467391200,152131382170.0000,0.033608,0.731766
2007-09-17,5309.0570,5421.3920,5427.1710,5307.7740,10563860900,167122485773.0000,0.037474,2.055840
2007-09-18,5446.7320,5425.2080,5458.5780,5339.9170,10269099400,167849067345.0000,0.036412,0.070386
2007-09-19,5439.0180,5395.2650,5447.3600,5336.0700,8972550000,150248633262.0000,0.031767,-0.551921
2007-09-20,5408.4840,5470.0650,5482.4250,5396.1090,8654720500,143185150092.0000,0.030636,1.386397
2007-09-21,5482.5070,5454.6740,5489.0740,5363.3470,9283880900,150683711876.0000,0.032813,-0.281370
2007-09-24,5469.8370,5485.0130,5506.0640,5404.4190,8179847100,141849593007.0000,0.028900,0.556208
2007-09-25,5500.2690,5425.8800,5509.2340,5396.4820,9650957900,141709668240.0000,0.034097,-1.078089
2007-09-26,5407.8290,5338.5200,5463.8990,5320.0200,6360858500,105528671027.0000,0.022473,-1.610059
2007-09-27,5338.1080,5409.4030,5411.1890,5306.8230,5888430000,96153707825.0000,0.020746,1.327761
2007-09-28,5461.5800,5552.3010,5560.4170,5461.5800,8063128500,138811825672.0000,0.029593,2.641659
2007-10-08,5683.3100,5692.7550,5729.9630,5620.0000,9598308300,155880381877.0000,0.035103,2.529656
2007-10-09,5678.9130,5715.8920,5725.4070,5628.3500,8328903000,162493057145.0000,0.029222,0.406432
2007-10-10,5742.6480,5771.4640,5860.8590,5727.2380,9244534400,165450578787.0000,0.032309,0.972233
2007-10-11,5798.3860,5913.2300,5914.7720,5755.9900,9470965700,177988529894.0000,0.033044,2.456328
2007-10-12,5950.9020,5903.2640,5959.3640,5658.8120,11914843200,219294974982.0000,0.041554,-0.168534
2007-10-15,5934.7750,6030.0860,6039.0420,5866.1310,9870744200,193469592271.0000,0.034384,2.148333
2007-10-16,6056.9460,6092.0570,6124.0440,6040.7130,8815215900,163547657231.0000,0.029492,1.027700
2007-10-17,6057.4280,6036.2810,6088.8920,5982.2030,7131258800,133700992263.0000,0.023856,-0.915559
2007-10-18,6031.9160,5825.2820,6055.4730,5804.9730,6980542500,130346998328.0000,0.023344,-3.495506
2007-10-19,5869.1240,5818.0470,5932.1100,5766.8610,5522489200,103271964141.0000,0.018427,-0.124206
2007-10-22,5742.7910,5667.3320,5804.8360,5654.9070,5443367400,95560238009.0000,0.018161,-2.590472
2007-10-23,5660.0660,5773.3870,5776.0160,5574.8400,5845396800,101206050720.0000,0.019418,1.871342
2007-10-24,5804.0150,5843.1090,5906.6950,5793.5570,6029283100,108657305208.0000,0.020008,1.207639
2007-10-25,5794.2230,5562.3940,5819.8840,5546.0410,7171444800,119753910619.0000,0.023788,-4.804204
2007-10-26,5498.8580,5589.6310,5628.8340,5462.0130,5151917500,87405045004.0000,0.016817,0.489660
2007-10-29,5641.9830,5747.9970,5750.2540,5617.9760,5016440200,82105126005.0000,0.015910,2.833214
2007-10-30,5769.2030,5897.1930,5899.6500,5701.3370,5427882000,90650586733.0000,0.017215,2.595614
2007-10-31,5984.7130,5954.7650,6002.1180,5871.4800,7102956400,119457835251.0000,0.022514,0.976266
2007-11-01,5978.9390,5914.2850,6005.1310,5912.5020,6488510300,110768490998.0000,0.020566,-0.679791
2007-11-02,5812.4650,5777.8090,5860.5940,5740.4030,5954159600,106029856010.0000,0.018854,-2.307567
2007-11-05,5748.1760,5634.4520,5787.2280,5603.4700,6413259700,154901016955.0000,0.020302,-2.481164
2007-11-06,5593.3470,5536.5690,5649.7520,5510.1610,4506803900,83589505632.0000,0.014258,-1.737228
2007-11-07,5565.6480,5601.7830,5610.9530,5469.7610,4273032800,76304024265.0000,0.013511,1.177884
2007-11-08,5559.1510,5330.0230,5559.1510,5328.2010,4892466200,83761375819.0000,0.015464,-4.851317
2007-11-09,5276.0080,5315.5400,5382.6970,5217.6290,4734126200,80762049341.0000,0.014959,-0.271723
2007-11-12,5181.1750,5187.7350,5250.0850,5032.5780,5258270300,87430687546.0000,0.016601,-2.404369
2007-11-13,5239.3430,5158.1180,5311.6980,5085.4440,4923731600,83044466204.0000,0.015545,-0.570898
2007-11-14,5246.5740,5412.6940,5414.6090,5165.0630,5099288000,88064090042.0000,0.016089,4.935437
2007-11-15,5391.0170,5365.2670,5453.7400,5338.9050,4781941900,80951217498.0000,0.015081,-0.876214
2007-11-16,5273.0820,5316.2740,5335.5130,5224.3130,3738733100,61636813375.0000,0.011744,-0.913154
2007-11-19,5325.3020,5269.8170,5333.0880,5240.4240,4109773100,63156668426.0000,0.012786,-0.873865
2007-11-20,5230.7420,5293.7030,5338.1730,5158.5420,4905739800,79327370645.0000,0.015263,0.453265
2007-11-21,5307.7930,5214.2250,5344.9300,5206.5740,4123160900,65960121678.0000,0.012816,-1.501369
2007-11-22,5113.8820,4984.1610,5154.8580,4969.8940,4037033000,64731749519.0000,0.012544,-4.412237
2007-11-23,4946.2580,5032.1300,5034.2250,4896.9880,3087296200,50207938676.0000,0.009590,0.962424
2007-11-26,5102.5260,4958.8490,5124.8880,4952.4290,3675579700,60055135786.0000,0.011415,-1.456257
2007-11-27,4919.9130,4861.1110,4947.0760,4857.0380,3083386400,52767856410.0000,0.009576,-1.970987
2007-11-28,4870.8420,4803.3940,4907.7560,4778.7270,3275675700,53258090310.0000,0.010163,-1.187317
2007-11-29,4870.8610,5003.3330,5011.1940,4814.7830,5007154500,81196484473.0000,0.015532,4.162452
2007-11-30,4993.7400,4871.7780,4993.7400,4861.8640,4331466200,70500393745.0000,0.013423,-2.629351
2007-12-03,4838.5640,4868.6110,4899.6670,4798.0140,5375077500,70035318108.0000,0.016618,-0.065007
2007-12-04,4882.1490,4915.8890,4971.4040,4882.1490,4283576600,60774976314.0000,0.013243,0.971084
2007-12-05,4917.3650,5042.6540,5052.7480,4893.3230,5429978600,79741842419.0000,0.016786,2.578672
2007-12-06,5055.8350,5035.0730,5065.5100,4995.4720,4315931100,64467198004.0000,0.013339,-0.150329
2007-12-07,5038.4780,5091.7560,5096.7990,5021.3660,4996157400,71663449290.0000,0.015436,1.125756
2007-12-10,5010.8260,5161.9190,5168.7640,4990.7180,6881788900,107481990179.0000,0.021254,1.377974
2007-12-11,5180.5410,5175.0760,5209.7050,5103.7470,6684842700,106437709230.0000,0.020646,0.254890
2007-12-12,5148.2540,5095.5430,5149.9310,5054.5650,7215622700,112955426515.0000,0.022281,-1.536851
2007-12-13,5078.1820,4958.0430,5095.1520,4954.3570,6728332400,105088959321.0000,0.020774,-2.698437
2007-12-14,4899.7500,5007.9110,5011.2010,4860.1560,5305272700,81629334280.0000,0.016384,1.005803
2007-12-17,5007.2850,4876.7610,5007.3460,4874.6240,6354672200,101523460515.0000,0.019415,-2.618855
2007-12-18,4856.4710,4836.1740,4905.4920,4812.1560,4055804700,64859941016.0000,0.012389,-0.832261
2007-12-19,4878.0660,4941.7840,4960.4170,4868.3540,5627577500,86406307921.0000,0.017172,2.183758
2007-12-20,4965.2900,5043.5350,5050.7850,4923.2950,5774268900,87842464915.0000,0.017412,2.058993
2007-12-21,5017.1950,5101.7790,5112.3880,5013.7590,6614270500,103477896497.0000,0.019936,1.154818
2007-12-24,5132.9130,5234.2620,5284.3400,5104.6450,8508042200,140185415582.0000,0.025559,2.596808
2007-12-25,5233.1750,5201.1810,5254.4050,5178.8010,7102362400,125073744010.0000,0.021160,-0.632010
2007-12-26,5209.0350,5233.3510,5262.5920,5158.7560,7445862800,122851642493.0000,0.022083,0.618512
2007-12-27,5248.2220,5308.8890,5316.5230,5203.5020,8732418400,147037686579.0000,0.025861,1.443398
2007-12-28,5320.0070,5261.5630,5336.4990,5248.6920,7718703800,133680401622.0000,0.022839,-0.891451
2008-01-02,5265.0000,5272.8140,5295.0160,5201.8920,7656660900,133028308582.0000,0.022635,0.213833
2008-01-03,5269.8010,5319.8610,5321.4570,5211.0460,9851032300,170429834594.0000,0.029119,0.892254
2008-01-04,5328.4110,5361.5740,5372.4610,5318.4610,8087523800,145545034987.0000,0.023886,0.784107
2008-01-07,5357.4500,5393.3430,5403.3490,5332.5970,9193300100,162225795987.0000,0.027037,0.592523
2008-01-08,5414.5580,5386.5310,5480.0700,5344.6480,10247786300,184600542494.0000,0.030114,-0.126304
2008-01-09,5365.2220,5435.8070,5437.7640,5346.8460,7680586200,139448986326.0000,0.022493,0.914807
2008-01-10,5449.1600,5456.5410,5483.8270,5407.3070,9655328500,174138308106.0000,0.028214,0.381432
2008-01-11,5471.3870,5484.6770,5500.0610,5423.8070,8772475000,155874958881.0000,0.025629,0.515633
2008-01-14,5507.5780,5497.9010,5522.7780,5456.9290,7871409000,142250729150.0000,0.022989,0.241110
2008-01-15,5503.9310,5443.7910,5505.0350,5405.5950,8071950600,151530590962.0000,0.023570,-0.984191
2008-01-16,5395.2770,5290.6060,5396.0440,5288.7650,8927834100,161954601881.0000,0.026069,-2.813941
2008-01-17,5235.9080,5151.6260,5312.2870,5039.7860,9894195200,174740177296.0000,0.028882,-2.626920
2008-01-18,5141.3710,5180.5140,5187.6050,5093.1340,6863562500,118366922100.0000,0.020023,0.560759
2008-01-21,5188.7950,4914.4350,5200.9260,4891.2850,7564395800,130341708797.0000,0.022059,-5.136152
2008-01-22,4817.9970,4559.7510,4817.9970,4511.9530,9249135100,154837414462.0000,0.026967,-7.217190
2008-01-23,4572.9020,4703.0470,4705.0730,4510.5040,8796397300,140348152218.0000,0.025628,3.142626
2008-01-24,4753.4450,4717.7340,4767.7990,4625.4600,9003815800,149235591804.0000,0.026212,0.312287
2008-01-25,4716.9770,4761.6880,4806.8890,4657.7090,7792837000,129423208442.0000,0.022684,0.931678
2008-01-28,4720.5640,4419.2940,4720.5640,4409.0790,6935025700,108808414720.0000,0.020161,-7.190602
2008-01-29,4426.2670,4457.9440,4517.6010,4389.5170,5035622000,79564816502.0000,0.014637,0.874572
2008-01-30,4505.6350,4417.8490,4554.3430,4330.6970,5508003700,92566887231.0000,0.016010,-0.899400
2008-01-31,4408.0240,4383.3930,4487.3180,4368.2960,4514155800,76189312077.0000,0.013118,-0.779928
2008-02-01,4388.2540,4320.7670,4411.7040,4195.7530,5930714200,96452528217.0000,0.017188,-1.428710
2008-02-04,4415.0230,4672.1700,4672.2140,4415.0230,6337457800,109153400497.0000,0.018368,8.132881
2008-02-05,4622.5390,4599.6960,4662.9710,4550.4290,5261968400,93410147301.0000,0.015056,-1.551188
2008-02-13,4525.0260,4490.7210,4547.5390,4454.6420,3691415100,61549818305.0000,0.010550,-2.369170
2008-02-14,4527.0540,4552.3160,4576.9830,4507.9430,3491300500,57516976533.0000,0.009972,1.371600
2008-02-15,4523.7920,4497.1270,4523.7920,4431.4630,4138651600,66980796498.0000,0.011821,-1.212327
2008-02-18,4546.7520,4568.1510,4601.2240,4517.5960,5582461000,92538618791.0000,0.015921,1.579318
2008-02-19,4582.2840,4664.2950,4665.5540,4544.9440,6066318800,103356946585.0000,0.017300,2.104660
2008-02-20,4682.5880,4567.0260,4695.8020,4556.8140,6647465300,114782705268.0000,0.018955,-2.085397
2008-02-21,4534.1690,4527.1770,4568.2080,4452.6750,6130914800,100295840097.0000,0.017466,-0.872540
2008-02-22,4500.3850,4370.2850,4500.3850,4333.0330,6760198300,109824503749.0000,0.019192,-3.465551
2008-02-25,4370.1880,4192.5330,4391.3330,4182.7740,5881193500,93047459906.0000,0.016696,-4.067285
2008-02-26,4302.7350,4238.1790,4331.6400,4123.3050,5568663100,89872770439.0000,0.015803,1.088745
2008-02-27,4256.5320,4334.0470,4360.7000,4222.4590,5052499100,82967322680.0000,0.014220,2.262002
2008-02-28,4343.2770,4299.5130,4344.9260,4265.4980,4792225300,75527784864.0000,0.013485,-0.796800
2008-02-29,4293.5330,4348.5430,4364.8140,4275.8990,4783538300,75515513719.0000,0.013457,1.140357
2008-03-03,4323.6980,4438.2650,4456.9630,4279.3450,7851384000,125329686529.0000,0.021772,2.063270
2008-03-04,4454.1800,4335.4460,4472.1510,4321.2660,8695651500,135912352602.0000,0.024096,-2.316656
2008-03-05,4316.2500,4292.6540,4352.8220,4210.9630,7410968000,113543589994.0000,0.020531,-0.987026
2008-03-06,4310.3540,4360.9860,4427.4980,4260.7870,8493214500,133186791725.0000,0.023528,1.591836
2008-03-07,4315.8080,4300.5150,4341.2950,4265.8290,5674740200,92203521881.0000,0.015709,-1.386629
2008-03-10,4265.6110,4146.2990,4265.6110,4120.5300,6568220500,97355257730.0000,0.018160,-3.585996
2008-03-11,4121.6530,4165.8780,4165.9150,4063.4700,5133343900,79620807569.0000,0.014172,0.472207
2008-03-12,4254.6730,4070.1160,4272.9790,4068.7810,5722445800,88663903677.0000,0.015768,-2.298722
2008-03-13,4033.3190,3971.2570,4055.4460,3902.2480,6365340000,96343796075.0000,0.017525,-2.428896
2008-03-14,3956.7460,3962.6730,4000.7800,3891.7000,4140725700,64286805135.0000,0.011396,-0.216153
2008-03-17,3941.2580,3820.0480,3941.2580,3812.9990,4910027300,73613176822.0000,0.013439,-3.599212
2008-03-18,3789.5650,3668.8970,3862.7720,3607.2500,5786100100,79535892252.0000,0.015837,-3.956786
2008-03-19,3746.0470,3761.6050,3813.8850,3677.8170,6158664300,88277827845.0000,0.016854,2.526863
2008-03-20,3721.5040,3804.0540,3857.6200,3516.3300,7326269400,106243521686.0000,0.020043,1.128480
2008-03-21,3790.1110,3796.5760,3838.0580,3746.3950,6509346400,96409712714.0000,0.017806,-0.196580
2008-03-24,3830.3460,3626.1880,3840.4790,3624.9360,5895967800,88537601512.0000,0.016020,-4.487937
2008-03-25,3559.9420,3629.6190,3659.2100,3521.5280,5276533600,77829673385.0000,0.014337,0.094615
2008-03-26,3644.1300,3606.8570,3698.3250,3591.1080,4625181800,70507849558.0000,0.012556,-0.627117
2008-03-27,3541.2760,3411.4930,3541.2760,3407.8960,5506986600,76938808898.0000,0.014949,-5.416461
2008-03-28,3378.6280,3580.1460,3590.7530,3357.2290,6329168400,90291919934.0000,0.017169,4.943674
2008-03-31,3465.9080,3472.7130,3555.8240,3445.5560,4711346900,66825473192.0000,0.012767,-3.000802
2008-04-01,3461.0850,3329.1620,3493.1330,3308.9020,5483137600,73093942424.0000,0.014852,-4.133678
2008-04-02,3370.6040,3347.8820,3464.5310,3283.6400,6548728600,86430288912.0000,0.017704,0.562303
2008-04-03,3323.4260,3446.2440,3456.9480,3271.2900,5088922400,66413044115.0000,0.013746,2.938031
2008-04-07,3418.5160,3599.6180,3613.4800,3386.5120,6099453700,84589696329.0000,0.016304,4.450469
2008-04-08,3604.2630,3612.5390,3656.9610,3563.8500,6548482300,92719515541.0000,0.017499,0.358959
2008-04-09,3585.8470,3413.9070,3606.8870,3413.0720,5985204900,81203386708.0000,0.015988,-5.498406
2008-04-10,3378.1390,3471.7430,3474.3120,3344.8700,4545515000,59699251838.0000,0.012139,1.694128
2008-04-11,3498.5550,3492.8930,3517.8180,3462.1360,4328424400,58985569091.0000,0.011547,0.609208
2008-04-14,3419.0470,3296.6720,3427.8840,3285.2980,5031170600,66952393944.0000,0.013387,-5.617720
2008-04-15,3282.5720,3348.3530,3349.7600,3212.1500,4466845700,59030368638.0000,0.011879,1.567669
2008-04-16,3349.9310,3291.5990,3363.2160,3283.0780,4009118400,53205727027.0000,0.010662,-1.694980
2008-04-17,3286.4140,3222.7410,3352.9510,3180.1990,4584330500,62507958589.0000,0.012179,-2.091936
2008-04-18,3200.5700,3094.6680,3203.7100,3078.1740,4366534300,54581267300.0000,0.011581,-3.974040
2008-04-21,3305.1520,3116.9770,3305.1680,3073.5630,5995529300,79571085168.0000,0.015887,0.720888
2008-04-22,3076.7150,3147.7930,3148.7310,2990.7880,4878741300,58797233750.0000,0.012924,0.988648
2008-04-23,3116.4120,3278.3300,3296.7170,3089.8930,6623512500,86113923587.0000,0.017538,4.146941
2008-04-24,3539.8680,3583.0280,3593.1970,3461.6430,14206628700,189595479698.0000,0.037175,9.294305
2008-04-25,3572.5470,3557.7490,3658.5510,3527.8380,12962102100,184722794193.0000,0.033898,-0.705522
2008-04-28,3497.3830,3474.7220,3530.9050,3460.2550,7574497500,109162265884.0000,0.019621,-2.333698
2008-04-29,3457.3510,3523.4050,3544.2290,3453.2790,6717525000,99574311147.0000,0.017369,1.401065
2008-04-30,3545.5730,3693.1060,3705.0930,3543.0190,10761770800,156313294431.0000,0.027791,4.816390
2008-05-05,3739.7970,3761.0090,3768.2160,3696.6970,9969691600,147566887336.0000,0.025662,1.838644
2008-05-06,3735.8490,3733.5030,3786.0240,3680.9900,9893225000,148301709473.0000,0.025280,-0.731349
2008-05-07,3716.4460,3579.1470,3774.0660,3577.9910,9049714300,133546608637.0000,0.023118,-4.134347
2008-05-08,3538.9160,3656.8390,3658.0470,3523.0250,7517324200,108817352027.0000,0.019185,2.170689
2008-05-09,3682.9550,3613.4940,3693.1600,3552.4730,8789842500,128933582111.0000,0.022400,-1.185319
2008-05-12,3548.6140,3626.9820,3668.8570,3521.8780,7989122000,116693604066.0000,0.020319,0.373269
2008-05-13,3515.7110,3560.2430,3615.0600,3508.3200,9074717700,122656336264.0000,0.022974,-1.840070
2008-05-14,3549.6680,3657.4320,3661.9710,3549.6680,8859207800,122318730751.0000,0.022374,2.729841
2008-05-15,3676.8390,3637.3240,3706.7220,3636.2240,8395532200,112578312550.0000,0.021158,-0.549782
2008-05-16,3637.6360,3624.2330,3661.0710,3582.5000,6481285300,89546567704.0000,0.015776,-0.359909
2008-05-19,3615.5940,3604.7610,3624.8440,3563.6090,4845016500,67598479734.0000,0.011748,-0.537270
2008-05-20,3601.5490,3443.1620,3632.0060,3432.3820,6637705300,88932320447.0000,0.016078,-4.482929
2008-05-21,3414.3440,3544.1860,3560.5280,3355.0840,7364107600,96569945231.0000,0.017820,2.934045
2008-05-22,3493.0670,3485.6300,3558.0190,3469.7920,6850470300,93894974582.0000,0.016553,-1.652175
2008-05-23,3473.8010,3473.0910,3521.3930,3435.8410,5995055900,76183956588.0000,0.014482,-0.359729
2008-05-26,3442.2910,3364.5440,3443.9880,3361.9850,5277659600,67226185634.0000,0.012732,-3.125375
2008-05-27,3355.1140,3375.4070,3383.6790,3333.9510,4249931100,55213458049.0000,0.010249,0.322868
2008-05-28,3382.7740,3459.0260,3486.3320,3354.2540,5247676000,68719496463.0000,0.012645,2.477298
2008-05-29,3447.7680,3401.4370,3481.7340,3400.7730,5143993300,67304826844.0000,0.012395,-1.664887
2008-05-30,3414.2540,3433.3540,3450.4930,3390.8830,4849540700,64903877746.0000,0.011678,0.938338
2008-06-02,3426.1950,3459.0440,3483.6100,3400.7230,4918607800,61959616284.0000,0.011838,0.748246
2008-06-03,3456.5800,3436.3980,3469.0630,3409.2260,5664249400,69390159055.0000,0.013615,-0.654689
2008-06-04,3424.0370,3369.9130,3428.4670,3341.7390,4803815600,59171321529.0000,0.011545,-1.934725
2008-06-05,3355.9280,3351.6450,3376.3410,3326.5370,4183466300,53340180662.0000,0.010046,-0.542093
2008-06-06,3362.0050,3329.6700,3371.2830,3312.7210,3476321700,42763182378.0000,0.008336,-0.655651
2008-06-10,3202.1130,3072.3330,3215.5010,3045.0580,5090954600,60727533504.0000,0.012187,-7.728601
2008-06-11,3042.1580,3024.2400,3064.2000,2992.3510,4693934500,54181027485.0000,0.011230,-1.565358
2008-06-12,3011.5580,2957.5320,3031.0640,2900.1160,4953582400,56831225904.0000,0.011844,-2.205778
2008-06-13,2960.9050,2868.8000,2976.4500,2865.5000,4106943000,45180876471.0000,0.009816,-3.000202
2008-06-16,2876.2940,2874.1030,2917.8100,2811.7160,4038592400,43220736508.0000,0.009647,0.184850
2008-06-17,2873.1290,2794.7510,2893.4710,2769.1180,4329814700,43840532576.0000,0.010314,-2.760933
2008-06-18,2772.3670,2941.1150,2945.4220,2729.7110,6634980300,69029288606.0000,0.015804,5.237104
2008-06-19,2921.7210,2748.8740,2921.7210,2742.1510,5679582700,59626570971.0000,0.013525,-6.536330
2008-06-20,2811.0840,2831.7360,2917.3250,2695.6280,7415683000,79217445716.0000,0.017653,3.014400
2008-06-23,2780.1480,2760.4170,2813.1370,2741.1900,4067003200,41900494857.0000,0.009626,-2.518564
2008-06-24,2747.3220,2803.0190,2817.1680,2728.8300,4838723100,49942894581.0000,0.011452,1.543319
2008-06-25,2794.0400,2905.0140,2910.4810,2784.4160,6481910500,67510404545.0000,0.015337,3.638751
2008-06-26,2904.0940,2901.8500,2931.3060,2851.1160,6551922800,69186564907.0000,0.015481,-0.108909
2008-06-27,2809.3090,2748.4320,2822.2640,2723.1580,6052991900,61718685206.0000,0.014302,-5.286911
2008-06-30,2724.4040,2736.1030,2766.8030,2693.4040,3851885400,40556340515.0000,0.009087,-0.448578
2008-07-01,2743.1640,2651.6050,2753.3300,2644.7760,4068142300,42996490238.0000,0.009594,-3.088263
2008-07-02,2656.0380,2651.7250,2700.9030,2627.8980,4018179300,43562554256.0000,0.009474,0.004530
2008-07-03,2610.8150,2703.5290,2746.3690,2566.5280,6814671700,74072058340.0000,0.016054,1.953594
2008-07-04,2691.2070,2669.8920,2713.4760,2645.8290,5729192800,62000179301.0000,0.013485,-1.244187
2008-07-07,2673.5500,2792.3970,2801.5340,2673.5500,7740584800,82037582147.0000,0.018202,4.588384
2008-07-08,2805.6080,2814.9470,2843.6030,2754.6160,8020468000,87478469668.0000,0.018859,0.807552
2008-07-09,2838.8630,2920.5460,2920.5460,2838.8630,9702611900,105832317651.0000,0.022807,3.751363
2008-07-10,2879.6240,2875.4500,2952.0390,2862.0590,9090484100,99505895425.0000,0.021341,-1.544093
2008-07-11,2863.8130,2856.6340,2888.2870,2821.3110,6482055300,69789668051.0000,0.015192,-0.654364
2008-07-14,2837.4950,2878.2560,2895.3020,2828.2360,5446592300,59458811236.0000,0.012750,0.756907
2008-07-15,2886.1120,2779.4480,2896.3280,2769.9140,7091523400,75183081177.0000,0.016541,-3.432916
2008-07-16,2753.8980,2705.8670,2765.1480,2656.6130,6004392200,60360593536.0000,0.013995,-2.647326
2008-07-17,2747.9510,2684.7780,2773.2810,2676.1490,5084233300,51451570137.0000,0.011846,-0.779376
2008-07-18,2711.7420,2778.3670,2785.5300,2665.9070,5787350000,59102962346.0000,0.013483,3.485907
2008-07-21,2759.8830,2861.4180,2865.0650,2745.6420,6648770000,69669133696.0000,0.015457,2.989203
2008-07-22,2852.4420,2846.1170,2868.6210,2830.7650,6151910700,65130356224.0000,0.014300,-0.534736
2008-07-23,2870.9340,2837.8490,2887.5760,2831.1110,6149797500,64221812149.0000,0.014289,-0.290495
2008-07-24,2861.8100,2910.2920,2912.7020,2849.0970,7250544500,77975696786.0000,0.016840,2.552739
2008-07-25,2875.7700,2865.1010,2888.5780,2851.9290,6253105900,63867379931.0000,0.014510,-1.552797
2008-07-28,2883.7610,2903.0120,2924.4470,2883.7610,6231879200,64491646958.0000,0.014451,1.323196
2008-07-29,2868.0080,2850.3110,2868.0080,2827.6970,5863227800,59263834814.0000,0.013594,-1.815388
2008-07-30,2884.5860,2836.6680,2894.3690,2822.1880,4894688400,48912863290.0000,0.011341,-0.478652
2008-07-31,2844.6510,2775.7170,2847.9960,2774.1040,4453026900,43577577230.0000,0.010313,-2.148680
2008-08-01,2751.0200,2801.8170,2830.7640,2721.9520,4921541900,50743916796.0000,0.011389,0.940292
2008-08-04,2782.9850,2741.7400,2793.2570,2738.8500,3717031800,37566055922.0000,0.008591,-2.144212
2008-08-05,2751.2000,2690.7460,2762.2630,2684.7340,4237855200,42511686422.0000,0.009757,-1.859910
2008-08-06,2711.6020,2719.3680,2743.1130,2678.8620,4060552500,41130300109.0000,0.009348,1.063713
2008-08-07,2717.5020,2727.5770,2742.7050,2691.3550,3949212100,38724122744.0000,0.009091,0.301871
2008-08-08,2724.4300,2605.7190,2725.9310,2595.9170,4850743700,46304907755.0000,0.011159,-4.467625
2008-08-11,2595.8950,2470.0740,2601.5020,2453.7070,4716145000,41510408309.0000,0.010833,-5.205666
2008-08-12,2445.2160,2457.1980,2484.7460,2430.8490,3663263200,31055560371.0000,0.008400,-0.521279
2008-08-13,2440.5250,2446.2970,2458.7690,2370.7370,4100523100,35322519408.0000,0.009403,-0.443630
2008-08-14,2432.1970,2437.0820,2454.2510,2409.0100,3130522600,27731353259.0000,0.007169,-0.376695
2008-08-15,2434.4080,2450.6100,2476.8580,2414.5730,3129606800,27201868951.0000,0.007141,0.555093
2008-08-18,2451.7780,2319.8680,2455.5040,2318.9260,5365679600,35866644286.0000,0.012190,-5.335087
2008-08-19,2297.2450,2344.4690,2355.9290,2284.5850,3859382100,27699092355.0000,0.008536,1.060452
2008-08-20,2332.4840,2523.2820,2523.4690,2306.6620,7373666300,59038931793.0000,0.016308,7.627014
2008-08-21,2484.4850,2431.7160,2518.4430,2431.0460,6133199000,51914051787.0000,0.013563,-3.628842
2008-08-22,2414.4590,2405.2260,2426.7070,2362.0930,4628459300,36347766869.0000,0.010200,-1.089354
2008-08-25,2408.0950,2413.3740,2443.9900,2382.2910,3375721700,26848283382.0000,0.007437,0.338760
2008-08-26,2384.9460,2350.0840,2403.0160,2327.2200,4097946600,31328604024.0000,0.009028,-2.622471
2008-08-27,2343.8820,2342.1470,2385.9910,2310.4550,4095260400,32569013718.0000,0.009021,-0.337733
2008-08-28,2341.9560,2350.1430,2374.2460,2333.0300,3475273400,28602903065.0000,0.007654,0.341400
2008-08-29,2361.0460,2397.3690,2420.8480,2352.0990,4640576800,37316396857.0000,0.010208,2.009488
2008-09-01,2380.4680,2325.1350,2380.4680,2311.7270,3626524000,28678403207.0000,0.007923,-3.013048
2008-09-02,2312.1020,2304.8910,2329.0090,2284.9200,3419029100,25957452202.0000,0.007468,-0.870655
2008-09-03,2301.9410,2276.6720,2321.5350,2248.0670,4225000600,32463648806.0000,0.009229,-1.224309
2008-09-04,2270.5240,2277.4110,2295.3550,2249.1200,3416308900,25834811521.0000,0.007462,0.032450
2008-09-05,2224.5270,2202.4460,2238.3240,2199.3650,3860817100,27970605034.0000,0.008427,-3.291670
2008-09-08,2210.3440,2143.4210,2220.5460,2135.3750,3766949700,27669314826.0000,0.008221,-2.679981
2008-09-09,2152.2770,2145.7790,2161.3500,2114.5030,3072269100,21768671830.0000,0.006704,0.110018
2008-09-10,2131.8000,2150.7590,2185.6940,2102.9060,3901204200,28504635197.0000,0.008513,0.232083
2008-09-11,2143.4000,2078.9810,2148.1240,2070.4270,3644180300,27236533711.0000,0.007952,-3.337337
2008-09-12,2077.5500,2079.6730,2104.6260,2064.2900,3031247500,22716506578.0000,0.006613,0.033292
2008-09-16,2049.8130,1986.6360,2049.8130,1974.3880,4622344500,33820604460.0000,0.010081,-4.473641
2008-09-17,1971.9440,1929.0470,1999.9530,1922.6800,4585347200,32005441361.0000,0.010000,-2.898819
2008-09-18,1876.1220,1895.8370,1942.8460,1802.3310,6633320200,43437772072.0000,0.014466,-1.721573
2008-09-19,2067.6430,2075.0910,2075.0910,2043.3160,5843353600,41555012488.0000,0.012663,9.455139
2008-09-22,2241.7230,2236.4100,2269.7330,2164.7980,13993063600,113692449242.0000,0.030320,7.774061
2008-09-23,2209.1220,2201.5100,2253.3950,2181.9600,10016515200,77600430791.0000,0.021655,-1.560532
2008-09-24,2133.0980,2216.8110,2218.2910,2116.9600,6454781800,49021260465.0000,0.013944,0.695024
2008-09-25,2214.5840,2297.5010,2333.2770,2211.4500,10123040400,83512907016.0000,0.021869,3.639911
2008-09-26,2304.1190,2293.7840,2310.4450,2246.2790,7825930700,66635113117.0000,0.016904,-0.161786
2008-10-06,2267.3940,2173.7380,2267.3940,2172.5690,6093813700,47348416157.0000,0.013157,-5.233531
2008-10-07,2101.0930,2157.8390,2182.9980,2072.8960,5690261100,47167609080.0000,0.012285,-0.731410
2008-10-08,2095.9110,2092.2240,2127.0850,2059.0860,5075947300,40761269628.0000,0.010959,-3.040773
2008-10-09,2125.5670,2074.5830,2130.8700,2063.4080,4507100100,35875033478.0000,0.009731,-0.843175
2008-10-10,1995.9570,2000.5720,2027.8310,1963.1830,5407752700,38454349958.0000,0.011675,-3.567512
2008-10-13,1978.5600,2073.5680,2074.4680,1931.4720,5663380600,41943161643.0000,0.012225,3.648761
2008-10-14,2139.0650,2017.3210,2146.7300,2016.1840,6804248300,53353969196.0000,0.014688,-2.712574
2008-10-15,1995.8850,1994.6670,2013.4910,1963.1030,4081795700,29604089410.0000,0.008811,-1.122977
2008-10-16,1916.1330,1909.9410,1943.3200,1901.5030,5067244700,35148740337.0000,0.010836,-4.247624
2008-10-17,1921.8420,1930.6510,1941.2990,1902.5980,3864729800,26152709540.0000,0.008264,1.084325
2008-10-20,1924.1770,1974.0060,1979.8390,1890.9200,4456978500,32116330019.0000,0.009527,2.245615
2008-10-21,1978.6740,1958.5290,1996.6580,1956.1100,5409673900,38697702640.0000,0.011560,-0.784037
2008-10-22,1932.6770,1895.8220,1950.7910,1894.3100,4831036700,32351379339.0000,0.010323,-3.201741
2008-10-23,1851.2590,1875.5610,1879.8490,1828.3080,4783006500,32972464801.0000,0.010217,-1.068718
2008-10-24,1875.6310,1839.6210,1888.1010,1825.5260,4624458000,31704770170.0000,0.009820,-1.916230
2008-10-27,1809.2250,1723.3510,1809.2250,1721.6040,5053479700,32207683928.0000,0.010720,-6.320324
2008-10-28,1671.3960,1771.8210,1786.4350,1664.9250,5984744100,39753246774.0000,0.012695,2.812549
2008-10-29,1786.2000,1719.8120,1795.0870,1719.3350,5218851800,35421622163.0000,0.011066,-2.935344
2008-10-30,1732.7720,1763.6070,1788.2040,1710.7260,5356092000,35407672682.0000,0.011356,2.546502
2008-10-31,1754.2060,1728.7860,1765.6790,1721.5900,4021961900,25155807727.0000,0.008526,-1.974422
2008-11-03,1713.7630,1719.7740,1750.3190,1702.9810,3585833300,23130131374.0000,0.007588,-0.521289
2008-11-04,1707.9250,1706.7030,1717.1010,1678.9570,3925345700,23806945355.0000,0.008305,-0.760044
2008-11-05,1716.2190,1760.6090,1788.2580,1716.2190,6031791100,37571925290.0000,0.012757,3.158488
2008-11-06,1720.4210,1717.7220,1728.2190,1703.0990,4568071200,27071743425.0000,0.009661,-2.435916
2008-11-07,1686.5240,1747.7130,1762.2330,1680.6020,4680765800,28642256306.0000,0.009896,1.745973
2008-11-10,1782.3050,1874.8010,1876.1620,1782.3050,9127326300,56867292119.0000,0.019278,7.271675
2008-11-11,1872.0670,1843.6070,1887.7950,1840.9160,9087918500,56734541210.0000,0.019194,-1.663855
2008-11-12,1820.4390,1859.1100,1863.8960,1815.0760,6587332100,40990801856.0000,0.013910,0.840902
2008-11-13,1837.2740,1927.6130,1942.8970,1825.8830,12106744100,78179424925.0000,0.025565,3.684723
2008-11-14,1943.9640,1986.4380,1987.2610,1921.8360,13043949300,87849964152.0000,0.027535,3.051699
2008-11-17,1981.2640,2030.4850,2031.1030,1963.8540,13684065600,90212326476.0000,0.028846,2.217386
2008-11-18,2020.9860,1902.4300,2050.8790,1889.8650,15669887900,101452985667.0000,0.032990,-6.306618
2008-11-19,1889.3510,2017.4740,2023.9110,1883.8350,12880964500,84200307892.0000,0.027096,6.047210
2008-11-20,1977.2080,1983.7600,2030.8680,1956.7340,13084057800,86046868710.0000,0.027515,-1.671099
2008-11-21,1932.5960,1969.3890,2013.1790,1893.1470,12712308400,83780374506.0000,0.026661,-0.724431
2008-11-24,1961.2060,1897.0600,1974.4700,1893.3430,8451944400,54807506516.0000,0.017708,-3.672661
2008-11-25,1925.2480,1888.7150,1939.3690,1858.1650,6954117400,45757936706.0000,0.014570,-0.439896
2008-11-26,1890.3330,1897.8840,1914.7080,1873.1790,6514000300,42237583195.0000,0.013648,0.485466
2008-11-27,2012.6860,1917.8610,2022.4830,1916.4660,12233712600,83969160775.0000,0.025636,1.052590
2008-11-28,1901.6750,1871.1560,1915.2740,1856.2860,7772228100,50507472562.0000,0.016250,-2.435263
2008-12-01,1865.7430,1894.6150,1895.7560,1838.1000,8189035300,52236308371.0000,0.017094,1.253716
2008-12-02,1856.9700,1889.6380,1907.7750,1846.5330,10428893400,67566346386.0000,0.021769,-0.262695
2008-12-03,1903.4290,1965.4140,1965.8300,1902.9400,13491612400,89000038983.0000,0.028151,4.010080
2008-12-04,1992.7200,2001.5040,2055.2070,1985.1980,17595228000,122821692142.0000,0.036711,1.836259
2008-12-05,1984.2580,2018.6560,2019.7480,1975.7110,11849033600,80997863137.0000,0.024695,0.856954
2008-12-08,2049.1620,2090.7730,2091.2840,2038.1890,16497306100,116505288299.0000,0.034334,3.572523
2008-12-09,2100.7720,2037.7400,2100.8060,2036.8890,14533417900,104021561914.0000,0.030209,-2.536524
2008-12-10,2025.0270,2079.1170,2079.5520,2005.5580,12825105000,93077445923.0000,0.026651,2.030531
2008-12-11,2072.5770,2031.6810,2087.1960,2028.7260,12169674400,87773804500.0000,0.025289,-2.281541
2008-12-12,2014.5800,1954.2150,2023.1770,1932.2720,10814780800,73375910942.0000,0.022473,-3.812905
2008-12-15,1977.0280,1964.3740,1989.3030,1936.5610,8153695100,55210424406.0000,0.016935,0.519854
2008-12-16,1948.8590,1975.0060,1976.7190,1907.8260,7832854400,52832685888.0000,0.016269,0.541239
2008-12-17,1983.8360,1976.8190,2003.3750,1971.8160,9724727800,68394891258.0000,0.020198,0.091797
2008-12-18,1978.9740,2015.6940,2016.5690,1958.9750,9216030400,64930771689.0000,0.019140,1.966543
2008-12-19,2006.2080,2018.4630,2038.6570,1997.1200,10218339200,72954018626.0000,0.021186,0.137374
2008-12-22,2016.4540,1987.7550,2016.4540,1965.3540,8682054800,60430366505.0000,0.017959,-1.521356
2008-12-23,1990.0490,1897.2250,1990.0490,1895.1780,9898595500,66982772287.0000,0.020474,-4.554386
2008-12-24,1873.5770,1863.8000,1887.3140,1850.8550,7449575600,48333598104.0000,0.015405,-1.761780
2008-12-25,1865.7210,1852.4190,1877.7680,1832.3550,6456614700,42169635258.0000,0.013308,-0.610640
2008-12-26,1852.9110,1851.5180,1866.6300,1840.1910,5325620100,34864413042.0000,0.010964,-0.048639
2008-12-29,1846.3040,1850.4800,1856.3340,1815.4070,5502139900,37095629471.0000,0.011245,-0.056060
2008-12-30,1851.9090,1832.9100,1862.9370,1826.9800,5646622100,37852627021.0000,0.011498,-0.949480
2008-12-31,1834.9490,1820.8050,1844.3670,1814.7520,5039609900,33526169662.0000,0.010261,-0.660424
2009-01-05,1849.0200,1880.7160,1880.7160,1844.0940,6713671500,46100959083.0000,0.013630,3.290351
2009-01-06,1878.8270,1937.1450,1938.6900,1871.9710,9906675600,69012567705.0000,0.020068,3.000404
2009-01-07,1938.9740,1924.0120,1948.2330,1920.5150,9236008600,63931164740.0000,0.018708,-0.677959
2009-01-08,1890.2420,1878.1810,1894.1710,1862.2630,8037400000,55076814285.0000,0.016279,-2.382050
2009-01-09,1875.1640,1904.8610,1909.3490,1875.1640,7122477900,50131264134.0000,0.014421,1.420520
2009-01-12,1897.7030,1900.3470,1924.4410,1886.8330,8364555700,59507232593.0000,0.016901,-0.236968
2009-01-13,1880.8680,1863.3670,1888.3090,1861.8110,7383646000,49268185747.0000,0.014905,-1.945966
2009-01-14,1862.3100,1928.8690,1929.2760,1862.3090,8791805100,64187216921.0000,0.017748,3.515254
2009-01-15,1912.7720,1920.2060,1937.7280,1902.5420,11598440900,83224642456.0000,0.023400,-0.449121
2009-01-16,1928.9220,1954.4380,1984.7280,1928.9220,13297253800,100032422214.0000,0.026797,1.782722
2009-01-19,1971.0000,1986.6720,2018.5100,1966.1880,10940136100,81124780587.0000,0.022029,1.649272
2009-01-20,1981.1470,1994.1070,1994.8090,1956.1020,7456538900,55559942615.0000,0.015015,0.374247
2009-01-21,1965.9440,1985.0160,2007.9110,1960.5290,8728919800,68074243531.0000,0.017571,-0.455896
2009-01-22,1996.0860,2004.9510,2009.8510,1980.4380,8828449500,66506084643.0000,0.017770,1.004277
2009-01-23,2001.1720,1990.6570,2008.7880,1986.3480,8596770600,62932392386.0000,0.017279,-0.712939
2009-02-02,2008.1340,2011.6830,2012.7420,1987.1290,8476627200,61818715800.0000,0.016965,1.056234
2009-02-03,2011.7700,2060.8080,2060.9250,2005.0220,13440769400,96712688397.0000,0.026900,2.441991
2009-02-04,2068.0860,2107.7490,2108.2570,2067.7860,15178586700,110696114214.0000,0.030378,2.277792
2009-02-05,2106.8350,2098.0180,2149.4760,2082.5960,16535219700,124500738446.0000,0.033092,-0.461675
2009-02-06,2102.0780,2181.2390,2185.0860,2102.0780,16086018900,120665866595.0000,0.032174,3.966646
2009-02-09,2211.3170,2224.7140,2238.8940,2196.7080,19231268600,150469045890.0000,0.038394,1.993138
2009-02-10,2218.4890,2265.1610,2266.3980,2197.0070,17258736100,135681439586.0000,0.034432,1.818066
2009-02-11,2230.4900,2260.8200,2305.7050,2218.2970,20932807400,172321488281.0000,0.041761,-0.191634
2009-02-12,2265.7890,2248.0910,2274.2010,2191.8870,17397684800,142103890049.0000,0.034709,-0.563026
2009-02-13,2249.1850,2320.7920,2323.1200,2236.1780,19971551200,164495583289.0000,0.039835,3.233896
2009-02-16,2338.7580,2389.3870,2389.8780,2328.1790,21142761000,177943626091.0000,0.042089,2.955671
2009-02-17,2387.3540,2319.4410,2402.8070,2316.9340,19811783600,169208652573.0000,0.039403,-2.927364
2009-02-18,2271.2600,2209.8620,2295.7410,2206.0620,16246187900,135271731033.0000,0.032309,-4.724365
2009-02-19,2224.4900,2227.1250,2247.6160,2190.4730,12984405000,108339620206.0000,0.025822,0.781177
2009-02-20,2234.3650,2261.4780,2262.3320,2206.2110,12893810500,109165791609.0000,0.025635,1.542483
2009-02-23,2249.2890,2305.7770,2313.5940,2219.7140,16028911800,138632957860.0000,0.031837,1.958855
2009-02-24,2273.7550,2200.6540,2295.5900,2193.2680,18385310600,158380699123.0000,0.036510,-4.559116
2009-02-25,2222.5060,2206.5740,2234.0180,2142.6010,15237689800,131714313637.0000,0.030258,0.269007
2009-02-26,2201.6720,2121.2510,2237.5470,2102.3460,14863885200,127405686890.0000,0.029502,-3.866763
2009-02-27,2100.0630,2082.8520,2123.2440,2064.9180,12290521000,98102105111.0000,0.024386,-1.810202
2009-03-02,2066.2290,2093.4470,2102.1120,2052.9920,8746258700,72211341967.0000,0.017103,0.508676
2009-03-03,2047.2130,2071.4310,2088.6280,2037.0240,9778172800,79994309136.0000,0.019100,-1.051668
2009-03-04,2076.6160,2198.1070,2201.7270,2076.6160,15481127500,127892955248.0000,0.030240,6.115387
2009-03-05,2220.1500,2221.0760,2241.7610,2173.4910,18244110500,154447113354.0000,0.035630,1.044944
2009-03-06,2180.7880,2193.0070,2221.0400,2171.6680,12386323300,105456001939.0000,0.024180,-1.263750
2009-03-09,2205.7460,2118.7480,2232.6740,2116.4530,12430064700,103789266892.0000,0.024227,-3.386174
2009-03-10,2097.1390,2158.5680,2159.2680,2088.1620,8394026200,69210911817.0000,0.016348,1.879415
2009-03-11,2199.9830,2139.0250,2203.5340,2133.1410,10372345300,88140678289.0000,0.020200,-0.905378
2009-03-12,2127.7260,2133.8810,2136.7950,2086.0180,8721315100,70844692379.0000,0.016984,-0.240474
2009-03-13,2148.4180,2128.8480,2166.0220,2124.9790,8350488700,71086096898.0000,0.016258,-0.235871
2009-03-16,2122.4080,2153.2910,2158.9000,2108.6120,7338263500,61350177716.0000,0.014268,1.148185
2009-03-17,2156.7740,2218.3260,2225.1920,2151.7760,13080542300,112232753431.0000,0.025429,3.020257
2009-03-18,2227.9810,2223.7250,2255.0090,2221.5880,14699459900,125865348731.0000,0.028551,0.243389
2009-03-19,2227.3440,2265.7590,2268.1440,2220.1640,14582231900,127776268560.0000,0.028323,1.890249
2009-03-20,2272.4370,2281.0870,2294.1170,2250.4050,15052366400,133689859541.0000,0.029234,0.676501
2009-03-23,2286.2460,2325.4800,2329.1830,2276.8100,16006023500,150481167173.0000,0.031060,1.946137
2009-03-24,2359.6790,2338.4200,2369.4540,2327.4300,16272708100,149657505366.0000,0.031576,0.556442
2009-03-25,2333.1630,2291.5550,2355.6900,2291.3590,14484246900,132141017314.0000,0.028098,-2.004131
2009-03-26,2296.0470,2361.7040,2362.0480,2274.8950,15855682200,142115262676.0000,0.030758,3.061204
2009-03-27,2380.6260,2374.4380,2392.7690,2361.0910,18652838900,162372580273.0000,0.036129,0.539182
2009-03-30,2377.9640,2358.0400,2380.1940,2348.5270,13988060600,126966646884.0000,0.027029,-0.690603
2009-03-31,2313.8830,2373.2130,2375.7120,2299.1580,14269549800,135218694637.0000,0.027541,0.643452
2009-04-01,2380.9790,2408.0170,2422.6250,2380.9790,17985761900,166542110985.0000,0.034707,1.466544
2009-04-02,2417.2170,2425.2910,2450.0030,2417.1110,18838598300,172522522029.0000,0.036353,0.717351
2009-04-03,2446.1240,2419.7780,2456.8110,2406.4960,17025168400,157219614568.0000,0.032803,-0.227310
2009-04-07,2422.1000,2439.1820,2449.5370,2407.5060,12420922300,116789605458.0000,0.023888,0.801884
2009-04-08,2429.8790,2347.3850,2435.3880,2346.5370,14680915700,135641110560.0000,0.028234,-3.763429
2009-04-09,2345.0090,2379.8760,2380.9350,2331.8770,11323497600,106619208493.0000,0.021772,1.384135
2009-04-10,2400.0140,2444.2260,2444.9810,2392.8000,15749119600,155514586745.0000,0.030248,2.703927
2009-04-13,2468.0830,2513.7010,2522.4450,2464.0610,19134493200,187711670981.0000,0.036699,2.842407
2009-04-14,2512.0090,2527.1810,2532.0890,2495.3370,16518009300,161980251322.0000,0.031678,0.536260
2009-04-15,2514.5910,2536.0560,2542.5400,2485.9260,18108568800,174328823217.0000,0.034715,0.351182
2009-04-16,2542.3360,2534.1340,2549.3120,2497.1220,18616311900,175385575240.0000,0.035671,-0.075782
2009-04-17,2524.6260,2503.9350,2539.3520,2481.8990,16159359500,157622439863.0000,0.030835,-1.191688
2009-04-20,2500.1730,2557.4560,2559.0360,2497.3210,14790425100,140514630580.0000,0.028037,2.137475
2009-04-21,2523.2620,2535.8280,2552.5980,2499.6010,16462154200,154981760713.0000,0.031193,-0.845691
2009-04-22,2548.1050,2461.3460,2579.2180,2449.8950,19398409600,177684058255.0000,0.036703,-2.937184
2009-04-23,2440.6760,2463.9540,2474.1460,2422.7890,12611975600,113289481801.0000,0.023822,0.105965
2009-04-24,2477.1560,2448.5950,2481.5270,2445.6640,11379684500,108707318998.0000,0.021438,-0.623353
2009-04-27,2443.4360,2405.3480,2452.9280,2393.1620,11300818300,103129576177.0000,0.021053,-1.766199
2009-04-28,2382.8840,2401.4380,2411.4380,2372.3430,9481529600,90832146515.0000,0.017657,-0.162551
2009-04-29,2401.6580,2468.1920,2477.7250,2395.4830,12653072200,121162110146.0000,0.023546,2.779747
2009-04-30,2477.9280,2477.5690,2491.0720,2461.3650,13115416800,128415988367.0000,0.024371,0.379922
2009-05-04,2486.6850,2559.9110,2560.5440,2486.2250,15336999000,146556669904.0000,0.028513,3.323491
2009-05-05,2577.4290,2567.3370,2590.7760,2552.3900,15842228300,151483744830.0000,0.029447,0.290089
2009-05-06,2563.5640,2592.5200,2596.9250,2552.6320,16070858300,154739266212.0000,0.029872,0.980904
2009-05-07,2612.1230,2597.4470,2622.1120,2566.1210,18181146000,174950684019.0000,0.033793,0.190047
2009-05-08,2586.7590,2625.6450,2634.0610,2574.5720,16192097600,156218400970.0000,0.030075,1.085604
2009-05-11,2646.2870,2579.7470,2663.9500,2579.7470,17824835900,172321991651.0000,0.032989,-1.748064
2009-05-12,2562.3630,2618.1720,2619.6920,2558.9630,12300596000,113535287102.0000,0.022722,1.489489
2009-05-13,2629.0310,2663.7660,2670.2130,2608.3170,14583600600,144852897922.0000,0.026938,1.741444
2009-05-14,2631.4450,2639.8870,2651.4880,2610.2230,12476244200,121454136837.0000,0.023017,-0.896443
2009-05-15,2646.8910,2645.2630,2661.3660,2623.3640,11089018200,106608365463.0000,0.020429,0.203644
2009-05-18,2632.5690,2652.7790,2656.8440,2589.6130,11904889400,117756928313.0000,0.021886,0.284135
2009-05-19,2679.3960,2676.6820,2688.1120,2660.5600,14746609700,148278271700.0000,0.026567,0.901049
2009-05-20,2680.5470,2651.4140,2686.3450,2651.0110,13824586100,137726378251.0000,0.024861,-0.943998
2009-05-21,2639.1410,2610.6220,2663.2270,2598.8690,13892698100,138836441743.0000,0.024966,-1.538500
2009-05-22,2595.9880,2597.6010,2617.7490,2578.5930,9914729800,99118250399.0000,0.017774,-0.498770
2009-05-25,2555.3420,2610.0100,2618.3590,2538.6220,11200078500,112783408600.0000,0.019966,0.477708
2009-05-26,2615.0060,2588.5750,2618.8000,2585.9100,11451467000,118131294543.0000,0.020323,-0.821263
2009-05-27,2601.2400,2632.9300,2635.3130,2592.7940,10316772000,103279252690.0000,0.018288,1.713490
2009-06-01,2668.4000,2721.2800,2726.7160,2668.4000,14795955100,156583372878.0000,0.026206,3.355581
2009-06-02,2739.4420,2724.3020,2750.8800,2713.4660,15635605800,161533528215.0000,0.027654,0.111050
2009-06-03,2722.2660,2778.5890,2778.6830,2717.8630,15568165800,159933137295.0000,0.027486,1.992698
2009-06-04,2753.2480,2767.2440,2778.2420,2728.1990,17087892100,179530474728.0000,0.030164,-0.408309
2009-06-05,2783.8590,2753.8910,2791.6490,2750.3770,14664811300,154008004633.0000,0.025827,-0.482530
2009-06-08,2753.3450,2768.3360,2795.1490,2729.0280,13323144700,139055628788.0000,0.023365,0.524524
2009-06-09,2766.5100,2787.8870,2788.3660,2721.8540,13260156700,133368340812.0000,0.023128,0.706237
2009-06-10,2796.9030,2816.2470,2820.5750,2789.9960,14526718800,144164564764.0000,0.025272,1.017262
2009-06-11,2812.2790,2797.3200,2828.7390,2787.4490,13411487700,132679466784.0000,0.023331,-0.672065
2009-06-12,2793.9680,2743.7620,2812.6790,2722.2170,12769465100,123856774504.0000,0.022189,-1.914622
2009-06-15,2743.0310,2789.5490,2790.9770,2727.7390,10622501300,108611224653.0000,0.018448,1.668771
2009-06-16,2762.7410,2776.0220,2797.4830,2753.6940,10338332700,108276958955.0000,0.017942,-0.484921
2009-06-17,2771.5210,2810.1230,2813.6130,2744.2180,11078374200,117977930214.0000,0.019223,1.228415
2009-06-18,2812.9890,2853.9030,2855.4150,2810.8530,13884269400,147268582062.0000,0.024077,1.557940
2009-06-19,2861.1770,2880.4920,2886.4990,2847.3580,15302336200,151320731378.0000,0.026513,0.931667
2009-06-22,2900.5720,2896.3020,2923.2360,2884.1310,14697220000,148019601206.0000,0.025435,0.548867
2009-06-23,2853.4910,2892.6970,2941.0550,2841.9020,14446526700,144529047289.0000,0.024978,-0.124468
2009-06-24,2889.0460,2922.2990,2923.4700,2880.2850,14057426000,146582080279.0000,0.024266,1.023337
2009-06-25,2926.6200,2925.0460,2946.8980,2909.0900,11961302000,129317186953.0000,0.020627,0.093995
2009-06-26,2930.5020,2928.2110,2937.6140,2910.3450,10956072000,115288196390.0000,0.018884,0.108205
2009-06-29,2930.3130,2975.3140,2976.9220,2918.3900,12854377400,136897820414.0000,0.022131,1.608594
2009-06-30,2990.1180,2959.3620,2997.2720,2953.3640,12581395800,143702358882.0000,0.021651,-0.536142
2009-07-01,2950.1690,3008.1500,3009.7060,2947.6900,13825013300,153787572559.0000,0.023779,1.648593
2009-07-02,3015.0770,3060.2540,3062.5640,3015.0770,16196028400,181106412972.0000,0.027858,1.732095
2009-07-03,3035.8140,3088.3670,3088.8620,3029.5460,15946794600,177437706872.0000,0.027256,0.918650
2009-07-06,3091.4780,3124.6670,3128.3100,3090.0990,18323731600,203906252982.0000,0.024190,1.175380
2009-07-07,3118.2680,3089.4500,3130.0670,3077.4760,17877574100,188053086155.0000,0.023600,-1.127065
2009-07-08,3057.4600,3080.7740,3097.9640,3011.2140,15548918100,170730196862.0000,0.020520,-0.280828
2009-07-09,3073.5180,3123.0350,3123.5100,3064.2090,16728788200,184340942497.0000,0.022072,1.371765
2009-07-10,3124.7890,3113.9320,3140.0440,3099.9870,16116226900,178156523866.0000,0.021259,-0.291480
2009-07-13,3098.9560,3080.5560,3112.8750,3076.3020,15661005700,172773199129.0000,0.020635,-1.071828
2009-07-14,3088.5800,3145.1570,3147.5920,3088.5800,16168847900,178310252157.0000,0.021260,2.097059
2009-07-15,3156.6250,3188.5510,3188.9100,3156.6250,19591147900,217648397033.0000,0.025759,1.379710
2009-07-16,3209.7750,3183.7420,3221.0680,3175.9570,19123018400,218405539516.0000,0.025140,-0.150823
2009-07-17,3181.0630,3189.7410,3197.2310,3158.5660,16469067200,186627471862.0000,0.021647,0.188427
2009-07-20,3203.8880,3266.9200,3269.1800,3192.9040,19887079500,234137657938.0000,0.026128,2.419600
2009-07-21,3275.6670,3213.2060,3279.5870,3207.5010,19756589700,232283940769.0000,0.025954,-1.644175
2009-07-22,3207.9870,3296.6150,3301.4270,3207.2570,16821304300,205904362436.0000,0.022089,2.595817
2009-07-23,3301.1030,3328.4900,3331.0630,3289.2240,16639775200,195399677893.0000,0.021851,0.966901
2009-07-24,3343.7560,3372.6030,3398.0490,3306.9110,18973867600,223586942004.0000,0.024912,1.325317
2009-07-27,3377.7160,3435.2120,3435.9330,3376.2860,19762363400,240590664414.0000,0.025909,1.856397
2009-07-28,3434.3200,3438.3710,3439.9240,3392.4280,20424581900,243639209471.0000,0.026770,0.091965
2009-07-29,3419.9910,3266.4320,3454.0190,3174.2140,27580119700,296925811670.0000,0.036136,-5.000601
2009-07-30,3281.2030,3321.5600,3336.6400,3215.7530,19801021300,219805237487.0000,0.025944,1.687718
2009-07-31,3354.6790,3412.0620,3414.1450,3333.7180,19371437500,223913413668.0000,0.025324,2.724682
2009-08-03,3429.6930,3462.5900,3465.1730,3398.4480,20081370600,236321894284.0000,0.025925,1.480866
2009-08-04,3477.1120,3471.4420,3478.0100,3404.8180,21149015400,251125070529.0000,0.027300,0.255641
2009-08-05,3467.0470,3428.5010,3468.0970,3385.4240,20250254300,240942030788.0000,0.026138,-1.236976
2009-08-06,3401.4790,3356.3300,3419.7440,3309.6060,17482737400,216977962145.0000,0.022474,-2.105028
2009-08-07,3352.6590,3260.6900,3374.4610,3244.1010,15316000700,184965518554.0000,0.019681,-2.849545
2009-08-10,3287.7590,3249.7600,3307.8850,3201.0600,12668373800,153092244814.0000,0.016263,-0.335203
2009-08-11,3261.4060,3264.7260,3273.0210,3222.7070,10375229700,122590680050.0000,0.013318,0.460528
2009-08-12,3255.9850,3112.7190,3255.9860,3104.5650,13444746300,157502777840.0000,0.017115,-4.656044
2009-08-13,3112.5730,3140.5600,3150.3650,3060.1190,11693422600,138622307552.0000,0.014882,0.894429
2009-08-14,3138.1460,3046.9720,3146.0050,3039.3050,12581559200,146317184904.0000,0.016012,-2.979982
2009-08-17,2994.8660,2870.6300,3020.2640,2867.3940,12505895900,137505293027.0000,0.015896,-5.787452
2009-08-18,2845.3350,2910.8840,2920.6390,2827.1130,10625152600,117884729875.0000,0.013398,1.402276
2009-08-19,2916.0950,2785.5840,2929.0630,2761.3950,11446946400,122264986103.0000,0.014435,-4.304536
2009-08-20,2798.3700,2911.5820,2914.6400,2798.3700,11003908600,122097426929.0000,0.013874,4.523219
2009-08-21,2905.0530,2960.7710,2969.5210,2883.2730,12679030100,137911220134.0000,0.015986,1.689424
2009-08-24,2982.1920,2993.4290,3004.9040,2944.9230,12287572100,138833922734.0000,0.015462,1.103022
2009-08-25,2980.1000,2915.8030,2980.1000,2823.6370,14523618000,160950171870.0000,0.018270,-2.593213
2009-08-26,2889.7350,2967.5950,2995.8030,2872.2640,13042535400,143733812889.0000,0.016407,1.776251
2009-08-27,2947.8270,2946.3950,2988.0280,2909.8930,13674590400,145246643795.0000,0.017201,-0.714382
2009-08-28,2938.4230,2860.6880,2949.4320,2843.1090,12304850000,133753880604.0000,0.015479,-2.908878
2009-08-31,2817.6290,2667.7450,2817.6290,2662.9970,11824625000,124636800410.0000,0.014845,-6.744632
2009-09-01,2649.1680,2683.7240,2727.0770,2639.7590,9804258500,101721429901.0000,0.012302,0.598970
2009-09-02,2681.3300,2714.9740,2729.7060,2669.2170,8393471400,88188217124.0000,0.010530,1.164427
2009-09-03,2722.3050,2845.0240,2854.1610,2715.6190,12989025100,138875482412.0000,0.016295,4.790094
2009-09-04,2841.1710,2861.6090,2875.9830,2827.5760,12888993600,142234775802.0000,0.016162,0.582946
2009-09-07,2877.6220,2881.1160,2919.3500,2860.0000,13118281200,146736291543.0000,0.016441,0.681682
2009-09-08,2865.6950,2930.4750,2931.2300,2831.8520,12792938400,148628212351.0000,0.016032,1.713195
2009-09-09,2944.1740,2946.2590,2962.2870,2900.1110,13075449400,153300824282.0000,0.016381,0.538614
2009-09-10,2934.9580,2924.8830,2958.9540,2911.2120,10589485700,116959730751.0000,0.013259,-0.725529
2009-09-11,2917.1930,2989.7920,2999.3280,2915.9040,12324666600,137963303012.0000,0.015432,2.219198
2009-09-14,2990.9330,3026.7410,3033.0830,2984.8350,14371122500,157101544656.0000,0.017881,1.235838
2009-09-15,3029.0970,3033.7280,3050.4260,2999.4330,14446775500,160037378484.0000,0.017958,0.230844
2009-09-16,3027.5060,2999.7100,3028.5640,2960.5910,14741577800,168333694974.0000,0.018322,-1.121329
2009-09-17,3015.5860,3060.2600,3064.2340,3015.5860,16074039100,178151709269.0000,0.019973,2.018530
2009-09-18,3063.3090,2962.6670,3068.0280,2940.8300,16807658400,181458619074.0000,0.020884,-3.189043
2009-09-21,2937.9260,2967.0110,2968.7010,2871.6460,13623198000,145766672565.0000,0.016922,0.146624
2009-09-22,2956.1290,2897.5530,2982.8950,2896.9370,12407469900,137830598075.0000,0.015410,-2.341009
2009-09-23,2897.8080,2842.7210,2924.1980,2825.8590,10762636200,116786681716.0000,0.013353,-1.892356
2009-09-24,2824.5830,2853.5540,2886.2560,2783.1060,10254132600,110945106650.0000,0.012722,0.381079
2009-09-25,2836.6990,2838.8420,2864.0750,2812.9180,7516760100,81071372393.0000,0.009322,-0.515565
2009-09-28,2844.3700,2763.5250,2857.9480,2752.7730,7187458600,75489556651.0000,0.008908,-2.653094
2009-09-29,2763.7640,2754.5400,2779.6910,2712.2990,7356553900,74303751643.0000,0.009097,-0.325123
2009-09-30,2772.5690,2779.4260,2803.8580,2763.7120,6483325400,68136299961.0000,0.008016,0.903453
2009-10-09,2840.1310,2911.7150,2912.5500,2834.6180,8554655500,93167970402.0000,0.010574,4.759582
2009-10-12,2927.0210,2894.4830,2932.0780,2893.5730,8818663100,99951801185.0000,0.010899,-0.591822
2009-10-13,2889.7880,2936.1910,2937.8240,2886.9590,7999790400,88547887511.0000,0.009857,1.440948
2009-10-14,2945.6690,2970.5320,3010.6110,2943.7420,12963014800,141568371228.0000,0.015973,1.169579
2009-10-15,2994.8900,2979.7880,3014.2600,2967.1080,9861758700,110455323562.0000,0.012152,0.311598
2009-10-16,2992.7450,2976.6330,3008.1790,2931.9200,9222279900,104758645997.0000,0.010602,-0.105881
2009-10-19,2974.6440,3038.2730,3039.6050,2962.3070,12061559800,140591460072.0000,0.013834,2.070792
2009-10-20,3062.5510,3084.4540,3084.9440,3053.6430,14365118700,167161044207.0000,0.016476,1.519980
2009-10-21,3080.5200,3070.5890,3105.5140,3062.5600,13548277000,155155390547.0000,0.015539,-0.449512
2009-10-22,3068.6780,3051.4120,3080.6630,3045.0330,10303148800,119567159304.0000,0.011817,-0.624538
2009-10-23,3057.3870,3107.8470,3123.4630,3057.3870,13860090200,157263682658.0000,0.015897,1.849465
2009-10-26,3114.2940,3109.5660,3123.3640,3083.1830,11482611800,131363244641.0000,0.013162,0.055311
2009-10-27,3086.0910,3021.4590,3086.0910,3020.4940,12088675700,139816121673.0000,0.010772,-2.833416
2009-10-28,3014.1820,3031.3290,3038.0590,2974.2580,10097313800,114190894867.0000,0.008996,0.326667
2009-10-29,2975.1990,2960.4660,2993.4350,2952.0140,11028223400,117301802913.0000,0.009770,-2.337689
2009-10-30,3007.2500,2995.8480,3027.1310,2983.9300,10479218700,117402756236.0000,0.009282,1.195144
2009-11-02,2933.8170,3076.6490,3077.9070,2923.5250,13728611000,154859076428.0000,0.012159,2.697100
2009-11-03,3085.7440,3114.2270,3121.2020,3078.9440,15055225800,170322179754.0000,0.013334,1.221398
2009-11-04,3119.3130,3128.5370,3141.4530,3096.3540,14537026800,163921599373.0000,0.012875,0.459506
2009-11-05,3133.5050,3155.0530,3158.7180,3122.5240,14546576600,155331704809.0000,0.012883,0.847549
2009-11-06,3176.1370,3164.0370,3183.5740,3156.9930,16349081400,180951326315.0000,0.014478,0.284754
2009-11-09,3162.1460,3175.5850,3176.6610,3141.7700,13918983500,158769551515.0000,0.012319,0.364972
2009-11-10,3203.1710,3178.6100,3211.1050,3176.2550,14244801900,162987782589.0000,0.012607,0.095263
2009-11-11,3176.3110,3175.1920,3186.5950,3149.0710,12682170100,144489851075.0000,0.011217,-0.107538
2009-11-12,3181.4570,3172.9450,3199.8690,3163.0780,13803304700,152574674550.0000,0.012205,-0.070762
2009-11-13,3164.6500,3187.6470,3189.0910,3127.5020,15114749400,165544017396.0000,0.013347,0.463352
2009-11-16,3206.4280,3275.0480,3275.5490,3206.4280,20037898100,228237188511.0000,0.017690,2.741869
2009-11-17,3291.0440,3282.8890,3298.3790,3275.3050,16603730500,194755903737.0000,0.014656,0.239411
2009-11-18,3287.2650,3303.2340,3315.8720,3274.2120,15866395200,181541759417.0000,0.014003,0.619728
2009-11-19,3311.1880,3320.6120,3329.0280,3285.8050,17461964800,194727737452.0000,0.015411,0.526096
2009-11-20,3309.3760,3308.3460,3332.5310,3280.1840,17607402500,200567008565.0000,0.015539,-0.369393
2009-11-23,3312.9740,3338.6630,3339.3050,3305.5020,16953159000,203664331120.0000,0.014962,0.916384
2009-11-24,3352.2200,3223.5260,3361.3860,3214.0260,25021155400,290776929009.0000,0.022082,-3.448602
2009-11-25,3214.8150,3290.1650,3291.1730,3188.0190,18902673700,218005084012.0000,0.016682,2.067276
2009-11-26,3296.0140,3170.9800,3305.3270,3160.3500,21797883800,254470656114.0000,0.019236,-3.622464
2009-11-27,3137.2970,3096.2650,3169.7550,3080.8850,14880272700,172027222272.0000,0.013126,-2.356215
2009-11-30,3114.2900,3195.3010,3195.8790,3114.2900,13886026300,160253602390.0000,0.012225,3.198568
2009-12-01,3191.0580,3235.3630,3240.6610,3173.4160,16527976700,191224194300.0000,0.014512,1.253779
2009-12-02,3252.9790,3269.7520,3278.2700,3245.9640,17505136300,203881129620.0000,0.015362,1.062907
2009-12-03,3267.9950,3264.6280,3270.3670,3227.7720,15921998800,189142807263.0000,0.013970,-0.156710
2009-12-04,3256.6140,3317.0440,3319.1290,3214.8400,21594507200,257424740161.0000,0.018948,1.605574
2009-12-07,3313.0600,3331.8970,3334.0110,3302.1340,13987600100,171777187505.0000,0.012220,0.447779
2009-12-08,3330.3260,3296.6640,3330.3820,3260.6710,13706557300,162702744972.0000,0.011974,-1.057443
2009-12-09,3258.0030,3239.5680,3284.6450,3228.2040,11509503000,136331900862.0000,0.010052,-1.731931
2009-12-10,3258.3540,3254.2640,3276.1260,3225.5620,9430651600,112620839717.0000,0.008235,0.453635
2009-12-11,3260.4480,3247.3180,3280.9390,3242.3730,9154294500,107609651876.0000,0.007994,-0.213437
2009-12-14,3246.9510,3302.9040,3315.0340,3178.2290,11824332100,139330189850.0000,0.010324,1.711749
2009-12-15,3283.5980,3274.4600,3303.1760,3267.9350,10148456700,126068871830.0000,0.008859,-0.861184
2009-12-16,3262.8620,3255.2130,3299.3310,3246.6070,10387351300,123169006870.0000,0.009068,-0.587794
2009-12-17,3261.6080,3179.0780,3272.9750,3176.6260,10564658600,123804680794.0000,0.009222,-2.338864
2009-12-18,3154.8150,3113.8860,3169.5820,3108.0300,10186637600,116511537067.0000,0.008891,-2.050654
2009-12-21,3108.0670,3122.9730,3123.9860,3088.0030,7456812600,90229874549.0000,0.006484,0.291819
2009-12-22,3126.6150,3050.5200,3129.3140,3039.8580,8508078700,99479570551.0000,0.007380,-2.319997
2009-12-23,3048.1990,3073.7770,3078.8370,3041.3480,8005813400,90894879432.0000,0.006936,0.762397
2009-12-24,3080.8740,3153.4100,3156.5310,3075.1070,10240620400,123313719078.0000,0.008871,2.590715
2009-12-25,3149.2260,3141.3530,3154.7740,3128.1500,8454578300,101484901562.0000,0.007322,-0.382344
2009-12-28,3148.8600,3188.7850,3202.0870,3148.8600,9121160800,110610267848.0000,0.007890,1.509919
2009-12-29,3190.1720,3211.7610,3212.5160,3166.7580,10261263700,117061832827.0000,0.008868,0.720528
2009-12-30,3211.8280,3262.6000,3267.0010,3206.2170,12945603900,157757056716.0000,0.011210,1.582905
2009-12-31,3264.9980,3277.1390,3282.2110,3250.0260,11652040200,138977366896.0000,0.010088,0.445621
2010-01-04,3289.7500,3243.7600,3295.2790,3243.3190,10944792700,133773495628.0000,0.009476,-1.018538
2010-01-05,3254.4680,3282.1790,3290.5120,3221.4620,12611506600,161858172981.0000,0.010918,1.184395
2010-01-06,3277.5170,3254.2150,3295.8680,3253.0440,12365138400,158040114734.0000,0.010705,-0.851991
2010-01-07,3253.9910,3192.7760,3268.8190,3176.7070,12865282700,157229581955.0000,0.011138,-1.887988
2010-01-08,3177.2590,3195.9970,3198.9200,3149.0170,9837714700,121739882073.0000,0.008516,0.100890
2010-01-11,3301.6110,3212.7500,3306.7510,3197.3280,13632721600,177557637092.0000,0.011601,0.524185
2010-01-12,3205.7050,3273.9660,3275.2020,3180.0850,14065524100,173949587793.0000,0.011969,1.905410
2010-01-13,3204.9760,3172.6580,3232.8180,3165.4850,15834427800,197329891936.0000,0.013455,-3.094354
2010-01-14,3183.3810,3215.5500,3219.0160,3165.5960,13595450400,168004201473.0000,0.011552,1.351929
2010-01-15,3217.1900,3224.1520,3241.8150,3197.2210,12054113500,151441932665.0000,0.010239,0.267514
2010-01-18,3213.6370,3237.0980,3238.2420,3202.2070,13506723800,169760710359.0000,0.011472,0.401526
2010-01-19,3242.2160,3246.8740,3268.8060,3236.8390,12994353200,162672571503.0000,0.011036,0.302003
2010-01-20,3252.0370,3151.8500,3255.1280,3148.3340,15824311200,192661666820.0000,0.013438,-2.926628
2010-01-21,3154.1890,3158.8630,3176.1470,3126.9020,11433707900,142103163041.0000,0.009701,0.222502
2010-01-22,3118.7240,3128.5880,3147.8290,3062.6290,13775853800,163570680340.0000,0.011688,-0.958419
2010-01-25,3103.3200,3094.4110,3136.9990,3092.9260,7836186200,95145982251.0000,0.006651,-1.092410
2010-01-26,3094.8480,3019.3940,3107.1980,3001.9560,9350709200,109256964463.0000,0.007933,-2.424269
2010-01-27,3020.5400,2986.6070,3028.6470,2972.6270,7655221400,90324580784.0000,0.006494,-1.085884
2010-01-28,2985.2140,2994.1430,3006.0390,2963.8910,7336576700,85654271669.0000,0.006223,0.252331
2010-01-29,2979.7430,2989.2920,3024.8480,2968.4530,8047587500,95656890364.0000,0.006826,-0.162019
2010-02-01,2981.3740,2941.3600,2981.3740,2912.8870,8814711400,103760395661.0000,0.007476,-1.603453
2010-02-02,2955.7530,2934.7130,2990.7480,2930.5590,8248578900,97685864724.0000,0.006987,-0.225991
2010-02-03,2945.0340,3003.8350,3005.1310,2890.0210,10102253700,119046397344.0000,0.008557,2.355326
2010-02-04,2983.0500,2995.3080,3015.1260,2968.6800,9991836400,114601290076.0000,0.008463,-0.283866
2010-02-05,2936.1970,2939.4020,2959.2330,2918.9090,9727498900,110882284806.0000,0.008232,-1.866453
2010-02-08,2936.4520,2935.1740,2954.2660,2922.1870,6329958200,73159983990.0000,0.005356,-0.143840
2010-02-09,2932.0900,2948.8420,2957.4740,2929.2100,6228220700,68112416248.0000,0.005270,0.465661
2010-02-10,2967.1380,2982.5000,2983.1790,2958.2170,5558800500,67017903260.0000,0.004703,1.141396
2010-02-11,2985.0820,2985.4990,3001.6360,2976.0790,5664630500,64892509383.0000,0.004789,0.100554
2010-02-12,2996.0880,3018.1330,3018.8580,2993.4370,5609212400,66931569830.0000,0.004745,1.093085
2010-02-22,3016.7030,3003.3980,3026.6590,3002.8110,6850514300,78744835872.0000,0.005794,-0.488219
2010-02-23,2998.9070,2982.5750,2998.9070,2938.7530,8039285800,98223524244.0000,0.006797,-0.693315
2010-02-24,2964.9840,3022.1770,3023.7390,2955.0690,9291896200,105568658353.0000,0.007857,1.327780
2010-02-25,3026.6560,3060.6180,3063.0040,3022.3730,11967078100,138961506698.0000,0.010119,1.271961
2010-02-26,3053.4980,3051.9430,3067.5250,3041.6890,10129629100,121468972402.0000,0.008570,-0.283433
2010-03-01,3057.0060,3087.8420,3093.0950,3054.5540,11103887800,131301895669.0000,0.009374,1.176265
2010-03-02,3089.7060,3073.1080,3095.9920,3060.9560,10532764700,124558675160.0000,0.008882,-0.477166
2010-03-03,3074.0990,3097.0050,3098.4560,3061.4670,11715651900,136522058159.0000,0.009861,0.777616
2010-03-04,3098.0690,3023.3730,3102.3980,3016.2150,12638388900,144939960281.0000,0.010637,-2.377517
2010-03-05,3026.6390,3031.0650,3044.1650,3011.0880,9225966500,105764004554.0000,0.007764,0.254414
2010-03-08,3036.4150,3053.2320,3058.8320,3030.9050,8101195000,92751540604.0000,0.006817,0.731327
2010-03-09,3053.2600,3069.1410,3084.8500,3028.6900,9238180300,107489645813.0000,0.007772,0.521060
2010-03-10,3067.1500,3048.9270,3085.9940,3034.7390,8461295300,98739579382.0000,0.007118,-0.658624
2010-03-11,3050.6440,3051.2820,3070.9350,3025.3090,7987219500,96185690103.0000,0.006718,0.077240
2010-03-12,3051.4740,3013.4120,3057.5190,3011.9720,7141891200,84352943940.0000,0.006002,-1.241114
2010-03-15,3010.7220,2976.9390,3013.5170,2963.4940,6374976800,74779819309.0000,0.005349,-1.210360
2010-03-16,2974.4870,2992.8410,2993.8430,2963.4380,5962799100,69931647605.0000,0.004998,0.534176
2010-03-17,2999.8150,3050.4790,3050.7570,2994.8930,8708569900,105010317230.0000,0.007298,1.925860
2010-03-18,3053.1580,3046.0890,3063.5860,3035.0190,9137912400,108541262605.0000,0.007655,-0.143908
2010-03-19,3046.7490,3067.7500,3069.6620,3031.0230,8848118900,103212258494.0000,0.007411,0.711105
2010-03-22,3069.6600,3074.5760,3083.3450,3061.7590,9649941100,113438657970.0000,0.008081,0.222506
2010-03-23,3076.9570,3053.1250,3082.9650,3051.2110,9286719000,108718260881.0000,0.007777,-0.697687
2010-03-24,3058.9280,3056.8080,3076.7490,3052.2130,8926636500,103520051662.0000,0.007474,0.120634
2010-03-25,3051.3560,3019.1760,3051.3560,3012.3080,9019054200,105285006838.0000,0.007551,-1.231091
2010-03-26,3017.2150,3059.7150,3067.7070,3009.9050,9307771600,108957224524.0000,0.007790,1.342719
2010-03-29,3076.0480,3123.7980,3130.2790,3071.6900,13189511400,155187158143.0000,0.011035,2.094411
2010-03-30,3123.8320,3128.4680,3132.5760,3113.7670,10243151500,125184598681.0000,0.008564,0.149495
2010-03-31,3129.5740,3109.1050,3130.1120,3101.7560,10114335100,122804448412.0000,0.008454,-0.618930
2010-04-01,3111.9350,3147.4160,3148.3440,3111.9350,12677921300,154014263543.0000,0.010582,1.232221
2010-04-02,3154.7700,3157.9570,3159.5980,3141.8660,12278938300,150050854794.0000,0.010239,0.334910
2010-04-06,3170.6120,3158.6810,3177.9680,3141.9300,11681470300,144082622105.0000,0.009738,0.022922
2010-04-07,3156.3140,3148.2220,3161.0810,3132.2360,10352157000,126771627758.0000,0.008626,-0.331119
2010-04-08,3143.4510,3118.7090,3143.8270,3110.2560,11464338900,142179596674.0000,0.009553,-0.937448
2010-04-09,3118.9260,3145.3470,3146.4590,3114.7880,10542596000,134094153790.0000,0.008783,0.854133
2010-04-12,3151.8880,3129.2630,3156.2110,3111.8990,13796270100,175003844825.0000,0.011489,-0.511358
2010-04-13,3129.6920,3161.2510,3173.6340,3101.4830,14398204000,184689462067.0000,0.011982,1.022223
2010-04-14,3161.5510,3166.1830,3167.6580,3145.5550,10643584700,137919385516.0000,0.008855,0.156018
2010-04-15,3168.1390,3164.9660,3181.6630,3135.9900,10626390800,136812954006.0000,0.008838,-0.038439
2010-04-16,3159.6720,3130.3020,3159.6720,3121.3660,8093491800,102904446772.0000,0.006729,-1.095243
2010-04-19,3096.7850,2980.2970,3096.7850,2977.7740,12936050500,156394431347.0000,0.010752,-4.792026
2010-04-20,2980.0810,2979.5330,2998.9130,2941.3500,10173224900,124783817741.0000,0.008454,-0.025640
2010-04-21,2984.6180,3033.2780,3034.3270,2972.0960,11630851400,146027651593.0000,0.009664,1.803810
2010-04-22,3021.2890,2999.4840,3023.6410,2978.4570,12172666400,153337726572.0000,0.010114,-1.114115
2010-04-23,2995.5680,2983.5370,3015.6330,2966.7850,10351871300,135881395939.0000,0.008601,-0.531651
2010-04-26,2988.0770,2969.5030,2996.8280,2965.8320,8914667500,116254419538.0000,0.007402,-0.470387
2010-04-27,2962.1450,2907.9280,2962.1450,2866.3420,10827127300,131158554727.0000,0.008981,-2.073578
2010-04-28,2883.1670,2900.3310,2916.6760,2865.4690,8374941100,104850717861.0000,0.006805,-0.261249
2010-04-29,2912.1960,2868.4320,2928.9300,2867.9380,8934443400,112206328592.0000,0.007257,-1.099846
2010-04-30,2867.6490,2870.6110,2875.8060,2820.9490,8873444400,105989977970.0000,0.007205,0.075972
2010-05-04,2821.3540,2835.2770,2862.5550,2809.1320,6607984400,78762912103.0000,0.005333,-1.230887
2010-05-05,2804.5140,2857.1510,2857.2930,2770.3280,9534057800,114155797823.0000,0.007694,0.771486
2010-05-06,2838.9510,2739.7020,2838.9510,2734.9990,9264931600,113199425993.0000,0.007474,-4.110703
2010-05-07,2685.9920,2688.3830,2732.1830,2665.8120,9202626000,108502459593.0000,0.007418,-1.873154
2010-05-10,2690.8590,2698.7570,2713.0610,2646.5890,8185405000,95439351168.0000,0.006590,0.385883
2010-05-11,2745.6040,2647.5740,2751.0700,2638.5330,8789710700,100980560608.0000,0.007076,-1.896544
2010-05-12,2628.0190,2655.7140,2668.1180,2604.1980,8254416000,90582042080.0000,0.006642,0.307457
2010-05-13,2653.5790,2710.5070,2711.0660,2646.8960,8307773300,90736116133.0000,0.006682,2.063210
2010-05-14,2692.0960,2696.6290,2712.8630,2677.1900,7336802400,82576727209.0000,0.005900,-0.512014
2010-05-17,2663.8820,2559.9310,2663.8820,2557.2390,8264832600,88207607272.0000,0.006584,-5.069218
2010-05-18,2555.1410,2594.7830,2603.3200,2529.6250,8279238600,84659769222.0000,0.006595,1.361445
2010-05-19,2581.6300,2587.8070,2623.9590,2554.9840,7137218600,76631733602.0000,0.005685,-0.268850
2010-05-20,2571.5400,2555.9400,2609.6390,2551.4520,6639004400,71961660671.0000,0.005288,-1.231427
2010-05-21,2492.5750,2583.5220,2584.4520,2481.9740,8385609000,86998295723.0000,0.006678,1.079135
2010-05-24,2596.3180,2673.4230,2680.4930,2596.3180,11249727200,121771226183.0000,0.008949,3.479789
2010-05-25,2654.3590,2622.6300,2659.7400,2609.0860,9326905000,101697412562.0000,0.007418,-1.899932
2010-05-26,2620.8530,2625.7930,2644.9410,2610.5100,6871046400,75195627889.0000,0.005461,0.120607
2010-05-27,2615.1050,2655.9180,2662.0810,2583.5480,8788356900,96516279204.0000,0.006985,1.147272
2010-05-28,2680.4030,2655.7670,2686.5420,2641.4050,8694799800,98648768130.0000,0.006908,-0.005681
2010-05-31,2647.8680,2592.1470,2665.3900,2591.5350,7874388200,87203750751.0000,0.006256,-2.395546
2010-06-01,2577.7630,2568.2830,2598.8970,2534.2670,7466611300,79814661762.0000,0.005932,-0.920627
2010-06-02,2548.5420,2571.4230,2572.3430,2521.0570,6486663400,69692518811.0000,0.005149,0.122266
2010-06-03,2575.7700,2552.6560,2596.1370,2551.5290,6950232800,74462434052.0000,0.005517,-0.729833
2010-06-04,2536.2310,2553.5930,2556.9690,2527.8730,5651849500,60645956510.0000,0.004485,0.036707
2010-06-07,2508.3290,2511.7290,2527.1040,2491.6610,6569798800,70153783991.0000,0.005212,-1.639416
2010-06-08,2510.0840,2513.9470,2531.8820,2491.6470,6303246800,69342653328.0000,0.004986,0.088306
2010-06-09,2523.8790,2583.8700,2589.4730,2501.1180,9603098400,102662530103.0000,0.007590,2.781407
2010-06-10,2561.5490,2562.5800,2581.0470,2554.7870,7458396400,80569289041.0000,0.005882,-0.823959
2010-06-11,2574.8990,2569.9420,2590.9790,2566.6160,6651928000,73920367262.0000,0.005246,0.287281
2010-06-17,2588.9650,2560.2450,2595.5090,2559.7230,5495703900,61650699806.0000,0.004331,-0.377315
2010-06-18,2556.6020,2513.2220,2568.8610,2505.3270,6721845300,72840913127.0000,0.005294,-1.836668
2010-06-21,2517.2920,2586.2100,2587.3400,2504.3150,7855442500,81694028138.0000,0.006177,2.904162
2010-06-22,2579.6310,2588.6980,2598.3530,2572.9620,6368145900,65898436608.0000,0.005007,0.096204
2010-06-23,2576.3430,2569.8720,2593.6730,2546.5200,5877682200,61894821152.0000,0.004607,-0.727235
2010-06-24,2563.6390,2566.7450,2586.8980,2554.3420,4885657100,51020728773.0000,0.003817,-0.121677
2010-06-25,2556.5400,2552.8170,2572.8320,2534.2690,5007885200,51687997766.0000,0.003912,-0.542641
2010-06-28,2550.6490,2535.2780,2561.4850,2528.3850,4320393800,45257330900.0000,0.003372,-0.687038
2010-06-29,2534.4960,2427.0530,2541.1420,2425.9270,7374490400,71361871448.0000,0.005753,-4.268766
2010-06-30,2409.5420,2398.3700,2411.4410,2382.3580,5521056900,51154351342.0000,0.004307,-1.181798
2010-07-01,2393.9470,2373.7920,2410.7690,2371.7780,4996768600,46415158479.0000,0.003898,-1.024785
2010-07-02,2371.3230,2382.9010,2386.4000,2319.7390,6832957000,61545270259.0000,0.005325,0.383727
2010-07-05,2358.7570,2363.9470,2378.0880,2335.5710,4799645200,42999668092.0000,0.003739,-0.795411
2010-07-06,2358.2840,2409.4240,2409.7830,2356.5530,6136429500,55618257338.0000,0.004780,1.923776
2010-07-07,2407.6650,2421.1170,2421.6790,2392.5670,5611070000,52493745444.0000,0.004371,0.485297
2010-07-08,2429.6760,2415.1500,2436.2830,2402.0020,5448595400,50449202545.0000,0.004243,-0.246458
2010-07-09,2416.5800,2470.9230,2485.6000,2398.6760,8589014800,81834661782.0000,0.006688,2.309306
2010-07-12,2468.5410,2490.7180,2501.0240,2455.8140,8292234900,81580605524.0000,0.006448,0.801114
2010-07-13,2468.6900,2450.2860,2468.6900,2439.2430,6632701900,63392043165.0000,0.005156,-1.623312
2010-07-14,2456.1030,2470.4400,2494.5890,2456.1030,7294614500,70221217634.0000,0.005668,0.822518
2010-07-15,2465.9890,2424.3040,2487.2370,2423.6490,10553923900,72186340168.0000,0.008171,-1.867521
2010-07-16,2414.6810,2424.2710,2428.4640,2389.0710,7079330300,55992242757.0000,0.005476,-0.001360
2010-07-19,2399.5800,2475.4210,2484.1940,2392.2730,8883896200,79475296793.0000,0.006863,2.109909
2010-07-20,2477.7530,2528.7300,2530.3310,2477.4600,11859837400,111641750850.0000,0.009144,2.153536
2010-07-21,2529.6190,2535.3940,2553.4520,2520.1490,11424783200,105772526002.0000,0.008807,0.263534
2010-07-22,2525.9760,2562.4060,2563.2390,2522.2010,10593421700,95754900535.0000,0.008166,1.065395
2010-07-23,2566.8510,2572.0280,2579.5230,2549.2370,11437314900,101168593469.0000,0.008817,0.375509
2010-07-26,2576.3720,2588.6830,2589.4840,2556.4660,9332648600,88588775158.0000,0.007186,0.647545
2010-07-27,2581.5900,2575.3680,2587.9970,2565.6360,8660523600,85156951249.0000,0.006665,-0.514361
2010-07-28,2574.3220,2633.6630,2636.0020,2564.1560,12897953800,121947192666.0000,0.009919,2.263566
2010-07-29,2635.0480,2648.1160,2656.4080,2623.9440,13912360500,131200311086.0000,0.010615,0.548775
2010-07-30,2642.8520,2637.5030,2643.0350,2614.7320,9477378800,94120939833.0000,0.007231,-0.400777
2010-08-02,2635.8070,2672.5160,2675.7620,2633.6470,11294463300,110228613034.0000,0.008617,1.327513
2010-08-03,2678.7910,2627.0020,2681.7860,2626.7220,12797109400,130397499771.0000,0.009762,-1.703045
2010-08-04,2620.4990,2638.5220,2638.8980,2589.9880,11212373700,112845728860.0000,0.008553,0.438523
2010-08-05,2636.2430,2620.7570,2640.5890,2606.6220,11351438200,115426381331.0000,0.008658,-0.673289
2010-08-06,2618.7130,2658.3920,2659.4120,2598.9130,12092728600,123364528412.0000,0.009223,1.436036
2010-08-09,2656.3640,2672.5330,2676.0900,2650.3970,11996475000,126557183721.0000,0.009144,0.531933
2010-08-10,2672.7930,2595.2740,2675.3130,2594.3360,12701002100,129567701180.0000,0.009680,-2.890854
2010-08-11,2587.6150,2607.4970,2618.4510,2586.0180,8694146100,88751831976.0000,0.006625,0.470977
2010-08-12,2584.9190,2575.4750,2608.7610,2570.9630,9267520300,96005861113.0000,0.007061,-1.228073
2010-08-13,2576.6870,2606.7000,2607.0330,2564.8380,8882045000,91342498292.0000,0.006767,1.212392
2010-08-16,2603.7920,2661.7080,2665.3140,2596.7710,12586282300,130736851353.0000,0.009585,2.110257
2010-08-17,2663.1840,2671.8930,2677.5700,2654.0110,12263829400,128597720025.0000,0.009335,0.382651
2010-08-18,2674.5010,2666.3010,2687.7600,2654.4080,13625434800,128831042372.0000,0.010366,-0.209291
2010-08-19,2669.4310,2687.9790,2701.9300,2659.2970,12844161300,133233657247.0000,0.009772,0.813036
2010-08-20,2677.0190,2642.3070,2683.2880,2636.9080,11617218400,119817337630.0000,0.008816,-1.699125
2010-08-23,2637.8200,2639.3660,2656.1160,2629.7070,8813653900,91492887897.0000,0.006688,-0.111301
2010-08-24,2636.5320,2650.3070,2667.1710,2614.5630,10724363900,106318342845.0000,0.008138,0.414528
2010-08-25,2634.9500,2596.5800,2645.5030,2595.7280,10969582800,108265742170.0000,0.008323,-2.027192
2010-08-26,2604.8820,2603.4810,2616.9620,2590.6140,8031385700,81805454775.0000,0.006091,0.265768
2010-08-27,2602.5010,2610.7420,2613.4870,2588.6430,7046609400,75183467792.0000,0.005344,0.278895
2010-08-30,2622.2660,2652.6640,2656.3550,2620.1900,11047952500,120862400137.0000,0.008374,1.605755
2010-08-31,2644.7870,2638.7980,2647.2530,2626.7930,11089024500,124753743789.0000,0.008404,-0.522718
2010-09-01,2641.0530,2622.8820,2662.8760,2604.4870,12716494000,138493970597.0000,0.009619,-0.603154
2010-09-02,2646.8930,2655.7760,2659.9780,2636.4180,12407623800,142065830978.0000,0.009385,1.254109
2010-09-03,2658.1290,2655.3940,2660.5390,2631.8510,12945652600,145975238598.0000,0.009792,-0.014378
2010-09-06,2667.1950,2696.2500,2698.6010,2664.2390,14420906600,160243816004.0000,0.010904,1.538602
2010-09-07,2698.2180,2698.3630,2704.9330,2679.0230,11223153900,123619813540.0000,0.008486,0.078369
2010-09-08,2687.7110,2695.2910,2695.8450,2674.3210,11351940900,130961458935.0000,0.008584,-0.113848
2010-09-09,2698.6380,2656.3520,2698.6380,2651.6020,13298943400,156158833536.0000,0.010056,-1.444704
2010-09-10,2657.2350,2663.2090,2667.8370,2628.8290,11304115100,134130260640.0000,0.008547,0.258134
2010-09-13,2665.6550,2688.3200,2696.6740,2660.6070,11791891400,140796348383.0000,0.008916,0.942888
2010-09-14,2694.0690,2688.5220,2703.7810,2678.9740,12071241000,141033358691.0000,0.009125,0.007510
2010-09-15,2688.3860,2652.5030,2688.4900,2645.8640,12203981500,138474774688.0000,0.009226,-1.339734
2010-09-16,2646.9210,2602.4650,2653.2720,2583.3370,11899820000,128503047306.0000,0.008990,-1.886439
2010-09-17,2607.5510,2598.6890,2615.0790,2592.5350,8317135700,94655424363.0000,0.006283,-0.145098
2010-09-20,2601.4820,2588.7130,2607.3470,2573.6290,7946951900,89768763346.0000,0.005993,-0.383889
2010-09-21,2593.7630,2591.5500,2601.0990,2580.1770,5810140600,66352718904.0000,0.004381,0.109597
2010-09-27,2600.5400,2627.9670,2629.0450,2597.1390,7684465800,90540412831.0000,0.005780,1.405221
2010-09-28,2625.3260,2611.3540,2625.3260,2607.0180,9311743000,115009083324.0000,0.007004,-0.632163
2010-09-29,2608.9190,2610.6780,2634.1240,2603.9270,8861866300,105883851593.0000,0.006659,-0.025888
2010-09-30,2599.7150,2655.6580,2655.9990,2597.5970,8958036100,107081515672.0000,0.006732,1.722923
2010-10-08,2681.2530,2738.7440,2747.8050,2677.9940,13575954300,167614337357.0000,0.010196,3.128639
2010-10-11,2755.0260,2806.9420,2823.5970,2755.0260,20753526500,253469816327.0000,0.015416,2.490120
2010-10-12,2795.7640,2841.4070,2843.4280,2782.3410,16742832700,211787463156.0000,0.012436,1.227852
2010-10-13,2842.1380,2861.3610,2862.0350,2826.2210,18528167100,228385387870.0000,0.013761,0.702261
2010-10-14,2881.5520,2879.6360,2919.4140,2864.5190,22946170900,264682458591.0000,0.017036,0.638679
2010-10-15,2863.7380,2971.1600,2971.1600,2858.2160,23656855800,272950778561.0000,0.017492,3.178316
2010-10-18,2985.4620,2955.2270,3026.0990,2944.7150,26331693800,301231086927.0000,0.019469,-0.536250
2010-10-19,2949.6300,3001.8530,3002.3710,2931.9100,17066782800,199628281855.0000,0.012608,1.577746
2010-10-20,2947.5110,3003.9510,3041.1510,2942.5050,20780442400,262064859271.0000,0.015351,0.069887
2010-10-21,3009.2250,2983.5330,3018.2440,2958.5460,16143614100,205073033663.0000,0.011926,-0.679704
2010-10-22,2976.7540,2975.0430,2997.6240,2954.6190,14707988100,194901562536.0000,0.010827,-0.284562
2010-10-25,2979.7060,3051.4190,3051.5390,2959.2980,19211424300,251711409457.0000,0.014141,2.567223
2010-10-26,3065.8440,3041.5430,3073.3840,3017.8180,19877890800,260361924707.0000,0.014631,-0.323652
2010-10-27,3031.6450,2997.0480,3056.3990,2988.8710,17626828000,230105302322.0000,0.012972,-1.462905
2010-10-28,2989.2900,2992.5790,3007.0130,2969.3040,14353793300,185681185119.0000,0.010563,-0.149113
2010-10-29,2993.2960,2978.8350,2996.7740,2955.4800,14710975400,194560385949.0000,0.010826,-0.459274
2010-11-01,2986.8860,3054.0210,3054.0500,2986.8860,18624318000,251047187661.0000,0.013702,2.524008
2010-11-02,3061.6310,3045.4340,3089.5680,3029.3240,22494728300,306509480691.0000,0.016534,-0.281168
2010-11-03,3044.0220,3030.9880,3069.0660,3017.0980,18984803200,243967884564.0000,0.013954,-0.474351
2010-11-04,3035.3660,3086.9390,3087.4210,3035.3660,17685709600,228103070952.0000,0.012999,1.845963
2010-11-05,3129.8700,3129.4970,3142.5890,3105.9210,21195580300,273178387115.0000,0.015568,1.378651
2010-11-08,3140.3950,3159.5120,3160.6990,3124.0910,20541796000,259242023178.0000,0.013487,0.959096
2010-11-09,3159.0190,3135.0000,3159.0190,3110.3430,19245574600,248089377253.0000,0.012636,-0.775815
2010-11-10,3120.4400,3115.3560,3124.2560,3093.8780,18505242300,248974312235.0000,0.012149,-0.626604
2010-11-11,3108.5110,3147.7440,3186.7200,3102.7740,21027474300,286984448926.0000,0.013643,1.039622
2010-11-12,3121.9220,2985.4350,3150.1460,2975.1630,23308495800,298405913630.0000,0.015122,-5.156354
2010-11-15,2984.8720,3014.4130,3016.1310,2939.6800,15315244800,197094095394.0000,0.009932,0.970647
2010-11-16,3007.6430,2894.5380,3007.6430,2885.7530,17108937300,221674190365.0000,0.011090,-3.976728
2010-11-17,2852.4780,2838.8570,2891.0520,2824.1210,12378026100,158701993085.0000,0.008015,-1.923663
2010-11-18,2855.6050,2865.4520,2873.6960,2827.1790,10222618200,127770552363.0000,0.006613,0.936820
2010-11-19,2879.6550,2888.5660,2888.7500,2806.6440,12377846000,155775076598.0000,0.008007,0.806645
2010-11-22,2861.6060,2884.3710,2904.9700,2852.7740,12711771600,162685478702.0000,0.008223,-0.145222
2010-11-23,2872.1720,2828.2820,2872.1720,2791.5840,11631195600,145079505571.0000,0.007523,-1.944587
2010-11-24,2794.8640,2859.9360,2861.4850,2794.8640,11615623800,147881632989.0000,0.007456,1.119197
2010-11-25,2875.8580,2898.2610,2901.6750,2856.9620,13160845300,167185489070.0000,0.008448,1.340063
2010-11-26,2890.2870,2871.6980,2894.4210,2851.9570,11086619100,143563927853.0000,0.007116,-0.916515
2010-11-29,2861.1490,2866.3560,2878.8270,2841.7950,10245254200,133970912192.0000,0.006565,-0.186024
2010-11-30,2863.4120,2820.1810,2881.1600,2758.9240,13932486300,173085021719.0000,0.008928,-1.610932
2010-12-01,2810.5430,2823.4490,2834.1990,2795.8110,8126329600,104257887056.0000,0.005205,0.115881
2010-12-02,2860.4640,2843.6070,2870.8060,2841.4730,10419575500,132216371806.0000,0.006674,0.713948
2010-12-03,2846.7250,2842.4310,2853.4010,2822.7430,8352101000,105926905632.0000,0.005350,-0.041357
2010-12-06,2850.3820,2857.1780,2871.4070,2831.6970,8977305500,110832357332.0000,0.005706,0.518819
2010-12-07,2843.7670,2875.8610,2884.5300,2809.1100,8678549700,111266697682.0000,0.005514,0.653901
2010-12-08,2868.7330,2848.5460,2880.5580,2843.9400,8670737900,110227180945.0000,0.005509,-0.949809
2010-12-09,2837.6150,2810.9490,2854.7000,2808.5060,9462255200,108747831200.0000,0.006011,-1.319864
2010-12-10,2798.7360,2841.0400,2850.4220,2792.5220,8049610800,98203063221.0000,0.005113,1.070495
2010-12-13,2850.3250,2922.9540,2923.7740,2847.6580,12887846800,159949594346.0000,0.008158,2.883242
2010-12-14,2928.3000,2927.0770,2933.4070,2912.4200,12094493600,152967337113.0000,0.007655,0.141049
2010-12-15,2927.2640,2911.4140,2939.0500,2905.6490,10946248900,143370183684.0000,0.006923,-0.535102
2010-12-16,2908.8650,2898.1380,2921.2750,2891.8580,8760631300,109770051795.0000,0.005540,-0.456003
2010-12-17,2896.7700,2893.7400,2898.8120,2881.0040,7367713600,93857086844.0000,0.004650,-0.151751
2010-12-20,2901.4700,2852.9160,2911.5610,2804.5560,11375549500,146605402004.0000,0.007171,-1.410769
2010-12-21,2857.5890,2904.1150,2908.1660,2846.6330,10682562300,136465367525.0000,0.006733,1.794619
2010-12-22,2910.7310,2877.9000,2917.1990,2867.0490,9832555700,126067397507.0000,0.006196,-0.902688
2010-12-23,2874.2020,2855.2200,2893.7110,2849.8360,8900248800,109372940622.0000,0.005607,-0.788072
2010-12-24,2841.3460,2835.1570,2853.4860,2813.4960,8121684800,95886756272.0000,0.005115,-0.702677
2010-12-27,2842.8070,2781.4020,2876.8110,2774.5380,9780727800,123390148348.0000,0.006137,-1.896011
2010-12-28,2768.0310,2732.9900,2775.1490,2730.4070,8433263200,96990632639.0000,0.005283,-1.740565
2010-12-29,2735.4760,2751.5270,2753.0250,2721.4790,6394127800,76202882886.0000,0.003992,0.678272
2010-12-30,2751.9730,2759.5750,2768.1260,2724.5410,7317204600,86056703442.0000,0.004568,0.292487
2010-12-31,2759.1620,2808.0770,2808.9260,2758.1310,8335021400,108441746000.0000,0.005204,1.757588
2011-01-04,2825.3290,2852.6480,2855.3960,2810.1080,11007279100,145659819257.0000,0.006825,1.587245
2011-01-05,2833.1170,2838.5930,2850.4930,2824.2960,10441528200,135264799911.0000,0.006474,-0.492698
2011-01-06,2838.4350,2824.1970,2853.8750,2816.9510,8470561600,113251589879.0000,0.005250,-0.507153
2011-01-07,2820.6650,2838.8010,2868.0050,2807.8700,11312956800,137163500552.0000,0.007012,0.517103
2011-01-10,2832.6220,2791.8090,2847.3580,2786.8610,9078087200,110796771362.0000,0.005627,-1.655345
2011-01-11,2783.4760,2804.0470,2810.7620,2770.3380,8055378000,94484834019.0000,0.004993,0.438355
2011-01-12,2811.7850,2821.3050,2828.4680,2788.1300,7924611700,88093030257.0000,0.004908,0.615461
2011-01-13,2830.5340,2827.7130,2837.5260,2810.8740,7488626500,87930916308.0000,0.004635,0.227128
2011-01-14,2817.0480,2791.3440,2817.0480,2780.4380,7675388000,90644705327.0000,0.004750,-1.286160
2011-01-17,2772.4500,2706.6600,2780.9420,2698.7810,9251911300,104849169136.0000,0.005726,-3.033810
2011-01-18,2696.1470,2708.9790,2715.4060,2683.3670,6037727600,67738468876.0000,0.003736,0.085681
2011-01-19,2707.8160,2758.0970,2759.6020,2700.8110,7849316900,89943624643.0000,0.004856,1.813152
2011-01-20,2752.7990,2677.6520,2752.7990,2676.1290,8604719100,95850318766.0000,0.005324,-2.916679
2011-01-21,2668.6770,2715.2940,2746.1780,2667.2860,9563903800,102843430980.0000,0.005915,1.405778
2011-01-24,2716.5240,2695.7200,2736.1090,2690.6520,8792080700,96191099725.0000,0.005436,-0.720879
2011-01-25,2691.6930,2677.4320,2701.0440,2661.4480,6948141200,75578247319.0000,0.004296,-0.678412
2011-01-26,2677.1720,2708.8140,2710.7380,2676.7690,6075089900,67295416034.0000,0.003756,1.172096
2011-01-27,2690.8250,2749.1500,2753.0010,2677.2100,10556916300,115247052001.0000,0.006527,1.489063
2011-01-28,2741.3140,2752.7500,2759.4400,2733.2910,8542799200,98480283957.0000,0.005281,0.130953
2011-01-31,2751.5270,2790.6940,2790.9210,2748.5380,9150281400,106841488912.0000,0.005656,1.378407
2011-02-01,2795.0710,2798.9600,2805.0490,2785.2960,7335009200,90093971270.0000,0.004512,0.296194
2011-02-09,2778.7010,2774.0650,2804.2080,2764.8670,8725778800,104839248017.0000,0.005368,-0.889438
2011-02-10,2769.6460,2818.1630,2819.0630,2760.1750,9791976300,117148637064.0000,0.006022,1.589658
2011-02-11,2815.1190,2827.3280,2835.4110,2807.6050,10775817100,127724538685.0000,0.006625,0.325205
2011-02-14,2828.5710,2899.1340,2906.2610,2828.5710,15424297000,179797617886.0000,0.009482,2.539718
2011-02-15,2900.4270,2899.2370,2934.4670,2892.6370,15244989800,187333867984.0000,0.009370,0.003554
2011-02-16,2893.6820,2923.8960,2924.1880,2882.5490,12780569700,160067647859.0000,0.007855,0.850532
2011-02-17,2929.2550,2926.9640,2939.2840,2905.0320,13041549800,169047618017.0000,0.008015,0.104932
2011-02-18,2924.2300,2899.7920,2924.2300,2890.2620,11377546300,142026766640.0000,0.006993,-0.928338
2011-02-21,2886.5400,2932.2460,2932.8200,2884.1910,11885588300,146223076330.0000,0.007302,1.119187
2011-02-22,2941.3180,2855.5160,2944.4130,2851.6200,15300462200,191781551911.0000,0.009399,-2.616765
2011-02-23,2844.9900,2862.6340,2868.4840,2839.1950,11108305900,137631214946.0000,0.006824,0.249269
2011-02-24,2861.3930,2878.6030,2881.5370,2854.5640,10977258800,137321708120.0000,0.006743,0.557843
2011-02-25,2876.7770,2878.5650,2890.3240,2848.6500,10009403900,124246938029.0000,0.006149,-0.001323
2011-02-28,2880.1700,2905.0530,2906.1690,2861.8170,11870576300,148337062867.0000,0.007284,0.920182
2011-03-01,2906.2850,2918.9200,2931.5800,2901.5520,13655504800,172228926431.0000,0.008380,0.477339
2011-03-02,2905.5140,2913.8080,2924.9630,2883.5660,13344225800,165439298142.0000,0.008188,-0.175127
2011-03-03,2918.7310,2902.9780,2937.5570,2900.7610,15048888400,177696887629.0000,0.009234,-0.371681
2011-03-04,2902.1900,2942.3060,2944.4590,2898.0840,11827724100,144491216965.0000,0.007257,1.354743
2011-03-07,2952.7220,2996.2110,3000.4290,2952.7220,16010588400,207910763348.0000,0.009817,1.832067
2011-03-08,2996.7270,2999.9420,3001.6240,2976.6000,12668115400,168656782311.0000,0.007767,0.124522
2011-03-09,3002.5460,3002.1540,3012.0440,2989.3420,12479073500,165317764173.0000,0.007651,0.073740
2011-03-10,2995.7680,2957.1430,2995.7680,2954.3670,12379988900,166466133704.0000,0.007555,-1.499290
2011-03-11,2942.4190,2933.7960,2966.9800,2927.6830,11599448000,152652657607.0000,0.007079,-0.789518
2011-03-14,2923.9820,2937.6270,2939.6520,2914.4580,11691061800,152525993354.0000,0.007129,0.130583
2011-03-15,2927.9840,2896.2560,2927.9840,2850.9450,15495195100,187646016836.0000,0.009447,-1.408309
2011-03-16,2894.2520,2930.8040,2934.0180,2894.2520,13077723700,165811913772.0000,0.007973,1.192845
2011-03-17,2906.9550,2897.2980,2935.6250,2885.6510,13779782700,170585811613.0000,0.008401,-1.143231
2011-03-18,2920.8060,2906.8860,2930.6060,2900.8720,10063733500,127487190101.0000,0.006135,0.330925
2011-03-21,2913.9130,2909.1370,2927.0730,2895.1540,9676027500,122405131565.0000,0.005899,0.077436
2011-03-22,2917.6870,2919.1420,2923.3920,2884.7510,9511745700,120190606775.0000,0.005798,0.343921
2011-03-23,2919.0160,2948.4770,2950.4220,2911.6260,11260347500,138318531073.0000,0.006862,1.004917
2011-03-24,2949.8500,2946.7060,2958.6630,2942.1340,10895597900,137266005803.0000,0.006639,-0.060065
2011-03-25,2948.5430,2977.8140,2985.0830,2946.6970,13639636700,171136870352.0000,0.008308,1.055684
2011-03-28,2985.3560,2984.0050,3005.7830,2979.1960,15601687800,196335110545.0000,0.009498,0.207901
2011-03-29,2979.8650,2958.0770,2994.1740,2953.5400,16854324600,199600754521.0000,0.010259,-0.868899
2011-03-30,2955.4530,2955.7710,2968.1820,2935.7470,12649354800,152547180179.0000,0.007697,-0.077953
2011-03-31,2954.6530,2928.1110,2961.6300,2914.3840,10893561100,134408182897.0000,0.006628,-0.935793
2011-04-01,2932.4810,2967.4100,2967.8470,2924.3940,9984409400,125719196024.0000,0.006073,1.342122
2011-04-06,2964.2120,3001.3600,3005.2380,2963.8990,14165061300,176487792736.0000,0.008615,1.144102
2011-04-07,3003.2040,3007.9090,3012.2880,2990.3110,12473459100,152941715634.0000,0.007574,0.218195
2011-04-08,3005.3680,3030.0210,3031.0970,2998.3400,11433779400,147122038468.0000,0.006941,0.735131
2011-04-11,3037.9100,3022.7460,3059.5680,3019.8860,14718957600,182751284053.0000,0.008932,-0.240094
2011-04-12,3012.7950,3021.3690,3039.1240,3003.4450,14599054700,165602471860.0000,0.008859,-0.045561
2011-04-13,3006.8300,3050.3980,3050.4010,2994.4650,12820265500,147378535687.0000,0.007779,0.960791
2011-04-14,3049.6670,3042.6350,3058.2390,3036.7260,12948710700,148647665913.0000,0.007856,-0.254489
2011-04-15,3036.3450,3050.5260,3062.5300,3020.1560,12853098900,148683828450.0000,0.007797,0.259343
2011-04-18,3040.5310,3057.3290,3067.4560,3037.1890,13748873900,160812208619.0000,0.008340,0.223018
2011-04-19,3038.8070,2999.0410,3038.8070,2996.2220,14189639400,166127877519.0000,0.008562,-1.906504
2011-04-20,3005.9750,3007.0370,3019.1230,2992.6720,11974165700,143797579092.0000,0.007225,0.266622
2011-04-21,3021.7700,3026.6680,3035.4710,3012.5440,12151066400,147387019393.0000,0.007330,0.652831
2011-04-22,3025.6990,3010.5170,3032.9650,3004.4650,11852561300,137406934390.0000,0.007136,-0.533619
2011-04-25,3003.0310,2964.9510,3003.6100,2964.6430,11731662200,140504366097.0000,0.007044,-1.513566
2011-04-26,2956.9490,2938.9810,2970.2780,2931.5020,9515481900,112451141164.0000,0.005706,-0.875899
2011-04-27,2946.3270,2925.4080,2961.1330,2907.6620,10549247500,114841130958.0000,0.006324,-0.461827
2011-04-28,2937.9470,2887.0440,2953.1930,2884.8390,10523087500,115790131500.0000,0.006306,-1.311407
2011-04-29,2886.6290,2911.5110,2913.5560,2871.0100,8753425500,93221530229.0000,0.005246,0.847477
2011-05-03,2911.5100,2932.1880,2933.4600,2890.2250,9640272200,102708976572.0000,0.005776,0.710181
2011-05-04,2916.8450,2866.0170,2916.9700,2860.0750,11148113100,125355694490.0000,0.006679,-2.256707
2011-05-05,2854.7680,2872.4040,2880.1250,2849.9100,9108442700,98812236389.0000,0.005457,0.222852
2011-05-06,2842.7650,2863.8860,2881.7060,2834.4560,9106390900,105181008404.0000,0.005438,-0.296548
2011-05-09,2868.2350,2872.4600,2885.1780,2861.4200,8157615500,94006376498.0000,0.004870,0.299382
2011-05-10,2876.9800,2890.6340,2891.0340,2865.1040,8129717600,96056705123.0000,0.004851,0.632701
2011-05-11,2890.3530,2883.4200,2897.1410,2868.3490,9247712200,107106378142.0000,0.005515,-0.249568
2011-05-12,2864.9760,2844.0830,2876.4480,2843.0970,10024096100,114204493321.0000,0.005975,-1.364245
2011-05-13,2846.3110,2871.0310,2871.9920,2832.2540,9323881500,103905983166.0000,0.005558,0.947511
2011-05-16,2864.3770,2849.0670,2877.0910,2846.3070,8464825100,95786245699.0000,0.005036,-0.765025
2011-05-17,2846.4470,2852.7730,2869.2300,2821.2030,9481984700,109798830131.0000,0.005635,0.130080
2011-05-18,2846.7250,2872.7710,2877.4270,2843.6760,7682697000,90328330045.0000,0.004564,0.701004
2011-05-19,2879.3870,2859.5740,2884.1410,2856.8290,7699453800,91205057076.0000,0.004573,-0.459383
2011-05-20,2858.3110,2858.4590,2866.7630,2850.4450,7074378600,84003220756.0000,0.004193,-0.038991
2011-05-23,2853.2860,2774.5690,2853.2860,2771.1170,9862204500,111438407055.0000,0.005842,-2.934794
2011-05-24,2766.0590,2767.0560,2771.7480,2744.7770,7485289800,88842176414.0000,0.004434,-0.270787
2011-05-25,2764.5600,2741.7410,2771.1770,2737.3300,7440653400,86236385809.0000,0.004406,-0.914869
2011-05-26,2755.3940,2736.5270,2764.8900,2734.5360,7874131500,92594926319.0000,0.004660,-0.190166
2011-05-27,2739.3870,2709.9470,2746.8420,2708.5480,8252105200,91901555969.0000,0.004884,-0.971307
2011-05-30,2704.4850,2706.3610,2728.0620,2689.2060,6517438800,71116809685.0000,0.003857,-0.132325
2011-05-31,2707.5590,2743.4720,2744.9340,2702.0950,6790038300,77797110767.0000,0.004017,1.371245
2011-06-01,2737.0570,2743.5720,2744.5590,2726.4950,6855550100,77624943889.0000,0.004056,0.003649
2011-06-02,2715.3160,2705.1810,2727.9950,2676.5380,8602115800,94278924971.0000,0.005088,-1.399311
2011-06-03,2701.7730,2728.0200,2732.4270,2701.2500,6798394500,78273698792.0000,0.004011,0.844273
2011-06-07,2720.9700,2744.3000,2745.7700,2717.3130,6502129300,79144376103.0000,0.003833,0.596771
2011-06-08,2742.0430,2750.2880,2754.1220,2715.2500,7429466100,87503873943.0000,0.004379,0.218199
2011-06-09,2743.5390,2703.3450,2747.3320,2702.6950,8346926800,95128112398.0000,0.004917,-1.706844
2011-06-10,2696.1300,2705.1430,2707.7420,2672.3200,7340029400,83170621045.0000,0.004324,0.066514
2011-06-13,2687.6530,2700.3790,2703.4230,2669.3950,6306945900,73168505455.0000,0.003711,-0.176115
2011-06-14,2696.2230,2730.0400,2735.5530,2691.6710,8309751400,95202692908.0000,0.004888,1.098406
2011-06-15,2717.6770,2705.4310,2730.4760,2705.0720,7485694500,85433282733.0000,0.004404,-0.901420
2011-06-16,2685.6320,2664.2830,2691.9440,2663.1200,7092787000,76584465459.0000,0.004168,-1.520939
2011-06-17,2661.4140,2642.8180,2675.0270,2641.3920,6444263300,74389549410.0000,0.003783,-0.805652
2011-06-20,2635.8340,2621.2530,2637.8830,2610.9900,6005986400,65210745084.0000,0.003523,-0.815992
2011-06-21,2628.0220,2646.4830,2648.0240,2618.8070,6482187100,73287995236.0000,0.003802,0.962516
2011-06-22,2648.5340,2649.3210,2657.7250,2633.4740,5831380200,64614596270.0000,0.003420,0.107242
2011-06-23,2640.6600,2688.2490,2693.4170,2630.3360,7377268800,82454849436.0000,0.004325,1.469357
2011-06-24,2678.0520,2746.2110,2759.7100,2674.3030,12577362800,142646189157.0000,0.007361,2.156121
2011-06-27,2746.7870,2758.2300,2769.0430,2743.4960,10160101800,116169106755.0000,0.005946,0.437659
2011-06-28,2759.7130,2759.2020,2763.2800,2736.3980,8827745000,104045742069.0000,0.005162,0.035237
2011-06-29,2757.4000,2728.4830,2759.2310,2727.2530,8822419700,99001117841.0000,0.005158,-1.113329
2011-06-30,2729.9920,2762.0760,2774.3650,2729.9920,9096712400,103037468870.0000,0.005306,1.231198
2011-07-01,2767.8340,2759.3620,2778.6680,2752.9660,9207287800,105453231505.0000,0.005364,-0.098255
2011-07-04,2770.9400,2812.8180,2813.2700,2770.9400,12196226000,143818650586.0000,0.007082,1.937261
2011-07-05,2812.7220,2816.3550,2818.1410,2799.1100,11012422400,128654526188.0000,0.006393,0.125741
2011-07-06,2811.8150,2810.4790,2811.8150,2780.7280,10310439300,122088884714.0000,0.005985,-0.208638
2011-07-07,2813.1930,2794.2670,2825.1230,2793.8920,11651214300,140065119726.0000,0.006743,-0.576838
2011-07-08,2797.0260,2797.7740,2807.3800,2784.1260,8621160900,102765056015.0000,0.004988,0.125501
2011-07-11,2789.4540,2802.6920,2807.3220,2780.6650,8606359500,101442076053.0000,0.004977,0.175782
2011-07-12,2783.7220,2754.5820,2783.7220,2752.1860,9667447500,111535233112.0000,0.005586,-1.716559
2011-07-13,2756.0320,2795.4760,2797.2660,2756.0320,9192912800,107695952064.0000,0.005312,1.484582
2011-07-14,2798.2120,2810.4440,2811.7040,2788.9830,10450208000,125648830383.0000,0.006034,0.535437
2011-07-15,2803.5850,2820.1690,2821.3390,2794.1590,10747006400,127720321009.0000,0.006185,0.346025
2011-07-18,2821.3580,2816.6880,2826.9590,2807.1080,10810862300,129581321226.0000,0.006215,-0.123431
2011-07-19,2804.9230,2796.9830,2809.3150,2790.6850,9274088400,110120383510.0000,0.005322,-0.699583
2011-07-20,2810.4360,2794.2050,2817.2850,2779.3810,8403061600,99677739096.0000,0.004822,-0.099315
2011-07-21,2795.8960,2765.8940,2799.8520,2763.4180,8176058200,95769511827.0000,0.004692,-1.013205
2011-07-22,2769.8630,2770.7900,2782.1690,2763.8000,7021183700,82498349719.0000,0.004029,0.177013
2011-07-25,2759.6280,2688.7460,2759.6280,2680.7470,11124224900,120856437817.0000,0.006384,-2.961031
2011-07-26,2685.7540,2703.0260,2704.9390,2677.1190,7288145400,79482934662.0000,0.004182,0.531095
2011-07-27,2690.1440,2723.4920,2726.8010,2680.4330,8040778100,92082368241.0000,0.004614,0.757154
2011-07-28,2701.7710,2708.7770,2712.0900,2684.6610,7847491500,90451815581.0000,0.004503,-0.540293
2011-07-29,2706.4970,2701.7290,2721.5300,2681.2720,7547165500,83784760931.0000,0.004330,-0.260195
2011-08-01,2697.5750,2703.7830,2712.8880,2688.5290,5900071100,66073995356.0000,0.003384,0.076024
2011-08-02,2689.9710,2679.2590,2689.9710,2651.2800,6999318100,77994116095.0000,0.004014,-0.907023
2011-08-03,2659.1180,2678.4850,2688.0650,2654.3640,6398161000,73381007588.0000,0.003669,-0.028886
2011-08-04,2683.1920,2684.0390,2698.8150,2675.5340,5887211100,69338641969.0000,0.003376,0.207354
2011-08-05,2620.2770,2626.4230,2644.5810,2605.1370,7857183300,87777759968.0000,0.004503,-2.146614
2011-08-08,2599.2890,2526.8160,2614.1900,2497.9180,11030249600,117550544112.0000,0.006319,-3.792503
2011-08-09,2468.0320,2526.0700,2537.4090,2437.6810,10372389200,107745074507.0000,0.005942,-0.029517
2011-08-10,2562.3930,2549.1760,2579.1560,2544.9520,10036934300,104038322989.0000,0.005750,0.914700
2011-08-11,2508.8570,2581.5080,2582.1550,2505.0120,9559726500,100089141534.0000,0.005476,1.268333
2011-08-12,2593.3950,2593.1730,2605.4470,2585.8460,9717120600,100034768305.0000,0.005566,0.451869
2011-08-15,2598.1380,2626.7700,2627.1040,2584.4070,8867684200,90997350623.0000,0.005079,1.295591
2011-08-16,2627.8540,2608.1660,2636.3600,2601.5010,8522686100,90247920858.0000,0.004881,-0.708246
2011-08-17,2603.9610,2601.2610,2617.1650,2596.0390,7010914600,72200596507.0000,0.004015,-0.264746
2011-08-18,2601.9900,2559.4720,2603.4850,2556.8590,7098927700,76087950237.0000,0.004023,-1.606493
2011-08-19,2519.6450,2534.3580,2538.2720,2513.7540,7060680100,73771901698.0000,0.004000,-0.981219
2011-08-22,2534.5700,2515.8630,2553.4150,2507.7820,6121442900,65524542977.0000,0.003468,-0.729766
2011-08-23,2524.8770,2554.0190,2554.1780,2514.9490,6094419300,63210700214.0000,0.003453,1.516617
2011-08-24,2562.4110,2541.0910,2569.2780,2536.2560,6546246900,70690689369.0000,0.003709,-0.506182
2011-08-25,2546.4020,2615.2610,2616.3040,2545.0540,10453797800,104570297571.0000,0.005922,2.918822
2011-08-26,2602.2080,2612.1880,2616.6360,2593.2380,7785045000,81503341252.0000,0.004410,-0.117502
2011-08-29,2595.4660,2576.4130,2595.4660,2570.8440,7369609500,78406747865.0000,0.004172,-1.369538
2011-08-30,2592.5970,2566.5950,2615.1350,2563.6890,7591068600,79541815163.0000,0.004296,-0.381077
2011-08-31,2566.5290,2567.3400,2574.4150,2545.0960,5916972000,62236266864.0000,0.003347,0.029031
2011-09-01,2569.7990,2556.0420,2584.8040,2547.8550,5729092700,59881555987.0000,0.003241,-0.440070
2011-09-02,2551.5560,2528.2800,2557.3100,2517.6180,5443658100,55969022194.0000,0.003079,-1.086131
2011-09-05,2510.1000,2478.7390,2510.1000,2478.1950,5503106600,56402274346.0000,0.003113,-1.959475
2011-09-06,2465.5650,2470.5240,2482.2420,2459.5430,4922317300,50140331683.0000,0.002784,-0.331422
2011-09-07,2480.9410,2516.0900,2516.7540,2475.2180,5966586000,61951469219.0000,0.003374,1.844393
2011-09-08,2523.9620,2498.9430,2524.3770,2498.1130,5527195200,60046842303.0000,0.003126,-0.681493
2011-09-09,2506.9690,2497.7530,2528.4220,2487.1450,5125338000,53535159299.0000,0.002898,-0.047628
2011-09-13,2467.7300,2471.3050,2477.0830,2453.7960,4993091900,51851701382.0000,0.002823,-1.058872
2011-09-14,2478.5860,2484.8270,2485.9340,2439.3720,5406597700,54761652533.0000,0.003057,0.547159
2011-09-15,2482.8590,2479.0550,2496.5720,2477.6510,5600368800,55860904582.0000,0.003166,-0.232289
2011-09-16,2490.1770,2482.3430,2499.4810,2475.7580,4798685400,49584868842.0000,0.002713,0.132635
2011-09-19,2469.6000,2437.7950,2469.6000,2437.1650,4874682200,48599667204.0000,0.002756,-1.794599
2011-09-20,2433.7210,2447.7550,2460.0340,2426.7030,4626589200,47956372390.0000,0.002616,0.408564
2011-09-21,2450.1160,2512.9630,2517.6730,2438.8520,8668927600,88188034883.0000,0.004901,2.663993
2011-09-22,2491.2120,2443.0570,2499.9760,2442.4620,7469540900,74891290554.0000,0.004222,-2.781816
2011-09-23,2411.8330,2433.1590,2440.7510,2400.1410,6730269300,67947197759.0000,0.003803,-0.405146
2011-09-26,2416.2260,2393.1830,2441.7290,2384.6400,5742504200,58915927605.0000,0.003244,-1.642960
2011-09-27,2410.9910,2415.0540,2423.9130,2395.1640,5523143200,55315102091.0000,0.003120,0.913881
2011-09-28,2427.2890,2392.0620,2430.2700,2383.3960,5575844700,55720881056.0000,0.003150,-0.952026
2011-09-29,2378.4230,2365.3430,2387.5380,2358.5720,5919123900,57021447534.0000,0.003344,-1.116986
2011-09-30,2368.3980,2359.2200,2377.5410,2348.2170,4881837200,46104608498.0000,0.002758,-0.258865
2011-10-10,2363.0780,2344.7870,2368.1490,2338.6850,4174530600,39926413160.0000,0.002358,-0.611764
2011-10-11,2401.7380,2348.5160,2412.3760,2323.4120,6397580600,62773516010.0000,0.003614,0.159034
2011-10-12,2335.4880,2420.0000,2421.6930,2318.6280,9150856800,84438390265.0000,0.005168,3.043789
2011-10-13,2412.8320,2438.7900,2439.6400,2406.2820,8786010600,82192311755.0000,0.004956,0.776448
2011-10-14,2429.8850,2431.3750,2437.5940,2409.2880,6067316000,58276063530.0000,0.003422,-0.304046
2011-10-17,2434.4860,2440.4020,2452.9900,2424.7260,5826768200,57704518652.0000,0.003287,0.371275
2011-10-18,2423.2820,2383.4850,2425.6460,2378.6670,7952574400,69338909189.0000,0.004486,-2.332279
2011-10-19,2387.8310,2377.5120,2401.6880,2374.4170,5853463700,53173514652.0000,0.003300,-0.250605
2011-10-20,2365.9090,2331.3660,2368.6400,2315.9000,6542521500,57867763724.0000,0.003687,-1.940936
2011-10-21,2330.5120,2317.2750,2340.3150,2313.7820,4843672500,43725376635.0000,0.002730,-0.604412
2011-10-24,2322.0200,2370.3330,2371.0920,2307.1460,7087407100,62971553897.0000,0.003994,2.289677
2011-10-25,2366.3980,2409.6720,2414.0490,2357.3870,9088887600,83635006493.0000,0.005122,1.659645
2011-10-26,2398.1870,2427.4800,2448.9810,2394.7330,10744716800,98578021068.0000,0.006055,0.739016
2011-10-27,2432.4730,2435.6140,2449.7010,2426.3150,8240896100,75098560018.0000,0.004643,0.335081
2011-10-28,2462.0850,2473.4100,2483.7590,2456.1770,11003272100,104186688309.0000,0.006200,1.551802
2011-10-31,2470.2540,2468.2500,2478.3070,2455.2050,8417256200,81783447175.0000,0.004740,-0.208615
2011-11-01,2450.3310,2470.0190,2491.3550,2445.5270,8889241700,85052779138.0000,0.004994,0.071672
2011-11-02,2437.8700,2504.1080,2505.1210,2433.7150,10546820000,102082766289.0000,0.005923,1.380105
2011-11-03,2510.8420,2508.0900,2535.2400,2507.2970,13657632500,136305609736.0000,0.007669,0.159026
2011-11-04,2525.2440,2528.2940,2536.7790,2512.9040,10187367500,99981183331.0000,0.005721,0.805547
2011-11-07,2518.8980,2509.7990,2536.1800,2507.6150,7886717400,78893506771.0000,0.004428,-0.731516
2011-11-08,2514.2590,2503.8360,2524.8200,2500.0200,7867265600,76914038706.0000,0.004417,-0.237594
2011-11-09,2512.5870,2524.9190,2527.7030,2489.0250,7820857200,78141603240.0000,0.004391,0.842028
2011-11-10,2498.5940,2479.5360,2507.4520,2478.1390,8711108800,85463858302.0000,0.004889,-1.797407
2011-11-11,2483.9570,2481.0840,2496.5270,2472.7610,6613766800,65005133543.0000,0.003711,0.062435
2011-11-14,2498.6720,2528.7140,2529.6320,2496.3350,8122981200,82523780186.0000,0.004557,1.919731
2011-11-15,2525.9480,2529.7610,2534.0590,2518.7030,7922775000,80497345503.0000,0.004445,0.041399
2011-11-16,2529.0730,2466.9590,2529.4580,2456.8560,9338210900,92396963052.0000,0.005239,-2.482527
2011-11-17,2467.7040,2463.0460,2482.5280,2459.1650,6641428500,65902701975.0000,0.003726,-0.158620
2011-11-18,2448.3870,2416.5620,2448.5100,2411.0420,7218080700,70566565864.0000,0.004049,-1.887252
2011-11-21,2416.7320,2415.1300,2419.2440,2396.0870,5017036600,49511107897.0000,0.002813,-0.059263
2011-11-22,2400.9840,2412.6250,2414.8500,2387.8260,5144323300,50689583452.0000,0.002885,-0.103716
2011-11-23,2415.1970,2395.0650,2418.5600,2390.6540,5054785000,50043359840.0000,0.002834,-0.727840
2011-11-24,2379.1460,2397.5540,2409.7190,2370.6950,5215415000,51411098473.0000,0.002924,0.103923
2011-11-25,2393.3270,2380.2240,2403.9420,2372.6220,4536255200,46246206878.0000,0.002544,-0.722813
2011-11-28,2383.8930,2383.0340,2396.8270,2372.1560,4606466600,46414831572.0000,0.002583,0.118048
2011-11-29,2398.9940,2412.3930,2413.3260,2388.2020,5512319000,57068884953.0000,0.003091,1.232006
2011-11-30,2406.3290,2333.4140,2407.3260,2319.4400,7661110400,72215263538.0000,0.004295,-3.273886
2011-12-01,2392.4850,2386.8600,2423.5590,2376.9160,9865004600,95200516876.0000,0.005531,2.290466
2011-12-02,2374.8990,2360.6640,2378.2990,2344.8460,5986884500,57320156584.0000,0.003357,-1.097511
2011-12-05,2363.1110,2333.2290,2363.1270,2327.6100,5221496900,48641215750.0000,0.002915,-1.162175
2011-12-06,2326.6600,2325.9050,2331.8920,2310.1550,4591707700,42625594847.0000,0.002563,-0.313899
2011-12-07,2325.5620,2332.7300,2339.8470,2317.8140,4157030600,39767464564.0000,0.002321,0.293432
2011-12-08,2329.9110,2329.8200,2346.6540,2302.6420,5147352000,49219492855.0000,0.002874,-0.124743
2011-12-09,2315.5130,2315.2700,2331.2590,2309.4570,3998855900,38885194063.0000,0.002232,-0.624514
2011-12-12,2312.1510,2291.5450,2315.8110,2290.2640,3963257800,36516062508.0000,0.002211,-1.024723
2011-12-13,2283.2230,2248.5900,2285.8140,2245.8680,5862747800,51593326502.0000,0.003270,-1.874492
2011-12-14,2241.3870,2228.5250,2256.7440,2224.7250,4407982200,38621178573.0000,0.002458,-0.892345
2011-12-15,2215.7920,2180.8950,2216.9090,2179.4670,5671218600,47305130387.0000,0.003162,-2.137283
2011-12-16,2179.5090,2224.8400,2225.5380,2170.7480,5726590300,50568967344.0000,0.003193,2.015002
2011-12-19,2208.0710,2218.2350,2221.4480,2164.8870,5781846400,49717681273.0000,0.003224,-0.296874
2011-12-20,2209.6990,2215.9300,2239.8590,2206.5190,5276111300,46564369385.0000,0.002940,-0.103919
2011-12-21,2230.1800,2191.1480,2237.4660,2188.7100,5087726200,46125532122.0000,0.002835,-1.118356
2011-12-22,2178.5720,2186.2970,2201.5870,2149.4230,5898611700,48023419137.0000,0.003287,-0.221383
2011-12-23,2183.9110,2204.7840,2219.7860,2178.1410,5242132500,43478781866.0000,0.002920,0.845576
2011-12-26,2193.6590,2190.1100,2213.4530,2186.0700,4361366300,36403330902.0000,0.002428,-0.665545
2011-12-27,2186.7090,2166.2050,2196.9730,2162.7230,4571217900,37400003602.0000,0.002545,-1.091499
2011-12-28,2157.6500,2170.0130,2170.6720,2134.0170,4963343500,40007345153.0000,0.002763,0.175785
2011-12-29,2161.1840,2173.5610,2181.9550,2157.1150,4474920000,35989659760.0000,0.002490,0.163506
2011-12-30,2177.5170,2199.4170,2200.9880,2177.5170,5194383800,42698835641.0000,0.002889,1.189567
2012-01-04,2211.9950,2169.3900,2217.5200,2168.6440,4924553700,40632918502.0000,0.002748,-1.365230
2012-01-05,2160.8980,2148.4520,2183.4040,2145.5560,5874344700,46603965319.0000,0.003277,-0.965156
2012-01-06,2148.1470,2163.3950,2164.3220,2132.6260,5058305400,39465868149.0000,0.002819,0.695530
2012-01-09,2164.7410,2225.8900,2226.2180,2148.4530,7675983900,62132963469.0000,0.004277,2.888741
2012-01-10,2221.8320,2285.7440,2288.6280,2218.2750,10958541500,91045903375.0000,0.006106,2.688992
2012-01-11,2282.9130,2276.0460,2290.6440,2265.1850,8444178100,74264707833.0000,0.004705,-0.424282
2012-01-12,2268.7390,2275.0100,2295.2240,2265.2560,7156999400,63945881028.0000,0.003988,-0.045513
2012-01-13,2277.0800,2244.5800,2281.5320,2225.7360,7147432200,64030025661.0000,0.003983,-1.337574
2012-01-16,2230.4330,2206.1930,2241.2590,2206.0450,4585952200,42884791206.0000,0.002548,-1.710207
2012-01-17,2206.5310,2298.3760,2298.3760,2196.1170,8780356000,77406846620.0000,0.004878,4.178368
2012-01-18,2298.8340,2266.3840,2311.5790,2257.8980,8994042200,80655237044.0000,0.004990,-1.391937
2012-01-19,2266.0760,2296.0750,2305.7070,2259.3370,7249886100,63886737692.0000,0.004023,1.310057
2012-01-20,2300.5000,2319.1180,2322.8910,2293.8930,6992275300,62906415725.0000,0.003880,1.003581
2012-01-30,2324.4930,2285.0380,2324.4930,2284.2910,5841368700,51868459382.0000,0.003240,-1.469517
2012-01-31,2285.9540,2292.6100,2296.3840,2277.0560,4873832500,43777519937.0000,0.002704,0.331374
2012-02-01,2288.0660,2268.0800,2305.8630,2263.3420,5355381100,48554972307.0000,0.002970,-1.069961
2012-02-02,2273.8500,2312.5560,2312.5560,2268.6870,6347187200,57682360382.0000,0.003520,1.960946
2012-02-03,2306.6560,2330.4050,2336.2670,2300.9820,7894369700,70249339901.0000,0.004378,0.771835
2012-02-06,2334.2480,2331.1360,2341.5750,2317.4220,7573447700,67305626604.0000,0.004200,0.031366
2012-02-07,2319.4210,2291.9020,2319.7080,2278.8250,6732690600,58091080366.0000,0.003734,-1.683037
2012-02-08,2291.8120,2347.5300,2350.9650,2286.8190,8711452800,80885696801.0000,0.004831,2.427151
2012-02-09,2344.2240,2349.5890,2363.6130,2333.9350,9803232500,89658695587.0000,0.005437,0.087713
2012-02-10,2342.0110,2351.9810,2368.9790,2339.8850,9650161900,82222468070.0000,0.005352,0.101799
2012-02-13,2332.0550,2351.8550,2365.3390,2325.0280,8626358500,77715389643.0000,0.004784,-0.005356
2012-02-14,2348.8770,2344.7710,2352.4690,2332.2470,7313041300,66294933778.0000,0.004055,-0.301208
2012-02-15,2340.4550,2366.7020,2374.2820,2335.1010,9886102100,87632869277.0000,0.005480,0.935311
2012-02-16,2363.8970,2356.8600,2373.8040,2342.0730,9505116900,83758449953.0000,0.005269,-0.415844
2012-02-17,2366.6300,2357.1810,2372.5120,2344.7600,7192483900,65121696783.0000,0.003985,0.013611
2012-02-20,2383.6860,2363.5970,2388.0090,2362.0120,8891158600,82306945828.0000,0.004925,0.272190
2012-02-21,2365.4870,2381.4300,2382.1460,2345.0530,7934866900,74538521268.0000,0.004395,0.754486
2012-02-22,2380.5040,2403.5870,2404.4420,2374.0300,11868426900,109092241265.0000,0.006571,0.930407
2012-02-23,2401.7380,2409.5540,2416.8050,2396.7100,11255359300,105469685126.0000,0.006232,0.248256
2012-02-24,2410.8810,2439.6280,2439.9770,2405.2740,13490324900,121550205544.0000,0.007470,1.248114
2012-02-27,2447.4060,2447.0570,2478.3750,2444.6290,15807324400,144685593339.0000,0.008752,0.304512
2012-02-28,2440.9140,2451.8570,2458.6510,2431.8280,11836199300,107000289102.0000,0.006557,0.196156
2012-02-29,2446.2280,2428.4870,2453.0670,2426.3290,9553695200,91908381829.0000,0.005291,-0.953150
2012-03-01,2418.7880,2426.1150,2437.8740,2418.3340,7508328900,71067886558.0000,0.004157,-0.097677
2012-03-02,2430.0980,2460.6930,2461.1210,2430.0980,10322837800,96453866915.0000,0.005715,1.425247
2012-03-05,2464.8490,2445.0020,2469.8410,2442.1150,11269332600,107604373438.0000,0.006238,-0.637672
2012-03-06,2439.7790,2410.4450,2442.0010,2406.0560,10370901200,100674335990.0000,0.005739,-1.413368
2012-03-07,2391.2030,2394.7940,2413.6950,2388.5190,9479063600,91730684728.0000,0.005245,-0.649304
2012-03-08,2401.1020,2420.2760,2426.6980,2401.1020,9678213400,93410826914.0000,0.005348,1.064055
2012-03-09,2425.8850,2439.4620,2440.5110,2414.9660,10062405500,100411480219.0000,0.005560,0.792721
2012-03-12,2438.5460,2434.8590,2440.8570,2420.8400,10622305900,108158111406.0000,0.005868,-0.188690
2012-03-13,2432.8430,2455.7950,2457.2200,2428.6090,10464971200,102576931855.0000,0.005780,0.859846
2012-03-14,2464.9150,2391.2300,2476.2160,2382.8360,17978602900,170736655188.0000,0.009930,-2.629085
2012-03-15,2388.0630,2373.7740,2403.7420,2366.0240,12002549900,112260876485.0000,0.006629,-0.730003
2012-03-16,2377.7570,2404.7360,2406.1480,2368.3110,10367562200,102406003302.0000,0.005725,1.304343
2012-03-19,2401.2170,2410.1840,2412.3360,2383.6740,10215349000,102981667540.0000,0.005641,0.226553
2012-03-20,2407.5420,2376.8390,2407.5420,2376.0310,9790393500,94620915242.0000,0.005407,-1.383503
2012-03-21,2384.7090,2378.1950,2396.7220,2361.2220,9568653800,94949639342.0000,0.005285,0.057049
2012-03-22,2376.9910,2375.7720,2386.0990,2364.1300,7934888000,76900869341.0000,0.004383,-0.101888
2012-03-23,2369.0770,2349.5390,2371.2630,2342.1200,7686213900,74138712972.0000,0.004243,-1.104185
2012-03-26,2349.0860,2350.5990,2357.9960,2339.1410,5542773300,54051832906.0000,0.003060,0.045118
2012-03-27,2358.5450,2347.1790,2363.7660,2344.3040,6088111600,65159971554.0000,0.003359,-0.145502
2012-03-28,2341.0030,2284.8810,2341.4200,2281.4330,8364528300,78231139045.0000,0.004614,-2.654159
2012-03-29,2276.7400,2252.1600,2280.9580,2242.3450,7424808400,68018095501.0000,0.004096,-1.432074
2012-03-30,2256.0420,2262.7880,2266.2080,2246.2450,6202414700,55962029859.0000,0.003421,0.471910
2012-04-05,2258.0310,2302.2410,2303.8240,2251.3930,8010145600,74602339783.0000,0.004417,1.743552
2012-04-06,2299.0550,2306.5530,2309.6400,2291.5590,7213652100,68863352285.0000,0.003978,0.187296
2012-04-09,2300.0510,2285.7770,2304.6500,2284.4420,5976063900,55129724461.0000,0.003293,-0.900733
2012-04-10,2281.0240,2305.8630,2306.3870,2258.8530,6734552600,63133960653.0000,0.003710,0.878736
2012-04-11,2286.7160,2308.9250,2319.0530,2280.0350,7513007000,67516502992.0000,0.004138,0.132792
2012-04-12,2310.4840,2350.8640,2351.0550,2307.8410,9768789500,87315827000.0000,0.005380,1.816385
2012-04-13,2351.5130,2359.1610,2369.7010,2346.9440,9877441400,92321434038.0000,0.005440,0.352929
2012-04-16,2346.3070,2357.0260,2364.1110,2342.1990,8532268200,73752833490.0000,0.004695,-0.090499
2012-04-17,2355.3690,2334.9850,2363.0130,2333.3410,8468844500,72470714424.0000,0.004659,-0.935109
2012-04-18,2341.1350,2380.8480,2383.6400,2337.8570,10861254400,93123038358.0000,0.005975,1.964158
2012-04-19,2378.6320,2378.6340,2386.9780,2369.4590,9427242100,89960919583.0000,0.005185,-0.092986
2012-04-20,2374.6620,2406.8630,2407.2940,2372.1300,11552206200,101772111696.0000,0.006352,1.186774
2012-04-23,2403.5210,2388.5880,2411.5100,2383.0680,12290755800,109412433183.0000,0.006753,-0.759293
2012-04-24,2380.2360,2388.8340,2415.7490,2350.3990,13372235400,117494693490.0000,0.007343,0.010303
2012-04-25,2382.2110,2406.8130,2411.4210,2376.6260,13097286700,113070083354.0000,0.007192,0.752627
2012-04-26,2408.5580,2404.6970,2414.7540,2393.2650,11552958700,104823228170.0000,0.006344,-0.087916
2012-04-27,2402.4310,2396.3160,2408.4200,2393.8670,9122835000,84016072396.0000,0.005009,-0.348531
2012-05-02,2421.0820,2438.4360,2446.3500,2407.7880,12800600600,123975243894.0000,0.007026,1.757703
2012-05-03,2433.5890,2440.0800,2441.9530,2427.7280,10224849300,102185836407.0000,0.005612,0.067422
2012-05-04,2437.4650,2452.0140,2453.7310,2427.9690,10220487100,102378296014.0000,0.005607,0.489076
2012-05-07,2441.7570,2451.9470,2451.9470,2432.7360,10883010700,111395001265.0000,0.005967,-0.002728
2012-05-08,2451.5750,2448.8840,2451.5980,2431.0250,10485553700,104969661883.0000,0.005748,-0.124921
2012-05-09,2432.4720,2408.5870,2432.4720,2407.5090,9790221200,99521226356.0000,0.005366,-1.645530
2012-05-10,2409.9450,2410.2300,2419.1210,2402.2040,8169847100,81054861426.0000,0.004476,0.068217
2012-05-11,2406.0740,2394.9830,2415.9770,2393.3780,7486399500,75815758028.0000,0.004101,-0.632598
2012-05-14,2408.2620,2380.7250,2411.2720,2377.9830,9052633900,89364340585.0000,0.004956,-0.595320
2012-05-15,2367.0830,2374.8430,2376.5940,2354.6140,7792291600,77334728771.0000,0.004264,-0.247071
2012-05-16,2369.2950,2346.1920,2372.0320,2344.5000,7673382900,74181725328.0000,0.004198,-1.206443
2012-05-17,2347.1770,2378.8860,2383.3060,2342.3520,8687003000,81458439849.0000,0.004751,1.393496
2012-05-18,2364.8990,2344.5200,2369.5980,2338.2410,8968941900,78956446671.0000,0.004904,-1.444624
2012-05-21,2343.5760,2348.3000,2360.3860,2330.3250,7484034100,70052964572.0000,0.004090,0.161228
2012-05-22,2355.7320,2373.3070,2374.0560,2354.8680,7677978000,75374527235.0000,0.004194,1.064891
2012-05-23,2369.2650,2363.4370,2378.0770,2350.5480,8421658000,84886660758.0000,0.004601,-0.415870
2012-05-24,2359.6820,2350.9730,2373.0570,2344.5800,7920680500,76840602473.0000,0.004326,-0.527372
2012-05-25,2350.5410,2333.5530,2355.8080,2327.4080,7401925200,68024547810.0000,0.004039,-0.740966
2012-05-28,2325.3170,2361.3670,2361.7440,2309.0720,9496210500,86735892422.0000,0.005180,1.191915
2012-05-29,2361.0030,2389.6360,2393.2790,2358.3740,11715772500,111363644314.0000,0.006390,1.197147
2012-05-30,2385.3920,2384.6680,2391.6910,2378.1330,8980979300,84828401300.0000,0.004896,-0.207899
2012-05-31,2370.0070,2372.2340,2382.9890,2362.3140,7789022800,75383460178.0000,0.004245,-0.521418
2012-06-01,2373.2240,2373.4360,2388.0870,2365.4420,7702192300,77078144800.0000,0.004195,0.050676
2012-06-04,2346.9840,2308.5500,2348.1990,2308.2290,9017934700,86903299584.0000,0.004906,-2.733842
2012-06-05,2313.7410,2311.9160,2323.2980,2304.0460,6607852800,64099737588.0000,0.003595,0.145804
2012-06-06,2315.5610,2309.5550,2323.1130,2301.0350,5853202800,58562081283.0000,0.003184,-0.102127
2012-06-07,2324.6720,2293.1300,2328.6720,2288.6650,6023204800,59646400379.0000,0.003275,-0.711178
2012-06-08,2306.2190,2281.4470,2306.8820,2276.7140,6792464100,63755911203.0000,0.003693,-0.509472
2012-06-11,2282.8910,2305.8560,2311.7720,2278.1630,6419796700,60177220468.0000,0.003489,1.069888
2012-06-12,2295.0700,2289.7910,2298.9500,2280.9510,5994198200,55298586708.0000,0.003254,-0.696702
2012-06-13,2289.7070,2318.9240,2319.7140,2284.6500,7845434900,73945581880.0000,0.004257,1.272302
2012-06-14,2306.7810,2295.9460,2314.5850,2293.0650,7163372200,68928753615.0000,0.003886,-0.990892
2012-06-15,2299.7810,2306.8500,2314.2420,2283.4000,6868757900,67855914889.0000,0.003726,0.474926
2012-06-18,2313.5300,2316.0520,2325.0520,2309.7090,6059462200,60309396127.0000,0.003285,0.398895
2012-06-19,2313.4550,2300.7950,2313.4550,2298.3940,6013590500,57869602291.0000,0.003260,-0.658754
2012-06-20,2300.4060,2292.8770,2304.4580,2291.5410,5410395500,50568121867.0000,0.002933,-0.344141
2012-06-21,2288.4540,2260.8770,2288.4540,2253.7890,5899201200,54696856218.0000,0.003198,-1.395627
2012-06-25,2253.5140,2224.1140,2253.5140,2223.0540,5976895200,54809336014.0000,0.003238,-1.626048
2012-06-26,2214.6490,2222.0670,2229.2400,2203.9440,5294079800,47281397826.0000,0.002867,-0.092042
2012-06-27,2219.9440,2216.9340,2233.5430,2213.3230,5104912800,45220313771.0000,0.002764,-0.230993
2012-06-28,2220.2360,2195.8430,2224.1550,2195.3560,5418218300,50299744713.0000,0.002933,-0.951362
2012-06-29,2190.5760,2225.4310,2226.4850,2188.7160,6144188600,55964660552.0000,0.003326,1.347450
2012-07-02,2234.3200,2226.1100,2234.8730,2215.3580,6219620700,60638957821.0000,0.003348,0.030520
2012-07-03,2225.5680,2229.1930,2244.8320,2219.0500,6270302100,60441034732.0000,0.003375,0.138493
2012-07-04,2233.3350,2227.3150,2239.2700,2219.4480,5527365600,52367380262.0000,0.002974,-0.084254
2012-07-05,2218.2160,2201.3530,2218.2160,2192.6480,5796793400,52088149213.0000,0.003118,-1.165615
2012-07-06,2203.7300,2223.5790,2227.4730,2185.5220,7655791700,70766413523.0000,0.004116,1.009655
2012-07-09,2210.7140,2170.8140,2216.6970,2168.6080,7511147200,69313222932.0000,0.004038,-2.372982
2012-07-10,2166.9470,2164.4370,2178.1950,2156.7260,5899397200,53225562146.0000,0.003172,-0.293759
2012-07-11,2160.0200,2175.3830,2176.4910,2156.5960,5861447200,53413031939.0000,0.003149,0.505722
2012-07-12,2172.0640,2185.4910,2197.0440,2152.6750,8213376200,79627358213.0000,0.004412,0.464650
2012-07-13,2180.1720,2185.8950,2198.6610,2177.9240,5754683800,56114765517.0000,0.003091,0.018488
2012-07-16,2187.8870,2147.9550,2188.0630,2146.1540,6748768100,62714719943.0000,0.003623,-1.735671
2012-07-17,2142.4300,2161.1860,2165.3350,2141.4810,5518440800,52050624697.0000,0.002963,0.615979
2012-07-18,2159.8570,2169.0990,2170.2960,2138.7920,6655265900,59282117140.0000,0.003573,0.366146
2012-07-19,2164.2740,2184.8410,2197.7900,2159.9430,7933804900,68350742556.0000,0.004257,0.725737
2012-07-20,2180.0120,2168.6380,2185.7330,2162.0640,6434667200,54549966992.0000,0.003452,-0.741616
2012-07-23,2154.1710,2141.4020,2154.1710,2135.5630,5567708100,47984498101.0000,0.002986,-1.255896
2012-07-24,2132.3170,2146.5890,2158.9480,2131.0130,5441128600,46650467118.0000,0.002918,0.242225
2012-07-25,2141.0360,2136.1510,2151.4500,2132.8330,4857589400,41112394801.0000,0.002601,-0.486271
2012-07-26,2134.9870,2126.0040,2147.6640,2124.1550,5288407600,44906166094.0000,0.002831,-0.475012
2012-07-27,2132.0090,2128.7650,2139.1540,2120.6300,5207692000,46680223948.0000,0.002788,0.129867
2012-07-30,2128.1590,2109.9140,2137.7360,2107.6340,5199238300,42406106639.0000,0.002757,-0.885529
2012-07-31,2109.3250,2103.6340,2116.9040,2100.2520,5345609700,43470814409.0000,0.002834,-0.297644
2012-08-01,2101.7230,2123.3600,2130.7120,2101.7080,5380460200,44407565240.0000,0.002853,0.937714
2012-08-02,2120.1460,2111.1820,2126.4600,2103.4950,5346753900,41781302309.0000,0.002835,-0.573535
2012-08-03,2113.9640,2132.7960,2133.2660,2108.3300,5337132900,43755341373.0000,0.002830,1.023787
2012-08-06,2129.1480,2154.9160,2158.6810,2127.2630,7184320400,61162418837.0000,0.003809,1.037142
2012-08-07,2153.0930,2157.6200,2159.6830,2148.8970,7504979800,61939172451.0000,0.003979,0.125485
2012-08-08,2158.9820,2160.9900,2168.7340,2153.0200,7286953600,62324848205.0000,0.003863,0.156185
2012-08-09,2159.4340,2174.1020,2175.5450,2148.6940,7252924600,65269645651.0000,0.003845,0.606762
2012-08-10,2172.9640,2168.8140,2176.7950,2165.2840,6836855900,60929040657.0000,0.003621,-0.243231
2012-08-13,2164.0430,2136.0780,2164.0430,2134.5540,7135232200,63097889074.0000,0.003779,-1.509400
2012-08-14,2137.0470,2142.5250,2144.0060,2119.2530,6757158900,59676955655.0000,0.003576,0.301816
2012-08-15,2138.2780,2118.9450,2139.1420,2118.5030,5460939400,45974551736.0000,0.002890,-1.100563
2012-08-16,2116.0800,2112.1970,2122.6830,2109.6580,4517300900,38983892616.0000,0.002390,-0.318463
2012-08-17,2111.6530,2114.8910,2120.7140,2100.7870,4439063400,39157482604.0000,0.002349,0.127549
2012-08-20,2102.2310,2106.9570,2110.7800,2089.0180,4671749900,39258125490.0000,0.002468,-0.375153
2012-08-21,2106.3810,2118.2680,2124.1950,2103.0710,6075650500,51476983797.0000,0.003208,0.536842
2012-08-22,2118.8810,2107.7110,2121.1490,2097.6050,5844141200,48951230033.0000,0.003085,-0.498385
2012-08-23,2106.9600,2113.0720,2118.7360,2097.0830,5847229900,50332396315.0000,0.003087,0.254356
2012-08-24,2108.3600,2092.1040,2109.8220,2089.2170,6017894800,49673673016.0000,0.003176,-0.992300
2012-08-27,2085.3730,2055.7080,2085.3730,2055.3770,6031483300,47863250945.0000,0.003184,-1.739684
2012-08-28,2054.9670,2073.1540,2083.9560,2052.4920,5442210400,42097864049.0000,0.002873,0.848664
2012-08-29,2066.8200,2053.2350,2073.9490,2051.7750,5220980800,41622140056.0000,0.002756,-0.960804
2012-08-30,2044.0330,2052.5850,2060.1850,2032.5370,6196379200,50764221756.0000,0.003270,-0.031664
2012-08-31,2046.2890,2047.5220,2059.3020,2044.6500,4614390400,35269787928.0000,0.002435,-0.246664
2012-09-03,2044.8250,2059.1470,2066.7800,2041.1610,6063549800,47911475436.0000,0.003198,0.567759
2012-09-04,2060.6130,2043.6490,2063.8170,2039.2660,5746218400,47574484927.0000,0.003031,-0.752638
2012-09-05,2038.8730,2037.6810,2048.3190,2029.0540,5764980300,44886467552.0000,0.003041,-0.292027
2012-09-06,2040.6680,2051.9180,2052.9500,2036.3660,5609181700,42728537035.0000,0.002959,0.698683
2012-09-07,2062.9900,2127.7620,2145.0030,2062.9900,13993262400,111136695813.0000,0.007380,3.696249
2012-09-10,2128.0650,2134.8930,2140.1680,2120.4860,10358002600,86110737817.0000,0.005461,0.335146
2012-09-11,2127.5190,2120.5540,2127.5190,2107.2190,8042663800,65762864356.0000,0.004240,-0.671655
2012-09-12,2129.6870,2126.5540,2137.8900,2109.1370,8411474200,69157408695.0000,0.004435,0.282945
2012-09-13,2123.8400,2110.3790,2130.0790,2109.9960,7904497200,64590831355.0000,0.004167,-0.760623
2012-09-14,2127.3890,2123.8470,2136.2260,2111.1200,9124827100,76179406828.0000,0.004811,0.638180
2012-09-17,2120.6170,2078.5000,2121.5830,2077.4840,7639223300,62461134375.0000,0.004028,-2.135132
2012-09-18,2069.3430,2059.5430,2074.7620,2053.6620,5379485000,43632379817.0000,0.002836,-0.912053
2012-09-19,2061.0610,2067.8310,2069.9500,2055.1980,5224362900,43550876130.0000,0.002754,0.402424
2012-09-20,2060.3060,2024.8370,2060.3060,2023.0850,6748265900,53959071020.0000,0.003558,-2.079184
2012-09-21,2020.5540,2026.6900,2041.9480,2018.2630,6028945600,47695123366.0000,0.003157,0.091509
2012-09-24,2015.7670,2033.1920,2040.8500,2005.2630,5763777900,45575601287.0000,0.003018,0.320822
2012-09-25,2028.6330,2029.2930,2039.0960,2021.8090,4821940800,38445162494.0000,0.002525,-0.191770
2012-09-26,2027.8550,2004.1720,2033.0360,1999.4840,5040082800,38415066392.0000,0.002639,-1.237917
2012-09-27,2003.0990,2056.3230,2068.0710,2002.3240,7669145700,60338935875.0000,0.004015,2.602122
2012-09-28,2042.8860,2086.1690,2089.6330,2040.3500,7944895200,64802323507.0000,0.004159,1.451423
2012-10-08,2084.8490,2074.4190,2096.2590,2063.0890,5513161200,44793732470.0000,0.002886,-0.563233
2012-10-09,2081.5890,2115.2300,2119.3360,2081.5890,8456378800,67520373269.0000,0.004426,1.967348
2012-10-10,2111.5870,2119.9420,2121.9920,2102.5350,7891203500,60531573749.0000,0.004131,0.222761
2012-10-11,2114.2320,2102.8680,2117.8390,2101.1400,7449702900,56744435900.0000,0.003898,-0.805398
2012-10-12,2109.0700,2104.9320,2127.3070,2092.5110,6826297200,51434044796.0000,0.003572,0.098150
2012-10-15,2105.0240,2098.7030,2107.1990,2085.1150,5394075100,42308632843.0000,0.002821,-0.295924
2012-10-16,2097.0500,2098.8080,2111.7800,2089.6950,5781843800,47242197205.0000,0.003024,0.005014
2012-10-17,2104.2800,2105.6180,2113.1620,2088.0440,5987406500,47070596465.0000,0.003132,0.324461
2012-10-18,2108.4980,2131.6880,2137.6860,2107.4920,8719109200,65711759568.0000,0.004560,1.238120
2012-10-19,2129.8200,2128.3020,2136.8690,2125.7360,6764127900,50605600280.0000,0.003538,-0.158841
2012-10-22,2118.5210,2132.7580,2138.0270,2112.7520,6011722200,47534435094.0000,0.003144,0.209371
2012-10-23,2132.1080,2114.4470,2136.2180,2111.9230,7268380600,54013091665.0000,0.003801,-0.858561
2012-10-24,2106.8300,2115.9900,2123.9980,2104.6700,7288661800,49728088898.0000,0.003812,0.072973
2012-10-25,2114.7640,2101.5800,2128.7400,2100.6090,8539310900,55690216572.0000,0.004466,-0.681001
2012-10-26,2100.1000,2066.2090,2102.1620,2058.0630,7860643500,54248873731.0000,0.004111,-1.683071
2012-10-29,2061.8470,2058.9430,2068.2370,2053.0920,5363500900,39078111019.0000,0.002804,-0.351652
2012-10-30,2059.2020,2062.3470,2075.9050,2054.2640,6056909200,42767334901.0000,0.003163,0.165318
2012-10-31,2061.1240,2068.8800,2070.4790,2053.5830,5952723400,43159088527.0000,0.003108,0.316773
2012-11-01,2070.0200,2104.4280,2109.4960,2069.9470,8288667000,62606643902.0000,0.004328,1.718229
2012-11-02,2105.4490,2117.0460,2119.2240,2096.5310,7655722000,55869885523.0000,0.003997,0.599589
2012-11-05,2113.3280,2114.0270,2123.3270,2104.5840,7153876200,53222132005.0000,0.003728,-0.142595
2012-11-06,2113.6580,2105.9990,2114.7910,2078.4720,7134385000,53697998810.0000,0.003713,-0.379753
2012-11-07,2102.4190,2105.7300,2112.6310,2093.2890,5938012800,47163781132.0000,0.003090,-0.012775
2012-11-08,2091.2540,2071.5090,2092.5650,2070.6500,6659456100,49276099893.0000,0.003466,-1.625135
2012-11-09,2066.4950,2069.0670,2077.2280,2062.4170,5422346000,39065354573.0000,0.002822,-0.117892
2012-11-12,2069.2140,2079.2740,2079.5710,2061.8400,5669485500,42083753188.0000,0.002950,0.493316
2012-11-13,2078.1330,2047.8890,2078.1330,2044.0360,6108729300,44605159107.0000,0.003179,-1.509416
2012-11-14,2047.2570,2055.4190,2056.4880,2040.1720,4809300000,35883690655.0000,0.002502,0.367691
2012-11-15,2045.4560,2030.2900,2053.5600,2029.8740,5055685700,37082797748.0000,0.002631,-1.222569
2012-11-16,2026.5630,2014.7250,2028.6860,2001.7160,4958168000,36821292718.0000,0.002580,-0.766642
2012-11-19,2013.2460,2016.9820,2018.3800,1995.7210,4532701800,36090720201.0000,0.002355,0.112029
2012-11-20,2020.4330,2008.9230,2023.6110,2004.1700,4258063500,33372963548.0000,0.002213,-0.399561
2012-11-21,2008.2110,2030.3190,2031.1490,1995.1740,5328202100,39658621481.0000,0.002769,1.065048
2012-11-22,2021.2090,2015.6110,2023.0850,2009.7200,4557784700,33727413953.0000,0.002368,-0.724419
2012-11-23,2020.0150,2027.3840,2034.8840,2017.0040,5155146900,38278378090.0000,0.002679,0.584094
2012-11-26,2023.3390,2017.4640,2027.2740,2014.0290,4477955100,33110722038.0000,0.002326,-0.489303
2012-11-27,2012.0750,1991.1650,2014.2110,1990.3360,5662742200,39089182618.0000,0.002942,-1.303565
2012-11-28,1984.4800,1973.5230,1984.8630,1968.2130,5050558700,34492569662.0000,0.002623,-0.886019
2012-11-29,1972.9250,1963.4880,1980.5560,1961.8220,4954008800,33179657979.0000,0.002573,-0.508477
2012-11-30,1961.8150,1980.1170,1983.4190,1959.3340,5689341600,37739106755.0000,0.002955,0.846906
2012-12-03,1977.2540,1959.7670,1988.1910,1957.8840,6165337500,43027553647.0000,0.003202,-1.027716
2012-12-04,1956.6160,1975.1430,1980.1190,1949.4570,6237812300,43054547446.0000,0.003237,0.784582
2012-12-05,1973.1070,2031.9070,2040.6040,1970.2020,11997304000,85475970222.0000,0.006225,2.873920
2012-12-06,2029.5620,2029.2370,2036.6090,2018.3790,8145921900,58452526304.0000,0.004227,-0.131400
2012-12-07,2028.7660,2061.7860,2065.7450,2023.9610,11515728900,82158975512.0000,0.005975,1.603993
2012-12-10,2067.3240,2083.7700,2087.0070,2064.6150,11538322600,81469437287.0000,0.005986,1.066266
2012-12-11,2077.5570,2074.7040,2088.6350,2070.1920,9337083000,67930370635.0000,0.004843,-0.435073
2012-12-12,2073.2710,2082.7260,2085.9340,2066.3910,7855914200,57115139819.0000,0.004096,0.386656
2012-12-13,2077.4160,2061.4760,2081.3630,2059.4720,7227232400,52179639438.0000,0.003768,-1.020297
2012-12-14,2062.6890,2150.6250,2152.4960,2062.5430,16087381200,117707099283.0000,0.008386,4.324519
2012-12-17,2152.0970,2160.3420,2169.5700,2151.9360,14424221800,110556699913.0000,0.007483,0.451824
2012-12-18,2155.8580,2162.4640,2183.7140,2144.7330,12609946700,99028894174.0000,0.006504,0.098228
2012-12-19,2158.6700,2162.2390,2175.3950,2154.2870,9439152200,75813180710.0000,0.004869,-0.010409
2012-12-20,2156.1930,2168.3530,2174.8190,2142.9510,9938418300,80073490883.0000,0.005127,0.282763
2012-12-21,2169.5700,2153.3100,2190.3980,2148.1700,10337287200,84574353484.0000,0.005333,-0.693751
2012-12-24,2150.6540,2159.0530,2170.3940,2149.8250,7846966400,67970651968.0000,0.004044,0.266702
2012-12-25,2154.3200,2213.6110,2220.2630,2146.8620,14332770800,114873959457.0000,0.007379,2.526946
2012-12-26,2211.5940,2219.1320,2220.4750,2206.7870,12185863000,97153766055.0000,0.006274,0.249411
2012-12-27,2223.6550,2205.8970,2234.7240,2204.7900,12902350100,100393985354.0000,0.006641,-0.596409
2012-12-28,2207.9130,2233.2520,2234.8690,2204.0030,11592493400,91970152857.0000,0.005966,1.240084
2012-12-31,2236.4610,2269.1280,2269.5120,2236.4610,12803140200,105541831820.0000,0.006564,1.606446
2013-01-04,2289.5100,2276.9920,2296.1130,2256.5600,13946993100,114627763955.0000,0.007150,0.346566
2013-01-07,2271.6630,2285.3640,2293.3170,2266.8620,11816281300,96872865891.0000,0.006047,0.367681
2013-01-08,2284.6540,2276.0700,2289.1390,2262.9790,12290787700,106428762687.0000,0.006290,-0.406672
2013-01-09,2271.2990,2275.3400,2283.8960,2259.0510,12201492400,102823099451.0000,0.006244,-0.032072
2013-01-10,2274.3770,2283.6580,2295.4840,2268.6480,12006667600,98236402918.0000,0.006145,0.365566
2013-01-11,2285.1850,2242.9970,2290.2050,2234.9470,12506827500,101550951798.0000,0.006399,-1.780516
2013-01-14,2236.2880,2311.7400,2317.6170,2235.1070,14474988900,123614926882.0000,0.007405,3.064780
2013-01-15,2312.4680,2325.6820,2332.7830,2309.3230,16564598100,141013966842.0000,0.008474,0.603091
2013-01-16,2322.1580,2309.4990,2326.7640,2279.5070,15351116700,133107693476.0000,0.007852,-0.695833
2013-01-17,2305.1400,2284.9090,2305.6020,2275.8770,11910183500,103214052378.0000,0.006092,-1.064737
2013-01-18,2295.8090,2317.0700,2324.5090,2285.9720,12543802600,105391533545.0000,0.006414,1.407546
2013-01-21,2321.4900,2328.2210,2329.5810,2305.0990,13468045800,113016061510.0000,0.006887,0.481249
2013-01-22,2326.4900,2315.1390,2335.8060,2301.3010,14946658400,123370049377.0000,0.007699,-0.561890
2013-01-23,2308.5210,2320.9110,2325.1180,2296.4910,11817972200,96956218661.0000,0.006087,0.249314
2013-01-24,2320.2580,2302.5980,2362.9430,2287.2960,16103167400,135604340878.0000,0.008294,-0.789043
2013-01-25,2300.0010,2291.3040,2308.3800,2288.2620,9260574100,80267388572.0000,0.004770,-0.490487
2013-01-28,2295.3520,2346.5050,2346.9210,2295.3520,12838376000,116916369692.0000,0.006611,2.409149
2013-01-29,2347.2150,2358.9770,2363.7970,2337.3530,14185393400,124916965356.0000,0.007304,0.531521
2013-01-30,2360.7480,2382.4750,2383.7630,2347.8900,14987890700,124856037030.0000,0.007717,0.996112
2013-01-31,2383.4260,2385.4220,2391.8210,2371.2260,13970789200,116205036970.0000,0.007183,0.123696
2013-02-01,2377.4140,2419.0200,2421.1540,2369.5700,14081817200,125554958223.0000,0.007240,1.408468
2013-02-04,2425.9210,2428.1540,2440.3760,2417.5850,16755140200,152533693371.0000,0.008608,0.377592
2013-02-05,2411.0010,2433.1300,2437.4150,2403.3020,15075450500,127096113122.0000,0.007745,0.204922
2013-02-06,2432.6770,2434.4770,2441.7260,2427.6990,11657996600,104583536940.0000,0.005989,0.055368
2013-02-07,2430.6880,2418.5300,2433.8930,2394.2180,12000863400,109335068114.0000,0.006166,-0.655049
2013-02-08,2416.6190,2432.4020,2443.0320,2414.3980,10907038600,98965224617.0000,0.005603,0.573574
2013-02-18,2441.9060,2421.5580,2444.8040,2415.4290,11617499400,103657025088.0000,0.005951,-0.445814
2013-02-19,2420.2650,2382.9140,2427.0750,2373.5350,12347333400,106330944989.0000,0.006324,-1.595834
2013-02-20,2383.4930,2397.1780,2397.9410,2370.6080,11028057700,97222298954.0000,0.005649,0.598591
2013-02-21,2378.8220,2325.9510,2378.8220,2309.1710,14405947800,126627831357.0000,0.007379,-2.971288
2013-02-22,2322.9400,2314.1640,2330.8790,2308.7600,9698182800,87579820983.0000,0.004968,-0.506755
2013-02-25,2320.6180,2325.8190,2338.7800,2315.0120,8836737400,77642340941.0000,0.004521,0.503639
2013-02-26,2313.7400,2293.3410,2340.7090,2289.8870,11763866700,105917189188.0000,0.006009,-1.396412
2013-02-27,2297.7670,2313.2200,2324.6270,2292.0340,9782488700,88262924234.0000,0.004997,0.866810
2013-02-28,2322.3230,2365.5930,2366.1640,2308.9160,12695049400,115918268401.0000,0.006484,2.264076
2013-03-01,2364.5440,2359.5060,2369.6490,2330.8580,12031275200,111531114205.0000,0.006144,-0.257310
2013-03-04,2332.0800,2273.4040,2333.5400,2259.2470,16175002500,143046508680.0000,0.008259,-3.649156
2013-03-05,2274.8080,2326.3060,2328.1430,2270.1000,13113659800,116721195608.0000,0.006696,2.326989
2013-03-06,2333.6150,2347.1790,2351.4410,2321.6000,14133369200,125364797765.0000,0.007215,0.897262
2013-03-07,2340.4360,2324.2930,2352.0210,2304.2700,13975634800,126085892200.0000,0.007135,-0.975042
2013-03-08,2326.4170,2318.6110,2333.6670,2314.5870,9879414800,88438607018.0000,0.005044,-0.244456
2013-03-11,2314.6830,2310.5930,2320.9610,2296.5830,8411190300,73919947382.0000,0.004294,-0.345813
2013-03-12,2309.1580,2286.6050,2333.2860,2264.8290,11766445600,100637092926.0000,0.006006,-1.038177
2013-03-13,2282.1700,2263.9680,2286.3290,2253.2490,9097278800,77688955841.0000,0.004643,-0.989981
2013-03-14,2255.7750,2270.2770,2276.2220,2253.3100,8029408600,69218592825.0000,0.004098,0.278674
2013-03-15,2269.3150,2278.4010,2312.0780,2250.0050,11647781300,101578107326.0000,0.005942,0.357832
2013-03-18,2267.2870,2240.0160,2276.0500,2239.2140,9312277200,81486175707.0000,0.004750,-1.684724
2013-03-19,2244.2650,2257.4340,2261.3140,2232.0230,8758210500,75512072273.0000,0.004467,0.777582
2013-03-20,2257.7370,2317.3740,2317.8600,2257.4210,13124128400,113974254023.0000,0.006694,2.655225
2013-03-21,2318.2050,2324.2420,2330.8130,2311.6030,11920091000,104786065215.0000,0.006078,0.296366
2013-03-22,2321.4030,2328.2780,2331.9950,2314.9670,10116729900,85951321520.0000,0.005158,0.173654
2013-03-25,2334.7350,2326.7150,2344.8940,2319.9080,9703152600,85418622369.0000,0.004947,-0.067131
2013-03-26,2318.5780,2297.6690,2319.9880,2281.1180,10444901500,91811327564.0000,0.005325,-1.248376
2013-03-27,2299.3770,2301.2590,2323.4770,2288.9950,9633119500,85708419365.0000,0.004911,0.156249
2013-03-28,2273.5520,2236.3020,2273.5520,2232.9060,12765869800,107593508390.0000,0.006508,-2.822674
2013-03-29,2238.4850,2236.6210,2246.8680,2228.8130,8556547300,73358185133.0000,0.004361,0.014269
2013-04-01,2229.4600,2234.3950,2243.9490,2227.3140,7741177400,66997534038.0000,0.003934,-0.099528
2013-04-02,2234.9010,2227.7400,2253.4210,2220.4390,8971432300,77596667316.0000,0.004559,-0.297845
2013-04-03,2232.6940,2225.2950,2241.3400,2217.2520,8179526700,68801356871.0000,0.004156,-0.109756
2013-04-08,2196.2380,2211.5920,2212.5860,2180.6730,8625747000,73666169988.0000,0.004383,-0.615778
2013-04-09,2215.4670,2225.7750,2234.7250,2215.4670,8289654400,73135035445.0000,0.004212,0.641296
2013-04-10,2224.9340,2226.1260,2233.0400,2212.5610,8061962100,71090219578.0000,0.004096,0.015773
2013-04-11,2236.9830,2219.5530,2242.4790,2217.2650,7363270400,62132700158.0000,0.003741,-0.295266
2013-04-12,2218.0950,2206.7800,2226.2620,2204.4380,6684634000,56196878022.0000,0.003396,-0.575474
2013-04-15,2199.9140,2181.9420,2204.9870,2177.3880,7163232300,58162177672.0000,0.003638,-1.125537
2013-04-16,2169.6300,2194.8460,2196.4320,2165.7840,7999217800,66955845024.0000,0.004063,0.591402
2013-04-17,2195.0320,2193.7960,2197.5080,2178.4680,6831418100,59986556162.0000,0.003469,-0.047842
2013-04-18,2181.8220,2197.6020,2206.0270,2175.4440,7161692700,61888122713.0000,0.003637,0.173496
2013-04-19,2201.1220,2244.6430,2250.1100,2200.5840,10966055600,95383012019.0000,0.005566,2.140561
2013-04-22,2236.4020,2242.1690,2245.1190,2232.2580,9523373000,82244998209.0000,0.004833,-0.110223
2013-04-23,2242.6160,2184.5380,2242.6160,2182.8060,9654131500,82217516673.0000,0.004899,-2.570318
2013-04-24,2187.3490,2218.3180,2226.1170,2184.1090,9160026100,78977211750.0000,0.004648,1.546324
2013-04-25,2213.1850,2199.3070,2224.6300,2191.8480,9670418800,84483236302.0000,0.004907,-0.857011
2013-04-26,2203.8890,2177.9120,2210.5810,2173.8640,7667397000,65251506871.0000,0.003889,-0.972796
2013-05-02,2170.7830,2174.1230,2179.6470,2161.1400,6833793600,59877609929.0000,0.003464,-0.173977
2013-05-03,2179.0490,2205.4970,2222.8110,2179.0490,8858346400,78315703425.0000,0.004489,1.443066
2013-05-06,2212.4950,2231.1660,2236.0660,2212.4950,9226814600,81625607393.0000,0.004676,1.163862
2013-05-07,2227.8610,2235.5750,2240.2560,2219.4350,8645235600,79040924815.0000,0.004381,0.197607
2013-05-08,2242.3930,2246.3000,2255.2080,2235.4170,9037193300,81390848352.0000,0.004579,0.479747
2013-05-09,2246.9630,2232.9710,2247.8640,2221.3840,9853163700,91165292599.0000,0.004993,-0.593380
2013-05-10,2228.8190,2246.8310,2247.6740,2225.8120,9033547600,81280141888.0000,0.004575,0.620703
2013-05-13,2247.6780,2241.9200,2250.8540,2231.3630,8621122400,79191481239.0000,0.004367,-0.218580
2013-05-14,2238.9040,2217.0100,2239.9260,2205.8730,8324497500,75660470722.0000,0.004222,-1.111097
2013-05-15,2217.0860,2224.7970,2225.1860,2213.5820,7172289300,66658263971.0000,0.003637,0.351244
2013-05-16,2221.3370,2251.8060,2252.8720,2210.7700,11028437600,102255271577.0000,0.005591,1.213989
2013-05-17,2249.8110,2282.8700,2288.0910,2248.4130,12612600600,111248809084.0000,0.006393,1.379524
2013-05-20,2286.3280,2299.9860,2309.3920,2281.8990,13915051400,128843530373.0000,0.007050,0.749757
2013-05-21,2297.1100,2305.1140,2305.3010,2290.1240,12417317600,113025213273.0000,0.006291,0.222955
2013-05-22,2303.7500,2302.4030,2314.1830,2292.4310,12836002560,115149320192.0000,0.006492,-0.117605
2013-05-23,2293.8090,2275.6670,2304.9530,2274.1020,12401984400,111052052962.0000,0.006275,-1.161225
2013-05-24,2281.4450,2288.5330,2292.5950,2270.2500,10144121300,92021526802.0000,0.005132,0.565371
2013-05-27,2286.6610,2293.0770,2301.7020,2283.9350,10732506100,99920157617.0000,0.005429,0.198553
2013-05-28,2293.4000,2321.3180,2322.0990,2281.4680,13263299500,120352501440.0000,0.006709,1.231586
2013-05-29,2323.5390,2324.0170,2334.3350,2321.1660,12525072900,114311551701.0000,0.006336,0.116269
2013-05-30,2316.2530,2317.7490,2325.7210,2310.4920,11191303200,103546766846.0000,0.005661,-0.269708
2013-05-31,2320.7390,2300.5950,2325.5340,2299.3690,10816255488,100597837824.0000,0.005471,-0.740117
2013-06-03,2300.2090,2299.2520,2313.4250,2294.1130,9688281344,91601682432.0000,0.004862,-0.058377
2013-06-04,2297.1000,2272.4160,2297.1000,2264.7610,10189581800,92377181551.0000,0.005112,-1.167160
2013-06-05,2270.7120,2270.9310,2276.8650,2260.8710,7648330300,71142676053.0000,0.003837,-0.065354
2013-06-06,2264.4250,2242.1100,2266.6920,2240.0700,8153869400,75261584761.0000,0.004088,-1.269118
2013-06-07,2242.2630,2210.8980,2250.6290,2205.0660,8997807700,81058352191.0000,0.004502,-1.392089
2013-06-13,2190.1010,2148.3550,2190.1010,2126.2160,9437109400,79714527238.0000,0.004721,-2.828849
2013-06-14,2150.0600,2162.0410,2163.8460,2142.7800,7785747200,68747761906.0000,0.003894,0.637047
2013-06-17,2165.9940,2156.2150,2169.3560,2147.0290,7575779000,68440143896.0000,0.003789,-0.269464
2013-06-18,2158.5460,2159.2910,2161.6810,2138.3470,6963227100,63582678086.0000,0.003482,0.142654
2013-06-19,2150.8160,2143.4540,2150.8160,2115.7930,7542501600,67080569348.0000,0.003732,-0.733431
2013-06-20,2132.8130,2084.0210,2132.8130,2082.8250,7778793000,68164538356.0000,0.003848,-2.772773
2013-06-21,2058.9780,2073.0950,2085.8600,2042.8790,7967322400,67440066220.0000,0.003941,-0.524276
2013-06-24,2068.8620,1963.2350,2068.8620,1958.4010,10919821500,87969841712.0000,0.005399,-5.299322
2013-06-25,1948.3150,1959.5080,1963.5660,1849.6530,13815851600,104743632278.0000,0.006831,-0.189836
2013-06-26,1954.4740,1951.4950,1959.1580,1922.8240,10119252700,80892689202.0000,0.005002,-0.408932
2013-06-27,1955.1260,1950.0130,1980.5400,1942.3710,10581331800,84260408505.0000,0.005230,-0.075945
2013-06-28,1935.5160,1979.2060,1987.9840,1925.6510,10073796800,77513874673.0000,0.004978,1.497073
2013-07-01,1965.9870,1995.2420,1995.9160,1957.5710,7805139300,62711812201.0000,0.003853,0.810218
2013-07-02,1992.8900,2006.5600,2007.6200,1978.4280,8641541800,73980843793.0000,0.004265,0.567255
2013-07-03,1996.5060,1994.2680,1996.5370,1965.5190,9346647100,76682437035.0000,0.004600,-0.612596
2013-07-04,1982.8700,2006.0980,2022.1360,1974.1030,10039418300,82685489823.0000,0.004940,0.593204
2013-07-05,2006.1910,2007.1990,2021.5410,2002.3670,9134522200,75137508120.0000,0.004492,0.054880
2013-07-08,1983.2150,1958.2730,1983.2150,1953.1210,8413649100,67187833865.0000,0.004134,-2.437527
2013-07-09,1953.6020,1965.4540,1969.1490,1946.3660,6453873300,52223185846.0000,0.003171,0.366702
2013-07-10,1962.8400,2008.1260,2009.3600,1960.2770,8979798100,72807806791.0000,0.004412,2.171101
2013-07-11,2011.0200,2072.9910,2092.8680,2010.4000,15997077300,131049067827.0000,0.007859,3.230125
2013-07-12,2068.0440,2039.4860,2074.8570,2036.0500,12117417500,102972652426.0000,0.005953,-1.616264
2013-07-15,2046.1190,2059.3900,2076.6650,2037.2480,10147035700,88023339258.0000,0.004986,0.975929
2013-07-16,2054.6000,2065.7200,2066.3630,2038.5350,9673739900,82870901045.0000,0.004216,0.307376
2013-07-17,2061.1860,2044.9220,2075.8130,2043.2310,10325132100,87993978106.0000,0.004498,-1.006815
2013-07-18,2038.4000,2023.3960,2043.3720,2016.8990,9213204900,76618528707.0000,0.004013,-1.052656
2013-07-19,2025.3170,1992.6480,2035.2200,1990.2530,10457757100,87481519970.0000,0.004555,-1.519626
2013-07-22,1977.7330,2004.7620,2005.4740,1970.6390,8292219000,69649507412.0000,0.003612,0.607935
2013-07-23,2008.9550,2043.8760,2051.5260,2005.0920,10951736000,92711261462.0000,0.004770,1.951055
2013-07-24,2035.6910,2033.3290,2042.7730,2010.4240,10665577900,93700581451.0000,0.004643,-0.516029
2013-07-25,2037.3360,2021.1740,2045.3650,2016.4310,9854536600,86249516075.0000,0.004289,-0.597790
2013-07-26,2013.1900,2010.8500,2021.5740,2000.7970,7380042900,65538619606.0000,0.003212,-0.510791
2013-07-29,1997.8380,1976.3060,1997.8380,1969.8530,7868327400,65866980367.0000,0.003424,-1.717878
2013-07-30,1981.4520,1990.0640,2006.2320,1965.3610,7721978400,66157865325.0000,0.003361,0.696144
2013-07-31,2000.7940,1993.7990,2015.4720,1987.8800,7016060300,59394334168.0000,0.003053,0.187682
2013-08-01,2000.8180,2029.0670,2029.9280,1997.0580,9125668600,77395281406.0000,0.003971,1.768888
2013-08-02,2039.5140,2029.4180,2047.0840,2025.6540,9359276700,78906252081.0000,0.004073,0.017296
2013-08-05,2031.7240,2050.4810,2050.9110,2025.2260,8551796800,73277096081.0000,0.003720,1.037883
2013-08-06,2043.6530,2060.5000,2066.7400,2034.9570,10558097500,88690559153.0000,0.004592,0.488619
2013-08-07,2056.3670,2046.7780,2069.5610,2043.7500,10771259400,91260307563.0000,0.004684,-0.665957
2013-08-08,2044.4360,2044.8950,2058.5610,2037.2510,8413329000,71954924316.0000,0.003658,-0.091995
2013-08-09,2052.2440,2052.2350,2061.7080,2030.1270,9531642300,83036019695.0000,0.004145,0.358947
2013-08-12,2058.4160,2101.2830,2102.3470,2055.7150,13512897400,116489710186.0000,0.005876,2.389972
2013-08-13,2101.3240,2106.1560,2106.3970,2093.7960,11770887500,96430370026.0000,0.005109,0.231908
2013-08-14,2109.2250,2100.1370,2122.9650,2093.0430,11443780200,95791169735.0000,0.004966,-0.285783
2013-08-15,2099.2790,2081.8800,2108.4050,2079.9690,9939665600,84735663149.0000,0.004311,-0.869328
2013-08-16,2075.9830,2068.4520,2198.8480,2061.6540,15306332600,123125127254.0000,0.006631,-0.644993
2013-08-19,2055.1280,2085.6020,2091.1320,2052.7030,9744678300,81501386164.0000,0.004183,0.829130
2013-08-20,2081.9660,2072.5950,2098.9800,2066.0720,10738177300,89117930477.0000,0.004611,-0.623661
2013-08-21,2076.2710,2072.9610,2076.3170,2056.9130,8744599100,72860722876.0000,0.003753,0.017657
2013-08-22,2069.3130,2067.1240,2083.3330,2062.3670,9092830700,76018374980.0000,0.003902,-0.281574
2013-08-23,2075.9290,2057.4580,2079.8460,2029.3650,11242635100,94571635944.0000,0.004825,-0.467607
2013-08-26,2061.4170,2096.4740,2097.3440,2056.1330,11993265200,99157897686.0000,0.005147,1.896326
2013-08-27,2095.4400,2103.5670,2105.3760,2090.4250,12634196600,104591620277.0000,0.005422,0.338319
2013-08-28,2092.3110,2101.3010,2113.8170,2080.8610,16139202600,132239100468.0000,0.006923,-0.107716
2013-08-29,2108.4360,2097.2270,2110.8940,2088.2360,13326821900,105259324003.0000,0.005717,-0.193879
2013-08-30,2097.2170,2098.3820,2114.3930,2089.0950,17007564900,132055680824.0000,0.007296,0.055074
2013-09-02,2104.0900,2098.4480,2108.6830,2078.4550,14915852288,121084661760.0000,0.006398,0.003141
2013-09-03,2100.4490,2123.1120,2123.8470,2095.4550,13889317500,112421234241.0000,0.005957,1.175348
2013-09-04,2121.6800,2127.6180,2132.9960,2115.7530,14200038600,116457424329.0000,0.006090,0.212229
2013-09-05,2125.2550,2122.4300,2127.8550,2115.2360,12654410400,105776493159.0000,0.005421,-0.243840
2013-09-06,2119.3330,2139.9930,2143.2440,2119.0210,14326066000,119152339949.0000,0.006130,0.827494
2013-09-09,2151.3470,2212.5160,2218.5290,2151.3470,21942708600,178881745254.0000,0.009388,3.388945
2013-09-10,2214.8140,2237.9840,2238.5510,2202.8170,23720664900,191083879038.0000,0.010149,1.151078
2013-09-11,2244.9620,2241.2680,2258.0750,2233.0030,24434945500,195427637455.0000,0.010454,0.146747
2013-09-12,2236.1710,2255.6050,2270.2680,2226.2880,20971511000,167300577632.0000,0.008972,0.639679
2013-09-13,2251.4620,2236.2170,2259.4240,2228.4830,17198422900,140600125813.0000,0.007358,-0.859545
2013-09-16,2244.4630,2231.4010,2248.4710,2226.1710,15488402000,133580632777.0000,0.006626,-0.215371
2013-09-17,2230.3880,2185.5600,2230.9290,2184.9220,15454255500,132460428878.0000,0.006611,-2.054352
2013-09-18,2185.9360,2191.8510,2195.9040,2172.0430,11511188700,101333088776.0000,0.004923,0.287845
2013-09-23,2199.3610,2221.0440,2223.0680,2198.3360,13317485800,121468259676.0000,0.005696,1.331882
2013-09-24,2219.4670,2207.5310,2219.5430,2187.2360,16041505500,143330958110.0000,0.006861,-0.608405
2013-09-25,2206.2250,2198.5150,2217.9740,2193.7220,16021276200,143779983393.0000,0.006851,-0.408425
2013-09-26,2192.2260,2155.8090,2192.2260,2154.7210,14041534600,125680363387.0000,0.006005,-1.942484
2013-09-27,2150.9610,2160.0270,2165.7770,2149.5940,10540178800,97811678182.0000,0.004507,0.195658
2013-09-30,2167.7340,2174.6650,2176.3030,2165.1620,9281008100,88982759154.0000,0.003949,0.677674
2013-10-08,2171.9040,2198.1990,2200.0180,2161.4890,12671020300,114992017832.0000,0.005391,1.082187
2013-10-09,2191.3920,2211.7690,2212.3470,2185.1810,13087173700,117966138817.0000,0.005561,0.617327
2013-10-10,2214.4050,2190.9290,2214.5920,2186.4800,14977589600,136575144087.0000,0.006364,-0.942236
2013-10-11,2201.4090,2228.1460,2228.8710,2200.5300,15689217600,142271932986.0000,0.006665,1.698688
2013-10-14,2232.2180,2237.7730,2242.9840,2226.4030,16598338600,151626936770.0000,0.007050,0.432061
2013-10-15,2237.9310,2233.4120,2240.2500,2221.1390,15372282500,138541635496.0000,0.006523,-0.194874
2013-10-16,2228.1130,2193.0740,2228.1130,2183.4030,15463863700,138165496489.0000,0.006562,-1.806121
2013-10-17,2201.7100,2188.5420,2211.0300,2183.2460,12676794400,113138850979.0000,0.005379,-0.206650
2013-10-18,2188.7140,2193.7800,2203.2910,2184.3600,10372463100,90814173242.0000,0.004401,0.239339
2013-10-21,2198.1140,2229.2370,2230.2850,2190.3940,13669440768,123936337920.0000,0.005800,1.616253
2013-10-22,2227.3410,2210.6520,2227.3410,2204.2440,14913283072,134994866176.0000,0.006328,-0.833692
2013-10-23,2213.2740,2183.1070,2226.8470,2177.7250,14634709000,125789855034.0000,0.006207,-1.246020
2013-10-24,2178.8200,2164.3220,2183.4120,2159.8710,10300895232,90001866752.0000,0.004369,-0.860467
2013-10-25,2163.6890,2132.9550,2170.6120,2122.6780,11392452096,99671699456.0000,0.004831,-1.449273
2013-10-28,2135.8790,2133.8690,2140.9570,2123.0690,8840132352,77889327104.0000,0.003746,0.042843
2013-10-29,2135.2260,2128.8640,2163.6570,2093.1970,14309281024,117347749888.0000,0.006064,-0.234545
2013-10-30,2126.6900,2160.4630,2161.9350,2121.8410,11964336128,95233753088.0000,0.005070,1.484307
2013-10-31,2155.5110,2141.6140,2155.5110,2137.4660,10806301952,88638836736.0000,0.004579,-0.872446
2013-11-01,2139.8800,2149.5620,2157.3130,2132.6290,8911847680,76271865856.0000,0.003777,0.371122
2013-11-04,2156.0870,2149.6340,2160.5780,2143.2070,7614793984,66305997056.0000,0.003226,0.003351
2013-11-05,2139.8370,2157.2400,2158.1480,2124.8450,9190003200,77963321344.0000,0.003893,0.353826
2013-11-06,2149.3900,2139.6070,2166.1710,2138.7800,10048734464,86547132416.0000,0.004256,-0.817390
2013-11-07,2136.6270,2129.4000,2141.6000,2119.1860,8184261120,70177472512.0000,0.003467,-0.477052
2013-11-08,2120.9230,2106.1270,2128.5810,2103.5100,8309686016,70325215232.0000,0.003519,-1.092935
2013-11-11,2103.2990,2109.4710,2117.2800,2093.6260,6967830016,59934058752.0000,0.002951,0.158775
2013-11-12,2110.7240,2126.7720,2127.9380,2108.3960,7944673024,67951266304.0000,0.003364,0.820159
2013-11-13,2117.8860,2087.9410,2117.9120,2086.0060,8825709312,73376067584.0000,0.003737,-1.825821
2013-11-14,2087.1190,2100.5060,2102.3800,2078.9880,8379937280,72089882624.0000,0.003549,0.601798
2013-11-15,2100.9000,2135.8270,2153.2130,2100.7860,12589452032,113364459520.0000,0.005331,1.681538
2013-11-18,2147.3730,2197.2190,2198.3160,2143.7680,15750271488,143246233600.0000,0.006669,2.874394
2013-11-19,2198.3180,2193.1250,2203.2970,2186.1140,12508230700,115941880393.0000,0.005296,-0.186326
2013-11-20,2201.4740,2206.6130,2207.1050,2186.6420,11896186112,104820412416.0000,0.005039,0.615015
2013-11-21,2197.0080,2205.7660,2206.5310,2177.7350,13724551680,120005001216.0000,0.005813,-0.038381
2013-11-22,2206.4710,2196.3780,2211.0660,2188.7670,11386645760,102450200576.0000,0.004822,-0.425620
2013-11-25,2186.0580,2186.1150,2209.1480,2181.4180,10828265500,96747311934.0000,0.004584,-0.467267
2013-11-26,2184.3320,2183.0730,2192.5790,2176.1770,10046083072,84536639488.0000,0.004253,-0.139151
2013-11-27,2181.7250,2201.0700,2207.6170,2176.8470,11538441216,102163492864.0000,0.004885,0.824392
2013-11-28,2204.3780,2219.3720,2234.3870,2202.6230,13445677824,119645442048.0000,0.005692,0.831505
2013-11-29,2221.6180,2220.5040,2224.9440,2212.2630,10695905280,97834024960.0000,0.004528,0.050998
2013-12-02,2203.1220,2207.3710,2231.9210,2172.6330,17428198912,151936159744.0000,0.007378,-0.591434
2013-12-03,2196.8240,2222.6700,2227.9250,2193.2510,11350640896,100776656896.0000,0.004805,0.693079
2013-12-04,2219.9650,2251.7620,2260.8710,2215.9160,15729294336,135497945088.0000,0.006656,1.308878
2013-12-05,2252.7230,2247.0630,2255.2610,2239.1440,12204841472,105837301760.0000,0.005165,-0.208680
2013-12-06,2242.5630,2237.1080,2248.1470,2228.6320,10370092800,92254760960.0000,0.004384,-0.443026
2013-12-09,2241.7930,2238.2000,2249.1690,2231.7340,9327363840,84432482304.0000,0.003943,0.048815
2013-12-10,2239.8640,2237.4920,2250.5040,2231.6800,10904313344,95556296704.0000,0.004610,-0.031633
2013-12-11,2228.6330,2204.1660,2228.6330,2193.1600,10947314944,94389297152.0000,0.004628,-1.489432
2013-12-12,2199.3170,2202.7960,2214.5480,2194.9010,8610867200,76003328000.0000,0.003640,-0.062160
2013-12-13,2188.2590,2196.0750,2204.6370,2183.8420,8510101248,72637501440.0000,0.003597,-0.305110
2013-12-16,2197.2340,2160.8610,2201.6960,2159.9870,10138759424,86422958080.0000,0.004285,-1.603491
2013-12-17,2161.5360,2151.0790,2165.5430,2146.3140,7857893632,66921600512.0000,0.003321,-0.452689
2013-12-18,2150.4120,2148.2850,2156.5930,2142.6240,6417358336,55420595200.0000,0.002712,-0.129897
2013-12-19,2153.6740,2127.7920,2159.1420,2126.2460,7312347904,61496944128.0000,0.003090,-0.953920
2013-12-20,2128.3740,2084.7940,2131.7370,2082.8550,8677521152,72198201344.0000,0.003668,-2.020782
2013-12-23,2089.5390,2089.7070,2099.5220,2068.5430,6814663680,58435623936.0000,0.002879,0.235663
2013-12-24,2094.0730,2092.9050,2111.8050,2079.8100,7025146624,61697067264.0000,0.002968,0.153036
2013-12-25,2095.0190,2106.3540,2107.2320,2088.2970,6513909504,58136846592.0000,0.002752,0.642598
2013-12-26,2102.6600,2073.0990,2102.6600,2070.5460,7854140928,66767122176.0000,0.003318,-1.578789
2013-12-27,2074.5920,2101.2510,2110.3570,2069.5900,7675682560,66394444800.0000,0.003243,1.357960
2013-12-30,2108.8830,2097.5290,2112.0090,2095.0630,7408505600,63038943232.0000,0.003129,-0.177129
2013-12-31,2090.6790,2115.9780,2120.2740,2087.4150,8047437568,71456280576.0000,0.003395,0.879557
2014-01-02,2112.1260,2109.3870,2113.1100,2101.0160,6848548608,61921354752.0000,0.002888,-0.311490
2014-01-03,2101.5420,2083.1360,2102.1670,2075.8990,8449724160,72372228096.0000,0.003562,-1.244484
2014-01-06,2078.6840,2045.7090,2078.6840,2034.0060,8958760704,72895393792.0000,0.003777,-1.796666
2014-01-07,2034.2240,2047.3170,2052.2790,2029.2460,6340293888,54638641664.0000,0.002669,0.078605
2014-01-08,2047.2560,2044.3400,2062.9520,2037.1100,7164736512,62941429760.0000,0.003017,-0.145412
2014-01-09,2041.7730,2027.6220,2057.1960,2026.4460,7594188288,67605664000.0000,0.003197,-0.817771
2014-01-10,2023.5350,2013.2980,2029.2970,2008.0070,7561612032,61044553216.0000,0.003183,-0.706442
2014-01-13,2014.9780,2009.5640,2027.1810,2000.4040,6654477568,55616750592.0000,0.002801,-0.185467
2014-01-14,2007.1560,2026.8420,2027.4280,2001.1350,7036661504,56687625216.0000,0.002962,0.859792
2014-01-15,2024.2280,2023.3480,2027.4090,2010.2040,6743622144,57740358144.0000,0.002839,-0.172387
2014-01-16,2022.5380,2023.7010,2034.7070,2014.4070,7275571968,62829760768.0000,0.003063,0.017448
2014-01-17,2017.5220,2004.9490,2017.8680,2001.3300,6730572032,57039564032.0000,0.002833,-0.926623
2014-01-20,2001.8940,1991.2530,2005.9380,1984.8240,5627124736,48298780928.0000,0.002369,-0.683106
2014-01-21,1992.0150,2008.3130,2014.1520,1992.0150,5984491264,52017917440.0000,0.002519,0.856744
2014-01-22,2009.9690,2051.7490,2052.3390,2008.9300,9889285632,84126658560.0000,0.004163,2.162812
2014-01-23,2048.3310,2042.1800,2052.5280,2039.0520,8421058560,76083326976.0000,0.003545,-0.466381
2014-01-24,2037.6670,2054.3920,2060.9860,2034.4530,9294792192,82346176512.0000,0.003912,0.597990
2014-01-27,2044.2720,2033.3000,2044.8460,2029.6260,8881542656,81914220544.0000,0.003734,-1.026680
2014-01-28,2036.4020,2038.5130,2047.1290,2026.9870,7252904192,65751604480.0000,0.003048,0.256376
2014-01-29,2042.1760,2049.9140,2051.5830,2039.7710,7386546176,67694123520.0000,0.003104,0.559286
2014-01-30,2045.9310,2033.0830,2045.9310,2031.4660,6261518336,58264498432.0000,0.002629,-0.821061
2014-02-07,2022.3230,2044.4970,2044.7300,2014.6980,7359875584,67829921792.0000,0.003089,0.561411
2014-02-10,2049.9840,2086.0670,2087.9750,2049.9840,12433183232,112722919424.0000,0.005219,2.033260
2014-02-11,2086.1770,2103.6710,2111.0610,2082.5220,14221132288,125266776064.0000,0.005969,0.843885
2014-02-12,2103.8280,2109.9550,2110.9040,2096.5090,12633318656,110804070400.0000,0.005302,0.298725
2014-02-13,2106.9340,2098.4010,2122.8260,2096.9660,14653263360,124377063424.0000,0.006150,-0.547604
2014-02-14,2097.3200,2115.8480,2116.1860,2095.0900,11151794944,97399672832.0000,0.004680,0.831444
2014-02-17,2124.8800,2135.4150,2136.4470,2117.6890,14024444416,126213750784.0000,0.005886,0.924789
2014-02-18,2134.1430,2119.0660,2134.1430,2113.1280,14286930944,129786966016.0000,0.005986,-0.765618
2014-02-19,2116.9190,2142.5540,2152.9610,2111.1680,15126124544,127818452992.0000,0.006338,1.108415
2014-02-20,2152.8910,2138.7820,2177.9780,2136.4810,15705227520,130938437632.0000,0.006581,-0.176050
2014-02-21,2131.5920,2113.6930,2132.7030,2098.3280,11766265088,99514290176.0000,0.004930,-1.173045
2014-02-24,2099.7170,2076.6860,2099.7170,2058.7910,12355530752,107202449408.0000,0.005175,-1.750826
2014-02-25,2077.2850,2034.2190,2087.6160,2026.5430,14013297664,127823835136.0000,0.005869,-2.044943
2014-02-26,2026.6100,2041.2540,2041.6270,2014.3810,11011268608,96117706752.0000,0.004611,0.345835
2014-02-27,2045.0960,2047.3540,2068.3140,2036.3910,13216385280,112875753472.0000,0.005535,0.298835
2014-02-28,2040.6240,2056.3020,2058.4890,2020.9350,11163790592,95684071424.0000,0.004675,0.437052
2014-03-03,2052.0750,2075.2350,2078.3330,2047.0670,12746089216,104980598784.0000,0.005333,0.920736
2014-03-04,2068.1070,2071.4730,2074.0250,2050.1250,11592579072,101116309504.0000,0.004850,-0.181291
2014-03-05,2073.2950,2053.0840,2074.8150,2050.1750,10773308160,91623333888.0000,0.004507,-0.887722
2014-03-06,2050.0320,2059.5780,2065.7900,2030.9460,10929013248,92561444864.0000,0.004572,0.316300
2014-03-07,2058.3750,2057.9080,2079.4900,2050.4700,10370953984,89332133888.0000,0.004339,-0.081081
2014-03-10,2042.3520,1999.0650,2042.6340,1995.5490,11569666560,95032991744.0000,0.004839,-2.859361
2014-03-11,1994.4150,2001.1570,2008.0710,1985.5990,9270526464,76870328320.0000,0.003878,0.104651
2014-03-12,1996.2390,1997.6920,2011.0600,1974.3820,10136172032,79293071360.0000,0.004240,-0.173148
2014-03-13,2000.6950,2019.1110,2029.1200,1996.5290,10097811712,77979058176.0000,0.004224,1.072185
2014-03-14,2008.8250,2004.3390,2017.9130,1990.9800,8777511168,69925888000.0000,0.003671,-0.731608
2014-03-17,2009.8820,2023.6730,2024.3720,1999.2490,8625037312,72017780736.0000,0.003607,0.964607
2014-03-18,2026.2240,2025.1960,2034.9170,2020.4100,9677719296,83580456960.0000,0.004048,0.075263
2014-03-19,2019.9800,2021.7340,2022.1810,2002.4410,9518079744,79473242112.0000,0.003980,-0.170948
2014-03-20,2017.2200,1993.4790,2030.8470,1993.0020,11033304832,88630976512.0000,0.004614,-1.397563
2014-03-21,1987.6790,2047.6190,2052.4720,1986.0710,14447765504,109438066688.0000,0.006042,2.715856
2014-03-24,2050.8270,2066.2790,2074.0560,2043.3300,14770008576,110244495360.0000,0.006176,0.911304
2014-03-25,2063.3230,2067.3110,2079.5510,2057.4910,13182223104,100173660160.0000,0.005512,0.049944
2014-03-26,2070.5740,2063.6700,2074.5720,2057.6480,10261111552,80463446016.0000,0.004291,-0.176128
2014-03-27,2060.8120,2046.5880,2073.9820,2042.7130,11914937344,94996459520.0000,0.004982,-0.827744
2014-03-28,2046.8510,2041.7120,2060.1340,2035.2430,12168196352,94221959168.0000,0.005088,-0.238249
2014-03-31,2043.0450,2033.3060,2048.1340,2024.1850,9435653632,71573688320.0000,0.003943,-0.411714
2014-04-01,2031.0050,2047.4600,2050.6810,2028.0960,8328657664,64512636928.0000,0.003480,0.696104
2014-04-02,2049.4230,2058.9880,2060.7780,2046.7420,10265852672,77940637696.0000,0.004289,0.563043
2014-04-03,2063.4970,2043.7020,2066.0070,2037.4470,10861842176,79480901632.0000,0.004538,-0.742404
2014-04-04,2037.5520,2058.8310,2060.1040,2035.2210,8318905600,66368648192.0000,0.003476,0.740276
2014-04-08,2054.5300,2098.2840,2102.4520,2052.9000,13337098240,107966361600.0000,0.005568,1.916276
2014-04-09,2100.6510,2105.2370,2108.7500,2095.6400,10534046976,87366774784.0000,0.004398,0.331372
2014-04-10,2105.8760,2134.3000,2146.6700,2098.0790,15678960896,129842348032.0000,0.006546,1.380509
2014-04-11,2130.3680,2130.5420,2138.6510,2120.1790,13176835840,111636811776.0000,0.005501,-0.176079
2014-04-14,2127.4090,2131.5390,2134.4340,2116.6100,10207785216,86591713280.0000,0.004258,0.046799
2014-04-15,2125.9020,2101.6010,2125.9020,2098.1500,10753115136,91135361024.0000,0.004486,-1.404524
2014-04-16,2097.2130,2105.1220,2112.0500,2092.1570,8936165632,75099475968.0000,0.003727,0.167539
2014-04-17,2108.9470,2098.8850,2110.7160,2095.7140,8989632512,74257035264.0000,0.003750,-0.296280
2014-04-18,2091.4800,2097.7480,2099.6370,2081.1850,8815569408,72555982848.0000,0.003677,-0.054170
2014-04-21,2085.9800,2065.8260,2103.0780,2065.2340,9637837056,81654550528.0000,0.004020,-1.521733
2014-04-22,2062.7870,2072.8310,2073.6630,2047.3320,9871988224,82468106240.0000,0.004117,0.339096
2014-04-23,2068.0840,2067.3820,2076.3490,2059.1090,7853152000,66156169472.0000,0.003274,-0.262876
2014-04-24,2064.1560,2057.0330,2075.7570,2056.1930,7818595584,64407532288.0000,0.003260,-0.500591
2014-04-25,2060.5380,2036.5190,2065.6430,2035.5660,9304233216,74155876352.0000,0.003879,-0.997258
2014-04-28,2033.3370,2003.4870,2035.9900,2000.1370,8979526144,68541492480.0000,0.003742,-1.621982
2014-04-29,2001.8960,2020.3410,2021.6800,1997.6400,7622127616,56776481024.0000,0.003175,0.841227
2014-04-30,2020.4380,2026.3580,2029.5380,2016.5770,7452857856,57677358080.0000,0.003104,0.297826
2014-05-05,2022.1780,2027.3530,2028.9570,2007.3510,7993339648,60093487872.0000,0.003330,0.049103
2014-05-06,2024.2560,2028.0380,2038.7050,2021.4850,7460941056,57548110848.0000,0.003107,0.033785
2014-05-07,2023.1520,2010.0830,2024.6310,2008.4510,7436019200,57558051840.0000,0.003097,-0.885336
2014-05-08,2006.8530,2015.2740,2036.9410,2005.6850,7786539264,59529365504.0000,0.003243,0.258250
2014-05-09,2016.5010,2011.1350,2020.4540,2001.3000,7622424320,57505383680.0000,0.003174,-0.205383
2014-05-12,2022.9320,2052.8710,2055.5060,2016.6380,11574207744,88097001472.0000,0.004818,2.075250
2014-05-13,2055.0790,2050.7280,2061.0600,2043.5470,9722338800,73741718051.0000,0.004047,-0.104394
2014-05-14,2049.2700,2047.9100,2056.5740,2042.7440,7201112576,56455292416.0000,0.002997,-0.137414
2014-05-15,2044.3770,2024.9740,2047.3160,2022.8610,7584515328,59773445376.0000,0.003156,-1.119973
2014-05-16,2023.5960,2026.5040,2027.7560,2012.6940,6635366000,51625885302.0000,0.002761,0.075558
2014-05-19,2023.0140,2005.1830,2023.2670,1996.0150,6532943872,52975245824.0000,0.002718,-1.052110
2014-05-20,2011.8460,2008.1190,2018.1560,2002.7590,6134538240,49549015040.0000,0.002550,0.146422
2014-05-21,2001.3060,2024.9510,2025.1940,1991.0550,6181154700,48415094175.0000,0.002569,0.838199
2014-05-22,2023.1480,2021.2850,2041.9600,2018.8770,7472847400,59501663401.0000,0.003099,-0.181042
2014-05-23,2020.1150,2034.5690,2034.5690,2017.7390,6348806400,51464940032.0000,0.002633,0.657203
2014-05-26,2042.0280,2041.4760,2045.3810,2035.0940,7028121856,59840433408.0000,0.002916,0.339481
2014-05-27,2039.7910,2034.5650,2044.1480,2032.8390,6757788928,55920518656.0000,0.002803,-0.338530
2014-05-28,2034.5610,2050.2280,2052.6560,2029.3360,8133864192,68602224896.0000,0.003374,0.769849
2014-05-29,2051.8400,2040.5950,2057.0770,2039.2380,8124292096,69472514048.0000,0.003370,-0.469853
2014-05-30,2040.3940,2039.2120,2046.9600,2031.3730,7514889728,62353642496.0000,0.003116,-0.067771
2014-06-03,2039.1960,2038.3050,2049.5760,2037.3000,7158412288,59296436992.0000,0.002967,-0.044477
2014-06-04,2037.9890,2024.8340,2038.4810,2012.9130,7241277184,57467546368.0000,0.003001,-0.660896
2014-06-05,2019.4420,2040.8780,2041.7010,2016.1750,6794953728,56376142080.0000,0.002815,0.792365
2014-06-06,2040.8640,2029.9560,2041.5730,2022.1580,6602174464,55124242432.0000,0.002735,-0.535162
2014-06-09,2024.9420,2030.5020,2045.2550,2023.1980,6478831616,55139842304.0000,0.002682,0.026892
2014-06-10,2033.2070,2052.5320,2052.7650,2026.3890,7962371840,65406104832.0000,0.003297,1.084955
2014-06-11,2049.1280,2054.9480,2056.6310,2045.4070,7444435456,63177390336.0000,0.003082,0.117709
2014-06-12,2051.5820,2051.7130,2057.1050,2045.9620,8171118592,69306421248.0000,0.003383,-0.157430
2014-06-13,2049.2060,2070.7150,2073.5960,2048.6180,9717480704,82546974720.0000,0.004023,0.926163
2014-06-16,2070.6990,2085.9830,2087.3220,2069.4410,9593977088,79953076224.0000,0.003965,0.737321
2014-06-17,2080.4820,2066.6980,2080.4820,2064.6660,8780048128,70923264000.0000,0.003627,-0.924500
2014-06-18,2064.3830,2055.5190,2066.9130,2051.7460,8724535040,70472933376.0000,0.003604,-0.540909
2014-06-19,2054.6200,2023.7350,2059.2550,2017.6530,9291427328,74628947968.0000,0.003837,-1.546279
2014-06-20,2013.4140,2026.6740,2027.1480,2010.5300,6716724480,53224269312.0000,0.002774,0.145225
2014-06-23,2026.2260,2024.3650,2033.3200,2022.9170,7048516352,57772730112.0000,0.002909,-0.113929
2014-06-24,2023.6990,2033.9310,2034.7070,2021.7500,7121463296,61684911104.0000,0.002939,0.472545
2014-06-25,2030.4330,2025.5020,2030.6160,2018.3600,6753960960,55989137920.0000,0.002783,-0.414423
2014-06-26,2025.6620,2038.6770,2040.7540,2025.3140,8095577856,66534274816.0000,0.003335,0.650459
2014-06-27,2031.9070,2036.5100,2043.9820,2025.0730,9759201792,76710588416.0000,0.004020,-0.106294
2014-06-30,2038.6130,2048.3270,2052.3420,2038.5270,9666659840,80011169792.0000,0.003981,0.580252
2014-07-01,2051.2250,2050.3810,2052.6350,2041.9370,9845740800,83499761664.0000,0.004054,0.100287
2014-07-02,2049.4850,2059.4180,2060.5950,2044.0350,10955391232,89304985600.0000,0.004511,0.440741
2014-07-03,2051.6320,2063.2290,2066.6410,2048.0810,12292658176,96182468608.0000,0.005062,0.185054
2014-07-04,2062.3580,2059.3750,2065.0780,2054.2170,10500879104,83596435456.0000,0.004321,-0.186795
2014-07-07,2058.1280,2059.9270,2064.0430,2050.8870,9716875264,81471315968.0000,0.003997,0.026804
2014-07-08,2058.1340,2064.0210,2064.4330,2047.2040,9505339392,81584447488.0000,0.003910,0.198745
2014-07-09,2061.6350,2038.6120,2062.4740,2037.6010,11330584064,97183494144.0000,0.004660,-1.231040
2014-07-10,2036.5400,2038.3420,2045.5270,2034.9560,9794381824,84748632064.0000,0.004026,-0.013245
2014-07-11,2033.8690,2046.9610,2051.7370,2033.0040,10508808448,86253719552.0000,0.004319,0.422845
2014-07-14,2047.7440,2066.6460,2067.3420,2044.9010,11511974144,96357015552.0000,0.004731,0.961666
2014-07-15,2065.9000,2070.3570,2070.3580,2059.6790,12448876800,102893916160.0000,0.005116,0.179563
2014-07-16,2068.3430,2067.2760,2075.4930,2061.5720,13712802048,102029807616.0000,0.005633,-0.148818
2014-07-17,2062.8880,2055.5910,2062.8880,2046.1890,10449181184,79106281472.0000,0.004289,-0.565228
2014-07-18,2047.4980,2059.0670,2067.2330,2045.9960,10664109312,82510266368.0000,0.004377,0.169092
2014-07-21,2057.7670,2054.4790,2061.8230,2049.1750,9385786880,75706179584.0000,0.003852,-0.222814
2014-07-22,2050.5000,2075.4810,2078.0850,2049.8150,12319186944,98702438400.0000,0.005056,1.022252
2014-07-23,2074.1950,2078.4890,2088.1920,2072.2290,13729221120,106702131200.0000,0.005635,0.144933
2014-07-24,2079.6320,2105.0620,2107.9460,2079.6320,16567699712,128677982208.0000,0.006800,1.278477
2014-07-25,2108.7140,2126.6140,2127.2170,2106.7140,14249582592,111411572736.0000,0.005846,1.023818
2014-07-28,2135.2490,2177.9480,2181.4960,2135.2490,23618575104,180414431232.0000,0.009689,2.413883
2014-07-29,2179.8260,2183.1920,2193.5230,2172.1020,20026425600,159282499584.0000,0.008215,0.240772
2014-07-30,2178.1790,2181.2430,2194.5720,2177.2440,18492218624,149566550016.0000,0.007586,-0.089272
2014-07-31,2179.5430,2201.5620,2202.1260,2173.9000,16469165312,132438450176.0000,0.006756,0.931537
2014-08-01,2194.1700,2185.3030,2218.7890,2184.6410,19147504128,151884025856.0000,0.007855,-0.738523
2014-08-04,2190.0360,2223.3310,2224.0680,2186.9170,17409740288,140088823808.0000,0.007140,1.740174
2014-08-05,2224.6320,2219.9450,2226.8380,2206.8500,17538698752,141474533376.0000,0.007193,-0.152293
2014-08-06,2212.0030,2217.4650,2223.8930,2192.9930,17771170816,140362854400.0000,0.007289,-0.111714
2014-08-07,2216.6590,2187.6690,2220.5680,2185.7630,17523327488,137306468352.0000,0.007187,-1.343703
2014-08-08,2188.7090,2194.4250,2199.5780,2180.5970,13518144256,109728993280.0000,0.005544,0.308827
2014-08-11,2199.4330,2224.6540,2225.9610,2198.3140,15058342144,126096838656.0000,0.006168,1.377536
2014-08-12,2222.6960,2221.5950,2222.9790,2210.0000,15479904512,132393971712.0000,0.006340,-0.137508
2014-08-13,2223.0510,2222.8770,2230.9910,2202.4430,17806280704,146490785792.0000,0.007292,0.057705
2014-08-14,2221.5410,2206.4660,2230.8940,2204.3840,17014912256,141706657792.0000,0.006968,-0.738272
2014-08-15,2207.2260,2226.7340,2230.8720,2203.2420,14997869056,129406906368.0000,0.006142,0.918565
2014-08-18,2229.8040,2239.4660,2242.0350,2228.1340,16392862464,141492842496.0000,0.006710,0.571787
2014-08-19,2242.3400,2245.3300,2246.0160,2227.9250,17774459136,155445477376.0000,0.007275,0.261849
2014-08-20,2241.6640,2240.2110,2248.9390,2233.8920,16765838336,139628052480.0000,0.006860,-0.227991
2014-08-21,2239.5680,2230.4580,2240.0770,2211.6300,16573349888,140879626240.0000,0.006779,-0.435358
2014-08-22,2228.9740,2240.8120,2243.3030,2225.2670,16011167232,140353019904.0000,0.006549,0.464210
2014-08-25,2241.1000,2229.2740,2241.5530,2222.0090,16211957760,134450233344.0000,0.006631,-0.514907
2014-08-26,2225.2910,2207.1060,2232.7850,2200.6180,16350742528,134123069440.0000,0.006686,-0.994403
2014-08-27,2207.0300,2209.4650,2216.6700,2204.0480,12088588544,104090411008.0000,0.004943,0.106888
2014-08-28,2210.4840,2195.8180,2219.4730,2194.8610,12422901504,109266624512.0000,0.005080,-0.617660
2014-08-29,2198.9460,2217.2000,2218.6960,2193.2630,10520249600,93043871744.0000,0.004302,0.973753
2014-09-01,2220.1290,2235.5110,2236.2860,2217.6850,12916658176,117215899648.0000,0.005282,0.825863
2014-09-02,2239.6840,2266.0460,2267.5090,2234.3780,19212486912,170931777536.0000,0.007856,1.365903
2014-09-03,2268.3950,2288.6270,2290.5470,2268.1000,21247899648,187558383616.0000,0.008688,0.996496
2014-09-04,2290.0290,2306.8620,2307.7010,2283.2770,19948997632,179385892864.0000,0.008155,0.796771
2014-09-05,2311.3050,2326.4320,2327.5570,2307.4470,21318191616,185839820800.0000,0.008713,0.848331
2014-09-09,2328.4260,2326.5270,2331.9170,2315.8940,19699031808,172908498944.0000,0.008050,0.004093
2014-09-10,2318.4960,2318.3050,2321.9080,2306.4210,18982898944,163454521344.0000,0.007757,-0.353409
2014-09-11,2315.7320,2311.6790,2343.5950,2304.6020,22222179840,197232656384.0000,0.009081,-0.285811
2014-09-12,2308.3460,2331.9500,2331.9500,2302.7750,19347153920,162102898688.0000,0.007906,0.876895
2014-09-15,2330.1870,2339.1400,2340.4490,2321.5930,21511241472,185393631232.0000,0.008787,0.308323
2014-09-16,2341.0270,2296.5550,2347.9350,2293.8690,30269411072,237659242496.0000,0.012364,-1.820539
2014-09-17,2298.9820,2307.8930,2309.0480,2282.7950,21084245248,159121788928.0000,0.008612,0.493702
2014-09-18,2303.8500,2315.9280,2319.8750,2297.9310,18908904448,144518520832.0000,0.007723,0.348149
2014-09-19,2312.9840,2329.4510,2331.5610,2305.5170,17464848640,144345452544.0000,0.007126,0.583911
2014-09-22,2323.5540,2289.8660,2323.5540,2284.3780,17584235520,147841744896.0000,0.007174,-1.699326
2014-09-23,2289.0910,2309.7180,2311.5250,2289.0240,15685517056,135396855808.0000,0.006399,0.866953
2014-09-24,2302.2310,2343.5750,2345.7470,2297.8760,22252572416,185690669056.0000,0.009078,1.465847
2014-09-25,2352.8650,2345.1030,2365.1540,2336.8050,22568832256,189260378112.0000,0.009207,0.065203
2014-09-26,2339.2880,2347.7180,2350.1090,2329.9550,17474828544,148220809216.0000,0.007127,0.111508
2014-09-29,2353.7080,2357.7110,2363.0590,2346.5790,20011101952,171130880000.0000,0.008123,0.425644
2014-09-30,2361.3180,2363.8700,2365.4910,2354.2680,19391868928,166933430272.0000,0.007870,0.261236
2014-10-08,2368.5760,2382.7940,2382.7940,2354.2900,20439732736,180337577984.0000,0.008295,0.800544
2014-10-09,2383.8590,2389.3710,2391.3480,2367.1110,23592001024,200271757312.0000,0.009569,0.276027
2014-10-10,2380.7550,2374.5400,2386.2770,2365.0750,22467112704,192248233984.0000,0.009109,-0.620710
2014-10-13,2366.4260,2366.0090,2366.8620,2341.1240,20089931264,175425069056.0000,0.008145,-0.359270
2014-10-14,2362.8020,2359.4750,2380.5150,2349.1940,19683141888,170160087040.0000,0.007980,-0.276158
2014-10-15,2358.2330,2373.6700,2374.8080,2344.3730,20280491520,171766747136.0000,0.008218,0.601609
2014-10-16,2361.1300,2356.4990,2389.6750,2353.4060,24820116736,203805884416.0000,0.010057,-0.723390
2014-10-17,2352.7840,2341.1840,2360.5970,2312.8260,21230096128,179433160704.0000,0.008602,-0.649902
2014-10-20,2346.0520,2356.7280,2357.5090,2340.4590,16002230528,141820260352.0000,0.006483,0.663935
2014-10-21,2355.0330,2339.6570,2361.6530,2337.5510,16882828800,146786312192.0000,0.006839,-0.724354
2014-10-22,2339.2230,2326.5530,2352.1240,2324.5900,15269842432,138524536832.0000,0.006184,-0.560082
2014-10-23,2322.3160,2302.4180,2329.9270,2297.3300,16263630848,140596502528.0000,0.006586,-1.037372
2014-10-24,2303.0800,2302.2800,2314.8750,2296.6570,13222528000,114330697728.0000,0.005352,-0.005991
2014-10-27,2293.5730,2290.4370,2293.6440,2279.8360,13026156800,113379983360.0000,0.005272,-0.514404
2014-10-28,2294.0120,2337.8710,2338.2780,2294.0120,17859035648,158147960832.0000,0.007228,2.070962
2014-10-29,2343.7200,2373.0300,2381.6430,2339.7120,26558868736,225067077632.0000,0.010747,1.503887
2014-10-30,2371.8910,2391.0760,2397.2560,2365.9190,29464594176,226611179520.0000,0.011922,0.760458
2014-10-31,2393.1780,2420.1780,2423.5960,2384.4830,32576352256,249915445248.0000,0.013181,1.217111
2014-11-03,2425.2250,2430.0320,2436.7850,2418.1670,29882123520,227196592128.0000,0.012091,0.407160
2014-11-04,2428.2710,2430.6770,2435.2230,2417.2210,30901303808,226503880704.0000,0.012503,0.026544
2014-11-05,2432.1690,2419.2540,2434.3630,2415.5020,26360665344,201859407872.0000,0.010666,-0.469955
2014-11-06,2419.6170,2425.8640,2426.8900,2401.7500,22200508928,179644375040.0000,0.008982,0.273229
2014-11-07,2427.8980,2418.1710,2454.4230,2407.4420,29117224448,244157566976.0000,0.011780,-0.317129
2014-11-10,2436.6280,2473.6730,2474.1560,2428.1850,30062820352,245233684480.0000,0.012162,2.295214
2014-11-11,2483.6480,2469.6730,2508.6230,2445.9600,41190406656,331257389056.0000,0.016664,-0.161703
2014-11-12,2454.6020,2494.4760,2494.9170,2444.8140,25293385216,215738617856.0000,0.010233,1.004302
2014-11-13,2494.9980,2485.6060,2507.7430,2471.4070,29503705856,258311917568.0000,0.011936,-0.355590
2014-11-14,2477.9660,2478.8240,2481.0250,2457.0450,22060761856,191924994048.0000,0.008923,-0.272850
2014-11-17,2506.8640,2474.0090,2508.7670,2472.4460,21568780032,199264903168.0000,0.008722,-0.194243
2014-11-18,2474.1820,2456.3660,2477.0520,2449.8130,20106256896,174659489792.0000,0.008130,-0.713137
2014-11-19,2452.1500,2450.9860,2461.4910,2442.7100,18623577088,167069372416.0000,0.007530,-0.219018
2014-11-20,2443.2760,2452.6600,2458.3190,2437.4760,16549521152,150799912960.0000,0.006691,0.068292
2014-11-21,2452.6350,2486.7910,2488.2010,2446.6460,21223977472,197809795072.0000,0.008581,1.391595
2014-11-24,2505.5320,2532.8790,2546.7460,2495.5210,36348583424,330291404800.0000,0.014695,1.853308
2014-11-25,2531.9980,2567.5970,2568.3810,2527.0770,31431557120,282168803328.0000,0.012707,1.370694
2014-11-26,2572.6490,2604.3450,2605.0700,2570.4040,33712724992,316521254912.0000,0.013628,1.431223
2014-11-27,2615.3670,2630.4860,2631.3990,2599.1080,36407571968,338960830464.0000,0.014714,1.003750
2014-11-28,2629.6260,2682.8350,2683.1800,2622.0610,46588003584,401951166464.0000,0.018827,1.990084
2014-12-01,2691.7250,2680.1550,2720.7430,2668.8410,44679174144,401120190464.0000,0.018045,-0.099892
2014-12-02,2667.8200,2763.5450,2777.3720,2665.6860,43773338112,397238915072.0000,0.017679,3.111383
2014-12-03,2768.6780,2779.5250,2824.1790,2733.8680,56212028160,529777451008.0000,0.022702,0.578242
2014-12-04,2783.4690,2899.4560,2900.5080,2772.4320,53268771840,509218574336.0000,0.021513,4.314808
2014-12-05,2926.5730,2937.6470,2978.0290,2813.0520,64050029568,639191011328.0000,0.025867,1.317175
2014-12-08,2907.8150,3020.2580,3041.6570,2879.8470,58757089024,593478049792.0000,0.023729,2.812152
2014-12-09,2992.4900,2856.2690,3091.3240,2834.5920,77199839232,793361276928.0000,0.031177,-5.429636
2014-12-10,2855.9400,2940.0060,2946.7070,2807.6780,51288691200,534989955072.0000,0.020713,2.931694
2014-12-11,2912.3460,2925.7430,2965.6750,2892.6110,48263273216,479801446400.0000,0.019474,-0.485141
2014-12-12,2929.3600,2938.1730,2962.5100,2914.9560,40948081152,420410249216.0000,0.016516,0.424855
2014-12-15,2921.4460,2953.4210,2960.2270,2890.9040,40037169408,411487141888.0000,0.016145,0.518955
2014-12-16,2953.8110,3021.5180,3021.8970,2943.9120,45384272384,492716183552.0000,0.018294,2.305705
2014-12-17,3031.9520,3061.0200,3076.5990,2993.3330,54250317824,580338606080.0000,0.021859,1.307354
2014-12-18,3062.8010,3057.5210,3089.7910,3030.3190,43590495232,466524524544.0000,0.017563,-0.114309
2014-12-19,3053.0750,3108.5960,3117.5270,3018.4210,52107351040,515580289024.0000,0.020995,1.670469
2014-12-22,3129.2670,3127.4450,3189.8670,3090.5090,67937191424,624481484800.0000,0.027341,0.606355
2014-12-23,3085.0800,3032.6120,3136.8380,3025.6670,43776240128,419467702272.0000,0.017616,-3.032284
2014-12-24,3039.2060,2972.5320,3050.5070,2934.9110,37680524544,378726756352.0000,0.015162,-1.981133
2014-12-25,2992.4620,3072.5360,3073.3450,2969.8740,37694777600,379017699328.0000,0.015165,3.364267
2014-12-26,3078.0050,3157.6030,3164.1550,3064.1760,46070093056,488915103744.0000,0.018528,2.768630
2014-12-29,3212.5590,3168.0160,3223.8600,3126.9440,51011143936,555904356352.0000,0.020499,0.329778
2014-12-30,3160.8010,3165.8150,3190.2990,3130.3530,39772531968,437263253504.0000,0.015981,-0.069481
2014-12-31,3172.5970,3234.6770,3239.3570,3157.2590,40599852032,432319844352.0000,0.016222,2.175177
2015-01-05,3258.6270,3350.5190,3369.2810,3253.8830,53135239168,549760106496.0000,0.021230,3.581255
2015-01-06,3330.7990,3351.4460,3394.2240,3303.1840,50166169600,532398465024.0000,0.020037,0.027667
2015-01-07,3326.6490,3373.9540,3374.8960,3312.2110,39191888128,436416700416.0000,0.015654,0.671592
2015-01-08,3371.9570,3293.4560,3381.5660,3285.0950,37113116928,399230296064.0000,0.014823,-2.385867
2015-01-09,3276.9650,3285.4120,3404.8340,3267.5090,41024087296,458648010752.0000,0.016383,-0.244240
2015-01-12,3258.2130,3229.3160,3275.1850,3191.5820,32206467840,366273060864.0000,0.012860,-1.707432
2015-01-13,3223.5420,3235.3010,3259.3860,3214.4120,23072575488,273588772864.0000,0.009213,0.185337
2015-01-14,3242.3370,3222.4370,3268.4830,3193.9780,24019074560,267204530176.0000,0.009589,-0.397614
2015-01-15,3224.0700,3336.4550,3337.0840,3207.5450,28254624000,330610536448.0000,0.011266,3.538256
2015-01-16,3343.6030,3376.4950,3400.3180,3340.4900,33987675392,392253902848.0000,0.013551,1.200077
2015-01-19,3189.7270,3116.3510,3262.2070,3095.0660,40109879040,409885990912.0000,0.015992,-7.704558
2015-01-20,3114.5600,3173.0520,3190.2450,3100.4770,35708081152,416295211008.0000,0.014237,1.819465
2015-01-21,3189.0850,3323.6110,3337.0040,3178.3430,41095602432,473758666752.0000,0.016385,4.744929
2015-01-22,3327.3190,3343.3440,3352.3840,3293.9780,35338296064,407874068480.0000,0.014084,0.593719
2015-01-23,3357.0960,3351.7640,3406.7860,3328.2930,36624923904,420979535872.0000,0.014587,0.251841
2015-01-26,3347.2570,3383.1820,3384.7980,3321.3150,31754100736,358427471872.0000,0.012647,0.937356
2015-01-27,3389.8530,3352.9600,3390.2160,3290.2190,37451755008,418298871808.0000,0.014912,-0.893299
2015-01-28,3325.7220,3305.7380,3354.8020,3294.6550,30192709376,341564301312.0000,0.012010,-1.408365
2015-01-29,3258.9970,3262.3050,3286.7860,3234.2410,27465861376,296424501248.0000,0.010924,-1.313870
2015-01-30,3273.7470,3210.3630,3288.5030,3210.3080,25831254784,284265652224.0000,0.010273,-1.592184
2015-02-02,3148.1360,3128.3000,3175.1340,3122.5720,25086162944,266849959936.0000,0.009965,-2.556190
2015-02-03,3156.0860,3204.9070,3207.9350,3129.7320,24819216384,283355955200.0000,0.009859,2.448836
2015-02-04,3212.8220,3174.1260,3238.9820,3171.1440,24909808640,290155155456.0000,0.009893,-0.960434
2015-02-05,3251.2120,3136.5310,3251.2120,3135.8190,30613930496,348266954752.0000,0.012157,-1.184420
2015-02-06,3120.0900,3075.9070,3129.5390,3052.9390,24674966528,266502787072.0000,0.009799,-1.932837
2015-02-09,3063.5100,3095.1240,3119.0340,3049.1110,20610838272,240719679488.0000,0.008184,0.624760
2015-02-10,3090.4900,3141.5930,3142.0990,3084.2530,19381713920,225084911616.0000,0.007694,1.501361
2015-02-11,3145.7650,3157.7040,3166.4210,3139.0520,17284009472,210862551040.0000,0.006854,0.512832
2015-02-12,3157.9590,3173.4160,3181.7660,3134.2440,19459230976,229691580416.0000,0.007711,0.497574
2015-02-13,3186.8080,3203.8270,3237.1590,3182.7940,26129043712,293017677824.0000,0.010354,0.958301
2015-02-16,3206.1370,3222.3630,3228.8460,3195.8840,22379742976,265950695424.0000,0.008864,0.578562
2015-02-17,3230.8840,3246.9060,3255.7250,3230.7720,22833262336,263340052480.0000,0.009043,0.761645
2015-02-25,3256.4790,3228.8430,3257.2230,3215.5520,23334809344,265143353344.0000,0.009236,-0.556314
2015-02-26,3222.1510,3298.3590,3300.6160,3202.1880,30126387456,334347476992.0000,0.011921,2.152965
2015-02-27,3296.8310,3310.3030,3324.5460,3291.0070,29916371712,335019569152.0000,0.011838,0.362122
2015-03-02,3332.7210,3336.2850,3336.7600,3298.6690,34644567040,410259558400.0000,0.013697,0.784881
2015-03-03,3317.6950,3263.0520,3317.6950,3260.4290,38204461824,441593479168.0000,0.015104,-2.195044
2015-03-04,3264.1820,3279.5330,3286.5880,3250.4840,29363952128,346789769216.0000,0.011609,0.505078
2015-03-05,3264.0850,3248.4760,3266.6380,3221.6660,32066358528,373579997184.0000,0.012677,-0.946991
2015-03-06,3248.0360,3241.1870,3266.9330,3234.5330,28291579136,328344154112.0000,0.011173,-0.224384
2015-03-09,3224.3140,3302.4080,3307.7020,3198.3700,32149543936,359927521280.0000,0.012691,1.888843
2015-03-10,3289.0850,3286.0680,3309.9150,3277.0950,28581757440,329955975168.0000,0.011279,-0.494786
2015-03-11,3289.5940,3290.9000,3325.0540,3278.4710,28298553600,327573065728.0000,0.011121,0.147039
2015-03-12,3314.8130,3349.3230,3360.0540,3300.4880,35729510400,407192391680.0000,0.014038,1.775292
2015-03-13,3359.4880,3372.9110,3391.2550,3352.1500,32841015552,374041423872.0000,0.012898,0.704258
2015-03-16,3391.1580,3449.3050,3449.3050,3377.0870,39913243136,479355310080.0000,0.015666,2.264929
2015-03-17,3469.6030,3502.8470,3504.1230,3459.6940,52093950720,601500659712.0000,0.020446,1.552255
2015-03-18,3510.5010,3577.3010,3577.6620,3503.8530,54521714432,617366990848.0000,0.021390,2.125531
2015-03-19,3576.0190,3582.2710,3600.6840,3546.8440,53734661376,612249694208.0000,0.021066,0.138931
2015-03-20,3587.0840,3617.3180,3632.3380,3569.3800,51666166784,651771977728.0000,0.020255,0.978349
2015-03-23,3640.1040,3687.7280,3688.2490,3635.4850,53606283264,661574619136.0000,0.021015,1.946467
2015-03-24,3692.5690,3691.4100,3715.8730,3600.6980,63955467008,754884734976.0000,0.025072,0.099842
2015-03-25,3680.9530,3660.7270,3693.1510,3634.5590,52188634880,645498916864.0000,0.020458,-0.831196
2015-03-26,3641.9420,3682.0950,3707.3180,3615.0110,48864720384,619515613184.0000,0.019138,0.583707
2015-03-27,3686.1340,3691.0960,3710.4770,3656.8310,40894516480,509298462720.0000,0.016017,0.244453
2015-03-30,3710.6120,3786.5680,3795.9350,3710.6120,56470235392,692125351936.0000,0.022085,2.586553
2015-03-31,3822.9870,3747.8990,3835.5670,3737.0430,56167603712,721294946304.0000,0.021965,-1.021220
2015-04-01,3748.3400,3810.2940,3817.0820,3742.2130,44745831936,592418304000.0000,0.017498,1.664800
2015-04-02,3827.6890,3825.7840,3835.4510,3775.8940,47929967360,632028909568.0000,0.018742,0.406530
2015-04-03,3803.3830,3863.9290,3864.4050,3792.2110,47303331072,635651330048.0000,0.018496,0.997051
2015-04-07,3899.4200,3961.3780,3961.6660,3891.7280,57044753408,746424000512.0000,0.022296,2.522018
2015-04-08,3976.5320,3994.8110,4000.2200,3903.6480,61808541952,839159308288.0000,0.024158,0.843977
2015-04-09,4006.1300,3957.5340,4016.3960,3900.0270,58517682432,816710897664.0000,0.022871,-0.933138
2015-04-10,3947.4920,4034.3100,4040.3480,3929.3190,48428361984,668504174592.0000,0.018919,1.939999
2015-04-13,4072.7230,4121.7150,4128.0720,4057.2930,58981422592,781667344384.0000,0.023037,2.166536
2015-04-14,4125.7820,4135.5650,4168.3460,4091.2570,61068354048,814645190656.0000,0.023851,0.336028
2015-04-15,4135.6480,4084.1630,4175.4940,4069.0070,61300581120,773125881856.0000,0.023937,-1.242922
2015-04-16,4055.9160,4194.8230,4195.3050,4031.2440,55124295680,712082436096.0000,0.021522,2.709494
2015-04-17,4254.7230,4287.2960,4317.2230,4238.9100,70170619904,915633037312.0000,0.027396,2.204447
2015-04-20,4301.3520,4217.0770,4356.0010,4190.6810,85713281024,1147600604260.0000,0.033461,-1.637833
2015-04-21,4212.1850,4293.6230,4294.3750,4188.5690,63447062784,862447783936.0000,0.024761,1.815141
2015-04-22,4304.5970,4398.4950,4400.1920,4297.9510,68030508544,976876961792.0000,0.026549,2.442508
2015-04-23,4414.4850,4414.5080,4444.4100,4358.8430,66734466048,963024928768.0000,0.026037,0.364049
2015-04-24,4355.9510,4393.6860,4416.3750,4318.1190,62855499520,916872937472.0000,0.024495,-0.471667
2015-04-27,4441.9290,4527.3960,4529.7350,4441.9290,67108852224,975242092544.0000,0.026148,3.043230
2015-04-28,4527.6350,4476.2140,4572.3910,4432.9040,76767641600,1061172125700.0000,0.029908,-1.130498
2015-04-29,4446.1190,4476.6200,4499.9450,4398.6390,51983420160,752401784832.0000,0.020251,0.009076
2015-04-30,4483.0130,4441.6550,4507.3440,4441.0540,52672797440,774349213696.0000,0.020516,-0.781065
2015-05-04,4441.3430,4480.4640,4487.5690,4387.4250,49417339904,717540810752.0000,0.019236,0.873753
2015-05-05,4479.8480,4298.7070,4488.8650,4282.2370,57285859584,805566078976.0000,0.022290,-4.056652
2015-05-06,4311.6410,4229.2660,4376.3530,4187.3680,48173299200,716536205312.0000,0.018741,-1.615391
2015-05-07,4197.8960,4112.2140,4213.7640,4108.0090,39456665344,540206292992.0000,0.015339,-2.767673
2015-05-08,4152.9840,4205.9170,4206.8600,4099.0420,39742809344,559648657408.0000,0.015444,2.278654
2015-05-11,4231.2710,4333.5840,4334.8770,4187.8200,48875051520,715246612480.0000,0.018982,3.035414
2015-05-12,4342.3710,4401.2190,4402.3100,4317.9750,52186640896,793463721984.0000,0.020238,1.560723
2015-05-13,4402.3770,4375.7600,4415.6290,4342.4810,51049047552,780754935808.0000,0.019787,-0.578464
2015-05-14,4372.8160,4378.3120,4397.7450,4329.0420,44907793408,669882273792.0000,0.017402,0.058327
2015-05-15,4366.8220,4308.6910,4366.8220,4278.5530,43970619904,665965617152.0000,0.016971,-1.590135
2015-05-18,4277.8950,4283.4910,4324.8260,4260.5090,38005745152,594559492096.0000,0.014666,-0.584858
2015-05-19,4285.7770,4417.5520,4418.4030,4285.7770,43673522432,693812588544.0000,0.016850,3.129703
2015-05-20,4434.9790,4446.2880,4520.5380,4432.2790,51410622208,806080532480.0000,0.019821,0.650504
2015-05-21,4456.4350,4529.4210,4530.4790,4438.2580,46499652096,729080614912.0000,0.018015,1.869713
2015-05-22,4584.9840,4657.5960,4658.2720,4562.9890,65559128832,1007173226500.0000,0.025392,2.829838
2015-05-25,4660.0750,4813.7970,4814.6710,4656.8250,68246139136,1079295627260.0000,0.026433,3.353676
2015-05-26,4854.8500,4910.8970,4911.6850,4779.0750,70489284608,1138509348860.0000,0.027290,2.017121
2015-05-27,4932.8460,4941.7140,4958.1560,4857.0560,68116537856,1116261777410.0000,0.026349,0.627521
2015-05-28,4943.7420,4620.2660,4986.5030,4614.2410,78296461312,1247926026240.0000,0.030094,-6.504783
2015-05-29,4603.4650,4611.7440,4698.1930,4431.5630,61126241024,955365593088.0000,0.023482,-0.184448
2015-06-01,4633.0990,4828.7380,4829.5020,4615.2310,59338903552,934455504896.0000,0.022795,4.705241
2015-06-02,4844.7040,4910.5270,4911.5740,4797.5520,62374809856,998745751552.0000,0.023961,1.693798
2015-06-03,4924.3800,4909.9780,4942.0650,4822.4420,61145383936,1010179936260.0000,0.023469,-0.011177
2015-06-04,4912.9450,4947.1020,4947.9640,4647.4070,67495240192,1052270231550.0000,0.025886,0.756093
2015-06-05,5016.0880,5023.0960,5051.6260,4898.0680,77224079360,1232300670980.0000,0.029610,1.536134
2015-06-08,5045.6940,5131.8810,5146.9490,4997.4810,85503508480,1309924524030.0000,0.032780,2.165689
2015-06-09,5145.9780,5113.5340,5147.4540,5042.9630,72989380608,1150808621060.0000,0.027977,-0.357504
2015-06-10,5049.1960,5106.0360,5164.1620,5001.4890,59696900096,1006428192770.0000,0.022862,-0.146631
2015-06-11,5101.4400,5121.5920,5122.4570,5050.7650,56399052288,974670610432.0000,0.021579,0.304652
2015-06-12,5143.3430,5166.3500,5178.1910,5103.4010,62562785536,1060167438340.0000,0.023920,0.873914
2015-06-15,5174.4180,5062.9930,5176.7940,5048.7420,63780398336,1064991965180.0000,0.024382,-2.000579
2015-06-16,5004.4120,4887.4320,5029.6840,4842.1000,55080140800,895420555264.0000,0.021033,-3.467535
2015-06-17,4890.5510,4967.8980,4983.6580,4767.2160,53710116864,830266748928.0000,0.020506,1.646382
2015-06-18,4942.5200,4785.3560,4966.7670,4780.8730,50744089856,785845075968.0000,0.019351,-3.674431
2015-06-19,4689.9290,4478.3640,4744.0810,4476.5010,45268962560,685458198528.0000,0.017263,-6.415243
2015-06-23,4471.6130,4576.4920,4577.9390,4264.7720,47352612864,693617192960.0000,0.018047,2.191167
2015-06-24,4604.5790,4690.1500,4691.7680,4552.1280,54300370944,815062691840.0000,0.020677,2.483511
2015-06-25,4711.7630,4527.7790,4720.7010,4483.5480,57279753216,865379729408.0000,0.021779,-3.461960
2015-06-26,4399.9330,4192.8740,4456.8960,4139.5300,56521787392,787835744256.0000,0.021464,-7.396668
2015-06-29,4289.7710,4053.0310,4297.4750,3875.0500,67378635008,904271396864.0000,0.025578,-3.335254
2015-06-30,4006.7540,4277.2220,4279.9690,3847.8800,70917664768,941524660224.0000,0.026916,5.531445
2015-07-01,4214.1500,4053.7000,4317.0530,4043.3670,59876942592,838070927360.0000,0.022723,-5.225873
2015-07-02,4058.6240,3912.7670,4080.3870,3795.2530,58601561088,736006856704.0000,0.022234,-3.476648
2015-07-03,3793.7120,3686.9150,3927.1270,3629.5560,54816311040,648054099968.0000,0.020796,-5.772182
2015-07-06,3975.2140,3775.9120,3975.2140,3653.0370,83113930752,943420424192.0000,0.031491,2.413863
2015-07-07,3654.7780,3727.1250,3750.5700,3585.3990,69881868288,776072544256.0000,0.026471,-1.292062
2015-07-08,3467.3990,3507.1920,3599.2530,3421.5250,68035692288,700248338432.0000,0.025759,-5.900878
2015-07-09,3432.4540,3709.3300,3748.4790,3373.5400,65691461120,673310982144.0000,0.024862,5.763534
2015-07-10,3707.4580,3877.8030,3959.2190,3677.4350,58636425472,680434151424.0000,0.022178,4.541869
2015-07-13,3918.9900,3970.3880,4030.1950,3858.6370,64348900608,782430543872.0000,0.024336,2.387562
2015-07-14,3958.3730,3924.4870,4035.4350,3855.5600,67055879936,830074683392.0000,0.025353,-1.156080
2015-07-15,3874.9680,3805.7030,3914.2730,3741.2500,60130132480,700536524800.0000,0.022715,-3.026744
2015-07-16,3758.5040,3823.1760,3877.5140,3688.4410,49225619968,569858936832.0000,0.018574,0.459130
2015-07-17,3831.4200,3957.3520,3994.4770,3814.1470,48172626688,593066979328.0000,0.018161,3.509543
2015-07-20,3948.4210,3992.1100,4021.3250,3927.1210,53910671360,688255569920.0000,0.020324,0.878316
2015-07-21,3939.8980,4017.6750,4041.8190,3912.8010,50428802816,646416846848.0000,0.019011,0.640387
2015-07-22,3996.4270,4026.0450,4042.3380,3960.8640,52073222400,678831919104.0000,0.019627,0.208326
2015-07-23,4022.2680,4123.9230,4132.6120,4019.0380,56358596608,743531876352.0000,0.021241,2.431119
2015-07-24,4124.7550,4070.9080,4184.4490,4044.8310,62742486016,843022069760.0000,0.023646,-1.285545
2015-07-27,3985.5700,3725.5580,4051.1590,3720.4440,55600324608,721298087936.0000,0.020911,-8.483362
2015-07-28,3573.1430,3663.0020,3762.5260,3537.3580,56333004288,685057523712.0000,0.021187,-1.679108
2015-07-29,3689.8250,3789.1680,3792.0720,3612.0640,43435208448,557491965952.0000,0.016336,3.444334
2015-07-30,3773.7880,3705.7660,3844.3740,3685.9560,45794322688,615977922560.0000,0.017223,-2.201060
2015-07-31,3655.6670,3663.7260,3729.5120,3620.1650,35095574528,460472254464.0000,0.013199,-1.134449
2015-08-03,3614.9900,3622.9050,3648.9430,3549.4960,36396873216,445991591936.0000,0.013688,-1.114195
2015-08-04,3621.8550,3756.5450,3757.0290,3601.2890,36290166528,464036241408.0000,0.013647,3.688750
2015-08-05,3745.6460,3694.5730,3782.3520,3676.3900,36642297856,483850276864.0000,0.013777,-1.649705
2015-08-06,3625.5030,3661.5390,3710.5700,3614.7420,27407466240,357515149312.0000,0.010303,-0.894120
2015-08-07,3692.6140,3744.2050,3756.7400,3686.3000,34075718400,445485031424.0000,0.012810,2.257685
2015-08-10,3786.0330,3928.4150,3943.6240,3775.8540,49730432000,652622008320.0000,0.018685,4.919868
2015-08-11,3928.8080,3927.9080,3970.3370,3891.1790,53892346112,712289931264.0000,0.020249,-0.012908
2015-08-12,3881.2280,3886.3200,3937.7720,3871.1360,44268827904,597050257408.0000,0.016633,-1.058780
2015-08-13,3869.9110,3954.5560,3955.7890,3838.1590,43007330304,578685517824.0000,0.016156,1.755796
2015-08-14,3976.4060,3965.3350,4000.6840,3939.8350,46798821632,647466471424.0000,0.017579,0.272573
2015-08-17,3947.8440,3993.6680,3994.5370,3907.3990,46043205888,626327678976.0000,0.017293,0.714517
2015-08-18,3999.1340,3748.1640,4006.3370,3743.3940,54377082112,722467246080.0000,0.020423,-6.147329
2015-08-19,3646.8030,3794.1090,3811.4270,3558.3830,47539623936,599513276416.0000,0.017855,1.225795
2015-08-20,3754.5670,3664.2910,3788.0050,3663.6070,39006305792,501194993664.0000,0.014641,-3.421564
2015-08-21,3609.9590,3507.7440,3652.8370,3490.5400,36992047872,450616483840.0000,0.013885,-4.272235
2015-08-24,3373.4780,3209.9050,3388.3640,3191.8790,33467179264,358818881536.0000,0.012531,-8.490895
2015-08-25,3004.1260,2964.9670,3123.0340,2947.9440,35232510976,358735781888.0000,0.013184,-7.630692
2015-08-26,2980.7940,2927.2880,3092.0410,2850.7130,46669966336,461788983296.0000,0.017464,-1.270805
2015-08-27,2978.0300,3083.5910,3085.4220,2906.4900,40030839808,404289306624.0000,0.014979,5.339515
2015-08-28,3125.2630,3232.3500,3235.8380,3102.9450,44313692928,474631024640.0000,0.016582,4.824214
2015-08-31,3203.5590,3205.9860,3207.8620,3109.1630,39743138304,431068602368.0000,0.014858,-0.815630
2015-09-01,3157.8320,3166.6240,3180.3310,3053.7380,43243246848,420411621376.0000,0.016167,-1.227768
2015-09-02,3027.6780,3160.1670,3194.4850,3019.0870,43817015296,423262355456.0000,0.016370,-0.203909
2015-09-07,3149.3800,3080.4200,3217.5790,3066.3040,29646811392,302689722368.0000,0.011074,-2.523508
2015-09-08,3054.4440,3170.4520,3174.7090,3011.1170,25541546496,263910383616.0000,0.009540,2.922718
2015-09-09,3182.5520,3243.0890,3256.7430,3165.6960,37532797696,412991426560.0000,0.014012,2.291068
2015-09-10,3190.5530,3197.8930,3243.2810,3178.9040,27326176000,299581091840.0000,0.010195,-1.393611
2015-09-11,3189.4790,3200.2340,3223.7620,3163.4490,22455782144,252769468416.0000,0.008378,0.073199
2015-09-14,3221.1650,3114.7980,3229.4820,3049.2300,34663115776,373576802304.0000,0.012922,-2.669673
2015-09-15,3043.8050,3005.1720,3081.7030,2983.9200,24919444480,243904589824.0000,0.009290,-3.519500
2015-09-16,2998.0360,3152.2630,3182.9340,2983.5350,27752452352,281992257536.0000,0.010337,4.894600
2015-09-17,3131.9820,3086.0610,3204.7020,3085.3140,31760289280,337393270784.0000,0.011827,-2.100100
2015-09-18,3100.2800,3097.9170,3122.0480,3070.3350,20917539840,218442428416.0000,0.007788,0.384200
2015-09-21,3072.0940,3156.5400,3159.8830,3060.8560,23989735424,259796672512.0000,0.008931,1.892300
2015-09-22,3161.3180,3185.6190,3213.4760,3152.4800,27478615296,305071325184.0000,0.010230,0.921200
2015-09-23,3137.7230,3115.8880,3164.0410,3104.7440,23632267008,257560035328.0000,0.008792,-2.188900
2015-09-24,3126.4900,3142.6870,3151.1650,3109.6910,21288772352,231369056256.0000,0.007916,0.860100
2015-09-25,3130.8510,3092.3470,3149.9480,3062.9950,23626387200,248971120640.0000,0.008782,-1.601800
2015-09-28,3085.5670,3100.7560,3103.0690,3042.3100,15672752896,166422396928.0000,0.005823,0.271900
2015-09-29,3055.2180,3038.1370,3068.2980,3021.1570,16322267392,169686597632.0000,0.006058,-2.019500
2015-09-30,3052.8410,3052.7810,3073.3000,3039.7420,14664244992,156569198592.0000,0.005441,0.482000
2015-10-08,3156.0750,3143.3570,3172.2810,3133.1270,23427604992,258830340096.0000,0.008692,2.967000
2015-10-09,3146.6440,3183.1520,3192.7170,3137.7880,23485144576,256379113472.0000,0.008703,1.266000
2015-10-12,3193.5400,3287.6620,3318.7140,3188.4060,38629471488,435541020672.0000,0.014290,3.283200
2015-10-13,3262.1560,3293.2300,3298.6260,3253.2490,29715313408,334806097920.0000,0.010976,0.169400
2015-10-14,3280.0200,3262.4410,3307.3150,3256.2530,29507773952,330277519360.0000,0.010883,-0.934900
2015-10-15,3255.0310,3338.0730,3338.2970,3254.3920,31628385024,362565554176.0000,0.011665,2.318300
2015-10-16,3358.2970,3391.3520,3393.0180,3334.8540,39546057472,459447812096.0000,0.014578,1.596100
2015-10-19,3401.6270,3386.7000,3423.4020,3355.5660,37811218432,453303627776.0000,0.013936,-0.137200
2015-10-20,3377.5470,3425.3300,3425.5150,3357.8610,31897375744,383582515200.0000,0.011756,1.140600
2015-10-21,3428.5610,3320.6760,3447.2580,3265.4360,45845542912,518509232128.0000,0.016896,-3.055300
2015-10-22,3292.2910,3368.7390,3373.7760,3282.9930,32373934080,375452024832.0000,0.011928,1.447400
2015-10-23,3377.5480,3412.4340,3422.0220,3360.2180,34737285376,425263087616.0000,0.012798,1.297100
2015-10-26,3448.6490,3429.5810,3457.5170,3402.0000,36556085248,453942505472.0000,0.013464,0.502500
2015-10-27,3409.1370,3434.3360,3441.5650,3332.6160,32817276928,408887226368.0000,0.012087,0.138600
2015-10-28,3417.0100,3375.1960,3439.7580,3367.2310,29352328448,361656184832.0000,0.010811,-1.722000
2015-10-29,3387.7740,3387.3150,3411.7140,3362.5100,23567602688,294508412928.0000,0.008681,0.359100
2015-10-30,3380.2840,3382.5610,3417.2010,3346.5910,24359511808,307266772992.0000,0.008972,-0.140300
2015-11-02,3337.5780,3325.0850,3391.0640,3322.3120,23095112960,286019330048.0000,0.008506,-1.699200
2015-11-03,3330.3160,3316.6950,3346.2750,3302.1840,19289742848,244360564736.0000,0.007104,-0.252300
2015-11-04,3325.6190,3459.6400,3459.6460,3325.6190,33907873024,426104385536.0000,0.012488,4.309900
2015-11-05,3459.2150,3522.8190,3585.6570,3455.5250,55325494784,678674612224.0000,0.020376,1.826200
2015-11-06,3514.4360,3590.0320,3596.3820,3508.8270,42916703232,543282200576.0000,0.015804,1.907900
2015-11-09,3588.4980,3646.8810,3673.7600,3588.4980,50301668096,636184064000.0000,0.018516,1.583500
2015-11-10,3617.3960,3640.4850,3669.5320,3607.8910,42974657536,560055119872.0000,0.015819,-0.175400
2015-11-11,3635.0040,3650.2500,3654.8770,3605.6210,36097265152,467822206976.0000,0.013286,0.268200
2015-11-12,3656.8170,3632.9020,3659.3150,3603.2290,36171760128,482832625664.0000,0.013314,-0.475300
2015-11-13,3600.7640,3580.8390,3632.5560,3564.8090,34587093248,468668657664.0000,0.012690,-1.433100
2015-11-16,3522.4610,3606.9580,3607.6120,3519.4210,27618705664,369421832192.0000,0.010132,0.729400
2015-11-17,3629.9770,3604.7950,3678.2720,3598.0680,38357546752,521520361472.0000,0.014065,-0.060000
2015-11-18,3605.0610,3568.4680,3617.0690,3558.6970,29758073344,392338755584.0000,0.010911,-1.007700
2015-11-19,3573.7760,3617.0620,3618.2130,3561.0440,24791557632,328442613760.0000,0.009090,1.361800
2015-11-20,3620.7910,3630.5000,3640.5290,3607.9150,31080197120,413910904832.0000,0.011395,0.371500
2015-11-23,3630.8670,3610.3150,3654.7540,3598.8710,31599747328,414148235264.0000,0.011587,-0.556000
2015-11-24,3602.8870,3616.1130,3616.4840,3563.1040,24881052416,327758499840.0000,0.009124,0.160500
2015-11-25,3614.0680,3647.9300,3648.3670,3607.5180,27302485760,380802940928.0000,0.010011,0.879900
2015-11-26,3659.5740,3635.5520,3668.3760,3629.8650,30676158208,426247413760.0000,0.011247,-0.339300
2015-11-27,3616.5440,3436.3030,3621.8970,3412.4270,35428752384,464311246848.0000,0.012990,-5.480600
2015-11-30,3433.8550,3445.4050,3470.3710,3327.8120,30419790336,387503652864.0000,0.011151,0.264900
2015-12-01,3442.4410,3456.3090,3483.4140,3417.5450,25239075584,330256748544.0000,0.009252,0.316500
2015-12-02,3450.2780,3536.9050,3538.8470,3427.6610,30149147904,369183039488.0000,0.011052,2.331900
2015-12-03,3525.7270,3584.8240,3591.7300,3517.2300,28111125504,338859089920.0000,0.010298,1.354800
2015-12-04,3558.1490,3524.9920,3568.9700,3510.4120,25173641216,319766835200.0000,0.009221,-1.669000
2015-12-07,3529.8060,3536.9270,3543.9450,3506.6250,20830257920,280561586176.0000,0.007629,0.338600
2015-12-08,3518.6480,3470.0700,3518.6480,3466.7900,22436731136,297821728768.0000,0.008217,-1.890300
2015-12-09,3462.5830,3472.4390,3495.7020,3454.8790,19569884416,267854864384.0000,0.007167,0.068300
2015-12-10,3469.8060,3455.4950,3503.6540,3446.2730,20042751744,279499706368.0000,0.007341,-0.488000
2015-12-11,3441.5970,3434.5810,3455.5480,3410.9240,18290887936,245076422656.0000,0.006699,-0.605200
2015-12-14,3403.5070,3520.6680,3521.7790,3399.2800,21537462016,279213531136.0000,0.007882,2.506500
2015-12-15,3518.1260,3510.3540,3529.9610,3496.8540,20047134208,276274950144.0000,0.007337,-0.293000
2015-12-16,3522.0910,3516.1870,3538.6890,3506.2910,19348230912,265288654848.0000,0.007081,0.166200
2015-12-17,3533.6280,3579.9990,3583.4080,3533.6280,28385647616,381439614976.0000,0.010388,1.814800
2015-12-18,3574.9400,3578.9640,3614.6980,3568.1610,27370790400,365385805824.0000,0.010013,-0.028900
2015-12-21,3568.5810,3642.4720,3651.0560,3565.7510,29984928000,398316969984.0000,0.010968,1.774500
2015-12-22,3645.9900,3651.7670,3652.6350,3616.8700,26117876224,360846041088.0000,0.009555,0.255200
2015-12-23,3653.2820,3636.0890,3684.5670,3633.0250,29820180224,419902926848.0000,0.010906,-0.429300
2015-12-24,3631.3130,3612.4850,3640.2210,3572.2770,22778522624,315421253632.0000,0.008330,-0.649200
2015-12-25,3614.0540,3627.9140,3635.2560,3601.7380,19845111040,274660040704.0000,0.007257,0.427100
2015-12-28,3635.7690,3533.7790,3641.5880,3533.7790,26998327808,369042821120.0000,0.009870,-2.594700
2015-12-29,3528.3950,3563.7360,3564.1710,3515.5200,18255192320,250938908672.0000,0.006673,0.847700
2015-12-30,3566.7310,3572.8760,3573.6840,3538.1120,18788961024,267787665408.0000,0.006859,0.256500
2015-12-31,3570.4670,3539.1820,3580.6020,3538.3530,17696365824,254031073280.0000,0.006459,-0.943100
2016-01-04,3536.5890,3296.2580,3538.6890,3295.7410,18441842432,240929157120.0000,0.006728,-6.863800
2016-01-05,3196.6510,3287.7110,3328.1390,3189.6050,26688208384,328417226752.0000,0.009738,-0.259300
2016-01-06,3291.1950,3361.8400,3362.9740,3288.9330,23888667136,285243224064.0000,0.008716,2.254700
2016-01-07,3309.6570,3125.0020,3309.6570,3115.8850,7056912384,79981989888.0000,0.002572,-7.044900
2016-01-08,3194.6250,3186.4120,3235.4510,3056.8780,28644082176,324167135232.0000,0.010425,1.965100
2016-01-11,3131.8530,3016.7040,3166.2150,3016.6970,27164369152,286379626496.0000,0.009882,-5.326000
2016-01-12,3026.1590,3022.8610,3047.6640,2978.4630,20765962240,224135434240.0000,0.007553,0.204100
2016-01-13,3041.1070,2949.5970,3059.0150,2949.2900,19428210688,208376045568.0000,0.007066,-2.423700
2016-01-14,2874.0490,3007.6490,3012.2930,2867.5530,21290564352,218013655040.0000,0.007744,1.968100
2016-01-15,2988.0480,2900.9700,3001.7080,2883.8680,19872169728,206603968512.0000,0.007229,-3.546900
2016-01-18,2847.5390,2913.8370,2945.4500,2844.7040,16469969408,173619961856.0000,0.005989,0.443500
2016-01-19,2914.4080,3007.7390,3012.0680,2906.4040,20527970304,222674800640.0000,0.007465,3.222600
2016-01-20,2993.0140,2976.6940,3016.2830,2951.9220,21650547456,234562924544.0000,0.007873,-1.032200
2016-01-21,2934.3910,2880.4820,2998.7900,2880.0850,19167566848,203634573312.0000,0.006970,-3.232200
2016-01-22,2911.1120,2916.5620,2931.3590,2851.7330,15981073408,170062245888.0000,0.005811,1.252600
2016-01-25,2934.0780,2938.5150,2955.7830,2911.8290,15303905792,164023398400.0000,0.005562,0.752700
2016-01-26,2907.7180,2749.7850,2911.9910,2743.8390,21083605504,212608151552.0000,0.007663,-6.422600
2016-01-27,2756.0820,2735.5580,2768.7720,2638.3020,21572204544,207426674688.0000,0.007840,-0.517400
2016-01-28,2711.1580,2655.6610,2740.5360,2647.4930,17112027904,167357415424.0000,0.006218,-2.920700
2016-01-29,2652.8540,2737.6000,2755.3670,2649.7910,18667310592,180006813696.0000,0.006783,3.085500
2016-02-01,2730.9840,2688.8540,2735.2550,2655.6230,15638374400,152830742528.0000,0.005681,-1.780600
2016-02-02,2687.9820,2749.5700,2755.1590,2687.9820,15807821056,158936801280.0000,0.005743,2.258100
2016-02-03,2719.5740,2739.2470,2746.0720,2696.8840,14839721728,146627121152.0000,0.005391,-0.375400
2016-02-04,2751.4320,2781.0230,2793.2980,2751.3140,17038201856,175347388416.0000,0.006190,1.525100
2016-02-05,2783.0760,2763.4920,2790.0610,2762.1600,14118628352,145553629184.0000,0.005128,-0.630400
2016-02-15,2684.9610,2746.1960,2760.3590,2682.0900,12926393088,129321054208.0000,0.004694,-0.625900
2016-02-16,2758.5790,2836.5710,2840.6220,2758.5790,19596161536,198969135104.0000,0.007115,3.290900
2016-02-17,2829.7640,2867.3380,2868.7010,2824.3560,21690992384,225964249088.0000,0.007875,1.084600
2016-02-18,2881.7770,2862.8930,2893.2150,2857.6990,21920387328,230775054336.0000,0.007958,-0.155000
2016-02-19,2854.9040,2860.0210,2872.7240,2840.4880,16339141376,178424844288.0000,0.005932,-0.100300
2016-02-22,2888.5980,2927.1750,2933.9640,2880.3470,23217604096,238682816512.0000,0.008424,2.348000
2016-02-23,2925.7080,2903.3310,2928.0480,2872.2820,19974066432,211548950528.0000,0.007247,-0.814600
2016-02-24,2889.8850,2928.8960,2929.8710,2872.2740,21341038336,227851644928.0000,0.007743,0.880500
2016-02-25,2922.2370,2741.2450,2922.2370,2729.8510,27028441600,271767142400.0000,0.009807,-6.406900
2016-02-26,2760.0580,2767.2100,2784.7530,2715.8740,19111047168,190068985856.0000,0.006933,0.947200
2016-02-29,2754.8140,2687.9790,2755.8900,2638.9630,20741070848,194640195584.0000,0.007523,-2.863200
2016-03-01,2688.3800,2733.1700,2747.5620,2668.7570,18720744192,182185537536.0000,0.006791,1.681200
2016-03-02,2733.7670,2849.6810,2852.7000,2732.5390,27096178432,259318767616.0000,0.009828,4.262900
2016-03-03,2847.3310,2859.7580,2878.4450,2840.8740,28747821056,279971934208.0000,0.010422,0.353600
2016-03-04,2848.5380,2874.1470,2880.3720,2808.8490,31249516800,294982111232.0000,0.011329,0.503200
2016-03-07,2886.6400,2897.3400,2911.8390,2871.3460,21746683648,208559325184.0000,0.007884,0.807000
2016-03-08,2895.6660,2901.3870,2902.6210,2802.5630,23348265984,220513955840.0000,0.008464,0.139700
2016-03-09,2839.4110,2862.5560,2863.0150,2811.7180,18335538432,177072558080.0000,0.006647,-1.338400
2016-03-10,2847.5670,2804.7260,2863.1760,2803.4760,13897946112,141812412416.0000,0.005038,-2.020200
2016-03-11,2781.6000,2810.3070,2815.6070,2772.5510,12724755456,128450314240.0000,0.004613,0.199000
2016-03-14,2830.0840,2859.4990,2889.8160,2823.0280,19481603072,202793148416.0000,0.007062,1.750400
2016-03-15,2853.9780,2864.3680,2865.7870,2819.7950,16338666752,170219524096.0000,0.005923,0.170300
2016-03-16,2858.7090,2870.4300,2881.5290,2854.1920,18649253632,190193856512.0000,0.006760,0.211600
2016-03-17,2875.4110,2904.8320,2921.0000,2857.1910,20029021184,213843632128.0000,0.007258,1.198500
2016-03-18,2915.5180,2955.1500,2971.5510,2908.7420,31333273600,328241160192.0000,0.011348,1.732200
2016-03-21,2978.4550,3018.8020,3028.3220,2973.7580,35240043776,380823080960.0000,0.012761,2.153900
2016-03-22,3001.6300,2999.3630,3019.1010,2988.4260,27037732096,311025315840.0000,0.009791,-0.643900
2016-03-23,2991.1690,3009.9600,3012.5600,2980.8550,21697746176,256328163328.0000,0.007850,0.353300
2016-03-24,2986.8010,2960.9700,2998.1540,2960.5370,23700640256,274795126784.0000,0.008574,-1.627600
2016-03-25,2956.2000,2979.4340,2981.4080,2952.1060,17507434496,200818438144.0000,0.006334,0.623600
2016-03-28,2988.0100,2957.8200,3008.1680,2948.5260,20202124032,232323731456.0000,0.007307,-0.725400
2016-03-29,2956.7050,2919.8320,2962.2030,2905.2510,18296534528,201625833472.0000,0.006617,-1.284300
2016-03-30,2941.2180,3000.6450,3001.1060,2941.2180,21037145088,234410622976.0000,0.007608,2.767700
2016-03-31,3009.3670,3003.9150,3023.4090,2992.9160,22041344512,252219756544.0000,0.007971,0.109000
2016-04-01,2997.0880,3009.5300,3009.6730,2956.2470,20654586624,217520533504.0000,0.007467,0.186900
2016-04-05,3000.9380,3053.0650,3057.3300,2993.1480,25673034496,276654686208.0000,0.009282,1.446600
2016-04-06,3039.7450,3050.5920,3059.7940,3029.0050,23226205184,254914555904.0000,0.008395,-0.081000
2016-04-07,3058.3390,3008.4200,3062.3580,3007.0600,22091950592,243961815040.0000,0.007985,-1.382400
2016-04-08,2988.2000,2984.9580,2996.1710,2960.4600,18790463232,207337095168.0000,0.006793,-0.779900
2016-04-11,3006.9090,3033.9570,3048.9770,3006.9090,22001832448,252328394752.0000,0.007953,1.641500
2016-04-12,3031.3010,3023.6460,3036.8250,3001.3150,18271866880,207079809024.0000,0.006605,-0.339900
2016-04-13,3041.3580,3066.6380,3097.1650,3041.3580,31000324608,331420684288.0000,0.011206,1.421900
2016-04-14,3080.0900,3082.3620,3086.6980,3056.9890,20823782912,235056058368.0000,0.007527,0.512700
2016-04-15,3085.0260,3078.1170,3089.9510,3066.8720,18961305088,224141312000.0000,0.006853,-0.137700
2016-04-18,3058.4630,3033.6600,3058.4630,3022.9700,18330451200,208613085184.0000,0.006622,-1.444300
2016-04-19,3047.1330,3042.8230,3054.5030,3024.8950,15653319936,180948013056.0000,0.005654,0.302000
2016-04-20,3050.3810,2972.5840,3055.6890,2905.0490,28314422016,311154872320.0000,0.010230,-2.308400
2016-04-21,2954.3700,2952.8910,2990.6730,2943.4640,18940684800,206477127680.0000,0.006843,-0.662500
2016-04-22,2933.0350,2959.2400,2960.2090,2926.7760,13721166848,148800430080.0000,0.004957,0.215000
2016-04-25,2949.9730,2946.6700,2954.0920,2917.0200,12585624320,140638756864.0000,0.004545,-0.424800
2016-04-26,2944.7160,2964.7000,2965.4290,2933.9710,11771160320,134292459520.0000,0.004246,0.611900
2016-04-27,2967.1900,2953.6710,2976.0220,2949.4320,13086764032,150286303232.0000,0.004720,-0.372000
2016-04-28,2955.7420,2945.5890,2959.5120,2916.3740,13866327296,154614697984.0000,0.005000,-0.273600
2016-04-29,2935.3760,2938.3240,2950.5760,2930.3570,10931062784,128502730752.0000,0.003942,-0.246600
2016-05-03,2940.3920,2992.6430,2993.5350,2929.8150,16870364416,195816603648.0000,0.006082,1.848600
2016-05-04,2983.0270,2991.2720,3004.4180,2978.3300,16540710656,189046374400.0000,0.005961,-0.045800
2016-05-05,2987.0220,2997.8420,2999.1180,2977.2000,14483138304,163113775104.0000,0.005219,0.219600
2016-05-06,2998.4020,2913.2480,3003.5900,2913.0360,20679649792,234077433856.0000,0.007446,-2.821800
2016-05-09,2896.1620,2832.1130,2896.1620,2821.8260,18037832960,188705685504.0000,0.006496,-2.785000
2016-05-10,2822.3270,2832.5910,2845.2380,2820.1640,12082930944,128535265280.0000,0.004350,0.016900
2016-05-11,2843.5450,2837.0370,2857.2540,2818.6990,13579546624,146022522880.0000,0.004888,0.157000
2016-05-12,2812.1080,2835.8620,2839.2760,2781.2360,13633765632,140838629376.0000,0.004907,-0.041400
2016-05-13,2828.4620,2827.1090,2850.0930,2814.1150,11431971072,123692646400.0000,0.004114,-0.308700
2016-05-16,2816.7750,2850.8620,2851.2290,2804.9910,11465359104,126844297216.0000,0.004113,0.840200
2016-05-17,2850.9260,2843.6840,2860.3210,2832.4590,12336906496,140000997376.0000,0.004425,-0.251800
2016-05-18,2828.1780,2807.5140,2828.2550,2781.4170,14048782592,149396819968.0000,0.005039,-1.271900
2016-05-19,2802.3150,2806.9060,2829.4020,2801.5480,11159507200,124151054336.0000,0.003998,-0.021700
2016-05-20,2792.8880,2825.4830,2825.9520,2785.0800,10870089984,123794591744.0000,0.003894,0.661800
2016-05-23,2826.3120,2843.6450,2848.0710,2826.2560,12047045632,139950366720.0000,0.004311,0.642800
2016-05-24,2839.6820,2821.6660,2839.6950,2807.1880,11145244416,121096060928.0000,0.003987,-0.772900
2016-05-25,2835.0290,2815.0860,2843.1650,2807.7490,10352726528,117767630848.0000,0.003701,-0.233200
2016-05-26,2813.5430,2822.4430,2827.0920,2780.7630,11476679680,127105183744.0000,0.004101,0.261300
2016-05-27,2817.9680,2821.0460,2832.7990,2809.7990,10984582400,123858866176.0000,0.003925,-0.049500
2016-05-30,2814.6510,2822.4510,2830.9700,2794.6610,10631958784,115587477504.0000,0.003795,0.049800
2016-05-31,2822.5930,2916.6160,2917.1350,2822.5930,21526034176,236528504832.0000,0.007680,3.336300
2016-06-01,2917.1540,2913.5080,2929.0760,2909.5120,18838642176,219868045312.0000,0.006721,-0.106600
2016-06-02,2911.2190,2925.2290,2925.6700,2906.5240,15971691520,185084899328.0000,0.005697,0.402300
2016-06-03,2929.7880,2938.6820,2945.5190,2915.1850,17202102272,211302477824.0000,0.006127,0.459900
2016-06-06,2940.9940,2934.0980,2945.9420,2922.2830,14199374336,172426792960.0000,0.005057,-0.156000
2016-06-07,2936.2820,2936.0450,2938.4440,2923.5020,13298786816,163605602304.0000,0.004731,0.066400
2016-06-08,2932.3760,2927.1590,2937.9860,2908.3670,14304607232,177377308672.0000,0.005088,-0.302700
2016-06-13,2897.2730,2833.0710,2911.1580,2832.5070,16925543424,198547767296.0000,0.006014,-3.214300
2016-06-14,2824.2290,2842.1890,2843.4560,2822.0610,11975527424,138531749888.0000,0.004255,0.321800
2016-06-15,2814.6930,2887.2100,2894.2640,2811.7810,16667106816,197199331328.0000,0.005916,1.584000
2016-06-16,2878.4020,2872.8170,2887.7430,2865.3880,17388276736,201957154816.0000,0.006166,-0.498500
2016-06-17,2873.0090,2885.1050,2900.2990,2872.1850,17147251712,195432493056.0000,0.006080,0.427700
2016-06-20,2887.6360,2888.8090,2891.6580,2864.0200,13657105152,163734437888.0000,0.004838,0.128400
2016-06-21,2898.3840,2878.5580,2919.3020,2869.1760,16435908864,198201921536.0000,0.005821,-0.354900
2016-06-22,2872.7340,2905.5500,2905.9780,2869.5130,13059042304,156339384320.0000,0.004623,0.937700
2016-06-23,2902.3980,2891.9600,2904.1120,2878.6610,13613737472,163680268288.0000,0.004808,-0.467700
2016-06-24,2883.7590,2854.2860,2899.5690,2807.5980,19084260864,214913449984.0000,0.006738,-1.302700
2016-06-27,2840.5590,2895.7030,2895.7310,2840.2770,15669747200,189854732288.0000,0.005523,1.451000
2016-06-28,2885.0110,2912.5570,2913.5820,2878.8240,17387104768,211079307264.0000,0.006127,0.582000
2016-06-29,2918.5340,2931.5920,2933.9970,2915.0620,19321558528,223406350336.0000,0.006806,0.653600
2016-06-30,2931.4810,2929.6060,2938.1370,2922.3120,15446492928,187459796992.0000,0.005433,-0.067700
2016-07-01,2931.8020,2932.4760,2944.9890,2925.8100,14124622592,173006184448.0000,0.004968,0.098000
2016-07-04,2924.2930,2988.6040,2992.4980,2922.5200,22201713152,253150363648.0000,0.007808,1.914000
2016-07-05,2991.7520,3006.3920,3010.2750,2990.6420,23520444928,270418010112.0000,0.008271,0.595200
2016-07-06,2998.5210,3017.2920,3017.6520,2984.8280,21237092096,246497841152.0000,0.007460,0.362600
2016-07-07,3009.3530,3016.8470,3024.1090,2994.6430,22268166656,270197133312.0000,0.007812,-0.014800
2016-07-08,3000.3260,2988.0940,3001.5510,2983.8810,16898685952,209672667136.0000,0.005928,-0.953100
2016-07-11,2993.7490,2994.9170,3022.9440,2990.9070,22433822464,271916498944.0000,0.007863,0.228300
2016-07-12,2992.5200,3049.3810,3049.6810,2984.4210,25948629504,288656744448.0000,0.009094,1.818600
2016-07-13,3049.5130,3060.6890,3069.0470,3048.1990,25365938432,279350870016.0000,0.008890,0.370800
2016-07-14,3054.9750,3054.0180,3057.0460,3036.5230,18019480320,208939032576.0000,0.006312,-0.218000
2016-07-15,3056.6820,3054.2960,3062.6830,3044.5380,17286639872,202840551424.0000,0.006051,0.009100
2016-07-18,3047.6370,3043.5640,3058.3210,3031.6390,17749656320,206667710464.0000,0.006210,-0.351400
2016-07-19,3040.2260,3036.5980,3043.6000,3014.2890,15536146688,187206721536.0000,0.005436,-0.228900
2016-07-20,3034.7140,3027.9000,3042.9970,3022.6310,13824281600,171472916480.0000,0.004836,-0.286400
2016-07-21,3027.6040,3039.0090,3053.3340,3027.3680,16376737024,200278454272.0000,0.005728,0.366900
2016-07-22,3038.1180,3012.8160,3039.2700,3007.4570,16201018112,197517348864.0000,0.005666,-0.861900
2016-07-25,3008.0930,3015.8270,3027.1220,3003.2920,14420658176,175422001152.0000,0.005042,0.100000
2016-07-26,3014.0390,3050.1660,3050.6140,3013.8020,15669450496,185474469888.0000,0.005476,1.138600
2016-07-27,3050.3670,2991.9990,3057.4230,2939.2270,28016091392,316811390976.0000,0.009791,-1.907000
2016-07-28,2980.5010,2994.3230,3003.3630,2968.1820,19056495104,217627000832.0000,0.006659,0.077700
2016-07-29,2992.5350,2979.3380,3000.0540,2972.9160,15010153472,170198564864.0000,0.005245,-0.500500
2016-08-01,2971.9490,2953.3850,2972.8750,2931.9630,14740776192,162372673536.0000,0.005143,-0.871100
2016-08-02,2950.0790,2971.2780,2971.2780,2946.6360,11546889984,129266872320.0000,0.004029,0.605800
2016-08-03,2963.2140,2978.4600,2981.1550,2956.7850,14114133248,159088263168.0000,0.004924,0.241700
2016-08-04,2976.4090,2982.4260,2982.8600,2958.9330,13393330176,153307963392.0000,0.004673,0.133200
2016-08-05,2978.7770,2976.6960,2991.6760,2971.5630,14185710080,161795981312.0000,0.004949,-0.192100
2016-08-08,2972.6240,3004.2760,3004.7180,2959.0470,15572983296,172089655296.0000,0.005430,0.926500
2016-08-09,3001.3060,3025.6800,3025.9100,2998.6760,16999544576,187716866048.0000,0.005928,0.712500
2016-08-10,3023.4720,3018.7450,3033.1960,3017.0900,16467516416,184525185024.0000,0.005735,-0.229200
2016-08-11,3013.6770,3002.6370,3038.0470,3001.1680,16187948032,179861524480.0000,0.005637,-0.533600
2016-08-12,3000.2730,3050.6670,3051.0540,2999.0390,16817365760,179304886272.0000,0.005853,1.599600
2016-08-15,3056.4830,3125.1950,3137.4760,3053.8700,29761650688,327991128064.0000,0.010357,2.443000
2016-08-16,3130.5330,3110.0360,3140.4400,3102.0650,27832893440,308544860160.0000,0.009682,-0.485100
2016-08-17,3106.9910,3109.5540,3114.2540,3090.2810,21383963648,243405250560.0000,0.007438,-0.015500
2016-08-18,3107.7520,3104.1130,3125.5810,3093.3170,22935908096,256969678848.0000,0.007977,-0.175000
2016-08-19,3100.3910,3108.1020,3113.3430,3082.7710,19434745344,212050972672.0000,0.006760,0.128500
2016-08-22,3107.3810,3084.8050,3112.7390,3083.5930,18538792704,207638876160.0000,0.006435,-0.749600
2016-08-23,3081.5710,3089.7050,3101.1090,3073.5290,16136896512,179183489024.0000,0.005598,0.158800
2016-08-24,3092.0190,3085.8800,3097.1480,3079.5470,14570744064,168362528768.0000,0.005056,-0.123800
2016-08-25,3073.4440,3068.3290,3073.4440,3041.5050,17403298048,200859750400.0000,0.006038,-0.568700
2016-08-26,3069.8500,3070.3080,3087.6520,3063.8940,14966390016,176309497856.0000,0.005191,0.064500
2016-08-29,3068.4600,3070.0270,3074.9430,3058.7850,14450000640,166397345792.0000,0.005012,-0.009200
2016-08-30,3071.4400,3074.6760,3082.9870,3065.9710,14043481088,163878821888.0000,0.004862,0.151400
2016-08-31,3072.9160,3085.4910,3087.6970,3063.3960,14136860928,168986116096.0000,0.004895,0.351700
2016-09-01,3083.9600,3063.3050,3088.7040,3062.8760,15519109376,177093296128.0000,0.005372,-0.719000
2016-09-02,3057.4940,3067.3520,3072.5250,3050.4920,15044691968,170592141312.0000,0.005208,0.132100
2016-09-05,3070.7070,3072.0950,3085.4850,3065.3290,14496331776,161243676672.0000,0.005018,0.154600
2016-09-06,3071.0550,3090.7120,3095.5090,3053.1860,17290852352,193057730560.0000,0.005985,0.606000
2016-09-07,3091.3280,3091.9280,3105.6770,3087.8790,18695676416,207162122240.0000,0.006471,0.039300
2016-09-08,3089.9520,3095.9540,3096.7830,3083.9010,14588377088,165944471552.0000,0.005047,0.130200
2016-09-09,3095.4260,3078.8540,3101.7920,3078.2180,16069292288,182056230912.0000,0.005560,-0.552300
2016-09-12,3037.5070,3021.9770,3040.9520,2999.9280,20601208576,221846568960.0000,0.007127,-1.847300
2016-09-13,3025.0340,3023.5090,3029.7200,3008.7400,13538757888,152791306240.0000,0.004684,0.050700
2016-09-14,3008.9040,3002.8480,3017.9440,2995.4150,13341340160,148148969472.0000,0.004615,-0.683300
2016-09-19,3005.3220,3026.0510,3026.6510,3005.3220,11922502656,133168828416.0000,0.004122,0.772700
2016-09-20,3027.1710,3022.9990,3027.8160,3015.8800,11892411648,139662303232.0000,0.004112,-0.100900
2016-09-21,3021.5760,3025.8730,3032.4500,3017.5400,11572121344,134133727232.0000,0.004001,0.095100
2016-09-22,3038.4220,3042.3130,3054.4350,3035.0700,13930955520,159031062528.0000,0.004811,0.543300
2016-09-23,3044.7850,3033.8950,3046.8040,3032.8020,12559097600,147377737728.0000,0.004337,-0.276700
2016-09-26,3028.2420,2980.4290,3028.2420,2980.1160,14433028608,162257248256.0000,0.004984,-1.762300
2016-09-27,2974.5930,2998.1720,2998.2330,2969.1320,12170145024,133372706816.0000,0.004199,0.595300
2016-09-28,3000.6950,2987.8570,3000.6950,2984.3200,10462569728,116437377024.0000,0.003608,-0.344000
2016-09-29,2992.1680,2998.4820,3009.1980,2991.9080,11321391872,122728570880.0000,0.003904,0.355600
2016-09-30,2994.2500,3004.7030,3009.1950,2993.0610,10133356288,112794537984.0000,0.003494,0.207500
2016-10-10,3020.4560,3048.1420,3048.2350,3014.6190,16005110528,175521792000.0000,0.005516,1.445700
2016-10-11,3051.6210,3065.2490,3066.1040,3048.0170,16727349504,183787646976.0000,0.005767,0.561200
2016-10-12,3057.3160,3058.4980,3060.5140,3048.8880,14249357824,159982960640.0000,0.004912,-0.220300
2016-10-13,3057.9720,3061.3450,3064.9980,3052.6400,15475672576,166335868928.0000,0.005332,0.093100
2016-10-14,3056.9920,3063.8080,3064.7890,3043.1840,15537370624,163792994304.0000,0.005353,0.080500
2016-10-17,3064.6910,3041.1660,3068.8120,3033.7530,16373326592,180594077696.0000,0.005641,-0.739000
2016-10-18,3037.4030,3083.8750,3084.1860,3037.4030,18204246016,196036128768.0000,0.006272,1.404400
2016-10-19,3085.7490,3084.7180,3096.2220,3076.7700,18247014400,197481136128.0000,0.006287,0.027300
2016-10-20,3084.9070,3084.4570,3089.6820,3076.2940,16069136384,177674543104.0000,0.005536,-0.008500
2016-10-21,3081.3890,3090.9410,3101.8480,3069.2660,18738807296,201953660928.0000,0.006455,0.210200
2016-10-24,3092.0460,3128.2460,3137.0330,3090.7860,24052235008,250354393088.0000,0.008282,1.206900
2016-10-25,3127.9680,3131.9380,3132.5040,3121.0490,20338089728,220861464576.0000,0.007006,0.118000
2016-10-26,3129.8380,3116.3110,3129.8380,3110.3870,19166326272,215767707648.0000,0.006602,-0.499000
2016-10-27,3112.6020,3112.3490,3114.7580,3100.3910,15800878848,182237126656.0000,0.005441,-0.127100
2016-10-28,3111.7030,3104.2700,3128.6420,3101.2370,18177412352,212593008640.0000,0.006259,-0.259600
2016-10-31,3097.1880,3100.4920,3102.3010,3081.0720,15150676480,178427744256.0000,0.005218,-0.121700
2016-11-01,3101.6630,3122.4350,3122.6140,3097.0420,16023203328,195831590912.0000,0.005519,0.707700
2016-11-02,3115.7290,3102.7320,3118.9770,3099.8190,18272206592,221676544000.0000,0.006293,-0.631000
2016-11-03,3096.7650,3128.9350,3140.9290,3094.1020,22298626048,265820360704.0000,0.007680,0.844500
2016-11-04,3126.3480,3125.3160,3141.3330,3119.5350,19768319744,239043256320.0000,0.006808,-0.115700
2016-11-07,3124.8920,3133.3320,3139.2010,3117.0960,17941849088,210602323968.0000,0.006179,0.256500
2016-11-08,3140.9430,3147.8870,3156.8810,3134.9540,19084697856,221585117184.0000,0.006572,0.464500
2016-11-09,3146.0770,3128.3700,3146.9490,3096.9460,24111495936,277229391872.0000,0.008303,-0.620000
2016-11-10,3148.5440,3171.2820,3172.3080,3148.5440,24419260160,285992812544.0000,0.008408,1.371700
2016-11-11,3169.4000,3196.0430,3202.7400,3166.0690,31085457920,343773949952.0000,0.010703,0.780800
2016-11-14,3187.7090,3210.3710,3221.4580,3186.7950,32960831232,346974629888.0000,0.011348,0.448300
2016-11-15,3209.9540,3206.9850,3214.2920,3195.0350,24088635136,267003871232.0000,0.008293,-0.105500
2016-11-16,3208.4970,3205.0570,3210.8920,3195.4100,22176699392,244854509568.0000,0.007632,-0.060100
2016-11-17,3198.4980,3208.4520,3211.0520,3187.2050,21420624128,226775851008.0000,0.007374,0.105900
2016-11-18,3207.1930,3192.8550,3212.3940,3187.4960,20982663936,235352064000.0000,0.007222,-0.486100
2016-11-21,3188.4960,3218.1470,3229.7560,3188.2790,23065284352,263177809920.0000,0.007938,0.792100
2016-11-22,3220.9820,3248.3510,3249.6760,3220.9820,26163154688,292484829184.0000,0.009005,0.938600
2016-11-23,3247.9440,3241.1360,3262.8780,3231.5860,24995959296,277942468608.0000,0.008603,-0.222100
2016-11-24,3237.4280,3241.7350,3257.8570,3232.8690,23232452608,267224711168.0000,0.007995,0.018500
2016-11-25,3241.2430,3261.9370,3262.4370,3209.5970,23392160000,259117039616.0000,0.008042,0.623200
2016-11-28,3270.0470,3276.9990,3288.3370,3267.6730,28155125248,300460150784.0000,0.009673,0.461800
2016-11-29,3269.2330,3282.9230,3301.2130,3263.3970,32083628800,348149350400.0000,0.011023,0.180800
2016-11-30,3272.1420,3250.0340,3277.2690,3239.5200,24357605376,262808739840.0000,0.008368,-1.001800
2016-12-01,3257.0260,3273.3090,3279.6700,3256.2550,23775986432,261553934336.0000,0.008169,0.716200
2016-12-02,3270.1200,3243.8430,3279.7130,3235.2770,25956720384,281559097344.0000,0.008919,-0.900200
2016-12-05,3203.7840,3204.7090,3219.5180,3194.8780,22301039360,238598033408.0000,0.007659,-1.206400
2016-12-06,3202.0290,3199.6470,3215.3110,3196.5240,15757269248,177170153472.0000,0.005411,-0.158000
2016-12-07,3198.4740,3222.2410,3222.4280,3189.4850,16907284736,189443846144.0000,0.005806,0.706100
2016-12-08,3225.5490,3215.3650,3228.1220,3211.4710,17071017216,197802065920.0000,0.005861,-0.213400
2016-12-09,3209.3390,3232.8830,3244.8010,3207.0430,20402395648,226387156992.0000,0.007005,0.544800
2016-12-12,3233.6660,3152.9700,3245.0940,3149.8950,27470846208,294260137984.0000,0.009431,-2.471900
2016-12-13,3138.9880,3155.0370,3162.4960,3118.7120,18516449536,203175456768.0000,0.006347,0.065600
2016-12-14,3149.3770,3140.5300,3170.0200,3136.3480,20135888640,219206160384.0000,0.006902,-0.459800
2016-12-15,3125.7560,3117.6770,3138.7790,3100.9120,18999062528,212863238144.0000,0.006512,-0.727700
2016-12-16,3111.5140,3122.9810,3128.8730,3106.3460,16498870016,189844754432.0000,0.005655,0.170100
2016-12-19,3120.6960,3118.0840,3125.2840,3110.0810,15416971520,174500241408.0000,0.005264,-0.156800
2016-12-20,3115.8980,3102.8750,3117.0140,3084.7990,15742675968,171611881472.0000,0.005373,-0.487800
2016-12-21,3107.2390,3137.4290,3140.2510,3107.2390,18670660608,204247805952.0000,0.006372,1.113600
2016-12-22,3132.1550,3139.5580,3143.1680,3126.8870,16780498944,185981558784.0000,0.005727,0.067900
2016-12-23,3134.9290,3110.1540,3138.4040,3103.7470,16617676800,189281177600.0000,0.005669,-0.936600
2016-12-26,3095.5780,3122.5690,3122.8810,3068.4150,15257188096,170555609088.0000,0.005203,0.399200
2016-12-27,3117.3860,3114.6640,3127.8820,3113.7450,14152893952,162193907712.0000,0.004826,-0.253200
2016-12-28,3113.7670,3102.2350,3118.7810,3094.5480,13572708608,154329653248.0000,0.004627,-0.399000
2016-12-29,3095.8440,3096.0960,3111.7990,3087.3440,13262329088,149919182848.0000,0.004520,-0.197900
2016-12-30,3097.3450,3103.6370,3108.8390,3089.9890,13326713088,151732781056.0000,0.004542,0.243600
2017-01-03,3105.3080,3135.9200,3136.4550,3105.3080,14156718592,159887138816.0000,0.004824,1.040200
2017-01-04,3133.7870,3158.7940,3160.1020,3130.1140,16786085120,195914293248.0000,0.005718,0.729400
2017-01-05,3157.9060,3165.4100,3168.5020,3154.2810,17472764416,199692025856.0000,0.005952,0.209400
2017-01-06,3163.7760,3154.3210,3172.0340,3153.0250,18370896640,207296036864.0000,0.006258,-0.350300
2017-01-09,3148.5310,3171.2360,3173.1360,3147.7350,17171407616,192110579712.0000,0.005846,0.536200
2017-01-10,3167.5700,3161.6710,3174.5780,3157.3320,17975921664,194963218432.0000,0.006119,-0.301600
2017-01-11,3156.6850,3136.7530,3167.0280,3136.2660,17836222208,189186457600.0000,0.006071,-0.788100
2017-01-12,3133.6010,3119.2880,3144.9690,3115.9780,14888923904,161922297856.0000,0.005067,-0.556800
2017-01-13,3116.0820,3112.7640,3130.5140,3102.1620,15627421440,174438555648.0000,0.005319,-0.209200
2017-01-16,3104.4920,3103.4280,3105.1420,3044.2910,25788599552,262826041344.0000,0.008776,-0.299900
2017-01-17,3087.0290,3108.7740,3108.9070,3072.3380,13615785984,154757554176.0000,0.004631,0.172300
2017-01-18,3104.7660,3113.0120,3123.7200,3098.5860,13178012928,144546717696.0000,0.004482,0.136300
2017-01-19,3104.9710,3101.2990,3115.7770,3094.0050,12385142016,139280461824.0000,0.004212,-0.376300
2017-01-20,3095.8180,3123.1380,3125.6590,3095.2140,12236677632,141471809536.0000,0.004161,0.704200
2017-01-23,3125.4200,3136.7740,3145.8410,3125.4200,13266039296,148145737728.0000,0.004510,0.436600
2017-01-24,3134.5920,3142.5530,3149.5310,3131.2180,12597388032,134553853952.0000,0.004282,0.184200
2017-01-25,3137.6460,3149.5540,3151.4720,3133.1910,11207382784,126765830144.0000,0.003809,0.222800
2017-01-26,3149.2160,3159.1660,3163.1040,3148.9080,11387677184,125013192704.0000,0.003870,0.305200
2017-02-03,3160.0810,3140.1700,3162.6770,3136.0130,9222473728,108023660544.0000,0.003126,-0.601300
2017-02-06,3143.0930,3156.9830,3158.8430,3135.3860,12719828224,150067695616.0000,0.004311,0.535400
2017-02-07,3154.4040,3153.0870,3159.5440,3140.0350,12833744128,152559087616.0000,0.004349,-0.123400
2017-02-08,3148.0860,3166.9810,3167.4460,3132.0330,14492018688,170854125568.0000,0.004911,0.440600
2017-02-09,3164.6870,3183.1790,3186.8380,3162.5740,19164032768,209723158528.0000,0.006495,0.511500
2017-02-10,3183.0060,3196.6990,3205.0490,3182.8020,23934891264,245772165120.0000,0.008109,0.424700
2017-02-13,3198.9940,3216.8390,3219.4070,3198.9940,22019150848,236158767104.0000,0.007455,0.630000
2017-02-14,3216.1370,3217.9280,3219.4040,3205.2850,18879808768,204253822976.0000,0.006413,0.033800
2017-02-15,3215.4630,3212.9850,3235.9970,3206.5600,24150770688,257965244416.0000,0.008204,-0.153600
2017-02-16,3210.3560,3229.6180,3230.2750,3207.7850,21695594240,226587611136.0000,0.007370,0.517700
2017-02-17,3227.7070,3202.0750,3238.3950,3199.4240,22622817792,248572751872.0000,0.007684,-0.852800
2017-02-20,3198.9630,3239.9610,3241.4580,3198.9630,23215209728,250276130816.0000,0.007884,1.183200
2017-02-21,3242.2220,3253.3250,3254.3350,3239.8770,21167306496,233551175680.0000,0.007189,0.412500
2017-02-22,3252.6890,3261.2180,3261.3800,3243.8390,20745377536,234815324160.0000,0.007032,0.242600
2017-02-23,3258.8310,3251.3750,3264.0810,3236.3540,20917979904,236822581248.0000,0.007090,-0.301800
2017-02-24,3246.8600,3253.4320,3253.9550,3233.5340,18640636160,213839036416.0000,0.006317,0.063300
2017-02-27,3249.1940,3228.6600,3251.6540,3224.0880,18258107136,211395715072.0000,0.006187,-0.761400
2017-02-28,3225.9680,3241.7330,3242.6790,3225.9680,15124431872,186019287040.0000,0.005125,0.404900
2017-03-01,3240.0720,3246.9330,3259.9780,3237.8710,19067755008,225940967424.0000,0.006460,0.160400
2017-03-02,3250.5180,3230.0280,3256.8070,3228.6640,18121507584,223043960832.0000,0.006139,-0.520600
2017-03-03,3219.2010,3218.3110,3221.1550,3206.6120,15708236800,192707923968.0000,0.005321,-0.362800
2017-03-06,3217.3340,3233.8650,3234.6620,3215.0670,15609215744,193769172992.0000,0.005285,0.483300
2017-03-07,3233.0930,3242.4060,3242.6590,3226.8210,16406423552,209931206656.0000,0.005555,0.264100
2017-03-08,3240.5320,3240.6640,3245.3040,3230.6080,16073138688,198225780736.0000,0.005442,-0.053700
2017-03-09,3233.7000,3216.7450,3233.8740,3205.2790,16737110784,199217647616.0000,0.005666,-0.738100
2017-03-10,3213.7290,3212.7600,3222.3180,3208.4470,13667274240,173663170560.0000,0.004627,-0.123900
2017-03-13,3209.4490,3237.0240,3237.1210,3193.1560,16367376128,206919741440.0000,0.005535,0.755200
2017-03-14,3235.2510,3239.3270,3246.3280,3231.5200,14694602240,191535128576.0000,0.004969,0.071100
2017-03-15,3235.4030,3241.7590,3243.7130,3227.7370,14405568256,185727250432.0000,0.004872,0.075100
2017-03-16,3247.1620,3268.9350,3269.7700,3247.1620,18941600256,244508344320.0000,0.006405,0.838300
2017-03-17,3271.8660,3237.4470,3274.1900,3232.2800,20058322432,262184046592.0000,0.006782,-0.963300
2017-03-20,3241.1100,3250.8080,3251.1270,3228.1170,17054843136,213951758336.0000,0.005765,0.412700
2017-03-21,3250.2470,3261.6100,3262.2200,3246.6950,16271930624,219121270784.0000,0.005500,0.332300
2017-03-22,3246.2230,3245.2190,3255.7770,3229.1280,18973164800,244545458176.0000,0.006413,-0.502500
2017-03-23,3245.8070,3248.5490,3262.0910,3221.9340,19302914304,258246692864.0000,0.006524,0.102600
2017-03-24,3247.3490,3269.4450,3275.2060,3241.1230,21977791488,267094163456.0000,0.007428,0.643200
2017-03-27,3268.9240,3266.9550,3283.2390,3262.1180,20185267456,249185542144.0000,0.006818,-0.076200
2017-03-28,3265.6340,3252.9470,3265.6340,3246.0860,16171001344,203452481536.0000,0.005462,-0.428800
2017-03-29,3252.8650,3241.3140,3262.0970,3233.2790,21610557440,245371850752.0000,0.007299,-0.357600
2017-03-30,3235.1360,3210.2360,3240.0170,3195.8520,24713548032,265694871552.0000,0.008347,-0.958800
2017-03-31,3206.2520,3222.5140,3226.2480,3205.5360,19644292096,214036160512.0000,0.006633,0.382500
2017-04-05,3235.6600,3270.3050,3270.6450,3233.2360,24832020224,273201156096.0000,0.008384,1.483000
2017-04-06,3272.1920,3281.0040,3286.6730,3265.7640,24528800000,262335586304.0000,0.008282,0.327200
2017-04-07,3280.6230,3286.6160,3295.1870,3275.0500,23610894336,266738323456.0000,0.007971,0.171000
2017-04-10,3285.4590,3269.3920,3285.4590,3265.0120,23269461504,279415193600.0000,0.007856,-0.524100
2017-04-11,3266.2210,3288.9650,3290.3880,3244.4040,28128124928,326622408704.0000,0.009496,0.598700
2017-04-12,3283.8360,3273.8300,3284.9330,3262.2770,26938179072,311505522688.0000,0.009094,-0.460200
2017-04-13,3265.2180,3275.9600,3281.1360,3261.4900,20734687488,223287214080.0000,0.006999,0.065100
2017-04-14,3276.1380,3246.0660,3276.7110,3238.8950,21450855936,224106680320.0000,0.007239,-0.912500
2017-04-17,3229.9490,3222.1670,3229.9490,3199.9120,21273718784,227214680064.0000,0.007177,-0.736200
2017-04-18,3215.3960,3196.7130,3225.0540,3196.4880,18866135296,211866767360.0000,0.006364,-0.790000
2017-04-19,3184.6660,3170.6860,3189.4360,3147.0650,21323807488,225806057472.0000,0.007188,-0.814200
2017-04-20,3165.6650,3172.1000,3178.1820,3148.1840,19087398400,220098232320.0000,0.006432,0.044600
2017-04-21,3170.2890,3173.1510,3180.7940,3158.6280,16476174080,184131440640.0000,0.005552,0.033100
2017-04-24,3164.2470,3129.5310,3164.2470,3111.2140,18627743488,197845254144.0000,0.006277,-1.374700
2017-04-25,3123.8940,3134.5670,3145.2670,3117.4480,15341830656,174129250304.0000,0.005150,0.160900
2017-04-26,3132.9180,3140.8470,3152.9530,3131.4180,16987810816,197112872960.0000,0.005703,0.200300
2017-04-27,3131.3490,3152.1860,3155.0030,3097.3330,21179307264,235748319232.0000,0.007136,0.361000
2017-04-28,3144.0210,3154.6580,3154.7260,3136.5780,16288989952,183195770880.0000,0.005487,0.078400
2017-05-02,3147.2270,3143.7120,3154.7810,3136.5390,15422296320,176389918720.0000,0.005195,-0.347000
2017-05-03,3138.3060,3135.3460,3148.2850,3123.7500,16376392448,190236602368.0000,0.005516,-0.266100
2017-05-04,3127.1050,3127.3680,3143.8170,3111.3910,17796748544,200170852352.0000,0.005992,-0.254500
2017-05-05,3114.7730,3103.0370,3117.6140,3092.0910,17621364224,200273907712.0000,0.005911,-0.778000
2017-05-08,3090.0650,3078.6120,3093.4510,3067.6940,18052690432,198171688960.0000,0.006078,-0.787100
2017-05-09,3064.8480,3080.5260,3084.2070,3056.5580,13506667520,152795901952.0000,0.004546,0.062200
2017-05-10,3078.1720,3052.7850,3090.8190,3051.5890,16079445248,181624152064.0000,0.005411,-0.900500
2017-05-11,3036.7890,3061.5000,3063.5630,3016.5300,19134190080,197604069376.0000,0.006439,0.285500
2017-05-12,3054.1120,3083.5130,3090.4910,3051.8710,15968409856,175107244032.0000,0.005373,0.719000
2017-05-15,3085.9310,3090.2280,3098.9120,3085.9310,13566072832,158269607936.0000,0.004564,0.217800
2017-05-16,3082.8710,3112.9640,3113.5110,3060.5340,17377556480,193292103680.0000,0.005845,0.735700
2017-05-17,3107.8020,3104.4410,3119.5810,3101.2950,16867415808,194560593920.0000,0.005673,-0.273800
2017-05-18,3082.3280,3090.1390,3103.4410,3077.9630,14862003456,168149516288.0000,0.004994,-0.460700
2017-05-19,3086.7050,3090.6300,3095.4820,3081.2780,12963523072,150164226048.0000,0.004355,0.015900
2017-05-22,3087.1700,3075.6750,3103.9370,3063.1520,15368372992,170340982784.0000,0.005162,-0.483900
2017-05-23,3069.3930,3061.9470,3084.2350,3050.8420,17831059968,195073654784.0000,0.005990,-0.446300
2017-05-24,3047.5680,3064.0750,3064.8120,3022.3020,13981335296,152669200384.0000,0.004695,0.069500
2017-05-25,3055.3420,3107.8310,3114.6570,3052.8300,19139184128,201910124544.0000,0.006411,1.428000
2017-05-26,3101.2860,3110.0580,3120.6620,3100.3870,15592348672,171327385600.0000,0.005221,0.071700
2017-05-31,3125.3250,3117.1770,3143.2780,3111.5560,15295043072,177913311232.0000,0.005107,0.228900
2017-06-01,3108.4210,3102.6230,3113.5210,3097.6790,16301571840,180782624768.0000,0.005441,-0.466900
2017-06-02,3094.2250,3105.5400,3110.3890,3081.8480,14250492416,154454347776.0000,0.004756,0.094000
2017-06-05,3102.1090,3091.6560,3105.5050,3084.8300,13257029888,143429804032.0000,0.004423,-0.447100
2017-06-06,3084.5400,3102.1260,3102.8630,3078.7870,11343996416,127804624896.0000,0.003784,0.338700
2017-06-07,3101.7600,3140.3240,3140.7740,3098.9500,17322901504,194287943680.0000,0.005773,1.231300
2017-06-08,3136.4700,3150.3330,3153.2630,3132.8270,15227766016,178894299136.0000,0.005064,0.318700
2017-06-09,3147.4530,3158.4000,3165.9190,3146.1070,16013633536,181584883712.0000,0.005324,0.256100
2017-06-12,3149.5260,3139.8760,3164.9500,3135.3140,14672942592,170223276032.0000,0.004877,-0.586500
2017-06-13,3134.0080,3153.7420,3155.9890,3131.0430,12831827968,148457869312.0000,0.004265,0.441600
2017-06-14,3146.7480,3130.6740,3149.1730,3125.3540,13834704128,160641228800.0000,0.004598,-0.731400
2017-06-15,3125.5860,3132.4860,3137.5850,3117.0840,14695424512,171124531200.0000,0.004883,0.057900
2017-06-16,3126.3720,3123.1660,3134.2510,3117.8560,12965275904,149215477760.0000,0.004306,-0.297500
2017-06-19,3122.1570,3144.3730,3146.7700,3121.7780,13489175808,151741796352.0000,0.004480,0.679000
2017-06-20,3148.0180,3140.0130,3150.4640,3134.6100,14119180288,162498015232.0000,0.004687,-0.138700
2017-06-21,3148.9860,3156.2110,3157.0270,3132.6170,13668826880,167048216576.0000,0.004538,0.515900
2017-06-22,3152.2420,3147.4530,3186.9820,3146.6430,19134400512,220438437888.0000,0.006352,-0.277500
2017-06-23,3138.4440,3157.8730,3158.0470,3118.0940,15484364800,175568523264.0000,0.005139,0.331100
2017-06-26,3157.0020,3185.4430,3187.8890,3156.9760,17357921024,200419303424.0000,0.005761,0.873100
2017-06-27,3183.4190,3191.1960,3193.4610,3172.4630,14820119808,167523799040.0000,0.004918,0.180600
2017-06-28,3183.6330,3173.2010,3193.4390,3170.7850,14651672064,162081099776.0000,0.004861,-0.563900
2017-06-29,3174.9810,3188.0620,3188.7740,3174.2830,12875547136,147249799168.0000,0.004268,0.468300
2017-06-30,3176.9480,3192.4260,3193.2410,3171.5700,12146454272,143195602944.0000,0.004026,0.136900
2017-07-03,3191.9980,3195.9110,3196.2860,3177.0240,14030571776,156575784960.0000,0.004645,0.109200
2017-07-04,3192.8880,3182.8030,3193.0640,3174.3140,14111496704,161454563328.0000,0.004671,-0.410100
2017-07-05,3179.2160,3207.1340,3207.3090,3174.7080,14829648384,173554012160.0000,0.004902,0.764500
2017-07-06,3203.8630,3212.4440,3215.9500,3188.7730,17580928768,202209615872.0000,0.005811,0.165600
2017-07-07,3203.8220,3217.9560,3219.5230,3195.2900,17671541504,201938313216.0000,0.005839,0.171600
2017-07-10,3208.4620,3212.6310,3223.3400,3203.2080,19892801024,222828310528.0000,0.006571,-0.165500
2017-07-11,3201.5160,3203.0370,3226.9080,3199.2230,18783726336,205493366784.0000,0.006205,-0.298600
2017-07-12,3201.9290,3197.5430,3215.1960,3177.9340,18690087936,201799622656.0000,0.006167,-0.171500
2017-07-13,3192.3610,3218.1630,3219.2680,3190.3390,19530361088,210820894720.0000,0.006443,0.644900
2017-07-14,3212.0310,3222.4160,3222.9780,3204.8520,16012677376,174312136704.0000,0.005281,0.132200
2017-07-17,3219.7910,3176.4640,3230.3540,3139.5030,26620527360,274653249536.0000,0.008777,-1.426000
2017-07-18,3159.7310,3187.5670,3187.6710,3150.1280,19062306048,196452360192.0000,0.006280,0.349500
2017-07-19,3181.4010,3230.9760,3232.9400,3179.7300,27242072576,269771018240.0000,0.008974,1.361800
2017-07-20,3227.5050,3244.8640,3246.2360,3225.4320,23210839296,245825421312.0000,0.007645,0.429800
2017-07-21,3236.5880,3237.9810,3247.7120,3231.9550,20600325120,221956911104.0000,0.006785,-0.212100
2017-07-24,3230.8980,3250.5980,3261.1040,3230.0700,23305639936,250631192576.0000,0.007672,0.389700
2017-07-25,3249.1370,3243.6890,3261.6450,3233.1370,20557387264,213405499392.0000,0.006767,-0.212500
2017-07-26,3244.4600,3247.6740,3264.8480,3228.0380,21354200576,228460519424.0000,0.007029,0.122900
2017-07-27,3243.7650,3249.7810,3251.9260,3220.6360,22848594432,242572083200.0000,0.007520,0.064900
2017-07-28,3240.1720,3253.2400,3256.3700,3232.9630,18222688000,198428585984.0000,0.005996,0.106400
2017-07-31,3252.7510,3273.0280,3276.9460,3251.1940,24603943936,253525921792.0000,0.008094,0.608300
2017-08-01,3274.3680,3292.6380,3292.6380,3273.5030,23719459328,256419942400.0000,0.007801,0.599100
2017-08-02,3288.5180,3285.0560,3305.4310,3282.0370,26673062912,279352340480.0000,0.008759,-0.230300
2017-08-03,3279.9860,3272.9280,3293.3680,3262.1550,23327700480,243549544448.0000,0.007658,-0.369200
2017-08-04,3269.3180,3262.0800,3287.1920,3261.3060,27590633984,285634760704.0000,0.009058,-0.331400
2017-08-07,3257.6700,3279.4560,3280.1030,3243.7150,23117337856,231874371584.0000,0.007589,0.532700
2017-08-08,3277.1880,3281.8720,3285.4830,3269.6580,25204353792,255770185728.0000,0.008267,0.073700
2017-08-09,3277.8080,3275.5730,3277.9430,3263.8460,23559790592,237815123968.0000,0.007728,-0.191900
2017-08-10,3269.7340,3261.7490,3282.5190,3236.1820,24068462336,251854041088.0000,0.007894,-0.422000
2017-08-11,3237.9220,3208.5410,3245.1160,3200.7480,26296299520,266998263808.0000,0.008625,-1.631300
2017-08-14,3206.0430,3237.3600,3240.0510,3206.0430,19034679552,209096077312.0000,0.006242,0.898200
2017-08-15,3235.2290,3251.2610,3263.5890,3235.1010,18229799680,204595859456.0000,0.005974,0.429400
2017-08-16,3247.8520,3246.4510,3248.7850,3228.8700,17685204992,200832532480.0000,0.005794,-0.147900
2017-08-17,3253.8450,3268.4290,3269.1380,3251.4590,20362255104,228376944640.0000,0.006670,0.677000
2017-08-18,3253.2430,3268.7240,3275.0760,3248.0830,19112248320,218437742592.0000,0.006260,0.009000
2017-08-21,3274.5800,3286.9050,3287.5180,3270.4750,18612248320,209718591488.0000,0.006094,0.556200
2017-08-22,3287.6140,3290.2250,3293.4760,3274.9410,18653799168,222927491072.0000,0.006107,0.101000
2017-08-23,3283.7960,3287.7040,3299.4570,3274.4400,17983220736,204330422272.0000,0.005887,-0.076600
2017-08-24,3287.9590,3271.5110,3297.9880,3266.3580,16346893824,186245058560.0000,0.005351,-0.492500
2017-08-25,3271.4600,3331.5220,3331.9140,3271.4600,20583948288,227141029888.0000,0.006737,1.834400
2017-08-28,3336.1260,3362.6510,3375.0330,3336.1260,25746143744,305319882752.0000,0.008423,0.934400
2017-08-29,3362.0600,3365.2260,3374.5940,3354.4620,21950453504,268916097024.0000,0.007181,0.076600
2017-08-30,3361.8200,3363.6260,3376.6480,3357.0800,24686331136,279640797184.0000,0.008075,-0.047500
2017-08-31,3361.4620,3360.8100,3367.3580,3340.6860,23441978112,269133107200.0000,0.007668,-0.083700
2017-09-01,3365.9910,3367.1190,3381.9250,3358.4720,28249758464,313722093568.0000,0.009238,0.187700
2017-09-04,3369.7180,3379.5830,3381.4020,3359.1300,26742785024,296348434432.0000,0.008744,0.370200
2017-09-05,3377.1960,3384.3170,3390.8230,3371.5700,21655294720,245596606464.0000,0.007080,0.140100
2017-09-06,3372.4270,3385.3880,3391.0100,3364.7640,22909078528,262034653184.0000,0.007478,0.031600
2017-09-07,3383.6280,3365.4970,3387.7950,3363.1760,22111868416,264037023744.0000,0.007218,-0.587600
2017-09-08,3364.4270,3365.2420,3380.8890,3353.6870,19840518400,235160227840.0000,0.006475,-0.007600
2017-09-11,3365.3500,3376.4180,3384.8100,3360.0460,21901101824,256888811520.0000,0.007146,0.332100
2017-09-12,3381.4870,3379.4880,3391.0690,3370.8510,27291031808,325024952320.0000,0.008902,0.090900
2017-09-13,3374.7180,3384.1470,3387.1390,3366.5410,19455071488,230733410304.0000,0.006346,0.137900
2017-09-14,3383.4700,3371.4250,3391.6430,3361.3330,22130648832,256744423424.0000,0.007218,-0.375900
2017-09-15,3365.1450,3353.6190,3365.5270,3345.3280,21976581632,252910686208.0000,0.007168,-0.528100
2017-09-18,3352.5130,3362.8580,3371.7480,3352.5130,19031967488,227938635776.0000,0.006207,0.275500
2017-09-19,3365.5310,3356.8440,3370.4000,3344.7050,19112969216,220728729600.0000,0.006234,-0.178800
2017-09-20,3352.1840,3365.9950,3370.0970,3346.5350,19219666176,225839071232.0000,0.006267,0.272600
2017-09-21,3364.6970,3357.8120,3377.8840,3356.8750,19744869632,231946125312.0000,0.006438,-0.243100
2017-09-22,3347.1560,3352.5290,3356.4510,3334.9840,17923400704,206583468032.0000,0.005843,-0.157300
2017-09-25,3344.5880,3341.5480,3350.9610,3334.9430,16962129408,202401689600.0000,0.005528,-0.327500
2017-09-26,3336.3490,3343.5820,3347.1620,3332.5980,13262859520,159039635456.0000,0.004320,0.060900
2017-09-27,3340.8210,3345.2710,3349.6940,3340.2980,14308694528,168981336064.0000,0.004659,0.050500
2017-09-28,3343.8440,3339.6420,3344.6000,3336.1780,14944430080,181955629056.0000,0.004866,-0.168300
2017-09-29,3340.3100,3348.9430,3357.0150,3340.3100,14486244352,175892824064.0000,0.004714,0.278500
2017-10-09,3403.2450,3374.3780,3410.1700,3366.9650,19173605632,227440594944.0000,0.006232,0.759500
2017-10-10,3373.3440,3382.9870,3384.0260,3358.7950,17942384128,231148613632.0000,0.005830,0.255100
2017-10-11,3381.4880,3388.2830,3395.7790,3379.1630,18147670528,231154507776.0000,0.005897,0.156500
2017-10-12,3385.5320,3386.1000,3390.2030,3372.5330,16180937984,201667862528.0000,0.005255,-0.064400
2017-10-13,3384.4880,3390.5230,3395.7480,3383.2390,13995476480,181118459904.0000,0.004545,0.130600
2017-10-16,3393.2050,3378.4700,3400.5110,3374.7680,17433061888,221650690048.0000,0.005660,-0.355500
2017-10-17,3373.2340,3372.0400,3382.4070,3365.5640,12538172416,162910826496.0000,0.004070,-0.190300
2017-10-18,3373.5280,3381.7930,3383.2320,3371.9240,15722879232,194298765312.0000,0.005104,0.289200
2017-10-19,3374.6440,3370.1720,3378.7350,3359.6280,15847649536,187921293312.0000,0.005144,-0.343600
2017-10-20,3363.5130,3378.6480,3379.7650,3360.1000,12717285120,155065094144.0000,0.004127,0.251500
2017-10-23,3382.2800,3380.6990,3385.2850,3374.7050,13084628992,164369440768.0000,0.004245,0.060700
2017-10-24,3376.5980,3388.2470,3388.6880,3374.1240,13989751040,178552877056.0000,0.004539,0.223300
2017-10-25,3384.8570,3396.8970,3398.3040,3382.0330,12313122304,160060698624.0000,0.003993,0.255300
2017-10-26,3397.5190,3407.5670,3414.2410,3391.4540,18376862464,238596128768.0000,0.005959,0.314100
2017-10-27,3404.4970,3416.8120,3421.1020,3402.1140,17025717248,212377186304.0000,0.005518,0.271300
2017-10-30,3413.8670,3390.3370,3419.7310,3357.2760,20834928640,257776652288.0000,0.006753,-0.774800
2017-10-31,3380.9990,3393.3410,3397.0980,3376.1230,15349820672,199929585664.0000,0.004975,0.088600
2017-11-01,3393.9670,3395.9120,3410.3510,3388.5970,18056612608,231978377216.0000,0.005852,0.075800
2017-11-02,3391.6520,3383.3090,3391.6520,3372.2130,16686426624,210014969856.0000,0.005408,-0.371100
2017-11-03,3377.7350,3371.7440,3380.5700,3347.3600,17271479040,207437946880.0000,0.005597,-0.341800
2017-11-06,3369.6850,3388.1740,3389.3820,3356.5330,15463646720,204311224320.0000,0.005010,0.487300
2017-11-07,3389.4720,3413.5740,3415.1480,3387.9450,19057174528,242595950592.0000,0.006173,0.749700
2017-11-08,3409.1470,3415.4600,3434.4910,3404.8810,18543646976,242025594880.0000,0.006006,0.055200
2017-11-09,3410.6720,3427.7940,3428.7700,3408.6180,15865042688,205433671680.0000,0.005139,0.361100
2017-11-10,3423.1840,3432.6730,3438.7920,3414.3280,18927650304,255772110848.0000,0.006130,0.142300
2017-11-13,3435.1830,3447.8350,3449.1630,3435.0840,20538905344,266738130944.0000,0.006652,0.441700
2017-11-14,3446.5450,3429.5480,3450.4940,3419.6910,19647267328,267435421696.0000,0.006363,-0.530400
2017-11-15,3416.2110,3402.5240,3423.7490,3396.3810,16879207680,239734190080.0000,0.005466,-0.788000
2017-11-16,3393.1930,3399.2500,3409.6530,3390.5880,15668433152,220862464000.0000,0.005069,-0.096200
2017-11-17,3392.6830,3382.9070,3403.2850,3373.2950,24945815296,313750355968.0000,0.008070,-0.480800
2017-11-20,3361.3560,3392.3980,3393.1060,3337.1160,17652468224,228308135936.0000,0.005710,0.280600
2017-11-21,3382.3590,3410.4970,3419.8020,3377.5980,19687180288,265303851008.0000,0.006367,0.533500
2017-11-22,3417.3310,3430.4640,3442.1770,3404.2860,21356709376,273674731520.0000,0.006907,0.585500
2017-11-23,3425.0090,3351.9180,3429.4230,3342.3320,21526539264,270469025792.0000,0.006962,-2.289700
2017-11-24,3340.3840,3353.8200,3360.7450,3328.3330,15956966400,207623884800.0000,0.005161,0.056700
2017-11-27,3346.6560,3322.2290,3347.0500,3315.2640,16643917056,205803397120.0000,0.005382,-0.941900
2017-11-28,3311.2320,3333.6570,3333.7990,3300.7800,13824780032,167062933504.0000,0.004470,0.344000
2017-11-29,3335.5670,3337.8620,3343.0620,3305.5720,18380593152,217769439232.0000,0.005942,0.126100
2017-11-30,3328.6420,3317.1880,3340.9200,3306.2830,15659585024,192076783616.0000,0.005062,-0.619400
2017-12-01,3315.1050,3317.6170,3324.5160,3302.4390,13919830016,177490259968.0000,0.004500,0.012900
2017-12-04,3310.3810,3309.6180,3323.9960,3304.1030,14805328896,185025359872.0000,0.004785,-0.241100
2017-12-05,3301.6900,3303.6750,3315.7370,3300.5110,20827886336,243489599488.0000,0.006731,-0.179600
2017-12-06,3291.3120,3293.9640,3296.2010,3254.6100,15160445184,179174379520.0000,0.004895,-0.293900
2017-12-07,3283.2790,3272.0540,3291.2810,3259.1630,13210589952,161764589568.0000,0.004266,-0.665200
2017-12-08,3264.4770,3289.9920,3297.1300,3258.7590,13320931328,165761650688.0000,0.004301,0.548200
2017-12-11,3290.4880,3322.1950,3322.6730,3288.2940,13196598528,172986433536.0000,0.004258,0.978800
2017-12-12,3320.3100,3280.8130,3320.3100,3280.3290,12460482816,160978616320.0000,0.004021,-1.245600
2017-12-13,3278.3960,3303.0370,3304.0100,3273.3240,11199864832,145295310848.0000,0.003614,0.677400
2017-12-14,3302.9320,3292.4380,3309.5290,3282.5730,12054423552,151346085888.0000,0.003889,-0.320900
2017-12-15,3287.5290,3266.1370,3287.5290,3259.3880,13094061824,161877917696.0000,0.004225,-0.798800
2017-12-18,3268.0330,3267.9220,3280.5430,3254.1770,12070038784,149738225664.0000,0.003894,0.054700
2017-12-19,3266.0190,3296.5380,3296.9390,3266.0190,11514013440,150786584576.0000,0.003713,0.875700
2017-12-20,3296.7400,3287.6050,3300.2120,3276.1200,13774511872,167961849856.0000,0.004442,-0.271000
2017-12-21,3281.1170,3300.0590,3309.2230,3267.4040,14212792832,173740097536.0000,0.004583,0.378800
2017-12-22,3297.6850,3297.0630,3307.3270,3293.4410,12404732672,152099442688.0000,0.004000,-0.090800
2017-12-25,3296.2100,3280.4610,3312.2990,3270.4400,14689363456,177293590528.0000,0.004737,-0.503500
2017-12-26,3277.8370,3306.1240,3307.2990,3274.3270,14243450112,174679265280.0000,0.004585,0.782300
2017-12-27,3302.4610,3275.7820,3307.0790,3270.3490,16267489024,198264676352.0000,0.005237,-0.917800
2017-12-28,3272.2910,3296.3840,3304.0960,3263.7280,17537167104,208019861504.0000,0.005645,0.628900
2017-12-29,3295.2460,3307.1720,3308.2240,3292.7690,14158683648,170356756480.0000,0.004553,0.327300
2018-01-02,3314.0300,3348.3250,3349.0530,3314.0300,20227886080,227788460032.0000,0.006482,1.244400
2018-01-03,3347.7420,3369.1080,3379.9150,3345.2880,21383614976,258366521344.0000,0.006850,0.620700
2018-01-04,3371.0000,3385.7100,3392.8260,3365.2950,20695528704,243090767872.0000,0.006629,0.492800
2018-01-05,3386.4640,3391.7500,3402.0690,3380.2450,21306068224,248187842560.0000,0.006824,0.178400
2018-01-08,3391.5520,3409.4790,3412.7300,3384.5590,23616510720,286213218304.0000,0.007556,0.522700
2018-01-09,3406.1110,3413.8990,3417.2270,3403.5860,19148855040,238249975808.0000,0.006126,0.129600
2018-01-10,3414.1120,3421.8340,3430.2130,3398.8420,20909499648,254515441664.0000,0.006689,0.232400
2018-01-11,3415.5850,3425.3440,3426.4820,3405.6390,17381213184,218414133248.0000,0.005561,0.102600
2018-01-12,3423.8790,3428.9400,3435.4230,3417.9800,17406340352,215961456640.0000,0.005569,0.105000
2018-01-15,3428.9500,3410.4880,3442.5000,3402.3120,23200928256,286362734592.0000,0.007422,-0.538100
2018-01-16,3403.4690,3436.5940,3437.5820,3401.9600,21147546880,266578817024.0000,0.006766,0.765500
2018-01-17,3438.5760,3444.6710,3465.2040,3430.5110,26104503040,316532678656.0000,0.008351,0.235000
2018-01-18,3449.8810,3474.7540,3476.5460,3448.7880,22003955456,267692642304.0000,0.007039,0.873300
2018-01-19,3481.6200,3487.8640,3498.4340,3474.2910,24753673216,294189072384.0000,0.007914,0.377300
2018-01-22,3476.9930,3501.3620,3503.3850,3475.6730,21748753408,261295714304.0000,0.006954,0.387000
2018-01-23,3504.3430,3546.5040,3547.2220,3504.3430,23870590464,282091888640.0000,0.007627,1.289300
2018-01-24,3553.4780,3559.4650,3569.4890,3527.1110,25295449600,307629215744.0000,0.008080,0.365500
2018-01-25,3555.1670,3548.3070,3571.4800,3528.0340,24341342208,287989534720.0000,0.007776,-0.313500
2018-01-26,3535.4930,3558.1280,3574.9040,3534.1950,22269829632,258149515264.0000,0.007114,0.276800
2018-01-29,3563.6400,3523.0000,3587.0320,3510.2680,23602696448,285417005056.0000,0.007538,-0.987300
2018-01-30,3511.5000,3488.0090,3523.0510,3484.6550,18636997632,224681693184.0000,0.005950,-0.993200
2018-01-31,3470.5080,3480.8330,3495.4530,3454.7250,20725340416,242657959936.0000,0.006616,-0.205700
2018-02-01,3478.6700,3446.9790,3495.0930,3424.4180,26050470656,292882255872.0000,0.008315,-0.972600
2018-02-02,3419.2240,3462.0800,3463.1630,3388.8590,20812055040,236278755328.0000,0.006643,0.438100
2018-02-05,3411.6690,3487.4970,3487.7210,3406.2400,21767375360,252198768640.0000,0.006948,0.734200
2018-02-06,3418.0100,3370.6520,3440.1240,3364.2160,28055547648,318818541568.0000,0.008955,-3.350400
2018-02-07,3412.7440,3309.2590,3425.5370,3304.0070,26093971456,295264428032.0000,0.008328,-1.821400
2018-02-08,3281.0450,3262.0500,3307.1620,3225.7110,20126249984,222348685312.0000,0.006424,-1.426600
2018-02-09,3172.8500,3129.8500,3180.1100,3062.7420,25638917632,272095088640.0000,0.008181,-4.052700
2018-02-12,3128.3700,3154.1250,3168.1250,3113.6050,15331083008,171003183104.0000,0.004890,0.775600
2018-02-13,3176.1060,3184.9580,3219.2160,3176.1060,15152759808,172045205504.0000,0.004833,0.977500
2018-02-14,3188.2470,3199.1580,3203.4960,3171.3830,10032282624,114552201216.0000,0.003193,0.445800
2018-02-22,3237.5690,3268.5580,3269.9150,3234.1150,13873044480,157303881728.0000,0.004408,2.169300
2018-02-23,3275.4290,3289.0240,3294.1330,3258.4870,14579036928,159502516224.0000,0.004632,0.626100
2018-02-26,3307.2950,3329.5730,3335.9850,3281.6150,18856860160,213333037056.0000,0.005991,1.232900
2018-02-27,3328.6710,3292.0670,3328.6710,3284.6290,17421936896,204394381312.0000,0.005530,-1.126500
2018-02-28,3264.0580,3259.4080,3277.8320,3239.8430,15104353536,180233814016.0000,0.004794,-0.992000
2018-03-01,3235.0880,3273.7540,3280.1490,3228.5840,15909831936,185277784064.0000,0.005049,0.440100
2018-03-02,3248.4460,3254.5280,3269.9370,3242.2660,15086106368,178602991616.0000,0.004788,-0.587300
2018-03-05,3255.8710,3256.9260,3269.3990,3236.7170,14483598848,174148636672.0000,0.004596,0.073700
2018-03-06,3266.4860,3289.6410,3290.2530,3243.6540,19535804672,224381788160.0000,0.006198,1.004500
2018-03-07,3288.8640,3271.6680,3308.4060,3264.7630,16866501888,193489334272.0000,0.005351,-0.546400
2018-03-08,3268.3460,3288.4050,3289.4970,3261.5520,14982752000,175895392256.0000,0.004753,0.511600
2018-03-09,3291.4250,3307.1650,3309.7150,3283.5590,16842450944,202349182976.0000,0.005343,0.570500
2018-03-12,3319.2080,3326.6990,3333.5610,3313.5550,20653243648,247894175744.0000,0.006552,0.590700
2018-03-13,3324.1210,3310.2380,3333.8750,3307.3760,17711435264,202375118848.0000,0.005617,-0.494800
2018-03-14,3298.6650,3291.3810,3304.9780,3287.3550,15749108480,183457632256.0000,0.004994,-0.569700
2018-03-15,3277.5140,3291.1120,3297.0980,3273.2000,14857360640,179516616704.0000,0.004711,-0.008200
2018-03-16,3290.2090,3269.8820,3300.5650,3269.2820,14120364800,167761534976.0000,0.004476,-0.645100
2018-03-19,3264.9280,3279.2510,3280.5670,3251.0470,13795497984,169772208128.0000,0.004376,0.286500
2018-03-20,3257.2180,3290.6390,3292.5740,3252.4330,13988108032,166979883008.0000,0.004437,0.347300
2018-03-21,3299.7310,3280.9520,3314.2090,3268.8770,16839827712,208617684992.0000,0.005340,-0.294400
2018-03-22,3281.2650,3263.4800,3288.7960,3242.7610,15043297792,184471728128.0000,0.004770,-0.532500
2018-03-23,3172.7720,3152.7600,3188.2350,3110.6630,27553201408,293405065216.0000,0.008736,-3.392700
2018-03-26,3117.3190,3133.7210,3134.2750,3091.4570,18636635136,215910260736.0000,0.005905,-0.603900
2018-03-27,3164.7970,3166.6480,3172.7770,3143.5690,18907338240,227085086720.0000,0.005988,1.050700
2018-03-28,3130.5710,3122.2890,3165.2120,3117.5330,16350048768,208617852928.0000,0.005177,-1.400800
2018-03-29,3127.2620,3160.5300,3174.5080,3098.2460,17031238400,210920222720.0000,0.005390,1.224800
2018-03-30,3161.7850,3168.8960,3177.7200,3152.8880,15464659712,196006699008.0000,0.004893,0.264700
2018-04-02,3169.7780,3163.1790,3192.3400,3159.9860,17772777728,226253565952.0000,0.005620,-0.180400
2018-04-03,3130.0130,3136.6330,3144.3320,3119.1320,15221667328,189692715008.0000,0.004814,-0.839200
2018-04-04,3147.0490,3131.1110,3163.3400,3128.8660,14697668096,193492824064.0000,0.004647,-0.176000
2018-04-09,3125.4410,3138.2930,3146.0920,3110.3020,13960862208,177236918272.0000,0.004414,0.229400
2018-04-10,3144.2560,3190.3210,3190.6490,3139.0800,16820135936,206087413760.0000,0.005317,1.657800
2018-04-11,3197.3710,3208.0810,3220.8450,3191.5860,17586719744,211420422144.0000,0.005559,0.556700
2018-04-12,3203.2780,3180.1580,3205.2520,3177.0490,14823131392,185040056320.0000,0.004681,-0.870400
2018-04-13,3192.0410,3159.0520,3197.8950,3155.5050,12755230976,163651751936.0000,0.004028,-0.663700
2018-04-16,3152.8880,3110.6480,3153.1060,3096.1000,15441569536,192233349120.0000,0.004877,-1.532200
2018-04-17,3112.9740,3066.7960,3118.7590,3064.0280,14722284544,185428029440.0000,0.004648,-1.409700
2018-04-18,3091.9090,3091.3980,3096.8890,3041.6250,15929050368,202238971904.0000,0.005028,0.802200
2018-04-19,3094.2730,3117.3760,3127.4380,3090.2860,16005680384,196198985728.0000,0.005052,0.840300
2018-04-20,3105.4610,3071.5420,3111.1700,3065.9210,15514708992,185139068928.0000,0.004893,-1.470300
2018-04-23,3063.4420,3068.0120,3085.0570,3045.9360,13168634112,157854793728.0000,0.004153,-0.114900
2018-04-24,3069.7450,3128.9270,3136.0390,3069.7450,16227480576,195545006080.0000,0.005116,1.985500
2018-04-25,3112.3970,3117.9730,3122.9080,3107.0000,12731105280,161298141184.0000,0.004012,-0.350100
2018-04-26,3119.4960,3075.0300,3121.9330,3067.9280,13397273600,163783774208.0000,0.004222,-1.377300
2018-04-27,3082.4140,3082.2310,3088.0340,3049.9130,13122564352,179520262144.0000,0.004134,0.234200
2018-05-02,3087.4080,3081.1770,3097.6030,3064.7630,13418456576,168246153216.0000,0.004227,-0.034200
2018-05-03,3074.5160,3100.8580,3105.6590,3056.1570,13998562048,173444960256.0000,0.004404,0.638700
2018-05-04,3093.1160,3091.0330,3104.0920,3086.7840,11871126528,148436365312.0000,0.003734,-0.316800
2018-05-07,3094.8980,3136.6440,3136.8360,3091.6570,13894818560,178243870720.0000,0.004370,1.475600
2018-05-08,3135.2950,3161.4970,3169.7010,3134.0620,14692706048,189011648512.0000,0.004621,0.792300
2018-05-09,3160.1380,3159.1500,3165.3730,3145.6570,12263726848,153456427008.0000,0.003856,-0.074200
2018-05-10,3169.0490,3174.4120,3176.1370,3155.5330,13300075520,165440364544.0000,0.004181,0.483100
2018-05-11,3179.7960,3163.2630,3180.7560,3162.2120,13065974784,167364288512.0000,0.004107,-0.351200
2018-05-14,3167.0410,3174.0320,3183.8150,3163.4760,12932735232,172410691584.0000,0.004065,0.340400
2018-05-15,3180.4240,3192.1180,3192.8060,3164.5180,12454905088,162990788608.0000,0.003914,0.569800
2018-05-16,3180.2250,3169.5650,3191.9480,3166.8110,13052496896,174590980096.0000,0.004100,-0.706500
2018-05-17,3170.0060,3154.2820,3172.7660,3148.6210,11399556608,150598840320.0000,0.003579,-0.482200
2018-05-18,3151.0810,3193.3030,3193.4530,3144.7760,13651691776,168038055936.0000,0.004283,1.237100
2018-05-21,3206.1750,3213.8400,3219.7390,3203.3360,16445941248,202663464960.0000,0.005158,0.643100
2018-05-22,3211.2470,3214.3490,3214.5880,3192.2270,14429268480,185721667584.0000,0.004525,0.015800
2018-05-23,3205.4370,3168.9640,3205.4370,3168.9640,15780764928,199358099456.0000,0.004948,-1.412000
2018-05-24,3167.9390,3154.6500,3173.5300,3152.0690,12408580096,160658186240.0000,0.003889,-0.451700
2018-05-25,3148.4100,3141.3030,3156.7260,3131.0670,12861084416,166554050560.0000,0.004031,-0.423100
2018-05-28,3136.8090,3135.0820,3149.6640,3115.9580,12875591936,168191258624.0000,0.004034,-0.198000
2018-05-29,3129.6210,3120.4600,3143.2070,3112.1530,13571780096,177826107392.0000,0.004234,-0.466400
2018-05-30,3081.1410,3041.4430,3085.3970,3041.0000,15511512576,191995195392.0000,0.004844,-2.532200
2018-05-31,3061.8290,3095.4730,3098.0760,3054.2680,14047553280,185199038464.0000,0.004384,1.776500
2018-06-01,3084.7530,3075.1370,3102.0880,3059.7850,12987219968,166548881408.0000,0.004047,-0.657000
2018-06-04,3083.4260,3091.1900,3098.4020,3076.9930,11459390208,154671611904.0000,0.003570,0.522000
2018-06-05,3088.0070,3114.2050,3114.7680,3080.0450,11873559296,164806307840.0000,0.003705,0.744500
2018-06-06,3109.1740,3115.1800,3117.5250,3103.5320,12019613440,162879954944.0000,0.003749,0.031300
2018-06-07,3121.1840,3109.4980,3128.7150,3105.5770,12778497024,167174303744.0000,0.003982,-0.182400
2018-06-08,3100.6030,3067.1470,3100.6840,3053.2870,13468822016,161178783744.0000,0.004196,-1.362000
2018-06-11,3057.3390,3052.7830,3063.6100,3037.9130,10856378624,143037325312.0000,0.003382,-0.468300
2018-06-12,3053.0270,3079.8010,3081.4470,3034.1010,11327509504,154469093376.0000,0.003529,0.885000
2018-06-13,3071.4630,3049.7960,3071.4630,3044.1190,11960788736,155935264768.0000,0.003710,-0.974300
2018-06-14,3038.0700,3044.1590,3066.0460,3032.4060,11546948608,147588825088.0000,0.003580,-0.184800
2018-06-15,3037.4520,3021.9000,3048.7960,3008.7320,14453257216,162196017152.0000,0.004480,-0.731200
2018-06-19,2982.6500,2907.8220,2984.9700,2871.3540,23055006720,241203642368.0000,0.007146,-3.775000
2018-06-20,2889.9840,2915.7310,2925.5610,2872.1620,14430141952,153334280192.0000,0.004464,0.272000
2018-06-21,2912.0030,2875.8090,2940.5860,2872.6180,15437833216,159713161216.0000,0.004775,-1.369200
2018-06-22,2855.5840,2889.7600,2891.9680,2837.1440,12614312960,127161475072.0000,0.003902,0.485100
2018-06-25,2903.4490,2859.3360,2908.6240,2857.8700,12191768832,132350472192.0000,0.003768,-1.052800
2018-06-26,2829.9940,2844.5080,2850.2400,2803.7850,12591846912,138447245312.0000,0.003890,-0.518600
2018-06-27,2842.3950,2813.1770,2854.2570,2798.7990,12942083328,142413496320.0000,0.003993,-1.101500
2018-06-28,2799.9030,2786.8960,2825.9870,2782.4460,11835790592,129687433216.0000,0.003652,-0.934200
2018-06-29,2789.8110,2847.4180,2848.3720,2782.3810,12567168512,135652376576.0000,0.003876,2.171700
2018-07-02,2841.5790,2775.5570,2845.6800,2756.8150,13703503360,147562758144.0000,0.004211,-2.523700
2018-07-03,2774.5700,2786.8870,2786.8870,2722.4480,14249846528,161668030464.0000,0.004362,0.408200
2018-07-04,2776.6320,2759.1260,2793.1790,2754.1550,12326217984,131016163328.0000,0.003770,-0.996100
2018-07-05,2755.3390,2733.8810,2777.5220,2727.9390,12922611200,132993667072.0000,0.003953,-0.915000
2018-07-06,2731.3530,2747.2280,2768.8730,2691.0200,13629437952,148193038336.0000,0.004161,0.488200
2018-07-09,2752.4460,2815.1090,2815.7900,2752.4460,12154930944,135654526976.0000,0.003711,2.470900
2018-07-10,2819.7120,2827.6250,2828.4920,2800.6250,11706274816,132633112576.0000,0.003573,0.444600
2018-07-11,2780.7040,2777.7710,2794.3590,2752.4350,12682114816,138318176256.0000,0.003870,-1.763100
2018-07-12,2771.0400,2837.6580,2844.1930,2771.0400,14698020096,170319085568.0000,0.004485,2.155900
2018-07-13,2831.4280,2831.1830,2835.4620,2818.8480,11768934912,146300878848.0000,0.003591,-0.228200
2018-07-16,2827.0820,2814.0410,2837.5090,2804.4920,10776715008,129411190784.0000,0.003288,-0.605500
2018-07-17,2806.8850,2798.1250,2806.9190,2774.7620,10540922112,124035198976.0000,0.003215,-0.565600
2018-07-18,2801.7770,2787.2570,2818.3950,2786.0400,12096116480,138557149184.0000,0.003688,-0.388400
2018-07-19,2791.0150,2772.5450,2805.0100,2764.4850,11448649216,129374568448.0000,0.003490,-0.527800
2018-07-20,2769.7530,2829.2710,2837.8620,2753.8390,14590768896,155661123584.0000,0.004447,2.046000
2018-07-23,2815.2000,2859.5420,2863.5710,2809.6160,17338279680,186996846592.0000,0.005284,1.069900
2018-07-24,2862.2670,2905.5610,2911.4640,2862.2670,22957830656,228701876224.0000,0.006996,1.609300
2018-07-25,2911.4520,2903.6460,2912.3130,2894.0390,16780020736,166412079104.0000,0.005106,-0.065900
2018-07-26,2905.7940,2882.2250,2915.2970,2875.7000,16842820096,157496680448.0000,0.005125,-0.737700
2018-07-27,2879.6900,2873.5930,2889.6930,2864.1090,14637160960,132419371008.0000,0.004454,-0.299500
2018-07-30,2871.9390,2869.0490,2896.0100,2850.2960,15165224960,145988587520.0000,0.004615,-0.158100
2018-07-31,2866.8980,2876.4000,2884.6790,2854.3190,11893111808,119528767488.0000,0.003618,0.256200
2018-08-01,2882.5060,2824.5330,2897.3990,2823.9290,14951434752,151692873728.0000,0.004549,-1.803200
2018-08-02,2815.3430,2768.0230,2815.3430,2726.4820,17417900288,169769316352.0000,0.005299,-2.000700
2018-08-03,2763.3950,2740.4420,2777.6570,2740.4310,12700636416,129134686208.0000,0.003864,-0.996400
2018-08-06,2736.5250,2705.1560,2760.4740,2692.3210,12975305728,132993798144.0000,0.003947,-1.287600
2018-08-07,2711.7360,2779.3740,2779.3740,2696.0390,14957974272,147259486208.0000,0.004550,2.743600
2018-08-08,2771.1280,2744.0690,2779.9120,2741.0670,14768871424,139969761280.0000,0.004491,-1.270200
2018-08-09,2729.5780,2794.3810,2801.6590,2726.2150,15166033408,151079878656.0000,0.004612,1.833500
2018-08-10,2791.4010,2795.3090,2806.1140,2777.5060,12153223168,123112595456.0000,0.003696,0.033200
2018-08-13,2769.0160,2785.8720,2789.7980,2742.5590,12753224192,129460539392.0000,0.003878,-0.337600
2018-08-14,2780.7350,2780.9640,2789.4430,2766.5690,10957107712,112465395712.0000,0.003330,-0.176200
2018-08-15,2777.2490,2723.2570,2777.7030,2721.2400,11616178688,118707675136.0000,0.003529,-2.075100
2018-08-16,2691.4260,2705.1910,2732.9480,2672.7400,12027787776,117580996608.0000,0.003654,-0.663400
2018-08-17,2723.8870,2668.9660,2730.3320,2665.5910,11244529408,115499397120.0000,0.003415,-1.339100
2018-08-20,2673.0660,2698.4650,2698.4650,2653.1110,11078416384,114047614976.0000,0.003365,1.105300
2018-08-21,2700.3410,2733.8260,2739.1730,2696.2920,11358683904,122260217856.0000,0.003448,1.310400
2018-08-22,2731.9570,2714.6080,2731.9570,2709.0610,9366464000,98463969280.0000,0.002843,-0.703000
2018-08-23,2714.8670,2724.6240,2736.0100,2700.8040,9844646912,107826016256.0000,0.002988,0.369000
2018-08-24,2717.0810,2729.4300,2748.8240,2705.3230,10051627008,102665801728.0000,0.003051,0.176400
2018-08-27,2736.3180,2780.8990,2780.8990,2736.3180,13276257792,141429678080.0000,0.004030,1.885700
2018-08-28,2782.2920,2777.9800,2791.3890,2769.4010,11874936832,125118578688.0000,0.003604,-0.105000
2018-08-29,2774.8640,2769.2940,2778.5390,2762.3500,10015692800,101220663296.0000,0.003040,-0.312700
2018-08-30,2769.3320,2737.7360,2780.5270,2736.3460,10606094336,106400403456.0000,0.003219,-1.139600
2018-08-31,2730.1130,2725.2490,2744.6310,2710.5360,10975874304,114813353984.0000,0.003331,-0.456100
2018-09-03,2716.4030,2720.7340,2722.8520,2692.3640,10221300992,104817688576.0000,0.003102,-0.165700
2018-09-04,2720.6470,2750.5800,2756.6070,2712.3760,10901030656,113708888064.0000,0.003307,1.097000
2018-09-05,2741.3800,2704.3360,2745.4670,2704.3360,10500226816,107269447680.0000,0.003185,-1.681300
2018-09-06,2697.5770,2691.5920,2719.4050,2683.7440,9901783296,106266079232.0000,0.003003,-0.471200
2018-09-07,2696.6770,2702.3000,2728.5460,2683.7190,10752329216,113840070656.0000,0.003261,0.397800
2018-09-10,2698.0100,2669.4840,2703.4280,2667.3160,10355917056,102860718080.0000,0.003141,-1.214400
2018-09-11,2668.4870,2664.7990,2680.5720,2652.7040,9986594560,96884580352.0000,0.003028,-0.175500
2018-09-12,2659.7440,2656.1100,2672.0730,2647.1700,9002675712,93448204288.0000,0.002729,-0.326100
2018-09-13,2679.2070,2686.5780,2689.0620,2653.1890,10733501440,112464142336.0000,0.003253,1.147100
2018-09-14,2688.7780,2681.6430,2694.9200,2675.2890,10000500736,104992358400.0000,0.003031,-0.183700
2018-09-17,2671.2900,2651.7880,2671.2900,2647.9150,8823888896,86962597888.0000,0.002674,-1.113300
2018-09-18,2644.2960,2699.9500,2700.1930,2644.2960,11576799232,113031888896.0000,0.003508,1.816200
2018-09-19,2694.7990,2730.8500,2746.0790,2690.9940,14155031808,140107010048.0000,0.004289,1.144500
2018-09-20,2732.1690,2729.2430,2743.9640,2724.0830,11138746368,104875868160.0000,0.003375,-0.058900
2018-09-21,2733.8740,2797.4840,2797.4850,2722.0310,15801664256,148976357376.0000,0.004788,2.500400
2018-09-25,2775.0660,2781.1380,2790.0320,2771.1590,11198317824,108528046080.0000,0.003393,-0.584300
2018-09-26,2785.3160,2806.8130,2827.3410,2783.3410,13956770560,145058770944.0000,0.004228,0.923200
2018-09-27,2805.7930,2791.7740,2810.5060,2786.3210,12399769600,123447709696.0000,0.003756,-0.535800
2018-09-28,2794.2640,2821.3500,2821.7550,2791.8360,13429045504,125369991168.0000,0.004067,1.059400
2018-10-08,2768.2070,2716.5100,2771.9380,2710.1780,14950138880,141531553792.0000,0.004527,-3.716000
2018-10-09,2713.7310,2721.0130,2734.3140,2711.1970,11677189888,110292459520.0000,0.003536,0.165800
2018-10-10,2723.7240,2725.8360,2743.5480,2703.0620,11348573696,111312453632.0000,0.003437,0.177300
2018-10-11,2643.0740,2583.4570,2661.2850,2560.3160,19715070208,170057760768.0000,0.005970,-5.223300
2018-10-12,2574.0410,2606.9120,2615.9160,2536.6650,17008163584,142803210240.0000,0.005150,0.907900
2018-10-15,2605.9120,2568.0980,2611.9680,2564.7370,11857619712,105214738432.0000,0.003590,-1.488900
2018-10-16,2567.7640,2546.3290,2597.7150,2536.4410,11941914368,106792247296.0000,0.003615,-0.847700
2018-10-17,2574.3120,2561.6140,2582.5480,2517.5720,12995399680,117388357632.0000,0.003934,0.600300
2018-10-18,2544.9110,2486.4180,2544.9110,2485.6190,12542851328,106576760832.0000,0.003796,-2.935500
2018-10-19,2460.0800,2550.4650,2553.3860,2449.1970,14732355840,130095923200.0000,0.004459,2.575900
2018-10-22,2565.6440,2654.8760,2675.4060,2565.6440,21188844800,197309812736.0000,0.006413,4.093800
2018-10-23,2652.6470,2594.8250,2659.8120,2583.2600,17834354432,166919413760.0000,0.005397,-2.261900
2018-10-24,2579.9710,2603.2950,2640.4010,2577.7720,16006040832,142082166784.0000,0.004844,0.326400
2018-10-25,2540.9340,2603.7990,2606.1000,2531.5340,16203297792,137630179328.0000,0.004901,0.019400
2018-10-26,2610.8980,2598.8460,2626.1160,2580.8450,15893612032,133415493632.0000,0.004807,-0.190200
2018-10-29,2593.5900,2542.1030,2595.5360,2529.1880,13424192256,122500038656.0000,0.004059,-2.183400
2018-10-30,2538.5730,2568.0480,2586.9180,2521.7830,16668230912,152385933312.0000,0.005032,1.020600
2018-10-31,2573.0140,2602.7830,2612.9220,2567.0270,18055034880,154894737408.0000,0.005451,1.352600
2018-11-01,2617.0320,2606.2370,2636.7990,2603.6510,20090393088,180253806592.0000,0.006065,0.132700
2018-11-02,2649.2510,2676.4760,2676.4760,2628.8690,22502692096,207861567488.0000,0.006789,2.695000
2018-11-05,2665.4270,2665.4300,2673.1870,2639.2700,19376009984,168588914688.0000,0.005844,-0.412700
2018-11-06,2660.7190,2659.3560,2660.8620,2635.3200,16366947840,138800934912.0000,0.004937,-0.227900
2018-11-07,2659.8440,2641.3420,2675.6770,2639.2460,17320198656,147261808640.0000,0.005222,-0.677400
2018-11-08,2660.0870,2635.6320,2662.3680,2632.3010,15963548672,128668815360.0000,0.004812,-0.216200
2018-11-09,2621.2380,2598.8710,2621.2380,2598.1600,15244630784,121260494848.0000,0.004596,-1.394800
2018-11-12,2593.2000,2630.5190,2631.1690,2590.2100,17503130880,142351429632.0000,0.005276,1.217800
2018-11-13,2600.5000,2654.8790,2666.4850,2597.3470,24928244736,189607223296.0000,0.007513,0.926000
2018-11-14,2648.3090,2632.2420,2658.3070,2627.9560,23844935168,176970432512.0000,0.007186,-0.852700
2018-11-15,2632.1370,2668.1700,2668.1700,2631.8870,20784872192,171882491904.0000,0.006264,1.364900
2018-11-16,2669.7790,2679.1090,2695.5680,2657.0340,24219884800,204983603200.0000,0.007299,0.410000
2018-11-19,2681.8980,2703.5110,2703.5110,2674.1780,23166282752,196562706432.0000,0.006981,0.910800
2018-11-20,2684.2870,2645.8540,2690.8290,2643.3580,21589131008,180870410240.0000,0.006504,-2.132700
2018-11-21,2619.8210,2651.5050,2653.7960,2617.7750,18259644672,149375782912.0000,0.005500,0.213600
2018-11-22,2655.8960,2645.4330,2658.0010,2634.4820,14930906368,125570174976.0000,0.004498,-0.229000
2018-11-23,2640.6670,2579.4830,2642.0350,2577.3510,19147454976,149975642112.0000,0.005767,-2.493000
2018-11-26,2580.8420,2575.8100,2594.9960,2568.0350,13431453952,108158091264.0000,0.004045,-0.142400
2018-11-27,2585.8260,2574.6790,2592.5350,2566.1660,12365843712,102226563072.0000,0.003724,-0.043900
2018-11-28,2575.4540,2601.7360,2601.9620,2561.5610,14596347392,119578492928.0000,0.004396,1.050900
2018-11-29,2613.7800,2567.4430,2617.5470,2567.4430,15716873728,129472446464.0000,0.004733,-1.318100
2018-11-30,2564.5640,2588.1870,2590.2100,2555.3220,13932902144,112219828224.0000,0.004195,0.808000
2018-12-03,2647.1310,2654.7980,2665.2980,2629.1840,20747895552,187831787520.0000,0.006246,2.573700
2018-12-04,2651.5610,2665.9570,2666.0780,2644.8960,16794055936,144143400960.0000,0.005053,0.420400
2018-12-05,2629.8320,2649.8050,2660.3880,2625.9130,15450205696,133730209792.0000,0.004648,-0.605900
2018-12-06,2629.8190,2605.1810,2633.6770,2603.1320,14166164992,129092980736.0000,0.004260,-1.684000
2018-12-07,2609.3400,2605.8870,2614.5810,2599.2770,10907499264,97727664128.0000,0.003280,0.027100
2018-12-10,2589.1940,2584.5820,2599.7610,2576.2420,11319966976,99148144640.0000,0.003404,-0.817600
2018-12-11,2587.0140,2594.0880,2596.1460,2583.1950,10130436352,85404123136.0000,0.003042,0.367800
2018-12-12,2608.1140,2602.1520,2610.0080,2595.0750,10351830016,88998195200.0000,0.003108,0.310900
2018-12-13,2607.1440,2634.0490,2645.8360,2599.4580,15073811456,132396105728.0000,0.004526,1.225800
2018-12-14,2627.2830,2593.7400,2629.1640,2593.7400,14594248704,123724984320.0000,0.004381,-1.530300
2018-12-17,2587.2630,2597.9730,2598.9670,2573.8670,11736325120,102960848896.0000,0.003522,0.163200
2018-12-18,2583.6340,2576.6490,2599.1470,2563.5730,11703336960,99306536960.0000,0.003504,-0.820800
2018-12-19,2578.6750,2549.5630,2579.8740,2547.0780,10766179584,93713174528.0000,0.003222,-1.051200
2018-12-20,2544.5050,2536.2670,2554.8580,2516.0190,12056649728,103504982016.0000,0.003609,-0.521500
2018-12-21,2526.5530,2516.2500,2527.4210,2498.6930,11567120128,101360623616.0000,0.003462,-0.789200
2018-12-24,2506.7370,2527.0070,2529.4390,2500.4430,9733985280,85760933888.0000,0.002913,0.427500
2018-12-25,2503.9490,2504.8190,2513.9640,2462.8440,14067056128,114766008320.0000,0.004210,-0.878000
2018-12-26,2501.1190,2498.2930,2513.8260,2492.0750,10879962880,93989531648.0000,0.325555,-0.260500
2018-12-27,2527.7160,2483.0860,2532.0020,2483.0860,13540684288,112479760384.0000,0.405127,-0.608700
2018-12-28,2483.6170,2493.8960,2505.1130,2478.3250,11924525056,105980854272.0000,0.356663,0.435300
2019-01-02,2497.8800,2465.2910,2500.2780,2456.4230,10993201408,97592573952.0000,0.328717,-1.147000
2019-01-03,2461.7820,2464.3620,2488.4790,2455.9250,12439749632,106922790912.0000,0.371963,-0.037700
2019-01-04,2446.0190,2514.8680,2515.3160,2440.9060,16887766784,139298676736.0000,0.504935,2.049400
2019-01-07,2528.6980,2533.0880,2536.9770,2515.5080,17730501120,145513242624.0000,0.530082,0.724500
2019-01-08,2530.3000,2526.4620,2531.3450,2520.1640,15809918208,123379040256.0000,0.472663,-0.261600
2019-01-09,2536.4170,2544.3440,2574.4070,2536.1570,19188793088,160812527616.0000,0.573680,0.707800
2019-01-10,2543.8530,2535.0980,2551.8250,2531.6630,15987432704,132692332544.0000,0.477903,-0.363400
2019-01-11,2539.5480,2553.8310,2554.7860,2533.3580,14944410112,122375663616.0000,0.446693,0.739000
2019-01-14,2553.3280,2535.7650,2556.2930,2533.0100,14482546432,116243415040.0000,0.432811,-0.707400
2019-01-15,2537.3690,2570.3440,2571.5010,2532.4330,16026553088,137374982144.0000,0.478956,1.363700
2019-01-16,2569.0690,2570.4220,2574.2360,2563.0060,14930153984,126876315648.0000,0.446119,0.003000
2019-01-17,2573.5750,2559.6370,2582.5560,2557.7110,16246813440,127546126336.0000,0.485445,-0.419600
2019-01-18,2567.7380,2596.0050,2598.8830,2565.9040,19076723712,151270432768.0000,0.569924,1.420800
2019-01-21,2599.0570,2610.5090,2618.9800,2599.0570,16342511616,139915485184.0000,0.488057,0.558700
2019-01-22,2609.6420,2579.7040,2609.6420,2573.0610,15253777408,122995437568.0000,0.455629,-1.180000
2019-01-23,2575.2580,2581.0040,2589.5120,2572.4050,13142679808,105101324288.0000,0.392285,0.050400
2019-01-24,2584.6480,2591.6930,2597.2890,2569.7000,15404204544,131575042048.0000,0.459787,0.414100
2019-01-25,2596.2610,2601.7230,2617.0020,2595.6290,15939402496,135415169024.0000,0.475734,0.387000
2019-01-28,2615.7110,2596.9760,2630.3180,2591.1000,14698176512,127465635840.0000,0.438618,-0.182400
2019-01-29,2592.3540,2594.2530,2601.7350,2559.9820,15558111232,126749048832.0000,0.464280,-0.104900
2019-01-30,2584.7450,2575.5750,2598.8150,2575.4090,12050257152,101103927296.0000,0.359597,-0.720000
2019-01-31,2581.3310,2584.5720,2606.6280,2571.5780,15430386944,126013247488.0000,0.460461,0.349300
2019-02-01,2597.7770,2618.2320,2618.4760,2590.5540,13198684928,111522627584.0000,0.393684,1.302300
2019-02-11,2613.1740,2653.8960,2654.0960,2613.1740,15489885696,137307189248.0000,0.461971,1.362100
2019-02-12,2654.0340,2671.8930,2674.4770,2648.8290,18410117888,156741541888.0000,0.548622,0.678100
2019-02-13,2674.5190,2721.0680,2727.0750,2666.5220,24379400960,207125315584.0000,0.726602,1.840500
2019-02-14,2715.5350,2719.6990,2729.4550,2707.4860,19703734784,170330836992.0000,0.587201,-0.050300
2019-02-15,2712.7860,2682.3850,2715.6320,2679.7840,19600426496,169823260672.0000,0.584028,-1.372000
2019-02-18,2699.8170,2754.3560,2754.3560,2699.8170,26043600640,224184078336.0000,0.776072,2.683100
2019-02-19,2759.4960,2755.6450,2780.7830,2737.5860,28804627200,247121051648.0000,0.858027,0.046800
2019-02-20,2761.0580,2761.2180,2767.4100,2739.9780,24597252608,205446930432.0000,0.732701,0.202200
2019-02-21,2759.9380,2751.8010,2794.0130,2744.9760,29864996864,253033377792.0000,0.889564,-0.341000
2019-02-22,2749.4610,2804.2260,2804.2260,2736.3320,30148141056,264518881280.0000,0.897998,1.905100
2019-02-25,2838.3890,2961.2830,2961.7950,2838.3890,52865859072,465991434240.0000,1.575099,5.600700
2019-02-26,2969.0970,2941.5160,2995.6760,2938.6220,56555796736,492396544000.0000,1.684520,-0.667500
2019-02-27,2939.9280,2953.8240,2997.4880,2924.6430,47497645312,411837620224.0000,1.414615,0.418400
2019-02-28,2950.0540,2940.9530,2965.3030,2930.1950,35020660224,298763952128.0000,1.042978,-0.435700
2019-03-01,2954.4020,2994.0050,2994.0050,2930.8340,34578619904,307337666560.0000,1.029813,1.803900
2019-03-04,3015.9420,3027.5750,3090.7950,3006.9410,52564943616,480603656192.0000,1.565126,1.121200
2019-03-05,3019.8790,3054.2460,3054.9610,3009.4470,42414252800,382768537600.0000,1.262515,0.880900
2019-03-06,3060.4320,3102.0990,3103.8250,3050.1110,55500636416,485478322176.0000,1.652048,1.566800
2019-03-07,3103.6670,3106.4170,3129.9390,3074.9780,58381706496,525725224960.0000,1.737693,0.139200
2019-03-08,3038.3360,2969.8610,3075.0460,2969.5810,57785547264,525598244864.0000,1.719852,-4.395900
2019-03-11,2969.0800,3026.9920,3028.2540,2963.5830,42621302784,404368420864.0000,1.268795,1.923700
2019-03-12,3049.0840,3060.3070,3093.3910,3029.8990,51117315840,487066632192.0000,1.521123,1.100600
2019-03-13,3062.3260,3026.9510,3065.2880,3013.9310,45321462528,451247304704.0000,1.348614,-1.090000
2019-03-14,3013.5970,2990.6850,3041.1550,2968.8230,37314179840,356240351232.0000,1.110345,-1.198100
2019-03-15,3000.8780,3021.7510,3048.1210,2999.4310,34120613888,344721502208.0000,1.015262,1.038800
2019-03-18,3027.8010,3096.4170,3096.4170,3009.5070,39779717888,398469603328.0000,1.183274,2.471000
2019-03-19,3099.8970,3090.9750,3113.4320,3076.3620,35090885888,353216790528.0000,1.043802,-0.175700
2019-03-20,3084.1700,3090.6400,3102.5200,3053.4510,35855750400,349295407104.0000,1.066401,-0.010800
2019-03-21,3094.1240,3101.4550,3125.0190,3086.8500,41425118208,403939835904.0000,1.231973,0.349900
2019-03-22,3100.7260,3104.1480,3107.2750,3064.8840,36484834560,356678336512.0000,1.084959,0.086800
2019-03-25,3058.8010,3043.0310,3086.9960,3041.9500,38027876096,375375663104.0000,1.131081,-1.968900
2019-03-26,3057.5590,2997.0950,3062.6890,2988.4900,35349801984,341444825088.0000,1.050606,-1.509500
2019-03-27,3012.2570,3022.7190,3022.7620,2987.7710,29139035648,295075954688.0000,0.865973,0.855000
2019-03-28,3009.7980,2994.9430,3025.7780,2991.7780,28810642432,289554567168.0000,0.856216,-0.918900
2019-03-29,3000.6780,3090.7580,3093.0320,2999.9860,37508299008,386699608064.0000,1.114440,3.199200
2019-04-01,3111.6610,3170.3610,3176.6220,3111.6610,46612469248,480085938176.0000,1.384564,2.575500
2019-04-02,3183.2730,3176.8220,3193.2710,3164.9060,44706898176,462662082560.0000,1.327937,0.203800
2019-04-03,3159.1460,3216.2950,3219.2560,3152.3310,43054863616,442622042112.0000,1.278866,1.242500
2019-04-04,3233.6880,3246.5710,3254.1400,3216.8540,46911766784,475156381696.0000,1.393427,0.941300
2019-04-08,3271.2720,3244.8100,3288.4530,3210.5150,50451840256,506431238144.0000,1.498140,-0.054200
2019-04-09,3240.3930,3239.6630,3251.6450,3215.7040,36416999680,380272975872.0000,1.081637,-0.158600
2019-04-10,3224.6450,3241.9290,3264.7770,3204.8780,38013440768,395669975040.0000,1.129050,0.069900
2019-04-11,3241.5470,3189.9610,3254.1250,3185.5460,35303187968,360684556288.0000,1.048497,-1.603000
2019-04-12,3184.8590,3188.6250,3199.2780,3168.0420,28978899712,288908972032.0000,0.860537,-0.041900
2019-04-15,3233.4580,3177.7860,3253.9760,3177.2690,34880978432,355666128896.0000,1.035373,-0.339900
2019-04-16,3164.3960,3253.5970,3253.5970,3153.2060,35791875328,360166633472.0000,1.061419,2.385700
2019-04-17,3250.1510,3263.1170,3275.3330,3239.8040,35754179584,354509889536.0000,1.060286,0.292600
2019-04-18,3261.0740,3250.2010,3271.3870,3241.8250,32553994240,323508178944.0000,0.964558,-0.395800
2019-04-19,3250.1450,3270.7970,3274.3340,3226.8120,31519800320,315131920384.0000,0.933748,0.633700
2019-04-22,3278.4900,3215.0420,3279.4890,3206.8780,35321738752,359154298880.0000,1.046125,-1.704600
2019-04-23,3211.8710,3198.5930,3231.5810,3186.7560,32836120832,324870184960.0000,0.972384,-0.511600
2019-04-24,3203.5580,3201.6130,3210.6500,3156.6070,27487216384,278410854400.0000,0.812234,0.094400
2019-04-25,3190.5850,3123.8260,3193.7490,3123.0250,32587912960,309076082688.0000,0.962964,-2.429600
2019-04-26,3108.1630,3086.3980,3129.2130,3085.8040,28087385344,274776403968.0000,0.829442,-1.198100
2019-04-29,3090.6330,3062.4980,3107.7600,3050.0260,29211488512,289063280640.0000,0.862418,-0.774400
2019-04-30,3052.6220,3078.3380,3088.4070,3052.6220,22230251776,225498128384.0000,0.656432,0.517200
2019-05-06,2984.7270,2906.4640,2986.5390,2876.4680,32697227008,314336518144.0000,0.965149,-5.583300
2019-05-07,2914.2910,2926.3900,2937.2830,2889.0730,25328176896,245444214784.0000,0.747574,0.685600
2019-05-08,2873.1430,2893.7560,2929.4300,2866.7040,23153051904,218892619776.0000,0.683252,-1.115200
2019-05-09,2871.1960,2850.9530,2888.8590,2845.0370,20004113408,197446881280.0000,0.590205,-1.479200
2019-05-10,2878.2340,2939.2100,2941.4530,2838.3840,28230680832,274176262144.0000,0.832715,3.095700
2019-05-13,2905.0670,2903.7130,2921.4100,2892.1740,21202988288,202624126976.0000,0.625271,-1.207700
2019-05-14,2872.8330,2883.6100,2909.2040,2872.8330,20834535424,201223315456.0000,0.614406,-0.692300
2019-05-15,2902.6420,2938.6780,2945.3940,2902.6420,23051970048,226262786048.0000,0.679754,1.909700
2019-05-16,2933.4950,2955.7110,2956.1710,2929.0640,24838569984,226203070464.0000,0.732394,0.579600
2019-05-17,2955.7660,2882.2960,2956.7830,2873.7990,26630164224,247875178496.0000,0.785154,-2.483800
2019-05-20,2874.8010,2870.6040,2882.6290,2838.4530,20947244288,199210774528.0000,0.617197,-0.405600
2019-05-21,2867.7060,2905.9680,2919.2370,2862.4950,21138702336,202777776128.0000,0.622787,1.231900
2019-05-22,2905.5240,2891.7040,2912.3950,2879.6430,20002690560,193629368320.0000,0.589291,-0.490800
2019-05-23,2880.8420,2852.5150,2885.1380,2846.9560,19734030848,192869486592.0000,0.581331,-1.355200
2019-05-24,2847.8350,2852.9940,2871.8550,2846.0210,16720549120,162689314816.0000,0.492521,0.016800
2019-05-27,2851.2800,2892.3780,2898.1290,2833.0360,19672090112,193768714240.0000,0.579302,1.380400
2019-05-28,2890.2650,2909.9100,2924.0390,2887.0830,22331055616,227253813248.0000,0.657711,0.606100
2019-05-29,2894.8290,2914.6960,2934.9760,2890.6640,19895881984,202855038976.0000,0.585898,0.164500
2019-05-30,2903.4240,2905.8050,2907.8460,2881.3800,20575878912,197105557504.0000,0.605923,-0.305000
2019-05-31,2904.4970,2898.6960,2922.9070,2895.5770,19523057920,191280402432.0000,0.574483,-0.244600
2019-06-03,2901.7420,2890.0800,2920.8290,2875.9010,21594355456,208073322496.0000,0.635038,-0.297200
2019-06-04,2887.6400,2862.2800,2888.3860,2851.9720,18846354176,181118914560.0000,0.554296,-0.961900
2019-06-05,2882.9360,2861.4180,2888.7670,2858.5710,18156104704,175200845824.0000,0.533987,-0.030100
2019-06-06,2862.3320,2827.7970,2862.3320,2822.1850,17706441216,164850548736.0000,0.520495,-1.175000
2019-06-10,2833.0140,2852.1300,2861.1310,2824.3550,16658591744,162489831424.0000,0.489163,0.860500
2019-06-11,2854.0700,2925.7160,2927.4300,2854.0700,26052579584,254479986688.0000,0.764997,2.580000
2019-06-12,2917.2230,2909.3790,2924.7010,2903.8830,24025577472,223063953408.0000,0.705394,-0.558400
2019-06-13,2905.2870,2910.7400,2918.4220,2885.9230,21295779072,191748206592.0000,0.625072,0.046800
2019-06-14,2912.9980,2881.9740,2924.3190,2879.6570,21543579648,194303111168.0000,0.631681,-0.988300
2019-06-17,2880.4220,2887.6220,2902.4800,2877.3940,15396496128,143141638144.0000,0.451135,0.196000
2019-06-18,2891.0910,2890.1580,2898.3300,2874.3120,14770532096,136935231488.0000,0.432766,0.087800
2019-06-19,2944.1150,2917.8020,2953.3350,2916.2140,23075697408,225567256576.0000,0.675970,0.956500
2019-06-20,2917.3310,2987.1180,2997.3880,2915.0890,29101153792,288296546304.0000,0.852394,2.375600
2019-06-21,2990.3680,3001.9800,3010.3490,2989.2450,28697383424,276662460416.0000,0.840151,0.497500
2019-06-24,3004.2890,3008.1470,3012.8260,2994.4210,21049389312,211237183488.0000,0.615813,0.205400
2019-06-25,3004.9090,2982.0730,3004.9090,2948.9900,24369924352,244315078656.0000,0.713330,-0.866800
2019-06-26,2964.6150,2976.2830,2986.9130,2958.4630,17444953344,172516057088.0000,0.510571,-0.194200
2019-06-27,2982.6120,2996.7920,3011.5380,2981.0450,19539704832,208618647552.0000,0.571849,0.689100
2019-06-28,2992.2420,2978.8780,2992.2420,2961.2220,18143152384,183641767936.0000,0.530760,-0.597800
2019-07-01,3024.6230,3044.9020,3045.3660,3014.6870,25084043264,266541056000.0000,0.733441,2.216400
2019-07-02,3042.5800,3043.9420,3048.4830,3033.7800,21452062464,229566615552.0000,0.627136,-0.031500
2019-07-03,3031.8320,3015.2630,3031.8320,3006.3240,21229617408,218657992704.0000,0.620579,-0.942200
2019-07-04,3015.6780,3005.2480,3024.5020,2991.9070,19441513216,202266390528.0000,0.568033,-0.332100
2019-07-05,3004.7380,3011.0580,3014.8470,2990.9240,15675542784,163180843008.0000,0.457997,0.193300
2019-07-08,2997.8060,2933.3630,2997.8060,2918.7150,21154126848,205568815104.0000,0.618058,-2.580300
2019-07-09,2928.8180,2928.2290,2937.7620,2912.8060,14511060480,154251423744.0000,0.423786,-0.175000
2019-07-10,2935.1850,2915.3020,2936.7510,2908.1620,13548353792,141236256768.0000,0.395643,-0.441500
2019-07-11,2928.0550,2917.7600,2945.8020,2907.8850,14369252096,152181407744.0000,0.419112,0.084300
2019-07-12,2915.3400,2930.5460,2938.5310,2905.8090,13779475968,142918868992.0000,0.401866,0.438200
2019-07-15,2921.5460,2942.1850,2955.0000,2886.6990,16764339712,176533200896.0000,0.488805,0.397200
2019-07-16,2938.6410,2937.6160,2944.8210,2931.2920,13181175040,140766388224.0000,0.384318,-0.155300
2019-07-17,2933.0220,2931.6920,2942.0660,2924.4590,14963161600,152162963456.0000,0.436240,-0.201700
2019-07-18,2921.7380,2901.1760,2921.7380,2901.1760,14988882688,149088841728.0000,0.436989,-1.040900
2019-07-19,2909.6790,2924.2000,2939.5970,2909.6790,14946955264,149071212544.0000,0.435737,0.793600
2019-07-22,2925.7880,2886.9740,2927.1600,2879.6900,18067495936,204289433600.0000,0.526633,-1.273000
2019-07-23,2886.9040,2899.9440,2901.3590,2883.0450,12931050752,148077350912.0000,0.376955,0.449300
2019-07-24,2907.9270,2923.2770,2936.4520,2907.7860,15524576256,178858102784.0000,0.452564,0.804600
2019-07-25,2923.1880,2937.3600,2937.3600,2916.1490,14568438528,175356383232.0000,0.424611,0.481800
2019-07-26,2928.0610,2944.5410,2948.3260,2924.4510,13934338816,158774665216.0000,0.406130,0.244500
2019-07-29,2943.9180,2941.0070,2948.4660,2932.9770,12799184640,147439132672.0000,0.372959,-0.120000
2019-07-30,2946.2560,2952.3380,2965.6320,2946.2560,14831646208,170866348032.0000,0.432085,0.385300
2019-07-31,2944.3970,2932.5050,2944.3970,2926.4850,14105234688,164607873024.0000,0.410923,-0.671800
2019-08-01,2920.8500,2908.7660,2927.3420,2901.7500,14238981376,171115634688.0000,0.414820,-0.809500
2019-08-02,2861.3320,2867.8370,2872.4730,2851.4400,18488844288,216327401472.0000,0.538606,-1.407100
2019-08-05,2854.5780,2821.4950,2863.6890,2821.4950,16741942272,196891484160.0000,0.486666,-1.615900
2019-08-06,2776.9880,2777.5550,2787.4180,2733.9240,23112372736,255209230336.0000,0.671732,-1.557300
2019-08-07,2789.0180,2768.6790,2792.6930,2768.6790,15771675136,176475729920.0000,0.458367,-0.319600
2019-08-08,2784.1830,2794.5520,2799.6850,2782.2440,14953956352,178156146688.0000,0.434602,0.934500
2019-08-09,2805.5850,2774.7530,2808.3280,2770.4770,14824029184,171140337664.0000,0.430747,-0.708500
2019-08-12,2781.9810,2814.9940,2814.9940,2776.6190,13156343296,162523258880.0000,0.381895,1.450300
2019-08-13,2798.0510,2797.2590,2802.0410,2790.6080,13091650560,153957511168.0000,0.380029,-0.630000
2019-08-14,2824.4860,2808.9140,2829.8900,2807.7190,14401464064,173944885248.0000,0.418046,0.416700
2019-08-15,2762.3390,2815.7970,2815.8960,2756.8340,15277215232,173670539264.0000,0.443458,0.245000
2019-08-16,2817.5700,2823.8230,2840.3160,2811.8010,14858234368,186139369472.0000,0.431289,0.285000
2019-08-19,2835.5180,2883.0960,2883.0960,2829.8540,21454666752,247092215808.0000,0.622389,2.099000
2019-08-20,2879.0810,2880.0010,2892.0790,2874.9980,18967720704,209774346240.0000,0.550111,-0.107300
2019-08-21,2875.4700,2880.3300,2885.5860,2872.5570,15901966592,183187275776.0000,0.461065,0.011400
2019-08-22,2887.6640,2883.4350,2888.4960,2867.5520,14920621568,169662169088.0000,0.432591,0.107800
2019-08-23,2885.1510,2897.4250,2902.4560,2878.7440,15915682560,192567132160.0000,0.461430,0.485200
2019-08-26,2851.0150,2863.5670,2870.4930,2849.2380,16989536256,191036669952.0000,0.492196,-1.168600
2019-08-27,2879.5150,2902.1930,2919.6440,2879.4060,20814179328,230999691264.0000,0.603057,1.348900
2019-08-28,2901.6260,2893.7560,2905.4350,2887.0110,18309790208,201805049856.0000,0.530486,-0.290700
2019-08-29,2895.9990,2890.9190,2898.6040,2878.5870,17861308160,196332769280.0000,0.517451,-0.098000
2019-08-30,2907.3820,2886.2360,2914.5760,2874.1020,19395995136,224751169536.0000,0.561897,-0.162000
2019-09-02,2886.9410,2924.1060,2928.4790,2883.6820,20278680832,226043695104.0000,0.587462,1.312100
2019-09-03,2925.9420,2930.1530,2930.1530,2915.1970,18900121600,225070157824.0000,0.547465,0.206800
2019-09-04,2927.7470,2957.4110,2957.4110,2925.8820,22549590784,251212693504.0000,0.653169,0.930300
2019-09-05,2972.6610,2985.8640,3015.8440,2972.6610,30543870720,340200665088.0000,0.884732,0.962100
2019-09-06,2996.6210,2999.6010,2999.9430,2981.5980,21682603520,258318745600.0000,0.627755,0.460100
2019-09-09,3023.7780,3024.7380,3026.2390,3005.6940,24337775104,286236532736.0000,0.704628,0.838000
2019-09-10,3027.4100,3021.2020,3027.4100,3005.3820,24001294592,275321753600.0000,0.694773,-0.116900
2019-09-11,3029.9330,3008.8110,3030.5570,3004.2150,22983736320,263389556736.0000,0.665313,-0.410100
2019-09-12,3016.6260,3031.2350,3033.4730,3005.1940,19696870144,224576024576.0000,0.570153,0.745300
2019-09-16,3041.9220,3030.7540,3042.9280,3020.0490,22187895808,237442265088.0000,0.642210,-0.015900
2019-09-17,3023.7100,2978.1170,3023.7100,2970.5700,22333806080,237738934272.0000,0.646327,-1.736800
2019-09-18,2984.0830,2985.6580,2996.4020,2982.4000,16804669952,199953633280.0000,0.486314,0.253200
2019-09-19,2992.9220,2999.2780,2999.2780,2975.3970,16269061632,193206550528.0000,0.470814,0.456200
2019-09-20,3004.8140,3006.4460,3011.3400,2996.1920,18214530304,218390585344.0000,0.527030,0.239000
2019-09-23,2998.3990,2977.0760,2998.3990,2960.8270,16813945088,199130550272.0000,0.486477,-0.976900
2019-09-24,2979.4750,2985.3400,3002.8960,2973.7600,16390276096,206245806080.0000,0.474097,0.277600
2019-09-25,2977.6670,2955.4320,2977.6670,2955.4320,16854313472,203782754304.0000,0.487505,-1.001800
2019-09-26,2964.4770,2929.0870,2970.0350,2928.2580,18893254144,216277561344.0000,0.546479,-0.891400
2019-09-27,2929.4860,2932.1670,2939.0780,2920.9300,13290577664,153311002624.0000,0.384209,0.105200
2019-09-30,2927.9160,2905.1890,2936.4820,2905.1890,11664681216,142591700992.0000,0.337195,-0.920100
2019-10-08,2905.7550,2913.5700,2933.0160,2905.7550,12553581312,151980793856.0000,0.362423,0.288500
2019-10-09,2902.0750,2924.8560,2924.8560,2891.5390,13042414336,150940229632.0000,0.376528,0.387400
2019-10-10,2923.7060,2947.7100,2949.2400,2918.2280,13423975168,157159976960.0000,0.387534,0.781400
2019-10-11,2954.8180,2973.6550,2980.7870,2943.0130,16120374528,182747394048.0000,0.465375,0.880200
2019-10-14,2993.9610,3007.8830,3026.3830,2989.8120,20861480192,221201756160.0000,0.602169,1.151000
2019-10-15,3005.6640,2991.0450,3005.6640,2986.3030,15537690368,169531932672.0000,0.448403,-0.559800
2019-10-16,2992.6100,2978.7120,3010.4240,2975.9230,14988549632,166791548928.0000,0.432356,-0.412300
2019-10-17,2979.9920,2977.3340,2986.7190,2969.5680,12252761344,136051253248.0000,0.353441,-0.046300
2019-10-18,2982.3410,2938.1410,2987.2030,2933.2420,14999067904,162018271232.0000,0.432561,-1.316400
2019-10-21,2933.8960,2939.6170,2940.3240,2917.6880,13247510784,145685880832.0000,0.381820,0.050200
2019-10-22,2945.6000,2954.3790,2954.6410,2934.3870,11748204800,130381742080.0000,0.338607,0.502200
2019-10-23,2952.9690,2941.6180,2957.2990,2934.6270,12381288192,139653652480.0000,0.356853,-0.431900
2019-10-24,2944.0060,2940.9210,2953.0440,2927.0610,12654029056,141667233792.0000,0.364714,-0.023700
2019-10-25,2940.4740,2954.9320,2958.2400,2920.5190,13686070528,160224092160.0000,0.394451,0.476400
2019-10-28,2958.6860,2980.0490,2980.1280,2956.9600,17373148160,198817013760.0000,0.500695,0.850000
2019-10-29,2979.0360,2954.1760,2979.0360,2954.1760,16611005696,195288080384.0000,0.478501,-0.868200
2019-10-30,2949.4630,2939.3200,2953.2980,2934.8270,15879811072,181529501696.0000,0.457433,-0.502900
2019-10-31,2944.8420,2929.0560,2946.7520,2923.5160,16157148416,181801938944.0000,0.465421,-0.349200
2019-11-01,2924.3400,2958.1990,2959.8330,2917.1450,15990737408,175630839808.0000,0.460617,0.994962
2019-11-04,2964.5760,2975.4910,2983.0580,2964.5760,16724836352,188710096896.0000,0.481609,0.584545
2019-11-05,2977.7040,2991.5620,3008.3140,2968.0320,17989159424,203691630592.0000,0.518017,0.540113
2019-11-06,2992.0390,2978.5950,2995.5620,2969.7240,16526354688,183985238016.0000,0.476011,-0.433452
2019-11-07,2978.1530,2978.7140,2988.9550,2969.1200,13695267840,155834875904.0000,0.394467,0.003995
2019-11-08,2993.9770,2964.1840,2998.7590,2962.8440,14974210816,173867229184.0000,0.431255,-0.487794
2019-11-11,2949.9610,2909.9740,2949.9610,2906.7690,15791610624,166285139968.0000,0.454690,-1.828834
2019-11-12,2912.9950,2914.8230,2918.3030,2891.5100,12972915456,139060727808.0000,0.373409,0.166634
2019-11-13,2913.0190,2905.2400,2913.8610,2893.9710,12976584192,146943635456.0000,0.373513,-0.328768
2019-11-14,2907.7350,2909.8690,2917.3740,2899.6180,12914544896,151576182784.0000,0.371728,0.159333
2019-11-15,2911.3500,2891.3430,2917.8290,2891.2040,13551946240,152576393216.0000,0.389974,-0.636661
2019-11-18,2889.5490,2909.2000,2911.3780,2884.0880,12443317760,144677412864.0000,0.357913,0.617602
2019-11-19,2904.2780,2933.9900,2933.9900,2902.8550,13541760512,155770740736.0000,0.388319,0.852124
2019-11-20,2928.1060,2911.0530,2930.4920,2907.4220,13735752960,158543196160.0000,0.393881,-0.781768
2019-11-21,2902.5520,2903.6370,2910.3600,2891.5310,12345860608,139851206656.0000,0.353930,-0.254753
2019-11-22,2906.2430,2885.2880,2925.0170,2873.9900,15862336512,180593827840.0000,0.454717,-0.631932
2019-11-25,2885.6130,2906.1680,2906.6090,2880.6540,17858742784,174234583040.0000,0.511791,0.723671
2019-11-26,2912.5200,2907.0600,2915.0410,2897.9270,17000466432,165496766464.0000,0.487293,0.030693
2019-11-27,2905.3950,2903.1940,2914.4860,2893.4170,13386220544,137449697280.0000,0.383431,-0.132987
2019-11-28,2902.3640,2889.6930,2909.8390,2883.4330,11952246784,122616545280.0000,0.342338,-0.465040
2019-11-29,2885.9740,2871.9810,2892.3880,2858.5800,12261296896,140371316736.0000,0.351132,-0.612937
2019-12-02,2874.4480,2875.8070,2888.8890,2870.2420,12875580672,139351760896.0000,0.368612,0.133218
2019-12-03,2869.8820,2884.6980,2884.8550,2857.3200,12377874176,135278612480.0000,0.354411,0.309165
2019-12-04,2876.9070,2878.1150,2882.4980,2869.4210,12554365184,135879221248.0000,0.359458,-0.228204
2019-12-05,2886.5160,2899.4680,2902.0020,2885.0790,14316309504,159736594432.0000,0.409906,0.741909
2019-12-06,2902.2780,2912.0130,2912.0130,2894.7510,13412887808,149507334144.0000,0.384016,0.432666
2019-12-09,2914.4570,2914.4770,2919.5880,2905.2500,16079652608,174546477056.0000,0.460063,0.084615
2019-12-10,2908.9430,2917.3150,2919.2010,2902.7890,17012399872,180617289728.0000,0.486765,0.097376
2019-12-11,2922.6020,2924.4170,2928.2560,2915.0000,16554108672,175716089856.0000,0.473378,0.243443
2019-12-12,2926.3410,2915.6980,2926.3410,2913.4750,15176080384,166044164096.0000,0.433972,-0.298145
2019-12-13,2937.7760,2967.6760,2969.9800,2935.8490,21197858560,234036543488.0000,0.606294,1.782695
2019-12-16,2970.9690,2984.3920,2984.6410,2958.7060,21186211840,237666762752.0000,0.605832,0.563269
2019-12-17,2985.2610,3022.4210,3039.3830,2982.4950,29303225344,302090899456.0000,0.837834,1.274263
2019-12-18,3021.4650,3017.0440,3033.2330,3011.7200,24408969216,259173629952.0000,0.697822,-0.177904
2019-12-19,3017.1530,3017.0650,3021.4170,3007.9920,20862426368,220688293888.0000,0.596430,0.000696
2019-12-20,3019.6390,3004.9370,3027.4830,3002.2600,21507575552,223305035776.0000,0.614849,-0.401980
2019-12-23,2999.0350,2962.7510,3009.3380,2960.4350,20571661824,218484273152.0000,0.587671,-1.403890
2019-12-24,2965.8250,2982.6800,2983.8190,2960.6830,16303024896,167366668288.0000,0.465892,0.672652
2019-12-25,2980.4270,2981.8800,2988.2920,2970.6570,17565402880,189608562688.0000,0.501541,-0.026822
2019-12-26,2981.2480,3007.3540,3007.3540,2980.3960,18244042496,195586080768.0000,0.520911,0.854293
2019-12-27,3006.8510,3005.0350,3036.1120,3003.6300,24710277888,258118737920.0000,0.705538,-0.077111
2019-12-30,2998.1680,3040.0230,3041.3960,2983.3430,24806652928,267382992896.0000,0.707919,1.164313
2019-12-31,3036.3850,3050.1240,3051.6770,3030.5120,21742902272,226763993088.0000,0.619515,0.332267
2020-01-02,3066.3350,3085.1970,3098.1000,3066.3350,29247020800,327197122560.0000,0.833330,1.149888
2020-01-03,3089.0220,3083.7850,3093.8190,3074.5170,26149666816,289991708672.0000,0.745078,-0.045767
2020-01-06,3070.9080,3083.4080,3107.2030,3065.3080,31257584128,331182551040.0000,0.888382,-0.012225
2020-01-07,3085.4880,3104.8010,3105.4500,3084.3290,27658311168,288159227904.0000,0.000000,0.693810
2020-01-08,3094.2380,3066.8920,3094.2380,3059.1310,29787255296,306517393408.0000,0.846910,-1.220980
2020-01-09,3082.6390,3094.8810,3097.3290,3080.1310,24343564800,271716020224.0000,0.691776,0.912618
2020-01-10,3102.2930,3092.2900,3105.2240,3081.3960,21044246272,241555668992.0000,0.597972,-0.083719
2020-01-13,3091.4930,3115.5690,3115.5690,3075.3830,21062100480,258524057600.0000,0.598467,0.752808
2020-01-14,3120.6660,3106.8200,3127.1690,3105.6040,22997377024,271542439936.0000,0.653227,-0.280815
2020-01-15,3103.1740,3090.0370,3107.9420,3082.0420,20231302400,232913444864.0000,0.574618,-0.540199
2020-01-16,3095.7340,3074.0810,3096.3710,3070.8840,20337547520,236843360256.0000,0.577629,-0.516369
2020-01-17,3081.4640,3075.4950,3091.9510,3067.2520,19030429952,242273046528.0000,0.540477,0.045997
2020-01-20,3082.1130,3095.7870,3096.3100,3070.4800,21049334016,271122456576.0000,0.597671,0.659796
2020-01-21,3085.7890,3052.1410,3085.7890,3051.2300,23483073792,286268096512.0000,0.665647,-1.409852
2020-01-22,3038.4860,3060.7540,3069.2520,3006.2670,22385286400,278456922112.0000,0.634245,0.282195
2020-01-23,3037.9520,2976.5280,3045.0400,2955.3460,27276323328,327490359296.0000,0.772784,-2.751806
2020-02-03,2716.6970,2746.6050,2766.5770,2716.6970,21591210240,257019596800.0000,0.610417,-7.724537
2020-02-04,2685.2690,2783.2870,2786.1640,2685.2690,36404620032,374068465664.0000,1.029215,1.335540
2020-02-05,2792.3710,2818.0870,2842.7420,2778.8640,30976182272,349184114688.0000,0.875541,1.250320
2020-02-06,2826.8850,2866.5090,2876.5870,2807.6090,31639214336,358582591488.0000,0.894281,1.718258
2020-02-07,2858.9320,2875.9630,2875.9630,2838.7700,30947964160,362384162816.0000,0.873840,0.329809
2020-02-10,2860.4990,2890.4870,2891.8470,2851.0500,29492978432,341520400384.0000,0.833572,0.505013
2020-02-11,2894.5410,2901.6740,2913.8150,2882.2420,26916833536,302956847104.0000,0.759626,0.387028
2020-02-12,2895.5560,2926.8990,2926.8990,2892.4240,24873342976,297534418944.0000,0.701956,0.869326
2020-02-13,2927.1440,2906.0730,2935.4060,2901.2420,27480484352,334526328832.0000,0.775509,-0.711538
2020-02-14,2899.8650,2917.0070,2926.9420,2899.5730,25065062656,308080369664.0000,0.707292,0.376247
2020-02-17,2924.9910,2983.6220,2983.6370,2924.9910,31319800832,367014338560.0000,0.883068,2.283676
2020-02-18,2981.4090,2984.9710,2990.6000,2960.7750,31166591232,374998560768.0000,0.877975,0.045214
2020-02-19,2979.5220,2975.4010,2998.2710,2971.8210,31514115072,381331161088.0000,0.887751,-0.320606
2020-02-20,2981.8800,3030.1540,3031.3700,2968.4450,34573288192,413761363968.0000,0.973765,1.840189
2020-02-21,3022.2450,3039.6690,3058.8980,3020.1410,36455727616,445062078464.0000,1.026663,0.314010
2020-02-24,3027.8920,3031.2330,3042.1820,3007.3550,37043004416,451601362944.0000,1.042459,-0.277530
2020-02-25,2982.0690,3013.0500,3016.9450,2943.7160,44162276096,513128644608.0000,1.242997,-0.599855
2020-02-26,2978.4190,2987.9280,3028.7780,2974.9420,46904955136,495341449216.0000,1.320180,-0.833773
2020-02-27,2992.4910,2991.3280,3009.4570,2980.4770,35052365824,395955642368.0000,0.985601,0.113791
2020-02-28,2924.6400,2880.3030,2948.1260,2878.5440,40121691392,432657776640.0000,1.127917,-3.711562
2020-03-02,2899.3100,2970.9310,2982.5060,2899.3100,36733336832,397244203008.0000,1.031936,3.146475
2020-03-03,3006.8880,2992.8960,3026.8420,2976.6230,41010804736,447053680640.0000,1.152281,0.739331
2020-03-04,2981.8060,3011.6650,3012.0030,2974.3580,35333827840,389893918720.0000,0.992733,0.627118
2020-03-05,3036.1540,3071.6770,3074.2570,3022.9260,44542580736,482770472960.0000,1.251460,1.992652
2020-03-06,3039.9390,3034.5110,3052.4430,3029.4630,36206153216,377388544000.0000,1.017242,-1.209958
2020-03-09,2987.1805,2943.2907,2989.2051,2940.7138,41456073600,438143854609.8000,1.163864,-3.006105
2020-03-10,2918.9347,2996.7618,3000.2963,2904.7989,39329664800,425017184790.9000,1.104678,1.816711
2020-03-11,3001.7616,2968.5174,3010.0286,2968.5174,35247097000,378766618968.3000,0.989854,-0.942497
2020-03-12,2936.0163,2923.4856,2944.4651,2906.2838,30777845700,328209202377.8000,0.864258,-1.516979
2020-03-13,2804.2322,2887.4265,2910.8812,2799.9841,36645043600,393019665228.0000,1.029012,-1.233428
2020-03-16,2897.3009,2789.2537,2898.0349,2784.6616,35187866500,375627000794.2000,0.987385,-3.400010
2020-03-17,2796.2840,2779.6407,2826.9068,2715.2213,30614967700,323012822799.1000,0.859604,-0.344644
2020-03-18,2792.3221,2728.7563,2815.8737,2728.7563,29115985200,318611391559.4000,0.817578,-1.830611
2020-03-19,2719.4063,2702.1296,2736.8200,2646.8048,30230274700,330518008489.8000,0.848656,-0.975782
2020-03-20,2727.0186,2745.6182,2751.8964,2702.4933,25201950700,281583369664.4000,0.707357,1.609419
2020-03-23,2677.5910,2660.1674,2703.3295,2656.5008,24982025000,268423241973.7000,0.700984,-3.112261
2020-03-24,2703.0193,2722.4381,2723.4066,2667.1333,25702193000,278999306643.2000,0.721127,2.340856
2020-03-25,2775.3032,2781.5913,2788.6354,2757.8016,27314446600,293191204398.7000,0.766289,2.172802
2020-03-26,2761.8961,2764.9109,2788.5038,2753.4282,23408402200,248279785000.7000,0.656562,-0.599671
2020-03-27,2792.9843,2772.2033,2805.5479,2771.7563,24076406600,253630725892.3000,0.675247,0.263748
2020-03-30,2739.7191,2747.2138,2759.0989,2723.0543,23970660400,250687144232.8000,0.671755,-0.901431
2020-03-31,2767.3072,2750.2962,2771.1683,2743.1154,21859867400,224271061569.1000,0.612155,0.112201
2020-04-01,2743.5409,2734.5215,2773.3641,2731.0794,21725342700,225624646571.6000,0.608331,-0.573564
2020-04-02,2720.2284,2780.6379,2780.6379,2719.9043,21786460000,233111575711.2000,0.610033,1.686452
2020-04-03,2773.5764,2763.9874,2780.5868,2754.0731,20083740400,214062212038.2000,0.562333,-0.598801
2020-04-07,2806.9676,2820.7634,2823.2767,2801.8386,27019818600,286627794328.1000,0.756533,2.054134
2020-04-08,2805.9166,2815.3686,2823.2139,2800.2963,24351530500,253159668052.3000,0.681617,-0.191253
2020-04-09,2825.8393,2825.9036,2832.3950,2820.4326,23818484300,247392988028.6000,0.666669,0.374196
2020-04-10,2827.1873,2796.6312,2833.0148,2789.9756,23345476800,246376307236.7000,0.653250,-1.035860
2020-04-13,2784.5979,2783.0476,2792.8906,2774.0808,17712455400,184120284139.7000,0.495585,-0.485713
2020-04-14,2794.8010,2827.2830,2827.2981,2789.4279,20269656900,223605697288.9000,0.566983,1.589459
2020-04-15,2826.6618,2811.1741,2829.7503,2808.7039,20562114600,231631632235.0000,0.575178,-0.569766
2020-04-16,2798.4295,2819.9350,2823.3382,2796.8388,20300377300,222432600865.7000,0.567857,0.311646
2020-04-17,2835.5581,2838.4945,2854.9599,2830.0217,24573675000,280025229139.5000,0.687363,0.658153
2020-04-20,2840.4085,2852.5528,2852.9900,2833.2615,21184707800,233759313193.0000,0.592337,0.495273
2020-04-21,2842.2372,2827.0133,2842.2372,2808.0214,23323587000,248688585735.6000,0.652142,-0.895321
2020-04-22,2814.0661,2843.9804,2843.9804,2808.4819,21732000000,232796777750.0000,0.607554,0.600178
2020-04-23,2850.5104,2838.4994,2853.6357,2835.8961,24877903700,262662040531.8000,0.695482,-0.192723
2020-04-24,2834.9387,2808.5293,2834.9387,2802.4989,23518507600,244122291476.8000,0.657479,-1.055843
2020-04-27,2812.2422,2815.4947,2832.6662,2802.9579,21013098100,225293706288.5000,0.587386,0.248009
2020-04-28,2819.9914,2810.0243,2821.7450,2758.2459,25387274500,270534752615.1000,0.709552,-0.194296
2020-04-29,2801.3830,2822.4424,2831.7642,2800.7379,20206180700,222720221727.9000,0.564729,0.441921
2020-04-30,2832.3843,2860.0822,2865.5900,2832.3843,24245527800,277440934007.1000,0.677603,1.333590
2020-05-06,2831.6326,2878.1402,2879.2634,2830.6536,24982661600,303890031004.9000,0.698118,0.631380
2020-05-07,2876.4727,2871.5232,2882.0222,2864.5813,22673695700,268607485283.6000,0.633494,-0.229905
2020-05-08,2882.7078,2895.3444,2903.7967,2879.2034,22682207500,276562716950.3000,0.633614,0.829567
2020-05-11,2901.5739,2894.8020,2914.2838,2884.3806,22512041000,271930641512.4000,0.628746,-0.018734
2020-05-12,2894.6171,2891.5564,2897.9018,2871.2300,19708298500,238476218839.0000,0.550155,-0.112118
2020-05-13,2882.9552,2898.0495,2900.2587,2875.5354,18506131000,223866906923.5000,0.516590,0.224554
2020-05-14,2887.0577,2870.3422,2887.0577,2869.1832,19777620200,237336974703.0000,0.553222,-0.956067
2020-05-15,2880.7067,2868.4587,2884.2199,2863.3698,18898359200,246878191080.5000,0.528582,-0.065619
2020-05-18,2872.5244,2875.4176,2889.9795,2862.2709,22602288200,289089595543.4000,0.630830,0.242601
2020-05-19,2897.6867,2898.5760,2900.2187,2887.5768,19722240500,256277803071.8000,0.551478,0.805393
2020-05-20,2896.4657,2883.7378,2896.4657,2876.1766,21051998500,269176553624.7000,0.588406,-0.511913
2020-05-21,2890.7213,2867.9237,2891.5177,2864.2073,20353203800,250569937552.8000,0.568806,-0.548389
2020-05-22,2863.0462,2813.7654,2863.0462,2808.0177,20906371200,245229603697.9000,0.584139,-1.888415
2020-05-25,2816.2410,2817.9697,2821.4978,2802.4653,17288555700,202115352627.3000,0.481992,0.149419
2020-05-26,2827.8967,2846.5473,2848.3371,2825.9010,17456236900,207427833710.6000,0.487589,1.014120
2020-05-27,2847.3198,2836.8036,2848.9965,2831.9281,19814934300,227934395739.0000,0.553284,-0.342299
2020-05-28,2838.2072,2846.2217,2861.9241,2820.1455,20754601900,239234260636.0000,0.579507,0.331997
2020-05-29,2835.5840,2852.3512,2855.3756,2829.6271,20679280400,233798996642.7000,0.577404,0.215356
2020-06-01,2871.9641,2915.4311,2917.1508,2871.9641,26019605000,307416215147.8000,0.724798,2.211505
2020-06-02,2916.3168,2921.3980,2926.3588,2909.1277,25610804900,294402745887.8000,0.715065,0.204666
2020-06-03,2930.3906,2923.3711,2942.7597,2922.6612,25566398000,300447817007.3000,0.713645,0.067540
2020-06-04,2931.8376,2919.2506,2932.9677,2910.7516,22660587300,254345984480.0000,0.632486,-0.140950
2020-06-05,2923.1891,2930.7993,2930.7993,2909.1181,21736067300,253141142477.6000,0.606347,0.395605
2020-06-08,2941.9816,2937.7712,2950.0656,2934.2103,23112436000,274611815611.0000,0.643010,0.237884
2020-06-09,2939.5351,2956.1116,2957.1186,2932.9385,20904858500,251414696240.0000,0.582459,0.624296
2020-06-10,2951.2784,2943.7525,2951.3298,2934.8428,20792596900,243968496538.1000,0.579331,-0.418086
2020-06-11,2939.7914,2920.8968,2952.6510,2912.1932,23372294700,289023256107.0000,0.650957,-0.776414
2020-06-12,2876.8029,2919.7408,2930.2550,2872.6165,23600864200,274321726179.0000,0.657264,-0.039577
2020-06-15,2908.2767,2890.0306,2922.5364,2890.0306,24320504600,293361556833.6000,0.675546,-1.017563
2020-06-16,2912.8251,2931.7493,2931.7791,2909.1341,22331306500,270948558455.0000,0.621542,1.443538
2020-06-17,2932.6708,2935.8730,2936.6162,2919.0353,23465439100,278007110729.6000,0.652980,0.140657
2020-06-18,2929.8799,2939.3151,2942.8983,2920.1054,25869137700,289367727804.2000,0.719580,0.117243
2020-06-19,2938.7887,2967.6341,2973.3164,2935.8239,26431396100,319089106631.7000,0.735212,0.963456
2020-06-22,2966.9008,2965.2717,2983.4382,2959.0350,26788383400,346028748359.1000,0.745055,-0.079606
2020-06-23,2960.8875,2970.6203,2972.4025,2949.8469,22521220800,305378770529.9000,0.625922,0.180375
2020-06-24,2972.9827,2979.5505,2982.9425,2971.2235,21320073200,297008784132.4000,0.592415,0.300617
2020-06-29,2973.0757,2961.5164,2977.9122,2951.7702,22062272900,293886016005.3000,0.612979,-0.605262
2020-06-30,2965.1054,2984.6741,2990.8253,2965.1054,21495721400,297312328413.8000,0.597286,0.781954
2020-07-01,2991.1813,3025.9810,3026.1862,2984.9841,27331314000,369883802297.0000,0.759426,1.383967
2020-07-02,3023.7189,3090.5693,3092.4432,3021.6736,39112799600,478216482346.4000,1.086632,2.134458
2020-07-03,3103.9952,3152.8126,3152.8126,3103.9952,45879385100,535489334735.2000,1.274521,2.013975
2020-07-06,3187.8393,3332.8807,3337.2723,3187.8393,64387890600,724153675701.0000,1.786569,5.711348
2020-07-07,3380.9536,3345.3369,3407.0811,3336.2416,65784015900,793638372424.8000,1.826065,0.373737
2020-07-08,3337.5518,3403.4401,3421.5312,3327.7062,58708168500,696807634537.9000,1.629579,1.736842
2020-07-09,3403.4832,3450.5935,3456.9721,3393.6379,62000182300,751406830395.1000,1.720796,1.385463
2020-07-10,3418.9347,3383.3222,3433.1085,3372.5066,55612001100,703197550444.5000,1.543386,-1.949557
2020-07-13,3379.3867,3443.2863,3458.7914,3369.0378,55800687500,717397053099.2000,1.546444,1.772344
2020-07-14,3435.0237,3414.6186,3451.2224,3366.0828,54321149200,707327005157.3000,1.507134,-0.832568
2020-07-15,3422.0778,3361.3044,3432.4506,3345.7488,49203054200,674727409786.3000,1.365131,-1.561352
2020-07-16,3356.3590,3210.0986,3373.5317,3209.7272,49061312300,679468340648.5000,1.361042,-4.498426
2020-07-17,3214.4022,3214.1287,3252.7786,3181.2745,35965241300,486536118269.0000,0.997475,0.125544
2020-07-20,3243.9105,3314.1490,3314.1490,3220.6840,41855530600,544045656232.3000,1.159111,3.111895
2020-07-21,3330.5467,3320.8947,3336.6791,3300.5719,35925202900,488862180370.5000,0.995863,0.203542
2020-07-22,3315.1816,3333.1635,3381.9757,3311.7862,39333533500,540577040593.6000,1.090166,0.369443
2020-07-23,3306.1489,3325.1102,3336.3002,3257.8269,40704249900,546887089707.7000,1.151218,-0.241611
2020-07-24,3310.6449,3196.7684,3319.1268,3184.9645,42705402600,584311865016.6000,1.207739,-3.859776
2020-07-27,3210.3863,3205.2268,3221.9846,3174.6583,29931902100,402231919288.9000,0.829119,0.264592
2020-07-28,3226.1329,3227.9604,3245.2967,3208.4939,28937786100,389873696214.7000,0.817955,0.709267
2020-07-29,3221.9883,3294.5521,3294.5521,3209.9902,32492406200,453094399515.5000,0.918285,2.062965
2020-07-30,3299.5718,3286.8220,3312.4508,3282.1617,34070412100,476974005608.8000,0.962841,-0.234633
2020-07-31,3280.7959,3310.0065,3333.7859,3261.6135,35375897900,495778040702.2000,0.999587,0.705377
2020-08-03,3332.1826,3367.9658,3368.1028,3327.6773,40746086700,572430759824.7000,1.127570,1.751033
2020-08-04,3376.4402,3371.6875,3391.0743,3352.5017,44232855100,604942141521.3000,1.249419,0.110503
2020-08-05,3363.3324,3377.5648,3383.6365,3333.8770,38582302700,526515054657.5000,1.089812,0.174313
2020-08-06,3380.7621,3386.4631,3392.7048,3334.3341,41530251000,570488248065.2000,1.172942,0.263453
2020-08-07,3370.5878,3354.0352,3374.1330,3307.7127,40392963300,561435649551.0000,1.140678,-0.957574
2020-08-10,3341.5276,3379.2524,3399.9323,3335.0427,38137963000,527083944584.7000,1.053404,0.751847
2020-08-11,3379.4874,3340.2900,3409.0589,3336.0945,40045270600,514020764101.4000,1.130021,-1.152989
2020-08-12,3327.4929,3319.2656,3335.7290,3263.2653,37832895900,480731246079.0000,1.067596,-0.629418
2020-08-13,3328.1754,3320.7261,3338.1518,3309.4629,32429127800,387162288598.3000,0.915025,0.044001
2020-08-14,3315.6687,3360.0988,3362.0267,3302.7357,30599837600,367467421740.0000,0.863395,1.185665
2020-08-17,3373.9018,3438.8010,3450.8987,3369.3742,43459826000,537425075053.0000,1.199713,2.342259
2020-08-18,3441.9337,3451.0894,3456.7206,3432.6402,38072927500,493052155326.1000,1.072958,0.357345
2020-08-19,3444.5646,3408.1288,3454.4613,3406.1642,40572221400,498262158316.3000,1.143290,-1.244842
2020-08-20,3385.9645,3363.8988,3394.5570,3352.7767,33560098200,401815550096.0000,0.945410,-1.297780
2020-08-21,3380.2269,3380.6825,3393.9175,3358.0005,28748834000,361281752664.8000,0.809851,0.498936
2020-08-24,3391.1132,3385.6383,3396.5663,3368.0258,26622784100,345683380014.8000,0.734262,0.146592
2020-08-25,3392.8797,3373.5781,3408.8697,3364.1602,27711342100,355997790768.0000,0.780096,-0.356216
2020-08-26,3371.8083,3329.7388,3382.6032,3320.1355,29445103600,381928906554.3000,0.828902,-1.299490
2020-08-27,3333.4909,3350.1128,3351.8324,3312.9859,23709935300,317153391524.5000,0.667422,0.611880
2020-08-28,3346.2893,3403.8066,3405.8768,3339.6494,27132554900,379367046371.3000,0.763806,1.602746
2020-08-31,3416.5497,3395.6775,3442.7363,3395.4675,32347389000,436930125416.2000,0.892028,-0.238824
2020-09-01,3389.7424,3410.6068,3410.6068,3381.7108,24699924900,326850955347.9000,0.695129,0.439656
2020-09-02,3420.4693,3404.8017,3421.3959,3377.2111,26154631900,345638982329.5000,0.736067,-0.170207
2020-09-03,3404.0319,3384.9806,3425.6294,3374.2634,25534627900,350706563899.6000,0.718618,-0.582151
2020-09-04,3336.4076,3355.3666,3360.1061,3328.5518,22163655000,308179657648.7000,0.623749,-0.874865
2020-09-07,3349.9184,3292.5907,3368.2446,3285.6326,26061656700,357726463915.0000,0.732949,-1.870910
2020-09-08,3301.2173,3316.4170,3324.3929,3276.4431,27106627800,320229901328.0000,0.762115,0.723634
2020-09-09,3280.9974,3254.6279,3289.6148,3238.5606,35150974700,341054534059.1000,0.988285,-1.863128
2020-09-10,3282.2320,3234.8234,3285.4731,3227.6435,31247280400,309676743626.3000,0.878365,-0.608503
2020-09-11,3225.7836,3260.3461,3262.4976,3220.5363,22169883000,254844994260.0000,0.623180,0.788998
2020-09-14,3275.9181,3278.8138,3283.5325,3261.1479,21392413700,269219919654.1000,0.601298,0.566434
2020-09-15,3277.1284,3295.6795,3297.6904,3263.7522,19768440000,251763868533.5000,0.555820,0.514384
2020-09-16,3293.1678,3283.9244,3302.4556,3271.0750,20044336400,242270893454.5000,0.563547,-0.356682
2020-09-17,3277.3238,3270.4350,3290.4094,3248.4990,20293197200,279311053428.2000,0.570535,-0.410771
2020-09-18,3270.9110,3338.0897,3338.3243,3268.5260,25626078800,337025892904.0000,0.720463,2.068676
2020-09-21,3348.8988,3316.9351,3350.5893,3313.0714,21650309300,287691308070.7000,0.608383,-0.633734
2020-09-22,3290.6656,3274.3015,3320.2278,3265.7025,21401506500,269113293656.5000,0.601210,-1.285331
2020-09-23,3278.8358,3279.7105,3289.7624,3264.8907,16917806800,240742428786.7000,0.475242,0.165196
2020-09-24,3262.8790,3223.1764,3265.3451,3221.2365,20673601100,258259919724.5000,0.580379,-1.723753
2020-09-25,3234.3739,3219.4179,3239.4662,3208.0349,16482241900,220674476958.0000,0.462712,-0.116609
2020-09-28,3224.9769,3217.5346,3238.1825,3210.8925,15598278300,209672387616.8000,0.437659,-0.058498
2020-09-29,3231.8551,3224.3593,3242.7937,3219.7902,15134987000,207307813843.5000,0.424765,0.212110
2020-09-30,3232.7104,3218.0521,3244.9134,3202.3435,15350445700,205762857294.2000,0.430448,-0.195611
2020-10-09,3262.6105,3272.0762,3280.5124,3260.1873,18832564800,264171043762.6000,0.527787,1.678783
2020-10-12,3287.3281,3358.4652,3359.1526,3286.1111,25962240800,355700113686.6000,0.727751,2.640189
2020-10-13,3353.1213,3359.7499,3361.8315,3334.4989,20492610300,288505837527.6000,0.576401,0.038253
2020-10-14,3353.6247,3340.7782,3353.6247,3332.9635,19865938200,281159984704.8000,0.558571,-0.564676
2020-10-15,3342.9222,3332.1832,3354.5784,3330.0014,19103128200,263848674025.0000,0.536925,-0.257275
2020-10-16,3334.4568,3336.3582,3348.9543,3319.1100,19429542100,253448029476.6000,0.546099,0.125293
2020-10-19,3351.0961,3312.6671,3371.0862,3307.8407,21230354000,283882790191.0000,0.596689,-0.710089
2020-10-20,3307.1498,3328.1029,3328.1029,3293.7662,16508476200,227823367094.4000,0.463962,0.465963
2020-10-21,3332.1470,3325.0247,3332.1470,3304.1693,17763211500,246848139010.5000,0.499197,-0.092491
2020-10-22,3315.8206,3312.5005,3320.8787,3281.3662,16594998700,236428248945.4000,0.466296,-0.376665
2020-10-23,3308.1581,3277.9972,3326.0489,3276.6197,17420898200,249912883287.6000,0.489498,-1.041609
2020-10-26,3258.7028,3251.1188,3264.4464,3226.6018,16773179500,235462468392.9000,0.471289,-0.819964
2020-10-27,3240.7395,3254.3157,3258.3369,3235.5443,14911556600,217487420943.6000,0.418743,0.098332
2020-10-28,3256.2225,3269.2380,3275.8714,3238.3820,17318196500,256213458182.0000,0.486282,0.458539
2020-10-29,3235.7647,3272.7274,3289.7655,3231.1243,18470358900,278605665230.0000,0.518593,0.106734
2020-10-30,3278.6312,3224.5325,3279.8563,3219.4216,23018880300,328917241624.7000,0.646302,-1.472622
2020-11-02,3228.7150,3225.1196,3242.8041,3209.9094,22677913700,325321869127.4000,0.635911,0.018207
2020-11-03,3239.8063,3271.0744,3278.3806,3237.8539,21529786400,303730147810.2000,0.601964,1.424902
2020-11-04,3273.4326,3277.4402,3286.6212,3254.1113,18851412800,270723846522.5000,0.527031,0.194609
2020-11-05,3305.5798,3320.1333,3320.4080,3291.6000,22680146200,316292709979.0000,0.633725,1.302636
2020-11-06,3326.4645,3312.1590,3326.4645,3292.1507,23486413200,325485056730.6000,0.656254,-0.240180
2020-11-09,3329.4285,3373.7337,3380.8235,3329.4285,31021977100,429948921889.8000,0.866990,1.859050
2020-11-10,3387.6219,3360.1485,3387.6219,3346.1715,27870111300,390008391730.0000,0.778239,-0.402676
2020-11-11,3354.0247,3342.2025,3365.8360,3339.0407,27120465300,355802065547.2000,0.757146,-0.534084
2020-11-12,3344.4562,3338.6788,3350.2848,3329.4850,21650130900,286927436428.6000,0.604426,-0.105430
2020-11-13,3327.2293,3310.1046,3327.2293,3291.6425,22789836400,301527966899.0000,0.636193,-0.855854
2020-11-16,3325.6209,3346.9692,3346.9692,3313.6469,27959376100,333750600125.3000,0.780868,1.113699
2020-11-17,3347.1513,3339.8950,3347.6979,3323.9506,28363247900,353623369912.0000,0.790780,-0.211361
2020-11-18,3337.3315,3347.3034,3358.8938,3333.9916,28753125900,358745367424.6000,0.801650,0.221815
2020-11-19,3339.0864,3363.0876,3367.3328,3330.4496,25326299200,319520194519.5000,0.705979,0.471550
2020-11-20,3359.5966,3377.7267,3380.1489,3356.3086,26127121900,312659789107.0000,0.728277,0.435288
2020-11-23,3384.1039,3414.4899,3431.6529,3377.9862,37387204700,431504375645.3000,1.042746,1.088401
2020-11-24,3407.4087,3402.8225,3413.9263,3396.2436,30099414400,359505804879.5000,0.838440,-0.341703
2020-11-25,3417.5150,3362.3274,3423.4853,3362.3274,32211020700,383477785169.9000,0.897255,-1.190044
2020-11-26,3360.0609,3369.7334,3371.4537,3344.2822,25588682200,317308634999.9000,0.712774,0.220264
2020-11-27,3373.8434,3408.3071,3408.3071,3364.4919,28064989400,326069547157.5000,0.780780,1.144711
2020-11-30,3418.1583,3391.7551,3456.7365,3391.7551,38498996800,454500571790.1000,1.071660,-0.485637
2020-12-01,3388.9867,3451.9384,3457.6354,3386.9113,31618898000,385250751317.3000,0.879056,1.774400
2020-12-02,3453.5181,3449.3805,3465.7288,3435.8712,31281111400,383340845066.5000,0.869663,-0.074100
2020-12-03,3448.5403,3442.1359,3452.1612,3428.8044,29845993000,352422286605.3000,0.829727,-0.210026
2020-12-04,3436.7291,3444.5814,3448.4036,3417.0484,25627670500,329393208345.0000,0.712411,0.071046
2020-12-07,3446.6478,3416.6037,3449.5782,3414.3142,25452250800,336836800332.2000,0.707985,-0.812224
2020-12-08,3417.6936,3410.1771,3428.6618,3403.0263,22690732800,304635033509.6000,0.630491,-0.188099
2020-12-09,3416.0782,3371.9640,3422.5360,3371.9156,26074742400,339317806321.2000,0.724519,-1.120561
2020-12-10,3365.7310,3373.2758,3384.8875,3357.7531,24730830400,321616357218.9000,0.687157,0.038903
2020-12-11,3381.0080,3347.1910,3383.1783,3325.1720,29861715800,379848803590.6000,0.827985,-0.773278
2020-12-14,3349.5340,3369.1201,3371.1291,3338.6263,23980792600,316229132862.0000,0.665347,0.655149
2020-12-15,3366.5813,3367.2326,3373.5579,3348.4192,22566740200,315289741293.4000,0.625445,-0.056024
2020-12-16,3371.2632,3366.9832,3378.6626,3359.1705,22081397600,308823385266.9000,0.610458,-0.007407
2020-12-17,3367.2770,3404.8732,3406.1547,3354.0112,27546363100,364740477233.0000,0.761522,1.125340
2020-12-18,3400.4855,3394.8960,3413.8134,3382.7508,28099264100,354027376853.1000,0.775990,-0.293027
2020-12-21,3394.3945,3420.5693,3423.6088,3381.1158,28375979400,383898951602.5000,0.783582,0.756232
2020-12-22,3410.9678,3356.7822,3415.7538,3353.8581,32303765400,432199556488.2000,0.891638,-1.864809
2020-12-23,3362.4721,3382.3195,3394.2089,3360.2019,29952352700,413254779061.7000,0.826723,0.760767
2020-12-24,3382.1930,3363.1133,3394.0746,3354.0215,27504445000,363321144328.2000,0.759100,-0.567841
2020-12-25,3351.7901,3396.5626,3397.0066,3348.3453,29454689500,359094444683.1000,0.812910,0.994593
2020-12-28,3396.3590,3397.2854,3412.5193,3383.6540,31618154200,398159968832.7000,0.873288,0.021280
2020-12-29,3399.2939,3379.0362,3407.0884,3376.0876,31176918500,382102563807.2000,0.000000,-0.537170
2020-12-30,3375.0086,3414.4527,3414.4539,3374.4156,29102354300,377542350937.2000,0.802089,1.048124
2020-12-31,3419.7267,3473.0693,3474.9182,3419.7267,33567392600,450482318883.5000,0.925127,1.716720
2021-01-04,3474.6793,3502.9584,3511.6554,3457.2061,38079080000,523367700848.6000,1.049472,0.860596
2021-01-05,3492.1912,3528.6767,3528.6767,3484.7151,40799593400,568019462188.0000,1.124286,0.734188
2021-01-06,3530.9072,3550.8767,3556.8022,3513.1262,37023092600,521799529791.8000,1.020219,0.629131
2021-01-07,3552.9087,3576.2046,3576.2046,3526.6174,40534822600,545709628110.3000,1.116954,0.713286
2021-01-08,3577.6923,3570.1082,3588.0625,3544.8912,34555789600,502170815613.8000,0.952198,-0.170471
2021-01-11,3571.3212,3531.4978,3597.7022,3516.9862,36247915400,526895927277.3000,0.999551,-1.081491
2021-01-12,3518.0106,3608.3389,3608.3389,3517.4689,32340615300,485771186330.7000,0.891072,2.175878
2021-01-13,3613.2810,3598.6518,3622.3475,3575.5945,38812779100,554853439062.3000,1.069399,-0.268464
2021-01-14,3584.9324,3565.9046,3599.0584,3559.6001,34766681900,511325103695.8000,0.958187,-0.909985
2021-01-15,3566.2847,3566.3778,3589.2655,3533.7882,32461274400,480343780955.9000,0.894566,0.013270
2021-01-18,3554.7977,3596.2237,3608.7665,3544.2614,30165256500,451740700449.5000,0.831961,0.836869
2021-01-19,3596.3564,3566.3814,3603.1477,3553.0236,32343954100,467402582397.1000,0.890319,-0.829823
2021-01-20,3564.1210,3583.0920,3589.9624,3556.4425,27227166100,397144766184.5000,0.749468,0.468559
2021-01-21,3590.9247,3621.2641,3636.2444,3585.8017,32746699500,469855226645.9000,0.900790,1.065340
2021-01-22,3616.5401,3606.7496,3616.5401,3585.0339,32446308400,485452192409.9000,0.886557,-0.400813
2021-01-25,3605.3611,3624.2381,3637.1002,3591.0204,32734107000,527257347652.8000,0.895229,0.484883
2021-01-26,3610.9686,3569.4290,3610.9686,3564.7415,27813988400,436326664645.8000,0.759523,-1.512293
2021-01-27,3567.5485,3573.3412,3578.7968,3546.4920,26410716100,396270389618.8000,0.721165,0.109603
2021-01-28,3534.6685,3505.1759,3549.5440,3496.8788,27086246100,391574388026.6000,0.739602,-1.907607
2021-01-29,3521.7175,3483.0692,3531.5981,3446.5471,29366266400,416528620977.0000,0.801849,-0.630687
2021-02-01,3477.1715,3505.2836,3506.3889,3469.8750,27756790100,371473066288.8000,0.759244,0.637782
2021-02-02,3510.8084,3533.6849,3535.5020,3495.5681,26454063000,384127851092.3000,0.723000,0.810243
2021-02-03,3531.1490,3517.3080,3544.0092,3508.5069,29735171600,413731471970.7000,0.812515,-0.463451
2021-02-04,3503.7785,3501.8592,3524.7219,3465.7706,29883485400,418742552801.5000,0.816566,-0.439222
2021-02-05,3509.4874,3496.3329,3536.5417,3492.9624,29014617400,397391919559.0000,0.790545,-0.157810
2021-02-08,3504.5631,3532.4467,3542.2075,3492.1286,24979961900,359187319179.3000,0.680152,1.032905
2021-02-09,3539.7726,3603.4890,3604.0112,3528.6755,25382176000,371567972460.7000,0.690993,2.011136
2021-02-10,3612.6125,3655.0880,3662.7655,3612.5049,25794082400,392643389630.2000,0.702160,1.431918
2021-02-18,3721.0865,3675.3571,3731.6870,3663.6637,34030906500,483546564601.1000,0.925740,0.554545
2021-02-19,3661.7834,3696.1680,3699.6502,3634.0149,36105980400,484990205753.6000,0.982440,0.566228
2021-02-22,3707.1912,3642.4449,3717.2669,3642.4449,48882147800,599323102080.9000,1.329346,-1.453481
2021-02-23,3617.7013,3636.3573,3672.1511,3617.7013,39887317400,479631810240.2000,1.085180,-0.167130
2021-02-24,3638.9359,3564.0799,3645.6474,3531.5936,36215895200,484430414619.7000,0.985294,-1.987632
2021-02-25,3595.5424,3585.0458,3608.5568,3568.4735,36623229900,444735017112.4000,0.996325,0.588256
2021-02-26,3514.5648,3509.0804,3550.4055,3500.7036,33328006700,424485913919.4000,0.906652,-2.118952
2021-03-01,3531.4802,3551.3998,3552.5665,3511.9888,31548752600,402477044217.4000,0.857463,1.205997
2021-03-02,3566.8520,3508.5912,3566.8520,3485.3635,33983048600,427680453057.6000,0.922780,-1.205401
2021-03-03,3500.1576,3576.9045,3577.6218,3498.7192,34765684600,415490345736.0000,0.943920,1.947029
2021-03-04,3546.6406,3503.4916,3552.2024,3487.3757,39361612000,462233734230.9000,1.068711,-2.052414
2021-03-05,3463.3086,3501.9867,3523.5682,3456.6668,35640922300,408849901855.9000,0.967690,-0.042954
2021-03-08,3524.9830,3421.4141,3542.3039,3421.2153,38704795400,453859203341.8000,1.050487,-2.300768
2021-03-09,3415.3391,3359.2920,3429.1503,3328.3119,40765253900,456196190297.0000,1.106832,-1.815685
2021-03-10,3389.8388,3357.7372,3397.0251,3354.8230,29974916600,339571691506.0000,0.813865,-0.046284
2021-03-11,3369.9024,3436.8313,3436.8313,3369.9024,32211204400,369805365528.1000,0.874578,2.355577
2021-03-12,3447.2033,3453.0777,3454.5064,3417.2389,35802703500,381964281221.5000,0.972092,0.472715
2021-03-15,3441.8820,3419.9456,3457.4892,3392.5089,36781329300,381646491324.5000,0.998282,-0.959495
2021-03-16,3424.6524,3446.7334,3448.8829,3406.1746,31666874700,332388484730.3000,0.864116,0.783281
2021-03-17,3435.7319,3445.5509,3454.0562,3410.2815,28005981800,306630472148.0000,0.764171,-0.034308
2021-03-18,3449.6413,3463.0681,3478.1447,3449.3774,28440389100,316529174115.7000,0.776025,0.508401
2021-03-19,3423.8733,3404.6634,3439.5236,3389.2929,30916171600,339992292814.0000,0.843549,-1.686502
2021-03-22,3406.1227,3443.4392,3443.6596,3404.2341,31255908400,332535035841.3000,0.852819,1.138903
2021-03-23,3445.3408,3411.5088,3445.4159,3390.0477,32638940900,343477167707.1000,0.890549,-0.927282
2021-03-24,3394.1283,3367.0606,3415.2949,3362.1847,31739869700,344800038245.8000,0.865997,-1.302890
2021-03-25,3355.0706,3363.5915,3382.2260,3344.9695,27067609700,290223442604.1000,0.738036,-0.103031
2021-03-26,3373.3171,3418.3267,3423.2231,3373.3171,27461498700,322408619946.0000,0.748632,1.627284
2021-03-29,3429.6322,3435.2958,3449.8338,3409.8868,28482424300,327944119662.4000,0.776490,0.496415
2021-03-30,3432.5288,3456.6766,3457.6345,3423.3154,28542308100,331625651218.5000,0.778079,0.622386
2021-03-31,3452.2078,3441.9115,3452.2078,3420.8321,28304926100,314174120171.9000,0.771210,-0.427147
2021-04-01,3444.8102,3466.3315,3470.0311,3438.8255,27524429500,292651912290.5000,0.749924,0.709489
2021-04-02,3472.6276,3484.3924,3487.5862,3462.8321,26265487300,317953200767.5000,0.715578,0.521038
2021-04-06,3491.6336,3482.9674,3493.2806,3471.7610,23474667100,286329672740.3000,0.639539,-0.040897
2021-04-07,3483.4211,3479.6256,3483.4211,3453.1947,29578697800,323650987028.2000,0.805797,-0.095947
2021-04-08,3467.4871,3482.5548,3495.9086,3459.3246,33175532900,348011326769.4000,0.903795,0.084181
2021-04-09,3475.4434,3450.6772,3475.4467,3442.1392,28008519600,306422226254.5000,0.763031,-0.915351
2021-04-12,3445.9696,3412.9477,3456.1581,3403.9012,30957723900,338890339564.4000,0.843351,-1.093394
2021-04-13,3411.2928,3396.4700,3425.3945,3387.9020,27062605400,290539879926.0000,0.736552,-0.482800
2021-04-14,3397.0210,3416.7212,3420.0278,3392.9751,23324232700,269010070613.9000,0.634809,0.596243
2021-04-15,3409.6139,3398.9875,3409.6139,3373.0939,23400505400,272569196767.4000,0.636885,-0.519027
2021-04-16,3407.1880,3426.6178,3432.6286,3394.1344,25857967200,295951094704.6000,0.703762,0.812898
2021-04-19,3427.5480,3477.5485,3479.0099,3414.3564,30273581900,368472467524.5000,0.823865,1.486326
2021-04-20,3467.1481,3472.9427,3494.2983,3463.4637,28530008200,358982768197.6000,0.776356,-0.132444
2021-04-21,3456.2991,3472.9298,3481.2511,3450.1113,25377785900,323914146231.9000,0.690873,-0.000371
2021-04-22,3482.8328,3465.1138,3485.3585,3456.3156,25111451000,317081034873.3000,0.682789,-0.225055
2021-04-23,3462.0858,3474.1660,3482.3587,3456.3329,24936043300,323015935279.5000,0.677956,0.261238
2021-04-26,3484.1072,3441.1658,3497.1208,3438.5724,27697077100,388161675553.7000,0.752881,-0.949874
2021-04-27,3440.0911,3442.6111,3443.8538,3417.2647,25303239300,327046020017.7000,0.687815,0.042000
2021-04-28,3432.1612,3457.0683,3457.0683,3423.3250,24738112000,349669207298.3000,0.672395,0.419949
2021-04-29,3458.0819,3474.9011,3478.2278,3447.5878,27663138700,371611589910.9000,0.751816,0.515836
2021-04-30,3468.3022,3446.8564,3469.0872,3426.9023,31266035400,401442334677.1000,0.849649,-0.807065
2021-05-06,3446.0743,3441.2826,3471.2396,3426.8487,31042419200,400525169566.4000,0.843380,-0.161707
2021-05-07,3446.4070,3418.8741,3457.8924,3416.7755,35378538900,411078841642.7000,0.961180,-0.651167
2021-05-10,3423.5896,3427.9909,3429.7359,3401.9346,37417088400,399717549009.4000,1.016214,0.266661
2021-05-11,3406.5980,3441.8454,3448.0959,3384.6966,35093411200,390326273819.7000,0.952665,0.404158
2021-05-12,3429.7544,3462.7513,3466.3708,3428.3944,31144454700,343860406432.6000,0.845421,0.607404
2021-05-13,3432.1380,3429.5361,3448.0169,3418.3846,31932532700,356376917818.6000,0.866523,-0.959214
2021-05-14,3436.0919,3490.3762,3490.6437,3422.5649,33698230900,411116942849.1000,0.914433,1.774004
2021-05-17,3490.4091,3517.6158,3530.5055,3490.1438,32213596900,424476783398.0000,0.868678,0.780420
2021-05-18,3520.6488,3529.0144,3529.0144,3510.8620,27130855800,336028774653.5000,0.731484,0.324043
2021-05-19,3521.1097,3510.9647,3521.1097,3503.8151,27832111700,349973152293.4000,0.750120,-0.511466
2021-05-20,3500.8773,3506.9444,3517.7399,3486.0662,32600933300,390355321486.4000,0.878611,-0.114507
2021-05-21,3510.8353,3486.5569,3518.3769,3479.6744,28382628500,356025931292.5000,0.764638,-0.581347
2021-05-24,3486.2711,3497.2821,3498.3037,3469.8746,28950924200,367181627934.0000,0.779884,0.307616
2021-05-25,3502.5390,3581.3418,3584.5774,3502.4429,34124112700,472213531433.2000,0.919178,2.403572
2021-05-26,3586.8388,3593.3570,3603.4881,3585.3695,34198028800,455831256660.6000,0.921159,0.335494
2021-05-27,3585.7337,3608.8507,3626.3584,3579.2601,30955148600,429004239270.6000,0.833620,0.431176
2021-05-28,3610.7668,3600.7844,3622.1801,3582.3580,34920883000,452445031965.2000,0.940111,-0.223514
2021-05-31,3600.0702,3615.4773,3615.6568,3580.6524,33152377000,449694380975.5000,0.892485,0.408047
2021-06-01,3608.5978,3624.7138,3626.0737,3581.9115,35281141300,471663104796.7000,0.949684,0.255471
2021-06-02,3626.3283,3597.1379,3629.2896,3584.5955,34855842000,454678066375.6000,0.938183,-0.760775
2021-06-03,3595.4215,3584.2121,3618.5067,3584.2054,35423303100,443506527329.2000,0.952899,-0.359336
2021-06-04,3565.4716,3591.8447,3618.8001,3561.8907,33089303800,435280519932.9000,0.890004,0.212951
2021-06-07,3597.1413,3599.5410,3600.3759,3581.8988,30371867700,432219952222.2000,0.816625,0.214272
2021-06-08,3598.7527,3580.1063,3621.5227,3563.2503,30449147000,443161808007.8000,0.818424,-0.539922
2021-06-09,3576.8015,3591.3965,3598.7082,3572.6364,29832329600,403236322753.9000,0.801445,0.315359
2021-06-10,3587.5282,3610.8590,3624.3433,3584.1332,31817480800,442117285383.9000,0.853919,0.541920
2021-06-11,3614.1134,3589.7481,3614.4038,3587.1491,36055497000,495372693064.5000,0.967493,-0.584650
2021-06-15,3587.4658,3556.5590,3592.9465,3547.1870,34916856600,444719204218.3000,0.931783,-0.924552
2021-06-16,3556.7139,3518.3292,3561.0921,3513.5592,31259730600,410609314681.0000,0.834018,-1.074910
2021-06-17,3508.3170,3525.6042,3534.1976,3507.3535,27722991800,388761041679.4000,0.739604,0.206774
2021-06-18,3520.4966,3525.0968,3535.6221,3503.1833,29670858500,446297401403.1000,0.791002,-0.014392
2021-06-21,3515.5006,3529.1826,3540.2959,3504.0075,28089827700,426562789148.1000,0.748832,0.115906
2021-06-22,3539.7876,3557.4120,3560.1946,3536.8120,30753639900,437092259173.4000,0.819055,0.799885
2021-06-23,3559.3988,3566.2199,3577.4661,3549.8482,31070951800,470347635637.0000,0.826447,0.247593
2021-06-24,3568.5758,3566.6539,3570.4874,3548.8161,33544075400,461273595569.7000,0.891722,0.012170
2021-06-25,3567.3772,3607.5618,3614.2981,3564.5199,34608783200,483898970868.6000,0.920020,1.146955
2021-06-28,3612.2469,3606.3722,3614.3574,3594.2174,32127497400,456029594401.3000,0.853874,-0.032975
2021-06-29,3601.6772,3573.1779,3601.8265,3570.5253,30607117800,440898705225.1000,0.813156,-0.920435
2021-06-30,3572.6236,3591.1970,3594.1185,3569.5010,26816281800,414698378933.5000,0.712435,0.504288
2021-07-01,3600.5464,3588.7816,3607.7049,3573.9374,29188319200,450639036987.4000,0.775412,-0.067259
2021-07-02,3569.8919,3518.7595,3569.8919,3514.3386,29194554800,452263194296.0000,0.775514,-1.951139
2021-07-05,3516.9228,3534.3222,3534.3222,3510.5781,28809483700,445431942146.6000,0.765016,0.442278
2021-07-06,3533.1304,3530.2589,3538.3470,3496.9276,31407021100,492886901185.7000,0.833979,-0.114967
2021-07-07,3508.5901,3553.7155,3557.8790,3504.4723,31883918900,457607653225.2000,0.846575,0.664444
2021-07-08,3557.2177,3525.5039,3558.6772,3521.0579,35087785700,526858672969.7000,0.931028,-0.793862
2021-07-09,3512.2334,3524.0881,3529.3098,3485.0543,34988431700,493020839328.1000,0.928252,-0.040159
2021-07-12,3545.1977,3547.8362,3565.0321,3527.3927,40363955800,564759282705.9000,1.069877,0.673879
2021-07-13,3547.5897,3566.5225,3567.4813,3542.8154,36241671100,511917230695.4000,0.960562,0.526696
2021-07-14,3560.8281,3528.5011,3560.8281,3525.4938,37222172200,507716415421.5000,0.985807,-1.066064
2021-07-15,3519.0630,3564.5902,3565.9347,3514.2580,36325916400,507481841307.9000,0.961714,1.022788
2021-07-16,3559.5260,3539.3038,3565.9992,3537.7288,36601477900,518640630071.4000,0.968334,-0.709377
2021-07-19,3530.4932,3539.1225,3544.8793,3506.3423,33676094600,486952459447.0000,0.890642,-0.005122
2021-07-20,3515.0718,3536.7905,3538.6361,3509.1916,29378059400,422649888643.3000,0.776623,-0.065892
2021-07-21,3543.0534,3562.6611,3569.0898,3543.0534,33897874800,517239989150.0000,0.896100,0.731471
2021-07-22,3563.6608,3574.7344,3576.4732,3558.2933,38106705400,566769499164.9000,1.007022,0.338884
2021-07-23,3571.7152,3550.3964,3571.8541,3541.5101,44642124600,604195152712.6000,1.179718,-0.680834
2021-07-26,3538.0143,3467.4409,3538.0143,3424.7424,44288220300,639061193803.4000,1.170201,-2.336514
2021-07-27,3467.4473,3381.1833,3483.8738,3380.2763,46907544300,702741087489.6000,1.239410,-2.487644
2021-07-28,3355.8189,3361.5895,3385.5360,3312.7206,39582541900,564697720125.2000,1.045828,-0.579495
2021-07-29,3403.8383,3411.7240,3416.6071,3382.5710,34456942800,539748855382.9000,0.910457,1.491393
2021-07-30,3398.1960,3397.3574,3404.8813,3370.4506,38144095600,568820969728.0000,1.007828,-0.421095
2021-08-02,3385.6902,3464.2854,3464.2914,3367.6430,43292787100,657885783920.1000,1.143256,1.970002
2021-08-03,3446.7841,3447.9914,3470.6571,3435.4619,40069808100,603419198485.3000,1.058093,-0.470342
2021-08-04,3442.9368,3477.2186,3477.5972,3440.7835,34874421800,546820755983.3000,0.920620,0.847659
2021-08-05,3461.7185,3466.5491,3486.1572,3449.3885,34843692200,540401110891.4000,0.919748,-0.306840
2021-08-06,3465.4842,3458.2277,3466.3904,3436.9317,33682440000,516406643135.9000,0.888985,-0.240049
2021-08-09,3441.7502,3494.6348,3502.8410,3438.7030,34991009400,539498929566.9000,0.923428,1.052768
2021-08-10,3488.6642,3529.9309,3529.9309,3477.0641,34511299200,553440311801.5000,0.910739,1.010008
2021-08-11,3527.1093,3532.6213,3544.0941,3524.0444,38378355400,541942732599.5000,1.012768,0.076217
2021-08-12,3522.7238,3524.7374,3538.3960,3513.4457,38107459300,538163449854.1000,1.005433,-0.223174
2021-08-13,3514.4671,3516.2989,3540.0799,3500.7995,37818728200,532907854295.3000,0.997796,-0.239408
2021-08-16,3514.3445,3517.3447,3537.8500,3510.8976,39109972100,535458941417.3000,1.032199,0.029741
2021-08-17,3512.1090,3446.9760,3531.7249,3438.1233,42288580400,570430624019.0000,1.115530,-2.000620
2021-08-18,3442.3472,3485.2859,3487.4364,3437.6908,38920375600,535463068065.5000,1.026541,1.111406
2021-08-19,3475.2980,3465.5546,3480.4598,3446.0146,38238303100,537926524371.7000,1.008515,-0.566131
2021-08-20,3442.5062,3427.3338,3453.1531,3394.9723,39113691800,552667602551.7000,1.031531,-1.102877
2021-08-23,3436.7963,3477.1321,3481.2543,3436.6706,38472744000,564308155513.8000,1.014410,1.452975
2021-08-24,3482.2658,3514.4710,3522.6973,3481.1409,43023646300,616084137941.8000,1.134160,1.073842
2021-08-25,3517.9151,3540.3837,3540.3948,3510.0664,45004701900,598611868655.4000,1.186350,0.737314
2021-08-26,3537.3139,3501.6643,3537.3155,3499.4529,50290314700,622393475972.1000,1.325679,-1.093650
2021-08-27,3494.4176,3522.1567,3530.1927,3493.3750,45534590600,595518692637.8000,1.198207,0.585219
2021-08-30,3535.0727,3528.1512,3539.4940,3512.9929,51278571600,699116242830.1000,1.349242,0.170194
2021-08-31,3519.0245,3543.9402,3543.9402,3496.3891,52420505600,703504818921.0000,1.378342,0.447515
2021-09-01,3543.8663,3567.1008,3582.3236,3514.6744,66727630500,842528984364.2000,0.000000,0.653527
2021-09-02,3559.9025,3597.0426,3597.3656,3557.6769,57268403900,691113292774.5000,1.504125,0.839388
2021-09-03,3602.7421,3581.7344,3613.9480,3569.3989,61453235300,743840780596.8000,1.613983,-0.425577
2021-09-06,3580.1413,3621.8593,3626.2865,3580.1413,52171327600,654085732918.6000,1.370159,1.120265
2021-09-07,3621.7099,3676.5866,3681.9254,3615.1444,54772187500,658867924825.1000,1.438354,1.511028
2021-09-08,3673.4023,3675.1865,3695.3204,3660.9998,58643619300,674348482657.3000,1.539997,-0.038082
2021-09-09,3666.8246,3693.1296,3693.4499,3662.1633,60481033000,679465424376.3000,1.588046,0.488223
2021-09-10,3691.1856,3703.1103,3722.8732,3681.6415,63520043300,759084638082.2000,1.667804,0.270250
2021-09-13,3699.2534,3715.3723,3716.8315,3692.8157,55748401900,696192354652.1000,1.465436,0.331127
2021-09-14,3709.6336,3662.6015,3723.8451,3655.6341,56495238600,693778088251.5000,1.485066,-1.420337
2021-09-15,3651.1583,3656.2232,3677.5265,3638.3225,47497000100,604231544087.7000,1.248459,-0.174147
2021-09-16,3664.8410,3607.0922,3677.9198,3606.7276,54674147400,673955340424.8000,1.435375,-1.343764
2021-09-17,3595.2715,3613.9663,3620.9575,3569.2707,51685021000,628834394261.2000,1.357504,0.190572
2021-09-22,3563.2074,3628.4897,3629.4539,3560.5033,47229605300,559874729606.3000,1.240161,0.401869
2021-09-23,3651.2661,3642.2204,3670.9542,3632.2822,53499548600,633218929071.3000,1.404775,0.378414
2021-09-24,3637.8677,3613.0673,3651.4294,3607.7919,50730477200,606788609082.6000,1.331978,-0.800421
2021-09-27,3625.9597,3582.8307,3640.8077,3559.9154,51080279500,640673648233.4000,1.340502,-0.836868
2021-09-28,3577.8859,3602.2184,3610.9170,3568.8189,44416880700,500081996059.9000,1.166957,0.541128
2021-09-29,3573.5178,3536.2944,3573.5178,3518.0477,45251115100,511106926314.6000,1.185245,-1.830094
2021-09-30,3541.9283,3568.1668,3572.4259,3541.9283,39562962600,445734703143.3000,1.036198,0.901294
2021-10-08,3609.0874,3592.1666,3612.5539,3571.7338,40716114800,492964826434.7000,1.066152,0.672609
2021-10-11,3600.3569,3591.7087,3614.6988,3586.7487,39436115900,468673831444.8000,1.032531,-0.012747
2021-10-12,3581.2967,3546.9362,3583.6391,3515.1408,40539374800,461983492101.9000,1.061376,-1.246552
2021-10-13,3543.4918,3561.7623,3569.1332,3515.6481,32505066700,405020008806.9000,0.851063,0.417997
2021-10-14,3555.1085,3558.2795,3569.6864,3547.1820,29496919600,377519263093.5000,0.772279,-0.097783
2021-10-15,3551.9874,3572.3662,3578.7661,3542.6932,32029298400,425924720863.9000,0.838572,0.395885
2021-10-18,3571.0482,3568.1379,3571.0482,3539.4779,34095061600,455787893424.6000,0.892641,-0.118361
2021-10-19,3562.2955,3593.1533,3596.7875,3560.6221,33419765200,440181531800.2000,0.874304,0.701077
2021-10-20,3583.2364,3587.0009,3596.0499,3574.2957,34424500800,450482950931.8000,0.900079,-0.171226
2021-10-21,3590.0496,3594.7831,3610.9602,3576.3547,35231086700,453571672488.3000,0.921160,0.216956
2021-10-22,3594.7457,3582.6036,3607.5776,3578.7602,35315720300,455441250136.4000,0.923336,-0.338810
2021-10-25,3574.2631,3609.8626,3611.0908,3564.2059,32119681600,443961628844.7000,0.839612,0.760871
2021-10-26,3612.8332,3597.6377,3625.0156,3589.7060,33727829100,465179593747.4000,0.881637,-0.338653
2021-10-27,3589.8573,3562.3052,3589.8573,3553.1277,35062094000,470777794111.8000,0.916171,-0.982103
2021-10-28,3548.7021,3518.4166,3552.0419,3509.4872,37817166600,502982768104.7000,0.988111,-1.232028
2021-10-29,3519.3276,3547.3361,3547.3361,3502.8013,35880937700,527231831380.4000,0.936872,0.821946
2021-11-01,3530.3963,3544.4795,3556.5900,3519.2901,38225132500,564100255083.6000,0.998043,-0.080528
2021-11-02,3543.3827,3505.6283,3559.0478,3477.6640,41756317300,585519469752.3000,1.090088,-1.096105
2021-11-03,3501.1051,3498.5368,3512.6089,3480.4877,30660766900,449115126719.8000,0.800427,-0.202289
2021-11-04,3505.8944,3526.8657,3527.9517,3503.0059,31944082900,468829179598.2000,0.833905,0.809736
2021-11-05,3520.2073,3491.5677,3525.8723,3491.4565,35453356500,485823223512.6000,0.925501,-1.000832
2021-11-08,3491.9709,3498.6308,3507.2744,3484.2399,29818372200,421968075350.8000,0.778389,0.202290
2021-11-09,3507.1075,3507.0018,3514.9512,3489.0431,28731598900,421200703325.6000,0.749988,0.239265
2021-11-10,3498.9445,3492.4616,3498.9445,3448.4378,30703070800,443112742292.4000,0.801441,-0.414605
2021-11-11,3486.4510,3532.7858,3534.1991,3482.8291,32208795700,464803859154.0000,0.840681,1.154607
2021-11-12,3534.1512,3539.1002,3543.6480,3527.3896,30868335400,443398366972.6000,0.805663,0.178737
2021-11-15,3542.9034,3533.3026,3550.4438,3521.2924,31301761200,464065405724.2000,0.816938,-0.163816
2021-11-16,3530.4575,3521.7867,3549.7654,3517.8065,31039990900,444700782764.8000,0.804434,-0.325925
2021-11-17,3518.5646,3537.3662,3537.5125,3513.5230,27673567100,401552317882.5000,0.717197,0.442375
2021-11-18,3531.4923,3520.7106,3537.9758,3513.1136,31242692700,432898314219.4000,0.809636,-0.470847
2021-11-19,3519.2758,3560.3734,3561.9127,3517.6514,31798997600,440593605999.1000,0.824052,1.126557
2021-11-22,3562.7628,3582.0797,3585.1876,3562.7505,33000938500,509123407001.0000,0.854270,0.609664
2021-11-23,3580.5058,3589.0894,3598.3749,3577.3608,36001159300,508083893762.4000,0.931921,0.195688
2021-11-24,3590.0189,3592.7025,3602.7354,3575.2884,33677524600,481020419983.3000,0.871710,0.100669
2021-11-25,3593.3883,3584.1788,3597.1478,3579.5333,30645151800,450558843113.7000,0.793209,-0.237250
2021-11-26,3576.1136,3564.0894,3576.1136,3554.8798,30100006600,434625236058.4000,0.779098,-0.560502
2021-11-29,3528.6720,3562.6968,3563.6770,3526.3551,33361833100,490038170242.3000,0.863394,-0.039073
2021-11-30,3570.7468,3563.8872,3582.1150,3546.3618,34918793800,493605518047.7000,0.903686,0.033413
2021-12-01,3561.8860,3576.8853,3576.8853,3558.6910,32987351700,467522790618.6000,0.853685,0.364717
2021-12-02,3573.2468,3573.8358,3586.8670,3567.1370,35404152400,468424828237.9000,0.916176,-0.085256
2021-12-03,3576.4496,3607.4322,3608.4698,3573.2135,37755104800,493565554762.0000,0.976962,0.940066
2021-12-06,3615.2356,3589.3061,3626.1257,3586.8052,41867674300,528229670826.2000,1.083307,-0.502465
2021-12-07,3611.2170,3595.0882,3614.2228,3572.5688,40384259400,524119459396.5000,1.044857,0.161092
2021-12-08,3602.8240,3637.5675,3637.7150,3591.9857,36103665700,486034352141.6000,0.930044,1.181593
2021-12-09,3641.1579,3673.0412,3688.3968,3638.7022,43191815700,568529389584.2000,1.112487,0.975204
2021-12-10,3654.3684,3666.3479,3667.8547,3651.3525,41998880100,556324240458.9000,1.081680,-0.182228
2021-12-13,3686.9368,3681.0820,3708.9424,3678.0583,42409200900,574187961681.6000,1.092032,0.401874
2021-12-14,3669.8067,3661.5253,3671.6784,3654.6561,36217193400,487468521311.8000,0.932566,-0.531276
2021-12-15,3655.0489,3647.6303,3668.4016,3645.2425,37747766700,481134370303.0000,0.971933,-0.379487
2021-12-16,3648.9271,3675.0160,3675.0160,3644.6646,38132950700,465911359475.0000,0.981764,0.750781
2021-12-17,3670.2578,3632.3638,3673.6535,3631.6605,40848783700,491952923488.6000,1.051685,-1.160599
2021-12-20,3620.0371,3593.6019,3643.9537,3589.3603,42385141000,491828987623.9000,1.091207,-1.067126
2021-12-21,3591.4519,3625.1251,3627.0884,3591.4519,40818434800,428379392341.4000,1.050802,0.877203
2021-12-22,3632.6763,3622.6178,3635.8992,3616.5477,39482517700,432451306637.3000,1.016411,-0.069165
2021-12-23,3625.4695,3643.3391,3643.5459,3618.0480,38292573400,449988152723.4000,0.985340,0.571998
2021-12-24,3645.3948,3618.0535,3648.9556,3612.0673,39034762500,476261146266.8000,1.004341,-0.694023
2021-12-27,3613.0469,3615.9741,3632.1880,3601.9351,32923529300,407482648446.3000,0.846820,-0.057473
2021-12-28,3619.6419,3630.1115,3631.0766,3607.3643,31620224200,408761369695.7000,0.813147,0.390971
2021-12-29,3630.9159,3597.0002,3630.9159,3596.3225,30513176600,410425339496.9000,0.784551,-0.912129
2021-12-30,3596.4921,3619.1886,3628.9177,3595.4957,30783929100,413947692796.1000,0.791480,0.616858
2021-12-31,3626.2420,3639.7754,3642.8430,3624.9419,32968193200,433489803103.5000,0.847497,0.568824
2022-01-04,3649.1510,3632.3289,3651.8924,3610.0922,40502776900,510251060624.8000,1.040575,-0.204587
2022-01-05,3628.2634,3595.1761,3628.2634,3583.4668,42390202800,538963631684.2000,1.088995,-1.022837
2022-01-06,3581.2184,3586.0792,3594.4890,3559.8803,37154054300,474284290005.4000,0.954461,-0.253031
2022-01-07,3588.9851,3579.5427,3607.2316,3577.0976,43630696100,502891435426.0000,1.120828,-0.182274
2022-01-10,3572.7434,3593.5187,3593.5187,3555.1255,35622261000,443400848592.4000,0.000000,0.390441
2022-01-11,3589.9043,3567.4409,3602.1454,3562.7541,35976186300,441300566933.6000,0.923829,-0.725690
2022-01-12,3578.1629,3597.4321,3599.4993,3572.0965,34313295600,435817892979.5000,0.880593,0.840692
2022-01-13,3601.0265,3555.2585,3601.0725,3555.1576,36936836500,457005419279.0000,0.947903,-1.172325
2022-01-14,3544.0652,3521.2559,3548.4204,3519.3222,37693702400,463197641865.6000,0.967308,-0.956403
2022-01-17,3522.0851,3541.6660,3546.0853,3519.4257,31288673300,438272981569.4000,0.802864,0.579626
2022-01-18,3541.8899,3569.9144,3579.3126,3531.3295,37714643500,470832038609.3000,0.967691,0.797602
2022-01-19,3567.6309,3558.1796,3578.7348,3541.6619,33323526900,420763364209.5000,0.854765,-0.328714
2022-01-20,3556.2262,3555.0629,3576.2594,3540.5545,37950984600,459701843414.5000,0.973418,-0.087593
2022-01-21,3546.7495,3522.5679,3547.0003,3514.8853,32653488000,417768922557.8000,0.836699,-0.914049
2022-01-24,3508.2441,3524.1050,3531.6081,3500.1391,28026834200,358009694270.3000,0.717552,0.043636
2022-01-25,3509.2847,3433.0612,3519.8334,3433.0612,32735381300,383727737453.7000,0.838071,-2.583459
2022-01-26,3442.6916,3455.6679,3462.1233,3417.7585,27512282800,338312361452.2000,0.704352,0.658500
2022-01-27,3456.1021,3394.2474,3456.3630,3392.0154,28060653400,346533957923.7000,0.718099,-1.777384
2022-01-28,3407.5933,3361.4397,3417.0453,3356.5558,29085525700,353774612581.0000,0.744312,-0.966568
2022-02-07,3407.7621,3429.5809,3434.0256,3407.7621,32048521100,357140422916.9000,0.819752,2.027143
2022-02-08,3428.5424,3452.6288,3453.1863,3390.4578,36609386500,387969865736.4000,0.936204,0.672033
2022-02-09,3450.8180,3479.9458,3484.7390,3444.0848,35024993600,393719989770.0000,0.895523,0.791194
2022-02-10,3481.9101,3485.9071,3488.8552,3464.2169,35566626700,404969419399.4000,0.909368,0.171304
2022-02-11,3472.2757,3462.9479,3500.1471,3459.3299,36135609000,426297923498.3000,0.923915,-0.658629
2022-02-14,3451.8468,3428.8821,3457.2645,3415.4463,31527444800,361677855097.5000,0.806062,-0.983723
2022-02-15,3428.0447,3446.0885,3447.4917,3421.6403,27555932200,341638876451.7000,0.704237,0.501808
2022-02-16,3457.0730,3465.8305,3475.0576,3453.8014,27499391300,325563412529.2000,0.702792,0.572881
2022-02-17,3464.2091,3468.0354,3480.9719,3454.2767,29726268200,355783125696.6000,0.759711,0.063618
2022-02-18,3451.6318,3490.7573,3490.7573,3447.0273,29514996300,327220393283.1000,0.754294,0.655181
2022-02-21,3488.4057,3490.6123,3492.1994,3471.6858,30154174000,345398586146.4000,0.770301,-0.004154
2022-02-22,3473.2874,3457.1460,3473.3931,3437.6717,32627948400,387678927613.7000,0.833422,-0.958752
2022-02-23,3458.5139,3489.1465,3490.7633,3458.1795,32560489500,415630339823.4000,0.831435,0.925633
2022-02-24,3474.3692,3429.9564,3486.9773,3400.2136,48835490100,569794044219.7000,1.246940,-1.696406
2022-02-25,3445.3361,3451.4061,3480.1756,3440.9339,37754255600,441659490622.0000,0.963915,0.625364
2022-02-28,3450.3155,3462.3064,3462.3064,3425.5162,34583838800,413804526723.6000,0.882956,0.315822
2022-03-01,3471.3646,3488.8347,3491.1317,3465.7154,32600166200,412562471160.4000,0.831845,0.766203
2022-03-02,3478.2925,3484.1916,3486.6206,3466.9999,32936768400,380143816188.0000,0.840394,-0.133085
2022-03-03,3495.9280,3481.1125,3500.2872,3473.3376,41259428900,443621777161.5000,1.052741,-0.088373
2022-03-04,3459.9845,3447.6490,3474.8816,3437.6964,39352658100,430669055303.2000,1.004068,-0.961288
2022-03-07,3438.5602,3372.8552,3438.5602,3360.7393,39358899900,458156894790.9000,1.004007,-2.169415
2022-03-08,3372.5546,3293.5301,3383.6326,3287.3412,41592676600,485623581003.9000,1.060886,-2.351868
2022-03-09,3303.7060,3256.3884,3321.4811,3147.6768,46628556900,519833299622.0000,1.189232,-1.127717
2022-03-10,3312.1789,3296.0922,3326.5827,3291.2352,37833637600,466084008360.9000,0.964681,1.219259
2022-03-11,3259.3227,3309.7467,3315.6603,3217.4185,38406712700,458687054696.0000,0.979186,0.414263
2022-03-14,3271.8902,3223.5328,3297.7973,3223.5328,33796868700,418055596108.9000,0.861692,-2.604849
2022-03-15,3192.3637,3063.9652,3196.9161,3063.9652,46503716400,508158410060.0000,1.185706,-4.950085
2022-03-16,3107.6690,3170.7103,3177.7882,3023.3045,44466718900,522305342485.2000,1.133724,3.483887
2022-03-17,3215.0105,3215.0445,3260.1673,3202.9337,42081345800,532549484015.7000,1.072890,1.398242
2022-03-18,3207.1522,3251.0724,3260.7829,3197.3578,37303561100,428415081636.7000,0.951029,1.120603
2022-03-21,3255.6152,3253.6857,3267.4982,3223.3892,35422848800,421076289728.0000,0.903153,0.080383
2022-03-22,3249.5428,3259.8619,3279.1127,3239.5323,36119615800,402798964045.8000,0.921064,0.189822
2022-03-23,3264.7923,3271.0325,3279.8868,3251.9817,34987537000,405422033501.5000,0.891732,0.342671
2022-03-24,3256.0573,3250.2644,3266.8866,3236.6592,32900665400,390727516516.5000,0.838530,-0.634910
2022-03-25,3247.1568,3212.2399,3257.1061,3211.6445,34002000600,389770395977.7000,0.866594,-1.169889
2022-03-28,3185.1668,3214.5027,3230.2153,3159.8348,34499487300,374472279969.9000,0.879162,0.070443
2022-03-29,3216.0118,3203.9393,3229.1766,3196.4553,31627364900,363964468654.2000,0.805897,-0.328617
2022-03-30,3217.5921,3266.5959,3266.5959,3216.3023,36675367700,413008941329.0000,0.934467,1.955611
2022-03-31,3256.1369,3252.2029,3272.0400,3246.0630,39843993400,428089033635.3000,1.015162,-0.440612
2022-04-01,3234.6680,3282.7166,3287.2285,3226.2965,37821046000,405675715433.2000,0.963521,0.938247
2022-04-06,3269.4270,3283.4261,3288.1080,3255.6894,42964277900,433556392484.4000,1.094343,0.021613
2022-04-07,3267.8103,3236.6951,3290.2561,3236.4791,40262666000,398081845472.6000,1.025530,-1.423239
2022-04-08,3239.8767,3251.8502,3257.0938,3208.3521,41382679900,414037258374.8000,1.053736,0.468228
2022-04-11,3239.8550,3167.1259,3239.8550,3156.5066,42416018500,435129505094.7000,1.079814,-2.605418
2022-04-12,3165.1197,3213.3295,3214.5359,3140.8998,41832192300,422455849024.5000,1.064637,1.458849
2022-04-13,3199.7972,3186.8244,3225.4670,3183.5330,39115692500,398216898477.4000,0.995445,-0.824848
2022-04-14,3203.6337,3225.6412,3240.0014,3200.2346,37124234400,401191632081.2000,0.944759,1.218040
2022-04-15,3210.6996,3211.2448,3229.8655,3200.1332,40784208200,413498819916.5000,1.037725,-0.446311
2022-04-18,3185.9428,3195.5240,3204.0274,3166.9782,34736512300,366380807917.7000,0.883675,-0.489555
2022-04-19,3192.0924,3194.0287,3207.8276,3174.7138,33994410400,362769876685.7000,0.864789,-0.046794
2022-04-20,3189.8912,3151.0498,3191.8315,3142.0485,36204703700,373572708095.7000,0.920834,-1.345602
2022-04-21,3138.4276,3079.8077,3160.8994,3069.6809,39193469400,396542033946.7000,0.996796,-2.260900
2022-04-22,3058.4044,3086.9193,3105.6552,3049.3555,34200056300,348793631074.8000,0.869586,0.230911
2022-04-25,3034.2667,2928.5118,3043.8156,2928.5096,43360610800,427077210434.4000,1.102505,-5.131572
2022-04-26,2930.4532,2886.4257,2957.6800,2878.2563,40161515400,395985961275.4000,1.021048,-1.437116
2022-04-27,2866.8161,2958.2820,2959.1781,2863.6497,42306019100,422928346515.2000,1.075468,2.489456
2022-04-28,2945.8109,2975.4848,2991.5101,2936.7941,37537177500,388743021897.8000,0.954165,0.581513
2022-04-29,2986.0606,3047.0624,3048.4941,2968.3340,42393279400,440422728847.8000,1.077002,2.405578
2022-05-05,3044.8491,3067.7587,3082.2295,3042.1155,38307287500,409352003238.8000,0.973049,0.679221
2022-05-06,3011.3187,3001.5605,3030.6926,2992.7152,34326421800,346214397719.6000,0.871865,-2.157869
2022-05-09,2990.1990,3004.1409,3015.9425,2983.6119,29206155600,299983258910.4000,0.741464,0.085969
2022-05-10,2965.7759,3035.8442,3043.7789,2957.3968,37066098000,384012598374.9000,0.940986,1.055320
2022-05-11,3035.3893,3058.7027,3100.8998,3034.6745,42399191200,472963382230.8000,1.076181,0.752954
2022-05-12,3044.7997,3054.9940,3072.1574,3032.9452,34444047700,368879652308.0000,0.874208,-0.121251
2022-05-13,3068.0331,3084.2845,3086.0957,3059.2527,33173785200,340942192652.9000,0.841904,0.958774
2022-05-16,3100.5500,3073.7488,3102.5770,3063.3977,33810849200,348957705493.7000,0.858200,-0.341593
2022-05-17,3076.4982,3093.6965,3093.6965,3057.6406,33035653700,351671298470.6000,0.838180,0.648970
2022-05-18,3095.8862,3085.9768,3105.8419,3071.3050,31503792300,338849162214.0000,0.799278,-0.249530
2022-05-19,3046.7104,3096.9648,3096.9648,3042.6742,33660074900,360018210692.0000,0.853725,0.356062
2022-05-20,3107.0941,3146.5673,3146.5673,3107.0941,37233663600,415306218189.0000,0.944214,1.601649
2022-05-23,3150.4898,3146.8573,3150.5093,3127.8986,35337632500,381178569221.6000,0.895889,0.009216
2022-05-24,3149.0590,3070.9272,3153.1299,3070.9272,41631215800,438605376463.8000,1.055121,-2.412887
2022-05-25,3070.1702,3107.4641,3107.6279,3069.9459,34225922700,342322167668.5000,0.867249,1.189768
2022-05-26,3111.4817,3123.1079,3133.2767,3079.4812,37030551800,377364655262.0000,0.938172,0.503427
2022-05-27,3135.0315,3130.2394,3151.0470,3112.5443,35946386600,372631595527.1000,0.910627,0.228346
2022-05-30,3141.9560,3149.0607,3150.8923,3123.1495,34936228500,376667694193.1000,0.883622,0.601274
2022-05-31,3149.9443,3186.4271,3188.6026,3142.0044,37452326500,432528021880.2000,0.947075,1.186589
2022-06-01,3179.6949,3182.1566,3190.6094,3160.0399,36566443200,402419941241.2000,0.924423,-0.134022
2022-06-02,3170.3055,3195.4580,3197.2818,3163.7555,36177063200,413729263916.9000,0.914356,0.418000
2022-06-06,3196.9552,3236.3719,3237.0710,3181.6470,42202783500,517314346904.0000,1.065908,1.280377
2022-06-07,3235.4160,3241.7635,3253.0930,3222.6354,40220322000,482203196909.9000,1.015754,0.166594
2022-06-08,3245.0173,3263.7934,3266.6298,3216.0148,43418327000,508408534896.8000,1.096122,0.679565
2022-06-09,3259.4899,3238.9543,3270.5571,3223.4751,42272837200,468458214289.7000,1.066772,-0.761050
2022-06-10,3214.1848,3284.8341,3286.6195,3210.8083,43986573000,504153681088.1000,1.107506,1.416500
2022-06-13,3256.2750,3255.5511,3272.9906,3229.3089,43857831200,511966171759.0000,1.101532,-0.891461
2022-06-14,3224.2141,3288.9066,3289.1343,3195.8192,45038818700,513844989478.5000,1.131155,1.024573
2022-06-15,3289.1036,3305.4066,3358.5453,3288.8512,55058413100,621972527662.7000,1.382497,0.501686
2022-06-16,3306.8353,3285.3845,3319.6890,3277.5306,43322086800,506053993841.4000,1.087674,-0.605738
2022-06-17,3265.5124,3316.7857,3323.2797,3262.8936,39530070000,497252170221.9000,0.992287,0.955785
2022-06-20,3315.7833,3315.4302,3333.9025,3292.9279,41346041000,527751758046.3000,1.037108,-0.040868
2022-06-21,3313.7874,3306.7186,3329.3900,3279.8269,39445689100,471793645369.8000,0.989328,-0.262759
2022-06-22,3309.1184,3267.2016,3311.0209,3266.5427,37552978200,440850994256.2000,0.941149,-1.195052
2022-06-23,3269.0545,3320.1487,3320.1487,3262.2939,40061421100,474200107521.5000,1.003817,1.620564
2022-06-24,3324.7360,3349.7470,3356.7145,3322.9496,39081973400,509615998469.1000,0.979118,0.891475
2022-06-27,3364.0030,3379.1852,3393.3091,3364.0030,41411773800,541573846134.1000,1.034795,0.878819
2022-06-28,3377.6793,3409.2103,3412.1017,3358.8666,41205651600,525512509334.6000,1.028635,0.888531
2022-06-29,3399.6779,3361.5177,3414.6467,3358.4676,44057355900,561306976812.3000,1.099728,-1.398934
2022-06-30,3358.9338,3398.6161,3417.0085,3358.9338,38124317800,510307202947.5000,0.951311,1.103621
2022-07-01,3400.2616,3387.6373,3404.0523,3378.3621,35048929900,458435288455.9000,0.874399,-0.323037
2022-07-04,3381.8194,3405.4267,3405.6185,3364.0947,35773791900,489347955346.8000,0.892445,0.525127
2022-07-05,3411.1297,3404.0252,3424.8366,3372.0623,41169967200,516605703877.7000,1.026496,-0.041155
2022-07-06,3391.0265,3355.3497,3391.0265,3333.0965,38463004700,487474666924.4000,0.958837,-1.429939
2022-07-07,3353.1283,3364.3980,3375.8595,3332.3092,33440020200,438203112921.0000,0.833515,0.269668
2022-07-08,3380.3686,3356.0778,3386.3149,3354.1209,32292107200,421883933132.7000,0.804872,-0.247301
2022-07-11,3341.1016,3313.5840,3341.1016,3297.0050,34266919300,424942266312.8000,0.853551,-1.266174
2022-07-12,3307.2211,3281.4665,3319.2512,3277.0794,33460053900,410950560718.3000,0.833417,-0.969268
2022-07-13,3279.6025,3284.2918,3297.0185,3266.4811,33184566900,394134617511.0000,0.826476,0.086099
2022-07-14,3277.4545,3281.7440,3299.2512,3261.4934,35592643200,431969353547.9000,0.886340,-0.077575
2022-07-15,3261.3826,3228.0609,3288.9198,3228.0609,38015637100,460877019141.4000,0.946677,-1.635810
2022-07-18,3235.0881,3278.1033,3278.4715,3226.2315,34834602200,423357272299.7000,0.866111,1.550231
2022-07-19,3278.7221,3279.4313,3283.9295,3256.0152,31565191800,396042358323.1000,0.784819,0.040511
2022-07-20,3291.5507,3304.7243,3308.3472,3287.7441,30151512300,383422746838.4000,0.749443,0.771262
2022-07-21,3297.6614,3272.0012,3300.5345,3272.0012,33235870700,420696576741.5000,0.826122,-0.990192
2022-07-22,3276.1966,3269.9739,3293.6439,3246.7313,30069006600,383576011593.0000,0.746789,-0.061959
2022-07-25,3269.7070,3250.3880,3273.1836,3243.0311,27124574400,348281870965.0000,0.000000,-0.598962
2022-07-26,3254.1852,3277.4356,3282.4133,3246.0440,25946867600,334421587036.2000,0.644196,0.832135
2022-07-27,3271.7825,3275.7553,3282.5739,3265.7267,24913148500,339768241053.0000,0.618456,-0.051269
2022-07-28,3287.5019,3282.5758,3305.7057,3277.1078,28805505600,395925555549.0000,0.714989,0.208212
2022-07-29,3282.8114,3253.2382,3294.8045,3246.3677,30733104700,410553093404.4000,0.762768,-0.893737
2022-08-01,3246.6161,3259.9585,3264.3041,3225.5533,29220480500,399000239744.0000,0.000000,0.206573
2022-08-02,3231.2621,3186.2664,3231.2621,3155.1866,39417616800,475962696161.0000,0.977782,-2.260523
2022-08-03,3188.8906,3163.6741,3217.5496,3159.4570,32488567300,455409764942.7000,0.805902,-0.709052
2022-08-04,3179.4278,3189.0391,3190.9992,3155.7039,26089894300,371146916077.8000,0.647137,0.801758
2022-08-05,3195.2274,3227.0267,3228.8863,3184.4549,27468372900,414055641493.2000,0.681310,1.191193
2022-08-08,3218.8511,3236.9337,3237.9693,3214.0826,25426805000,392277178489.9000,0.630507,0.307001
2022-08-09,3235.7351,3247.4318,3248.7718,3227.5394,25960546700,391415560267.1000,0.643703,0.324322
2022-08-10,3242.3622,3230.0200,3253.1662,3217.8065,25758359200,390066120147.4000,0.638512,-0.536171
2022-08-11,3243.4716,3281.6654,3281.6654,3237.9041,30060537600,427399149616.3000,0.744958,1.598919
2022-08-12,3275.7700,3276.8877,3288.2233,3272.8406,29993292800,403906156288.7000,0.743256,-0.145588
2022-08-15,3268.3653,3276.0870,3286.8910,3261.8151,28710677300,387257744646.1000,0.711552,-0.024435
2022-08-16,3278.6756,3277.8847,3295.0226,3271.5703,30359227400,409210082291.4000,0.752381,0.054873
2022-08-17,3282.1008,3292.5260,3295.9976,3263.3483,32612475900,423859011368.3000,0.808192,0.446669
2022-08-18,3286.3669,3277.5438,3289.1415,3270.5584,30169477800,418075199680.1000,0.747327,-0.455037
2022-08-19,3275.6229,3258.0784,3286.4911,3258.0637,33353547100,457863361108.2000,0.825241,-0.593902
2022-08-22,3249.7046,3277.7943,3278.1655,3247.1870,31453786900,427653295825.9000,0.774442,0.605139
2022-08-23,3274.4270,3276.2234,3284.5963,3262.6331,31656635600,418311743962.9000,0.779428,-0.047926
2022-08-24,3279.1716,3215.2033,3281.8752,3212.3860,36614057700,458360278355.2000,0.901487,-1.862513
2022-08-25,3223.4645,3246.2481,3248.3505,3199.1242,33619616500,419464277028.1000,0.827325,0.965563
2022-08-26,3250.6276,3236.2226,3266.2737,3232.2766,30992755400,397556251308.6000,0.762604,-0.308833
2022-08-29,3203.1022,3240.7275,3240.7275,3198.9960,29701509700,363729979752.0000,0.730789,0.139202
2022-08-30,3240.1835,3227.2203,3243.7460,3212.6346,29431891400,353775673849.4000,0.723830,-0.416795
2022-08-31,3216.5257,3202.1378,3232.0158,3184.3936,34440882900,431758007416.9000,0.847019,-0.777217
2022-09-01,3196.5367,3184.9797,3214.5583,3181.6256,27466054100,336978641198.7000,0.675458,-0.535833
2022-09-02,3189.6439,3186.4781,3198.2812,3173.7929,25045691100,313337604115.4000,0.615935,0.047046
2022-09-05,3183.9460,3199.9118,3199.9118,3172.0394,28067563300,339591536253.1000,0.690177,0.421585
2022-09-06,3207.9330,3243.4466,3244.6353,3203.8161,31886968900,378636070327.5000,0.784054,1.360500
2022-09-07,3232.1368,3246.2943,3253.7671,3227.8225,30101446600,368608741474.6000,0.740095,0.087799
2022-09-08,3245.5570,3235.5862,3253.7005,3233.8007,28168035800,328657091591.2000,0.692551,-0.329856
2022-09-09,3241.1809,3262.0542,3266.1974,3236.5078,28382766500,338566713309.5000,0.697638,0.818028
2022-09-13,3272.0492,3263.7972,3278.1659,3259.6644,27618982300,339021890619.5000,0.678688,0.053433
2022-09-14,3224.6783,3237.5419,3250.8024,3221.9609,25519336500,306452822218.0000,0.627066,-0.804440
2022-09-15,3248.9721,3199.9187,3254.1789,3174.3899,32520612100,392490591521.4000,0.799030,-1.162092
2022-09-16,3189.8265,3126.3977,3191.8265,3126.3972,31647589300,355085342917.9000,0.777553,-2.297590
2022-09-19,3122.7549,3115.6019,3135.5565,3101.2207,24911366200,289918817139.3000,0.612020,-0.345311
2022-09-20,3127.8356,3122.4058,3140.0252,3114.0368,21994253400,268600300237.6000,0.540347,0.218382
2022-09-21,3116.0065,3117.1774,3129.8245,3091.2966,23297249600,269513754503.3000,0.572357,-0.167448
2022-09-22,3098.7682,3108.9096,3125.6797,3092.8189,22114068900,269978597649.8000,0.543304,-0.265234
2022-09-23,3106.8055,3088.3695,3124.6583,3072.2409,24305771900,285552915205.6000,0.597119,-0.660685
2022-09-26,3067.5689,3051.2260,3102.6544,3048.5143,26269862800,293536440838.5000,0.644785,-1.202690
2022-09-27,3056.3917,3093.8618,3094.0389,3048.3650,23273530300,290065702696.3000,0.571195,1.397333
2022-09-28,3089.0975,3045.0668,3089.0975,3044.8640,23009865000,276039741572.0000,0.564364,-1.577155
2022-09-29,3067.4727,3041.2046,3076.7615,3026.0792,23003041600,276441059417.7000,0.564200,-0.126835
2022-09-30,3042.1664,3024.3905,3054.6129,3021.9309,20411533600,240262768408.9000,0.500574,-0.552876
2022-10-10,3026.9354,2974.1454,3029.4478,2968.2810,24340482800,290120024166.9000,0.596888,-1.661330
2022-10-11,2978.0617,2979.7926,2986.9116,2953.4953,20863595000,246715637025.1000,0.511551,0.189876
2022-10-12,2976.7168,3025.5055,3025.5055,2934.0922,24801355700,306871328764.9000,0.608093,1.534097
2022-10-13,3008.3016,3016.3561,3036.2485,3004.4963,24968328100,317764786734.7000,0.611990,-0.302409
2022-10-14,3035.0341,3071.9868,3084.2724,3035.0341,27730406100,372050694578.9000,0.679683,1.844301
2022-10-17,3060.5176,3084.9423,3087.1944,3052.7149,26260861800,349214469685.4000,0.638163,0.421730
2022-10-18,3094.9272,3080.9574,3099.9182,3074.2162,24563475700,326002905366.0000,0.596911,-0.129173
2022-10-19,3073.2616,3044.3777,3081.3903,3044.3777,23089531000,313108348652.4000,0.561085,-1.187284
2022-10-20,3029.3028,3035.0504,3070.2648,3013.6929,24473614500,340091337759.5000,0.594684,-0.306378
2022-10-21,3038.0358,3038.9291,3055.4157,3026.9603,24525412200,315110985796.8000,0.000000,0.127797
2022-10-24,3034.7458,2977.5554,3064.4211,2965.1675,29808535600,394725942512.6000,0.724249,-2.019583
2022-10-25,2969.1560,2976.2830,3001.7150,2944.2607,25555416000,337519280757.3000,0.620872,-0.042733
2022-10-26,2977.5643,2999.5036,3028.3478,2977.5643,26868949200,372845274629.2000,0.652728,0.780188
2022-10-27,3005.0373,2982.9029,3017.2629,2981.6889,26560825400,381330371123.0000,0.645076,-0.553448
2022-10-28,2967.0221,2915.9257,2974.2360,2908.9831,29253130800,385261361877.7000,0.710334,-2.245370
2022-10-31,2893.1962,2893.4829,2926.0150,2885.0894,30199420300,396654162133.5000,0.733175,-0.769663
2022-11-01,2899.4985,2969.1995,2969.1995,2896.7572,31980957800,431015902874.1000,0.776409,2.616798
2022-11-02,2960.6465,3003.3699,3019.0486,2954.9478,32507824800,457581522044.7000,0.789141,1.150829
2022-11-03,2981.2038,2997.8057,3003.7207,2977.7162,25934856700,370653283763.4000,0.629579,-0.185265
2022-11-04,2996.9971,3070.7964,3081.5903,2996.9971,32980674000,458770093694.7000,0.800616,2.434804
2022-11-07,3062.8590,3077.8170,3088.1927,3054.4571,32056709700,424429131518.9000,0.778012,0.228625
2022-11-08,3077.3056,3064.4928,3078.2760,3047.4624,25652200700,338966942021.5000,0.622531,-0.432911
2022-11-09,3064.4633,3048.1676,3073.9183,3046.1881,23563732400,306860895708.1000,0.571841,-0.532721
2022-11-10,3031.6915,3036.1318,3047.9803,3022.8506,27037179800,335925917722.4000,0.656115,-0.394854
2022-11-11,3099.6500,3087.2926,3117.7419,3070.3007,40960453400,513784597274.3000,0.993951,1.685065
2022-11-14,3100.8669,3083.4013,3121.4056,3075.2152,36178821600,454546731409.1000,0.875868,-0.126042
2022-11-15,3081.1349,3134.0778,3135.5903,3074.4982,33147057700,446460007889.4000,0.802389,1.643526
2022-11-16,3133.6504,3119.9804,3145.7526,3115.3453,30342984400,386992905050.7000,0.734432,-0.449810
2022-11-17,3110.9649,3115.4347,3115.4351,3087.1737,28702840700,377900109272.6000,0.694704,-0.145696
2022-11-18,3116.7291,3097.2432,3126.7107,3096.8858,29995427600,389207386467.2000,0.725973,-0.583915
2022-11-21,3078.0569,3085.0444,3085.2426,3056.1703,25604554900,345025496474.6000,0.619662,-0.393860
2022-11-22,3084.2328,3088.9426,3118.1197,3076.3214,32756592700,374142821130.4000,0.792706,0.126358
2022-11-23,3084.7403,3096.9073,3108.2438,3075.3241,32615544900,356400844278.1000,0.789308,0.257846
2022-11-24,3104.0955,3089.3096,3113.2392,3084.8554,26748292800,308190185804.6000,0.647318,-0.245332
2022-11-25,3085.4611,3101.6932,3111.4214,3077.9671,31143197900,325426338447.2000,0.753635,0.400853
2022-11-28,3055.2899,3078.5485,3080.1843,3034.7045,30581128400,338549350774.8000,0.737672,-0.746196
2022-11-29,3096.1126,3149.7478,3152.0027,3096.1126,39144974800,439102619264.2000,0.944220,2.312756
2022-11-30,3141.3992,3151.3353,3158.5732,3137.3687,37271832100,404504379283.4000,0.899037,0.050401
2022-12-01,3187.9899,3165.4711,3198.4088,3164.5348,38701305600,462184974022.8000,0.932999,0.448565
2022-12-02,3160.5789,3156.1442,3170.8980,3149.8406,30781248400,366318678808.3000,0.742057,-0.294645
2022-12-05,3181.9155,3211.8144,3213.4395,3177.0642,44739843700,479203617373.5000,1.078531,1.763867
2022-12-06,3200.2750,3212.5334,3224.8220,3195.0788,37359029600,435248700179.1000,0.900563,0.022386
2022-12-07,3204.9352,3199.6194,3226.0817,3188.6705,35411307800,402146133137.5000,0.853599,-0.401988
2022-12-08,3196.0156,3197.3499,3206.7151,3187.2566,32096929400,364935622700.5000,0.773705,-0.070930
2022-12-09,3197.1183,3206.9502,3212.1059,3182.9068,37334320900,447750222046.8000,0.899922,0.300258
2022-12-12,3195.8680,3179.0417,3196.7247,3176.5752,33338179200,394919615249.5000,0.805823,-0.870250
2022-12-13,3179.4354,3176.3255,3187.2035,3171.4827,28582120000,333539763009.7000,0.690859,-0.085441
2022-12-14,3178.5542,3176.5253,3189.8350,3168.5925,26562356900,333950671128.2000,0.642009,0.006290
2022-12-15,3177.1995,3168.6478,3179.1000,3158.4515,24302333300,305204998562.4000,0.587359,-0.247991
2022-12-16,3156.1349,3167.8576,3175.3526,3151.6089,25977179500,307227738354.5000,0.627778,-0.024938
2022-12-19,3165.3092,3107.1150,3170.2552,3096.0981,27851354100,307934621461.9000,0.672908,-1.917466
2022-12-20,3098.9532,3073.7659,3100.7477,3061.5098,21883676600,261716073427.2000,0.528637,-1.073314
2022-12-21,3078.3312,3068.4105,3085.7951,3060.5542,18906792000,226852792581.1000,0.456710,-0.174229
2022-12-22,3085.8004,3054.4313,3096.2449,3044.5991,22363953700,266315477432.4000,0.540186,-0.455584
2022-12-23,3038.8416,3045.8664,3061.8670,3031.5358,19202030500,233335246195.6000,0.463746,-0.280409
2022-12-26,3048.1963,3065.5626,3071.8363,3047.3491,20650389300,255470265306.8000,0.498635,0.646653
2022-12-27,3077.7469,3095.5678,3098.0783,3074.3133,22221832200,267946785441.9000,0.536483,0.978783
2022-12-28,3088.6174,3087.3997,3098.6496,3079.4338,22455415100,260508525682.6000,0.542097,-0.263864
2022-12-29,3076.7264,3073.7016,3086.0048,3064.4594,21557067600,253916981220.2000,0.520406,-0.443678
2022-12-30,3084.5226,3089.2579,3096.3135,3082.1964,21754534400,250355950864.6000,0.525202,0.506110
2023-01-03,3087.5130,3116.5119,3119.8556,3073.0540,28137036200,331392138948.0000,0.679096,0.882218
2023-01-04,3117.5711,3123.5164,3129.0937,3109.4512,27331362600,316391228728.0000,0.659633,0.224754
2023-01-05,3132.7614,3155.2162,3159.4270,3130.2300,25700301800,335635934527.5000,0.620143,1.014875
2023-01-06,3155.0747,3157.6365,3170.7418,3151.8407,25738025500,338539843686.6000,0.621013,0.076708
2023-01-09,3169.3737,3176.0845,3183.5830,3165.4282,25811521800,342693770974.1000,0.622661,0.584234
2023-01-10,3178.0220,3169.5072,3178.1569,3165.1446,23298417500,310357698608.4000,0.562036,-0.207088
2023-01-11,3172.3759,3161.8376,3184.7570,3160.8896,23774286900,309248892854.4000,0.573515,-0.241981
2023-01-12,3167.2730,3163.4509,3171.5905,3153.4038,21667130500,275371843343.4000,0.522007,0.051024
2023-01-13,3170.3548,3195.3059,3195.3067,3167.5098,22022689700,288062499132.3000,0.530552,1.006970
2023-01-16,3198.5189,3227.5916,3251.3739,3197.3186,30674954900,413219640959.9000,0.734966,1.010410
2023-01-17,3229.4354,3224.2448,3231.2645,3211.7573,22659223000,302611778528.6000,0.542882,-0.103693
2023-01-18,3227.5947,3224.4060,3234.8169,3220.3703,21210973000,266068176682.4000,0.508156,0.005000
2023-01-19,3221.5179,3240.2794,3240.2794,3210.3825,22646503000,296815557255.9000,0.542519,0.492289
2023-01-20,3247.2031,3264.8138,3267.0579,3247.2031,27321918200,329028168424.9000,0.654522,0.757169
2023-01-30,3308.8694,3269.3180,3310.4903,3266.7580,35332582900,453177014110.3000,0.844411,0.137962
2023-01-31,3266.1442,3255.6692,3277.2524,3252.0145,30016295700,375260749568.7000,0.717357,-0.417482
2023-02-01,3262.1961,3284.9213,3284.9224,3245.4113,33950941000,413395187748.5000,0.811384,0.898497
2023-02-02,3291.7828,3285.6705,3295.7636,3272.4140,33341313300,428662803430.2000,0.796791,0.022807
2023-02-03,3275.6578,3263.4059,3275.6578,3235.3533,29334281400,378648522965.3000,0.701030,-0.677627
2023-02-06,3244.7007,3238.6978,3250.3514,3226.2112,26705310700,349127264894.7000,0.638096,-0.757126
2023-02-07,3245.2297,3248.0940,3250.0330,3233.8334,25094645000,321257641942.9000,0.599609,0.290123
2023-02-08,3251.5006,3232.1063,3257.1140,3230.4393,23453048100,293332736125.8000,0.560355,-0.492218
2023-02-09,3227.7278,3270.3826,3270.3826,3225.7724,25475452900,351760831733.2000,0.608653,1.184253
2023-02-10,3266.4367,3260.6734,3269.9944,3247.2296,26062692600,341749872023.9000,0.622670,-0.296883
2023-02-13,3256.9881,3284.1599,3285.0913,3252.6327,29721318800,397011413405.7000,0.709971,0.720296
2023-02-14,3288.9742,3293.2825,3293.7338,3279.1894,27097416800,355558052442.5000,0.647285,0.277776
2023-02-15,3294.0150,3280.4919,3296.1995,3274.5505,26993912300,357621816130.5000,0.644805,-0.388385
2023-02-16,3281.7352,3249.0295,3308.8279,3231.3421,38086354500,468382512227.4000,0.909667,-0.959076
2023-02-17,3244.7325,3224.0243,3262.4729,3223.2581,27845123700,355625842543.0000,0.000000,-0.769621
2023-02-20,3230.4728,3290.3383,3291.0388,3225.8427,32500773300,397720315305.1000,0.776111,2.056870
2023-02-21,3291.6312,3306.5236,3308.7908,3282.4360,32440944900,390691271556.0000,0.774603,0.491904
2023-02-22,3292.0489,3291.1477,3307.0343,3286.7207,25540398500,320515620001.2000,0.609813,-0.465017
2023-02-23,3293.5219,3287.4770,3307.4385,3275.3621,26232430400,334364534378.3000,0.626303,-0.111533
2023-02-24,3287.2553,3267.1597,3288.3922,3253.9748,23420630600,308004347731.0000,0.559147,-0.618021
2023-02-27,3256.9998,3258.0344,3276.5791,3251.7213,24285534400,324605090924.8000,0.579474,-0.279304
2023-02-28,3265.7420,3279.6053,3280.4154,3246.1446,25162503200,318030137286.4000,0.599853,0.662083
2023-03-01,3279.1364,3312.3478,3315.1604,3272.0351,31839870400,384387413830.3000,0.758977,0.998367
2023-03-02,3308.0113,3310.6536,3320.7441,3306.4554,32852001600,389390626878.8000,0.782835,-0.051148
2023-03-03,3314.7727,3328.3927,3330.6046,3302.6231,34399691900,388860006704.9000,0.819719,0.535819
2023-03-06,3332.0235,3322.0259,3333.0619,3308.7255,34053044600,431616811145.0000,0.811457,-0.191288
2023-03-07,3320.2110,3285.0988,3342.8585,3284.4099,38995795600,430081145229.3000,0.929120,-1.111584
2023-03-08,3271.8798,3283.2479,3283.2479,3263.6927,26044354700,312822175700.7000,0.620532,-0.056342
2023-03-09,3285.9427,3276.0937,3289.0600,3259.9999,26402185900,328825695492.5000,0.629056,-0.217900
2023-03-10,3255.5121,3230.0766,3262.1470,3229.4959,28113541000,342198577588.1000,0.669792,-1.404633
2023-03-13,3228.1239,3268.6955,3268.6955,3228.1239,29492808700,364414206511.7000,0.702642,1.195603
2023-03-14,3261.9219,3245.3123,3262.0025,3216.9927,31990603300,409976276120.9000,0.762087,-0.715368
2023-03-15,3261.0284,3263.3148,3273.1232,3256.8566,30516879800,373276384409.5000,0.726969,0.554723
2023-03-16,3244.4699,3226.8912,3257.4330,3224.7223,32738963200,392910208396.7000,0.779847,-1.116153
2023-03-17,3245.2604,3250.5460,3279.9228,3240.1570,34300102200,431983057736.5000,0.817002,0.733052
2023-03-20,3253.9302,3234.9103,3267.9931,3231.6459,39251739100,480292404943.9000,0.933625,-0.481018
2023-03-21,3240.8388,3255.6505,3255.9997,3237.8934,30181077900,388047055874.8000,0.717815,0.641137
2023-03-22,3263.4129,3265.7475,3279.3938,3255.7394,29084046200,382509081309.4000,0.691612,0.310138
2023-03-23,3258.7791,3286.6491,3286.6491,3252.9917,30611839300,426564792579.1000,0.727034,0.640025
2023-03-24,3282.7390,3265.6537,3282.7390,3260.8444,32451333700,430761598863.2000,0.770703,-0.638809
2023-03-27,3261.8235,3251.3971,3261.8235,3229.7037,33786120600,453585768740.5000,0.802372,-0.436562
2023-03-28,3256.6023,3245.3760,3264.0978,3241.7368,29568266000,396882943367.8000,0.702181,-0.185185
2023-03-29,3253.6212,3240.0568,3254.5564,3229.5848,29690050800,405542776865.4000,0.705035,-0.163901
2023-03-30,3243.0683,3261.2485,3263.7379,3220.9846,29989829500,401634271105.2000,0.711802,0.654053
2023-03-31,3263.4061,3272.8602,3278.4231,3260.0396,28361374600,396689286254.3000,0.673073,0.356051
2023-04-03,3277.3400,3296.3960,3299.7321,3276.4158,35767677500,513390565537.0000,0.848826,0.719120
2023-04-04,3297.1830,3312.5578,3312.5615,3290.9925,38587161700,555811064015.5000,0.915723,0.490287
2023-04-06,3302.7510,3312.6280,3314.5262,3296.0550,32715542400,506500167165.2000,0.776348,0.002119
2023-04-07,3312.4813,3327.6457,3328.8455,3308.0610,28303224700,436372798925.8000,0.671624,0.453347
2023-04-10,3331.5051,3315.3578,3332.7152,3309.9171,34081984500,516434325402.1000,0.808772,-0.369267
2023-04-11,3317.0771,3313.5705,3317.4484,3298.2498,32056605500,466895849254.6000,0.760531,-0.053910
2023-04-12,3316.8623,3327.1816,3330.7079,3315.3991,34302531500,482066170134.8000,0.813791,0.410768
2023-04-13,3321.2733,3318.3638,3334.4697,3309.2515,34786210600,477587943379.6000,0.825265,-0.265023
2023-04-14,3326.3704,3338.1525,3340.0764,3316.8101,33829927500,478345417461.3000,0.802031,0.596339
2023-04-17,3337.0605,3385.6095,3385.6095,3336.3881,40280992600,523790271022.3000,0.955352,1.421655
2023-04-18,3379.2267,3393.3312,3396.1745,3375.7803,34839948600,474287388944.2000,0.826305,0.228074
2023-04-19,3391.3549,3370.1283,3394.9590,3364.6419,34612344300,476496941017.2000,0.820852,-0.683779
2023-04-20,3367.0525,3367.0310,3371.3679,3344.0160,35035496500,499672394215.6000,0.830638,-0.091905
2023-04-21,3363.9987,3301.2575,3367.6093,3301.2575,38739509800,530517857771.7000,0.917730,-1.953457
2023-04-24,3300.8125,3275.4130,3303.0908,3264.9349,35425562600,473265986268.8000,0.838835,-0.782868
2023-04-25,3276.4030,3264.8717,3288.5685,3229.4461,38089572900,494240131388.3000,0.901936,-0.321831
2023-04-26,3255.2171,3264.1006,3277.9797,3239.9893,35791784200,480418149402.8000,0.847450,-0.023618
2023-04-27,3256.2278,3285.8844,3299.3010,3253.1117,34159053400,466175350420.4000,0.808718,0.667375
2023-04-28,3283.1224,3323.2746,3324.8808,3283.1224,40155478500,514904620687.7000,0.950543,1.137904
2023-05-04,3306.4827,3350.4587,3352.7463,3302.0275,48336491600,550494850346.7000,1.143040,0.817991
2023-05-05,3350.6538,3334.5028,3364.1417,3321.1872,43650449400,499294430532.3000,1.032192,-0.476230
2023-05-08,3340.9904,3395.0036,3400.1766,3340.9904,53410365900,564661993453.0000,1.262939,1.814387
2023-05-09,3402.3938,3357.6707,3418.9534,3356.1183,57301330900,619108477501.3000,1.354614,-1.099642
2023-05-10,3347.7015,3319.1506,3349.7213,3305.2506,45173973100,489553667296.5000,1.067862,-1.147227
2023-05-11,3323.6583,3309.5512,3333.2496,3307.2887,35425827100,401313953404.3000,0.836997,-0.289213
2023-05-12,3304.4582,3272.3619,3319.1307,3271.4311,34731498300,387081199285.3000,0.820587,-1.123696
2023-05-15,3269.8781,3310.7367,3310.7367,3235.8679,38804588700,431706863269.3000,0.917280,1.172694
2023-05-16,3310.1607,3290.9874,3317.9012,3282.4918,32247941000,385386011202.3000,0.762254,-0.596523
2023-05-17,3281.9664,3284.2320,3298.5190,3269.8936,28574405000,340482661497.5000,0.675385,-0.205270
2023-05-18,3288.4112,3297.3199,3313.8622,3284.1679,30996747200,368435070988.2000,0.732474,0.398507
2023-05-19,3288.8911,3283.5417,3302.3424,3268.2242,28540406400,359507956518.1000,0.674220,-0.417861
2023-05-22,3278.5960,3296.4696,3308.5325,3276.5398,27388999800,342448401630.5000,0.646975,0.393718
2023-05-23,3294.7877,3246.2380,3298.2257,3246.2380,27527908300,324667932872.9000,0.650064,-1.523800
2023-05-24,3237.7045,3204.7494,3237.7045,3204.3813,28872025700,342677325734.6000,0.681763,-1.278052
2023-05-25,3197.3644,3201.2605,3207.0210,3168.5716,28358892500,347709231730.5000,0.669567,-0.108867
2023-05-26,3198.8825,3212.5038,3220.7737,3179.8217,26170047900,333319265973.1000,0.617742,0.351215
2023-05-29,3219.7553,3221.4484,3230.9706,3208.9550,29738948700,377875996064.0000,0.701985,0.278431
2023-05-30,3214.6728,3224.2133,3230.6317,3186.6256,30353246000,376622572865.1000,0.716174,0.085828
2023-05-31,3214.6551,3204.5644,3216.3597,3190.2736,29457333800,384999190215.7000,0.694971,-0.609417
2023-06-01,3196.1547,3204.6345,3225.0930,3189.5174,31233075900,400981483177.6000,0.736580,0.002188
2023-06-02,3212.4489,3230.0686,3233.9916,3211.7370,29466709800,377507927729.1000,0.695274,0.793666
2023-06-05,3231.8108,3232.4410,3244.1801,3221.6254,27806020300,357810090574.8000,0.655546,0.073447
2023-06-06,3228.4068,3195.3404,3247.3490,3189.2692,30828587200,387492228835.7000,0.726524,-1.147758
2023-06-07,3197.4677,3197.7587,3210.3295,3188.0053,25806340000,331083866651.7000,0.608067,0.075682
2023-06-08,3194.8348,3213.5855,3225.5263,3180.5354,29353074100,353551633155.6000,0.690839,0.494934
2023-06-09,3213.0330,3231.4055,3231.4055,3206.1027,31415550100,413341768412.7000,0.738779,0.554521
2023-06-12,3225.3049,3228.8336,3239.4368,3210.7135,31378444400,403241619623.4000,0.730699,-0.079591
2023-06-13,3223.8958,3233.6734,3235.0854,3215.4989,28062845400,377193491389.4000,0.653183,0.149893
2023-06-14,3238.1189,3228.9887,3248.4609,3226.7743,30353726000,404009517761.0000,0.706479,-0.144872
2023-06-15,3230.4512,3252.9751,3252.9751,3229.1452,31325575200,437522981548.2000,0.728705,0.742846
2023-06-16,3256.2989,3273.3341,3276.5522,3255.4988,32628184600,444375632395.7000,0.758528,0.625858
2023-06-19,3271.1635,3255.8057,3271.1635,3251.7789,32775304700,455226178218.8000,0.761126,-0.535491
2023-06-20,3252.5435,3240.3648,3252.8435,3237.7857,29826059600,433243981459.9000,0.692519,-0.474257
2023-06-21,3230.1142,3197.9011,3236.3626,3197.9011,29437737200,406234561359.8000,0.683221,-1.310460
2023-06-26,3177.2293,3150.6189,3181.0758,3144.2484,30812981100,398859657407.8000,0.714907,-1.478539
2023-06-27,3153.3132,3189.4427,3194.4086,3148.2657,28760432700,354487810600.4000,0.666396,1.232259
2023-06-28,3183.4865,3189.3758,3192.6589,3157.1229,27623194800,360118192478.4000,0.640025,-0.002098
2023-06-29,3185.4242,3182.3812,3196.5025,3179.5251,25034007400,340636710911.3000,0.579342,-0.219309
2023-06-30,3178.9242,3202.0623,3212.9928,3177.9913,26537987300,359739563354.0000,0.613773,0.618439
2023-07-03,3209.1623,3243.9750,3246.8605,3209.1623,31237139500,421353472356.4000,0.719318,1.308928
2023-07-04,3241.2305,3245.3492,3246.9576,3233.9895,27924872100,387115944059.6000,0.642801,0.042362
2023-07-05,3240.0486,3222.9469,3241.8353,3218.6022,26401642600,351234984740.6000,0.607700,-0.690289
2023-07-06,3215.8633,3205.5748,3229.4799,3199.7164,24611903200,320808312589.1000,0.566465,-0.539013
2023-07-07,3197.4716,3196.6092,3212.0472,3189.2114,25568846900,313607453159.0000,0.588400,-0.279688
2023-07-10,3208.7349,3203.6958,3216.5348,3192.6579,23656036700,311462495601.4000,0.544021,0.221691
2023-07-11,3211.1222,3221.3666,3221.6804,3200.3845,22760046700,309950254679.6000,0.523346,0.551575
2023-07-12,3220.3758,3196.1337,3224.3312,3193.4366,27142338600,365433182293.6000,0.623743,-0.783298
2023-07-13,3202.6992,3236.4800,3238.4675,3202.6992,27662050800,373242517824.7000,0.635297,1.262347
2023-07-14,3240.9695,3237.7012,3248.3849,3233.9985,27332749400,368337829107.5000,0.627674,0.037732
2023-07-17,3219.0162,3209.6298,3219.0162,3195.8862,25020837600,322074497062.9000,0.573084,-0.867016
2023-07-18,3206.7860,3197.8201,3210.2482,3190.0049,23503025900,307331649309.9000,0.538159,-0.367946
2023-07-19,3195.0085,3198.8358,3204.3612,3181.5611,21735586000,281206091159.0000,0.497667,0.031762
2023-07-20,3201.9111,3169.5220,3209.0554,3165.6739,23893289100,302376024110.2000,0.547028,-0.916390
2023-07-21,3163.4210,3167.7452,3185.6357,3157.3335,22533136300,280673190404.2000,0.515879,-0.056059
2023-07-24,3157.4694,3164.1608,3178.7335,3151.1252,21659521100,260119088909.0000,0.495689,-0.113153
2023-07-25,3201.4575,3231.5213,3231.7486,3201.4575,34861771400,410846601110.5000,0.797761,2.128858
2023-07-26,3228.0873,3223.0279,3229.8921,3212.8801,31720605100,328306929373.0000,0.725875,-0.262830
2023-07-27,3225.4763,3216.6709,3245.6028,3210.4699,32711886700,332145068268.0000,0.748555,-0.197237
2023-07-28,3206.7410,3275.9257,3280.2777,3200.9939,41106843400,436923617408.4000,0.940546,1.842116
2023-07-31,3287.2089,3291.0398,3322.1291,3281.0133,45903099400,511505348417.9000,1.049493,0.461369
2023-08-01,3288.7604,3290.9493,3305.3402,3279.5656,45989083300,441023318588.5000,1.051427,-0.002750
2023-08-02,3281.8583,3261.6903,3290.8203,3252.3036,40534149900,388952703973.5000,0.926676,-0.889075
2023-08-03,3254.5651,3280.4626,3280.8636,3247.2719,38469131700,389530671967.1000,0.879441,0.575539
2023-08-04,3296.0944,3288.0842,3315.0492,3281.7343,47092769700,497188089389.3000,1.076523,0.232333
2023-08-07,3276.7756,3268.8311,3276.7756,3258.5372,36034148400,393056934181.5000,0.823390,-0.585542
2023-08-08,3260.7218,3260.6196,3274.5186,3246.6745,31652073300,355750325340.5000,0.723209,-0.251206
2023-08-09,3251.1521,3244.4867,3257.0816,3240.2888,27121853800,309778299573.6000,0.619677,-0.494780
2023-08-10,3242.2057,3254.5597,3257.0298,3234.1158,28741214200,307263291733.2000,0.656653,0.310465
2023-08-11,3254.4751,3189.2480,3254.4751,3189.2480,33013775000,339187129840.7000,0.754207,-2.006775
2023-08-14,3159.7138,3178.4272,3180.5067,3141.6551,29984032700,322632054396.5000,0.684694,-0.339290
2023-08-15,3180.5579,3176.1758,3186.2340,3147.3459,27325192200,300827985374.6000,0.623974,-0.070834
2023-08-16,3164.7019,3150.1277,3176.6260,3149.7226,28172829200,303611332638.4000,0.643317,-0.820109
2023-08-17,3137.3514,3163.7393,3167.4457,3123.2495,29469258600,320785474107.6000,0.672634,0.432097
2023-08-18,3165.0998,3131.9530,3179.1159,3131.9530,29439035200,320449006936.7000,0.671722,-1.004707
2023-08-21,3125.9897,3092.9777,3134.9571,3092.9777,26575342300,293721061621.2000,0.606282,-1.244441
2023-08-22,3103.7807,3120.3338,3126.7838,3074.5307,30931633500,348637687606.8000,0.705567,0.884458
2023-08-23,3116.2661,3078.4021,3116.3765,3077.6056,27224412400,297986364377.0000,0.620880,-1.343821
2023-08-24,3085.9107,3082.2439,3106.1824,3072.9511,30002463700,332447831261.6000,0.684235,0.124799
2023-08-25,3068.6150,3064.0747,3085.0470,3053.0373,29334768600,317757173399.7000,0.668544,-0.589480
2023-08-28,3219.0432,3098.6363,3219.0432,3089.1194,48560776400,517234120908.6000,1.106453,1.127962
2023-08-29,3091.9379,3135.8867,3145.7610,3090.4377,39887578000,443979436975.1000,0.908827,1.202155
2023-08-30,3144.4067,3137.1375,3153.6890,3126.9024,34751186700,414729469599.3000,0.791776,0.039887
2023-08-31,3134.5529,3119.8764,3139.9801,3113.9459,31344824200,362507128776.7000,0.714134,-0.550218
2023-09-01,3126.0234,3133.2467,3143.8457,3123.1896,29231099200,334739632924.7000,0.665947,0.428552
2023-09-04,3145.9435,3177.0603,3177.0603,3143.3793,36639114000,404500273017.5000,0.834664,1.398345
2023-09-05,3169.7384,3154.3693,3169.7384,3150.0753,29406184900,342760613428.0000,0.669893,-0.714214
2023-09-06,3147.1363,3158.0769,3162.1547,3136.8998,26700223000,324001129693.0000,0.608249,0.117539
2023-09-07,3152.2028,3122.3523,3152.2662,3120.8229,26926473300,317186963334.0000,0.613290,-1.131214
2023-09-08,3114.2296,3116.7191,3126.0412,3104.6743,22812506400,270006714934.3000,0.519545,-0.180415
2023-09-11,3119.6101,3142.7790,3155.1026,3113.8164,29044291700,351883735976.6000,0.661364,0.836132
2023-09-12,3140.3409,3137.0593,3147.5141,3134.3176,23467205100,281897501760.6000,0.534382,-0.181995
2023-09-13,3137.7718,3123.0669,3143.7577,3106.9693,24970103800,282015557210.7000,0.568600,-0.446036
2023-09-14,3124.8482,3126.5511,3135.0250,3111.8588,26399013800,281641855533.1000,0.601135,0.111563
2023-09-15,3133.5883,3117.7434,3141.9642,3107.4480,29202636500,326091455871.6000,0.664883,-0.281707
2023-09-18,3110.4404,3125.9319,3128.7009,3098.4960,25944425700,299644725427.4000,0.590426,0.262642
2023-09-19,3123.9862,3124.9567,3131.1298,3113.5254,25365276100,274062664356.7000,0.577185,-0.031197
2023-09-20,3118.6671,3108.5679,3122.1277,3108.1578,22812446200,243019998657.0000,0.519096,-0.524449
2023-09-21,3103.1754,3084.7010,3113.4939,3084.7010,22865910000,243536277536.6000,0.519874,-0.767778
2023-09-22,3084.7567,3132.4316,3132.5578,3078.8007,28597835100,321443778943.2000,0.650042,1.547333
2023-09-25,3131.2079,3115.6071,3131.2079,3112.1505,25807188500,294635829637.9000,0.586306,-0.537107
2023-09-26,3114.0214,3102.2726,3120.2889,3102.2726,22264431300,270006131018.9000,0.505514,-0.427990
2023-09-27,3104.0395,3107.3156,3125.4470,3103.8441,24049583000,293421022407.0000,0.546016,0.162558
2023-09-28,3117.7549,3110.4753,3121.8352,3105.9397,23632998100,288396222754.4000,0.536449,0.101686
2023-10-09,3099.9998,3096.9224,3103.3597,3072.6418,26442220500,302662162123.8000,0.599840,-0.435718
2023-10-10,3104.3651,3075.2361,3109.9822,3073.1864,25532737900,293653291716.5000,0.579105,-0.700253
2023-10-11,3085.6989,3078.9556,3095.6594,3071.9360,25991869200,326562386171.0000,0.589516,0.120950
2023-10-12,3101.7051,3107.9007,3109.9898,3092.1771,27482799800,325865894368.3000,0.623081,0.940095
2023-10-13,3091.9972,3088.0991,3094.9153,3080.5481,25508523500,309538085325.0000,0.578310,-0.637137
2023-10-16,3091.0647,3073.8130,3091.1257,3063.6856,26388236300,314394203029.7000,0.598249,-0.462618
2023-10-17,3076.4283,3083.4964,3084.0725,3064.8897,25901958800,300026228452.2000,0.587223,0.315029
2023-10-18,3076.5796,3058.7098,3076.5796,3057.0588,26864715500,310306035777.2000,0.609033,-0.803847
2023-10-19,3043.1955,3005.3934,3043.1955,3004.7745,30403891000,355069176976.4000,0.689213,-1.743101
2023-10-20,2995.3575,2983.0585,3006.2746,2977.1731,26711359400,307388393327.2000,0.605505,-0.743161
2023-10-23,2969.7858,2939.2913,2973.6611,2923.5113,27890412800,304028962456.0000,0.632117,-1.467192
2023-10-24,2944.3105,2962.2437,2964.7605,2929.0883,31098538900,339902176878.0000,0.704811,0.780882
2023-10-25,2986.4066,2974.1135,2993.2951,2972.4177,33239200400,362846635549.2000,0.753301,0.400703
2023-10-26,2960.1038,2988.2992,2990.3277,2956.0060,29181451100,332258828044.6000,0.661261,0.476972
2023-10-27,2978.4026,3017.7842,3029.2101,2974.8802,32180371700,385692318100.0000,0.729187,0.986682
2023-10-30,3009.6104,3021.5534,3028.2641,3002.3477,36060423800,439587974769.6000,0.816723,0.124900
2023-10-31,3019.6460,3018.7706,3023.0014,3006.6088,31985996700,386277226427.2000,0.724443,-0.092098
2023-11-01,3038.1821,3023.0765,3038.3303,3013.9330,28011044500,347121456482.9000,0.634409,0.142638
2023-11-02,3028.6647,3009.4058,3038.6422,3009.1210,26879458100,311936400777.8000,0.608767,-0.452212
2023-11-03,3012.4654,3030.7977,3040.9807,3012.4654,26848634700,329300477501.0000,0.608068,0.710835
2023-11-06,3047.1301,3058.4105,3058.9891,3037.6941,37294963000,447638159948.7000,0.844627,0.911074
2023-11-07,3052.9202,3057.2697,3064.5771,3042.4689,32685345500,401065573919.0000,0.740228,-0.037300
2023-11-08,3051.1531,3052.3726,3062.9910,3037.2888,33567783400,415289260078.3000,0.760209,-0.160179
2023-11-09,3047.6532,3053.2792,3063.4674,3045.8336,31562176400,388556747091.5000,0.714763,0.029701
2023-11-10,3043.5585,3038.9699,3044.0007,3027.0878,28554649700,346913084540.0000,0.646627,-0.468654
2023-11-13,3044.0319,3046.5329,3048.6209,3028.1680,29043058800,344120017222.0000,0.657464,0.248867
2023-11-14,3046.8171,3056.0703,3059.5294,3044.4259,29484473300,358249840158.0000,0.667456,0.313058
2023-11-15,3077.0291,3072.8348,3080.1284,3064.3464,30425010700,389515977975.0000,0.688745,0.548564
2023-11-16,3066.8554,3050.9257,3071.4522,3050.9257,27107946000,329364382654.0000,0.613615,-0.712993
2023-11-17,3043.6170,3054.3655,3055.8561,3033.7472,26760639300,328568598825.4000,0.605731,0.112746
2023-11-20,3056.9268,3068.3191,3072.5134,3043.5148,28755699800,367109310168.3000,0.650884,0.456841
2023-11-21,3074.8281,3067.9328,3089.7738,3063.3449,33073310200,391558034861.5000,0.748543,-0.012590
2023-11-22,3060.4984,3043.6110,3067.9625,3043.6110,28905649000,330385482669.4000,0.654194,-0.792775
2023-11-23,3041.6779,3061.8562,3062.8665,3034.2969,27659205900,315612515641.0000,0.625969,0.599459
2023-11-24,3060.3306,3040.9717,3060.3306,3037.2012,28778841300,311509355931.7000,0.651247,-0.682086
2023-11-27,3038.1864,3031.7002,3038.3578,3015.0076,31051786800,350705835457.9000,0.702559,-0.304886
2023-11-28,3028.5983,3038.5545,3039.6945,3020.2306,26892074600,317303697729.3000,0.608444,0.226088
2023-11-29,3038.4641,3021.6874,3038.9767,3017.6611,27795644800,322141206078.7000,0.628896,-0.555103
2023-11-30,3021.1025,3029.6727,3030.9086,3013.7678,28294535700,326755696099.9000,0.639893,0.264266
2023-12-01,3027.3530,3031.6358,3035.7599,3010.2333,28608970000,335547176425.7000,0.646998,0.064796
2023-12-04,3033.2980,3022.9138,3038.9794,3022.3477,28816205300,344279695966.6000,0.651612,-0.287699
2023-12-05,3017.0102,2972.2959,3017.0102,2972.2959,29394327800,340454488082.6000,0.664352,-1.674474
2023-12-06,2966.9475,2968.9334,2985.3143,2959.6030,29410418700,336218906356.4000,0.664648,-0.113128
2023-12-07,2965.6523,2966.2061,2976.0148,2949.1438,29624368700,348039623969.4000,0.000000,-0.091861
2023-12-08,2965.3901,2969.5594,2980.8344,2962.3270,36913870500,423492311947.3000,0.833917,0.113050
2023-12-11,2956.2905,2991.4385,2995.6698,2930.4220,36021634400,405351583216.2000,0.812700,0.736779
2023-12-12,2986.3282,3003.4378,3003.7455,2980.4462,28763876200,333170576418.7000,0.532675,0.401121
2023-12-13,2997.3358,2968.7606,2997.3358,2968.7606,28275409800,331476614720.7000,0.637910,-1.154584
2023-12-14,2979.6990,2958.9856,2986.1773,2958.0660,27145765000,312658124559.8000,0.612397,-0.329262
2023-12-15,2966.3015,2942.5568,2976.3094,2940.0266,28932764200,322083690788.2000,0.652638,-0.555217
2023-12-18,2936.5751,2930.8036,2951.1479,2924.3254,29308699900,304915892999.5000,0.661004,-0.399421
2023-12-19,2928.7631,2932.3908,2940.5014,2914.1253,26592698000,283234126181.9000,0.599748,0.054156
2023-12-20,2932.1186,2902.1096,2937.1011,2902.0395,26556245400,290838402139.4000,0.598905,-1.032645
2023-12-21,2892.0201,2918.7149,2924.2562,2882.0195,28254182700,315943775543.6000,0.637179,0.572180
2023-12-22,2919.2879,2914.7752,2935.7002,2906.5094,29662836700,327498019580.5000,0.668861,-0.134981
2023-12-25,2909.8751,2918.8126,2920.6323,2903.9870,22981417800,261487251019.0000,0.517856,0.138515
2023-12-26,2917.9708,2898.8787,2917.9708,2892.8373,22814085500,260220552772.7000,0.514068,-0.682946
2023-12-27,2900.1491,2914.6138,2917.9564,2890.1650,24790088200,279048608009.4000,0.558517,0.542800
2023-12-28,2913.1096,2954.7035,2961.6476,2909.3886,33921311600,392449073493.3000,0.764061,1.375472
2023-12-29,2950.8372,2974.9348,2975.0319,2950.0173,29067268700,349002967266.4000,0.654702,0.684715
2024-01-02,2972.7750,2962.2762,2976.2682,2962.2762,30414179300,345950729194.6000,0.684718,-0.425508
2024-01-03,2957.1117,2967.2472,2971.2834,2953.2901,28545594500,321018391310.1000,0.642574,0.167810
2024-01-04,2965.5087,2954.3486,2966.6828,2936.6347,26498092400,296291346878.8000,0.596455,-0.434699
2024-01-05,2949.8221,2929.1833,2967.9677,2916.7206,30104023900,325917001164.6000,0.677616,-0.851805
2024-01-08,2923.4570,2887.5379,2924.4559,2887.5379,27027505500,290730589588.8000,0.607948,-1.421741
2024-01-09,2887.1095,2893.2513,2900.7266,2878.4123,26295597500,294446373682.5000,0.591475,0.197864
2024-01-10,2886.9807,2877.7023,2903.1621,2870.4155,24404652600,281192192419.3000,0.548896,-0.537423
2024-01-11,2873.7982,2886.6502,2896.1788,2867.7223,26705076400,298552532937.0000,0.600645,0.310939
2024-01-12,2880.0399,2881.9769,2904.1743,2878.8752,26160293100,282877466332.8000,0.588355,-0.161894
2024-01-15,2872.5562,2886.2908,2904.4643,2869.2236,24461123600,269229737081.5000,0.550021,0.149685
2024-01-16,2881.5602,2893.9886,2896.6830,2861.1302,28628671400,300837919168.5000,0.643729,0.266702
2024-01-17,2887.2917,2833.6152,2887.4893,2833.6152,26125130800,283073939817.7000,0.587435,-2.086166
2024-01-18,2822.6672,2845.7839,2849.2559,2760.9780,39039685500,400709904734.2000,0.877554,0.429441
2024-01-19,2836.9749,2832.2793,2849.8755,2822.8434,26666438800,296717043828.4000,0.599365,-0.474548
2024-01-22,2826.5034,2756.3399,2828.3202,2735.3721,35016575800,359918989570.1000,0.786967,-2.681212
2024-01-23,2746.8923,2770.9763,2784.8407,2724.1573,30874941700,312191330216.9000,0.693872,0.531009
2024-01-24,2782.1415,2820.7719,2823.6953,2743.3971,36907060000,357316181644.3000,0.829425,1.797042
2024-01-25,2823.8259,2906.1087,2906.7940,2821.7093,44200904500,437679811285.5000,0.993342,3.025300
2024-01-26,2897.9149,2910.2227,2924.3065,2890.4819,42110908400,402400231262.6000,0.946367,0.141564
2024-01-29,2910.6072,2883.3560,2923.8992,2883.3327,41058131100,397014731369.9000,0.922598,-0.923184
2024-01-30,2866.2795,2830.5266,2881.3468,2829.2498,33566122600,329254005891.9000,0.754184,-1.832219
2024-01-31,2815.5042,2788.5482,2834.0110,2782.5869,37710396500,355636999833.5000,0.847109,-1.483060
2024-02-01,2773.4239,2770.7403,2805.0146,2752.7824,35288918500,337547960520.8000,0.792542,-0.638608
2024-02-02,2773.2949,2730.1520,2791.6756,2666.3335,42623019900,392661142297.9000,0.957003,-1.464890
2024-02-05,2716.0810,2702.1850,2739.7383,2635.0897,47899029200,424877418268.6000,1.075064,-1.024375
2024-02-06,2680.4846,2789.4860,2802.9312,2669.6732,50284931300,441215054098.9000,1.128619,3.230756
2024-02-07,2791.5145,2829.6956,2829.6956,2770.5293,54711743900,495919878083.4000,1.227954,1.441470
2024-02-08,2832.4855,2865.9032,2867.4738,2827.9020,53110889300,482939732024.6000,1.191928,1.279558
2024-02-19,2886.5871,2910.5440,2910.5440,2867.7103,45896770400,442148454574.5000,1.029805,1.557652
2024-02-20,2902.8765,2922.7302,2927.3080,2887.4741,35013873500,357057491972.6000,0.785542,0.418691
2024-02-21,2906.0243,2950.9556,2994.6149,2898.0496,44424546300,450922050718.1000,0.996675,0.965720
2024-02-22,2945.4465,2988.3578,2988.3578,2944.4988,35413253600,365264217873.3000,0.794506,1.267461
2024-02-23,2992.9115,3004.8810,3009.1359,2979.9728,38008327000,398232220674.3000,0.852647,0.552919
2024-02-26,3002.1179,2977.0221,3009.4790,2967.0571,40902655800,427564895756.7000,0.917292,-0.927122
2024-02-27,2966.4166,3015.4807,3015.4807,2961.1479,37298468700,412614978516.7000,0.836255,1.291848
2024-02-28,3016.2555,2957.8524,3031.4881,2957.8524,54410909300,576555221675.0000,1.219927,-1.911082
2024-02-29,2943.6242,3015.1712,3015.1712,2943.6242,40969637400,452808746134.9000,0.918554,1.937852
2024-03-01,3013.8229,3027.0204,3032.2315,3003.7632,37913218400,442984248197.1000,0.849761,0.392986
2024-03-04,3026.6071,3039.3055,3040.3447,3007.6829,38776000200,461727516644.8000,0.868981,0.405848
2024-03-05,3027.1028,3047.7931,3052.5413,3022.1777,38350995500,458900476785.5000,0.859438,0.279261
2024-03-06,3041.7518,3039.9309,3060.5629,3034.3536,34098273900,401334635599.7000,0.764135,-0.257964
2024-03-07,3040.2111,3027.4013,3063.6924,3023.1177,37715439100,423391257039.7000,0.845209,-0.412167
2024-03-08,3026.1654,3046.0192,3049.1940,3016.9032,31920439200,370647474769.4000,0.715298,0.614980
2024-03-11,3042.6188,3068.4554,3068.4554,3035.4451,36160882100,427851361287.9000,0.810136,0.736574
2024-03-12,3068.1820,3055.9350,3075.1308,3044.8572,41574391400,494558502794.2000,0.802445,-0.408036
2024-03-13,3053.3413,3043.8346,3061.9510,3031.8985,36504745300,442453946274.1000,0.817799,-0.395964
2024-03-14,3042.4131,3038.2339,3059.9975,3020.6370,36407229000,436338838339.8000,0.815615,-0.184001
2024-03-15,3031.5229,3054.6359,3056.4473,3023.2152,36026846300,405917703990.6000,0.807084,0.539853
2024-03-18,3057.2093,3084.9262,3085.3124,3055.9221,40665350800,485520636502.6000,0.910965,0.991617
2024-03-19,3077.9805,3062.7558,3090.0459,3062.6279,38412368000,446930657774.1000,0.860488,-0.718669
2024-03-20,3058.6478,3079.6859,3081.7547,3056.6450,34918772900,407432569665.8000,0.782232,0.552773
2024-03-21,3084.4116,3077.1130,3090.0513,3069.2720,36687796800,437634616255.6000,0.821663,-0.083544
2024-03-22,3070.5481,3048.0336,3073.2058,3027.7615,39474048600,456762466559.5000,0.883999,-0.945022
2024-03-25,3040.5010,3026.3055,3065.2611,3026.3055,38748538900,443472341342.3000,0.867660,-0.712856
2024-03-26,3026.9218,3031.4809,3036.4939,3006.2597,34592878700,396410716143.3000,0.774532,0.171014
2024-03-27,3026.8138,2993.1388,3030.4495,2993.1388,34319801000,376242896147.0000,0.768394,-1.264798
2024-03-28,2988.5899,3010.6636,3033.3666,2984.1201,35320002600,392929088720.4000,0.790787,0.585499
2024-03-29,3008.3757,3041.1669,3041.2978,3008.1672,33482278500,364571210090.1000,0.749233,1.013175
2024-04-01,3049.0207,3077.3786,3078.4883,3049.0207,37539364000,420902006773.4000,0.839916,1.190717
2024-04-02,3076.8752,3074.9586,3085.5365,3063.9808,36730426200,396705813294.9000,0.820771,-0.078638
2024-04-03,3074.8929,3069.2959,3079.0200,3057.3972,36321138000,392704394040.9000,0.811630,-0.184155
2024-04-08,3057.3255,3047.0526,3077.3512,3045.4692,40293674000,421808399733.1000,0.900230,-0.724704
2024-04-09,3044.6136,3048.5369,3051.5851,3033.2089,33348996500,347834663475.6000,0.745040,0.048713
2024-04-10,3045.9609,3027.3349,3049.6072,3013.5897,34899172100,364717833491.0000,0.779499,-0.695481
2024-04-11,3013.5727,3034.2464,3050.3372,3009.8972,34089439200,364147836454.7000,0.761339,0.228303
2024-04-12,3035.5773,3019.4735,3043.5599,3014.8297,33422977100,363119193013.8000,0.746364,-0.486872
2024-04-15,3013.6722,3057.3776,3066.9412,2995.5420,46123924400,459849043272.3000,1.029590,1.255321
2024-04-16,3043.5505,3007.0681,3052.4346,3005.3400,44807047300,435170805476.3000,1.000181,-1.645511
2024-04-17,3008.0614,3071.3806,3071.3806,3002.0564,41335836800,416254660835.0000,0.922662,2.138711
2024-04-18,3060.0309,3074.2246,3102.5527,3057.7606,41632134900,441432075756.2000,0.929210,0.092597
2024-04-19,3060.2989,3065.2610,3080.3227,3055.0577,37554385500,396614941121.2000,0.838145,-0.291573
2024-04-22,3059.0649,3044.5952,3078.4226,3042.5420,35721639900,382192259189.5000,0.796794,-0.674194
2024-04-23,3038.6118,3021.9775,3044.9438,3016.5169,32559512800,348651765384.9000,0.726246,-0.742880
2024-04-24,3029.4028,3044.8223,3045.6398,3019.1239,30526409300,335157362713.4000,0.680882,0.755955
2024-04-25,3037.9273,3052.9000,3060.2635,3034.6499,29228014800,315797661218.8000,0.651922,0.265293
2024-04-26,3054.9793,3088.6357,3092.4300,3054.9793,43938256300,484160092982.4000,0.980025,1.170549
2024-04-29,3086.6819,3113.0432,3119.6857,3080.5858,50692544500,554918811231.8000,1.130581,0.790236
2024-04-30,3110.1594,3104.8245,3123.2876,3104.2943,44021321300,473803228530.9000,0.981696,-0.264009
2024-05-06,3132.5115,3140.7204,3142.3816,3126.7689,45065689900,511256135580.5000,1.004537,1.156133
2024-05-07,3139.6637,3147.7380,3151.2190,3133.6904,37910256400,426951665906.2000,0.844881,0.223439
2024-05-08,3141.4874,3128.4798,3144.9856,3126.1729,33400032000,367220116482.8000,0.744295,-0.611811
2024-05-09,3128.1644,3154.3201,3158.4646,3128.1644,36088146200,398979066896.2000,0.804194,0.825970
2024-05-10,3158.5891,3154.5472,3163.1441,3137.1517,38428749500,406707822844.8000,0.856353,0.007200
2024-05-13,3139.4753,3148.0207,3157.3656,3126.1697,39703056500,425963088194.6000,0.885510,-0.206892
2024-05-14,3148.8488,3145.7743,3155.8071,3137.6091,34352619400,370069674870.9000,0.766155,-0.071359
2024-05-15,3141.2518,3119.9021,3142.9725,3117.9287,32102796200,333005622198.2000,0.715978,-0.822443
2024-05-16,3127.1841,3122.4010,3137.8779,3116.1627,36741736100,377502921477.7000,0.819384,0.080095
2024-05-17,3121.7126,3154.0263,3154.0263,3116.7842,38391524400,389572549317.9000,0.856097,1.012852
2024-05-20,3156.1482,3171.1451,3174.2658,3155.9903,42686728000,448816915042.8000,0.951340,0.542760
2024-05-21,3164.6826,3157.9657,3165.2237,3148.3420,33578357200,346584200831.4000,0.748284,-0.415604
2024-05-22,3157.1889,3158.5399,3166.9191,3152.4570,35409808200,364137830725.3000,0.789049,0.018183
2024-05-23,3149.8752,3116.3870,3150.6282,3110.2773,35394372700,356689462882.1000,0.788672,-1.334569
2024-05-24,3110.7533,3088.8705,3130.4245,3087.7941,30653227900,322748606369.1000,0.682996,-0.882962
2024-05-27,3094.1400,3124.0427,3125.5064,3091.9893,31939676500,345383767844.9000,0.711128,1.138675
2024-05-28,3122.3877,3109.5721,3130.3103,3106.3645,31006697400,320985406528.1000,0.690329,-0.463201
2024-05-29,3108.0267,3111.0176,3128.1365,3100.9797,28997034600,297512177291.8000,0.645480,0.046485
2024-05-30,3103.7078,3091.6778,3121.2180,3085.3841,30238076200,318475183004.8000,0.673094,-0.621655
2024-05-31,3094.7587,3086.8134,3107.6035,3086.8134,27607281600,301121881320.1000,0.614400,-0.157339
2024-06-03,3085.9814,3078.4887,3097.2043,3061.2766,35756336200,367608352547.0000,0.795545,-0.269686
2024-06-04,3071.3196,3091.1992,3095.3221,3063.5879,30928759800,325589691920.4000,0.688089,0.412881
2024-06-05,3086.0509,3065.4034,3092.3459,3064.7359,29054234400,299722764399.5000,0.646296,-0.834492
2024-06-06,3069.4393,3048.7939,3077.6725,3040.8295,36986710400,371317019032.4000,0.822583,-0.541837
2024-06-07,3053.9153,3051.2787,3065.0247,3031.0443,31634248400,318911097485.6000,0.703110,0.081501
2024-06-11,3042.1338,3028.0451,3043.1997,3013.8611,31048194200,332683377772.5000,0.687489,-0.761438
2024-06-12,3025.2963,3037.4675,3042.0423,3021.3085,27945210600,312058601482.9000,0.618721,0.311171
2024-06-13,3038.0859,3028.9187,3040.4021,3022.8224,29786246300,336871037065.3000,0.659443,-0.281445
2024-06-14,3020.9588,3032.6333,3037.9046,3011.5773,34874675300,396194698299.9000,0.772011,0.122638
2024-06-17,3017.7169,3015.8907,3026.6242,3012.0452,29576344800,338146875647.7000,0.656794,-0.552081
2024-06-18,3015.0713,3030.2464,3031.9758,3012.5234,27362599900,317319995692.1000,0.607258,0.476002
2024-06-19,3029.0993,3018.0491,3030.2259,3015.3263,26129624800,300290286695.0000,0.579861,-0.402518
2024-06-20,3015.7224,3005.4369,3028.5143,3001.7677,29551590700,324101266446.0000,0.655614,-0.417892
2024-06-21,2998.2413,2998.1377,3011.9141,2985.9291,25500125100,280275384754.5000,0.565669,-0.242867
2024-06-24,2982.8263,2963.0989,2990.6429,2960.1267,29865388400,318595817741.1000,0.662250,-1.168685
2024-06-25,2962.7654,2949.9963,2971.6534,2935.5382,27320993800,296569297319.0000,0.605877,-0.442192
2024-06-26,2943.4471,2972.5251,2976.6690,2933.3304,28238840900,276215175476.2000,0.626214,0.763689
2024-06-27,2962.6964,2945.8524,2963.0644,2944.8979,27054851900,266670979387.7000,0.599781,-0.897308
2024-06-28,2940.3032,2967.4028,2985.4679,2939.9840,31520143200,313347004249.1000,0.698682,0.731551
2024-07-01,2965.2452,2994.7303,2996.4086,2961.8556,29778223500,294321888831.5000,0.659700,0.920923
2024-07-02,2992.8556,2997.0111,3004.9870,2989.4701,28136468300,282559369534.8000,0.623271,0.076160
2024-07-03,2995.6642,2982.3756,2998.5369,2978.0686,24628464200,257840296826.7000,0.545499,-0.488337
2024-07-04,2984.8303,2957.5670,2995.5695,2955.2895,27426878900,259006711039.2000,0.534780,-0.831840
2024-07-05,2954.3723,2949.9333,2957.1069,2920.2046,27232455600,271508929397.0000,0.603069,-0.258107
2024-07-08,2939.8367,2922.4498,2947.6100,2917.2322,27753342400,270872022898.5000,0.614213,-0.931665
2024-07-09,2919.5729,2959.3724,2963.7822,2904.0389,31506203100,320361092785.2000,0.697176,1.263413
2024-07-10,2949.0261,2939.3636,2958.8594,2935.3304,30154945600,306035255361.7000,0.667192,-0.676116
2024-07-11,2957.2502,2970.3874,2971.3608,2947.4027,32837242400,337653177135.1000,0.726539,1.055460
2024-07-12,2965.6121,2971.2950,2977.1417,2963.3033,30371301400,302581575978.9000,0.671697,0.030555
2024-07-15,2963.8472,2974.0107,2977.3126,2959.1288,26899259700,268733339473.8000,0.593277,0.091398
2024-07-16,2963.9001,2976.3043,2977.3613,2959.6655,26078363000,279121370473.0000,0.575171,0.077121
2024-07-17,2970.8081,2962.8549,2972.7949,2957.9480,28230799100,305469105978.3000,0.622535,-0.451883
2024-07-18,2951.1434,2977.1334,2978.0919,2937.9045,27802266500,301283750604.7000,0.613075,0.481917
2024-07-19,2963.5144,2982.3086,2986.2425,2955.1199,28093241300,319112460470.1000,0.619380,0.173832
2024-07-22,2978.1932,2964.2155,2978.6007,2946.5608,27874955900,316415459855.2000,0.614336,-0.606681
2024-07-23,2960.5004,2915.3685,2960.5004,2915.3682,29629599400,307194049861.8000,0.653007,-1.647890
2024-07-24,2909.1521,2901.9518,2922.0298,2894.2885,30611885300,288660361550.7000,0.674635,-0.460206
2024-07-25,2891.8918,2886.7416,2897.7674,2872.8497,27463950000,273281622458.6000,0.605234,-0.524137
2024-07-26,2885.9953,2890.8973,2899.1162,2875.3959,27838753600,275443434962.9000,0.613375,0.143958
2024-07-29,2889.4726,2891.8453,2898.9512,2878.5825,25689972700,260094898441.5000,0.565938,0.032793
2024-07-30,2885.2152,2879.2996,2885.2152,2865.1493,26247883700,269477482590.4000,0.578218,-0.433830
2024-07-31,2877.5409,2938.7493,2940.5927,2876.3009,41272341700,418871723403.4000,0.909184,2.064728
2024-08-01,2940.1200,2932.3871,2947.8768,2928.8262,34662113700,352586120370.1000,0.763537,-0.216493
2024-08-02,2913.0198,2905.3375,2931.2593,2902.7202,31220503900,314917985409.5000,0.687700,-0.922443
2024-08-05,2889.3634,2860.6978,2919.0252,2860.6978,35554057200,356863001418.9000,0.782972,-1.536472
2024-08-06,2878.6508,2867.2837,2888.2009,2845.3350,29730080300,295835558778.0000,0.654698,0.230220
2024-08-07,2864.0101,2869.8338,2886.9417,2857.7247,26309715000,263793649805.1000,0.579328,0.088938
2024-08-08,2864.7580,2869.9014,2886.3994,2850.8745,28912863200,271107919481.4000,0.636607,0.002356
2024-08-09,2879.8726,2862.1941,2887.8489,2862.1941,28425391600,252884027037.8000,0.625861,-0.268556
2024-08-12,2858.8946,2858.2046,2869.2688,2851.2952,24424137100,217626684526.6000,0.535501,-0.139386
2024-08-13,2860.4099,2867.9460,2867.9460,2845.3099,23167460100,210908509413.5000,0.507954,0.340822
2024-08-14,2866.2434,2850.6539,2866.2434,2850.4010,21788517000,207457552384.6000,0.477721,-0.602944
2024-08-15,2844.2005,2877.3579,2889.0866,2839.3875,27190000000,254987115634.9000,0.595972,0.936768
2024-08-16,2877.9403,2879.4298,2888.6753,2873.0601,26365344100,243608265392.4000,0.577862,0.072007
2024-08-19,2877.9542,2893.6738,2905.1547,2877.7709,26168773000,242994885290.2000,0.572871,0.494681
2024-08-20,2895.5506,2866.6610,2896.5194,2855.3293,26365800200,237307803964.2000,0.577094,-0.933512
2024-08-21,2858.9388,2856.5839,2863.8910,2848.1509,22920002700,209909187787.0000,0.501672,-0.351527
2024-08-22,2856.2001,2848.7718,2861.6071,2845.5024,24539941500,230124077189.6000,0.537106,-0.273477
2024-08-23,2844.7703,2854.3675,2860.7327,2839.3371,22669256500,214581900323.2000,0.496115,0.196425
2024-08-26,2855.4741,2855.5203,2860.6545,2844.3828,22735152300,216806649036.9000,0.498295,0.040387
2024-08-27,2850.8773,2848.7312,2853.7804,2843.1576,23069300600,215686326235.9000,0.505565,-0.237754
2024-08-28,2844.3269,2837.4293,2852.5621,2830.9615,22873062300,213862368727.5000,0.501263,-0.396735
2024-08-29,2829.4506,2823.1060,2831.4309,2815.3829,27751053400,257644228807.6000,0.608158,-0.504798
2024-08-30,2819.6498,2842.2142,2867.9649,2817.0141,39751697500,384092892138.4000,0.871149,0.676850
2024-09-02,2832.3499,2811.0350,2839.2784,2810.3739,34071419300,314813036715.5000,0.746608,-1.097004
2024-09-03,2809.1733,2802.9787,2814.9030,2794.9111,27573613900,252782482525.1000,0.604221,-0.286596
2024-09-04,2786.5046,2784.2783,2800.6065,2781.9352,25745350000,234711697257.6000,0.564153,-0.667162
2024-09-05,2785.2635,2788.3141,2796.0186,2777.4710,24204094800,227514507237.8000,0.530359,0.144950
2024-09-06,2791.7645,2765.8066,2804.0932,2765.6394,25364537500,228570135026.9000,0.555784,-0.807208
2024-09-09,2754.7237,2736.4876,2756.5560,2726.9667,26146884700,236605848473.8000,0.572814,-1.060052
2024-09-10,2737.8810,2744.1921,2750.1181,2718.6273,26215901500,226408492961.9000,0.574310,0.281547
2024-09-11,2732.7314,2721.7952,2732.7314,2710.6208,24226490000,219755948411.4000,0.530618,-0.816156
2024-09-12,2722.1382,2717.1231,2734.6832,2716.5552,24008431500,218571098697.3000,0.525839,-0.171655
2024-09-13,2718.9864,2704.0896,2728.7797,2703.3689,25127003800,227818801149.3000,0.550334,-0.479680
2024-09-18,2705.3451,2717.2813,2724.1141,2689.6952,24781713200,213090588644.7000,0.542667,0.487843
2024-09-19,2723.2053,2736.0222,2747.7402,2697.7756,31520838900,280536046232.0000,0.690236,0.689693
2024-09-20,2734.2277,2736.8139,2741.1552,2717.9451,28564462700,255433329892.5000,0.625472,0.028936
2024-09-23,2735.3895,2748.9177,2760.4799,2731.3571,25764215400,235214505877.1000,0.564064,0.442259
2024-09-24,2770.7543,2863.1255,2863.1519,2761.3717,47761954500,442795296868.8000,1.045673,4.154646
2024-09-25,2901.4185,2896.3057,2952.4511,2889.0480,56825981600,516698093562.2000,1.244034,1.158880
2024-09-26,2893.7451,3000.9526,3000.9526,2889.0143,57631926100,524669070870.6000,1.261588,3.613117
2024-09-27,3049.1026,3087.5286,3087.5286,3017.4453,49228716300,480612559539.5000,1.077403,2.884951
2024-09-30,3194.7224,3336.4974,3358.5883,3153.6970,110233791700,1167772549990.4000,2.402703,8.063692
2024-10-08,3674.4048,3489.7751,3674.4048,3372.1868,131346019500,1510513250817.1000,2.862738,4.593970
2024-10-09,3427.2199,3258.8578,3437.1571,3249.1591,99275725600,1264311454429.5000,2.163498,-6.616968
2024-10-10,3277.6916,3301.9259,3379.8053,3228.1248,83450025700,947788514989.0000,1.818421,1.321570
2024-10-11,3287.8727,3217.7377,3297.7517,3187.9882,60602743300,664332794461.9000,1.320480,-2.549670
2024-10-14,3241.4275,3284.3225,3294.6199,3203.9010,63146685900,701499242569.3000,1.376237,2.069305
2024-10-15,3265.7461,3201.2919,3285.2147,3201.2919,56605455800,619091471860.4000,1.233570,-2.528089
2024-10-16,3169.1685,3202.9480,3236.8480,3167.7364,51581399700,533062408932.0000,1.124081,0.051732
2024-10-17,3220.7334,3169.3843,3241.5675,3169.3843,52861177200,557347351398.0000,1.151939,-1.047900
2024-10-18,3165.9745,3261.5633,3313.9784,3152.8213,69301462300,827948922139.1000,1.510178,2.908420
2024-10-21,3276.0598,3268.1100,3300.6640,3239.0965,66815029900,855781454017.1000,1.455730,0.200723
2024-10-22,3263.8224,3285.8669,3294.9612,3255.1375,57491378100,698861461335.1000,1.252568,0.543339
2024-10-23,3285.2474,3302.8028,3331.0823,3277.0663,65044412800,760066419549.9000,1.417080,0.515416
2024-10-24,3287.8243,3280.2625,3292.9448,3266.8823,51982707400,585248946960.3000,1.132467,-0.682460
2024-10-25,3280.7616,3299.7003,3319.3571,3276.1303,59565170700,677255321349.3000,1.297628,0.592568
2024-10-28,3300.4634,3322.1975,3322.1975,3279.7150,67237313100,717510218018.9000,1.464537,0.681795
2024-10-29,3328.0885,3286.4070,3340.4584,3284.2108,72532615400,806573822261.9000,1.579719,-1.077314
2024-10-30,3273.6421,3266.2378,3291.6795,3244.8063,66901809000,730619786746.3000,1.457081,-0.613716
2024-10-31,3267.9750,3279.8244,3295.7421,3252.3899,78464909400,864970968962.6000,1.708913,0.415971
2024-11-01,3275.5768,3272.0142,3305.3181,3258.7346,85205532000,878112793944.5000,1.855638,-0.238129
2024-11-04,3275.6787,3310.2072,3310.2072,3263.8421,66507745400,692341763272.3000,1.448427,1.167263
2024-11-05,3306.8098,3386.9869,3386.9869,3302.0472,82112490200,929931429368.6000,1.788155,2.319483
2024-11-06,3395.2217,3383.8062,3420.9986,3367.0812,89585593000,1026807640357.8000,1.950781,-0.093909
2024-11-07,3359.9851,3470.6609,3470.6609,3356.2580,95955668000,1048841306120.8000,2.089425,2.566775
2024-11-08,3502.1331,3452.2971,3509.8182,3443.1930,96403456200,1107932295571.4000,2.099130,-0.529115
2024-11-11,3432.3672,3470.0657,3471.1222,3416.7266,81802543600,1024334899510.8000,1.779983,0.514689
2024-11-12,3469.8908,3421.9701,3489.4244,3402.0422,81792652400,1039600859287.1000,1.779731,-1.386014
2024-11-13,3406.9164,3439.2778,3442.2983,3404.5254,67366234800,829435316989.4000,1.465776,0.505782
2024-11-14,3429.5054,3379.8389,3441.7746,3376.1528,63155669000,762884198784.3000,1.374147,-1.728238
2024-11-15,3369.8092,3330.7263,3391.3204,3330.7263,63028558300,745937122428.3000,1.371095,-1.453105
2024-11-18,3344.6904,3323.8486,3386.9031,3309.0076,74395069200,755809644463.3000,1.617720,-0.206492
2024-11-19,3324.8831,3346.0098,3346.7577,3284.1330,62502415100,651575376256.0000,1.359079,0.666733
2024-11-20,3337.6778,3367.9893,3375.2482,3333.0023,56615428900,627858323157.0000,1.231056,0.656887
2024-11-21,3362.9444,3370.4039,3378.5175,3348.8552,53033183000,614517433700.1000,1.153110,0.071693
2024-11-22,3368.0430,3267.1916,3372.0034,3267.1916,63068779000,707626460331.8000,1.371146,-3.062313
2024-11-25,3274.8840,3263.7597,3285.4555,3232.9178,53889739000,596502088292.4000,1.171103,-0.105041
2024-11-26,3256.8576,3259.7572,3285.3281,3252.8661,47221930400,509490596260.8000,1.026152,-0.122635
2024-11-27,3250.5910,3309.7789,3309.8805,3227.3553,51120230300,571617596023.5000,1.110466,1.534522
2024-11-28,3308.2797,3295.6983,3319.2559,3290.3641,51195304700,558164131747.0000,1.111989,-0.425424
2024-11-29,3295.2096,3326.4557,3357.5013,3293.6899,58022710200,663851511036.4000,1.260184,0.933259
2024-12-02,3328.4820,3363.9823,3369.3032,3323.0091,66847776200,709509517836.3000,1.450809,1.128126
2024-12-03,3366.2853,3378.8063,3386.6176,3348.3742,66303013900,683982592769.1000,1.438971,0.440668
2024-12-04,3376.5715,3364.6498,3388.0241,3352.9434,62102886200,653467546717.8000,1.347811,-0.418979
2024-12-05,3353.0573,3368.8553,3377.0550,3353.0573,54388574600,565551128328.2000,1.180278,0.124991
2024-12-06,3370.9405,3404.0764,3418.2608,3364.2061,69818657200,685981058113.5000,1.515101,1.045492
2024-12-09,3402.6288,3402.5343,3426.6451,3385.9588,69490520500,649443191295.4000,1.507818,-0.045302
2024-12-10,3490.2892,3422.6607,3494.8669,3417.7654,79466803400,860483994841.6000,1.724249,0.591512
2024-12-11,3416.0874,3432.4902,3437.8103,3416.0874,68154461000,692929618702.8000,1.478797,0.287189
2024-12-12,3432.2786,3461.4998,3464.1162,3425.9755,70009668900,734168982735.3000,1.519014,0.845147
2024-12-13,3442.9259,3391.8782,3442.9259,3390.7537,77746414400,850714862974.4000,1.686815,-2.011313
2024-12-16,3390.0830,3386.3312,3401.9263,3376.5358,62557899600,675237492920.5000,1.358257,-0.163538
2024-12-17,3381.8141,3361.4850,3396.2074,3357.7694,56894150500,584789337297.5000,1.235282,-0.733720
2024-12-18,3371.2955,3382.2081,3396.4603,3371.2955,51252497900,539790684420.2000,0.000000,0.616486
2024-12-19,3355.9041,3370.0331,3377.5321,3346.4690,51390906300,559130979000.3000,1.115742,-0.359972
2024-12-20,3364.4810,3368.0693,3390.6182,3362.8193,49096462100,596821938643.8000,1.065912,-0.058272
2024-12-23,3367.9037,3351.2571,3384.9918,3348.2770,55674724800,623117789296.1000,1.208029,-0.499164
2024-12-24,3353.5354,3393.5281,3394.9044,3352.9474,47199267300,530758037565.0000,1.024014,1.261348
2024-12-25,3395.1072,3393.3501,3406.2125,3374.0113,47131559200,522168241894.2000,1.022492,-0.005245
2024-12-26,3389.3383,3398.0765,3401.0951,3380.2550,42217727100,518937022553.4000,0.915882,0.139284
2024-12-27,3397.2939,3400.1420,3418.9520,3388.3215,50048813000,586090438939.4000,1.085683,0.060784
2024-12-30,3395.3962,3407.3259,3412.8414,3394.9648,45526238300,522245330169.5000,0.987445,0.211282
2024-12-31,3406.9652,3351.7630,3413.4545,3351.7630,50273106200,562584237431.1000,1.090392,-1.630689
2025-01-02,3347.9392,3262.5607,3351.7220,3242.0865,56137519900,603340526739.8000,1.217470,-2.661355
2025-01-03,3267.0766,3211.4299,3273.5656,3205.7755,51759201400,523159754706.6000,1.122234,-1.567198
2025-01-06,3209.7832,3206.9228,3219.4877,3185.4631,43097840300,444188212831.1000,0.934313,-0.140346
2025-01-07,3203.3068,3229.6439,3230.8529,3190.4612,40966052900,436388386572.0000,0.888098,0.708502
2025-01-08,3218.8577,3230.1679,3246.2908,3175.7247,47286439000,508148444863.7000,1.025115,0.016225
2025-01-09,3220.7205,3211.3933,3228.9725,3205.9103,38294355700,434445510330.2000,0.830176,-0.581227
2025-01-10,3211.7068,3168.5238,3220.1073,3168.5238,40366334800,465939368047.4000,0.875064,-1.334919
2025-01-13,3148.8259,3160.7550,3172.7000,3140.9775,37274202300,411773991803.5000,0.808023,-0.245187
2025-01-14,3165.1613,3240.9400,3245.2196,3159.4320,46921270400,538983836002.5000,1.017081,2.536894
2025-01-15,3234.7152,3227.1167,3245.9042,3222.2359,40472319900,466216166943.7000,0.877270,-0.426521
2025-01-16,3239.0261,3236.0320,3265.2824,3217.0966,43065553900,499055442444.4000,0.933498,0.276262
2025-01-17,3226.7616,3241.8212,3256.5067,3219.7734,38359926000,456553132960.4000,0.831498,0.178898
2025-01-20,3256.1492,3244.3776,3268.2626,3238.1214,40333794800,469741031397.5000,0.874131,0.078857
2025-01-21,3256.8325,3242.6226,3258.6103,3229.0689,38458371800,468263378897.7000,0.833329,-0.054094
2025-01-22,3235.4925,3213.6237,3235.5013,3203.3801,36481751800,452312867431.3000,0.790499,-0.894304
2025-01-23,3237.5988,3230.1637,3273.5203,3229.5716,45824680300,539800587226.6000,0.992944,0.514684
2025-01-24,3222.8774,3252.6264,3260.0112,3221.7121,39865303300,480685057973.2000,0.863478,0.695404
2025-01-27,3256.6136,3250.6007,3274.3924,3250.6007,38746764200,450231535760.3000,0.839238,-0.062279
2025-02-05,3270.1604,3229.4876,3271.0220,3220.2794,40638818100,521103029344.4000,0.878814,-0.649514
2025-02-06,3226.5750,3270.6594,3271.4271,3225.8459,46084273000,590421697753.9000,0.996491,1.274871
2025-02-07,3269.2269,3303.6666,3324.4280,3262.5085,60055845100,757613811179.4000,1.298616,1.009191
2025-02-10,3308.0400,3322.1698,3325.3558,3299.2429,54658974900,677038155519.9000,1.181843,0.560081
2025-02-11,3323.6694,3318.0569,3324.1727,3304.4443,51194354100,632166670870.5000,1.106668,-0.123802
2025-02-12,3312.2572,3346.3854,3346.3854,3310.3904,51343782800,647387578503.4000,1.109801,0.853768
2025-02-13,3343.2347,3332.4826,3359.1807,3332.4826,56863116100,705799791954.1000,1.229101,-0.415457
2025-02-14,3328.4830,3346.7242,3349.0836,3322.5289,53233296500,667555376411.5000,1.150568,0.427357
2025-02-17,3355.4171,3355.8296,3357.1212,3333.1948,58954656900,750113054935.2000,1.274212,0.272069
2025-02-18,3348.9827,3324.4906,3366.0119,3314.3006,56267924000,696798784144.3000,1.216078,-0.933867
2025-02-19,3320.7801,3351.5392,3352.0867,3320.5809,50291296500,675146370379.5000,1.086897,0.813616
2025-02-20,3347.5893,3350.7833,3355.5571,3338.0335,50435711400,670099045657.4000,1.090010,-0.022554
2025-02-21,3356.6947,3379.1128,3381.0575,3339.0256,60819020600,855656954773.5000,1.298313,0.845459
2025-02-24,3374.0813,3373.0276,3384.8106,3355.8694,59818820300,802847050067.8000,1.276895,-0.180083
2025-02-25,3345.6534,3346.0398,3369.5583,3337.8448,52757856200,727509770070.1000,1.125934,-0.800106
2025-02-26,3351.2093,3380.2144,3380.2144,3351.2093,55399203100,747887357857.5000,1.182281,1.021345
2025-02-27,3378.4494,3388.0622,3388.7808,3353.5712,57581502000,774059980112.0000,1.228727,0.232169
2025-02-28,3374.6636,3320.8973,3383.1909,3318.7162,56831950400,758054890359.3000,1.212735,-1.982399
2025-03-03,3328.3955,3316.9253,3349.0169,3304.5931,50241786200,643980682981.8000,1.072083,-0.119606
2025-03-04,3300.4980,3324.2099,3327.8242,3297.5304,42999611100,568728427190.7000,0.917482,0.219619
2025-03-05,3324.6962,3341.9649,3342.7143,3314.1478,46095269600,587767599799.6000,0.985559,0.534112
2025-03-06,3353.5703,3381.0983,3387.0538,3348.6840,53999270900,736438106671.7000,1.154577,1.170970
2025-03-07,3373.1808,3372.5458,3390.9442,3363.9288,51766355100,687879051004.4000,1.106799,-0.252950
2025-03-10,3373.2588,3366.1630,3375.7978,3347.1859,45038083200,595026433923.3000,0.000000,-0.189258
2025-03-11,3335.4394,3379.8284,3379.8287,3334.8313,44846832300,592285777947.1000,0.958845,0.405964
2025-03-12,3385.6853,3371.9235,3392.4086,3370.2204,50219510000,648501625854.2000,1.073717,-0.233885
2025-03-13,3371.0945,3358.7285,3377.1183,3341.1182,51901347900,636211623471.0000,1.109680,-0.391320
2025-03-14,3361.6861,3419.5616,3421.2333,3360.6063,58266338800,750041647163.9000,1.244159,1.811194
2025-03-17,3430.8093,3426.1285,3436.3516,3422.4618,51568513800,639349980361.1000,1.101125,0.192039
2025-03-18,3434.5653,3429.7593,3437.0654,3423.3005,45491606300,586338207325.5000,0.971285,0.105974
2025-03-19,3424.1726,3426.4291,3439.0463,3414.5933,44031629900,559970207906.8000,0.940110,-0.097097
2025-03-20,3425.2157,3408.9482,3427.0454,3404.6620,45163068200,565607596558.8000,0.964264,-0.510178
2025-03-21,3401.7593,3364.8307,3414.7094,3355.8396,52086263000,623164007297.2000,1.112062,-1.294168
2025-03-24,3364.8342,3370.0283,3373.6936,3340.2383,51331026000,586745474406.0000,1.095938,0.154468
2025-03-25,3370.0008,3369.9763,3379.9884,3361.0462,45635739300,516435662209.0000,0.974072,-0.001543
2025-03-26,3365.6658,3368.6973,3382.3424,3365.6658,42853377000,485185602278.8000,0.914684,-0.037953
2025-03-27,3362.7123,3373.7489,3394.0349,3351.1739,41477631400,496457111680.0000,0.885331,0.149957
2025-03-28,3372.0388,3351.3068,3375.0528,3346.0807,41228428900,468807615343.1000,0.880002,-0.665198
2025-03-31,3343.3442,3335.7462,3361.7415,3317.7381,47257197800,531475775844.1000,1.008682,-0.464314
2025-04-01,3340.7121,3348.4351,3357.6215,3338.7788,42258867000,499415666019.2000,0.901947,0.380392
2025-04-02,3344.1711,3350.1266,3361.1340,3343.1155,35012736400,411666039517.9000,0.747246,0.050516
2025-04-03,3319.6057,3342.0077,3358.4256,3319.6057,40051782700,486510412986.4000,0.854760,-0.242346
2025-04-07,3193.1024,3096.5762,3217.7818,3040.6932,66219958400,735367327481.5000,1.413224,-7.343834
2025-04-08,3094.2619,3145.5491,3145.5491,3085.1229,66224238700,730166160654.7000,1.412918,1.581518
2025-04-09,3110.0101,3186.8099,3186.8099,3070.0778,68479717400,755430247444.1000,1.461056,1.311720
2025-04-10,3227.8362,3223.6379,3239.9408,3201.5714,59120827300,682356544755.6000,1.261378,1.155638
2025-04-11,3219.5053,3238.2268,3249.8536,3211.3497,47553180400,580791402193.7000,1.014554,0.452560
2025-04-14,3251.9779,3262.8075,3272.7203,3244.7327,47137322000,543811431533.9000,1.005685,0.759079
2025-04-15,3260.6850,3267.6623,3268.9848,3246.3369,39666289500,456332610419.5000,0.847173,0.148792
2025-04-16,3267.6650,3276.0039,3276.0045,3233.7911,42953485400,489200692651.5000,0.917381,0.255277
2025-04-17,3261.7177,3280.3412,3285.9154,3258.1451,38201269800,442596764018.0000,0.815885,0.132396
2025-04-18,3270.3534,3276.7304,3283.0896,3262.3916,35883619300,380313472554.0000,0.766350,-0.110074
2025-04-21,3273.1383,3291.4341,3298.6398,3270.0131,37930758800,429391687759.8000,0.810070,0.448731
2025-04-22,3289.1664,3299.7571,3311.1529,3288.3316,40316761500,452675441997.0000,0.862491,0.252868
2025-04-23,3308.1514,3296.3552,3312.1923,3293.0633,41163321200,486209315161.0000,0.880299,-0.103095
2025-04-24,3295.1487,3297.2881,3313.5087,3286.2363,39284474900,434706037225.2000,0.840115,0.028301
2025-04-25,3300.3916,3295.0600,3305.2618,3288.7545,41104319200,445417627332.6000,0.878979,-0.067574
2025-04-28,3292.0559,3288.4147,3296.9318,3279.8773,41066586300,441916383127.0000,0.878176,-0.201675
2025-04-29,3281.4453,3286.6548,3294.9815,3277.6271,38896167200,430881033503.5000,0.831643,-0.053518
2025-04-30,3284.0812,3279.0314,3292.2002,3277.5499,43579433500,505572584224.8000,0.931774,-0.231950
2025-05-06,3295.2504,3316.1135,3316.4476,3286.9886,47436961700,551825065624.5000,1.014251,1.130886
2025-05-07,3354.9737,3342.6651,3356.6884,3324.8088,51115960600,595230089056.8000,1.092812,0.800684
2025-05-08,3331.2052,3351.9958,3359.7309,3327.9024,42837776600,501611375480.2000,0.915782,0.279140
2025-05-09,3350.4050,3341.9989,3351.2198,3335.1270,39890919100,464862361533.5000,0.852771,-0.298237
2025-05-12,3352.9698,3369.2445,3372.4724,3344.2687,41823991000,522080702357.3000,0.894055,0.815249
2025-05-13,3386.2344,3374.8707,3386.2344,3370.2516,42624070000,506608943780.3000,0.911937,0.166987
2025-05-14,3374.2353,3403.9481,3417.3142,3368.0781,46493444100,534872944626.8000,0.994675,0.861586
2025-05-15,3398.4272,3380.8214,3402.8656,3378.0208,42410091600,461292249433.7000,0.907316,-0.679408
2025-05-16,3374.7061,3367.4619,3380.2900,3356.6609,39540103000,435647042664.2000,0.845906,-0.395155
2025-05-19,3365.8823,3367.5829,3373.5994,3356.6483,40307480500,437177569219.3000,0.862323,0.003593
2025-05-20,3371.6886,3380.4780,3387.8040,3369.9629,40554453400,450290477203.2000,0.845842,0.382919
2025-05-21,3380.2094,3387.5736,3394.7541,3380.2094,41249616500,465956993372.1000,0.864774,0.209899
2025-05-22,3381.8650,3380.1885,3390.5925,3376.2331,39421720600,438334515335.4000,0.822679,-0.218006
2025-05-23,3376.8691,3348.3717,3389.4686,3348.3717,40022700400,468587869621.5000,0.839531,-0.941273
2025-05-26,3346.5610,3346.8388,3362.3070,3336.3552,34756210100,400526568362.5000,0.729511,-0.045780
2025-05-27,3346.5029,3340.6870,3351.5718,3332.4895,34407115700,394408732880.1000,0.721890,-0.183809
2025-05-28,3341.8518,3339.9319,3348.2340,3336.7273,34155544300,389341214708.2000,0.712961,-0.022603
2025-05-29,3340.4012,3363.4455,3368.6334,3337.4150,39323380600,453741382170.8000,0.822167,0.704014
2025-05-30,3358.8093,3347.4873,3361.2751,3341.6484,38560217000,443358967722.6000,0.808996,-0.474460
2025-06-03,3340.0666,3361.9755,3366.9974,3340.0666,39806077200,468292670251.0000,0.836795,0.432808
2025-06-04,3363.3910,3376.2029,3379.6401,3363.3910,38649464300,446844610692.2000,0.807385,0.423186
2025-06-05,3378.2169,3384.0985,3387.7645,3371.1457,40625209300,498241228900.9000,0.847206,0.233860
2025-06-06,3384.2949,3385.3579,3391.4510,3379.7641,38012288600,452743716106.4000,0.792396,0.037215
2025-06-09,3388.7783,3399.7716,3402.0503,3383.0742,42734794700,511879936968.4000,0.893977,0.425766
2025-06-10,3402.0130,3384.8163,3406.4515,3365.6674,48161856800,557427629004.8000,0.996444,-0.439891
2025-06-11,3385.4568,3402.3159,3413.5132,3385.4568,42409031300,501807385818.0000,0.883594,0.517003
2025-06-12,3397.9720,3402.6580,3408.2049,3388.8657,40949061000,501624560637.2000,0.852920,0.010055
2025-06-13,3397.4844,3376.9960,3401.5526,3370.5924,51006522100,605384839391.2000,1.063753,-0.754175
2025-06-16,3369.3661,3388.7293,3389.7563,3368.8764,40538327800,481594409526.3000,0.842679,0.347448
2025-06-17,3388.1801,3387.4049,3393.3127,3376.4201,39001244700,458038158678.3000,0.810351,-0.039082
2025-06-18,3386.1360,3388.8086,3391.7087,3369.9859,37868489100,441011095449.0000,0.787769,0.041439
2025-06-19,3384.2932,3362.1082,3386.9194,3353.9355,41532765500,473258595431.1000,0.862733,-0.787899
2025-06-20,3358.9128,3359.8954,3370.7984,3357.7061,35022366200,410873272619.8000,0.729493,-0.065816
2025-06-23,3349.4603,3381.5816,3389.4524,3347.6508,38456139700,442789178469.5000,0.803043,0.645443
2025-06-24,3380.0800,3420.5660,3423.7835,3380.0800,46096380000,544882077636.6000,0.959787,1.152845
2025-06-25,3419.0914,3455.9736,3459.0093,3417.4105,50938406400,620173277605.0000,1.064139,1.035139
2025-06-26,3451.7193,3448.4534,3462.7520,3446.1855,49654107700,603095111896.8000,1.034898,-0.217600
2025-06-27,3450.6863,3424.2267,3462.6273,3421.0403,52312943200,605731616257.7000,1.090579,-0.702538
2025-06-30,3423.4738,3444.4256,3447.4600,3420.1118,45734804900,567137246034.1000,0.946081,0.589882
2025-07-01,3445.8457,3457.7474,3459.5866,3441.0379,44435673900,553556536157.1000,0.924416,0.386764
2025-07-02,3458.1710,3454.7924,3461.3280,3447.9557,49811677600,543130721694.1000,1.040099,-0.085460
2025-07-03,3456.1519,3461.1506,3463.6198,3446.9739,43854346500,500211767756.2000,0.913072,0.184040
2025-07-04,3459.5924,3472.3192,3497.2248,3455.4938,50019521000,567241277895.0000,1.045643,0.322685
2025-07-07,3467.9849,3473.1271,3474.8007,3462.7923,43663134000,476197431422.8000,0.912908,0.023267
2025-07-08,3474.6316,3497.4753,3499.8857,3474.6316,49348477300,567506524760.7000,1.027463,0.701045
2025-07-09,3498.7240,3493.0495,3512.6687,3491.2007,52392008800,595962525111.9000,1.094669,-0.126543
2025-07-10,3491.4973,3509.6818,3526.5899,3491.4973,56415980500,613160543948.2000,1.181200,0.476154
2025-07-11,3511.3656,3510.1772,3555.2179,3506.7994,66418524900,753549049070.7000,1.392228,0.014115
2025-07-14,3513.2515,3519.6498,3532.1183,3513.2515,57208470500,623102482278.4000,1.197839,0.269861
2025-07-15,3519.8052,3504.9988,3527.0379,3483.3798,57207472600,646851665146.7000,1.195963,-0.416263
2025-07-16,3502.8987,3503.7769,3511.8058,3489.1368,47087857800,572419318650.3000,0.946878,-0.034862
2025-07-17,3500.3715,3516.8255,3517.2847,3499.1856,47221105600,609791010257.6000,0.967242,0.372415
2025-07-18,3519.4752,3534.4827,3536.0143,3518.2313,49348408800,643627574928.6000,1.016825,0.502078
2025-07-21,3542.8164,3559.7912,3560.6285,3542.5677,63364973600,730905862905.4000,1.307683,0.716045
2025-07-22,3561.6316,3581.8611,3584.7185,3547.2520,71615523000,840573441871.1000,1.481176,0.619977
2025-07-23,3588.8777,3582.2980,3613.0223,3577.5942,76767238800,857045959534.1000,1.596276,0.012198
2025-07-24,3578.9121,3605.7269,3608.7278,3577.1131,77326583500,852239625256.5000,1.610577,0.654019
2025-07-25,3604.4505,3593.6553,3610.0287,3586.2200,69718954900,821609575947.0000,1.453518,-0.334790
2025-07-28,3594.2313,3597.9369,3606.2742,3582.1489,59418787700,761265438432.3000,1.242376,0.119143
2025-07-29,3595.8099,3609.7113,3611.3532,3585.9435,61064205800,793606423704.5000,1.275664,0.327254
2025-07-30,3608.3540,3615.7167,3636.1664,3593.7338,63722191600,819627949113.9000,1.332817,0.166368
2025-07-31,3604.6959,3573.2082,3606.3744,3562.6072,65450934900,845893058058.2000,1.366192,-1.175659
2025-08-01,3568.2608,3559.9518,3581.7457,3550.0434,50956308000,684645226021.3000,1.066340,-0.370994
2025-08-04,3547.1629,3583.3088,3583.3088,3547.1629,45857361800,639775598456.7000,0.961420,0.656104
2025-08-05,3588.8077,3617.5976,3617.5976,3586.9686,49979778000,656382505101.8000,1.045927,0.956903
2025-08-06,3615.8080,3633.9949,3634.3135,3613.9894,51246727300,707221251607.5000,1.071926,0.453265
2025-08-07,3637.7811,3639.6666,3645.1170,3622.5224,53550120200,749699997336.3000,1.120057,0.156073
2025-08-08,3634.8546,3635.1281,3645.3667,3625.4508,52640757200,713569731141.5000,1.100030,-0.124695
2025-08-11,3637.0534,3647.5467,3656.8517,3629.6267,55139334800,751329446777.5000,1.155390,0.341628
2025-08-12,3647.9625,3665.9177,3669.0384,3647.9625,53662373900,778161034248.2000,1.124475,0.503654
2025-08-13,3668.6581,3683.4648,3688.6276,3666.5468,61352888400,887022595719.3000,1.293201,0.478655
2025-08-14,3685.5223,3666.4426,3704.7715,3662.5695,64782958700,949464273623.5000,1.359614,-0.462125
2025-08-15,3659.8146,3696.7705,3702.2553,3658.3762,67852170300,960624988909.0000,1.425106,0.827175
2025-08-18,3712.4952,3728.0273,3745.9390,3702.3802,77601666900,1133941943157.7000,1.625867,0.845516
2025-08-19,3728.4851,3727.2879,3746.6690,3718.1467,69609975000,1060899235668.4000,1.460098,-0.019834
2025-08-20,3716.6847,3766.2104,3767.4300,3704.9912,67983642600,1017500164063.9000,1.428048,1.044258
2025-08-21,3770.6757,3771.0989,3787.9806,3757.9918,69155295900,997741900750.3000,1.449116,0.129799
2025-08-22,3772.2769,3825.7592,3825.7592,3772.2769,69813627700,1095091495710.2000,1.465948,1.449453
2025-08-25,3848.1629,3883.5617,3883.5617,3839.9724,88547480200,1360903869036.7000,1.852216,1.510877
2025-08-26,3871.4710,3868.3820,3888.5985,3859.7575,73456530500,1114187895250.2000,1.540337,-0.390871
2025-08-27,3869.6116,3800.3499,3887.1980,3800.3499,85863349900,1326848744018.2000,1.791533,-1.758671
2025-08-28,3796.7112,3843.5974,3845.0871,3761.4221,78835194700,1265185534195.1000,1.649363,1.137987
2025-08-29,3842.8234,3857.9274,3867.6058,3839.2059,73946236600,1221691851556.0000,1.548206,0.372828
2025-09-01,3869.7457,3875.5304,3879.0453,3853.6584,74770953600,1208347980856.1000,1.571625,0.456281
2025-09-02,3877.0858,3858.1334,3885.3145,3828.6775,76261883300,1222777663997.4000,1.603801,-0.448893
2025-09-03,3865.2860,3813.5566,3868.3877,3794.8837,64566851000,1012296084003.2000,1.355493,-1.155398
2025-09-04,3807.7571,3765.8759,3808.3955,3732.8404,71022793300,1107892043203.7000,1.494576,-1.250295
2025-09-05,3761.8801,3812.5143,3817.1589,3745.3091,62622338000,979061710221.1000,1.319762,1.238448
2025-09-08,3811.6692,3826.8407,3833.1430,3803.6033,66006689800,1025883749952.0000,1.390614,0.375773
2025-09-09,3816.6574,3807.2923,3834.6710,3791.7243,60023938000,917795306225.7000,1.260853,-0.510823
2025-09-10,3806.5842,3812.2212,3826.9959,3794.0574,53453982500,821113584522.2000,1.122164,0.129459
2025-09-11,3806.0564,3875.3094,3875.3094,3796.4345,61701293000,1016794001382.1000,1.297065,1.654893
2025-09-12,3875.5072,3870.5984,3892.7375,3866.5388,70064178400,1093807300663.5000,1.474424,-0.121564
2025-09-15,3876.0974,3860.5036,3879.7365,3855.9725,64479394400,986171993940.4000,1.359776,-0.260807
2025-09-16,3865.9801,3861.8651,3876.6901,3838.6483,67343972300,989786137921.6000,1.418245,0.035267
2025-09-17,3854.0726,3876.3409,3882.6687,3848.9455,66343471300,1006679080914.2000,1.388045,0.374840
2025-09-18,3876.0592,3831.6562,3899.9594,3800.9953,87602738900,1365962423640.1000,1.841579,-1.152755
2025-09-19,3830.4437,3820.0894,3843.1696,3811.9029,68229261300,1016348310666.0000,1.434931,-0.301875
2025-09-22,3822.0096,3828.5764,3831.7404,3806.2016,56832568600,941799982064.9000,1.195898,0.222168
2025-09-23,3830.1379,3821.8327,3838.6059,3774.5282,70190286800,1071697826138.1000,1.475358,-0.176141
2025-09-24,3804.4833,3853.6422,3854.9230,3804.3279,60205667000,1015707870454.7000,1.265753,0.832310
2025-09-25,3852.4310,3853.3021,3866.1058,3840.4590,58995053100,1001211369113.8000,1.240050,-0.008825
2025-09-26,3839.8553,3828.1060,3856.6062,3828.1060,55127533500,927864903416.8000,1.159097,-0.653883
2025-09-29,3828.1656,3862.5317,3881.0023,3809.5352,60846639900,968212397572.1000,1.279544,0.899288
2025-09-30,3869.7046,3882.7774,3887.5700,3866.2808,56973463100,973274951648.6000,1.198895,0.524156
2025-10-09,3898.3070,3933.9724,3936.5761,3885.7437,72521850100,1216888716062.2000,1.526412,1.318515
2025-10-10,3915.4752,3897.0281,3933.0053,3886.3050,71891767300,1132127151734.5000,1.513287,-0.939109
2025-10-13,3800.1055,3889.5022,3895.8300,3800.1055,70950610100,1085413591325.5000,1.492542,-0.193119
2025-10-14,3910.7825,3865.2289,3918.4357,3851.1209,80083963100,1209983827683.7000,1.686163,-0.624072
2025-10-15,3867.5364,3912.2095,3912.2912,3857.6668,64501295500,961552165635.2000,1.357797,1.215467
2025-10-16,3900.6834,3916.2280,3931.0500,3899.1673,59545149100,869264580464.7000,1.252411,0.102717
2025-10-17,3912.0403,3839.7553,3921.0648,3835.3648,61756301800,873181597948.6000,1.294852,-1.952713
2025-10-20,3865.5523,3863.8926,3877.7215,3850.3673,54926171200,772503219631.8000,1.152462,0.628616
2025-10-21,3870.7488,3916.3322,3919.3183,3868.1453,59941571300,837938398314.8000,1.258580,1.357170
2025-10-22,3896.0736,3913.7576,3918.5924,3893.3250,54311734400,741524798446.6000,1.139606,-0.065740
2025-10-23,3904.1590,3922.4101,3926.2171,3877.5294,56518926400,718931051972.4000,1.183731,0.221079
2025-10-24,3929.1150,3950.3115,3950.3115,3928.9598,56785844300,858491253210.7000,1.189145,0.711333
2025-10-27,3969.2197,3996.9445,3999.0667,3963.1017,63758954500,1043404043203.5000,1.337004,1.180489
2025-10-28,3986.8912,3988.2239,4010.7275,3976.8326,57735768400,940760864469.3000,1.207966,-0.218182
2025-10-29,3990.2655,4016.3310,4016.3310,3986.9414,61291746600,968215713263.9000,1.282931,0.704752
2025-10-30,4007.8207,3986.9008,4025.7048,3984.8284,66848560900,1070058589394.8000,1.400746,-0.732763
2025-10-31,3985.0641,3954.7900,3986.7433,3951.7308,67561540600,1031104616829.4000,1.417044,-0.805408
2025-11-03,3954.0783,3976.5207,3977.3051,3937.0215,64124594500,941703699263.6000,1.347179,0.549478
2025-11-04,3973.4575,3960.1860,3985.8822,3938.5197,61549379200,852938368429.6000,1.288775,-0.410779
2025-11-05,3922.5844,3969.2483,3979.7537,3922.5844,61499161800,827133576949.8000,1.286196,0.228835
2025-11-06,3973.3493,4007.7599,4008.7991,3973.3493,62736754700,930275554354.8000,1.313800,0.970249
2025-11-07,3994.3167,3997.5557,4012.0054,3993.6910,59650703400,875486746391.1000,1.248995,-0.254611
2025-11-10,4001.7939,4018.5972,4018.6958,3990.8359,63404999300,960588645762.4000,1.327861,0.526359
2025-11-11,4023.8770,4002.7576,4024.9390,3991.5156,58199492100,858362142552.7000,1.217763,-0.394157
2025-11-12,3996.5648,4000.1396,4020.3775,3980.6756,58619322800,840467209890.1000,1.227350,-0.065405
2025-11-13,3996.5143,4029.5012,4030.3983,3994.7712,61303106100,876400923596.7000,1.284182,0.734014
2025-11-14,4007.1258,3990.4921,4034.0786,3990.3074,62201711800,837969502203.3000,1.302194,-0.968088
2025-11-17,3988.5564,3972.0348,3992.4041,3958.9484,59201795000,805733125739.0000,1.238404,-0.462532
2025-11-18,3962.4437,3939.8131,3966.8854,3926.5885,59441104600,790948598391.3000,1.239606,-0.811214
2025-11-19,3937.9198,3946.7424,3960.0518,3930.0745,53114960100,720908759223.9000,1.108147,0.175879
2025-11-20,3960.6993,3931.0512,3967.9710,3927.5124,53474954000,711341284004.3000,1.119263,-0.397573
2025-11-21,3896.6646,3834.8908,3912.0063,3834.7490,63164625100,824931134789.7000,1.322405,-2.446175
2025-11-24,3848.6565,3836.7655,3854.3305,3816.5757,50460171600,715539247360.9000,1.058917,0.048885
2025-11-25,3850.5710,3870.0228,3882.0299,3845.1383,47872761100,722788782819.5000,1.004498,0.866806
2025-11-26,3867.4290,3864.1844,3879.9231,3861.1769,45758975500,701019872528.9000,0.957846,-0.150862
2025-11-27,3867.1971,3875.2594,3895.5892,3864.1311,44402194700,698519107248.5000,0.928605,0.286606
2025-11-28,3870.9438,3888.5962,3888.8885,3856.2500,44993197300,645755815104.9000,0.942770,0.344152
2025-12-01,3894.2132,3914.0061,3914.4644,3890.9485,53755413300,785658341860.2000,1.123018,0.653447
2025-12-02,3908.4559,3897.7116,3908.7688,3888.3275,45558449400,627440672462.5000,0.948053,-0.416313
2025-12-03,3894.1556,3877.9996,3901.6960,3869.9528,48561727000,647166528203.2000,1.013428,-0.505733
2025-12-04,3879.7417,3875.7933,3888.8595,3859.0491,44504029000,623712571515.4000,0.929930,-0.056893
2025-12-05,3873.1207,3902.8076,3907.7816,3863.3137,50036876800,716742448877.0000,1.048667,0.697001
2025-12-08,3909.2260,3924.0778,3936.3111,3904.7377,54734978900,839439003433.4000,1.148273,0.544997
2025-12-09,3916.5087,3909.5216,3923.8986,3902.1278,52453825600,781160399409.0000,1.095709,-0.370946
2025-12-10,3901.1275,3900.4960,3906.1163,3876.4745,49733150400,730359828445.1000,1.041543,-0.230862
2025-12-11,3903.8948,3873.3176,3904.9632,3862.8210,52565860000,764350151578.5000,1.100279,-0.696793
2025-12-12,3869.4127,3889.3457,3891.8068,3850.5968,57394713000,909950905460.9000,1.197430,0.413808
2025-12-15,3865.4021,3867.9209,3896.9769,3863.6296,50092279000,764604815504.0000,1.050225,-0.550859
2025-12-16,3861.5145,3824.8119,3862.4271,3815.8444,51249482700,733294004020.4000,1.074854,-1.114526
2025-12-17,3822.5086,3870.2775,3881.7519,3817.9955,51231369200,766820526342.6000,1.074578,1.188702
2025-12-18,3857.2568,3876.3705,3888.2853,3856.4229,46117262500,704895595179.1000,0.963780,0.157431
2025-12-19,3878.2270,3890.4475,3902.6708,3871.7767,51351189300,738066004815.6000,1.076415,0.363149
2025-12-22,3900.5350,3917.3638,3920.0121,3900.5152,52293899200,789756386752.3000,1.092937,0.691856
2025-12-23,3919.1063,3919.9786,3937.1270,3910.7449,52115695200,806853443041.0000,1.087963,0.066749
2025-12-24,3920.3466,3940.9470,3947.0408,3912.3107,47489644700,773928624467.6000,0.990792,0.534911
2025-12-25,3937.7196,3959.6211,3964.0733,3936.0782,46931309300,785018650091.1000,0.981418,0.473848
2025-12-26,3957.8326,3963.6789,3977.7062,3945.5238,55548959200,893644363934.7000,1.158737,0.102480
2025-12-29,3964.6513,3965.2796,3983.9787,3956.9455,56368719700,903819726764.6000,1.176430,0.040384
2025-12-30,3947.8707,3965.1159,3979.9901,3947.4187,52593258800,887533318588.4000,1.097602,-0.004128
2025-12-31,3968.7256,3968.8401,3977.5358,3955.4871,49075149000,829511897494.9000,1.023464,0.093924
2026-01-05,3986.9721,4023.4167,4025.2632,3983.5759,59695045500,1067334169201.5000,1.246431,1.375127
2026-01-06,4026.0158,4083.6672,4083.6672,4025.0880,70247227000,1175768705035.0000,1.467593,1.497496
2026-01-07,4083.8430,4085.7723,4098.7771,4069.4358,68338435200,1197422798276.7000,1.425455,0.051549
2026-01-08,4077.7150,4082.9788,4093.8718,4067.1216,66613133700,1183188755951.4000,1.388125,-0.068371
2026-01-09,4086.7624,4120.4260,4121.7226,4083.6155,72983798500,1289205972263.2000,1.521293,0.917154
2026-01-12,4134.8930,4165.2870,4168.3569,4119.8793,83945608900,1446230122005.3000,1.750493,1.088747
2026-01-13,4169.7041,4138.7585,4179.7020,4126.2343,86838271700,1481574218613.4000,1.814021,-0.636895
2026-01-14,4138.6454,4126.0932,4190.8663,4103.6205,95255128900,1607041237767.9000,1.992714,-0.306017
2026-01-15,4106.2241,4112.6012,4133.0726,4096.8496,68025079100,1175915097396.1000,1.419278,-0.326992
2026-01-16,4127.0632,4101.9127,4140.2251,4091.8106,76358846500,1338017280024.0000,1.583827,-0.259896
2026-01-19,4090.7185,4114.0001,4126.5175,4090.0567,68890587000,1190137813599.0000,1.436716,0.294677
2026-01-20,4116.3659,4113.6490,4128.9304,4080.2938,73436249600,1221485626208.5000,1.533738,-0.008534
2026-01-21,4103.5291,4116.9400,4135.9585,4103.5291,66698950700,1180184557006.2000,1.393092,0.080002
2026-01-22,4126.0717,4122.5760,4140.8378,4109.9232,70969540900,1201764210237.4000,1.483617,0.136898
2026-01-23,4130.1076,4136.1642,4143.7498,4120.2040,78211545400,1336857054837.6000,1.634607,0.329605
2026-01-26,4144.7782,4132.6052,4160.9852,4124.7004,88743973100,1451859840027.3000,1.851937,-0.086046
2026-01-27,4125.2155,4139.9041,4158.8019,4101.8299,75499086900,1289432378945.4000,1.576412,0.176617
2026-01-28,4150.2152,4151.2378,4170.1468,4138.0188,82302674800,1365526057112.0000,1.719785,0.273767
2026-01-29,4155.9185,4157.9845,4170.2138,4138.2992,90590837100,1485795395416.2000,1.891336,0.162523
2026-01-30,4131.9929,4117.9476,4152.8501,4064.7769,80434274600,1269855689027.9000,1.680482,-0.962892
2026-02-02,4079.7075,4015.7464,4103.4073,4013.6557,73295369800,1163532654161.8000,1.530936,-2.481848
2026-02-03,4043.9061,4067.7379,4069.4179,4002.7820,63768424900,1110720213016.3000,1.331209,1.294691
2026-02-04,4064.6772,4102.2020,4104.6207,4062.6825,67425424400,1063544769928.3000,1.408474,0.847255
2026-02-05,4075.0254,4075.9167,4088.9041,4048.9390,59672223600,946988891270.6000,1.244284,-0.640761
2026-02-06,4040.2992,4065.5834,4095.0303,4029.9731,55670980100,898655032959.0000,1.160997,-0.253521
2026-02-09,4103.5396,4123.0897,4123.1587,4093.0561,57263258200,949726335965.8000,1.196557,1.414466
2026-02-10,4127.7658,4128.3731,4134.3382,4117.5635,52462096900,882201747043.8000,1.091173,0.128142
2026-02-11,4124.4277,4131.9850,4142.5612,4122.4283,50068527800,822607547250.8000,1.039604,0.087490
2026-02-12,4136.9900,4134.0178,4140.5931,4124.1308,52937011600,897955034838.8000,1.102349,0.049197
2026-02-13,4115.9243,4082.0726,4123.8443,4079.7702,50079947200,846808337462.1000,1.043926,-1.256531
2026-02-24,4129.1338,4117.4089,4131.5499,4105.9369,56632224900,938611375999.8000,1.181419,0.865646
2026-02-25,4123.7808,4147.2305,4167.8438,4122.6987,72478721400,1085969561174.1000,1.512050,0.724281
2026-02-26,4151.0680,4146.6311,4152.1926,4127.1531,65170282600,1067198717434.1000,1.361036,-0.014453
2026-02-27,4128.8974,4162.8815,4166.2344,4128.3600,68204764600,1072367831609.8000,1.422065,0.391894
2026-03-02,4151.8011,4182.5909,4188.7702,4131.3676,86157921800,1345892469395.2000,1.801423,0.473456
2026-03-03,4189.4079,4122.6760,4197.2280,4116.0110,92113917000,1425790202336.2000,1.926116,-1.432483
2026-03-04,4087.6320,4082.4740,4106.0397,4055.4125,76516953100,1113081986077.5000,1.599678,-0.975143
2026-03-05,4109.7770,4108.5670,4125.6166,4090.6213,68974653500,1068043734805.0000,1.439102,0.639147
2026-03-06,4085.8954,4124.1940,4129.4647,4085.8954,64676576000,978805927053.9000,1.351774,0.380352
2026-03-09,4098.6987,4096.6023,4106.5336,4052.5454,79780355600,1194106193208.4000,1.664847,-0.669020
2026-03-10,4098.5869,4123.1380,4123.9578,4098.5869,67492219400,1036427205293.4000,1.407148,0.647749
2026-03-11,4123.6663,4133.4331,4135.8392,4112.7998,70772716900,1063600874394.3000,1.469778,0.249691
2026-03-12,4133.1996,4129.1026,4141.6488,4103.1636,78615118200,1078215329773.1000,1.634616,-0.104768
2026-03-13,4117.5738,4095.4485,4134.0794,4086.8469,79205476400,1063918169396.4000,1.640061,-0.815046
2026-03-16,4092.2491,4084.7858,4096.1333,4048.0866,73222709800,1037223833962.6000,1.518592,-0.260355
2026-03-17,4086.2953,4049.9073,4108.4000,4049.5801,67877122400,951228129260.7000,1.396567,-0.853864
2026-03-18,4053.3052,4062.9844,4065.3734,4023.0295,62387310200,876327491359.6000,1.285203,0.322899
2026-03-19,4028.5420,4006.5523,4042.0221,3994.1651,66725542200,935264956106.7000,1.381806,-1.388932
2026-03-20,4004.5732,3957.0527,4022.7033,3955.7113,66679838700,964863108628.7000,1.373233,-1.235466
2026-03-23,3904.9513,3813.2829,3906.6220,3794.6844,80473885000,1086248286013.6000,1.662961,-3.633255
2026-03-24,3849.6312,3881.2797,3881.4236,3807.9937,68062203900,931418842711.4000,1.403684,1.783156
2026-03-25,3892.2690,3931.8375,3933.0613,3891.8159,68834362600,967854261244.5000,1.412118,1.302606
2026-03-26,3924.9621,3889.0835,3937.1041,3880.5729,61597398100,848361335072.3000,1.268298,-1.087380
2026-03-27,3852.0936,3913.7238,3924.1075,3852.0936,56134296300,799696430885.6000,1.152676,0.633576
2026-03-30,3884.2769,3923.2869,3924.2893,3872.7756,59558947900,839822434665.3000,1.232687,0.244348
2026-03-31,3924.0670,3891.8605,3948.8107,3891.8605,60670498300,891945339553.7000,1.257235,-0.801022
2026-04-01,3939.5658,3948.5521,3955.9430,3929.9213,56461159800,897278213909.0000,1.170029,1.456671
2026-04-02,3940.7989,3919.2852,3952.5761,3900.1164,54421283500,811896566971.7000,1.128379,-0.741206
2026-04-03,3927.5923,3880.0967,3929.5285,3871.3004,49269908200,713830332060.1000,1.021327,-0.999889
2026-04-07,3884.1505,3890.1645,3902.6065,3875.6843,47361507600,723905837261.2000,0.984426,0.259473
2026-04-08,3930.2507,3994.9975,3994.9975,3926.2489,64413535200,1074211701270.4000,1.336887,2.694822
2026-04-09,3967.6296,3966.1712,3979.1271,3955.2458,54156980100,902481840100.8000,1.123633,-0.721560
2026-04-10,3985.4640,3986.2247,4011.0243,3979.8140,54641554100,955664107213.6000,1.130045,0.505614
2026-04-13,3971.1985,3988.5580,3991.2622,3966.1981,54578176800,919436481788.0000,1.127436,0.058534
2026-04-14,4006.7267,4026.6256,4026.6256,3992.4071,57025900300,998435132019.7000,1.179150,0.954420
2026-04-15,4039.4711,4027.2095,4050.6208,4020.9039,56945858900,1028851871452.4000,1.178519,0.014501
2026-04-16,4030.1378,4055.5468,4057.8314,4028.9086,54587696700,976565489654.5000,1.127513,0.703646
2026-04-17,4043.3813,4051.4254,4058.6041,4038.4287,54879140600,1013520660231.1000,1.134918,-0.101624
2026-04-20,4053.3745,4082.1271,4083.1902,4051.6850,58984137900,1084578006427.0000,1.222608,0.757800
2026-04-21,4075.8454,4085.0766,4086.6369,4062.1326,57668945000,1033349016214.4000,1.188956,0.072254
2026-04-22,4074.8131,4106.2581,4106.8441,4074.6796,58246634600,1093625892373.6000,1.204568,0.518509
2026-04-23,4110.7883,4093.2501,4114.8443,4070.4598,67116609200,1234396207619.2000,1.386701,-0.316785
2026-04-24,4081.0326,4079.9004,4092.6131,4061.1453,60503179800,1143000195131.0000,1.250873,-0.326139
2026-04-27,4074.8109,4086.3442,4092.8305,4071.0803,58995086700,1136051921709.8000,1.221455,0.157940
2026-04-28,4076.1431,4078.6374,4090.2014,4062.8720,60050749800,1113955561935.5000,1.245537,-0.188599
2026-04-29,4061.8221,4107.5144,4112.1518,4061.8221,61422145100,1126615371064.6000,1.278154,0.708006
2026-04-30,4107.2974,4112.1593,4118.7552,4100.9656,65691272800,1276194739057.5000,1.367607,0.113083
2026-05-06,4135.4505,4160.1737,4166.1469,4129.9108,70117748000,1465903193400.0000,1.453025,1.167620
2026-05-07,4168.4467,4180.0922,4180.2099,4163.1365,68557424900,1359099509978.5000,1.415769,0.478790
2026-05-08,4163.8537,4179.9524,4183.0631,4154.2456,69701909400,1331673066130.8000,1.437485,-0.003344
2026-05-11,4201.3465,4225.0207,4229.5795,4186.0819,76273628700,1584366746239.2000,1.579482,1.078201
2026-05-12,4229.2833,4214.4891,4230.1839,4199.3440,71898400200,1465272590579.1000,1.479076,-0.249267
2026-05-13,4192.3145,4242.5720,4245.0684,4192.3145,70501873900,1447463947685.1000,1.445638,0.666342
2026-05-14,4256.1569,4177.9175,4258.8631,4177.9175,76423500400,1498116800621.6000,1.573126,-1.523946
2026-05-15,4174.1750,4135.3894,4191.8068,4114.0856,73316235700,1519240026458.7000,1.511287,-1.017926
2026-05-18,4120.1401,4131.5276,4145.6612,4108.6044,62723313700,1315084195447.2000,1.293581,-0.093384
2026-05-19,4122.9608,4169.5378,4170.2887,4107.9944,61761106700,1306522478007.3000,1.273059,0.920004
2026-05-20,4152.6984,4162.1845,4169.8468,4139.9744,62415203500,1358926939220.2000,1.262620,-0.176358
2026-05-21,4174.3772,4077.2765,4199.5269,4074.2167,72721870100,1595726694714.8000,1.490306,-2.039986
2026-05-22,4096.1723,4112.8996,4120.0875,4067.7471,58945964400,1285847521737.2000,1.211336,0.873698
2026-05-25,4126.3376,4152.5686,4153.8788,4119.7996,61593086100,1445655378392.4000,1.266527,0.964502
2026-05-26,4137.3196,4145.3730,4150.2888,4104.4593,65477775600,1461685377747.7000,1.339740,-0.173281
2026-05-27,4138.8053,4093.7266,4153.5614,4077.6160,66046739900,1473449050997.9000,1.350389,-1.245881
2026-05-28,4080.3044,4098.6358,4110.7821,4055.8275,62117995000,1361325732878.4000,1.271814,0.119920
2026-05-29,4110.5212,4068.5691,4112.9553,4055.8861,73159771000,1532067352981.8000,1.502050,-0.733578
2026-06-01,4067.1578,4057.7400,4093.0405,4045.6898,67602580600,1319801913950.9000,1.387179,-0.266165
2026-06-02,4061.4629,4075.1016,4089.5747,4032.5826,64224465600,1280966176160.9000,1.321205,0.427864
2026-06-03,4068.3408,4083.9740,4107.0458,4059.9067,66845258300,1429755844607.8000,1.359769,0.217722
2026-06-04,4053.6702,4057.7811,4080.7178,4043.4331,62119477400,1274652182407.1000,1.273136,-0.641358
2026-06-05,4044.8292,4027.7362,4078.9317,4015.0629,66291857700,1363887868514.9000,1.361987,-0.740427
2026-06-08,3938.7093,3959.3378,4007.4930,3927.8527,65929355500,1267277235711.9000,1.353906,-1.698185
2026-06-09,3977.5394,4010.0307,4010.8715,3955.9080,57657009000,1173088930413.3000,1.184322,1.280338
2026-06-10,3985.1244,3993.2258,4006.3127,3963.4417,59869473900,1227070067091.4000,1.228366,-0.419072
2026-06-11,3979.7057,3987.0147,3997.4777,3958.4371,56854524400,1185554610734.1000,1.168754,-0.155541
2026-06-12,4017.8648,4031.5129,4060.2710,4008.1769,74313109200,1537401519424.7000,1.534251,1.116078
2026-06-15,4053.5822,4096.4717,4097.1657,4051.0651,67890781100,1403586231239.1000,1.400046,1.611276
2026-06-16,4094.2124,4091.8917,4103.9259,4077.8702,61566829600,1369612989674.4000,1.267899,-0.111804
2026-06-17,4074.2913,4108.0762,4109.9579,4073.7319,60807741300,1403145909875.0000,1.251541,0.395526
2026-06-18,4094.2301,4090.4813,4117.4510,4080.2938,65811606800,1560473972715.4000,1.349257,-0.428300
2026-06-22,4093.9546,4163.0965,4164.4178,4070.1723,74369935500,1704000421650.5000,1.531725,1.775224
2026-06-23,4153.5930,4106.2517,4175.3476,4085.5908,70900391300,1594542362380.1000,1.463999,-1.365445
2026-06-24,4090.1001,4110.8134,4117.2848,4075.4921,64452751800,1514193285000.4000,1.326082,0.111092
2026-06-25,4103.4817,4120.2806,4133.0975,4093.0087,67045991700,1618996555015.6000,1.378374,0.230300
2026-06-26,4098.6864,4027.2648,4099.7796,4007.8593,66010866600,1621195708659.7000,1.356102,-2.257511
2026-06-29,4026.6858,4073.9017,4075.3343,3992.5522,65919993600,1666220369467.3000,1.353775,1.158029
2026-06-30,4058.1695,4094.3972,4097.4150,4052.1700,59841220300,1530325961725.2000,1.229961,0.503093
2026-07-01,4090.7598,4112.4453,4143.3135,4087.5354,67233179100,1698487572312.8000,1.383267,0.440800
2026-07-02,4054.0857,4028.9038,4093.6777,4019.2147,65623361200,1577183734746.7000,1.353662,-2.031431
2026-07-03,4031.3351,4043.6432,4073.8802,4027.2553,60200973800,1465563104853.7000,1.233745,0.365841
2026-07-06,4059.1941,4041.2382,4060.0688,4005.4137,59036490300,1432112821099.2000,1.202717,-0.059476
2026-07-07,4019.4942,3990.2353,4028.5139,3971.7126,51445309100,1196371087894.4000,1.052238,-1.262061
2026-07-08,3996.8069,3970.8797,4016.0262,3967.9128,49622937400,1192355798215.7000,1.013494,-0.485074
2026-07-09,3977.5473,4036.5879,4040.5387,3938.8775,55306398000,1364176552620.6000,1.124746,1.654752
2026-07-10,4031.5373,3996.1616,4074.8280,3995.8072,62745006500,1563108691542.7000,1.286547,-1.001497
2026-07-13,3966.0234,3913.7940,3983.0535,3900.6676,59090735600,1334871933909.0000,1.209494,-2.061168
2026-07-14,3909.2740,3967.1262,3967.1262,3869.3042,57998205200,1271796839678.5000,1.184641,1.362673
2026-07-15,3963.7267,3955.5781,3981.6716,3943.6953,57620949200,1226298269897.2000,1.179331,-0.291095
2026-07-16,3912.3812,3882.4126,3940.4505,3867.6012,53528187300,1124208166213.8000,1.091228,-1.849679
2026-07-17,3865.3165,3764.1547,3869.2148,3745.1744,65045098400,1246445452836.3000,1.330349,-3.045990
2026-07-20,3791.6616,3796.2814,3831.6593,3741.1099,70923406900,1294651895844.7000,1.453980,0.853490
2026-07-21,3812.1618,3864.3671,3864.6002,3743.3601,73502192500,1396517619563.9000,1.505706,1.793484
2026-07-22,3839.6654,3867.0336,3884.4352,3839.6654,61425521500,1258148128160.0000,1.262643,0.069002
2026-07-23,3868.0871,3876.7774,3878.8318,3851.7058,56212260100,1025875517700.1000,1.154263,0.251971
2026-07-24,3853.6316,3814.1978,3861.0404,3808.6359,50820390500,915366398292.6000,1.043056,-1.614217
2026-07-27,3808.9032,3858.2450,3858.3097,3793.4489,50487945400,1031312143065.2000,0.974834,1.154822
2026-07-28,3823.1331,3813.3146,3844.0118,3797.3727,49482912600,949683080126.4000,0.995702,-1.164529
2026-07-29,3823.2931,3828.4690,3845.7661,3782.4811,57122639100,1087407759096.1000,1.154532,0.397408
2026-07-30,3812.1110,3804.6926,3839.3407,3767.5033,59229892300,1106477266461.8000,1.199162,-0.621042
2026-07-31,3833.5359,3832.2624,3847.0926,3822.3736,59752942700,1187681546393.3000,1.211225,0.724626
