date,open,close,high,low,volume,amount,turn,pctChg
2005-01-04,996.6820,986.9270,996.6820,984.7950,232376203,1329187122.0000,0.000000,0.000000
2005-01-05,986.5700,1003.6330,1008.8550,985.6770,348610113,1919861791.0000,0.000000,1.692728
2005-01-06,1003.4900,994.5950,1003.4900,990.7920,293390559,1629216031.0000,0.000000,-0.900531
2005-01-07,993.4340,997.6060,1009.0000,990.4460,339162698,1906530712.0000,0.000000,0.302741
2005-01-10,996.9280,1006.3370,1006.4570,993.1230,294940533,1650218869.0000,0.000000,0.875191
2005-01-11,1006.2110,1008.3430,1009.5010,999.8600,313611521,1778497883.0000,0.000000,0.199341
2005-01-12,1008.0100,1008.6200,1008.7430,998.3610,319639380,1825638693.0000,0.000000,0.027469
2005-01-13,1008.0980,1013.0700,1014.8410,1005.3480,471573361,2716827481.0000,0.000000,0.441198
2005-01-14,1012.6990,1000.1690,1019.4800,999.2660,401693734,2284638759.0000,0.000000,-1.273456
2005-01-17,990.9870,977.5220,991.0220,974.3330,435860320,2418653726.0000,0.000000,-2.264321
2005-01-18,977.6030,991.4190,991.8390,974.1490,451613258,2523669419.0000,0.000000,1.421659
2005-01-19,991.2910,986.2410,991.2910,981.2270,425524931,2304569213.0000,0.000000,-0.522280
2005-01-20,983.1980,972.4630,983.1980,966.8870,465204848,2588992483.0000,0.000000,-1.397023
2005-01-21,971.5010,988.5190,989.7180,951.4270,618525583,3412342279.0000,0.000000,1.651062
2005-01-24,1009.9470,1008.1750,1009.9470,998.3700,732335514,4105828975.0000,0.000000,1.988430
2005-01-25,1006.0000,999.5530,1006.0000,989.9460,469480344,2651186737.0000,0.000000,-0.855210
2005-01-26,997.6380,987.9550,997.6380,985.6690,411390082,2238628613.0000,0.000000,-1.160315
2005-01-27,986.1460,971.3730,986.1460,970.3540,412321375,2214822674.0000,0.000000,-1.678420
2005-01-28,971.3730,952.4130,971.9410,949.1120,407237328,2106037353.0000,0.000000,-1.951872
2005-01-31,948.4390,922.6530,948.4390,921.5800,409509905,2058937471.0000,0.000000,-3.124696
2005-02-01,919.8000,913.3310,929.6880,911.9330,419974568,2076599356.0000,0.000000,-1.010350
2005-02-02,913.0250,964.2430,964.4230,913.0250,655356622,3522826077.0000,0.000000,5.574319
2005-02-03,963.7460,945.3120,967.9360,944.7640,637130084,3476526549.0000,0.000000,-1.963299
2005-02-04,944.4470,962.0280,963.8100,943.4720,519301391,2874284614.0000,0.000000,1.768305
2005-02-16,967.4320,972.3370,979.3040,965.9390,469332268,2555290412.0000,0.000000,1.071586
2005-02-17,971.8380,977.2720,977.4400,964.3240,403195849,2081885379.0000,0.000000,0.507540
2005-02-18,977.1200,964.7690,977.1200,964.5540,411281145,2134898913.0000,0.000000,-1.279377
2005-02-21,965.0010,981.8190,981.8870,964.4710,476520314,2568576863.0000,0.000000,1.767261
2005-02-22,982.4180,1007.6880,1008.6710,980.5050,957578905,5328306279.0000,0.000000,2.634805
2005-02-23,1008.2930,1019.2580,1023.3300,1002.8010,1020182334,5822771921.0000,0.000000,1.148174
2005-02-24,1018.2920,1024.4460,1024.8730,1012.4450,868323283,4874675166.0000,0.000000,0.509003
2005-02-25,1024.5690,1024.1180,1035.4740,1023.7440,965076125,5608389732.0000,0.000000,-0.032018
2005-02-28,1023.1910,1020.8470,1026.0370,1014.9410,702805156,4174609104.0000,0.000000,-0.319402
2005-03-01,1020.5950,1021.1620,1023.9600,1011.5610,667563690,3803211754.0000,0.000000,0.030857
2005-03-02,1021.3570,1006.1480,1028.3290,1005.3350,745797116,4197819828.0000,0.000000,-1.470284
2005-03-03,1004.1000,1011.2880,1011.7000,996.3620,537249418,2991525954.0000,0.000000,0.510861
2005-03-04,1011.2000,1003.2100,1012.6650,1001.8480,452518936,2551598958.0000,0.000000,-0.798784
2005-03-07,1004.3410,1006.9530,1008.3560,1001.8610,447514053,2595513439.0000,0.000000,0.373100
2005-03-08,1007.6840,1029.4570,1029.4570,1007.6840,718700799,4502177472.0000,0.000000,2.234864
2005-03-09,1031.6020,1032.5500,1034.6180,1024.8900,825782273,5012633412.0000,0.000000,0.300451
2005-03-10,1032.2740,1005.5450,1032.2740,1002.4150,710602049,4259483416.0000,0.000000,-2.615376
2005-03-11,1003.7810,1009.4340,1010.8570,999.1110,595531053,3681413477.0000,0.000000,0.386759
2005-03-14,1009.1770,1007.7660,1016.5380,991.0590,755050325,4838849569.0000,0.000000,-0.165244
2005-03-15,1007.8920,993.8310,1007.8920,992.0150,649956805,4049428975.0000,0.000000,-1.382761
2005-03-16,992.6420,983.9160,992.6420,977.1320,531196451,3199203625.0000,0.000000,-0.997652
2005-03-17,983.1050,970.9660,984.2460,970.3380,531330742,3178910836.0000,0.000000,-1.316170
2005-03-18,969.1180,949.5090,973.1000,945.5970,539391703,3123548577.0000,0.000000,-2.209864
2005-03-21,947.5710,949.5530,952.7560,940.0940,419219010,2502435568.0000,0.000000,0.004635
2005-03-22,948.7840,922.5640,949.0670,918.0930,579501326,3283723310.0000,0.000000,-2.842280
2005-03-23,921.0690,923.1940,937.6820,914.5410,529028344,3122090437.0000,0.000000,0.068282
2005-03-24,922.1810,933.3470,933.9190,914.6460,431920133,2510676346.0000,0.000000,1.099771
2005-03-25,933.1730,931.4170,936.1250,927.1810,418984460,2271998365.0000,0.000000,-0.206782
2005-03-28,930.1680,922.9230,930.1680,909.1720,401957019,2155906688.0000,0.000000,-0.911946
2005-03-29,922.6590,916.8110,929.4550,916.6540,369856709,1999394257.0000,0.000000,-0.662244
2005-03-30,915.0880,888.9490,915.0880,887.9810,468949559,2457661169.0000,0.000000,-3.039012
2005-03-31,887.0700,896.0680,896.4080,880.8780,412561375,2042255429.0000,0.000000,0.800835
2005-04-01,895.2270,927.5460,934.5490,884.6260,692179347,3665270899.0000,0.000000,3.512906
2005-04-04,919.1390,909.8700,920.6230,904.6180,533383808,2893226429.0000,0.000000,-1.905676
2005-04-05,908.1850,901.7440,912.3820,899.7960,457250275,2391142553.0000,0.000000,-0.893092
2005-04-06,901.7440,918.5570,921.6380,893.0270,680502776,3830190110.0000,0.000000,1.864497
2005-04-07,919.2350,932.3330,945.5710,917.6260,954023521,5349441629.0000,0.000000,1.499744
2005-04-08,931.7740,949.4570,949.4680,928.0580,799738066,4357191759.0000,0.000000,1.836679
2005-04-11,949.8470,948.5090,957.3420,943.7220,868824248,4741992562.0000,0.000000,-0.099846
2005-04-12,947.1150,927.4100,947.1150,927.1100,603996652,3247372938.0000,0.000000,-2.224438
2005-04-13,932.3110,950.2290,951.1980,932.3110,814108633,4490048505.0000,0.000000,2.460512
2005-04-14,952.5380,935.4250,954.1410,934.1280,698368786,3795040134.0000,0.000000,-1.557942
2005-04-15,931.6660,913.2710,931.6660,911.3180,666159696,3459646367.0000,0.000000,-2.368334
2005-04-18,910.8890,901.1180,910.8890,895.2750,500326908,2575525210.0000,0.000000,-1.330713
2005-04-19,899.9340,902.7850,905.0520,893.2900,479860298,2427298091.0000,0.000000,0.184992
2005-04-20,902.2200,884.0830,902.2200,880.9280,532165039,2598639279.0000,0.000000,-2.071586
2005-04-21,881.6760,867.3280,886.4370,863.1380,625034912,3136724162.0000,0.000000,-1.895185
2005-04-22,865.8170,857.4010,870.0050,851.3430,622488482,3135517460.0000,0.000000,-1.144550
2005-04-25,846.1420,841.0580,847.8120,829.5480,581986195,2874936589.0000,0.000000,-1.906111
2005-04-26,839.2480,855.2400,858.1070,835.8570,619995510,2916330757.0000,0.000000,1.686210
2005-04-27,857.9510,839.9530,857.9510,839.5620,594365492,2978917961.0000,0.000000,-1.787450
2005-04-28,837.3840,860.6160,863.4520,825.5090,764311242,3771427201.0000,0.000000,2.460021
2005-04-29,860.3930,847.6110,860.3930,845.4360,601368538,2897477422.0000,0.000000,-1.511127
2005-05-09,848.0880,818.3990,851.2090,818.1050,420610047,2068561512.0000,0.000000,-3.446396
2005-05-10,814.7650,818.0880,818.4970,791.1030,494693584,2367569440.0000,0.000000,-0.037998
2005-05-11,816.8170,811.5700,822.7730,809.5800,463757906,2279227682.0000,0.000000,-0.796736
2005-05-12,810.1600,807.5100,814.8870,799.8160,459710546,2220225105.0000,0.000000,-0.500265
2005-05-13,806.7280,814.8780,819.4160,801.8680,519752845,2399090157.0000,0.000000,0.912432
2005-05-16,814.0550,808.1710,814.0550,802.8230,453750251,2010607218.0000,0.000000,-0.823064
2005-05-17,806.8080,818.4550,821.0490,803.4240,495508190,2184321836.0000,0.000000,1.272503
2005-05-18,818.1200,824.6430,824.7710,811.0360,455807702,1982282524.0000,0.000000,0.756057
2005-05-19,824.8260,824.9400,828.5820,814.1510,477627612,2170371655.0000,0.000000,0.036015
2005-05-20,824.5740,819.1300,828.0790,818.3650,432752210,1945065867.0000,0.000000,-0.704293
2005-05-23,816.1950,793.7240,816.1950,793.0520,431271537,1802802915.0000,0.000000,-3.101584
2005-05-24,791.1290,808.7430,811.6710,788.8170,469529223,1976718785.0000,0.000000,1.892217
2005-05-25,808.5210,809.6970,817.6680,803.9420,529453761,2206568910.0000,0.000000,0.117966
2005-05-26,808.6610,799.0240,812.6940,795.4250,483878743,2104358596.0000,0.000000,-1.318152
2005-05-27,797.1830,790.9980,806.2520,789.8590,416763164,1818239407.0000,0.000000,-1.004476
2005-05-30,788.6370,797.5320,799.4030,783.8540,384870800,1627664116.0000,0.000000,0.826045
2005-05-31,798.3340,796.8720,802.0360,793.8760,429973699,1769831486.0000,0.000000,-0.082752
2005-06-01,795.8170,778.6730,795.8170,774.3540,464872701,1920798554.0000,0.000000,-2.283809
2005-06-02,777.4690,769.4210,779.2300,764.1500,495063844,2099951737.0000,0.000000,-1.188169
2005-06-03,767.6700,765.9670,772.8310,755.2550,458631503,1841785231.0000,0.000000,-0.448914
2005-06-06,764.6560,778.2100,778.4000,751.3210,476354250,1973905289.0000,0.000000,1.598377
2005-06-07,779.7230,779.8440,795.4200,776.1210,708730037,3116981334.0000,0.000000,0.209965
2005-06-08,782.0070,841.3600,845.0590,782.0070,1497354405,6612786780.0000,0.000000,7.888243
2005-06-09,840.2330,849.7250,858.7460,829.2760,1531145199,7083905756.0000,0.000000,0.994223
2005-06-10,850.0240,831.6050,850.0240,827.7530,1003594822,4618584575.0000,0.000000,-2.132454
2005-06-13,830.7960,834.2520,837.3820,818.5840,689483897,3143331122.0000,0.000000,0.318304
2005-06-14,835.3530,818.1910,841.3340,817.5310,740158653,3214101518.0000,0.000000,-1.925202
2005-06-15,815.7310,796.2600,815.7310,794.8480,588453212,2611882535.0000,0.000000,-2.680422
2005-06-16,795.7550,803.9450,804.0380,786.0050,551448200,2463681172.0000,0.000000,0.965137
2005-06-17,805.7530,800.1370,809.5780,796.8910,547849935,2541412672.0000,0.000000,-0.473662
2005-06-20,799.4670,823.7330,823.9130,786.4280,796647678,3695814708.0000,0.000000,2.948988
2005-06-21,823.5380,816.1970,824.0380,813.2760,638511320,2928451825.0000,0.000000,-0.914853
2005-06-22,814.9120,818.6470,819.4910,808.7670,499273725,2228747206.0000,0.000000,0.300167
2005-06-23,818.1890,809.3470,821.4560,808.5620,524665869,2368349381.0000,0.000000,-1.136019
2005-06-24,807.6780,813.2030,813.2770,802.4860,427675509,1868202982.0000,0.000000,0.476436
2005-06-27,817.2840,834.3460,838.4200,817.2840,928098446,4445204662.0000,0.000000,2.599967
2005-06-28,832.1550,819.0460,832.1550,817.2860,574778722,2677620074.0000,0.000000,-1.833770
2005-06-29,818.0910,814.0640,821.0780,813.0790,514989044,2397803068.0000,0.000000,-0.608268
2005-06-30,813.1520,791.5020,813.1520,790.7570,535470028,2487038569.0000,0.000000,-2.771528
2005-07-01,789.1770,760.3520,789.1770,758.7070,646907313,2803467961.0000,0.000000,-3.935558
2005-07-04,756.0330,749.4830,756.0330,732.8640,590970196,2464867355.0000,0.000000,-1.429472
2005-07-05,747.8940,744.5950,752.7730,739.6210,439146253,1957584553.0000,0.000000,-0.652183
2005-07-06,744.7950,743.4440,750.3020,738.3800,428024302,1849285309.0000,0.000000,-0.154581
2005-07-07,743.3230,747.4180,751.1280,740.4850,392513492,1689526507.0000,0.000000,0.534547
2005-07-08,746.2890,722.8540,746.2890,722.2830,509962055,2074276437.0000,0.000000,-3.286518
2005-07-11,725.6350,714.4750,742.9470,712.9660,504551945,2115139680.0000,0.000000,-1.159159
2005-07-12,712.3070,739.5340,740.5940,708.9920,690327173,2925420187.0000,0.000000,3.507334
2005-07-13,738.6140,732.4430,738.7400,729.5910,571845061,2534914868.0000,0.000000,-0.958847
2005-07-14,732.0050,732.5440,740.0500,729.2690,523636686,2238519576.0000,0.000000,0.013791
2005-07-15,732.6740,714.4880,736.4090,712.4430,594210409,2376343496.0000,0.000000,-2.464839
2005-07-18,712.3200,696.8480,712.3200,694.8480,481789676,1869008405.0000,0.000000,-2.468894
2005-07-19,695.7670,703.0660,705.0760,692.6970,418524535,1665130039.0000,0.000000,0.892297
2005-07-20,703.1730,707.2930,711.0080,699.1920,424300901,1771294806.0000,0.000000,0.601231
2005-07-21,707.0490,704.7880,707.9380,695.3840,474598107,1948020673.0000,0.000000,-0.354168
2005-07-22,704.6110,721.4450,728.5230,704.2310,950855587,3877378333.0000,0.000000,2.363403
2005-07-25,720.6090,718.8670,720.9870,714.6840,577102003,2427919376.0000,0.000000,-0.357339
2005-07-26,718.6230,735.8610,736.7210,718.6000,919136182,3765644687.0000,0.000000,2.364000
2005-07-27,736.2890,750.0150,750.0930,731.0760,947247844,3880395437.0000,0.000000,1.923460
2005-07-28,750.4000,747.2300,755.9420,744.0220,1074715208,4372350126.0000,0.000000,-0.371331
2005-07-29,746.5890,744.8250,748.3800,739.3960,705695311,2815158251.0000,0.000000,-0.321851
2005-08-01,744.7710,750.4880,751.0460,742.8960,631794348,2559324066.0000,0.000000,0.760308
2005-08-02,750.9640,763.2900,763.2900,746.8190,890216702,3550207898.0000,0.000000,1.705824
2005-08-03,764.9380,769.7520,781.0270,763.8650,1408354965,5550136894.0000,0.000000,0.846603
2005-08-04,767.5660,765.2620,769.3420,761.3620,866178461,3626523924.0000,0.000000,-0.583303
2005-08-05,765.3900,787.8190,787.9260,765.3900,1249026298,5533624993.0000,0.000000,2.947611
2005-08-08,792.4010,800.1170,805.5970,790.1790,1536139404,7002623029.0000,0.000000,1.561023
2005-08-09,800.8370,814.1860,814.2580,794.1790,1401640053,6101487287.0000,0.000000,1.758364
2005-08-10,814.7630,823.8390,823.9870,804.5220,1520112307,6584951194.0000,0.000000,1.185603
2005-08-11,823.7200,832.8410,833.6820,820.2880,1646330415,7294366339.0000,0.000000,1.092691
2005-08-12,833.4620,816.3860,839.5210,811.3800,1764308661,7822259553.0000,0.000000,-1.975769
2005-08-15,814.8420,839.6670,839.6790,814.5640,1262526106,5910134742.0000,0.000000,2.851716
2005-08-16,841.3220,839.2640,846.6560,830.7280,1551594142,7207373072.0000,0.000000,-0.047997
2005-08-17,837.8960,854.5260,854.6070,823.4390,1679237457,7512966671.0000,0.000000,1.818501
2005-08-18,855.8790,820.6640,865.6920,819.8840,2133211994,9560360288.0000,0.000000,-3.962665
2005-08-19,816.9600,820.8690,828.1170,803.2810,1386054808,6154915639.0000,0.000000,0.024982
2005-08-22,819.4780,831.4960,833.2710,817.1650,972441322,4163217016.0000,0.000000,1.294598
2005-08-23,830.7360,816.9140,830.7360,809.4610,918385115,3972885901.0000,0.000000,-1.753703
2005-08-24,816.7420,826.7160,826.7310,816.6080,884105752,3843597951.0000,0.000000,1.199882
2005-08-25,827.0140,836.4180,836.5780,821.5800,1037584874,4467612011.0000,0.000000,1.173562
2005-08-26,837.4100,840.4310,842.2970,830.5820,1188080079,5071290126.0000,0.000000,0.479784
2005-08-29,839.3050,832.2480,840.0410,826.3560,1078255660,4519192344.0000,0.000000,-0.973672
2005-08-30,831.4920,827.5500,834.2080,827.0920,924203558,4041234187.0000,0.000000,-0.564495
2005-08-31,827.2280,845.1420,845.1500,822.1660,1134994316,4923412337.0000,0.000000,2.125798
2005-09-01,845.9340,865.4050,865.4050,842.8120,1703406614,7438827221.0000,0.000000,2.397585
2005-09-02,866.5490,872.4850,874.1570,861.4750,1536554793,6860942930.0000,0.000000,0.818109
2005-09-05,873.8560,884.2900,884.3960,871.8820,1250419203,5688037076.0000,0.000000,1.353031
2005-09-06,885.3620,862.4910,892.2160,860.3580,1705090353,7680093922.0000,0.000000,-2.465136
2005-09-07,860.3840,888.1250,888.1810,857.7580,1395759518,6427215445.0000,0.000000,2.972085
2005-09-08,890.1930,889.6900,894.7390,878.2840,1469915717,6867746252.0000,0.000000,0.176214
2005-09-09,889.5490,879.5030,893.8270,875.6060,1039946723,4923128531.0000,0.000000,-1.145007
2005-09-12,878.7300,883.5610,883.5610,874.7660,765652323,3536951802.0000,0.000000,0.461395
2005-09-13,884.2470,904.3110,904.3110,883.4580,1249627241,5855690757.0000,0.000000,2.348451
2005-09-14,906.2140,914.9830,915.1340,902.5620,1659733385,7824404409.0000,0.000000,1.180125
2005-09-15,914.9060,918.5050,920.9540,910.7670,1358238477,6488990073.0000,0.000000,0.384929
2005-09-16,918.2590,917.6380,918.8030,910.8410,1096153231,5247184805.0000,0.000000,-0.094393
2005-09-19,918.1290,930.4890,930.5910,915.9270,1205620878,5691535255.0000,0.000000,1.400445
2005-09-20,931.8800,924.1600,931.8940,915.1370,1574760592,7657830324.0000,0.000000,-0.680184
2005-09-21,921.9200,909.7870,922.1800,908.9830,1560313942,7226512985.0000,0.000000,-1.555249
2005-09-22,906.0490,880.0130,907.2900,866.9490,1440832168,6671951660.0000,0.000000,-3.272633
2005-09-23,876.3100,868.5490,883.5360,868.1580,979978400,4676865548.0000,0.000000,-1.302707
2005-09-26,867.2220,874.8400,875.0260,862.1850,696568999,3388518590.0000,0.000000,0.724313
2005-09-27,875.0970,856.9580,877.6620,856.4950,880588126,4224674796.0000,0.000000,-2.044033
2005-09-28,855.7960,852.3590,863.8130,849.8860,751078150,3557058811.0000,0.000000,-0.536666
2005-09-29,852.0380,871.2910,871.4870,852.0380,883536020,4257378974.0000,0.000000,2.221131
2005-09-30,871.2290,869.5090,873.1140,866.8250,752996306,3718773617.0000,0.000000,-0.204529
2005-10-10,870.0490,858.7480,870.0490,857.9650,611949522,2951252757.0000,0.000000,-1.237594
2005-10-11,857.6420,878.6230,878.6940,854.2740,763526757,3795362544.0000,0.000000,2.314416
2005-10-12,879.0500,887.7110,891.8620,874.9800,945920510,4850252978.0000,0.000000,1.034347
2005-10-13,888.3030,883.4500,890.8570,881.2270,828704887,4252389601.0000,0.000000,-0.479997
2005-10-14,882.8720,876.0530,883.8410,873.4600,795404996,3964014247.0000,0.000000,-0.837290
2005-10-17,874.8540,878.7570,878.8850,868.4610,768788822,3784372720.0000,0.000000,0.308662
2005-10-18,878.7810,893.6990,893.9790,878.4540,971621052,4925305812.0000,0.000000,1.700351
2005-10-19,893.4670,886.3140,900.6800,884.9890,984363321,4721479562.0000,0.000000,-0.826335
2005-10-20,885.3400,886.5510,886.8350,872.4770,952193584,4825303991.0000,0.000000,0.026740
2005-10-21,886.4310,895.0270,898.2480,885.2780,1002492703,5016318205.0000,0.000000,0.956059
2005-10-24,895.4280,897.7570,899.4360,891.9550,878935437,4214112192.0000,0.000000,0.305023
2005-10-25,896.6930,877.5770,896.6930,877.5430,867696644,4083950279.0000,0.000000,-2.247823
2005-10-26,875.5400,854.0280,876.4140,853.6020,938201439,4389740208.0000,0.000000,-2.683413
2005-10-27,851.0810,847.5930,856.9670,841.8640,810393716,3752921927.0000,0.000000,-0.753488
2005-10-28,846.7020,825.0630,850.9120,814.1170,866896692,3980409645.0000,0.000000,-2.658119
2005-10-31,823.2330,828.6590,831.1780,819.3550,649257458,2962992897.0000,0.000000,0.435847
2005-11-01,827.8940,823.3280,827.8940,808.3990,694423972,3125533566.0000,0.000000,-0.643328
2005-11-02,823.2060,840.3160,843.1540,823.2060,909599265,4040775904.0000,0.000000,2.063330
2005-11-03,839.8580,828.9060,842.5180,826.1160,755962393,3426888486.0000,0.000000,-1.357819
2005-11-04,828.0400,835.1220,835.2240,820.8950,644961044,3104914686.0000,0.000000,0.749904
2005-11-07,835.0630,842.0020,842.0580,829.7400,613296312,2821363619.0000,0.000000,0.823832
2005-11-08,841.9290,848.9650,849.1110,835.8120,729783834,3303265390.0000,0.000000,0.826959
2005-11-09,848.7410,845.1100,852.0270,844.7630,761274661,3571895901.0000,0.000000,-0.454087
2005-11-10,843.6200,821.2690,843.6200,820.6390,843958006,3914752386.0000,0.000000,-2.821053
2005-11-11,818.7170,823.9560,828.3940,814.7210,638009394,2808468946.0000,0.000000,0.327178
2005-11-14,821.7820,827.5690,827.5810,819.1890,446843616,1921799553.0000,0.000000,0.438491
2005-11-15,827.5160,820.4910,832.9930,816.7900,587161567,2615555590.0000,0.000000,-0.855269
2005-11-16,820.0660,826.6920,826.6920,808.2120,554222441,2344493570.0000,0.000000,0.755766
2005-11-17,827.2180,825.7970,830.3720,822.9950,553381628,2365641062.0000,0.000000,-0.108265
2005-11-18,824.8040,843.7380,845.7000,824.3590,969075674,4229046189.0000,0.000000,2.172565
2005-11-21,844.6290,846.9580,849.3040,842.4390,660867737,2877318510.0000,0.000000,0.381639
2005-11-22,847.1820,831.7710,847.4510,831.3650,627509055,2812886141.0000,0.000000,-1.793125
2005-11-23,831.7010,838.1170,838.5570,828.0660,494042158,2233518032.0000,0.000000,0.762951
2005-11-24,837.6780,841.6990,843.9590,836.8580,553120116,2482279680.0000,0.000000,0.427383
2005-11-25,841.7140,841.1300,841.7830,836.4400,484954815,2156572262.0000,0.000000,-0.067598
2005-11-28,841.2110,838.3420,841.8760,835.0520,459130528,2153318286.0000,0.000000,-0.331462
2005-11-29,839.2500,827.0050,839.2500,826.4360,449955496,2057572878.0000,0.000000,-1.352309
2005-11-30,826.3350,829.5000,829.7040,821.6730,480517458,2293872243.0000,0.000000,0.301690
2005-12-01,829.3350,828.1930,832.1190,824.2810,392720888,1862984123.0000,0.000000,-0.157566
2005-12-02,827.1540,817.8640,827.9100,816.4220,439908623,1933484767.0000,0.000000,-1.247171
2005-12-05,819.7910,796.9260,819.7910,796.3400,489537012,2126599956.0000,0.000000,-2.560082
2005-12-06,795.1110,798.8780,800.5780,792.1130,372778249,1632508124.0000,0.000000,0.244937
2005-12-07,800.1830,806.7780,806.8890,798.2910,375535545,1696603323.0000,0.000000,0.988890
2005-12-08,807.4060,805.5610,808.9030,801.1920,389699945,1749825135.0000,0.000000,-0.150852
2005-12-09,805.5210,819.2000,819.5250,803.8140,556345562,2517195976.0000,0.000000,1.693111
2005-12-12,820.1090,824.5180,825.6080,817.9340,546831096,2505643034.0000,0.000000,0.649169
2005-12-13,824.6280,824.8610,824.9640,815.3510,491743826,2266932497.0000,0.000000,0.041602
2005-12-14,824.8610,832.5130,833.4720,819.5270,593392904,2648663890.0000,0.000000,0.927669
2005-12-15,833.4650,827.5390,837.4770,826.6050,608947257,2877301198.0000,0.000000,-0.597468
2005-12-16,827.1620,834.5370,834.6580,824.5170,519947452,2459177637.0000,0.000000,0.845638
2005-12-19,834.9560,834.7120,836.4650,831.9770,485956893,2214327148.0000,0.000000,0.020968
2005-12-20,834.8850,836.1190,836.2810,829.3610,445420270,2031096992.0000,0.000000,0.168566
2005-12-21,836.6320,830.7660,838.1400,829.1890,520574270,2292433378.0000,0.000000,-0.640223
2005-12-22,830.4470,835.5030,835.5600,828.3210,508067618,2362375114.0000,0.000000,0.570197
2005-12-23,835.7650,845.5890,845.6260,835.5440,644609954,3001294031.0000,0.000000,1.207177
2005-12-26,846.9310,853.1690,855.1270,846.8000,786041550,3672350801.0000,0.000000,0.896419
2005-12-27,854.7510,854.5260,855.9650,849.4810,652886932,3109676602.0000,0.000000,0.159053
2005-12-28,854.6410,857.2060,857.2630,852.2200,561571724,2732415116.0000,0.000000,0.313623
2005-12-29,858.4130,866.7470,866.7770,858.4130,861709564,4216989537.0000,0.000000,1.113037
2005-12-30,868.4420,860.1310,869.2640,857.7130,755231609,3926993057.0000,0.000000,-0.763317
2006-01-04,860.0440,871.7300,871.9610,859.3050,803901003,4000198215.0000,0.000000,1.348515
2006-01-05,872.0880,882.7320,882.8130,871.6030,1088581159,5213044132.0000,0.000000,1.262090
2006-01-06,884.9240,891.9400,896.0550,879.1780,1337023166,6451093877.0000,0.000000,1.043126
2006-01-09,893.5250,905.0680,905.4310,892.2110,1236129648,6030602226.0000,0.000000,1.471847
2006-01-10,907.6350,911.1910,911.2940,898.7300,1120008016,5314702723.0000,0.000000,0.676522
2006-01-11,910.7610,906.4960,915.0180,901.3970,1295314172,6188643247.0000,0.000000,-0.515261
2006-01-12,906.9390,927.4200,927.4200,905.4260,1402461457,6571664360.0000,0.000000,2.308230
2006-01-13,930.3030,932.4990,935.5280,924.5460,1445938893,6715980154.0000,0.000000,0.547653
2006-01-16,933.2170,920.3320,935.5270,919.9160,1259213622,6025374116.0000,0.000000,-1.304779
2006-01-17,918.5200,919.2790,922.6800,914.3760,891831946,4382590624.0000,0.000000,-0.114413
2006-01-18,920.0620,939.1360,939.2150,919.6260,1147478663,5567521521.0000,0.000000,2.160062
2006-01-19,941.1680,949.9130,950.0360,935.7580,1398923475,6660488215.0000,0.000000,1.147548
2006-01-20,950.6270,952.7690,954.6460,943.1210,1477917237,7271723190.0000,0.000000,0.300655
2006-01-23,955.0860,961.0690,962.0840,946.6040,1412571419,6867931556.0000,0.000000,0.871144
2006-01-24,961.6530,960.3530,969.4250,956.9830,1410381926,7093103730.0000,0.000000,-0.074494
2006-01-25,960.0270,957.7870,963.7420,947.2960,1281711153,6429186424.0000,0.000000,-0.267198
2006-02-06,961.0340,980.9100,980.9880,960.3160,1292312167,6494041689.0000,0.000000,2.414210
2006-02-07,983.3390,981.5740,989.6960,970.3070,1701690792,8731551777.0000,0.000000,0.067692
2006-02-08,979.1450,982.9430,983.0370,970.4110,1358863093,6721582402.0000,0.000000,0.139472
2006-02-09,982.1810,969.5770,982.1810,967.3140,1183502422,5767868742.0000,0.000000,-1.359791
2006-02-10,971.2490,980.8010,980.8010,970.8280,1179724437,5779585861.0000,0.000000,1.157618
2006-02-13,981.6330,977.3960,981.7120,967.1290,1139372163,5621309832.0000,0.000000,-0.347168
2006-02-14,977.2770,986.0560,986.0570,976.1600,1044762810,5125475701.0000,0.000000,0.886031
2006-02-15,987.0880,986.1610,990.4920,982.0270,1232201619,5915206923.0000,0.000000,0.010646
2006-02-16,986.3260,958.5900,986.3260,958.1800,1447752683,6889036469.0000,0.000000,-2.795789
2006-02-17,961.2540,949.9930,962.4980,949.4280,1124600767,5393894628.0000,0.000000,-0.896843
2006-02-20,949.0250,943.7650,952.4190,942.7090,982157070,4625165797.0000,0.000000,-0.655580
2006-02-21,943.1090,960.0170,960.0880,933.3700,1016677725,4634345661.0000,0.000000,1.722040
2006-02-22,960.1030,959.9470,967.6070,957.6630,1033943993,4748612576.0000,0.000000,-0.007292
2006-02-23,959.1260,958.7220,960.6680,946.8810,918400941,4143174452.0000,0.000000,-0.127615
2006-02-24,959.3420,967.1630,967.2920,958.3770,1000713028,4661548040.0000,0.000000,0.880447
2006-02-27,968.2110,963.3790,969.3390,959.4460,902547290,4046904109.0000,0.000000,-0.391247
2006-02-28,962.5240,964.7260,964.9480,947.8660,870227494,3875932474.0000,0.000000,0.139819
2006-03-01,966.8420,972.0670,972.2460,963.2380,965844128,4417155091.0000,0.000000,0.760942
2006-03-02,972.1500,953.3690,972.1500,950.3800,1140765356,5300239815.0000,0.000000,-1.923530
2006-03-03,951.9320,954.4570,956.9520,941.8010,943555166,4461964302.0000,0.000000,0.114116
2006-03-06,955.2500,952.3510,957.2040,949.4630,732304913,3384122651.0000,0.000000,-0.220644
2006-03-07,951.6380,928.5760,951.6380,927.5010,862111672,3830280828.0000,0.000000,-2.496456
2006-03-08,924.6110,924.8300,927.7850,913.7130,722665645,3284620071.0000,0.000000,-0.403410
2006-03-09,923.3240,920.1300,926.5620,917.4920,611090880,2763521542.0000,0.000000,-0.508203
2006-03-10,922.4440,921.6830,925.0980,917.9120,604909921,2727770294.0000,0.000000,0.168778
2006-03-13,921.2340,928.5180,928.8280,920.0460,562189126,2520022636.0000,0.000000,0.741581
2006-03-14,929.0110,931.7210,931.8620,923.4710,634260018,2876199031.0000,0.000000,0.344959
2006-03-15,931.2720,942.6890,942.7090,929.9970,799864278,3978632639.0000,0.000000,1.177178
2006-03-16,942.7230,945.5230,945.5620,939.2060,818227265,3909601097.0000,0.000000,0.300628
2006-03-17,944.9520,943.7250,946.5320,938.9030,894489302,4182585958.0000,0.000000,-0.190163
2006-03-20,944.1040,956.1380,956.1380,939.8480,912038903,4094119920.0000,0.000000,1.315322
2006-03-21,957.8930,959.9270,963.9910,955.0100,1186527699,5336658211.0000,0.000000,0.396282
2006-03-22,959.5160,972.1370,972.1370,957.3830,1151416606,5189972690.0000,0.000000,1.271974
2006-03-23,972.7150,980.8410,982.6150,971.1810,1389792090,6353994863.0000,0.000000,0.895345
2006-03-24,982.4560,974.2690,983.8360,972.8510,1264798232,5810923765.0000,0.000000,-0.670039
2006-03-27,974.5630,984.1520,984.3020,969.6700,1070685331,4754493601.0000,0.000000,1.014401
2006-03-28,987.5340,994.5200,994.9810,986.3450,1336006135,6064864413.0000,0.000000,1.053500
2006-03-29,995.6860,997.7040,1007.9890,993.7050,1578408542,7455183317.0000,0.000000,0.320150
2006-03-30,997.1380,986.9570,998.9120,986.5140,1332995528,6338565813.0000,0.000000,-1.077174
2006-03-31,988.9550,1000.2510,1000.5320,985.4140,1328234254,6789065490.0000,0.000000,1.346969
2006-04-03,1001.3220,1025.7880,1025.7880,1001.3220,1749089099,8638423931.0000,0.000000,2.553058
2006-04-04,1029.1060,1038.1090,1038.1090,1024.1660,1867487248,9322495221.0000,0.000000,1.201130
2006-04-05,1039.7780,1048.6660,1049.0800,1037.5960,1866785850,9280135013.0000,0.000000,1.016946
2006-04-06,1052.3540,1053.6930,1064.5800,1045.8970,2117335449,10559000000.0000,0.000000,0.479369
2006-04-07,1056.2900,1068.1100,1068.1720,1051.7860,2128852204,10427000000.0000,0.000000,1.368235
2006-04-10,1071.1850,1090.7200,1090.7200,1069.7310,2197651429,10222000000.0000,0.000000,2.116822
2006-04-11,1097.2730,1094.4090,1098.9570,1081.6900,2259582098,10774000000.0000,0.000000,0.338225
2006-04-12,1095.0750,1095.4970,1101.4850,1089.1290,2014051546,9691783748.0000,0.000000,0.099404
2006-04-13,1097.2920,1062.6900,1103.6620,1062.4720,2261439144,10730000000.0000,0.000000,-2.994714
2006-04-14,1058.7080,1088.1830,1088.2660,1053.8850,1643491447,7958759268.0000,0.000000,2.398916
2006-04-17,1086.2430,1093.5130,1097.4990,1080.6170,1913733660,9297213972.0000,0.000000,0.489803
2006-04-18,1094.3580,1097.7300,1100.8830,1087.0100,1717572867,8604872225.0000,0.000000,0.385642
2006-04-19,1098.5820,1100.6610,1100.6610,1082.1800,1856178229,9567365663.0000,0.000000,0.267008
2006-04-20,1102.2740,1091.8510,1102.2740,1084.2020,1977024852,10561000000.0000,0.000000,-0.800433
2006-04-21,1091.6570,1102.5470,1106.5400,1081.1890,2048506016,10825000000.0000,0.000000,0.979625
2006-04-24,1106.1160,1094.3750,1107.5930,1083.0940,2277834184,11952000000.0000,0.000000,-0.741193
2006-04-25,1091.8350,1103.0590,1109.3050,1076.9050,2074415641,11061000000.0000,0.000000,0.793509
2006-04-26,1103.7460,1116.8110,1125.8660,1102.8330,2260280999,12473000000.0000,0.000000,1.246722
2006-04-27,1119.6700,1125.3200,1127.9650,1110.6880,1857431351,9745814558.0000,0.000000,0.761894
2006-04-28,1117.5110,1141.6850,1146.3820,1098.7730,2053279754,10998000000.0000,0.000000,1.454263
2006-05-08,1148.0840,1180.7280,1181.5260,1148.0840,2244040231,11848000000.0000,0.000000,3.419767
2006-05-09,1188.7970,1218.0940,1218.0940,1182.9510,2980858218,15505000000.0000,0.000000,3.164655
2006-05-10,1227.2860,1241.5710,1247.2300,1214.7340,3120288528,16281000000.0000,0.000000,1.927360
2006-05-11,1247.1220,1237.7720,1278.7000,1237.7210,3658888380,19833000000.0000,0.000000,-0.305989
2006-05-12,1239.7550,1283.6770,1283.7510,1237.6330,3296716375,18042000000.0000,0.000000,3.708682
2006-05-15,1303.3780,1344.9240,1344.9630,1291.3720,4066894169,22547000000.0000,0.000000,4.771212
2006-05-16,1347.1860,1297.9320,1357.8110,1291.4410,3938162048,23030000000.0000,0.000000,-3.494022
2006-05-17,1302.6100,1318.9660,1327.2440,1289.1500,3213714158,18591000000.0000,0.000000,1.620573
2006-05-18,1311.4270,1328.2060,1336.4410,1294.9060,2851040211,15639000000.0000,0.000000,0.700557
2006-05-19,1332.1600,1365.6470,1369.4270,1327.1930,3078397575,17775000000.0000,0.000000,2.818909
2006-05-22,1370.5030,1386.7480,1396.4940,1364.4480,3321817465,18832000000.0000,0.000000,1.545134
2006-05-23,1388.0280,1326.1560,1388.0280,1325.9910,3140625207,17357000000.0000,0.000000,-4.369362
2006-05-24,1333.3080,1308.6930,1360.1640,1279.9540,2660086684,15046000000.0000,0.000000,-1.316814
2006-05-25,1304.0810,1324.9190,1329.6280,1298.7320,1966382467,10679000000.0000,0.000000,1.239859
2006-05-26,1330.2270,1355.5010,1355.6270,1329.1380,2093117262,11650000000.0000,0.000000,2.308219
2006-05-29,1362.8430,1387.5240,1387.5640,1352.9760,2342928601,13098000000.0000,0.000000,2.362453
2006-05-30,1391.6210,1410.5420,1411.3810,1380.2000,2494138877,14664000000.0000,0.000000,1.658922
2006-05-31,1408.9110,1402.3320,1426.0810,1392.1520,2759887682,15780000000.0000,0.000000,-0.582043
2006-06-01,1402.3350,1455.7410,1455.7410,1401.8380,3306958568,18774000000.0000,0.000000,3.808580
2006-06-02,1462.6140,1457.7630,1475.0850,1440.2730,3832554248,21655000000.0000,0.000000,0.138897
2006-06-05,1461.0230,1484.2900,1484.4580,1443.3100,2941387422,16896000000.0000,0.000000,1.819713
2006-06-06,1482.8040,1470.4490,1485.5680,1464.1010,2532940176,14565000000.0000,0.000000,-0.932504
2006-06-07,1470.2570,1370.8090,1470.2570,1370.3860,2793126267,15545000000.0000,0.000000,-6.776163
2006-06-08,1357.2990,1376.0790,1379.3670,1326.7840,2467163299,12735000000.0000,0.000000,0.384446
2006-06-09,1371.4020,1346.4810,1386.9330,1345.5980,2322073936,12625000000.0000,0.000000,-2.150896
2006-06-12,1339.5370,1352.5820,1361.9050,1329.2020,1467211556,8497080349.0000,0.000000,0.453112
2006-06-13,1350.7360,1361.5260,1369.6120,1342.4740,1455776769,8299965004.0000,0.000000,0.661251
2006-06-14,1351.3350,1347.8780,1351.3350,1328.8670,1398792227,7900015153.0000,0.000000,-1.002401
2006-06-15,1346.0000,1352.3360,1366.3960,1344.7830,1382726739,7955175184.0000,0.000000,0.330743
2006-06-16,1362.0580,1382.4100,1382.5980,1360.4220,1594933191,9228665022.0000,0.000000,2.223854
2006-06-19,1367.0570,1397.9950,1405.1310,1359.7470,1717454331,10014000000.0000,0.000000,1.127376
2006-06-20,1397.1550,1414.9050,1415.8840,1391.3620,1793339461,10637000000.0000,0.000000,1.209592
2006-06-21,1414.9420,1410.5020,1426.9840,1399.6880,1824167897,10917000000.0000,0.000000,-0.311192
2006-06-22,1409.1480,1411.2780,1416.0310,1399.2780,1606707375,9436384340.0000,0.000000,0.055016
2006-06-23,1408.4180,1430.5130,1430.6330,1401.5030,1688695628,9614963379.0000,0.000000,1.362948
2006-06-26,1433.2420,1457.1370,1458.7950,1433.2420,2045322219,11914000000.0000,0.000000,1.861152
2006-06-27,1460.8970,1464.6860,1466.1240,1447.6770,2030608262,11556000000.0000,0.000000,0.518076
2006-06-28,1463.2350,1461.7930,1468.8580,1454.7570,1776840085,9881431415.0000,0.000000,-0.197521
2006-06-29,1465.8550,1488.1640,1489.9560,1465.8550,2438537312,14161000000.0000,0.000000,1.804015
2006-06-30,1495.5060,1485.9950,1501.2650,1476.2220,2463673450,14233000000.0000,0.000000,-0.145746
2006-07-03,1489.4590,1514.0680,1514.0680,1483.9480,2534876523,14378000000.0000,0.000000,1.889172
2006-07-04,1516.7030,1508.8390,1525.1870,1496.6280,2785012612,16045000000.0000,0.000000,-0.345361
2006-07-05,1508.3580,1497.6560,1508.3580,1475.0180,2157474894,12717000000.0000,0.000000,-0.741165
2006-07-06,1498.0420,1539.1770,1539.3900,1497.2100,2542614011,15032000000.0000,0.000000,2.772399
2006-07-07,1544.9730,1541.2530,1549.6090,1534.1860,2502686310,14489000000.0000,0.000000,0.134880
2006-07-10,1542.9040,1550.0400,1551.0910,1530.5340,1980847923,11728000000.0000,0.000000,0.570120
2006-07-11,1551.6420,1561.8430,1561.9040,1543.7120,2080204399,12371000000.0000,0.000000,0.761463
2006-07-12,1564.4490,1562.0600,1577.3960,1560.0680,2527544430,15086000000.0000,0.000000,0.013896
2006-07-13,1558.4260,1459.7780,1558.6010,1459.6710,3494460658,19684000000.0000,0.000000,-6.547898
2006-07-14,1442.3280,1470.4670,1484.8860,1435.7490,2119687786,11904000000.0000,0.000000,0.732241
2006-07-17,1467.2620,1494.7930,1494.7930,1460.7310,1773405870,10151000000.0000,0.000000,1.654299
2006-07-18,1494.9640,1506.5920,1506.5920,1481.0720,1791203895,9929215372.0000,0.000000,0.789345
2006-07-19,1503.6770,1472.3540,1503.6770,1460.0540,1901380938,10573000000.0000,0.000000,-2.272549
2006-07-20,1470.5340,1484.4090,1486.9390,1462.4120,1624845474,8586066103.0000,0.000000,0.818761
2006-07-21,1483.0380,1493.0360,1494.8060,1482.9210,1589308027,8531719003.0000,0.000000,0.581171
2006-07-24,1464.2740,1496.6070,1497.5190,1453.0890,1630750525,8909501222.0000,0.000000,0.239180
2006-07-25,1498.2250,1518.1720,1522.4430,1498.2250,1783535009,9897228913.0000,0.000000,1.440922
2006-07-26,1521.8930,1523.8630,1529.2860,1512.0130,1739988884,9548073999.0000,0.000000,0.374861
2006-07-27,1523.1520,1506.5600,1531.6890,1492.6730,1979114306,10841000000.0000,0.000000,-1.135468
2006-07-28,1504.5830,1492.1140,1510.8020,1472.6300,1860457554,10080000000.0000,0.000000,-0.958876
2006-07-31,1487.7800,1425.0440,1487.7800,1424.5210,1797706241,9525993017.0000,0.000000,-4.494969
2006-08-01,1422.2710,1408.9020,1435.6520,1403.4030,1431833084,7445151013.0000,0.000000,-1.132735
2006-08-02,1409.6340,1401.8590,1417.3680,1378.5990,1307817818,6614744961.0000,0.000000,-0.499891
2006-08-03,1402.9300,1401.1560,1412.1200,1387.0430,1117316284,5800944746.0000,0.000000,-0.050148
2006-08-04,1401.6190,1354.7780,1407.7710,1353.1790,1325733569,6822038000.0000,0.000000,-3.309985
2006-08-07,1349.2390,1323.7260,1349.2390,1321.1000,1243696737,6141059280.0000,0.000000,-2.292036
2006-08-08,1322.9960,1364.9900,1364.9900,1322.9960,1237106400,6020720288.0000,0.000000,3.117265
2006-08-09,1365.1580,1367.3950,1375.4550,1355.5420,1192714264,5939875079.0000,0.000000,0.176194
2006-08-10,1367.3230,1391.1440,1391.1440,1367.3020,1245822236,6293954482.0000,0.000000,1.736808
2006-08-11,1391.4720,1398.0110,1401.3260,1382.0520,1229377699,6168816362.0000,0.000000,0.493618
2006-08-14,1397.9210,1356.8480,1401.2810,1352.8090,1297480140,6338508140.0000,0.000000,-2.944395
2006-08-15,1355.8790,1383.3610,1383.3610,1346.1630,1011721744,4967427839.0000,0.000000,1.954010
2006-08-16,1383.8280,1407.3130,1407.3130,1378.9210,1380077105,7195639948.0000,0.000000,1.731437
2006-08-17,1406.4440,1395.7180,1406.4440,1381.1360,1225959128,6113822993.0000,0.000000,-0.823909
2006-08-18,1392.1560,1384.8990,1402.9070,1383.7050,1009591070,5018776105.0000,0.000000,-0.775154
2006-08-21,1339.5170,1392.9690,1392.9690,1329.8170,1181311062,5801880583.0000,0.000000,0.582710
2006-08-22,1392.2340,1408.8460,1413.0190,1389.6750,1406752248,7425680210.0000,0.000000,1.139792
2006-08-23,1409.8770,1403.5780,1414.9750,1398.5420,1352217316,7155862556.0000,0.000000,-0.373919
2006-08-24,1402.8290,1416.8980,1416.8980,1391.7320,1282636549,6562146772.0000,0.000000,0.948999
2006-08-25,1418.1150,1421.0950,1429.2370,1416.1000,1500675996,7821319137.0000,0.000000,0.296212
2006-08-28,1425.4840,1457.3210,1457.3210,1425.4840,1922608293,10219000000.0000,0.000000,2.549166
2006-08-29,1460.5210,1456.4400,1482.4130,1456.0810,2439629982,12859000000.0000,0.000000,-0.060461
2006-08-30,1452.7370,1468.6640,1468.9880,1445.9130,1613686934,8370287128.0000,0.000000,0.839307
2006-08-31,1469.8620,1479.9000,1479.9000,1463.1950,1797138460,9584234091.0000,0.000000,0.765055
2006-09-01,1477.4780,1451.9500,1481.6540,1447.0290,1810229152,9708643566.0000,0.000000,-1.888646
2006-09-04,1456.6780,1484.4430,1484.4430,1455.3040,1629600174,8897221375.0000,0.000000,2.237890
2006-09-05,1488.0170,1490.1530,1492.9250,1480.7820,1948367651,10374000000.0000,0.000000,0.384653
2006-09-06,1491.8340,1497.0050,1497.0050,1476.3700,1785090778,9666733596.0000,0.000000,0.459822
2006-09-07,1497.5390,1472.5050,1497.5390,1465.0440,1434170606,8066659860.0000,0.000000,-1.636601
2006-09-08,1470.8280,1473.9220,1480.3910,1469.4080,1191211021,6367523088.0000,0.000000,0.096230
2006-09-11,1474.4700,1481.9320,1481.9320,1453.5940,1419319725,7753777363.0000,0.000000,0.543449
2006-09-12,1481.9960,1487.7410,1490.4230,1479.0430,1531201575,8310110388.0000,0.000000,0.391986
2006-09-13,1488.1380,1466.0430,1488.7550,1464.8530,1493686140,8155303180.0000,0.000000,-1.458453
2006-09-14,1464.4540,1467.7960,1469.1050,1448.5440,1501071118,8066288934.0000,0.000000,0.119577
2006-09-15,1468.0590,1484.6870,1484.6870,1466.8400,1552286894,8256157368.0000,0.000000,1.150772
2006-09-18,1487.8640,1507.9420,1507.9420,1485.9580,1749403344,9331125592.0000,0.000000,1.566324
2006-09-19,1510.1420,1512.9630,1516.8660,1502.6500,1940625400,10240000000.0000,0.000000,0.332970
2006-09-20,1510.3500,1517.2900,1521.6530,1499.7600,1760993754,9661184103.0000,0.000000,0.285997
2006-09-21,1516.2550,1521.9500,1523.7520,1511.1550,1668735200,8971301320.0000,0.000000,0.307121
2006-09-22,1522.7850,1509.3850,1523.5470,1505.1470,1848755137,10110000000.0000,0.000000,-0.825582
2006-09-25,1508.2000,1514.2770,1522.4030,1499.4770,1709207491,9954853768.0000,0.000000,0.324103
2006-09-26,1513.4680,1508.2000,1514.6490,1497.4040,1593939963,9100111061.0000,0.000000,-0.401315
2006-09-27,1506.8010,1522.4500,1522.4500,1505.0430,1378012729,7914358754.0000,0.000000,0.944835
2006-09-28,1523.0340,1535.2720,1540.5100,1521.4160,1619720179,9542271917.0000,0.000000,0.842197
2006-09-29,1537.6970,1550.8030,1552.3130,1537.6970,1916380081,10945000000.0000,0.000000,1.011613
2006-10-09,1562.4890,1579.5210,1579.5210,1560.3250,2112986639,11891000000.0000,0.000000,1.851816
2006-10-10,1581.1130,1588.8060,1591.4460,1571.7950,2527876912,13602000000.0000,0.000000,0.587839
2006-10-11,1587.6370,1591.4510,1591.4510,1573.4800,2160331809,11696000000.0000,0.000000,0.166478
2006-10-12,1591.3860,1567.2910,1591.3860,1567.0120,2263359373,12175000000.0000,0.000000,-1.518113
2006-10-13,1566.0090,1575.8610,1579.0710,1561.4520,1767877458,9795376464.0000,0.000000,0.546800
2006-10-16,1577.2480,1567.0850,1579.2130,1563.8420,1801511242,9772287621.0000,0.000000,-0.556902
2006-10-17,1566.7410,1568.5090,1575.4790,1562.0440,1632213534,9108092494.0000,0.000000,0.090874
2006-10-18,1568.1330,1588.5900,1588.5900,1565.5660,1553356227,8503561733.0000,0.000000,1.280256
2006-10-19,1589.3940,1597.3800,1597.3800,1586.8140,1885908261,10571000000.0000,0.000000,0.553323
2006-10-20,1598.1310,1587.9020,1600.4310,1586.5600,1902017717,10839000000.0000,0.000000,-0.593348
2006-10-23,1586.8240,1537.3210,1588.7530,1529.4700,2113477654,11659000000.0000,0.000000,-3.185394
2006-10-24,1535.8480,1577.0860,1577.0860,1535.8480,1799656850,10242000000.0000,0.000000,2.586643
2006-10-25,1579.5770,1565.9010,1583.1160,1550.8370,1987133420,11306000000.0000,0.000000,-0.709223
2006-10-26,1568.8150,1556.6900,1568.8150,1551.2840,1586215910,9226278637.0000,0.000000,-0.588228
2006-10-27,1555.1090,1530.2600,1557.6250,1524.9730,1677615361,9646516213.0000,0.000000,-1.697829
2006-10-30,1527.0080,1527.2160,1531.5200,1504.1320,1387148355,7776928175.0000,0.000000,-0.198925
2006-10-31,1526.5260,1541.6390,1541.6390,1523.9710,1409196148,8077771697.0000,0.000000,0.944404
2006-11-01,1541.6110,1548.5180,1548.5180,1531.1040,1568012459,9249221437.0000,0.000000,0.446207
2006-11-02,1548.2000,1545.8260,1548.2000,1530.8460,1589452305,9031088112.0000,0.000000,-0.173837
2006-11-03,1545.6760,1549.6550,1553.6830,1544.1800,1423927162,8208252994.0000,0.000000,0.247698
2006-11-06,1540.0820,1540.6060,1547.0070,1531.5520,1490735928,8642240592.0000,0.000000,-0.583941
2006-11-07,1540.8010,1525.6490,1540.8010,1507.5170,1632167386,9444616902.0000,0.000000,-0.970846
2006-11-08,1524.9760,1521.4480,1527.1960,1517.1880,1209657459,7000840211.0000,0.000000,-0.275361
2006-11-09,1518.7240,1537.8620,1538.5680,1515.9850,1319495561,7763982813.0000,0.000000,1.078845
2006-11-10,1539.2050,1498.8710,1539.8180,1490.6120,1568338401,8701692662.0000,0.000000,-2.535409
2006-11-13,1496.4180,1445.6790,1496.6740,1437.8250,1499364576,8200604605.0000,0.000000,-3.548805
2006-11-14,1443.5720,1461.7160,1461.7160,1422.7420,1242288067,6869392810.0000,0.000000,1.109305
2006-11-15,1461.2630,1484.4460,1484.4460,1453.8540,1327486329,7478959603.0000,0.000000,1.555029
2006-11-16,1485.9080,1462.6750,1487.0590,1461.5470,1500969323,8746859785.0000,0.000000,-1.466607
2006-11-17,1459.7060,1476.7450,1476.7450,1452.6940,1299521867,7385067963.0000,0.000000,0.961932
2006-11-20,1476.4760,1466.6530,1476.8870,1453.1250,1459635237,8418360021.0000,0.000000,-0.683398
2006-11-21,1465.8250,1477.6790,1477.6790,1450.3400,1423756661,8054577242.0000,0.000000,0.751780
2006-11-22,1478.1220,1500.8130,1509.1910,1474.5670,1819559874,10075000000.0000,0.000000,1.565566
2006-11-23,1500.1180,1509.3150,1509.3150,1495.9180,1653887231,9221271871.0000,0.000000,0.566490
2006-11-24,1509.6320,1532.0190,1533.8510,1499.8890,1977450638,11074000000.0000,0.000000,1.504265
2006-11-27,1532.5430,1567.0490,1567.0490,1530.6550,1981229878,11562000000.0000,0.000000,2.286519
2006-11-28,1567.0070,1577.1790,1582.5170,1563.7860,1972305156,11781000000.0000,0.000000,0.646438
2006-11-29,1561.7770,1596.9980,1596.9980,1543.1240,2095120928,12415000000.0000,0.000000,1.256616
2006-11-30,1599.0430,1623.8160,1626.8440,1599.0430,2761466890,15890000000.0000,0.000000,1.679275
2006-12-01,1626.7510,1629.2070,1637.2090,1619.3190,2763790286,16385000000.0000,0.000000,0.331995
2006-12-04,1631.6110,1663.1970,1663.1970,1631.6110,2983777574,17377000000.0000,0.000000,2.086290
2006-12-05,1666.4370,1675.4580,1680.3340,1651.8900,3517681627,19766000000.0000,0.000000,0.737194
2006-12-06,1674.3100,1649.1390,1678.2270,1598.8080,3748281970,20683000000.0000,0.000000,-1.570852
2006-12-07,1644.8120,1632.9080,1662.9610,1632.8970,3293433776,18199000000.0000,0.000000,-0.984215
2006-12-08,1618.1600,1571.1830,1622.3480,1570.7230,2580865691,14043000000.0000,0.000000,-3.780065
2006-12-11,1565.9490,1621.2630,1621.2630,1565.9490,2010175583,10872000000.0000,0.000000,3.187405
2006-12-12,1626.0300,1626.5860,1631.7630,1596.0750,2168395603,11950000000.0000,0.000000,0.328332
2006-12-13,1627.5680,1634.8400,1637.0020,1612.3860,1896855902,11288000000.0000,0.000000,0.507437
2006-12-14,1636.5450,1662.2660,1662.2660,1634.8160,2185916074,12789000000.0000,0.000000,1.677597
2006-12-15,1667.7170,1689.6710,1689.6710,1666.6560,2609950322,15752000000.0000,0.000000,1.648655
2006-12-18,1699.0650,1717.2250,1718.2920,1696.9080,3074703740,18450000000.0000,0.000000,1.630729
2006-12-19,1720.5660,1724.5330,1724.5330,1681.4420,3201571984,19243061512.0000,0.000000,0.425569
2006-12-20,1706.2010,1756.0020,1756.0020,1702.0310,3383825911,19743523007.0000,0.000000,1.824784
2006-12-21,1755.4850,1737.3810,1769.0700,1733.5320,3604082786,20517651703.0000,0.000000,-1.060419
2006-12-22,1721.3340,1728.3960,1741.6110,1707.4500,2742047246,15104166067.0000,0.000000,-0.517157
2006-12-25,1742.4970,1744.8170,1755.6960,1730.2320,2641350699,15087958685.0000,0.000000,0.950073
2006-12-26,1747.9760,1726.7770,1751.2090,1709.5360,2393145782,13642065402.0000,0.000000,-1.033921
2006-12-27,1727.8180,1738.5250,1738.5250,1723.3670,2099748965,12316073312.0000,0.000000,0.680345
2006-12-28,1739.8570,1704.7240,1741.0500,1689.9990,2408139463,13908113176.0000,0.000000,-1.944236
2006-12-29,1706.5400,1726.1460,1733.4580,1706.5400,2461551809,14631495672.0000,0.000000,1.256626
2007-01-04,1738.9290,1723.6860,1748.0910,1719.4980,3212986778,18743743273.0000,0.000000,-0.142512
2007-01-05,1719.2830,1770.4750,1770.4830,1712.7370,2954547440,17027050329.9999,0.000000,2.714470
2007-01-08,1773.0230,1851.9640,1851.9640,1773.0230,3971932034,23144319524.0000,0.000000,4.602664
2007-01-09,1855.3470,1891.8710,1893.7230,1853.9010,4284590850,24953532868.0000,0.000000,2.154846
2007-01-10,1896.7110,1940.8320,1940.8320,1884.6190,4540633664,26373105774.0000,0.000000,2.587970
2007-01-11,1946.5010,1952.2360,2005.0610,1935.3960,5388346491,31508766345.0000,0.000000,0.587580
2007-01-12,1941.3450,1881.7530,1972.8650,1879.5900,4408009389,25821603780.0000,0.000000,-3.610368
2007-01-15,1881.4670,1986.5390,1986.5390,1881.4670,3881263032,23710425932.0000,0.047586,5.568525
2007-01-16,1991.6900,2055.0200,2055.0200,1991.0400,4807442000,30689050000.0000,0.058869,3.447198
2007-01-17,2064.2900,2035.6500,2093.8900,1992.5400,5883288800,38375190000.0000,0.072030,-0.942570
2007-01-18,2025.8500,2085.4000,2085.4000,2002.6600,5094946000,32208210000.0000,0.062198,2.443931
2007-01-19,2097.5000,2159.6400,2159.6500,2097.5000,5792516800,36951910000.0000,0.070464,3.559988
2007-01-22,2183.4400,2258.9900,2259.0300,2183.4400,6358920000,40928360000.0000,0.077355,4.600308
2007-01-23,2267.4500,2261.7800,2268.6900,2175.6000,6108017600,39600090000.0000,0.074164,0.123508
2007-01-24,2260.7100,2283.7000,2295.2600,2236.5700,5104122400,33928710000.0000,0.061973,0.969145
2007-01-25,2271.5200,2174.2400,2271.5200,2172.9800,4817566000,32172920000.0000,0.058481,-4.793097
2007-01-26,2143.9900,2186.2700,2196.2800,2061.6600,4475940400,28778330000.0000,0.054333,0.553298
2007-01-29,2201.5900,2260.6000,2261.2400,2201.5900,4564666400,30788160000.0000,0.055410,3.399858
2007-01-30,2271.4700,2255.9400,2280.7300,2230.6500,5024768800,33163100000.0000,0.060995,-0.206147
2007-01-31,2251.3200,2142.8900,2258.7000,2129.7900,4904692400,32828620000.0000,0.059537,-5.011217
2007-02-01,2120.0100,2165.4000,2176.2000,2080.1600,4233884400,27578620000.0000,0.051361,1.050451
2007-02-02,2170.0300,2127.1000,2190.9600,2124.3000,3861060800,25752750000.0000,0.046839,-1.768717
2007-02-05,2122.3700,2152.2500,2166.0900,2118.8700,3013411000,20119480000.0000,0.036556,1.182356
2007-02-06,2158.5000,2198.2400,2198.6300,2148.1000,3087618400,20714660000.0000,0.037440,2.136833
2007-02-07,2209.6500,2237.9400,2237.9400,2208.3800,3832704800,26101530000.0000,0.046472,1.805988
2007-02-08,2245.0800,2278.4500,2282.1900,2233.5200,3905389600,26710680000.0000,0.047325,1.810147
2007-02-09,2282.6300,2287.3800,2300.8100,2263.6100,3716182400,24939690000.0000,0.045033,0.391930
2007-02-12,2291.6600,2341.0700,2341.0700,2291.6600,3618835200,25013030000.0000,0.043798,2.347235
2007-02-13,2351.6500,2384.1600,2384.1600,2338.5600,3816378400,26801030000.0000,0.046168,1.840605
2007-02-14,2386.8300,2435.9600,2445.7600,2380.7400,4406558400,31223510000.0000,0.053216,2.172675
2007-02-15,2451.4400,2512.4000,2512.5500,2451.3200,5151646000,37101620000.0000,0.062177,3.137980
2007-02-16,2528.8400,2541.4100,2581.5600,2519.2300,5405675200,39956570000.0000,0.064954,1.154673
2007-02-26,2557.2500,2642.1100,2642.1100,2532.1000,4896308400,36442930000.0000,0.058717,3.962375
2007-02-27,2654.4400,2405.5700,2673.5300,2402.7200,7240425600,52918860000.0000,0.086575,-8.952694
2007-02-28,2370.9500,2513.5300,2520.0000,2369.0500,5302502800,37869580000.0000,0.063385,4.487916
2007-03-01,2526.1500,2459.5100,2526.1600,2417.8400,5882814000,41587570000.0000,0.070235,-2.149169
2007-03-02,2458.2600,2503.6800,2515.0200,2452.9700,4723810400,33902000000.0000,0.056391,1.795883
2007-03-05,2508.3900,2511.9200,2548.2500,2419.2900,4953597600,36388110000.0000,0.059123,0.329115
2007-03-06,2501.2900,2516.0000,2524.6300,2467.6800,3332166600,24808790000.0000,0.039770,0.162429
2007-03-07,2525.5300,2580.6000,2580.6000,2525.4700,3723070800,28949690000.0000,0.044416,2.567571
2007-03-08,2587.7500,2634.8800,2634.8800,2562.5000,4307706400,33388960000.0000,0.051304,2.103379
2007-03-09,2637.6000,2638.0500,2662.3300,2590.4400,4803170400,37390030000.0000,0.057178,0.120315
2007-03-12,2639.8900,2696.5000,2696.8700,2610.4000,5136709200,39729100000.0000,0.061087,2.215650
2007-03-13,2701.5000,2727.4600,2740.4600,2694.3800,5359616000,41804790000.0000,0.063738,1.148154
2007-03-14,2704.4500,2708.6900,2740.5300,2622.7500,5658027200,43846860000.0000,0.067282,-0.688187
2007-03-15,2703.9300,2760.8400,2760.8400,2703.5700,5100980800,40574630000.0000,0.060618,1.925290
2007-03-16,2769.1500,2710.8600,2777.4100,2671.9600,5563313200,45080920000.0000,0.066060,-1.810318
2007-03-19,2623.7400,2751.4800,2760.0900,2609.3100,4764988000,38729130000.0000,0.056398,1.498413
2007-03-20,2761.0100,2810.7100,2811.1500,2759.0000,4355898400,36502670000.0000,0.051500,2.152659
2007-03-21,2821.4400,2859.0100,2859.0300,2801.9300,4827675600,40605910000.0000,0.056976,1.718429
2007-03-22,2869.7500,2861.1500,2899.3500,2852.6700,5600569600,47352040000.0000,0.066035,0.074847
2007-03-23,2862.6300,2898.0000,2901.7800,2820.9900,5227235600,44346580000.0000,0.061469,1.287947
2007-03-26,2915.0500,2989.0500,2989.0500,2915.0500,5673677600,48797440000.0000,0.066667,3.141824
2007-03-27,2995.4600,3039.5300,3040.3500,2979.1300,5695780000,50436250000.0000,0.066914,1.688830
2007-03-28,3048.5000,3004.2900,3060.1900,2873.3800,6700934000,59168940000.0000,0.078490,-1.159389
2007-03-29,3005.0600,2894.7800,3008.2200,2894.7400,5599480000,48606100000.0000,0.065445,-3.645121
2007-03-30,2878.2400,2926.0600,2935.2400,2859.7300,3596241600,31503660000.0000,0.041969,1.080567
2007-04-02,2935.2100,2993.6300,2993.6300,2932.6400,3767358800,34371210000.0000,0.043928,2.309243
2007-04-03,3004.9000,3042.4600,3042.4600,2993.1900,4676698400,43272500000.0000,0.054377,1.631133
2007-04-04,3049.9200,3078.9000,3084.6200,3032.4900,5312635200,49456800000.0000,0.061532,1.197713
2007-04-05,3076.7600,3133.1400,3137.0200,3063.4200,5280165600,48998210000.0000,0.061126,1.761668
2007-04-06,3110.9500,3182.8000,3189.1100,3097.0600,5625205600,53093790000.0000,0.064980,1.584996
2007-04-09,3201.1500,3240.3000,3243.8800,3201.1500,6214375200,59855680000.0000,0.071699,1.806585
2007-04-10,3253.6700,3261.5300,3261.5300,3151.4900,6355660800,61706180000.0000,0.073302,0.655186
2007-04-11,3267.6100,3309.7500,3309.9800,3231.3100,6772377600,66771670000.0000,0.078057,1.478446
2007-04-12,3316.2000,3387.4100,3387.4100,3302.3600,6470744800,64857400000.0000,0.074469,2.346398
2007-04-13,3393.9600,3358.6300,3419.9900,3341.2700,6753507200,70464210000.0000,0.077655,-0.849618
2007-04-16,3362.7300,3458.0700,3458.0700,3362.7300,6039685600,62079350000.0000,0.069390,2.960737
2007-04-17,3482.3600,3558.2200,3558.2200,3420.3100,7794424000,80497400000.0000,0.089344,2.896121
2007-04-18,3572.7000,3649.7100,3652.7200,3548.3600,7161400000,76799600000.0000,0.081945,2.571229
2007-04-19,3642.8500,3435.7800,3642.8500,3356.0200,7801430400,81866690000.0000,0.089208,-5.861560
2007-04-20,3456.7400,3614.3900,3624.8200,3456.7400,6225114400,66598040000.0000,0.071183,5.198524
2007-04-23,3667.5500,3782.2600,3784.0800,3667.5500,7372003200,82859480000.0000,0.084290,4.644494
2007-04-24,3813.5300,3821.4200,3861.5700,3753.1300,8181432000,93868620000.0000,0.093246,1.035357
2007-04-25,3802.6900,3805.0500,3822.4100,3712.0400,6438927200,73367700000.0000,0.073140,-0.428372
2007-04-26,3814.9200,3853.2700,3854.0500,3788.8700,5543334800,64185470000.0000,0.062817,1.267262
2007-04-27,3861.0500,3845.8100,3871.4000,3801.5500,5829740000,67853340000.0000,0.066048,-0.193601
2007-04-30,3831.5500,3903.6900,3909.0400,3809.9700,6557115200,76728360000.0000,0.074215,1.505012
2007-05-08,3990.7100,4091.1300,4093.0100,3972.0300,7312397600,88475910000.0000,0.082511,4.801610
2007-05-09,4107.5500,4099.1300,4125.4200,3918.7500,8305249600,101593000000.0000,0.093672,0.195545
2007-05-10,4103.5700,4128.0800,4146.5900,4062.4800,6851392000,83048640000.0000,0.077184,0.706252
2007-05-11,4101.6500,4109.4000,4130.9000,4028.3600,6024275200,73415160000.0000,0.067751,-0.452515
2007-05-14,4051.8400,4133.8300,4164.8100,4014.5600,5875138000,74274340000.0000,0.066074,0.594495
2007-05-15,4140.3300,3998.7800,4161.5200,3989.3600,6400179200,79732370000.0000,0.071847,-3.266947
2007-05-16,3981.8200,4118.1400,4118.2400,3929.5100,5555939200,69165060000.0000,0.062162,2.984913
2007-05-17,4146.3200,4221.9100,4235.0500,4135.3700,6270870400,80387930000.0000,0.069993,2.519827
2007-05-18,4219.6100,4235.1900,4261.4600,4188.3200,5920970000,76234230000.0000,0.065954,0.314545
2007-05-21,4089.8500,4364.1600,4364.1600,4076.5200,7162174400,92849500000.0000,0.079719,3.045205
2007-05-22,4402.9200,4459.8100,4484.5300,4402.7600,8065068800,105981660000.0000,0.089301,2.191714
2007-05-23,4486.0200,4582.3100,4582.4500,4463.2700,7429000000,99319020000.0000,0.082158,2.746754
2007-05-24,4606.1500,4571.7100,4625.9200,4460.9300,8313528000,111906820000.0000,0.091743,-0.231326
2007-05-25,4559.4300,4649.8600,4665.9800,4525.2900,7120866400,98999670000.0000,0.078501,1.709424
2007-05-28,4707.6900,4761.7000,4784.4300,4700.6200,8115643200,115289570000.0000,0.089333,2.405241
2007-05-29,4782.4100,4853.6400,4853.8800,4730.4800,7563410400,108400500000.0000,0.083147,1.930822
2007-05-30,4486.5100,4456.2800,4751.0400,4430.6900,8063030400,112955860000.0000,0.088513,-8.186852
2007-05-31,4329.8100,4267.7800,4414.6100,4095.4000,7444530400,97069380000.0000,0.081614,-4.229986
2007-06-01,4260.7700,3960.4400,4317.3000,3945.4000,6604351200,84642390000.0000,0.072403,-7.201399
2007-06-04,3901.7900,3618.6900,3930.3400,3615.1100,4516643600,52872600000.0000,0.049497,-8.629092
2007-06-05,3430.5500,3659.9400,3660.5100,3317.8700,7041323200,71642400000.0000,0.077143,1.139915
2007-06-06,3676.6900,3736.9300,3786.7700,3563.2300,6713567200,72455720000.0000,0.073452,2.103586
2007-06-07,3751.6700,3936.7700,3936.8400,3736.1600,6477424000,72898900000.0000,0.070848,5.347707
2007-06-08,3970.2800,4002.8700,4036.8800,3931.3800,6457134000,77279690000.0000,0.070490,1.679044
2007-06-11,4057.1700,4104.5500,4117.2500,4056.8200,6173008800,75960460000.0000,0.066997,2.540169
2007-06-12,4138.3300,4218.4400,4218.6100,3945.6800,7356973600,91489530000.0000,0.079781,2.774729
2007-06-13,4263.6200,4372.5300,4398.6100,4254.6300,7771329600,97788640000.0000,0.084092,3.652769
2007-06-14,4365.9800,4311.9800,4399.5200,4249.2100,6896110400,86676000000.0000,0.074611,-1.384777
2007-06-15,4262.7500,4316.5300,4349.1600,4232.3000,5208474800,68126700000.0000,0.056290,0.105515
2007-06-18,4400.4000,4439.1900,4454.7800,4400.4000,5788576800,77232790000.0000,0.062481,2.841638
2007-06-19,4446.6900,4529.0300,4529.2800,4394.2300,6184438800,81876860000.0000,0.066562,2.023789
2007-06-20,4539.5800,4396.2200,4589.2200,4371.0000,6728100000,89231810000.0000,0.072406,-2.932407
2007-06-21,4372.3500,4374.4900,4452.4800,4277.0400,5200246400,67946340000.0000,0.055922,-0.494288
2007-06-22,4376.3800,4123.2100,4386.9300,4050.6700,5568941200,71083780000.0000,0.059825,-5.744218
2007-06-25,4139.2800,3851.9400,4184.3300,3824.8900,4765213600,58112620000.0000,0.051179,-6.579098
2007-06-26,3739.1900,3928.7000,3930.0400,3667.8200,4362727200,48942410000.0000,0.046812,1.992762
2007-06-27,3944.3600,4022.3100,4031.6300,3877.0800,4201226000,50065260000.0000,0.045046,2.382725
2007-06-28,4017.1800,3757.9800,4026.1000,3756.6000,3996948000,47754750000.0000,0.042831,-6.571599
2007-06-29,3636.3100,3585.4900,3718.1800,3527.3200,3878781600,41524060000.0000,0.041555,-4.589965
2007-07-02,3571.7200,3644.7900,3658.1400,3489.1200,3350486800,34644470000.0000,0.034886,1.653890
2007-07-03,3675.3600,3704.7100,3710.0800,3587.7100,3057577600,32661480000.0000,0.031831,1.643988
2007-07-04,3711.6100,3622.5200,3716.5000,3605.4500,2683980800,30190400000.0000,0.027856,-2.218526
2007-07-05,3562.2800,3380.1800,3570.0500,3378.4500,2941409000,29637770000.0000,0.030510,-6.689820
2007-07-06,3359.0900,3591.3800,3594.4200,3309.1500,3795462800,38035550000.0000,0.039363,6.248187
2007-07-09,3627.9800,3711.7100,3737.6900,3603.5100,4151975200,43718390000.0000,0.042936,3.350525
2007-07-10,3704.8800,3606.1900,3704.8800,3587.1600,3473693600,37679770000.0000,0.035899,-2.842895
2007-07-11,3581.9100,3653.3100,3653.3100,3564.1500,2480642000,26413970000.0000,0.025626,1.306646
2007-07-12,3659.4000,3671.1800,3687.1500,3634.4800,2359861600,25393490000.0000,0.024327,0.489142
2007-07-13,3671.4600,3655.8500,3672.3400,3596.2500,2016354800,21984570000.0000,0.020779,-0.417572
2007-07-16,3654.8600,3532.0600,3662.3600,3532.0600,2084593600,22344040000.0000,0.021458,-3.386081
2007-07-17,3514.2800,3610.3800,3641.5000,3492.2600,2145445400,22853320000.0000,0.022068,2.217398
2007-07-18,3601.2900,3624.3400,3673.9000,3573.5300,2495989400,27717880000.0000,0.025629,0.386669
2007-07-19,3615.9700,3640.2800,3652.5300,3593.2100,1883875600,20775560000.0000,0.019336,0.439803
2007-07-20,3642.3300,3788.7400,3791.3100,3642.3300,3523285600,38740100000.0000,0.036140,4.078257
2007-07-23,3813.9800,3984.7900,3984.7900,3813.9800,5043356000,55838080000.0000,0.051732,5.174545
2007-07-24,4012.7900,3993.0200,4097.4700,3977.4500,5108945600,57820630000.0000,0.052355,0.206535
2007-07-25,3991.3500,4106.8300,4106.8300,3991.1800,4105760800,47213460000.0000,0.042044,2.850225
2007-07-26,4135.0600,4190.8800,4212.3200,4103.2800,4762039600,55425460000.0000,0.048757,2.046586
2007-07-27,4171.8900,4269.7700,4269.8500,4111.6900,4819096400,56651990000.0000,0.049140,1.882424
2007-07-30,4279.0400,4353.0900,4386.2900,4277.8300,5300965600,64827900000.0000,0.054040,1.951389
2007-07-31,4349.6100,4403.5800,4403.6700,4279.3000,5071250800,62607460000.0000,0.051657,1.159871
2007-08-01,4423.0400,4161.1300,4435.2400,4155.4800,5939887200,72828850000.0000,0.060490,-5.505752
2007-08-02,4181.4900,4336.8100,4336.8100,4171.8600,4642576000,58838670000.0000,0.047263,4.221934
2007-08-03,4376.9600,4408.0500,4424.2700,4323.9900,5389607200,69671500000.0000,0.054856,1.642676
2007-08-06,4446.2100,4504.3400,4504.6600,4418.2600,5475012400,70459500000.0000,0.055667,2.184414
2007-08-07,4510.0800,4470.1400,4510.0800,4405.6000,5109886400,66773260000.0000,0.051944,-0.759261
2007-08-08,4435.7900,4395.4300,4465.5700,4294.0600,4610560400,58981560000.0000,0.046849,-1.671311
2007-08-09,4392.9900,4442.0600,4444.9600,4392.9900,3880722800,51315380000.0000,0.039415,1.060872
2007-08-10,4443.1200,4348.8100,4443.1200,4243.7400,4067868000,53830040000.0000,0.041306,-2.099251
2007-08-13,4343.7300,4329.7700,4350.3500,4257.3800,4050241600,50191210000.0000,0.041120,-0.437822
2007-08-14,4329.9500,4436.2100,4440.7600,4324.8600,3700830000,46945430000.0000,0.037568,2.458328
2007-08-15,4448.9200,4412.7900,4460.1700,4300.5600,3700102800,46717680000.0000,0.037557,-0.527926
2007-08-16,4396.9000,4438.9600,4462.5800,4344.4600,3936772000,47830430000.0000,0.039946,0.593047
2007-08-17,4422.6500,4390.8800,4482.7300,4384.5300,3800565600,46601860000.0000,0.038519,-1.083138
2007-08-20,4475.4000,4570.5700,4570.5700,4468.8500,4557650400,56270760000.0000,0.046079,4.092345
2007-08-21,4598.3800,4625.2800,4636.6400,4571.7600,4959184400,62521550000.0000,0.050118,1.197005
2007-08-22,4566.1700,4685.0600,4704.8800,4543.5200,5546843200,69573140000.0000,0.055996,1.292468
2007-08-23,4708.6700,4733.8400,4739.8900,4662.0300,5001558400,64556410000.0000,0.050445,1.041177
2007-08-24,4752.3000,4742.9500,4765.1700,4703.0500,5088111600,65018910000.0000,0.051282,0.192452
2007-08-27,4802.4300,4724.5400,4822.0200,4680.1000,5224182000,68668500000.0000,0.052355,-0.388158
2007-08-28,4706.0300,4729.7900,4734.5600,4630.4200,4777648000,64289980000.0000,0.047865,0.111122
2007-08-29,4711.0400,4701.4400,4762.4600,4642.6500,4490727200,60585240000.0000,0.044980,-0.599394
2007-08-30,4721.3900,4843.7100,4849.6300,4721.3900,5151990800,65345030000.0000,0.051604,3.026095
2007-08-31,4872.0000,4897.6400,4914.9600,4868.4600,5558788400,70019590000.0000,0.055670,1.113406
2007-09-03,4941.9800,5008.8300,5023.5200,4941.9800,6463971600,84427010000.0000,0.064668,2.270276
2007-09-04,5032.5500,4980.5300,5055.6100,4957.8900,5777406400,77495880000.0000,0.057798,-0.565008
2007-09-05,4985.5000,5010.7300,5016.4800,4900.5400,4576678800,63170680000.0000,0.045706,0.606365
2007-09-06,5036.0600,5065.5200,5080.3400,5028.0500,5102993200,70110950000.0000,0.050962,1.093454
2007-09-07,5036.7900,4939.2300,5051.5400,4937.8100,5732460000,80534770000.0000,0.057247,-2.493131
2007-09-10,4881.1200,5038.9400,5038.9500,4834.3200,4922455200,66787180000.0000,0.049099,2.018735
2007-09-11,5041.2300,4718.3100,5054.0900,4712.0900,5578424000,75086250000.0000,0.055432,-6.363042
2007-09-12,4692.4000,4770.7700,4797.4200,4590.2700,4794435600,61351260000.0000,0.047642,1.111838
2007-09-13,4788.8700,4872.6600,4872.6600,4765.2300,4137063600,54207890000.0000,0.041094,2.135717
2007-09-14,4892.2300,4936.6900,4948.1000,4824.0200,4690156800,63222360000.0000,0.046583,1.314062
2007-09-17,4926.8400,5047.6000,5052.7600,4919.7000,5251173200,69846130000.0000,0.052132,2.246650
2007-09-18,5068.1100,5096.2400,5096.5400,5002.2300,4977486400,66761880000.0000,0.049343,0.963629
2007-09-19,5106.8600,5029.1000,5114.9600,5008.4500,4311097600,59072330000.0000,0.042727,-1.317445
2007-09-20,5043.4200,5079.0800,5083.2900,5020.5900,4122436800,56343040000.0000,0.040857,0.993816
2007-09-21,5093.2500,5028.8400,5098.7600,4922.3300,4290105600,58015200000.0000,0.042519,-0.989160
2007-09-24,5040.3000,5054.7300,5080.5600,4974.5600,3962658000,55022110000.0000,0.039244,0.514833
2007-09-25,5054.4700,5013.0600,5081.8500,4977.4500,3314722400,46237260000.0000,0.032827,-0.824375
2007-09-26,5010.2200,4932.5200,5034.8000,4903.2900,2777092400,38381150000.0000,0.027502,-1.606604
2007-09-27,4934.3700,4972.7200,4972.8300,4898.2300,2524521600,37519980000.0000,0.024963,0.815003
2007-09-28,5009.9000,5083.6500,5099.0600,5009.9000,3537240400,51371160000.0000,0.034925,2.230765
2007-10-08,5169.2300,5088.6000,5178.6000,5084.6600,3625830800,54086030000.0000,0.035761,0.097375
2007-10-09,5089.6400,5141.8900,5142.1700,5036.0700,3544319200,50228440000.0000,0.034906,1.047244
2007-10-10,5157.8900,5109.1000,5166.0900,5074.9600,3798366400,56649780000.0000,0.037408,-0.637704
2007-10-11,5110.6800,5005.5000,5114.2300,4998.6000,3639437600,51967880000.0000,0.035842,-2.027756
2007-10-12,5005.5600,4891.3900,5006.5100,4662.1100,4724476000,66426070000.0000,0.046490,-2.279690
2007-10-15,4896.8300,4890.6000,4905.5900,4774.2400,3424587600,52054300000.0000,0.033669,-0.016152
2007-10-16,4898.3800,4943.5600,4943.9800,4833.9200,2864493600,43090430000.0000,0.028152,1.082893
2007-10-17,4942.8300,4929.5400,4955.6800,4887.4500,2795908800,42082750000.0000,0.027469,-0.283602
2007-10-18,4923.3400,4814.4600,4923.3400,4812.5400,2746148800,40037190000.0000,0.026876,-2.334499
2007-10-19,4831.9900,4813.9500,4884.4300,4782.5100,2217660000,32803810000.0000,0.021679,-0.010588
2007-10-22,4775.6800,4688.2900,4812.2200,4686.0900,2335567600,33045570000.0000,0.022807,-2.610333
2007-10-23,4689.1100,4688.7200,4736.0300,4551.1300,2296157200,32368960000.0000,0.022410,0.009176
2007-10-24,4700.0000,4596.6300,4712.3100,4590.8700,2231658800,31507470000.0000,0.021749,-1.964082
2007-10-25,4564.3400,4251.5000,4564.3400,4245.6500,3009804000,37945340000.0000,0.029283,-7.508324
2007-10-26,4196.2500,4228.9500,4268.3100,4126.5700,2156056200,27222880000.0000,0.020975,-0.530397
2007-10-29,4251.1700,4288.7900,4289.2300,4211.1500,1808084600,23193130000.0000,0.017590,1.415005
2007-10-30,4303.7000,4388.3300,4388.4300,4264.7700,1871390000,24186510000.0000,0.018202,2.320935
2007-10-31,4422.6000,4550.1800,4556.7900,4414.3200,2630961200,35042520000.0000,0.025561,3.688194
2007-11-01,4557.6400,4431.1000,4557.6400,4430.2700,2339303800,31370590000.0000,0.022728,-2.617041
2007-11-02,4372.8700,4329.6300,4404.2500,4303.5600,2162477000,29158750000.0000,0.020984,-2.289955
2007-11-05,4306.7300,4361.8700,4396.0400,4279.0200,1747105200,22482530000.0000,0.016943,0.744642
2007-11-06,4365.1400,4395.0100,4431.3800,4362.2200,1642033800,21033820000.0000,0.015917,0.759758
2007-11-07,4404.7700,4385.8600,4432.3600,4304.8500,1566719500,20401630000.0000,0.015165,-0.208188
2007-11-08,4373.6300,4205.6500,4373.6300,4203.0500,1721560800,22331530000.0000,0.016655,-4.108886
2007-11-09,4174.4600,4153.2400,4215.8700,4098.3000,1592924900,20166230000.0000,0.015381,-1.246173
2007-11-12,4090.9100,4098.5600,4119.0800,3996.1600,1725797400,20761740000.0000,0.016642,-1.316567
2007-11-13,4121.0900,4114.5100,4171.2500,4061.6000,1672508300,19658250000.0000,0.016128,0.389154
2007-11-14,4149.8900,4264.0000,4264.4000,4137.9900,1949137600,23697220000.0000,0.018795,3.633245
2007-11-15,4258.3700,4210.7000,4275.2400,4201.0300,1924592000,24313330000.0000,0.018536,-1.249995
2007-11-16,4175.5700,4217.2300,4224.4100,4146.1000,1554542900,19284450000.0000,0.014970,0.155076
2007-11-19,4228.5800,4313.2800,4319.7700,4226.9500,1796855200,22532110000.0000,0.017304,2.277557
2007-11-20,4305.5400,4371.6800,4389.1500,4285.9900,1906283600,24348990000.0000,0.018299,1.353967
2007-11-21,4381.3400,4308.4200,4399.8100,4303.4400,1750841200,22805260000.0000,0.016807,-1.447047
2007-11-22,4254.8100,4113.3100,4259.7600,4104.0800,1552808700,19135950000.0000,0.014886,-4.528571
2007-11-23,4084.5800,4193.9800,4194.3400,4067.4100,1142511700,14381580000.0000,0.010948,1.961192
2007-11-26,4238.5800,4151.8800,4266.9800,4148.7600,1403576800,18122890000.0000,0.013449,-1.003822
2007-11-27,4130.1000,4108.9500,4173.1900,4102.0100,1199554800,15586630000.0000,0.011494,-1.033982
2007-11-28,4118.4500,4078.0400,4155.0000,4057.7400,1148278400,14520220000.0000,0.010997,-0.752264
2007-11-29,4108.4400,4185.2700,4187.2300,4059.3700,1639897500,20417790000.0000,0.015706,2.629449
2007-11-30,4189.2500,4122.9300,4196.6900,4113.4200,1551179800,18993590000.0000,0.014849,-1.489506
2007-12-03,4113.2100,4170.2600,4186.4800,4101.1000,1405232600,17463670000.0000,0.013445,1.147960
2007-12-04,4174.7900,4194.0200,4209.0400,4174.7900,1396754300,17243920000.0000,0.013363,0.569755
2007-12-05,4190.4800,4273.0400,4273.1300,4180.0600,1769960400,22591830000.0000,0.016920,1.884112
2007-12-06,4281.9000,4291.0700,4292.9000,4251.7800,1589408100,19762080000.0000,0.015182,0.421943
2007-12-07,4295.2900,4362.2200,4362.2200,4291.8700,1913081800,23984110000.0000,0.018248,1.658104
2007-12-10,4304.7500,4483.8300,4484.1100,4288.5000,2775696000,36162760000.0000,0.026438,2.787797
2007-12-11,4495.5000,4534.9400,4535.1500,4464.2400,2910164600,36559590000.0000,0.027719,1.139871
2007-12-12,4520.9300,4544.6800,4573.5200,4497.6700,2566401600,33000830000.0000,0.024444,0.214782
2007-12-13,4533.0900,4402.6400,4564.3600,4401.1300,2658376800,34259140000.0000,0.025302,-3.125413
2007-12-14,4359.8100,4499.5300,4499.5600,4331.3200,2230746400,27328710000.0000,0.021232,2.200717
2007-12-17,4512.3800,4506.0400,4564.2500,4498.9600,2895440600,37252860000.0000,0.027552,0.144687
2007-12-18,4489.4200,4467.8100,4531.2600,4453.7700,1789208400,22403540000.0000,0.017026,-0.848416
2007-12-19,4490.7700,4565.6200,4575.4100,4490.7700,2355673000,30232580000.0000,0.022412,2.189217
2007-12-20,4576.0900,4621.3900,4627.6900,4567.7900,2355278800,31128760000.0000,0.022390,1.221521
2007-12-21,4603.7600,4691.5300,4692.1200,4602.1000,2620085600,34920880000.0000,0.024899,1.517718
2007-12-24,4724.1700,4772.6400,4810.5600,4724.0800,3484513600,47242850000.0000,0.033022,1.728868
2007-12-25,4780.4700,4815.2100,4820.4300,4755.0100,2855699600,39091380000.0000,0.027058,0.891956
2007-12-26,4829.5900,4912.8400,4912.8400,4829.5900,3082380000,42780960000.0000,0.029192,2.027531
2007-12-27,4933.7300,4963.4500,4987.2100,4932.9200,3570187600,50580050000.0000,0.033741,1.030165
2007-12-28,4972.0800,4947.6000,4984.2100,4927.6400,2980357200,42722000000.0000,0.028155,-0.319336
2008-01-02,4963.0500,5123.9300,5125.3200,4960.3500,3434591200,50449940000.0000,0.032427,3.563952
2008-01-03,5129.0500,5230.7500,5241.5500,5110.5300,4198748400,61752740000.0000,0.039633,2.084724
2008-01-04,5241.0900,5243.0300,5246.1100,5171.4000,3330859200,50326510000.0000,0.031441,0.234762
2008-01-07,5237.9400,5347.8100,5358.5900,5222.2000,4040371200,61298210000.0000,0.038118,1.998468
2008-01-08,5358.8100,5200.5500,5367.5400,5158.1200,4247288400,63913950000.0000,0.040030,-2.753655
2008-01-09,5176.2700,5356.4800,5356.4800,5167.3400,3482378400,53189260000.0000,0.032792,2.998340
2008-01-10,5372.8200,5382.3300,5438.3100,5354.8600,4084968000,62964600000.0000,0.038459,0.482595
2008-01-11,5385.9000,5376.8000,5392.2700,5290.7100,3494823600,53937950000.0000,0.032884,-0.102749
2008-01-14,5382.7300,5445.1000,5450.8900,5368.4800,3385086800,53364320000.0000,0.031806,1.270278
2008-01-15,5451.6400,5487.0900,5495.3900,5418.1200,3688040400,56818800000.0000,0.034652,0.771147
2008-01-16,5461.8800,5412.9100,5463.2000,5389.1500,3905999200,58914560000.0000,0.036678,-1.351895
2008-01-17,5380.8200,5270.9600,5467.1300,5106.9200,4293508800,65264970000.0000,0.040286,-2.622438
2008-01-18,5268.9000,5317.4500,5320.4500,5210.3600,3123822800,44924740000.0000,0.029268,0.882007
2008-01-21,5331.6700,5097.2300,5343.8700,5078.5000,3546297200,51894880000.0000,0.033163,-4.141463
2008-01-22,4976.7900,4661.8300,4976.7900,4639.9600,4037446000,56449830000.0000,0.037737,-8.541892
2008-01-23,4662.7100,4912.0600,4912.4800,4624.9400,3819475600,53676700000.0000,0.035627,5.367634
2008-01-24,4951.3800,5080.9300,5116.4900,4915.9700,4278003600,62469660000.0000,0.039862,3.437867
2008-01-25,5081.3100,5096.6900,5146.8600,5054.0800,3890438400,55478460000.0000,0.036238,0.310175
2008-01-28,5073.6300,4740.5000,5073.6300,4712.6100,3453456800,46942140000.0000,0.032166,-6.988652
2008-01-29,4757.1900,4840.6400,4888.7900,4720.6800,2374443200,32685550000.0000,0.022116,2.112438
2008-01-30,4878.4000,4851.4300,4950.1800,4725.3900,2490447600,35532420000.0000,0.023193,0.222905
2008-01-31,4839.4000,4663.4200,4868.3100,4661.5900,1856793600,25737690000.0000,0.017279,-3.875357
2008-02-01,4653.5400,4456.9300,4686.6000,4308.5200,2251366400,29182540000.0000,0.020949,-4.427861
2008-02-04,4570.1100,4820.3900,4821.0800,4570.1100,2130505200,30008460000.0000,0.019817,8.154940
2008-02-05,4818.5400,4839.0000,4889.3800,4751.2300,2077392000,30045270000.0000,0.019322,0.386066
2008-02-13,4798.5700,4813.5800,4884.6900,4749.1500,1558704000,22130230000.0000,0.014487,-0.525313
2008-02-14,4842.9400,4910.3600,4929.7700,4842.9400,1611346900,22682970000.0000,0.014973,2.010557
2008-02-15,4884.3700,4886.0200,4886.0600,4800.6400,1916278000,27277910000.0000,0.017807,-0.495683
2008-02-18,4953.0300,5043.1400,5072.1100,4946.5100,2892275400,43435000000.0000,0.026853,3.215708
2008-02-19,5054.6100,5133.3600,5137.8400,5026.5600,2882332400,44280440000.0000,0.026748,1.788959
2008-02-20,5152.2800,5089.4400,5171.1800,5079.7700,3147715200,47223510000.0000,0.029198,-0.855579
2008-02-21,5068.0300,5153.6000,5184.1500,5022.6500,3155458000,45714620000.0000,0.029263,1.260653
2008-02-22,5140.1200,5029.2000,5151.2900,4938.7300,3119916600,44996820000.0000,0.028926,-2.413845
2008-02-25,5038.6300,4869.6500,5068.9800,4856.4800,2673558800,38440960000.0000,0.024785,-3.172478
2008-02-26,4974.7100,4868.8100,5021.6000,4729.8500,2528759600,36175480000.0000,0.023435,-0.017246
2008-02-27,4880.1600,4977.3400,4977.3400,4854.1500,2377489800,33616740000.0000,0.022007,2.229082
2008-02-28,4986.4400,4989.4100,5045.1100,4935.3000,2411761400,34217370000.0000,0.022325,0.242505
2008-02-29,4984.4000,5057.6200,5058.1200,4976.1500,2539468800,35684360000.0000,0.023503,1.367095
2008-03-03,5044.9400,5227.7300,5227.7900,5014.2800,3742256000,54849830000.0000,0.034595,3.363437
2008-03-04,5246.4100,5192.5900,5279.2100,5177.7400,4316811600,61366990000.0000,0.039839,-0.672187
2008-03-05,5171.7800,5214.2400,5218.3000,5068.2000,3857930000,54154740000.0000,0.035579,0.416948
2008-03-06,5229.7800,5223.8200,5296.2600,5220.3700,4475802000,61389840000.0000,0.041277,0.183720
2008-03-07,5194.6600,5115.9200,5208.9000,5104.9200,2995378400,41394180000.0000,0.027609,-2.065536
2008-03-10,5081.1100,4948.3500,5084.4000,4915.4400,2385788000,32774410000.0000,0.021981,-3.275458
2008-03-11,4906.1400,5015.9300,5015.9300,4841.5600,2043951000,28767620000.0000,0.018830,1.365709
2008-03-12,5095.9700,4881.0300,5122.5400,4880.7000,2253938000,31739200000.0000,0.020741,-2.689439
2008-03-13,4829.2400,4688.6800,4844.1800,4589.5100,2592477800,34594940000.0000,0.023848,-3.940759
2008-03-14,4665.8300,4662.3200,4718.1800,4598.1500,1657934500,22264910000.0000,0.015197,-0.562213
2008-03-17,4641.9200,4302.6100,4642.7300,4299.5600,2111284800,27260820000.0000,0.019339,-7.715257
2008-03-18,4237.3000,3986.3200,4327.3800,3926.4600,2433098000,28577480000.0000,0.022235,-7.351115
2008-03-19,4065.0000,4176.4900,4241.9400,3989.6400,2551731000,31128100000.0000,0.023319,4.770569
2008-03-20,4112.7000,4347.7400,4394.7500,3956.0300,2842838600,35722120000.0000,0.025975,4.100333
2008-03-21,4347.2700,4405.8600,4448.0600,4315.6700,2571736000,34123920000.0000,0.023498,1.336778
2008-03-24,4459.5100,4314.5800,4489.4600,4312.7700,2575754800,34855060000.0000,0.023439,-2.071781
2008-03-25,4233.9500,4367.3400,4386.8400,4190.5400,2238657400,28768190000.0000,0.020367,1.222825
2008-03-26,4383.7300,4352.0500,4446.5400,4317.0600,1945963600,25137370000.0000,0.017704,-0.350100
2008-03-27,4298.3900,4119.7900,4298.3900,4115.5200,2174819800,26990110000.0000,0.019780,-5.336790
2008-03-28,4072.0400,4241.4500,4248.4000,3948.8500,2307620000,28526390000.0000,0.020937,2.953067
2008-03-31,4129.9300,4044.1000,4200.7600,4042.6200,1905310400,23065530000.0000,0.017255,-4.652892
2008-04-01,4024.4400,3704.2700,4070.1200,3695.5100,2275357600,25402360000.0000,0.020596,-8.403108
2008-04-02,3725.1900,3500.5200,3778.5700,3464.4100,2307609000,24668680000.0000,0.020887,-5.500409
2008-04-03,3469.7800,3588.7600,3631.5500,3392.0800,1893884000,19956530000.0000,0.017132,2.520768
2008-04-07,3544.3100,3822.3700,3825.8500,3506.7800,2185472800,24253260000.0000,0.019751,6.509494
2008-04-08,3832.9200,3908.8000,3941.2400,3806.2900,2515005600,29602240000.0000,0.022706,2.261161
2008-04-09,3887.9900,3695.3100,3960.7700,3694.9600,2432022000,28265410000.0000,0.021957,-5.461778
2008-04-10,3639.6100,3803.4600,3803.6500,3614.7000,2071331200,23532950000.0000,0.018693,2.926680
2008-04-11,3831.0400,3862.3600,3898.5100,3823.6700,1990794000,23420530000.0000,0.017933,1.548594
2008-04-14,3778.6900,3607.2200,3779.2500,3597.0800,2082689800,23299620000.0000,0.018708,-6.605809
2008-04-15,3588.2300,3723.2700,3723.2700,3529.1800,1813773200,20707520000.0000,0.016271,3.217160
2008-04-16,3717.1300,3633.6800,3732.7700,3612.5900,1741319400,20461290000.0000,0.015612,-2.406220
2008-04-17,3632.8200,3511.9100,3695.1700,3458.5300,1722470400,18940610000.0000,0.015429,-3.351149
2008-04-18,3483.8600,3338.2700,3495.0300,3333.1100,1673230700,16896720000.0000,0.014970,-4.944315
2008-04-21,3578.8000,3314.5100,3579.5800,3273.5800,2183780400,23600280000.0000,0.019465,-0.711746
2008-04-22,3264.6600,3266.3800,3281.4800,3093.6700,1905984800,18575100000.0000,0.016973,-1.452104
2008-04-23,3238.4600,3409.7700,3428.5500,3210.7500,2277804000,23771160000.0000,0.020270,4.389880
2008-04-24,3692.5500,3723.0700,3726.8700,3603.9600,4708573200,53152160000.0000,0.041790,9.188304
2008-04-25,3716.5100,3756.3300,3873.3300,3669.3600,4279201200,49480400000.0000,0.037868,0.893349
2008-04-28,3696.9300,3729.5600,3779.5800,3667.5800,3077874000,35977000000.0000,0.027057,-0.712664
2008-04-29,3714.7900,3759.5400,3782.5200,3708.5900,2588578200,29953850000.0000,0.022583,0.803848
2008-04-30,3771.1900,3903.1800,3910.4100,3771.1900,3779083200,44088720000.0000,0.032956,3.820678
2008-05-05,3943.2000,4040.1600,4046.6800,3895.6400,3917236800,47406400000.0000,0.034097,3.509446
2008-05-06,4015.5500,4024.9900,4086.4300,3969.9700,3984170000,49186950000.0000,0.034622,-0.375478
2008-05-07,4001.5900,3850.2300,4049.1100,3849.9800,3747052800,45721670000.0000,0.032537,-4.341874
2008-05-08,3805.3400,3985.2000,3985.2000,3796.5500,3182052800,38157520000.0000,0.027580,3.505504
2008-05-09,4014.1700,3986.2400,4049.7800,3891.4900,3744927200,46621560000.0000,0.032334,0.026098
2008-05-12,3926.0500,4069.1500,4110.7000,3893.3900,3769750400,47384660000.0000,0.032429,2.079903
2008-05-13,3944.5400,4078.8800,4107.5900,3932.7100,4698103600,57631080000.0000,0.040321,0.239116
2008-05-14,4076.8800,4168.4900,4171.2700,4076.8800,4368368000,53809780000.0000,0.037381,2.196935
2008-05-15,4186.7500,4131.2500,4230.7700,4131.2500,3973506800,48605180000.0000,0.033916,-0.893375
2008-05-16,4126.6500,4071.9100,4160.4000,4005.0700,3065280800,38114050000.0000,0.026084,-1.436371
2008-05-19,4059.2800,4070.0500,4100.5600,4008.5700,2280592800,28111690000.0000,0.019368,-0.045675
2008-05-20,4070.7900,3813.9400,4098.6500,3792.1500,3128654600,37105560000.0000,0.026549,-6.292554
2008-05-21,3757.0600,3908.7700,3932.3000,3663.2000,3440060800,38691320000.0000,0.029154,2.486407
2008-05-22,3866.7000,3871.5500,3958.4500,3834.5400,3141597600,36601080000.0000,0.026582,-0.952217
2008-05-23,3857.2200,3829.6500,3890.1600,3746.0100,2924549200,31795250000.0000,0.024726,-1.082258
2008-05-26,3804.3000,3728.7500,3812.3100,3726.7600,2832366800,30756670000.0000,0.023898,-2.634703
2008-05-27,3712.7600,3743.5400,3752.9600,3679.0000,2010866000,21947590000.0000,0.016917,0.396649
2008-05-28,3749.6000,3847.2600,3864.8100,3730.7400,2352387600,26996940000.0000,0.019773,2.770639
2008-05-29,3839.5400,3749.2200,3859.8500,3749.2200,2425829800,27371560000.0000,0.020383,-2.548308
2008-05-30,3744.2500,3755.6300,3781.3300,3695.2900,2134545800,23616650000.0000,0.017911,0.170967
2008-06-02,3747.5900,3788.1500,3804.7900,3730.1400,2100802600,23023910000.0000,0.017601,0.865900
2008-06-03,3789.0300,3771.1000,3804.5600,3741.4100,2260091600,25389290000.0000,0.018867,-0.450083
2008-06-04,3759.8800,3704.0800,3764.5600,3667.2600,2051803200,22005990000.0000,0.017120,-1.777201
2008-06-05,3690.8600,3657.4900,3705.4600,3639.8100,1722546800,18761620000.0000,0.014337,-1.257805
2008-06-06,3662.0500,3629.9200,3680.2700,3607.2400,1510607000,16588570000.0000,0.012559,-0.753798
2008-06-10,3487.0500,3312.7900,3487.0500,3297.9100,1887580800,18965350000.0000,0.015649,-8.736553
2008-06-11,3250.4400,3226.9200,3270.8500,3165.7000,2012634400,19510480000.0000,0.016657,-2.592078
2008-06-12,3209.9200,3197.5400,3244.5700,3125.0900,2000154000,20144630000.0000,0.016549,-0.910462
2008-06-13,3202.2600,3045.1100,3227.4800,3042.5000,1758687400,16820470000.0000,0.014543,-4.767100
2008-06-16,3041.7000,2977.8200,3076.4400,2926.7100,1578075800,14351480000.0000,0.013040,-2.209774
2008-06-17,2974.0900,2791.2900,3005.7900,2776.8500,1851296800,16090490000.0000,0.015243,-6.263979
2008-06-18,2767.8000,2951.8400,2970.4000,2684.6700,2635683400,22739110000.0000,0.021700,5.751822
2008-06-19,2927.1600,2702.8000,2936.6800,2700.3700,2398157400,21026580000.0000,0.019742,-8.436773
2008-06-20,2718.7800,2764.2800,2866.6100,2596.8400,2758583800,23144080000.0000,0.022687,2.274677
2008-06-23,2726.4500,2717.9700,2779.0100,2693.0600,1667665700,14239340000.0000,0.013694,-1.675303
2008-06-24,2708.7800,2806.7700,2818.9200,2702.6300,2024482600,17395450000.0000,0.016623,3.267146
2008-06-25,2805.5900,2966.9000,2966.9000,2797.1200,2844975200,24575400000.0000,0.023340,5.705130
2008-06-26,2965.4600,3003.3000,3041.3700,2939.8600,3042573800,27618910000.0000,0.024941,1.226875
2008-06-27,2902.0100,2792.7100,2920.1100,2762.1900,2606642000,22544870000.0000,0.021355,-7.011956
2008-06-30,2762.3400,2813.7200,2838.1800,2737.7500,1636176900,14955890000.0000,0.013378,0.752316
2008-07-01,2819.5300,2765.0600,2831.9100,2741.1100,1701835200,15866180000.0000,0.013647,-1.729380
2008-07-02,2768.7200,2811.2300,2848.6300,2754.6900,1725578400,16359600000.0000,0.013832,1.669762
2008-07-03,2776.9200,2941.5200,2973.3800,2742.7400,3075141200,28792420000.0000,0.024636,4.634628
2008-07-04,2931.8500,2941.0900,2979.8000,2913.2000,2687975000,26687540000.0000,0.021534,-0.014616
2008-07-07,2948.6900,3094.8500,3096.2700,2948.6900,3449253200,33447810000.0000,0.027620,5.227994
2008-07-08,3101.2900,3142.3200,3154.2700,3044.6700,3657610800,35380650000.0000,0.029274,1.533838
2008-07-09,3148.6100,3226.1500,3226.2000,3146.7400,4209814400,39152510000.0000,0.033681,2.667769
2008-07-10,3186.5900,3152.4900,3264.0200,3152.4900,4204745200,41032780000.0000,0.033599,-2.283214
2008-07-11,3133.6900,3132.7300,3167.8200,3074.0500,3015470800,28874710000.0000,0.024046,-0.626806
2008-07-14,3111.5800,3198.3500,3198.6100,3100.0400,2604078400,25663630000.0000,0.020708,2.094662
2008-07-15,3208.5500,3106.3300,3231.3700,3085.1200,3264524400,31645040000.0000,0.025950,-2.877109
2008-07-16,3072.4100,2948.5300,3081.4100,2893.3600,2760995600,25436660000.0000,0.021924,-5.079951
2008-07-17,2991.3500,2918.3700,3031.8900,2901.9400,2392885200,22388290000.0000,0.019001,-1.022880
2008-07-18,2935.6500,3015.8000,3026.1400,2855.9200,2368238400,21928200000.0000,0.018801,3.338505
2008-07-21,3002.4600,3139.5100,3151.0300,2982.5100,2866379600,26584070000.0000,0.022694,4.102061
2008-07-22,3138.7600,3150.0100,3183.1900,3126.1700,2921311200,26936390000.0000,0.023123,0.334447
2008-07-23,3161.2100,3122.6900,3180.1800,3116.8400,2839507200,26330860000.0000,0.022442,-0.867301
2008-07-24,3137.4400,3200.7400,3206.3800,3134.9700,3085312800,28405310000.0000,0.024366,2.499449
2008-07-25,3167.9000,3172.1700,3205.5800,3148.5000,2639836400,25452620000.0000,0.020845,-0.892608
2008-07-28,3190.2800,3215.8500,3229.1600,3190.2800,2774236200,26343580000.0000,0.021861,1.376981
2008-07-29,3179.7800,3150.0000,3182.2200,3126.0200,2702892000,24861610000.0000,0.021251,-2.047673
2008-07-30,3184.2300,3132.7700,3201.0500,3105.9600,2232051800,20568380000.0000,0.017526,-0.546983
2008-07-31,3139.7800,3017.2200,3147.6500,3015.6600,2087975000,18702050000.0000,0.016392,-3.688431
2008-08-01,3001.0000,3063.8100,3084.1000,2958.0300,2068396400,18504370000.0000,0.016238,1.544140
2008-08-04,3044.1400,2990.1700,3067.0400,2986.3500,1782789600,16174430000.0000,0.013994,-2.403548
2008-08-05,2988.3400,2897.7300,3005.6400,2889.2500,1850641600,16841500000.0000,0.014519,-3.091461
2008-08-06,2913.8700,2904.1900,2941.4000,2857.9100,1805600000,16413690000.0000,0.014166,0.222932
2008-08-07,2899.8500,2923.7500,2931.0000,2871.1800,1778843600,15765320000.0000,0.013956,0.673512
2008-08-08,2924.9300,2711.9600,2924.9300,2709.9600,2130970400,18351670000.0000,0.016692,-7.243781
2008-08-11,2699.0900,2508.5900,2699.0900,2497.2700,1981571200,14740620000.0000,0.015497,-7.499000
2008-08-12,2467.6800,2473.4200,2508.4300,2436.9400,1628379900,11897030000.0000,0.012723,-1.401989
2008-08-13,2454.8800,2472.3000,2496.6000,2369.3800,1779557400,13507610000.0000,0.013904,-0.045276
2008-08-14,2458.8000,2483.7000,2506.4700,2443.8800,1452058800,11464340000.0000,0.011321,0.461105
2008-08-15,2478.1500,2473.7200,2510.9600,2446.0300,1357052500,10549420000.0000,0.010580,-0.401819
2008-08-18,2479.3900,2289.3000,2483.9800,2287.2800,1533633100,10770860000.0000,0.011934,-7.455166
2008-08-19,2255.7200,2327.0200,2331.3500,2235.7100,1392025700,9866940000.0000,0.010832,1.647664
2008-08-20,2316.6800,2520.7400,2521.0800,2287.6900,2633075600,18578120000.0000,0.020487,8.324809
2008-08-21,2484.8200,2431.1000,2535.0600,2419.7100,2532928400,18688910000.0000,0.019696,-3.556094
2008-08-22,2412.8800,2382.5200,2418.8900,2326.2700,1787534000,12909400000.0000,0.013889,-1.998276
2008-08-25,2379.2100,2374.0600,2413.8800,2348.9600,1403321800,10093470000.0000,0.010900,-0.355085
2008-08-26,2347.8100,2244.9900,2347.8100,2207.6700,1769271400,12068030000.0000,0.013694,-5.436681
2008-08-27,2230.1500,2237.8700,2279.5500,2180.9400,1613418800,10991630000.0000,0.012484,-0.317145
2008-08-28,2232.7100,2236.8200,2256.9600,2216.0600,1326357700,9108680000.0000,0.010262,-0.046922
2008-08-29,2242.1600,2307.1600,2334.8000,2242.1600,1941791600,13186310000.0000,0.015017,3.144636
2008-09-01,2290.4100,2238.0500,2290.4100,2219.5200,1545536500,10246440000.0000,0.011952,-2.995452
2008-09-02,2224.8000,2253.7700,2278.4900,2198.6400,1544947800,9572970000.0000,0.011942,0.702396
2008-09-03,2246.7300,2237.2800,2268.3800,2199.1500,1886649000,11834830000.0000,0.014583,-0.731662
2008-09-04,2233.1100,2254.6900,2278.5100,2220.6400,1560055700,9790540000.0000,0.012058,0.778173
2008-09-05,2193.5600,2148.7400,2210.7500,2145.6600,1746200800,11002530000.0000,0.013483,-4.699092
2008-09-08,2146.7500,2039.8900,2160.8600,2031.5300,1589464500,9762380000.0000,0.012272,-5.065759
2008-09-09,2044.3000,2057.5600,2070.4700,2021.8200,1275528300,7991270000.0000,0.009846,0.866225
2008-09-10,2044.0300,2072.8100,2108.5900,2025.6700,1534172300,9767180000.0000,0.011842,0.741169
2008-09-11,2068.1800,2034.2500,2089.9600,2023.2500,1317529500,8257810000.0000,0.010170,-1.860279
2008-09-12,2032.3600,2038.6600,2067.5900,2031.2100,1049669100,6541310000.0000,0.008097,0.216789
2008-09-16,2036.3800,1993.4600,2037.6800,1981.2200,1494107700,8863740000.0000,0.011523,-2.217146
2008-09-17,1988.7800,1956.0400,2013.0100,1946.8000,1418320200,8321110000.0000,0.010936,-1.877134
2008-09-18,1915.3200,1899.3200,1938.8200,1797.0800,2114782800,11577310000.0000,0.016306,-2.899741
2008-09-19,2072.6100,2086.8300,2086.8300,2049.0200,2308375600,14463080000.0000,0.017783,9.872488
2008-09-22,2213.5300,2182.7900,2276.6600,2097.7800,4624438000,30099020000.0000,0.035598,4.598360
2008-09-23,2108.5100,2042.2000,2110.0600,2041.9700,2744620200,17418090000.0000,0.021069,-6.440844
2008-09-24,2006.0100,2088.5500,2088.5500,1984.2300,2176641600,13931770000.0000,0.016709,2.269616
2008-09-25,2091.3900,2138.0600,2158.1500,2086.0800,3483687600,22516950000.0000,0.026736,2.370544
2008-09-26,2144.5200,2136.0000,2156.9600,2094.7000,2680439200,16948690000.0000,0.020547,-0.096352
2008-10-06,2092.3500,2054.0400,2096.3500,2049.3600,2098255000,13772270000.0000,0.016079,-3.837077
2008-10-07,1994.0200,2046.1900,2070.7200,1972.9500,1870602800,12083120000.0000,0.014334,-0.382178
2008-10-08,2005.9100,1995.6100,2033.2200,1975.8200,1663567800,10426400000.0000,0.012738,-2.471909
2008-10-09,2034.5500,1969.8200,2042.8000,1968.9000,1574933700,9647320000.0000,0.012059,-1.292339
2008-10-10,1901.0300,1837.4000,1901.0300,1836.5000,1914746800,10470090000.0000,0.014657,-6.722437
2008-10-13,1814.5400,1872.9500,1872.9500,1751.5200,1724762400,9525960000.0000,0.013197,1.934795
2008-10-14,1932.0800,1816.3200,1941.1000,1816.3200,2164438200,12412700000.0000,0.016561,-3.023573
2008-10-15,1801.3900,1806.7900,1823.7000,1781.1700,1400405000,7685640000.0000,0.010713,-0.524682
2008-10-16,1741.1200,1704.5700,1756.3600,1703.2400,1765187200,9117300000.0000,0.013502,-5.657553
2008-10-17,1717.5800,1726.4000,1736.2300,1696.7200,1381088700,7248310000.0000,0.010562,1.280680
2008-10-20,1725.5600,1786.5600,1787.9000,1705.5700,1673895100,8817550000.0000,0.012782,3.484710
2008-10-21,1793.6600,1782.6600,1824.3800,1776.7000,2006458400,10723210000.0000,0.015311,-0.218298
2008-10-22,1765.6200,1748.8400,1792.6000,1747.4600,1668201000,8495210000.0000,0.012726,-1.897169
2008-10-23,1716.3000,1766.5900,1766.5900,1706.8300,1546669200,7884690000.0000,0.011796,1.014959
2008-10-24,1764.8100,1741.1800,1777.6900,1723.5000,1594093800,8281830000.0000,0.012131,-1.438359
2008-10-27,1711.8200,1604.7600,1711.8200,1602.5200,1956559800,9479940000.0000,0.014863,-7.834919
2008-10-28,1570.9900,1642.0600,1650.7900,1562.4000,2015777600,9702790000.0000,0.015313,2.324338
2008-10-29,1662.0400,1576.9300,1665.7300,1576.8800,1866442400,8899660000.0000,0.014162,-3.966359
2008-10-30,1585.5200,1590.2300,1613.4000,1565.7200,1659295900,7860690000.0000,0.012589,0.843406
2008-10-31,1590.4500,1562.0200,1599.1600,1553.4900,1375404000,6330080000.0000,0.010433,-1.773955
2008-11-03,1553.8800,1539.8000,1563.6900,1532.9500,1235494500,5742480000.0000,0.009321,-1.422515
2008-11-04,1533.7500,1513.5000,1535.7400,1488.6500,1421215300,6558340000.0000,0.010722,-1.708017
2008-11-05,1519.8000,1563.3700,1573.5200,1519.8000,2062891600,9395450000.0000,0.015563,3.295011
2008-11-06,1530.0300,1536.6000,1542.7600,1514.5800,1677552500,7472620000.0000,0.012652,-1.712328
2008-11-07,1512.9800,1561.2200,1569.2600,1503.6300,1783922800,7805290000.0000,0.013443,1.602238
2008-11-10,1585.2900,1676.2800,1677.3800,1585.2900,3189206600,14716180000.0000,0.023921,7.369881
2008-11-11,1671.2400,1662.8500,1702.1800,1651.5900,3485224400,16453410000.0000,0.026135,-0.801182
2008-11-12,1648.0900,1704.2300,1704.2300,1642.4000,2682596000,12408510000.0000,0.020101,2.488499
2008-11-13,1686.0700,1784.5000,1802.6100,1680.7700,4750786800,23358010000.0000,0.035579,4.710046
2008-11-14,1802.2500,1867.4900,1867.4900,1781.7200,5505034000,27946490000.0000,0.041129,4.650602
2008-11-17,1864.3100,1959.0700,1959.0700,1851.8700,5653591200,29771640000.0000,0.042182,4.903906
2008-11-18,1949.2100,1816.2900,1971.6600,1806.5200,6397610800,33473210000.0000,0.047733,-7.288147
2008-11-19,1803.4100,1944.3300,1949.4600,1803.4100,5343702000,28116670000.0000,0.039770,7.049530
2008-11-20,1916.8700,1948.6800,1990.3000,1900.5200,5982260000,31237570000.0000,0.044516,0.223733
2008-11-21,1890.9800,1921.0400,1973.2800,1833.9800,5508317600,28432150000.0000,0.040990,-1.418397
2008-11-24,1920.5500,1842.3400,1938.4700,1839.0900,3720208400,19928180000.0000,0.027647,-4.096743
2008-11-25,1869.0200,1827.6400,1886.4600,1780.9100,2811945200,14645960000.0000,0.020897,-0.797896
2008-11-26,1825.3400,1834.7700,1857.7100,1806.0900,2396311000,12264350000.0000,0.017792,0.390121
2008-11-27,1961.9700,1861.5200,1965.6500,1860.9900,4753992000,24949450000.0000,0.035297,1.457948
2008-11-28,1845.3000,1841.4500,1868.3300,1821.1700,3074142400,15691040000.0000,0.022764,-1.078155
2008-12-01,1836.4200,1919.4800,1919.4800,1820.5300,3717694400,19239200000.0000,0.027449,4.237423
2008-12-02,1878.3500,1957.3200,1973.1000,1868.9400,5021672400,26973620000.0000,0.037072,1.971365
2008-12-03,1972.4000,2039.9300,2039.9300,1972.1700,5942907600,32814530000.0000,0.043873,4.220572
2008-12-04,2062.6400,2037.7200,2110.6700,2034.6400,7428472800,42039810000.0000,0.054840,-0.108341
2008-12-05,2024.4100,2098.6600,2098.6600,2020.5500,5136628800,29363410000.0000,0.037917,2.990594
2008-12-08,2128.6800,2190.5300,2190.5300,2120.5400,6981108800,41126880000.0000,0.051206,4.377561
2008-12-09,2196.0300,2134.5800,2196.0300,2123.9300,6084504400,36671060000.0000,0.044557,-2.554174
2008-12-10,2123.0400,2195.7400,2199.7800,2113.1400,5286668000,31491950000.0000,0.038659,2.865196
2008-12-11,2195.4800,2127.1800,2203.2900,2125.8500,5162982400,31272500000.0000,0.037755,-3.122412
2008-12-12,2107.4800,2031.9900,2118.5900,2001.1800,4550982000,25898830000.0000,0.033280,-4.474936
2008-12-15,2063.9100,2073.0300,2082.7700,2021.0500,3619602800,20954740000.0000,0.026414,2.019697
2008-12-16,2058.6700,2110.2400,2110.5700,2008.4100,3611541600,20925260000.0000,0.026356,1.794955
2008-12-17,2117.6500,2136.3100,2164.5900,2110.0600,4433061600,26668870000.0000,0.032351,1.235408
2008-12-18,2135.6800,2175.3600,2176.4600,2118.3000,4187199200,24748300000.0000,0.030545,1.827920
2008-12-19,2175.7600,2194.9900,2216.8900,2169.8700,4816794400,28998090000.0000,0.035106,0.902374
2008-12-22,2196.3900,2193.4800,2213.0000,2154.4300,4255994000,25287370000.0000,0.030970,-0.068793
2008-12-23,2197.7900,2054.5300,2197.7900,2052.6200,4576610000,26470400000.0000,0.033299,-6.334681
2008-12-24,2020.9600,2010.1000,2043.1500,1985.8200,3431408800,19212720000.0000,0.024952,-2.162541
2008-12-25,2015.9600,2003.4900,2035.8400,1966.5400,2818966400,15710040000.0000,0.020499,-0.328839
2008-12-26,2006.1300,1983.7600,2018.1400,1976.0800,2128847600,12123270000.0000,0.015474,-0.984781
2008-12-29,1977.2100,1984.7600,1991.5700,1928.0700,2006006800,10981060000.0000,0.014556,0.050409
2008-12-30,1983.4600,1971.4700,2004.6400,1961.8000,2226918400,12617910000.0000,0.016159,-0.669604
2008-12-31,1973.4100,1939.4300,1983.1300,1938.0100,1991663600,11495270000.0000,0.014439,-1.625179
2009-01-05,1969.6300,2020.2400,2020.2400,1962.6200,2471822800,14270970000.0000,0.017242,4.166685
2009-01-06,2016.8700,2091.8900,2093.6000,2005.3300,3832598000,22243170000.0000,0.026729,3.546603
2009-01-07,2092.7400,2104.9200,2120.2100,2082.5500,4015590000,23634990000.0000,0.027996,0.622883
2009-01-08,2069.2200,2052.3000,2087.1500,2034.4000,3359260800,19587530000.0000,0.023415,-2.499852
2009-01-09,2050.3200,2107.7700,2107.7700,2050.3200,3158556400,19044190000.0000,0.022007,2.702820
2009-01-12,2105.1500,2137.8400,2162.3500,2100.0400,3801176800,23213020000.0000,0.026384,1.426629
2009-01-13,2116.1100,2081.6700,2125.4600,2078.0600,3335596600,19715790000.0000,0.023135,-2.627426
2009-01-14,2078.4500,2160.0600,2160.0600,2078.4500,3764292800,22494690000.0000,0.026109,3.765733
2009-01-15,2143.0500,2181.0600,2208.3400,2135.7000,5011255200,29894730000.0000,0.034754,0.972195
2009-01-16,2192.0300,2195.6300,2228.9000,2186.1600,5314701600,32618550000.0000,0.036596,0.668016
2009-01-19,2209.1300,2192.8100,2221.2400,2166.0800,4078084800,25413380000.0000,0.028018,-0.128429
2009-01-20,2188.6100,2214.8400,2214.8400,2170.9000,3227392400,20146170000.0000,0.022153,1.004648
2009-01-21,2187.1800,2217.6300,2236.4400,2178.5400,3876439600,24186160000.0000,0.026578,0.125959
2009-01-22,2232.8100,2256.3700,2260.5000,2222.5000,4205226800,26330930000.0000,0.028822,1.746921
2009-01-23,2253.3200,2238.0800,2265.4200,2233.5000,3778117600,23236930000.0000,0.025753,-0.810596
2009-02-02,2258.5100,2306.7700,2306.7700,2245.2600,4270051200,25777290000.0000,0.028956,3.069146
2009-02-03,2307.8900,2369.6500,2369.6500,2300.9800,6388214800,38558190000.0000,0.043289,2.725884
2009-02-04,2380.6200,2423.8900,2423.9200,2370.0100,6984697600,42964700000.0000,0.047331,2.288945
2009-02-05,2421.3600,2384.7600,2436.6900,2362.2300,7374412000,46971840000.0000,0.049971,-1.614342
2009-02-06,2390.2400,2493.7400,2496.5900,2390.2400,7656355200,49084110000.0000,0.051782,4.569851
2009-02-09,2528.8000,2579.2300,2580.7500,2500.5400,9083411200,60635860000.0000,0.061366,3.428184
2009-02-10,2564.7500,2653.2100,2653.2100,2535.6500,8170515200,55539620000.0000,0.055159,2.868297
2009-02-11,2609.0100,2658.0500,2723.4600,2594.9300,9507355200,65689360000.0000,0.064184,0.182424
2009-02-12,2666.4900,2707.9200,2707.9200,2587.1900,8019710400,55066300000.0000,0.054137,1.876183
2009-02-13,2714.6400,2805.0100,2808.4800,2704.6600,9003952000,64099270000.0000,0.060770,3.585412
2009-02-16,2833.2900,2854.4400,2854.5600,2777.4200,9069168800,65944510000.0000,0.061025,1.762202
2009-02-17,2844.2200,2738.5800,2844.2200,2734.3700,8506908800,62711300000.0000,0.057223,-4.058935
2009-02-18,2676.8100,2632.9100,2736.5900,2630.7100,6899599200,49543140000.0000,0.046411,-3.858575
2009-02-19,2661.6000,2687.4900,2696.7800,2629.3400,5701030400,41448720000.0000,0.038349,2.072995
2009-02-20,2694.7800,2776.9600,2776.9600,2671.1800,6004358000,45854190000.0000,0.040370,3.329128
2009-02-23,2769.6300,2871.7900,2878.5000,2753.8500,7358042400,56054950000.0000,0.049416,3.414888
2009-02-24,2838.2400,2754.2400,2884.0100,2746.0200,8599346400,65175420000.0000,0.057752,-4.093267
2009-02-25,2780.3400,2771.1000,2803.5100,2677.2600,6865757600,51891900000.0000,0.046069,0.612151
2009-02-26,2769.2400,2571.2800,2800.2100,2535.5300,6572775600,48693370000.0000,0.044010,-7.210857
2009-02-27,2528.6000,2416.9500,2542.5500,2396.3100,5318000000,36073540000.0000,0.035597,-6.002072
2009-03-02,2385.8400,2478.8100,2485.0200,2382.0200,3733312000,26009580000.0000,0.024896,2.559428
2009-03-03,2416.1100,2499.8300,2526.8500,2398.8000,4413214800,31008490000.0000,0.029411,0.847988
2009-03-04,2508.2700,2651.4100,2654.4000,2508.2700,6125446400,44645780000.0000,0.040771,6.063605
2009-03-05,2680.3200,2671.5700,2710.0200,2608.1300,7033177600,51259010000.0000,0.046784,0.760356
2009-03-06,2621.2300,2653.4700,2676.3600,2608.5600,5080774400,36270060000.0000,0.033797,-0.677508
2009-03-09,2661.9500,2536.0100,2692.7500,2528.6000,5060505200,36123350000.0000,0.033436,-4.426655
2009-03-10,2505.9300,2601.4200,2601.5000,2498.2500,3574068800,24646290000.0000,0.023566,2.579245
2009-03-11,2646.6100,2587.3700,2655.2200,2575.0000,4386897600,31050010000.0000,0.028924,-0.540082
2009-03-12,2572.3900,2597.2300,2604.7800,2507.2300,3826516000,26997570000.0000,0.025229,0.381077
2009-03-13,2606.8800,2569.6300,2625.6100,2564.1500,3603512800,26094440000.0000,0.023751,-1.062674
2009-03-16,2563.0200,2603.0600,2604.0000,2539.9100,3129485200,22066730000.0000,0.020571,1.300972
2009-03-17,2608.2300,2699.5900,2708.3500,2594.1200,5424980000,39274480000.0000,0.035642,3.708329
2009-03-18,2711.1700,2734.5500,2778.1500,2707.7900,6832836800,49738300000.0000,0.044825,1.295010
2009-03-19,2737.3800,2797.1600,2797.1600,2733.7000,6584960000,48946590000.0000,0.043176,2.289586
2009-03-20,2799.7900,2784.1100,2802.7100,2731.7100,6433374800,48491300000.0000,0.042182,-0.466538
2009-03-23,2784.8900,2843.8800,2846.6300,2779.7000,7075225600,55202990000.0000,0.046378,2.146818
2009-03-24,2871.4400,2865.3300,2877.4500,2835.2000,7237215200,56429650000.0000,0.047440,0.754258
2009-03-25,2849.9200,2785.6600,2873.1300,2785.5500,6492544400,49097240000.0000,0.042526,-2.780488
2009-03-26,2784.8900,2853.4100,2853.5100,2746.7900,5707036400,43450430000.0000,0.037137,2.432099
2009-03-27,2871.3900,2877.8800,2894.5100,2852.9300,6967899200,54233560000.0000,0.045184,0.857569
2009-03-30,2880.5300,2883.2100,2904.5900,2866.8600,5737614800,44630600000.0000,0.037077,0.185208
2009-03-31,2825.9300,2914.1300,2914.2000,2808.6100,5966752000,46324450000.0000,0.038498,1.072413
2009-04-01,2924.3900,2962.8400,2978.1000,2924.3100,7632927200,59892530000.0000,0.049216,1.671518
2009-04-02,2972.7400,2965.7400,2996.3900,2952.7600,7637608000,60820100000.0000,0.049246,0.097876
2009-04-03,2983.2200,2934.2500,2990.0700,2909.8300,6673960000,53780560000.0000,0.042834,-1.061792
2009-04-07,2941.3900,2968.5200,2968.5200,2925.7400,5302473600,42619370000.0000,0.034000,1.167931
2009-04-08,2959.8100,2867.1700,2969.8100,2867.1700,6157879600,48390870000.0000,0.039485,-3.414163
2009-04-09,2862.1100,2915.0200,2915.0700,2838.6300,4987113600,39259890000.0000,0.031955,1.668897
2009-04-10,2932.0100,3009.3800,3012.2500,2921.6100,7207993600,58445920000.0000,0.046166,3.237023
2009-04-13,3030.7000,3050.3700,3055.6500,3019.1600,7799488800,63427180000.0000,0.049775,1.362082
2009-04-14,3047.7700,3099.4300,3102.7800,3031.5900,7693697600,63983010000.0000,0.049100,1.608323
2009-04-15,3084.0400,3143.8200,3143.8200,3055.2500,8377547200,70090820000.0000,0.053383,1.432203
2009-04-16,3151.0000,3159.2600,3182.5800,3097.5400,8666548000,71982010000.0000,0.055137,0.491120
2009-04-17,3152.3600,3119.4200,3171.8600,3083.6400,7686481600,64153360000.0000,0.048880,-1.261058
2009-04-20,3111.4700,3205.8800,3205.8800,3109.9000,7352907200,60484820000.0000,0.046578,2.771668
2009-04-21,3173.5300,3205.0800,3225.1100,3142.1200,7986817600,64569550000.0000,0.050480,-0.024948
2009-04-22,3219.3400,3042.6400,3235.4500,3021.4100,8605184000,70079570000.0000,0.054049,-5.068210
2009-04-23,3013.0900,3059.7100,3080.2500,2978.6500,5531876000,44693520000.0000,0.034675,0.561028
2009-04-24,3070.3500,3036.7600,3082.5000,3034.4500,5248337600,43044320000.0000,0.032785,-0.750069
2009-04-27,3034.2400,2916.1100,3042.8000,2903.3000,5313056800,42036180000.0000,0.033031,-3.972981
2009-04-28,2900.0900,2959.9500,2959.9500,2897.8000,4436508400,36611430000.0000,0.027576,1.503367
2009-04-29,2963.2100,3040.0400,3043.4100,2954.8600,5619987600,46072690000.0000,0.034898,2.705792
2009-04-30,3051.1400,3086.2200,3096.7600,3040.7500,6232040000,51201100000.0000,0.038650,1.519057
2009-05-04,3096.3900,3190.2500,3190.2700,3096.3900,6919200800,57233990000.0000,0.042848,3.370791
2009-05-05,3208.2700,3220.6200,3234.1300,3183.3900,7295732800,61104210000.0000,0.045095,0.951967
2009-05-06,3215.6000,3264.5800,3264.5800,3204.3100,7298700000,62139530000.0000,0.045128,1.364953
2009-05-07,3278.9900,3242.6300,3285.7700,3177.9500,8137389600,69303820000.0000,0.050313,-0.672374
2009-05-08,3227.2200,3257.5900,3274.5700,3196.7900,7786254400,63375190000.0000,0.048105,0.461360
2009-05-11,3269.0200,3134.5700,3275.1200,3134.4400,7906633600,63792590000.0000,0.048479,-3.776412
2009-05-12,3105.8600,3212.1400,3212.1800,3101.3200,5082708800,41206380000.0000,0.031133,2.474656
2009-05-13,3215.9700,3234.1500,3247.8400,3201.0200,6144825200,49842040000.0000,0.037614,0.685213
2009-05-14,3211.2100,3246.5600,3256.5300,3200.1100,5912391600,48007410000.0000,0.036069,0.383722
2009-05-15,3255.4500,3270.7400,3285.4500,3238.6800,5894569600,48465220000.0000,0.035852,0.744786
2009-05-18,3265.0000,3295.6500,3297.5400,3211.3900,5631385600,46772300000.0000,0.034150,0.761599
2009-05-19,3313.9100,3325.5300,3338.2500,3302.7500,7139058400,60721180000.0000,0.043208,0.906654
2009-05-20,3328.1200,3306.4700,3343.6600,3302.7400,7000282400,58970950000.0000,0.042246,-0.573144
2009-05-21,3288.2400,3247.4800,3309.3200,3225.5500,7006288000,58565550000.0000,0.042265,-1.784078
2009-05-22,3235.4100,3254.5300,3283.5000,3227.1900,4963798000,42179220000.0000,0.029730,0.217093
2009-05-25,3176.1600,3271.5000,3277.6900,3152.5400,5660734400,48546110000.0000,0.033652,0.521426
2009-05-26,3274.6300,3274.8500,3319.1200,3271.9100,6107910400,54668800000.0000,0.036250,0.102402
2009-05-27,3287.9900,3276.7500,3300.2200,3241.2200,5049246800,43419590000.0000,0.029888,0.058015
2009-06-01,3302.0000,3332.3400,3335.0700,3296.1200,5643238800,49070390000.0000,0.033363,1.696501
2009-06-02,3346.0700,3353.9200,3366.7400,3333.4600,6442180800,57437790000.0000,0.038025,0.647588
2009-06-03,3351.7800,3380.1900,3380.3600,3346.9700,6517747600,58096240000.0000,0.038379,0.783263
2009-06-04,3373.3800,3375.8700,3384.3600,3321.2700,6513106000,57924200000.0000,0.038306,-0.127798
2009-06-05,3379.9200,3355.7800,3393.0800,3352.6300,5816471600,51543450000.0000,0.034153,-0.595108
2009-06-08,3355.9100,3350.2400,3380.7100,3321.7600,5272072400,47467260000.0000,0.030868,-0.165090
2009-06-09,3347.8600,3366.9100,3366.9100,3282.0000,5632299200,48034540000.0000,0.032901,0.497574
2009-06-10,3373.0300,3403.2100,3403.2800,3363.8800,6120367600,51214800000.0000,0.035723,1.078141
2009-06-11,3399.5500,3383.0000,3422.1300,3363.9700,6096411200,51232500000.0000,0.035553,-0.593850
2009-06-12,3376.6000,3309.5900,3391.3700,3281.2500,5553930800,47444320000.0000,0.032314,-2.169965
2009-06-15,3303.7400,3356.7100,3356.7100,3296.5800,4094414400,34958700000.0000,0.023794,1.423737
2009-06-16,3330.6300,3349.3500,3357.4400,3317.8300,4079970400,35431880000.0000,0.023662,-0.219258
2009-06-17,3346.6500,3403.9600,3406.9100,3334.1700,4898256800,41820820000.0000,0.028347,1.630461
2009-06-18,3410.6300,3431.2800,3432.0900,3406.3300,5963087200,52809180000.0000,0.034438,0.802597
2009-06-19,3433.2000,3434.0500,3448.8400,3415.7500,6473725200,56530020000.0000,0.037272,0.080728
2009-06-22,3451.8700,3405.1300,3454.9000,3393.3200,5753126000,49661980000.0000,0.033099,-0.842159
2009-06-23,3365.2400,3392.1100,3421.2400,3353.0200,4905319600,41856430000.0000,0.028219,-0.382358
2009-06-24,3394.7700,3431.4400,3431.4400,3384.4800,4976474800,43397160000.0000,0.028628,1.159450
2009-06-25,3435.0000,3427.4700,3441.5800,3411.5300,5137264400,44201460000.0000,0.029504,-0.115694
2009-06-26,3433.7300,3448.4600,3453.6100,3419.3700,5012472000,44240560000.0000,0.028702,0.612405
2009-06-29,3451.7800,3476.7900,3484.2300,3444.9800,5934657600,52383610000.0000,0.033944,0.821528
2009-06-30,3483.5800,3452.2600,3484.9400,3439.7700,5349181600,47235000000.0000,0.030509,-0.705537
2009-07-01,3446.4500,3503.7500,3503.7500,3444.4700,6084860000,55239860000.0000,0.035292,1.491486
2009-07-02,3516.3100,3540.5100,3540.6400,3500.8900,7183764800,65457120000.0000,0.041666,1.049162
2009-07-03,3519.7000,3584.8600,3584.8600,3507.1800,7513046400,69740530000.0000,0.043572,1.252647
2009-07-06,3593.6200,3592.6400,3601.9100,3557.6700,7451406400,70797470000.0000,0.043082,0.217018
2009-07-07,3588.6700,3589.1900,3616.1700,3563.2700,7132237600,65799670000.0000,0.041224,-0.096028
2009-07-08,3567.5900,3633.4300,3640.3400,3560.1100,6014804000,56294040000.0000,0.034765,1.232590
2009-07-09,3637.3900,3701.7900,3701.7900,3631.3000,7523964800,72900660000.0000,0.043470,1.881421
2009-07-10,3706.5600,3719.9700,3747.1200,3697.9800,7785624800,74303350000.0000,0.044969,0.491112
2009-07-13,3711.4500,3754.3400,3782.1100,3705.4300,7567251200,73043440000.0000,0.043576,0.923935
2009-07-14,3762.3200,3813.8800,3813.8800,3762.3200,7436959200,71842670000.0000,0.042783,1.585892
2009-07-15,3824.3300,3848.6300,3850.9600,3820.2400,8436083200,82599120000.0000,0.048518,0.911146
2009-07-16,3860.6800,3829.2100,3873.3300,3821.2400,8434861600,84405700000.0000,0.048496,-0.504593
2009-07-17,3827.2500,3852.8600,3862.2900,3809.5000,7608516800,76006660000.0000,0.043727,0.617625
2009-07-20,3863.4700,3919.4300,3919.4500,3855.7700,9016104000,92728440000.0000,0.051774,1.727803
2009-07-21,3922.1100,3824.2900,3922.5700,3814.9200,8937103200,90115340000.0000,0.051293,-2.427391
2009-07-22,3817.8700,3894.5600,3894.6900,3817.8700,7717383200,79176380000.0000,0.044293,1.837466
2009-07-23,3900.0100,3933.1100,3933.1100,3892.6500,7661440000,77959610000.0000,0.043972,0.989843
2009-07-24,3945.2400,3907.9700,3952.3200,3831.4000,8262576000,84419750000.0000,0.047396,-0.639192
2009-07-27,3918.2700,3972.6400,3972.6700,3914.3200,7928386400,84329130000.0000,0.045220,1.654821
2009-07-28,3974.0100,4022.9100,4023.0100,3936.2100,8828133600,92018600000.0000,0.050292,1.265406
2009-07-29,4013.0300,3764.6400,4019.2000,3678.8900,9463768000,94818140000.0000,0.053914,-6.419981
2009-07-30,3773.1500,3803.1200,3830.3500,3670.9100,6983696800,69297630000.0000,0.039761,1.022149
2009-07-31,3826.1900,3928.5800,3933.3700,3816.4700,7525916800,76812840000.0000,0.042814,3.298869
2009-08-03,3944.7000,4020.2700,4020.6300,3928.9300,8510728000,87743320000.0000,0.048353,2.333921
2009-08-04,4024.6800,4069.3500,4071.1300,3975.5100,9365029600,98052180000.0000,0.053173,1.220815
2009-08-05,4065.4300,4069.3400,4099.5300,3993.1100,8879335200,94016660000.0000,0.050415,-0.000246
2009-08-06,4040.2200,4015.4200,4093.7000,3946.5900,7872967200,84495680000.0000,0.044701,-1.325035
2009-08-07,4008.2300,3893.1300,4036.2000,3875.7600,6669500800,71025080000.0000,0.037803,-3.045511
2009-08-10,3935.0400,3933.0500,3970.1800,3857.5000,5381069200,57236080000.0000,0.030479,1.025400
2009-08-11,3946.1500,3953.2900,3964.4200,3900.0600,4464043600,47678940000.0000,0.025276,0.514613
2009-08-12,3944.3400,3770.1400,3944.3400,3762.2400,5383301600,55199680000.0000,0.030383,-4.632854
2009-08-13,3772.6700,3778.1400,3800.5300,3705.3700,4270992400,43660010000.0000,0.024083,0.212194
2009-08-14,3780.3900,3609.7000,3789.7500,3609.6600,5072646400,50461650000.0000,0.028574,-4.458277
2009-08-17,3558.3200,3358.1000,3571.8200,3356.2000,4821366800,45055760000.0000,0.027153,-6.970105
2009-08-18,3326.8700,3424.7700,3436.4800,3310.9000,3812622400,34735020000.0000,0.021471,1.985347
2009-08-19,3427.1000,3247.5300,3436.9500,3215.5500,4390592000,39910160000.0000,0.024725,-5.175238
2009-08-20,3247.2100,3374.3500,3378.8100,3239.8200,4296083600,39189780000.0000,0.024191,3.905124
2009-08-21,3366.4600,3468.0400,3469.0700,3344.3100,5158048800,48523630000.0000,0.029045,2.776533
2009-08-24,3472.4900,3541.8000,3556.7100,3449.2200,5460754800,53333730000.0000,0.030613,2.126850
2009-08-25,3523.8100,3485.9200,3523.8100,3384.4500,5982545200,57938440000.0000,0.033512,-1.577732
2009-08-26,3466.2200,3595.1200,3622.6700,3444.8200,5966770400,58697220000.0000,0.033424,3.132608
2009-08-27,3585.3700,3629.5100,3662.4700,3557.7700,6542605600,62666470000.0000,0.036665,0.956572
2009-08-28,3615.0700,3531.4100,3627.3700,3512.4300,4827620800,45945180000.0000,0.027052,-2.702847
2009-08-31,3477.1200,3278.0000,3477.1200,3276.1100,4731422800,43255410000.0000,0.026500,-7.175885
2009-09-01,3242.9300,3245.2700,3319.7200,3207.2700,3739287600,33234620000.0000,0.020943,-0.998474
2009-09-02,3229.0200,3265.0700,3279.1000,3195.8500,3105849800,26998810000.0000,0.017395,0.610120
2009-09-03,3266.1800,3427.4400,3437.1600,3262.9700,4794651200,43515610000.0000,0.026854,4.972937
2009-09-04,3422.9500,3489.0600,3509.2800,3408.0800,5383360400,50781320000.0000,0.030151,1.797847
2009-09-07,3503.0000,3527.2500,3564.6500,3487.4900,5832011600,56322210000.0000,0.032585,1.094562
2009-09-08,3505.4400,3592.8100,3592.8100,3473.1800,5578516800,55980450000.0000,0.031159,1.858673
2009-09-09,3598.0100,3613.4100,3616.2500,3556.3100,5587916000,56137110000.0000,0.031166,0.573363
2009-09-10,3598.2700,3581.6800,3624.7600,3558.6200,4919302400,48294080000.0000,0.027366,-0.878117
2009-09-11,3567.6200,3641.8200,3659.4400,3565.8700,5352228800,52031230000.0000,0.029775,1.679104
2009-09-14,3653.4700,3736.5800,3744.8300,3652.5800,6999641600,69266900000.0000,0.038940,2.601996
2009-09-15,3742.4500,3775.2100,3791.8400,3718.8800,7136291200,70906100000.0000,0.039686,1.033830
2009-09-16,3764.5700,3781.0600,3808.9000,3706.3000,7223744000,71506330000.0000,0.040112,0.154961
2009-09-17,3785.2500,3868.6700,3881.8500,3785.2500,7766327200,76549300000.0000,0.043125,2.317071
2009-09-18,3879.1000,3739.7300,3892.1700,3707.0200,8051588000,79292550000.0000,0.044723,-3.332927
2009-09-21,3704.1700,3804.3300,3805.0400,3637.5000,6109442000,61331330000.0000,0.033935,1.727400
2009-09-22,3793.7900,3708.2000,3834.7300,3708.2000,5719297600,59072440000.0000,0.031757,-2.526861
2009-09-23,3693.0300,3595.7100,3733.6900,3572.6300,4993506800,49543780000.0000,0.027727,-3.033547
2009-09-24,3572.4800,3568.6700,3620.3900,3477.4100,4411822400,42844100000.0000,0.024497,-0.752008
2009-09-25,3555.4700,3536.8100,3583.6000,3516.3600,3315150200,32026960000.0000,0.018380,-0.892766
2009-09-28,3546.3400,3434.6600,3581.9800,3418.4600,3228769200,30785910000.0000,0.017873,-2.888200
2009-09-29,3430.2900,3372.0700,3449.1700,3306.3800,3263922600,29436880000.0000,0.018059,-1.822301
2009-09-30,3396.9300,3400.6200,3444.7700,3396.5600,2886389600,26693000000.0000,0.015965,0.846662
2009-10-09,3456.0800,3576.4400,3576.6400,3454.8000,3643693200,34965910000.0000,0.020119,5.170228
2009-10-12,3586.0400,3597.8600,3629.5800,3555.9500,3919970800,38786310000.0000,0.021644,0.598924
2009-10-13,3591.6200,3659.0800,3659.0800,3583.8500,3793228800,37251300000.0000,0.020944,1.701566
2009-10-14,3668.3700,3692.6500,3729.9400,3667.5100,5225603200,52651500000.0000,0.028853,0.917439
2009-10-15,3711.1000,3704.4000,3733.2800,3677.1400,4425295200,44230880000.0000,0.024434,0.318200
2009-10-16,3712.9200,3716.9000,3725.3200,3654.7000,4291635200,43612070000.0000,0.023692,0.337437
2009-10-19,3719.5300,3808.1800,3808.1800,3714.4900,5659440000,57865500000.0000,0.031243,2.455811
2009-10-20,3827.6300,3865.8300,3865.8300,3811.7900,6772508800,71454000000.0000,0.037387,1.513850
2009-10-21,3859.5100,3839.9500,3887.8900,3836.8800,6547195600,66974110000.0000,0.036144,-0.669458
2009-10-22,3827.1800,3855.7700,3880.2900,3815.1700,5675228400,57097320000.0000,0.031330,0.411986
2009-10-23,3858.4500,3908.4400,3926.1900,3858.4500,6944006400,69326920000.0000,0.038334,1.366003
2009-10-26,3914.6100,3911.6500,3925.4200,3869.1500,5806183600,59082520000.0000,0.031993,0.082129
2009-10-27,3884.5600,3807.9800,3887.4400,3807.9800,5762284000,59977840000.0000,0.031751,-2.650286
2009-10-28,3794.9900,3846.4200,3846.4200,3763.1700,5000961600,52176560000.0000,0.027554,1.009458
2009-10-29,3786.7300,3777.5000,3814.9200,3761.7800,4790887200,51083860000.0000,0.026380,-1.791794
2009-10-30,3823.8000,3827.6800,3872.2300,3799.6600,5174836800,55612620000.0000,0.028482,1.328390
2009-11-02,3754.9400,3955.7800,3955.7800,3738.7000,6595070400,70113140000.0000,0.036299,3.346678
2009-11-03,3970.4500,4053.2100,4053.2100,3967.0000,8259001600,88498450000.0000,0.045457,2.462976
2009-11-04,4057.0200,4083.4800,4091.9900,4040.3200,7791216000,84245290000.0000,0.042870,0.746816
2009-11-05,4082.8700,4125.7800,4134.8500,4068.9400,7088694400,73844940000.0000,0.039004,1.035876
2009-11-06,4147.8300,4145.1400,4175.5000,4130.6900,8394569600,86991530000.0000,0.046190,0.469253
2009-11-09,4148.4300,4176.1900,4176.4300,4120.3900,6832455200,71824000000.0000,0.037490,0.749065
2009-11-10,4193.6600,4182.7700,4211.1500,4176.1300,6980258400,74730900000.0000,0.038301,0.157562
2009-11-11,4172.6600,4199.5500,4209.2500,4149.2900,6278380400,66205120000.0000,0.034450,0.401164
2009-11-12,4203.6200,4213.2500,4251.6100,4197.7000,6682543600,70704980000.0000,0.036668,0.326230
2009-11-13,4200.6700,4267.0100,4267.0100,4166.1400,6330928400,69037900000.0000,0.034687,1.275969
2009-11-16,4295.7200,4364.9700,4366.8500,4295.7200,8837484800,99027620000.0000,0.048383,2.295763
2009-11-17,4381.9900,4387.5500,4400.3900,4341.7800,7886137600,87869930000.0000,0.043124,0.517291
2009-11-18,4386.1300,4406.7800,4413.6200,4363.8800,7777146400,85515810000.0000,0.042528,0.438285
2009-11-19,4412.1000,4476.1400,4476.1400,4400.7500,8605622400,93593940000.0000,0.047058,1.573946
2009-11-20,4462.5800,4508.2900,4541.2700,4443.1300,8827120000,96484180000.0000,0.048265,0.718251
2009-11-23,4516.2800,4591.3400,4592.0100,4513.5600,8283718400,94245230000.0000,0.045294,1.842158
2009-11-24,4607.0300,4347.6600,4611.8900,4328.4400,11608682400,131848810000.0000,0.063461,-5.307376
2009-11-25,4333.7000,4512.0800,4512.6800,4317.8500,8759604800,97082600000.0000,0.047838,3.781803
2009-11-26,4519.1300,4328.4100,4541.9400,4304.1500,10372926400,115217580000.0000,0.056550,-4.070626
2009-11-27,4262.5700,4215.3400,4355.2300,4187.5900,7082963200,75810300000.0000,0.038614,-2.612283
2009-11-30,4251.9600,4405.3300,4405.6900,4251.9600,6293950400,69591300000.0000,0.034306,4.507115
2009-12-01,4405.7300,4525.2900,4525.6500,4386.8300,7608966400,84582740000.0000,0.041460,2.723064
2009-12-02,4547.9800,4591.3800,4605.8800,4534.4500,8762787200,96857700000.0000,0.047718,1.460455
2009-12-03,4582.2600,4621.9400,4625.6400,4555.4700,7904182400,88680050000.0000,0.043042,0.665596
2009-12-04,4614.6800,4506.0800,4651.1500,4403.1400,9398536000,104837420000.0000,0.051180,-2.506737
2009-12-07,4508.6300,4581.2400,4581.5800,4503.4900,6049309600,68533290000.0000,0.032923,1.667972
2009-12-08,4584.1600,4571.7600,4598.1000,4520.9200,6640363600,74211410000.0000,0.036125,-0.206941
2009-12-09,4524.6200,4498.1500,4566.2400,4474.1000,5535167200,61247630000.0000,0.030110,-1.610099
2009-12-10,4517.7000,4536.5600,4553.8200,4485.8200,4541781600,51457520000.0000,0.024706,0.853910
2009-12-11,4546.6100,4534.7600,4576.2200,4517.5300,4711364800,53229810000.0000,0.025628,-0.039684
2009-12-14,4533.3600,4513.5900,4533.8000,4417.7300,4609314400,51741650000.0000,0.025073,-0.466837
2009-12-15,4507.1600,4523.4900,4545.3500,4492.2400,4658103200,53573940000.0000,0.025220,0.219346
2009-12-16,4509.8200,4506.0400,4543.1000,4491.0200,4341789200,49886430000.0000,0.023507,-0.385768
2009-12-17,4506.3700,4364.9300,4518.9400,4362.8400,4492709600,51403040000.0000,0.024324,-3.131571
2009-12-18,4318.0600,4203.4800,4318.9900,4194.9600,4298715200,47125710000.0000,0.023260,-3.698803
2009-12-21,4195.1200,4256.3900,4257.0200,4185.1100,3209972000,35444570000.0000,0.017365,1.258723
2009-12-22,4260.7400,4136.8200,4263.3400,4124.0800,3684896800,40966920000.0000,0.019935,-2.809196
2009-12-23,4132.1500,4210.1700,4210.6700,4129.8900,3288884800,36921150000.0000,0.017792,1.773103
2009-12-24,4213.8200,4345.3000,4350.5200,4209.9800,4436008000,50554400000.0000,0.023989,3.209607
2009-12-25,4342.3500,4376.1900,4398.4600,4324.8600,4272454000,48524140000.0000,0.023045,0.710886
2009-12-28,4388.7800,4447.2100,4447.7600,4388.2700,4374973600,50027430000.0000,0.023513,1.622873
2009-12-29,4451.9300,4463.6000,4465.4600,4393.9000,4527214400,52114950000.0000,0.024265,0.368549
2009-12-30,4459.7200,4446.0700,4470.3100,4408.3800,4808960400,57155640000.0000,0.025775,-0.392738
2009-12-31,4444.2500,4485.2500,4487.4500,4432.2900,4529280000,54875090000.0000,0.024293,0.881232
2010-01-04,4508.9300,4510.5300,4542.7100,4487.3700,5125673600,62671850000.0000,0.027458,0.563620
2010-01-05,4513.4000,4557.4800,4558.2100,4480.1900,5704074400,68443130000.0000,0.030543,1.040902
2010-01-06,4553.3700,4550.2800,4595.1000,4538.7200,5787598000,69618450000.0000,0.030990,-0.157986
2010-01-07,4540.0100,4459.1500,4554.9300,4436.7700,5787344000,68761440000.0000,0.030989,-2.002731
2010-01-08,4439.2100,4514.4500,4514.7200,4426.2300,4657364800,54897800000.0000,0.024938,1.240153
2010-01-11,4549.3200,4542.9500,4558.4600,4502.9900,5708973200,70066390000.0000,0.030535,0.631306
2010-01-12,4535.3000,4639.6300,4640.3500,4524.6700,6206168800,76271740000.0000,0.033174,2.128125
2010-01-13,4544.4300,4591.0200,4650.0600,4526.8400,6789880800,83458600000.0000,0.036294,-1.047710
2010-01-14,4598.4000,4714.1000,4714.8700,4598.4000,6791848000,84561290000.0000,0.036293,2.680887
2010-01-15,4720.2200,4747.6500,4753.1900,4712.6200,5851337200,73076040000.0000,0.031267,0.711691
2010-01-18,4744.3300,4829.0600,4829.3600,4738.9100,6328435600,78211370000.0000,0.033810,1.714746
2010-01-19,4835.8300,4830.0200,4852.3300,4791.9900,6615494400,80838050000.0000,0.035322,0.019879
2010-01-20,4830.4200,4651.0700,4831.7000,4635.6700,7808653600,94323890000.0000,0.041666,-3.704958
2010-01-21,4646.6200,4667.2100,4696.1600,4611.7600,5093667600,61486440000.0000,0.027168,0.347020
2010-01-22,4613.1900,4537.8800,4633.3900,4453.6900,6018718400,69988890000.0000,0.032102,-2.771036
2010-01-25,4515.1300,4481.1600,4542.7900,4477.1900,4139508400,49671090000.0000,0.022060,-1.249917
2010-01-26,4467.5200,4294.3800,4492.6500,4254.3200,4152028000,47467850000.0000,0.022075,-4.168123
2010-01-27,4290.7400,4267.1100,4344.1300,4229.5200,3292415200,37930580000.0000,0.017505,-0.635016
2010-01-28,4266.0600,4336.3800,4340.4100,4249.7700,3212733000,37413690000.0000,0.017074,1.623347
2010-01-29,4316.2400,4374.6500,4418.4000,4298.6500,3988806400,46920870000.0000,0.021187,0.882534
2010-02-01,4366.4900,4331.3700,4372.5700,4269.3300,4309502800,50119160000.0000,0.022891,-0.989331
2010-02-02,4344.0400,4301.7700,4388.3500,4296.8800,3853250400,45419430000.0000,0.020423,-0.683389
2010-02-03,4299.9700,4363.0800,4363.6700,4160.3500,4852668000,55363880000.0000,0.025704,1.425229
2010-02-04,4342.6800,4408.4400,4445.7500,4316.8100,5187378400,60009180000.0000,0.027476,1.039629
2010-02-05,4312.5500,4311.2900,4382.3400,4270.7100,4967040400,57329450000.0000,0.026309,-2.203725
2010-02-08,4299.2500,4310.8900,4330.2000,4279.6600,3194607600,36140920000.0000,0.016920,-0.009276
2010-02-09,4300.3200,4311.8900,4334.3400,4284.5200,2989658000,33051110000.0000,0.015834,0.023197
2010-02-10,4333.8500,4366.2500,4366.5000,4326.0200,2589719600,30362060000.0000,0.013708,1.260697
2010-02-11,4367.7200,4356.5200,4385.2000,4352.1100,2448541000,28560430000.0000,0.012960,-0.222845
2010-02-12,4365.6200,4416.2200,4418.5400,4365.4800,2451138000,29321020000.0000,0.012987,1.370364
2010-02-22,4412.5500,4419.5500,4457.2200,4401.0600,3146942600,36942580000.0000,0.016664,0.075395
2010-02-23,4414.0600,4459.1500,4459.7300,4352.4400,3884211200,44895640000.0000,0.020522,0.896021
2010-02-24,4438.4000,4556.2800,4556.7200,4419.4500,4802456800,55266250000.0000,0.025373,2.178215
2010-02-25,4565.7400,4629.9600,4632.9700,4564.0200,5551940800,65857350000.0000,0.029319,1.617113
2010-02-26,4618.6400,4634.6700,4656.9300,4602.0200,4953052000,58905070000.0000,0.026135,0.101728
2010-03-01,4635.9500,4686.2700,4692.8300,4635.9500,5386243600,63522640000.0000,0.028260,1.113350
2010-03-02,4692.6100,4690.2900,4705.1600,4660.1700,5662886000,67693540000.0000,0.029681,0.085783
2010-03-03,4690.4400,4758.4300,4761.5800,4680.3100,6357355200,76878300000.0000,0.033295,1.452791
2010-03-04,4763.6400,4586.5200,4780.0200,4572.0700,6847070400,81551640000.0000,0.035850,-3.612749
2010-03-05,4590.8900,4604.5900,4632.0400,4550.1000,5237147600,58748520000.0000,0.027419,0.393977
2010-03-08,4618.8600,4654.5800,4665.0600,4612.2200,4503946800,51555330000.0000,0.023564,1.085661
2010-03-09,4653.0600,4660.1300,4674.5100,4607.8600,4721442800,54504640000.0000,0.024677,0.119233
2010-03-10,4659.5000,4598.9900,4674.0600,4564.4300,4479956000,51947960000.0000,0.023414,-1.311973
2010-03-11,4594.5000,4562.8700,4608.6400,4519.0300,3756112000,43582880000.0000,0.019625,-0.785392
2010-03-12,4561.6100,4492.8600,4576.0000,4489.5300,3540021200,40963840000.0000,0.018481,-1.534347
2010-03-15,4485.8800,4454.7600,4498.1000,4426.1900,2992878000,35313780000.0000,0.015592,-0.848014
2010-03-16,4453.8100,4491.4600,4492.0400,4426.6100,2766447600,31934260000.0000,0.014407,0.823842
2010-03-17,4500.4300,4616.0500,4616.1100,4500.2500,4436945200,52355110000.0000,0.023105,2.773927
2010-03-18,4628.0000,4630.9500,4653.6800,4605.9100,4979134800,58490410000.0000,0.025929,0.322795
2010-03-19,4632.0500,4663.9000,4665.9100,4609.0100,4641554400,54392700000.0000,0.024157,0.711511
2010-03-22,4669.4100,4690.2000,4695.0800,4649.5300,4720032000,55746640000.0000,0.024545,0.563912
2010-03-23,4690.2700,4658.6300,4697.7300,4642.9800,4704866800,56747740000.0000,0.024413,-0.673112
2010-03-24,4662.9900,4683.0600,4692.3200,4662.5400,4744276800,58070210000.0000,0.024585,0.524407
2010-03-25,4675.2200,4620.7500,4675.2200,4609.1700,4895411600,58843600000.0000,0.025366,-1.330541
2010-03-26,4609.7500,4686.9300,4693.7600,4601.6900,4521928000,54648700000.0000,0.023411,1.432239
2010-03-29,4701.7900,4723.6100,4723.7500,4682.4100,5028324000,61333700000.0000,0.025990,0.782595
2010-03-30,4720.5800,4744.4200,4748.9100,4708.4300,4734372400,59814490000.0000,0.024459,0.440554
2010-03-31,4744.3400,4756.1600,4757.3200,4726.5200,4910827600,61722500000.0000,0.025326,0.247453
2010-04-01,4756.3000,4827.2100,4828.1000,4755.9300,6187885600,77731510000.0000,0.031904,1.493848
2010-04-02,4833.8100,4843.1700,4851.9400,4820.0600,5943194400,71673140000.0000,0.030622,0.330625
2010-04-06,4853.3300,4852.9000,4862.1700,4814.2500,5739704800,70803390000.0000,0.029574,0.200901
2010-04-07,4851.8300,4863.6400,4865.7500,4829.0200,5328918400,66073840000.0000,0.027429,0.221316
2010-04-08,4856.4100,4864.9200,4881.9100,4845.6100,5717551200,72568500000.0000,0.029429,0.026313
2010-04-09,4866.5200,4939.1800,4939.4100,4866.2400,5841922400,76192580000.0000,0.030034,1.526443
2010-04-12,4948.1000,4976.3800,4976.8300,4932.6300,7228172000,93471810000.0000,0.037055,0.753155
2010-04-13,4977.7600,4919.8700,4993.3700,4793.2800,7346944000,96503260000.0000,0.037577,-1.135560
2010-04-14,4910.7000,4977.5100,4978.2700,4896.5700,5620229200,72485870000.0000,0.028722,1.171569
2010-04-15,4975.0800,4914.7500,4984.3600,4879.9100,5425112400,70016660000.0000,0.027719,-1.260867
2010-04-16,4900.6000,4898.6700,4936.8800,4852.4100,4304573600,54086010000.0000,0.021921,-0.327180
2010-04-19,4850.8600,4688.8400,4880.5400,4688.1200,5827744800,70792700000.0000,0.029630,-4.283409
2010-04-20,4680.2000,4749.9300,4750.4900,4607.2000,5271907200,65798540000.0000,0.026797,1.302888
2010-04-21,4753.1200,4893.9800,4896.6600,4747.3900,6395338400,83273720000.0000,0.032466,3.032672
2010-04-22,4881.2500,4902.4000,4950.4900,4849.5600,6599520800,86324590000.0000,0.033503,0.172046
2010-04-23,4892.0400,4864.1600,4936.7300,4840.1700,5576390000,73051080000.0000,0.028308,-0.780021
2010-04-26,4868.7300,4866.5500,4904.9700,4847.9100,4851044800,64127110000.0000,0.024560,0.049128
2010-04-27,4852.1900,4739.2700,4852.1900,4645.1600,5371586800,66704700000.0000,0.027145,-2.615401
2010-04-28,4682.3300,4714.4300,4767.8000,4652.8700,4431985600,55910740000.0000,0.022393,-0.524128
2010-04-29,4730.4900,4561.4000,4758.7600,4560.1300,4829340000,61768630000.0000,0.024374,-3.245997
2010-04-30,4540.6500,4438.6800,4547.4800,4350.1500,4381965600,52914760000.0000,0.022089,-2.690396
2010-05-04,4353.4500,4434.1300,4484.4600,4324.5000,3183759200,38342490000.0000,0.016037,-0.102515
2010-05-05,4388.5000,4564.8100,4565.2400,4377.3800,4329849600,52253380000.0000,0.021799,2.947144
2010-05-06,4557.4500,4419.7800,4583.1800,4418.7400,4498350000,56440160000.0000,0.022634,-3.177137
2010-05-07,4313.6500,4350.7600,4443.5300,4285.4700,4221155200,51186640000.0000,0.021183,-1.561617
2010-05-10,4346.7000,4269.1100,4391.0300,4175.6700,4019216000,48639020000.0000,0.020126,-1.876681
2010-05-11,4350.7700,4144.3500,4366.6900,4134.6000,4002581200,46663580000.0000,0.020028,-2.922384
2010-05-12,4100.6000,4042.5200,4154.4800,3979.1300,3657183600,40741380000.0000,0.018242,-2.457082
2010-05-13,4042.3100,4157.8400,4158.3500,3974.1000,3651686400,39490390000.0000,0.018148,2.852672
2010-05-14,4129.8900,4184.8400,4217.6100,4107.1800,3694244000,41610100000.0000,0.018328,0.649376
2010-05-17,4125.6600,3915.7500,4132.3800,3915.7500,3760313200,39602980000.0000,0.018631,-6.430111
2010-05-18,3894.0900,3972.1500,3983.8800,3818.2900,3771298400,38354960000.0000,0.018663,1.440335
2010-05-19,3946.1500,3977.3800,4037.8500,3908.6400,3496052000,38905010000.0000,0.017286,0.131666
2010-05-20,3941.6100,3901.2600,4025.8000,3890.3500,3343432400,36236230000.0000,0.016500,-1.913819
2010-05-21,3787.1500,3982.3900,3982.4100,3768.1000,4023081200,42753880000.0000,0.019845,2.079581
2010-05-24,4016.3500,4163.4800,4170.7300,4016.3500,5441927600,60753310000.0000,0.026772,4.547272
2010-05-25,4134.9300,4133.3500,4177.7900,4087.1000,4745101600,52304020000.0000,0.023306,-0.723671
2010-05-26,4117.4900,4144.6600,4165.2900,4097.2400,3422970800,38841480000.0000,0.016794,0.273629
2010-05-27,4133.3300,4218.6400,4228.4400,4083.6200,4365236000,48762060000.0000,0.021346,1.784947
2010-05-28,4254.8500,4235.3200,4270.1700,4203.4900,4531411200,52262340000.0000,0.022114,0.395381
2010-05-31,4214.6200,4104.3600,4259.1600,4104.3600,4140822000,47203410000.0000,0.020208,-3.092091
2010-06-01,4059.4200,4025.7900,4091.4400,3933.3900,3874619200,42575450000.0000,0.018902,-1.914302
2010-06-02,4004.1300,4083.6200,4084.0500,3960.3400,3270880000,36130460000.0000,0.015956,1.436490
2010-06-03,4099.8600,4053.9900,4146.6600,4053.5500,3754352800,42725070000.0000,0.018315,-0.725585
2010-06-04,4025.2800,4089.0300,4095.4900,4013.9700,3141512400,33892590000.0000,0.015315,0.864335
2010-06-07,4000.6500,4072.5700,4082.3800,3985.1500,3497036000,39400710000.0000,0.017003,-0.402539
2010-06-08,4064.7800,4109.3200,4122.3900,4047.8200,3423959600,39553670000.0000,0.016648,0.902373
2010-06-09,4124.8100,4211.8800,4212.1700,4110.4300,4755827200,51971220000.0000,0.023103,2.495792
2010-06-10,4191.2900,4223.5700,4261.1600,4176.4300,4188617200,47912150000.0000,0.020277,0.277547
2010-06-11,4239.0600,4198.0000,4252.1000,4193.0800,3441800800,39693580000.0000,0.016608,-0.605408
2010-06-17,4221.6000,4145.2400,4237.1000,4144.0700,2899836200,33319320000.0000,0.013993,-1.256783
2010-06-18,4131.6800,3972.2900,4131.6800,3945.7300,3504262400,39210160000.0000,0.016909,-4.172260
2010-06-21,3960.2500,4087.0200,4087.4500,3924.4200,3508624000,35971320000.0000,0.016873,2.888258
2010-06-22,4081.6400,4119.7200,4136.5900,4069.2300,3461653600,36241610000.0000,0.016635,0.800099
2010-06-23,4098.2600,4094.5700,4138.7800,4039.9300,3126797600,33133840000.0000,0.015026,-0.610482
2010-06-24,4090.9700,4095.2900,4120.8400,4070.4900,2497078800,26862640000.0000,0.012000,0.017584
2010-06-25,4079.1900,4028.4300,4080.0200,3992.3700,2580171600,27972980000.0000,0.012391,-1.632610
2010-06-28,4023.1100,3961.3800,4036.4300,3944.4700,2111946800,22859220000.0000,0.010125,-1.664421
2010-06-29,3960.6800,3736.9800,3973.9300,3735.1200,3357564400,34397650000.0000,0.016092,-5.664690
2010-06-30,3699.1800,3664.4600,3701.3300,3620.2700,2553734000,25464500000.0000,0.012219,-1.940605
2010-07-01,3657.9600,3606.5900,3692.9000,3604.3600,2246347000,22874780000.0000,0.010714,-1.579220
2010-07-02,3600.7600,3585.5800,3609.0000,3430.3600,3087686800,30480520000.0000,0.014696,-0.582545
2010-07-05,3535.7400,3563.8800,3586.5800,3498.9000,2248425200,21552280000.0000,0.010686,-0.605207
2010-07-06,3556.1900,3665.3300,3665.3800,3554.0700,2959201200,28857800000.0000,0.014063,2.846622
2010-07-07,3672.1500,3718.6600,3718.9300,3656.3000,2894769200,28317330000.0000,0.013757,1.454980
2010-07-08,3729.2400,3698.3400,3736.5100,3663.7300,2779247200,26639090000.0000,0.013208,-0.546429
2010-07-09,3699.3100,3807.6000,3817.6700,3677.3400,4073329600,40142140000.0000,0.019349,2.954299
2010-07-12,3809.7500,3849.5200,3866.7800,3799.4300,4001443600,39210780000.0000,0.018995,1.100954
2010-07-13,3816.4600,3788.7500,3816.4600,3747.4000,3444529600,34351840000.0000,0.016323,-1.578639
2010-07-14,3795.2100,3824.0500,3862.3900,3795.1800,3540966000,35487590000.0000,0.016779,0.931707
2010-07-15,3817.1800,3735.4000,3850.2000,3735.2800,3271061200,32298130000.0000,0.015501,-2.318227
2010-07-16,3713.6600,3757.4300,3764.8400,3672.0200,2798721200,27600900000.0000,0.013247,0.589764
2010-07-19,3718.1300,3842.3100,3848.6300,3701.9300,3507423600,35450370000.0000,0.016589,2.258994
2010-07-20,3849.0400,3951.3600,3951.5400,3848.7400,5268350400,53568900000.0000,0.024910,2.838138
2010-07-21,3953.7700,3959.4300,4001.4300,3937.4800,5204248800,53476580000.0000,0.024607,0.204229
2010-07-22,3947.9900,4017.8600,4018.0600,3940.4600,4617888400,47106980000.0000,0.021835,1.475722
2010-07-23,4020.9100,4015.4700,4028.5100,3965.7000,4471046400,46308730000.0000,0.021141,-0.059488
2010-07-26,4023.0600,4071.0900,4071.4700,4011.7500,4385787200,45616830000.0000,0.020702,1.385146
2010-07-27,4062.2500,4068.8600,4091.3100,4041.9000,4106628400,44196730000.0000,0.019385,-0.054776
2010-07-28,4061.0200,4162.3200,4162.6600,4050.1900,5790200800,60592220000.0000,0.027313,2.296951
2010-07-29,4170.7600,4194.0400,4196.0300,4139.9400,6274903600,65227340000.0000,0.029600,0.762080
2010-07-30,4181.2200,4191.1300,4203.6400,4137.2300,4729828800,50667630000.0000,0.022311,-0.069388
2010-08-02,4192.6600,4267.9000,4268.4000,4192.5200,5427313600,59062480000.0000,0.025602,1.831726
2010-08-03,4277.2700,4193.6400,4289.4600,4193.3000,5940590400,64726160000.0000,0.027975,-1.739960
2010-08-04,4178.1900,4248.0100,4248.2300,4137.6500,5468676000,58648960000.0000,0.025749,1.296478
2010-08-05,4247.0500,4267.9600,4306.6500,4231.4700,5841457600,63443750000.0000,0.027469,0.469636
2010-08-06,4260.6300,4356.0100,4356.2100,4228.6700,6369627600,70480320000.0000,0.029953,2.063042
2010-08-09,4357.1800,4413.5700,4414.5300,4352.9200,5999110400,68485220000.0000,0.028211,1.321394
2010-08-10,4412.2700,4246.4600,4417.2000,4246.4600,6248551200,70276300000.0000,0.029384,-3.786274
2010-08-11,4230.3500,4297.9000,4309.7900,4230.3500,4263884800,48885250000.0000,0.020051,1.211361
2010-08-12,4248.9800,4241.5900,4317.9500,4228.5300,4532665200,50452830000.0000,0.021301,-1.310176
2010-08-13,4240.5000,4323.0500,4323.2500,4212.2100,4184958400,47223940000.0000,0.019646,1.920505
2010-08-16,4322.0200,4423.3100,4429.9000,4315.0200,5625259200,64397300000.0000,0.026399,2.319202
2010-08-17,4436.3800,4457.7600,4470.4600,4414.2100,5691170400,65233930000.0000,0.026706,0.778822
2010-08-18,4462.5800,4457.1300,4475.9200,4409.5900,5689720800,66186520000.0000,0.026699,-0.014130
2010-08-19,4456.2700,4461.4900,4491.7400,4423.9900,5931286400,69453950000.0000,0.027831,0.097829
2010-08-20,4442.6900,4366.6000,4444.8500,4350.1500,5829874800,67406500000.0000,0.027347,-2.126871
2010-08-23,4363.1700,4404.7200,4416.8300,4362.7200,4853665600,57536490000.0000,0.022753,0.872993
2010-08-24,4401.5200,4456.5000,4476.2600,4370.5700,5469966400,61869730000.0000,0.025642,1.175552
2010-08-25,4428.3600,4368.3000,4457.8400,4364.0600,5428540000,61248580000.0000,0.025429,-1.979136
2010-08-26,4376.9200,4399.2800,4415.8400,4355.0300,4240153600,49385700000.0000,0.019858,0.709200
2010-08-27,4393.9900,4431.4400,4437.7900,4375.3900,3694988800,44850460000.0000,0.017305,0.731032
2010-08-30,4453.0500,4553.0200,4553.4000,4453.0500,5541290400,68586090000.0000,0.025924,2.743579
2010-08-31,4541.7700,4589.2900,4605.1800,4529.7300,5906349200,74996660000.0000,0.027609,0.796615
2010-09-01,4595.2100,4530.2300,4613.0900,4473.5700,6464895200,81001130000.0000,0.030211,-1.286911
2010-09-02,4562.4300,4625.4000,4631.0000,4545.7900,6512640000,79502100000.0000,0.030429,2.100775
2010-09-03,4632.2600,4662.9600,4671.3400,4596.1200,6759264000,83823850000.0000,0.031581,0.812039
2010-09-06,4682.2600,4651.9600,4692.1100,4616.0700,6424396000,78525350000.0000,0.030017,-0.235902
2010-09-07,4650.9500,4679.9400,4680.3300,4613.3900,5416786400,63524390000.0000,0.025303,0.601467
2010-09-08,4660.9000,4720.3800,4723.8300,4644.3500,5522650400,67062080000.0000,0.025798,0.864112
2010-09-09,4730.8600,4658.0100,4746.0300,4649.0400,7024723200,85740640000.0000,0.032814,-1.321294
2010-09-10,4655.7000,4705.3100,4712.5600,4593.4500,6231407600,76778300000.0000,0.029108,1.015461
2010-09-13,4713.0600,4789.6900,4791.4800,4707.3600,6235460000,79905970000.0000,0.029127,1.793291
2010-09-14,4796.4600,4805.4200,4821.5500,4770.3600,6104981600,77135510000.0000,0.028516,0.328413
2010-09-15,4802.6100,4730.1400,4802.6100,4712.5300,6025628800,73694010000.0000,0.028235,-1.566560
2010-09-16,4721.5600,4610.9200,4739.4300,4558.4000,5601623200,68031790000.0000,0.026232,-2.520437
2010-09-17,4616.5700,4603.4900,4646.2000,4575.7900,4208531600,52286720000.0000,0.019691,-0.161132
2010-09-20,4608.8500,4553.1200,4622.5100,4531.4800,3880639200,47217100000.0000,0.018138,-1.094172
2010-09-21,4561.6700,4546.7200,4576.0400,4516.6100,2851413200,34583860000.0000,0.013308,-0.140561
2010-09-27,4570.6100,4673.6000,4673.7600,4570.6100,3648028400,45209840000.0000,0.016995,2.790580
2010-09-28,4672.1500,4654.3500,4695.0400,4643.1700,4167801600,52795720000.0000,0.019417,-0.411888
2010-09-29,4648.1600,4590.3200,4659.5600,4577.4000,3995348400,49445700000.0000,0.018599,-1.375708
2010-09-30,4564.8100,4660.6100,4660.6100,4553.9600,3528902000,44293600000.0000,0.016429,1.531267
2010-10-08,4696.3800,4767.9700,4787.4500,4691.6400,5155148800,65487960000.0000,0.024000,2.303569
2010-10-11,4784.6500,4789.1500,4825.3600,4746.5400,7659540800,98047940000.0000,0.035609,0.444208
2010-10-12,4772.9100,4806.0300,4808.1300,4748.7400,6783344000,85283330000.0000,0.031536,0.352461
2010-10-13,4808.3900,4836.7400,4838.8600,4765.9400,7737040000,97139600000.0000,0.035969,0.638998
2010-10-14,4842.6900,4679.5500,4848.8600,4675.3800,7571346400,96047460000.0000,0.035115,-3.249925
2010-10-15,4654.2700,4691.4500,4719.9300,4638.2400,7182738400,92543160000.0000,0.033269,0.254306
2010-10-18,4699.0300,4636.6400,4701.1600,4545.0700,8367456000,102226000000.0000,0.038751,-1.168297
2010-10-19,4637.9600,4778.6100,4779.1100,4637.0500,6516314400,80300990000.0000,0.030124,3.061910
2010-10-20,4682.6500,4794.1900,4828.9000,4661.1900,7663805600,97102740000.0000,0.035424,0.326038
2010-10-21,4805.7000,4833.8000,4844.5400,4771.6100,6789941600,86005620000.0000,0.031367,0.826206
2010-10-22,4837.3300,4877.9300,4892.6200,4826.8300,6607192000,86069660000.0000,0.030473,0.912954
2010-10-25,4894.8500,4998.5000,4998.8900,4894.8100,8102924800,106747100000.0000,0.037367,2.471741
2010-10-26,5010.0200,5046.1500,5046.6500,4983.8400,8913848800,117510550000.0000,0.041107,0.953284
2010-10-27,5046.2100,4994.7700,5088.8500,4976.7100,8049168000,106578230000.0000,0.037119,-1.018200
2010-10-28,4978.5400,4999.5900,5020.0700,4952.7100,6178162000,80933230000.0000,0.028491,0.096497
2010-10-29,5005.6600,5055.4900,5068.7000,4992.8100,6547187600,88982930000.0000,0.030164,1.118099
2010-11-01,5072.7600,5199.5200,5199.8100,5072.7600,8523837600,118634830000.0000,0.039215,2.848978
2010-11-02,5211.4700,5173.0700,5272.4500,5171.5000,9686436800,136199150000.0000,0.044564,-0.508705
2010-11-03,5165.9100,5098.5400,5197.9600,5096.4600,7631712000,106056360000.0000,0.035111,-1.440726
2010-11-04,5104.7700,5228.3000,5228.9200,5104.7700,7612600800,103398230000.0000,0.035023,2.545038
2010-11-05,5274.5700,5311.7700,5313.4800,5244.3800,8950491200,121087330000.0000,0.040905,1.596508
2010-11-08,5338.5100,5431.0900,5431.3900,5330.5100,9507648800,126108740000.0000,0.043416,2.246329
2010-11-09,5435.3600,5467.8400,5468.3600,5398.7000,9270058400,125207990000.0000,0.042292,0.676660
2010-11-10,5459.4000,5484.7400,5504.8800,5432.6300,8859264000,123461940000.0000,0.040410,0.309087
2010-11-11,5462.7600,5440.1000,5581.3500,5440.1000,9877328000,138992960000.0000,0.045046,-0.813897
2010-11-12,5411.8700,5111.1900,5445.7100,5094.8000,10514325600,141776860000.0000,0.047951,-6.046031
2010-11-15,5117.1600,5255.2700,5255.8500,5083.8500,6785033600,93162070000.0000,0.030898,2.818914
2010-11-16,5259.5100,5068.4600,5288.9700,5017.2500,7836215200,107405720000.0000,0.035757,-3.554718
2010-11-17,4989.8000,4855.8500,5039.0900,4830.5100,5430788800,72200540000.0000,0.024769,-4.194763
2010-11-18,4885.9100,4932.4000,4941.2000,4814.4200,4202450400,57603060000.0000,0.019167,1.576445
2010-11-19,4959.0600,5081.0300,5081.0300,4919.2800,5421057600,75492550000.0000,0.024725,3.013338
2010-11-22,5049.4600,5150.6700,5190.6100,5036.3200,6086765200,87125850000.0000,0.027761,1.370591
2010-11-23,5129.3700,5063.2400,5129.3700,4970.4900,5377227600,75005860000.0000,0.024507,-1.697443
2010-11-24,5022.1300,5206.1500,5206.4200,5017.9300,5408620000,77895660000.0000,0.024650,2.822494
2010-11-25,5228.2700,5259.8100,5278.3200,5226.9800,6078655600,84176620000.0000,0.027698,1.030707
2010-11-26,5255.2600,5227.6500,5256.4000,5169.0300,5407235200,73895460000.0000,0.024639,-0.611432
2010-11-29,5214.4500,5248.7500,5273.7900,5180.6600,5007100000,71080930000.0000,0.022792,0.403625
2010-11-30,5238.5000,5110.8800,5257.1000,4960.7100,6460012400,87462280000.0000,0.029404,-2.626723
2010-12-01,5090.4000,5116.8400,5139.9600,5071.3500,4082123600,56140960000.0000,0.018581,0.116613
2010-12-02,5175.2600,5138.4900,5192.6300,5135.6700,4774671600,65517110000.0000,0.021733,0.423120
2010-12-03,5135.8300,5100.3700,5145.8100,5052.4300,3763797600,51837130000.0000,0.017129,-0.741854
2010-12-06,5103.8600,5016.5300,5114.0700,4989.2800,3413568000,48188260000.0000,0.015501,-1.643809
2010-12-07,4999.5900,5084.5800,5088.7500,4931.8800,3368159600,46997290000.0000,0.015241,1.356521
2010-12-08,5077.5500,5069.9700,5133.2500,5059.5800,3301617800,46928060000.0000,0.014935,-0.287337
2010-12-09,5047.0400,4964.9000,5047.0400,4964.2500,3503606800,46985520000.0000,0.015849,-2.072405
2010-12-10,4944.9300,5039.1700,5045.9500,4935.2800,3041252800,42161390000.0000,0.013745,1.495902
2010-12-13,5063.0100,5179.0200,5179.5200,5063.0100,4556354800,63884500000.0000,0.020592,2.775261
2010-12-14,5194.9400,5244.0400,5244.5300,5181.2000,4936328400,69983260000.0000,0.022309,1.255450
2010-12-15,5244.8000,5230.6800,5276.1400,5211.7000,4679572400,67483850000.0000,0.021137,-0.254763
2010-12-16,5219.0800,5216.8500,5250.3900,5200.8800,3552044000,49766030000.0000,0.016042,-0.264403
2010-12-17,5212.1400,5228.3400,5230.3300,5187.4000,3041214400,43025440000.0000,0.013731,0.220243
2010-12-20,5246.4200,5163.5300,5264.2100,5043.6600,4558775600,65571500000.0000,0.020581,-1.239592
2010-12-21,5166.3400,5222.7900,5223.4000,5123.2700,4038840800,55801000000.0000,0.018162,1.147669
2010-12-22,5225.7700,5174.5400,5226.1800,5157.3200,4077913600,56958140000.0000,0.018298,-0.923836
2010-12-23,5161.2600,5069.5200,5170.1800,5060.5300,3460813600,47842890000.0000,0.015529,-2.029553
2010-12-24,5046.9400,4991.5400,5046.9400,4947.2200,3095078600,40444070000.0000,0.013880,-1.538212
2010-12-27,4993.3800,4849.6300,5048.6000,4832.5300,3415533600,45458380000.0000,0.015306,-2.843013
2010-12-28,4820.8200,4730.5000,4827.3500,4700.5600,2955424800,37498200000.0000,0.013229,-2.456474
2010-12-29,4730.6300,4812.5300,4813.2400,4723.2900,2147683600,29581710000.0000,0.009611,1.734061
2010-12-30,4810.4400,4828.4900,4846.6500,4777.8400,2353224000,33164300000.0000,0.010529,0.331644
2010-12-31,4833.8900,4936.7200,4936.7200,4833.8900,2765461400,41140460000.0000,0.012373,2.241487
2011-01-04,4964.2100,5011.5000,5012.0600,4938.9400,3699564400,54148800000.0000,0.016265,1.514767
2011-01-05,4989.1100,5028.7700,5038.8700,4964.8700,3475221600,52016620000.0000,0.015262,0.344608
2011-01-06,5026.3300,5001.2800,5047.2600,4992.1700,3123874400,45887130000.0000,0.013717,-0.546659
2011-01-07,4990.7000,4975.1400,5028.2700,4945.7800,3499623200,47227220000.0000,0.015353,-0.522659
2011-01-10,4966.5600,4830.5600,4970.4200,4816.5800,3113786200,43833180000.0000,0.013660,-2.906050
2011-01-11,4811.1600,4804.8200,4815.5000,4747.4900,2750608800,36680620000.0000,0.012067,-0.532862
2011-01-12,4813.4800,4833.5800,4846.9500,4764.4700,2691439800,33842370000.0000,0.011801,0.598571
2011-01-13,4851.6800,4826.7600,4859.5300,4810.9000,2544377200,32453200000.0000,0.011156,-0.141103
2011-01-14,4816.6600,4723.4300,4816.6600,4719.1500,2781177400,36531770000.0000,0.012194,-2.140765
2011-01-17,4690.8800,4519.9100,4691.5700,4507.5700,3067751000,38540850000.0000,0.013450,-4.308733
2011-01-18,4502.0600,4536.9600,4550.2900,4483.5000,1944286600,24231410000.0000,0.008525,0.377216
2011-01-19,4538.9900,4646.0900,4646.0900,4530.6100,2436093800,31999370000.0000,0.010674,2.405353
2011-01-20,4637.7700,4477.3600,4637.7700,4476.5600,2865246400,36214800000.0000,0.012554,-3.631655
2011-01-21,4459.9900,4506.3200,4549.5900,4445.2300,2709504200,33386900000.0000,0.011872,0.646809
2011-01-24,4506.6100,4398.5000,4521.1300,4397.0200,2522068200,32074480000.0000,0.011026,-2.392636
2011-01-25,4390.1600,4341.9100,4392.2100,4307.9100,2133616800,26649040000.0000,0.009328,-1.286571
2011-01-26,4339.8600,4424.8900,4426.2500,4339.8600,1974312400,25235240000.0000,0.008616,1.911140
2011-01-27,4397.9300,4502.8100,4514.4300,4369.8700,2796481600,35608940000.0000,0.012204,1.760946
2011-01-28,4497.8300,4548.2100,4559.3600,4493.8400,2581766400,33231250000.0000,0.011264,1.008257
2011-01-31,4544.3300,4610.8600,4611.0000,4536.1900,2640632200,34065120000.0000,0.011494,1.377463
2011-02-01,4612.4000,4630.5800,4638.6100,4604.9100,2394669600,31851850000.0000,0.010424,0.427691
2011-02-09,4597.5400,4609.7200,4654.5900,4584.9000,2754208400,35874080000.0000,0.011973,-0.450481
2011-02-10,4604.8400,4733.9700,4734.0600,4602.3300,3457824800,43583060000.0000,0.015032,2.695391
2011-02-11,4736.2700,4786.8100,4803.1000,4729.3900,3991598400,51826100000.0000,0.017353,1.116184
2011-02-14,4792.8500,4872.5000,4884.9900,4792.8500,4781513200,62502920000.0000,0.020779,1.790126
2011-02-15,4878.6800,4869.6900,4932.3300,4862.7700,5155704000,68054570000.0000,0.022405,-0.057672
2011-02-16,4860.8900,4952.6700,4952.9500,4855.9500,4467136800,61015680000.0000,0.019406,1.704009
2011-02-17,4962.1300,4987.4800,4990.7500,4917.9500,5044532800,68506790000.0000,0.021914,0.702854
2011-02-18,4977.2200,4941.4300,4984.1800,4915.6700,4290672000,58436570000.0000,0.018667,-0.923308
2011-02-21,4911.8100,5042.9700,5043.2500,4905.3600,4737022000,64040480000.0000,0.020587,2.054871
2011-02-22,5052.3600,4909.7500,5058.7500,4908.2500,5738196000,79490300000.0000,0.024938,-2.641701
2011-02-23,4891.2500,4979.0600,4983.2300,4891.2500,4483006400,61614320000.0000,0.019480,1.411682
2011-02-24,4976.3400,5027.7300,5033.1000,4963.7600,5009068400,65190940000.0000,0.021766,0.977492
2011-02-25,5019.5000,5032.8000,5039.7900,4964.3500,4445544800,57641320000.0000,0.019317,0.100837
2011-02-28,5040.2200,5095.2100,5095.5700,5007.6500,5124278800,66627730000.0000,0.022267,1.240068
2011-03-01,5099.7000,5122.4400,5143.7700,5082.0400,5779841600,77456780000.0000,0.025115,0.534423
2011-03-02,5099.4800,5108.7400,5120.4100,5024.8600,5314279200,70893200000.0000,0.023092,-0.267445
2011-03-03,5106.3900,5009.0500,5124.6100,5000.5400,5171038800,67453580000.0000,0.022419,-1.951370
2011-03-04,5005.5600,5067.6200,5067.9200,4989.6500,4255960400,54570110000.0000,0.018424,1.169290
2011-03-07,5085.4600,5138.2500,5138.6500,5085.4600,5747858800,77165910000.0000,0.024867,1.393749
2011-03-08,5135.3600,5165.7300,5166.3600,5113.0900,5314008000,71456160000.0000,0.022990,0.534812
2011-03-09,5168.1300,5181.3700,5186.0300,5147.8700,5114619600,69096750000.0000,0.022127,0.302767
2011-03-10,5174.0300,5143.4100,5174.0300,5139.7800,5231988800,72055740000.0000,0.022599,-0.732624
2011-03-11,5118.0700,5139.7500,5200.7000,5113.4800,5171933600,70886660000.0000,0.022340,-0.071162
2011-03-14,5127.1400,5190.0400,5190.7300,5111.0100,5341013200,75553120000.0000,0.023047,0.978453
2011-03-15,5178.0900,5131.3300,5178.0900,5016.8800,6333606400,85317310000.0000,0.027331,-1.131204
2011-03-16,5122.2700,5199.3600,5200.0600,5119.1900,5556132000,75781510000.0000,0.023951,1.325773
2011-03-17,5151.6400,5104.1300,5185.4200,5080.5300,5674077600,74999670000.0000,0.024454,-1.831571
2011-03-18,5133.7700,5126.9300,5160.8000,5105.0600,4267683200,57094410000.0000,0.018393,0.446703
2011-03-21,5120.6700,5086.1100,5130.9300,5062.7900,4191967600,55093790000.0000,0.018063,-0.796194
2011-03-22,5093.4100,5085.8100,5102.4300,5020.7500,3910700000,53595290000.0000,0.016851,-0.005895
2011-03-23,5084.7700,5155.3400,5155.5900,5076.7200,4637356000,60690170000.0000,0.019981,1.367133
2011-03-24,5159.2000,5169.2600,5185.5000,5149.6600,4899669200,63827670000.0000,0.021111,0.270010
2011-03-25,5164.8200,5212.3500,5218.0600,5164.7800,5857739600,75047770000.0000,0.025204,0.833588
2011-03-28,5223.0700,5199.5500,5231.7300,5187.4500,6912303200,89292340000.0000,0.029685,-0.245576
2011-03-29,5185.6800,5111.1500,5191.5400,5105.0300,7033332800,87274620000.0000,0.030177,-1.700145
2011-03-30,5101.1100,5064.5400,5117.2200,5036.2900,5362860000,66256110000.0000,0.023001,-0.911925
2011-03-31,5065.1200,5000.4000,5079.2300,4985.0200,4579340400,56201000000.0000,0.019628,-1.266455
2011-04-01,4999.7600,5065.0800,5065.0800,4991.7900,3911730400,48618440000.0000,0.016750,1.293500
2011-04-06,5046.9000,5057.8400,5070.3400,5019.4900,4571476000,58417050000.0000,0.019557,-0.142944
2011-04-07,5056.0900,5089.7500,5090.0200,5045.1900,4496888800,57683810000.0000,0.019237,0.630905
2011-04-08,5087.3100,5148.8000,5149.0500,5079.6500,4537160400,58374690000.0000,0.019404,1.160171
2011-04-11,5157.0700,5107.1400,5162.4900,5102.7100,5261755200,66933360000.0000,0.022469,-0.809114
2011-04-12,5096.5700,5114.4600,5139.0300,5083.3900,5271436400,63128240000.0000,0.022501,0.143325
2011-04-13,5098.6400,5165.2100,5165.4900,5069.3900,4887132800,58014660000.0000,0.020843,0.992285
2011-04-14,5162.3100,5150.8700,5175.2400,5140.0000,4891312000,59275610000.0000,0.020861,-0.277624
2011-04-15,5143.3000,5162.4200,5162.4200,5103.0900,5279411200,63287020000.0000,0.022516,0.224230
2011-04-18,5149.3400,5178.8900,5179.4500,5140.4100,5646023200,69014030000.0000,0.024049,0.319041
2011-04-19,5149.6600,5116.1400,5153.5600,5095.6000,6401797600,77177180000.0000,0.027240,-1.211650
2011-04-20,5116.1100,5152.4000,5154.7400,5116.1100,5087671600,63372010000.0000,0.021648,0.708733
2011-04-21,5169.6200,5188.1100,5191.0100,5159.9600,5383070800,67225990000.0000,0.022865,0.693074
2011-04-22,5187.7600,5165.1200,5193.2100,5150.4200,5498767200,65818520000.0000,0.023355,-0.443124
2011-04-25,5152.0700,5054.7700,5152.0700,5054.7700,5011404400,60598400000.0000,0.021266,-2.136448
2011-04-26,5033.7900,4970.5700,5047.3400,4943.0600,3925772000,46731470000.0000,0.016604,-1.665757
2011-04-27,4977.9500,4913.5000,5003.8600,4872.5100,4112825600,47874250000.0000,0.017370,-1.148155
2011-04-28,4920.9400,4755.4200,4937.1100,4752.4100,4077560000,46696460000.0000,0.017198,-3.217260
2011-04-29,4749.5300,4836.8700,4837.0000,4738.4500,3011031000,34952310000.0000,0.012689,1.712787
2011-05-03,4836.8600,4920.5700,4920.7100,4816.0200,3546053600,42337030000.0000,0.014943,1.730452
2011-05-04,4900.4400,4814.7800,4900.4400,4798.4100,4062791600,48501420000.0000,0.017117,-2.149955
2011-05-05,4792.1300,4827.2100,4842.3700,4784.7000,3470003200,39948590000.0000,0.014617,0.258167
2011-05-06,4787.5200,4849.9700,4874.9800,4764.8400,3690577200,43482350000.0000,0.015521,0.471499
2011-05-09,4855.8400,4889.9200,4897.7600,4855.8400,3456250800,41948700000.0000,0.014527,0.823710
2011-05-10,4893.9500,4918.6700,4918.8700,4871.4500,3522454400,41590100000.0000,0.014773,0.587944
2011-05-11,4919.2400,4929.4900,4949.0200,4880.3100,4237492400,49759160000.0000,0.017729,0.219984
2011-05-12,4896.3400,4863.7900,4940.8200,4863.1200,4735557200,54364100000.0000,0.019785,-1.332799
2011-05-13,4860.0300,4902.5600,4903.1100,4817.8300,4246408400,49201040000.0000,0.017715,0.797115
2011-05-16,4900.0000,4900.7100,4931.1300,4892.2400,4099534400,47185720000.0000,0.017087,-0.037737
2011-05-17,4892.2900,4873.9500,4912.7100,4823.0600,4686059600,53375980000.0000,0.019531,-0.546039
2011-05-18,4859.3200,4906.1900,4907.7500,4850.4500,3608075200,40258340000.0000,0.015029,0.661470
2011-05-19,4912.8100,4879.8900,4929.2100,4875.8000,3468265600,40656810000.0000,0.014400,-0.536053
2011-05-20,4875.0800,4863.1900,4886.5900,4837.9800,3021996400,36148820000.0000,0.012528,-0.342225
2011-05-23,4853.9000,4679.5300,4853.9200,4677.4600,4285262400,46854850000.0000,0.017708,-3.776537
2011-05-24,4656.0100,4672.0800,4676.8400,4590.1300,3287198000,36938120000.0000,0.013576,-0.159198
2011-05-25,4667.6400,4618.7500,4689.6900,4613.6800,3418169200,37355370000.0000,0.014087,-1.141463
2011-05-26,4635.9500,4572.9400,4662.2900,4572.3200,3570184000,40354800000.0000,0.014650,-0.991828
2011-05-27,4561.7700,4428.8900,4567.2300,4425.7600,3390238400,37048760000.0000,0.013896,-3.150048
2011-05-30,4403.0000,4345.0500,4427.0000,4339.0800,2659257600,28052720000.0000,0.010897,-1.893033
2011-05-31,4347.9900,4444.2800,4444.5900,4339.6300,2647238400,28524370000.0000,0.010841,2.283748
2011-06-01,4439.3900,4490.8900,4494.0000,4424.2000,2746729400,29745700000.0000,0.011248,1.048772
2011-06-02,4434.8600,4430.0000,4452.5300,4363.9000,3038598800,32797880000.0000,0.012437,-1.355859
2011-06-03,4425.4900,4506.2000,4514.3100,4424.2000,2671969200,29894910000.0000,0.010855,1.720095
2011-06-07,4496.9600,4547.3000,4548.2200,4490.6200,2535242800,29192310000.0000,0.010299,0.912068
2011-06-08,4542.7000,4562.9700,4568.2900,4486.6500,2969370400,33398440000.0000,0.012049,0.344609
2011-06-09,4552.0700,4456.7300,4553.7100,4456.5900,3012745200,33502490000.0000,0.012217,-2.328313
2011-06-10,4442.5100,4469.0500,4469.5800,4383.2000,2716272800,29456670000.0000,0.010965,0.276432
2011-06-13,4439.8700,4468.7900,4475.6900,4408.0600,2290297400,25594240000.0000,0.009230,-0.005813
2011-06-14,4466.9900,4540.9400,4546.7300,4461.5300,2995558400,33903980000.0000,0.012048,1.614529
2011-06-15,4531.3600,4499.6900,4562.0400,4498.7800,2954781200,33518280000.0000,0.011861,-0.908402
2011-06-16,4461.2600,4402.1400,4466.7800,4396.2100,2790606800,30663430000.0000,0.011200,-2.167923
2011-06-17,4392.9800,4337.3700,4415.1600,4332.4900,2282689600,25191630000.0000,0.009145,-1.471330
2011-06-20,4325.6000,4278.7500,4333.5700,4251.1100,2158850400,23481560000.0000,0.008625,-1.351513
2011-06-21,4286.3600,4338.4200,4338.8500,4269.9200,2444865600,26823920000.0000,0.009765,1.394564
2011-06-22,4341.3600,4321.2200,4350.9200,4300.6400,2228088000,24496080000.0000,0.008890,-0.396451
2011-06-23,4307.8100,4402.9400,4411.8600,4276.7300,2927737600,33040750000.0000,0.011645,1.891126
2011-06-24,4390.0900,4509.1800,4533.7100,4381.8000,4592928400,53141870000.0000,0.018260,2.412939
2011-06-27,4511.7600,4568.1900,4578.3200,4510.7200,3916460400,47102990000.0000,0.015559,1.308658
2011-06-28,4569.7600,4574.4800,4582.6200,4529.1800,3231001200,40115210000.0000,0.012831,0.137692
2011-06-29,4570.8400,4511.5400,4583.4900,4511.2800,3396370400,41337680000.0000,0.013477,-1.375893
2011-06-30,4506.7500,4579.3300,4585.2600,4506.7400,3273795000,39545280000.0000,0.012969,1.502592
2011-07-01,4589.1700,4604.7500,4635.2500,4582.3300,3882020000,44850870000.0000,0.014623,0.555101
2011-07-04,4617.9500,4719.3900,4719.5700,4617.9500,5031479200,59892750000.0000,0.018936,2.489606
2011-07-05,4722.3300,4749.4200,4758.0800,4711.1700,4606850800,56956110000.0000,0.017322,0.636306
2011-07-06,4742.1700,4760.9200,4763.2400,4705.3800,4330434000,54362840000.0000,0.016276,0.242135
2011-07-07,4757.0700,4761.4500,4813.3400,4742.3700,4850316000,61550740000.0000,0.018220,0.011138
2011-07-08,4755.7500,4756.6100,4769.5500,4720.2300,3641059600,46150260000.0000,0.013677,-0.101657
2011-07-11,4741.9800,4799.4200,4802.4400,4728.4900,3725219200,47482950000.0000,0.013970,0.900012
2011-07-12,4762.0900,4731.1200,4771.5900,4727.6700,4142080400,51231810000.0000,0.015498,-1.423084
2011-07-13,4729.2000,4825.4200,4825.5000,4729.2000,4023526800,52157710000.0000,0.015049,1.993181
2011-07-14,4833.7500,4866.1700,4866.2400,4813.4900,4613078400,59868160000.0000,0.017214,0.844486
2011-07-15,4853.7500,4896.0400,4896.1000,4842.7900,4781930400,60113470000.0000,0.017837,0.613832
2011-07-18,4902.2200,4895.2600,4919.1400,4876.4800,4843666400,61013030000.0000,0.018063,-0.015937
2011-07-19,4871.6800,4843.7100,4871.9300,4822.4500,4150607200,52479130000.0000,0.015479,-1.053056
2011-07-20,4864.2800,4849.0600,4881.4600,4801.6100,3945111200,49231210000.0000,0.014707,0.110454
2011-07-21,4846.3400,4784.3900,4850.5500,4782.4000,3879897200,48315270000.0000,0.014464,-1.333659
2011-07-22,4791.4600,4800.9400,4822.8100,4781.4100,3316057600,41208480000.0000,0.012353,0.345913
2011-07-25,4784.9700,4613.7300,4784.9700,4597.7400,4350413200,53033110000.0000,0.016212,-3.899444
2011-07-26,4604.9900,4633.3700,4634.3100,4576.9300,2841260600,35524790000.0000,0.010588,0.425689
2011-07-27,4621.5000,4710.3800,4716.3000,4596.4300,3221238600,41177210000.0000,0.011983,1.662068
2011-07-28,4670.9200,4680.9000,4685.4600,4633.6700,3191405200,39438280000.0000,0.011864,-0.625852
2011-07-29,4678.7800,4628.3200,4694.0600,4611.9000,2939857200,35749770000.0000,0.010928,-1.123290
2011-08-01,4622.7000,4644.4600,4665.1800,4607.5600,2498278200,30911950000.0000,0.009276,0.348726
2011-08-02,4627.3800,4610.7800,4627.3800,4539.4300,3058629000,36411290000.0000,0.011353,-0.725169
2011-08-03,4565.7500,4625.1700,4638.6400,4551.4800,2743907600,33753670000.0000,0.010185,0.312098
2011-08-04,4631.4200,4649.4200,4671.0000,4631.2800,2591344000,32336770000.0000,0.009619,0.524305
2011-08-05,4504.0800,4559.0200,4589.0800,4472.6200,3073141000,37051060000.0000,0.011407,-1.944326
2011-08-08,4494.3800,4330.7700,4514.6200,4242.8700,4171750400,47671240000.0000,0.015449,-5.006558
2011-08-09,4199.1300,4317.1100,4347.3100,4113.0100,3800449600,42407590000.0000,0.014074,-0.315421
2011-08-10,4389.1500,4378.7000,4433.0900,4372.6400,3826854400,44611390000.0000,0.014168,1.426656
2011-08-11,4283.2400,4454.3900,4454.4800,4270.6200,3754621600,44112400000.0000,0.013901,1.728594
2011-08-12,4483.8500,4505.8900,4526.5000,4480.1200,4038279600,45582700000.0000,0.014937,1.156163
2011-08-15,4514.6500,4571.7200,4571.7200,4509.6300,3616918400,41582670000.0000,0.013359,1.460978
2011-08-16,4578.3500,4533.3200,4587.1400,4520.9400,3480351600,39678120000.0000,0.012844,-0.839955
2011-08-17,4520.6900,4513.4800,4543.8800,4499.1600,2810194000,31574730000.0000,0.010371,-0.437645
2011-08-18,4510.1300,4436.1000,4516.0400,4434.9900,2952560800,34011870000.0000,0.010879,-1.714417
2011-08-19,4341.1900,4395.0200,4395.6000,4325.0400,2742939200,31323760000.0000,0.010106,-0.926040
2011-08-22,4395.0300,4363.9600,4435.3000,4348.6700,2447683200,28476380000.0000,0.009018,-0.706710
2011-08-23,4376.2600,4434.9200,4435.2100,4365.8400,2559515200,28778800000.0000,0.009423,1.626045
2011-08-24,4453.4300,4427.9800,4474.1000,4420.2900,2778394800,32055870000.0000,0.010223,-0.156484
2011-08-25,4432.4000,4520.1700,4520.1700,4421.6000,3411412000,37996160000.0000,0.012548,2.081986
2011-08-26,4506.0900,4530.4200,4541.4600,4496.1800,3070925200,35536320000.0000,0.011296,0.226761
2011-08-29,4509.8900,4490.1600,4512.6500,4481.2900,3022034400,36063820000.0000,0.011100,-0.888654
2011-08-30,4511.2500,4451.7300,4541.5600,4450.7300,3137815200,35566200000.0000,0.011525,-0.855875
2011-08-31,4449.6800,4430.5400,4468.1400,4386.6300,2442128400,28252290000.0000,0.008970,-0.475993
2011-09-01,4435.3300,4395.0700,4457.0500,4379.1000,2280109400,25315430000.0000,0.008375,-0.800584
2011-09-02,4387.3000,4344.9800,4399.8500,4317.6400,2096877200,23594980000.0000,0.007702,-1.139683
2011-09-05,4305.4400,4238.0700,4305.4400,4237.4400,2101343200,23581470000.0000,0.007718,-2.460544
2011-09-06,4205.0900,4204.9100,4238.2900,4185.8000,1728596000,19472180000.0000,0.006349,-0.782424
2011-09-07,4221.9900,4306.3600,4306.4600,4219.8500,2348642800,26743460000.0000,0.008626,2.412649
2011-09-08,4320.5300,4260.1500,4328.2100,4260.1400,2232336600,26309400000.0000,0.008199,-1.073063
2011-09-09,4256.4800,4233.7500,4295.1000,4216.4200,1818236000,21252330000.0000,0.006678,-0.619694
2011-09-13,4176.3000,4164.2900,4176.8800,4136.9700,1806230800,20773030000.0000,0.006634,-1.640625
2011-09-14,4176.0400,4212.1300,4212.2900,4111.1200,1900626800,21495190000.0000,0.006980,1.148812
2011-09-15,4215.3700,4215.5000,4249.5400,4206.8800,2038122400,22285380000.0000,0.007485,0.080010
2011-09-16,4229.0000,4214.8200,4249.1700,4212.2900,1765427800,19378100000.0000,0.006484,-0.016135
2011-09-19,4200.4800,4131.8800,4200.4800,4131.3100,1779025200,18822800000.0000,0.006533,-1.967817
2011-09-20,4121.0400,4151.8500,4168.2400,4101.7000,1771203200,19402480000.0000,0.006505,0.483320
2011-09-21,4150.8200,4275.0900,4279.1200,4140.3400,3021211600,33467300000.0000,0.011083,2.968309
2011-09-22,4241.4200,4151.8000,4258.6100,4151.1200,2749161200,30429890000.0000,0.010080,-2.883917
2011-09-23,4079.0600,4117.7300,4134.2200,4061.8300,2324573600,25226450000.0000,0.008523,-0.820604
2011-09-26,4102.6100,4051.4300,4138.3500,4039.5500,1974480200,21132710000.0000,0.007225,-1.610112
2011-09-27,4077.2300,4068.2300,4098.0200,4027.7100,1927412800,20861060000.0000,0.007052,0.414670
2011-09-28,4088.7800,3999.7800,4099.3400,3987.2700,2029203000,21541150000.0000,0.007424,-1.682549
2011-09-29,3977.1400,3871.0600,3977.1400,3868.9400,2206161600,22042640000.0000,0.008071,-3.218176
2011-09-30,3875.0200,3856.8300,3892.3800,3818.2500,1675697400,16659140000.0000,0.006130,-0.367599
2011-10-10,3866.8600,3832.5800,3882.7800,3822.2800,1375316900,13729540000.0000,0.005031,-0.628755
2011-10-11,3919.4400,3817.9300,3942.0500,3778.5200,2001915600,20357000000.0000,0.007320,-0.382253
2011-10-12,3803.9600,3950.6600,3953.1400,3768.1100,2700203000,26704930000.0000,0.009874,3.476491
2011-10-13,3943.1600,4001.8500,4009.7800,3929.8300,2875288000,28973990000.0000,0.010514,1.295738
2011-10-14,3994.7300,3985.1900,4004.9300,3948.4400,2210043600,22765260000.0000,0.008081,-0.416311
2011-10-17,3993.7500,3997.1200,4024.2400,3974.3800,2181506400,23179080000.0000,0.007977,0.299363
2011-10-18,3974.4600,3877.0200,3974.8900,3873.3700,2445386800,25484030000.0000,0.008942,-3.004666
2011-10-19,3882.0200,3854.1700,3898.8100,3837.2400,1970181600,20646770000.0000,0.007204,-0.589373
2011-10-20,3841.2600,3740.4700,3841.2600,3710.9500,2260114400,22251410000.0000,0.008264,-2.950050
2011-10-21,3733.7000,3671.7000,3743.3400,3669.6900,1721008400,17468450000.0000,0.006293,-1.838540
2011-10-24,3675.7200,3736.7600,3736.7600,3605.9400,2302872200,22517380000.0000,0.008397,1.771933
2011-10-25,3735.6300,3842.9800,3850.0800,3726.2500,3263863600,32561910000.0000,0.011897,2.842569
2011-10-26,3818.2400,3884.3900,3921.2500,3808.3000,3889021600,40003640000.0000,0.014175,1.077547
2011-10-27,3890.2600,3888.9900,3927.4400,3872.9000,3301148000,32383180000.0000,0.012022,0.118425
2011-10-28,3932.8500,3978.8000,3978.8000,3918.3600,4318106800,42493340000.0000,0.015720,2.309341
2011-10-31,3975.0700,3999.3600,4004.3900,3963.2700,3618261600,37930900000.0000,0.013165,0.516740
2011-11-01,3963.3700,3999.8300,4020.4600,3950.7400,3391698400,35462160000.0000,0.012341,0.011751
2011-11-02,3937.9000,4072.7800,4073.1200,3919.6900,4297387600,45423440000.0000,0.015632,1.823826
2011-11-03,4085.5000,4097.6200,4150.0400,4085.3100,5758644800,62198880000.0000,0.020947,0.609905
2011-11-04,4115.1000,4131.1300,4140.6300,4093.9200,4211797600,44006590000.0000,0.015320,0.817786
2011-11-07,4125.0200,4114.7700,4159.9700,4107.5600,3247751400,33985130000.0000,0.011814,-0.396014
2011-11-08,4115.7700,4057.5500,4125.0900,4049.8100,3057045600,31440830000.0000,0.011120,-1.390599
2011-11-09,4065.2000,4126.0000,4126.0000,4025.7200,3218422400,35226760000.0000,0.011707,1.686977
2011-11-10,4080.3600,4064.3700,4112.3700,4063.7500,3452368000,37440700000.0000,0.012558,-1.493696
2011-11-11,4069.4000,4062.1400,4096.5700,4043.7600,2918880000,30696090000.0000,0.010617,-0.054873
2011-11-14,4092.0500,4159.5700,4159.7000,4092.0500,3512701600,38190180000.0000,0.012775,2.398488
2011-11-15,4159.1600,4192.6700,4192.7700,4153.3300,3516144000,37557790000.0000,0.012788,0.795758
2011-11-16,4194.3800,4088.3200,4195.2900,4070.9000,3835667600,39415700000.0000,0.013950,-2.488864
2011-11-17,4086.5100,4079.5400,4125.8500,4066.1200,2924785200,29954120000.0000,0.010637,-0.214759
2011-11-18,4054.4600,3963.2600,4054.4600,3955.0600,2996717600,30085060000.0000,0.010894,-2.850322
2011-11-21,3956.3900,3966.6400,3966.8100,3917.0300,2048320000,20729220000.0000,0.007446,0.085280
2011-11-22,3932.5000,3957.9300,3960.5500,3902.1300,2017532400,20552300000.0000,0.007334,-0.219580
2011-11-23,3964.1400,3942.7000,3978.4700,3932.4400,2043581600,21242540000.0000,0.007427,-0.384797
2011-11-24,3909.3900,3935.2700,3957.8800,3880.5800,2110914400,21606420000.0000,0.007675,-0.188448
2011-11-25,3931.1000,3911.3600,3960.8500,3899.0600,1914147400,20036400000.0000,0.006954,-0.607580
2011-11-28,3916.0000,3915.3000,3932.4000,3885.6900,1850107200,19728500000.0000,0.006719,0.100731
2011-11-29,3945.3600,3980.6200,3980.6200,3929.0200,2275247200,25150760000.0000,0.008263,1.668329
2011-11-30,3974.7300,3819.9400,3974.7300,3776.5900,3011637400,30503780000.0000,0.010937,-4.036561
2011-12-01,3923.1700,3897.0200,3960.3400,3885.8700,3494188400,36012450000.0000,0.012690,2.017835
2011-12-02,3878.0100,3817.0400,3878.0100,3797.2800,2321019200,24121570000.0000,0.008429,-2.052337
2011-12-05,3806.4700,3692.2300,3807.0500,3682.0600,2016211200,20272060000.0000,0.007321,-3.269813
2011-12-06,3679.7400,3691.8000,3704.3400,3646.0700,1703889200,17303460000.0000,0.006184,-0.011644
2011-12-07,3689.0500,3702.1000,3718.7100,3674.5300,1532657400,15832820000.0000,0.005562,0.278998
2011-12-08,3695.8700,3700.0900,3732.2200,3635.5500,1949426400,20023530000.0000,0.007075,-0.054294
2011-12-09,3672.5900,3663.8400,3706.2500,3651.7000,1535836600,15483300000.0000,0.005565,-0.979706
2011-12-12,3663.5600,3616.0900,3675.9500,3612.6400,1409450300,14352800000.0000,0.005107,-1.303277
2011-12-13,3597.0900,3490.4000,3597.0900,3482.2300,2035264800,19228830000.0000,0.007372,-3.475859
2011-12-14,3477.0500,3423.4700,3505.8800,3416.7100,1545233400,14694840000.0000,0.005595,-1.917543
2011-12-15,3401.5000,3329.5700,3401.5000,3324.8800,1986821600,17292580000.0000,0.007194,-2.742828
2011-12-16,3328.2100,3427.2100,3427.3400,3324.5900,1922565800,17451380000.0000,0.006941,2.932508
2011-12-19,3408.5600,3434.8500,3436.6300,3348.2600,1938126400,18599690000.0000,0.006996,0.222926
2011-12-20,3422.7600,3424.4500,3474.0900,3415.3500,1995588600,18949760000.0000,0.007196,-0.302783
2011-12-21,3449.3700,3342.4000,3463.3200,3340.3300,1775050000,16974520000.0000,0.006399,-2.396007
2011-12-22,3315.8400,3298.7200,3331.4200,3196.8400,2191627000,19245550000.0000,0.007900,-1.306843
2011-12-23,3286.4500,3327.3900,3357.4300,3271.4400,1899617600,17194870000.0000,0.006840,0.869123
2011-12-26,3321.9800,3308.0700,3357.3600,3307.2900,1547683700,14116220000.0000,0.005567,-0.580630
2011-12-27,3297.4100,3224.1500,3297.4100,3218.5400,1587409700,14406430000.0000,0.005706,-2.536832
2011-12-28,3201.3100,3207.4000,3208.9100,3128.1500,1744064800,15681880000.0000,0.006268,-0.519517
2011-12-29,3190.1900,3207.1800,3225.0000,3180.0600,1522092700,13700900000.0000,0.005451,-0.006858
2011-12-30,3214.2000,3266.7700,3267.6500,3214.2000,1778426400,16227110000.0000,0.006368,1.858021
2012-01-04,3290.8200,3192.2300,3300.0100,3191.9900,1834284000,16558480000.0000,0.006280,-2.281766
2012-01-05,3173.0100,3074.3700,3173.0100,3070.4500,1996570000,17605630000.0000,0.006835,-3.692086
2012-01-06,3060.4500,3087.5500,3087.5500,3002.9800,1781812400,15411280000.0000,0.006085,0.428704
2012-01-09,3089.4500,3212.9000,3213.0500,3056.1900,2561640800,21836480000.0000,0.008747,4.059849
2012-01-10,3211.5700,3345.3900,3345.4200,3202.9700,3938752000,33770380000.0000,0.013446,4.123689
2012-01-11,3342.5500,3346.7400,3367.4000,3315.6700,3390170800,29469380000.0000,0.011573,0.040357
2012-01-12,3330.9000,3345.8100,3388.3900,3323.1400,2906987600,25769060000.0000,0.009924,-0.027786
2012-01-13,3343.5300,3233.7000,3349.6800,3210.3200,2810865600,25418150000.0000,0.009596,-3.350761
2012-01-16,3201.0100,3130.5600,3217.3700,3130.3200,1877546600,16673440000.0000,0.006404,-3.189532
2012-01-17,3128.5100,3304.8800,3305.0000,3110.3600,3014850400,26730970000.0000,0.010283,5.568327
2012-01-18,3310.0400,3237.8500,3342.3700,3223.9900,3082551600,28811470000.0000,0.010487,-2.028206
2012-01-19,3230.8800,3270.7600,3288.2000,3208.0500,2297402600,21257560000.0000,0.007818,1.016412
2012-01-20,3276.4800,3315.6000,3323.1200,3267.0300,2206734800,20622240000.0000,0.007510,1.370938
2012-01-30,3326.6100,3292.4100,3337.0600,3290.5400,1875438400,17403930000.0000,0.006379,-0.699426
2012-01-31,3284.9000,3294.4900,3297.1900,3251.4200,1829072000,16950570000.0000,0.006221,0.063178
2012-02-01,3287.2200,3266.2300,3318.3700,3255.6300,1823640000,17016880000.0000,0.006202,-0.857796
2012-02-02,3271.5900,3328.1500,3328.2500,3266.9600,2178790400,20477690000.0000,0.007410,1.895761
2012-02-03,3324.4000,3383.0500,3390.3300,3315.6900,3216831200,29174360000.0000,0.010941,1.649570
2012-02-06,3387.2200,3412.4100,3420.0000,3381.7600,3124920400,28696540000.0000,0.010628,0.867852
2012-02-07,3397.7700,3356.8400,3397.7700,3333.6400,2681577800,24398880000.0000,0.009120,-1.628463
2012-02-08,3351.0400,3445.5200,3445.5200,3341.7100,3352194800,30900930000.0000,0.011401,2.641768
2012-02-09,3441.7900,3469.8500,3501.4000,3434.8100,4389821200,38568200000.0000,0.014930,0.706137
2012-02-10,3463.9700,3488.2300,3506.3400,3459.1300,3978319200,33789990000.0000,0.013530,0.529702
2012-02-13,3458.8100,3519.8800,3535.5200,3441.3300,3823807600,34181460000.0000,0.013004,0.907334
2012-02-14,3516.6100,3524.6300,3529.4900,3493.9100,3590482400,32042250000.0000,0.012211,0.134948
2012-02-15,3518.7900,3578.1500,3580.2800,3505.3600,4362572800,38706700000.0000,0.014836,1.518458
2012-02-16,3572.3200,3577.2000,3607.7500,3540.8500,4377796400,38463840000.0000,0.014888,-0.026549
2012-02-17,3582.5100,3565.3100,3596.8700,3530.9600,3280805200,29749170000.0000,0.011158,-0.332380
2012-02-20,3610.7400,3574.4600,3618.6800,3573.2300,4039259600,37488620000.0000,0.013737,0.256637
2012-02-21,3569.2300,3618.3000,3618.3300,3533.1100,3680377600,35274800000.0000,0.012516,1.226481
2012-02-22,3617.1800,3689.0000,3689.1300,3616.1100,5179167200,49097360000.0000,0.017600,1.953955
2012-02-23,3686.7300,3700.8900,3711.1200,3662.4200,4694868800,44736280000.0000,0.015955,0.322307
2012-02-24,3698.6800,3756.8200,3757.5200,3689.3600,5658942800,50490320000.0000,0.019231,1.511263
2012-02-27,3767.6000,3764.3300,3822.2600,3764.1700,6574951200,60250940000.0000,0.022344,0.199903
2012-02-28,3748.3400,3745.5800,3761.7300,3696.2100,4900866400,45786330000.0000,0.016698,-0.498097
2012-02-29,3733.6300,3696.1400,3750.4600,3691.9800,4041516000,38654070000.0000,0.013770,-1.319961
2012-03-01,3679.0400,3715.6700,3737.7200,3675.2700,3563680800,35193210000.0000,0.012136,0.528390
2012-03-02,3719.9600,3794.4200,3794.5800,3719.9600,4623462800,43320800000.0000,0.015745,2.119402
2012-03-05,3805.6800,3798.3800,3825.7200,3793.6900,4910451600,49308630000.0000,0.016718,0.104363
2012-03-06,3786.1600,3760.5900,3786.1600,3729.6000,4563923600,44441680000.0000,0.015538,-0.994892
2012-03-07,3718.7600,3732.7100,3780.4800,3707.7900,4210384000,40740340000.0000,0.014334,-0.741376
2012-03-08,3741.4800,3791.8300,3803.3700,3741.4800,4320005200,41665570000.0000,0.014597,1.583839
2012-03-09,3802.0900,3848.1100,3848.1100,3787.9100,4400341600,45267030000.0000,0.014867,1.484244
2012-03-12,3852.6100,3871.1200,3876.1700,3839.4300,4707843600,48889180000.0000,0.015873,0.597956
2012-03-13,3867.9700,3910.0600,3910.0600,3856.4100,4749636800,48173800000.0000,0.016014,1.005909
2012-03-14,3924.4900,3734.3200,3945.3100,3709.0900,7659077600,75735360000.0000,0.025823,-4.494560
2012-03-15,3726.3700,3689.0100,3754.7300,3635.6800,5089393600,49662280000.0000,0.017145,-1.213342
2012-03-16,3693.3200,3786.6200,3786.6200,3687.8100,4553522400,46476800000.0000,0.015340,2.645970
2012-03-19,3788.3900,3829.7000,3830.0200,3762.3000,4540098400,46051570000.0000,0.015291,1.137686
2012-03-20,3819.7200,3746.2800,3819.7200,3744.8100,4141484000,40150690000.0000,0.013962,-2.178236
2012-03-21,3757.0000,3760.0500,3782.4100,3700.4900,4028183200,40580030000.0000,0.013580,0.367565
2012-03-22,3754.8700,3742.3900,3769.3700,3720.6900,3365333600,32386030000.0000,0.011346,-0.469679
2012-03-23,3727.1500,3670.1300,3728.6200,3652.2300,3286979200,32760560000.0000,0.011076,-1.930852
2012-03-26,3661.3900,3666.2800,3680.2900,3635.6700,2488481600,24389780000.0000,0.008383,-0.104897
2012-03-27,3681.7400,3652.8800,3699.1600,3648.7500,2610910400,26289400000.0000,0.008795,-0.365497
2012-03-28,3638.7700,3490.0100,3638.7700,3483.5800,3627013600,33716860000.0000,0.012212,-4.458670
2012-03-29,3471.3600,3425.7000,3482.3300,3391.7900,3080146600,27533080000.0000,0.010371,-1.842690
2012-03-30,3422.8100,3416.8600,3445.4700,3383.5300,2482601600,22391170000.0000,0.008359,-0.258045
2012-04-05,3420.0300,3531.5500,3532.0800,3412.4400,2935244800,27863140000.0000,0.009883,3.356589
2012-04-06,3530.6300,3554.0300,3570.5900,3520.8900,3006546600,28823070000.0000,0.010123,0.636547
2012-04-09,3544.0100,3512.9100,3563.3400,3512.3700,2582002800,24129540000.0000,0.008665,-1.157000
2012-04-10,3496.1300,3554.0400,3554.2200,3432.3600,2882622400,26870290000.0000,0.009669,1.170828
2012-04-11,3513.5000,3566.4800,3582.9500,3497.9400,3272145200,28859090000.0000,0.010976,0.350023
2012-04-12,3568.8100,3640.4100,3640.4100,3561.0500,4179733600,36669800000.0000,0.014010,2.072910
2012-04-13,3653.6000,3675.0300,3695.1300,3643.4700,4822225600,43090840000.0000,0.016163,0.950995
2012-04-16,3644.6700,3685.4800,3702.4200,3632.8500,4422581600,36964600000.0000,0.014799,0.284350
2012-04-17,3679.9200,3631.5600,3702.8400,3629.8200,4285433200,36903710000.0000,0.014340,-1.463037
2012-04-18,3637.5500,3714.0200,3717.5400,3632.6700,4425444800,40078270000.0000,0.014808,2.270648
2012-04-19,3712.5300,3704.7100,3728.8700,3684.8600,4036202400,37179640000.0000,0.013506,-0.250673
2012-04-20,3696.6600,3736.3700,3743.4900,3684.2300,4583036000,40816950000.0000,0.015311,0.854592
2012-04-23,3731.5500,3691.5700,3739.1500,3673.3100,5316740800,48706480000.0000,0.017646,-1.199026
2012-04-24,3658.6200,3666.4000,3709.3700,3557.7800,5573181600,47971460000.0000,0.018411,-0.681828
2012-04-25,3654.7500,3718.9100,3728.5500,3645.0700,6291045600,51233980000.0000,0.020771,1.432195
2012-04-26,3720.7400,3700.0300,3729.9100,3683.4300,5345881600,45543810000.0000,0.017636,-0.507672
2012-04-27,3690.1600,3664.6400,3699.1000,3659.1100,3884701600,33650580000.0000,0.012816,-0.956482
2012-05-02,3707.8200,3718.2600,3735.9000,3674.9600,4765640400,43664800000.0000,0.015722,1.463176
2012-05-03,3707.5000,3733.8200,3735.3200,3701.2000,4161312000,39330400000.0000,0.013725,0.418477
2012-05-04,3730.7200,3758.0000,3761.9700,3713.9900,4067145200,38353510000.0000,0.013404,0.647592
2012-05-07,3741.6600,3784.5600,3784.5700,3733.8400,4231275600,41857420000.0000,0.013938,0.706761
2012-05-08,3783.0800,3783.4700,3798.0500,3752.3900,4079656400,40679490000.0000,0.013418,-0.028804
2012-05-09,3759.3900,3717.4700,3759.3900,3716.1300,3933110400,38601950000.0000,0.012933,-1.744430
2012-05-10,3713.4000,3731.1300,3744.5200,3713.3100,3239118000,32987980000.0000,0.010639,0.367452
2012-05-11,3727.5900,3715.3900,3753.8100,3715.0600,3236016000,33147920000.0000,0.010622,-0.421856
2012-05-14,3745.8300,3710.1000,3760.8800,3706.1600,3797367600,37554330000.0000,0.012464,-0.142375
2012-05-15,3679.3400,3705.8800,3705.9000,3652.8700,3311038200,33030110000.0000,0.010868,-0.113749
2012-05-16,3696.6100,3660.3100,3707.8100,3660.0300,3259432600,32499780000.0000,0.010675,-1.229663
2012-05-17,3656.8200,3714.1900,3716.7100,3643.7900,3667487200,33943680000.0000,0.012008,1.472003
2012-05-18,3691.6400,3655.8600,3710.4100,3645.9100,3775156800,33551300000.0000,0.012358,-1.570459
2012-05-21,3650.9200,3653.5500,3676.9700,3616.9100,3149620000,29390750000.0000,0.010284,-0.063188
2012-05-22,3666.1400,3711.0500,3711.0500,3666.1400,3453119200,33824170000.0000,0.011270,1.573812
2012-05-23,3702.8100,3708.9200,3723.1900,3670.0300,4001372400,41259210000.0000,0.013053,-0.057400
2012-05-24,3697.9200,3678.0900,3720.4400,3668.2700,3748289600,36857600000.0000,0.012214,-0.831235
2012-05-25,3675.5100,3635.5200,3683.6300,3622.1000,3569443600,32618810000.0000,0.011618,-1.157396
2012-05-28,3622.1300,3687.4600,3687.5200,3568.0300,4196548400,37034550000.0000,0.013625,1.428680
2012-05-29,3686.5700,3745.6800,3748.4400,3683.5200,4761059200,47322150000.0000,0.015441,1.578864
2012-05-30,3739.0400,3752.2200,3764.6400,3734.2500,3961972000,38201410000.0000,0.012849,0.174602
2012-05-31,3732.4700,3753.5900,3775.3700,3722.0400,3678437600,36618470000.0000,0.011910,0.036515
2012-06-01,3752.0200,3744.4400,3769.5200,3725.2800,3495140000,34091590000.0000,0.011317,-0.243771
2012-06-04,3684.0400,3621.8100,3707.3100,3621.8100,3714006400,35613340000.0000,0.012008,-3.274986
2012-06-05,3625.1400,3617.6100,3646.5100,3603.3700,2779218400,27159400000.0000,0.008984,-0.115963
2012-06-06,3621.6400,3600.1600,3638.5600,3585.5300,2540550000,24367240000.0000,0.008211,-0.482368
2012-06-07,3635.5700,3581.1400,3647.2800,3572.4900,2562953600,24059750000.0000,0.008283,-0.528310
2012-06-08,3615.1100,3564.1600,3618.7700,3557.0400,2618254000,24632330000.0000,0.008453,-0.474150
2012-06-11,3565.3400,3630.3100,3630.9600,3554.1900,2678314400,26395400000.0000,0.008635,1.855981
2012-06-12,3611.9200,3608.3900,3628.2400,3594.6100,2531887600,23442260000.0000,0.008141,-0.603810
2012-06-13,3615.7100,3674.8800,3674.8800,3610.6400,3170999200,29468860000.0000,0.010167,1.842650
2012-06-14,3669.0400,3652.7100,3693.9000,3650.0300,3056998800,30953320000.0000,0.009802,-0.603283
2012-06-15,3657.7900,3648.9900,3674.4500,3604.0900,2782101800,27690670000.0000,0.008920,-0.101841
2012-06-18,3663.1400,3684.7300,3691.9300,3662.2200,2620301000,26269670000.0000,0.008379,0.979449
2012-06-19,3681.6800,3657.9600,3685.9300,3652.9700,3013596800,29309580000.0000,0.009630,-0.726512
2012-06-20,3663.9900,3636.0900,3671.4100,3630.1800,2577804400,23665270000.0000,0.008237,-0.597871
2012-06-21,3628.2200,3590.8400,3628.2200,3569.4900,2467284800,23639190000.0000,0.007884,-1.244469
2012-06-25,3576.3700,3493.1200,3576.3700,3491.8600,2448152800,22532220000.0000,0.007817,-2.721368
2012-06-26,3474.1600,3489.9700,3500.7600,3433.5600,2463238000,21483350000.0000,0.007864,-0.090181
2012-06-27,3486.5100,3476.4000,3518.7500,3474.7700,2323327400,21639400000.0000,0.007417,-0.388831
2012-06-28,3484.2300,3427.8200,3495.8500,3427.6600,2464760800,22602440000.0000,0.007866,-1.397418
2012-06-29,3413.3300,3470.9700,3471.7000,3392.7500,2525431800,23306390000.0000,0.008060,1.258815
2012-07-02,3491.7500,3509.5000,3528.1200,3484.1400,2618734000,27478450000.0000,0.008671,1.110065
2012-07-03,3507.6300,3515.7800,3542.5100,3498.0700,2810215600,28467370000.0000,0.009305,0.178944
2012-07-04,3519.5100,3497.7500,3525.1600,3484.8400,2323478000,24438110000.0000,0.007671,-0.512832
2012-07-05,3486.8100,3418.2000,3486.8100,3407.6000,2497651600,24147800000.0000,0.008229,-2.274321
2012-07-06,3436.3100,3486.5500,3487.6700,3397.8700,2965821200,29205650000.0000,0.009751,1.999593
2012-07-09,3464.0200,3398.8000,3478.1200,3398.5200,2926749800,30228970000.0000,0.009621,-2.516814
2012-07-10,3386.6300,3365.6700,3400.6400,3351.5600,2322305200,23212950000.0000,0.007633,-0.974760
2012-07-11,3358.5600,3404.1000,3404.5900,3352.5300,2125446800,22847730000.0000,0.006976,1.141828
2012-07-12,3398.6200,3450.3000,3462.2200,3381.8300,3171109600,33534180000.0000,0.010407,1.357185
2012-07-13,3435.1700,3435.0800,3463.2200,3422.3400,2431207200,25759770000.0000,0.007955,-0.441120
2012-07-16,3434.5100,3311.0900,3434.6000,3308.6400,2914620200,30338600000.0000,0.009520,-3.609522
2012-07-17,3297.1500,3334.2900,3335.5300,3282.2300,2312236000,23327610000.0000,0.007549,0.700674
2012-07-18,3328.1200,3352.8500,3352.9700,3276.3200,2770680400,25478420000.0000,0.009042,0.556642
2012-07-19,3343.2400,3392.6600,3414.2300,3335.3300,3319639800,29393470000.0000,0.010833,1.187343
2012-07-20,3382.8200,3369.9100,3407.4100,3362.3800,2747115200,24681550000.0000,0.008965,-0.670565
2012-07-23,3347.8700,3337.8600,3357.2400,3310.8000,2317311200,20692130000.0000,0.007561,-0.951058
2012-07-24,3317.2200,3361.0900,3381.3500,3310.9500,2194170400,20302400000.0000,0.007159,0.695954
2012-07-25,3350.9000,3332.0900,3365.2100,3324.5400,2280355200,19883970000.0000,0.007440,-0.862815
2012-07-26,3329.0100,3302.3400,3357.7900,3301.6700,2336815200,20608900000.0000,0.007625,-0.892833
2012-07-27,3312.3800,3283.5900,3323.0000,3269.2300,2056679600,19063050000.0000,0.006710,-0.567779
2012-07-30,3280.1000,3217.4500,3294.6500,3205.7600,2127069000,17535140000.0000,0.006917,-2.014263
2012-07-31,3211.1000,3159.1900,3214.1700,3152.4200,2037841200,16961180000.0000,0.006626,-1.810751
2012-08-01,3152.7300,3216.1800,3232.9700,3152.3100,1989089200,17757530000.0000,0.006468,1.803943
2012-08-02,3212.0500,3195.8600,3231.8300,3179.0000,2052931000,17775090000.0000,0.006675,-0.631800
2012-08-03,3203.1100,3259.8600,3259.8600,3193.6800,2185689200,18874760000.0000,0.007107,2.002591
2012-08-06,3250.7800,3337.2700,3338.6200,3244.9800,3005128800,25767450000.0000,0.009770,2.374639
2012-08-07,3336.2200,3368.2500,3368.5300,3331.5000,3401232000,27960420000.0000,0.011058,0.928303
2012-08-08,3363.7600,3356.4900,3374.0800,3335.9700,3030069400,25311830000.0000,0.009851,-0.349143
2012-08-09,3351.4500,3405.0600,3405.2500,3335.1300,3363178400,28906020000.0000,0.010934,1.447049
2012-08-10,3400.9300,3395.8500,3405.0500,3378.5400,3112478200,25897230000.0000,0.010119,-0.270479
2012-08-13,3386.0300,3318.1000,3386.0300,3317.0400,2773714400,24396850000.0000,0.009015,-2.289559
2012-08-14,3312.8100,3349.5900,3349.8200,3263.5000,2708519600,23989060000.0000,0.008803,0.949037
2012-08-15,3340.8800,3310.8400,3344.1000,3308.4900,2116013800,18261090000.0000,0.006878,-1.156858
2012-08-16,3301.7400,3286.8300,3316.9600,3278.5400,1765989000,16057260000.0000,0.005740,-0.725194
2012-08-17,3283.2600,3286.7800,3293.2500,3252.7900,1669188100,15429220000.0000,0.005425,-0.001523
2012-08-20,3270.9900,3289.4400,3296.3600,3247.5800,1686018800,14611760000.0000,0.005477,0.080928
2012-08-21,3287.7300,3335.7500,3347.2800,3284.0600,2279759200,20405420000.0000,0.007401,1.407840
2012-08-22,3338.0800,3306.1100,3338.7400,3292.4300,2191730400,19624330000.0000,0.007115,-0.888553
2012-08-23,3303.7000,3327.9900,3329.9800,3289.5500,2204294400,19655230000.0000,0.007156,0.661801
2012-08-24,3318.8500,3265.7500,3321.9200,3265.6000,2363720000,20041930000.0000,0.007670,-1.870198
2012-08-27,3250.6900,3184.3300,3250.6900,3184.1100,2199036000,18781110000.0000,0.007134,-2.493146
2012-08-28,3179.7700,3200.9900,3221.8800,3173.7500,2048633400,16939910000.0000,0.006636,0.523184
2012-08-29,3197.3400,3179.5400,3221.2300,3179.5400,2089503200,17036130000.0000,0.006768,-0.670104
2012-08-30,3174.3000,3129.5000,3188.7600,3083.3700,2606989200,21633280000.0000,0.008444,-1.573814
2012-08-31,3122.5300,3139.5000,3148.5100,3115.6200,1776718400,14414850000.0000,0.005755,0.319540
2012-09-03,3135.2300,3200.3100,3203.8500,3131.1600,2258340800,18953120000.0000,0.007315,1.936934
2012-09-04,3202.4900,3164.8300,3209.8800,3160.7000,2110312400,17450870000.0000,0.006835,-1.108642
2012-09-05,3158.0100,3181.8000,3193.7600,3150.7900,2095168000,16781010000.0000,0.006785,0.536205
2012-09-06,3187.1100,3217.9400,3218.2800,3187.1100,2177679600,17474990000.0000,0.007052,1.135832
2012-09-07,3240.6500,3334.6600,3365.6600,3240.6500,5034968800,41034320000.0000,0.016305,3.627164
2012-09-10,3343.8100,3363.6100,3376.7700,3330.9400,4271761600,35613710000.0000,0.013766,0.868160
2012-09-11,3352.6200,3350.0900,3352.6200,3324.4900,3345374000,28683710000.0000,0.010781,-0.401950
2012-09-12,3360.2600,3376.1200,3376.3300,3339.7100,3379621200,29534140000.0000,0.010891,0.776995
2012-09-13,3374.7800,3329.3000,3385.7200,3329.3000,3393824000,30008570000.0000,0.010937,-1.386801
2012-09-14,3356.2400,3338.0400,3369.7700,3308.0100,3491545600,30457880000.0000,0.011252,0.262517
2012-09-17,3334.7100,3237.7000,3334.9900,3237.7000,2940164000,25001900000.0000,0.009475,-3.005958
2012-09-18,3222.9800,3224.2600,3247.6700,3210.0900,2063993200,18234720000.0000,0.006651,-0.415108
2012-09-19,3227.3600,3255.8700,3257.0200,3224.0700,1963177200,17505790000.0000,0.006326,0.980383
2012-09-20,3253.5300,3161.7600,3253.5300,3160.6800,2679414800,22683640000.0000,0.008629,-2.890475
2012-09-21,3153.6100,3143.7100,3181.2700,3137.3900,2375236400,20589550000.0000,0.007649,-0.570886
2012-09-24,3129.5400,3167.1600,3177.3300,3107.3700,2212356000,19076630000.0000,0.007124,0.745932
2012-09-25,3159.1300,3144.4100,3179.3700,3137.8400,1973587600,17116060000.0000,0.006355,-0.718309
2012-09-26,3138.8000,3071.9900,3149.0300,3067.3800,2086043600,17057320000.0000,0.006717,-2.303133
2012-09-27,3065.5800,3141.0800,3159.0700,3062.7000,2694562200,22313130000.0000,0.008671,2.249033
2012-09-28,3129.7700,3199.7500,3200.0800,3121.5800,2669240400,23668350000.0000,0.008576,1.867826
2012-10-08,3198.8800,3183.3700,3214.1500,3167.6800,1948532600,16826480000.0000,0.006260,-0.511911
2012-10-09,3185.2100,3265.6200,3265.6400,3185.2100,2987819600,25670930000.0000,0.009599,2.583740
2012-10-10,3257.4500,3296.9200,3296.9200,3248.8300,3329178800,26655320000.0000,0.010695,0.958464
2012-10-11,3288.0500,3248.0400,3296.7200,3247.6000,2919182000,24357370000.0000,0.009378,-1.482592
2012-10-12,3256.9700,3240.4000,3282.9100,3210.6000,2821382800,22016190000.0000,0.009063,-0.235223
2012-10-15,3237.2900,3223.1900,3238.4200,3193.9900,2353987600,19461320000.0000,0.007559,-0.531106
2012-10-16,3219.4200,3233.2300,3256.4800,3211.3000,2248972000,20000000000.0000,0.007222,0.311494
2012-10-17,3237.6400,3240.7800,3249.3900,3205.5300,2249942800,19019540000.0000,0.007225,0.233514
2012-10-18,3241.2700,3294.8400,3301.1400,3241.1400,3460112400,26772150000.0000,0.011110,1.668119
2012-10-19,3292.9500,3285.4500,3305.5300,3279.2500,2797590800,21762650000.0000,0.008982,-0.284995
2012-10-22,3269.0400,3298.4900,3301.3700,3260.1700,2452734400,19635180000.0000,0.007875,0.396903
2012-10-23,3298.4500,3259.0700,3303.2400,3255.4900,2895234600,22952430000.0000,0.009296,-1.195090
2012-10-24,3242.8800,3257.9200,3273.3800,3237.7400,2963966800,20884810000.0000,0.009517,-0.035291
2012-10-25,3257.7300,3226.1700,3282.0900,3222.4800,3336196400,23592330000.0000,0.010712,-0.974548
2012-10-26,3221.0700,3163.2900,3225.4000,3142.2800,2971747800,22194750000.0000,0.009542,-1.949057
2012-10-29,3158.1100,3158.9400,3172.5400,3141.3600,2072766000,15623120000.0000,0.006630,-0.137518
2012-10-30,3156.7400,3160.6900,3189.5300,3154.1700,2260873600,16940060000.0000,0.007232,0.055398
2012-10-31,3159.2200,3168.1000,3168.2800,3141.1400,2097767600,16341040000.0000,0.006710,0.234447
2012-11-01,3169.7900,3228.1900,3235.0100,3169.7900,3313639600,24393870000.0000,0.010599,1.896715
2012-11-02,3229.9600,3249.5500,3251.7700,3217.0800,3313902400,24247930000.0000,0.010597,0.661674
2012-11-05,3244.3000,3235.3500,3258.9900,3226.5000,2911741600,22694830000.0000,0.009311,-0.436982
2012-11-06,3233.4200,3213.2600,3234.9800,3170.6200,2970741400,22674250000.0000,0.009500,-0.682773
2012-11-07,3210.8500,3209.1400,3223.5900,3192.6600,2447433600,19729680000.0000,0.007826,-0.128222
2012-11-08,3183.0800,3129.5700,3189.4700,3129.3900,2760887800,21223720000.0000,0.008828,-2.479475
2012-11-09,3123.0900,3116.9800,3139.6800,3103.8500,2029020000,16276010000.0000,0.006486,-0.402294
2012-11-12,3118.1100,3136.3100,3139.3800,3108.5500,2140750000,17174550000.0000,0.006840,0.620154
2012-11-13,3136.9500,3072.1200,3136.9500,3066.6300,2294675400,17735480000.0000,0.007332,-2.046671
2012-11-14,3069.3800,3081.2500,3084.3800,3048.2400,1965778800,15234190000.0000,0.006274,0.297185
2012-11-15,3066.8900,3026.8400,3080.6900,3025.3000,2026209200,15440400000.0000,0.006467,-1.765839
2012-11-16,3021.2900,3009.1500,3021.7900,2987.7000,1892387200,14641930000.0000,0.006040,-0.584444
2012-11-19,3007.6800,3016.1600,3016.4800,2974.1400,1672378300,13212460000.0000,0.005333,0.232957
2012-11-20,3023.0800,3004.1800,3031.2900,3003.1300,1633255000,12339750000.0000,0.005208,-0.397193
2012-11-21,3000.9400,3035.2800,3035.2800,2963.8700,2066991600,15144440000.0000,0.006591,1.035228
2012-11-22,3021.3000,2995.0900,3021.3000,2989.3800,1712528800,12678680000.0000,0.005461,-1.324093
2012-11-23,2993.1700,3005.4600,3019.7900,2990.0600,1710780800,12886350000.0000,0.005455,0.346229
2012-11-26,3004.1700,2970.3200,3006.7900,2966.8800,1477589100,11500020000.0000,0.004710,-1.169202
2012-11-27,2960.6100,2864.1700,2960.6100,2862.4700,2073907800,14693220000.0000,0.006588,-3.573694
2012-11-28,2854.0800,2800.5400,2854.0800,2791.2900,1830114800,13693960000.0000,0.005812,-2.221582
2012-11-29,2799.9600,2774.1800,2822.3300,2768.3500,1754478800,13291120000.0000,0.005571,-0.941251
2012-11-30,2773.2300,2816.6200,2818.0400,2765.7900,1898035600,13340700000.0000,0.006027,1.529828
2012-12-03,2816.3000,2749.1300,2829.8400,2746.4900,2111501600,15089200000.0000,0.006703,-2.396143
2012-12-04,2739.5000,2783.4100,2786.1300,2704.3700,2274039600,16588530000.0000,0.007219,1.246941
2012-12-05,2775.4100,2886.1900,2904.6500,2767.0500,3798793200,27297620000.0000,0.012055,3.692594
2012-12-06,2884.8100,2884.3500,2902.0700,2866.8900,2838703200,20686900000.0000,0.009008,-0.063746
2012-12-07,2883.1600,2950.1900,2954.6900,2875.8400,3919363200,27730750000.0000,0.012437,2.282658
2012-12-10,2951.0000,3002.2300,3004.5400,2942.4900,4045053200,29732120000.0000,0.012819,1.763955
2012-12-11,2993.3800,2982.0300,3014.0700,2978.7400,3511946800,25938560000.0000,0.011130,-0.672832
2012-12-12,2978.7200,2982.8900,2997.9200,2952.3900,2738800800,20403660000.0000,0.008680,0.028835
2012-12-13,2976.5800,2943.2800,2989.1500,2941.5500,2677707800,19103190000.0000,0.008485,-1.327902
2012-12-14,2939.3100,3066.2300,3069.0600,2939.1500,5254033600,38111890000.0000,0.016649,4.177310
2012-12-17,3073.9200,3091.8800,3098.6100,3063.4900,5260639200,40357750000.0000,0.016642,0.836529
2012-12-18,3087.3200,3086.5800,3124.5600,3067.8600,4699305600,35977220000.0000,0.014836,-0.171410
2012-12-19,3082.3800,3099.0900,3109.9400,3074.9500,3687618400,28573410000.0000,0.011642,0.405303
2012-12-20,3092.9300,3108.8600,3111.2000,3063.3200,3691136800,28583130000.0000,0.011653,0.315254
2012-12-21,3110.8200,3101.0700,3144.2600,3089.0900,3914126000,32326270000.0000,0.012351,-0.250575
2012-12-24,3093.9700,3117.7000,3120.7300,3090.4200,2908388400,24764700000.0000,0.009173,0.536263
2012-12-25,3110.9700,3189.0900,3197.7200,3102.6100,5286285200,41031780000.0000,0.016672,2.289834
2012-12-26,3187.2000,3228.6800,3228.8000,3183.9500,4680000000,37198630000.0000,0.014760,1.241415
2012-12-27,3232.7900,3199.4800,3244.9400,3198.9100,4722372400,38346720000.0000,0.014889,-0.904393
2012-12-28,3195.2000,3235.2000,3235.5900,3187.0900,4131623200,33393660000.0000,0.013026,1.116431
2012-12-31,3242.9600,3275.8600,3275.8600,3236.6300,4741584800,38366380000.0000,0.014941,1.256805
2013-01-04,3297.0400,3258.2500,3304.7600,3226.9500,4617085600,38348980000.0000,0.015593,-0.537572
2013-01-07,3253.6700,3288.3700,3288.6500,3245.4600,4273112000,36303730000.0000,0.014430,0.924426
2013-01-08,3288.1300,3327.0400,3331.6700,3270.7600,5196382800,44519420000.0000,0.017548,1.175960
2013-01-09,3321.7600,3334.9900,3359.0700,3303.8000,5092739600,43568060000.0000,0.017198,0.238950
2013-01-10,3335.0900,3356.3500,3368.0000,3329.9300,4790196000,39408460000.0000,0.016176,0.640485
2013-01-11,3357.4700,3271.1800,3360.4100,3262.8300,5130053600,42629280000.0000,0.017322,-2.537583
2013-01-14,3264.1500,3384.7500,3387.5000,3262.5700,5675323200,49292490000.0000,0.019156,3.471838
2013-01-15,3390.3300,3450.6800,3463.2600,3389.7800,6936896800,61177580000.0000,0.023414,1.947852
2013-01-16,3448.2800,3450.5600,3462.5900,3393.7100,6290848000,55786560000.0000,0.021236,-0.003474
2013-01-17,3444.4700,3408.0200,3452.3700,3399.6600,4741554000,41612110000.0000,0.016005,-1.232844
2013-01-18,3416.4500,3464.6500,3466.5300,3406.6000,5111861200,44339890000.0000,0.017214,1.661665
2013-01-21,3475.2000,3491.1200,3492.2200,3458.8700,5378953200,45819880000.0000,0.018114,0.764008
2013-01-22,3487.5700,3435.4300,3487.5700,3409.8400,5347412000,47247160000.0000,0.018001,-1.595195
2013-01-23,3422.7700,3441.7500,3451.2600,3393.0500,4335737200,38051250000.0000,0.014595,0.183967
2013-01-24,3442.6200,3369.7300,3473.9800,3344.9800,5717496800,49520340000.0000,0.019247,-2.092541
2013-01-25,3363.4300,3364.0600,3382.7700,3346.2400,3709918400,33398510000.0000,0.012489,-0.168260
2013-01-28,3362.4700,3449.7900,3449.9500,3362.2200,4542212000,41684780000.0000,0.015279,2.548408
2013-01-29,3451.6600,3482.5200,3489.8600,3447.8200,4928037600,45187020000.0000,0.016577,0.948753
2013-01-30,3482.5700,3500.5800,3502.7200,3462.3700,5421892800,46990700000.0000,0.018237,0.518592
2013-01-31,3497.2800,3479.6400,3499.1500,3463.2000,4859125200,43092440000.0000,0.016340,-0.598192
2013-02-01,3471.2700,3507.7100,3507.8300,3462.6800,4792548800,42185120000.0000,0.016117,0.806695
2013-02-04,3517.4600,3484.3600,3524.0400,3467.0200,5593744800,50387990000.0000,0.018807,-0.665672
2013-02-05,3466.5900,3520.6500,3520.9900,3457.4300,4771113200,41301300000.0000,0.016042,1.041505
2013-02-06,3521.6600,3544.3900,3555.9400,3521.6400,4230870400,38010630000.0000,0.014225,0.674307
2013-02-07,3539.4800,3557.6700,3565.3800,3526.0300,3870483200,36599180000.0000,0.013010,0.374677
2013-02-08,3554.1500,3608.5900,3618.8400,3553.8000,3792830400,36455880000.0000,0.012748,1.431278
2013-02-18,3625.0300,3627.7800,3639.3600,3604.0100,4509928000,41448240000.0000,0.015157,0.531785
2013-02-19,3624.9400,3561.3600,3630.6500,3546.7200,4842099200,42698600000.0000,0.016263,-1.830870
2013-02-20,3555.5900,3635.3800,3635.3800,3553.4900,4425230800,41216710000.0000,0.014863,2.078413
2013-02-21,3612.7200,3560.3200,3612.7200,3531.1300,5441162400,50565200000.0000,0.018276,-2.064703
2013-02-22,3552.6700,3548.3600,3587.7100,3543.0200,4158544000,39756230000.0000,0.013968,-0.335924
2013-02-25,3551.6000,3587.5900,3595.6000,3551.3700,3767710400,35661830000.0000,0.012583,1.105581
2013-02-26,3573.9500,3533.2000,3600.4600,3532.2700,4338676000,41504130000.0000,0.014484,-1.516063
2013-02-27,3538.9400,3535.9000,3568.6900,3506.7600,3823497600,36615450000.0000,0.012764,0.076417
2013-02-28,3544.0600,3608.2000,3608.2000,3531.9000,4606208800,42703450000.0000,0.015377,2.044743
2013-03-01,3608.6200,3648.4200,3648.6900,3603.9800,5017328000,47913790000.0000,0.016735,1.114682
2013-03-04,3614.5600,3518.7200,3614.5600,3496.0500,6458808800,58624530000.0000,0.021526,-3.554962
2013-03-05,3516.5300,3597.9200,3598.0100,3507.0300,5038021600,47679030000.0000,0.016790,2.250817
2013-03-06,3605.3600,3653.9300,3654.1100,3605.3600,5824638000,55482840000.0000,0.019412,1.556733
2013-03-07,3648.2800,3609.6400,3651.7400,3575.9800,5494145600,53496720000.0000,0.018311,-1.212121
2013-03-08,3608.9000,3570.3800,3626.9200,3564.2300,3964924000,38381070000.0000,0.013214,-1.087643
2013-03-11,3568.6200,3571.1100,3588.7100,3543.7600,3273366400,31010440000.0000,0.010907,0.020452
2013-03-12,3570.4700,3481.1800,3589.7200,3438.1900,4406928400,40719840000.0000,0.014684,-2.518270
2013-03-13,3473.2600,3449.3500,3477.1000,3413.1800,3141551200,28827640000.0000,0.010458,-0.914340
2013-03-14,3443.7800,3464.8500,3482.3700,3440.0200,2775663200,25915220000.0000,0.009240,0.449360
2013-03-15,3466.8900,3471.2100,3525.5300,3431.5700,3800305600,36029720000.0000,0.012651,0.183554
2013-03-18,3461.8700,3427.1200,3477.9300,3423.5200,3615736400,34162310000.0000,0.012034,-1.270158
2013-03-19,3421.7400,3438.0700,3442.0600,3378.9100,3463203200,31250910000.0000,0.011526,0.319509
2013-03-20,3436.8500,3527.7700,3527.8300,3432.5800,4530862000,39767860000.0000,0.015079,2.609020
2013-03-21,3527.7600,3565.0200,3575.8400,3522.1400,4850444000,45250500000.0000,0.016143,1.055908
2013-03-22,3561.1200,3579.9200,3586.0900,3549.0700,4281136800,38737280000.0000,0.014248,0.417947
2013-03-25,3581.3100,3568.5200,3590.8100,3550.1900,3978482400,37323610000.0000,0.013237,-0.318440
2013-03-26,3556.3000,3543.8100,3557.7900,3504.5700,3813555200,35743320000.0000,0.012688,-0.692443
2013-03-27,3541.3800,3552.2600,3579.3900,3528.3100,3689400000,35430080000.0000,0.012268,0.238443
2013-03-28,3526.5400,3448.9800,3526.5400,3448.6700,4125274000,37049160000.0000,0.013708,-2.907446
2013-03-29,3449.2800,3447.2800,3470.4800,3434.5700,3155551800,28629550000.0000,0.010486,-0.049289
2013-04-01,3449.5400,3470.9600,3489.1400,3448.2900,3295382400,30167400000.0000,0.010950,0.686916
2013-04-02,3471.6900,3428.5000,3504.2800,3419.7400,3786367600,35182740000.0000,0.012581,-1.223292
2013-04-03,3429.8900,3397.2300,3438.5900,3382.2300,3672102000,32560830000.0000,0.012202,-0.912061
2013-04-08,3354.4400,3411.1300,3411.3800,3315.3300,3622082800,32252840000.0000,0.012036,0.409154
2013-04-09,3411.4000,3444.3700,3449.9200,3411.4000,3418339600,30878490000.0000,0.011348,0.974464
2013-04-10,3444.4600,3437.2700,3455.6900,3410.0300,3555170800,33103600000.0000,0.011798,-0.206136
2013-04-11,3442.9300,3423.2200,3453.5300,3420.7600,3192556800,28642370000.0000,0.010583,-0.408756
2013-04-12,3418.3000,3394.5200,3434.6700,3391.0100,2929498800,26198910000.0000,0.009711,-0.838391
2013-04-15,3382.0000,3346.8500,3382.0000,3336.4200,2930810800,25580180000.0000,0.009712,-1.404320
2013-04-16,3313.5100,3383.0800,3383.3100,3302.2400,2989388800,25812230000.0000,0.009903,1.082510
2013-04-17,3381.6100,3412.4200,3412.5200,3373.0200,2879345800,26727030000.0000,0.009527,0.867252
2013-04-18,3396.0100,3423.0100,3434.0400,3383.9700,3234672800,29865360000.0000,0.010699,0.310339
2013-04-19,3423.4400,3495.2400,3498.5700,3422.9700,4333789200,39859250000.0000,0.014326,2.110131
2013-04-22,3478.0400,3511.6200,3511.7200,3475.8600,4380969600,41273810000.0000,0.014440,0.468641
2013-04-23,3509.2000,3416.4500,3509.7400,3412.2100,4361645200,39770060000.0000,0.014360,-2.710150
2013-04-24,3417.4000,3484.5700,3489.5200,3411.8100,4244921200,40524120000.0000,0.013969,1.993886
2013-04-25,3473.0100,3431.4000,3494.5300,3431.1500,4883644400,46953030000.0000,0.016062,-1.525874
2013-04-26,3427.1500,3367.7700,3438.3200,3360.7500,3740291200,34801660000.0000,0.012299,-1.854342
2013-05-02,3354.4700,3383.4000,3386.2800,3345.4400,2943853600,28077110000.0000,0.009668,0.464102
2013-05-03,3391.2200,3448.6400,3459.9800,3391.2200,3724433600,35659630000.0000,0.012231,1.928238
2013-05-06,3456.2800,3514.4600,3516.8700,3456.2800,4424931200,42476580000.0000,0.014528,1.908581
2013-05-07,3511.2100,3521.4800,3531.5500,3495.8000,4120139600,40099910000.0000,0.013527,0.199747
2013-05-08,3524.7900,3553.8500,3554.1500,3517.9400,4230729600,41307430000.0000,0.013888,0.919219
2013-05-09,3551.9000,3555.7700,3557.0200,3517.5900,4930172400,49151020000.0000,0.016178,0.054024
2013-05-10,3550.0300,3577.3300,3577.3300,3536.1700,4466670800,44817880000.0000,0.014653,0.606340
2013-05-13,3577.2900,3590.7600,3591.0900,3565.4900,3946578000,38932040000.0000,0.012939,0.375418
2013-05-14,3586.3200,3549.3000,3586.3200,3524.5800,3808365600,36835080000.0000,0.012472,-1.154629
2013-05-15,3549.7500,3597.1100,3597.2400,3548.5500,3648741600,37037740000.0000,0.011949,1.347028
2013-05-16,3594.3000,3635.7500,3647.4900,3578.0900,5239356800,50602540000.0000,0.017151,1.074193
2013-05-17,3632.6100,3691.4000,3695.2400,3631.2600,5939850400,54997640000.0000,0.019414,1.530631
2013-05-20,3700.0900,3737.7500,3740.5800,3686.7600,6679882400,66738550000.0000,0.021797,1.255624
2013-05-21,3733.6700,3787.0600,3787.1000,3727.6700,6769012000,66347960000.0000,0.022088,1.319244
2013-05-22,3782.9700,3755.8700,3795.1700,3740.2200,6531327200,63037520000.0000,0.021299,-0.823592
2013-05-23,3740.4400,3724.2300,3783.9700,3716.2900,5781309600,54473100000.0000,0.018844,-0.842418
2013-05-24,3723.6200,3782.0700,3782.1700,3723.6200,5023893600,48927060000.0000,0.016365,1.553075
2013-05-27,3784.4700,3820.4300,3820.5900,3782.2700,5552935600,55508760000.0000,0.018083,1.014256
2013-05-28,3820.2400,3827.7800,3829.9700,3770.6500,6007156800,58861070000.0000,0.019546,0.192389
2013-05-29,3830.2200,3856.3200,3858.9200,3828.2900,5831909600,57096110000.0000,0.018964,0.745603
2013-05-30,3843.1600,3865.1300,3872.2600,3835.2200,5445480800,55483910000.0000,0.017700,0.228451
2013-05-31,3867.5900,3841.2200,3884.6800,3840.7000,5506793600,56207610000.0000,0.017891,-0.618606
2013-06-03,3836.7700,3814.5100,3855.7900,3803.3600,4838775200,49391590000.0000,0.015703,-0.695351
2013-06-04,3809.5500,3739.7200,3811.6500,3707.5600,4924970400,48610520000.0000,0.015946,-1.960672
2013-06-05,3733.9500,3755.1500,3759.5200,3718.1200,3661617200,37010110000.0000,0.011853,0.412596
2013-06-06,3742.5000,3688.7400,3742.5000,3686.2500,3881376400,38013940000.0000,0.012554,-1.768502
2013-06-07,3690.9600,3616.2100,3701.2200,3593.9700,4070865200,39558660000.0000,0.013151,-1.966255
2013-06-13,3573.9000,3515.0500,3573.9000,3446.2500,3724168000,34264500000.0000,0.011978,-2.797401
2013-06-14,3519.3700,3584.9800,3591.2500,3519.3300,3464384000,35265960000.0000,0.011133,1.989443
2013-06-17,3593.5100,3593.3700,3620.9500,3565.2800,3564596800,37328980000.0000,0.011451,0.234036
2013-06-18,3594.9000,3605.7600,3613.0300,3557.4600,3133290800,31369490000.0000,0.010064,0.344799
2013-06-19,3588.7700,3583.3000,3588.7700,3525.4500,3289541600,32107540000.0000,0.010552,-0.622891
2013-06-20,3562.1300,3465.0000,3566.3600,3463.1300,3302402600,32563650000.0000,0.010583,-3.301428
2013-06-21,3401.4700,3446.4800,3464.5900,3347.7600,3228984000,30756540000.0000,0.010328,-0.534488
2013-06-24,3439.8700,3232.9600,3439.8700,3200.6700,4053654000,36506610000.0000,0.012962,-6.195307
2013-06-25,3202.6600,3219.1300,3243.4000,2981.6900,5155439200,44250330000.0000,0.016485,-0.427784
2013-06-26,3222.6800,3285.8200,3285.8200,3200.1600,3990058800,38224850000.0000,0.012751,2.071684
2013-06-27,3293.0800,3233.2200,3339.8600,3231.1500,4496869200,42517430000.0000,0.014365,-1.600821
2013-06-28,3212.2500,3235.9800,3292.9100,3176.2400,3864059600,34979640000.0000,0.012323,0.085364
2013-07-01,3226.6200,3304.5900,3304.5900,3210.6600,3532662800,33608710000.0000,0.010984,2.120227
2013-07-02,3304.9900,3359.0500,3359.1200,3295.3300,4038507200,39563450000.0000,0.012557,1.648010
2013-07-03,3346.1100,3364.1800,3372.6300,3288.0200,4431065600,42556350000.0000,0.013778,0.152718
2013-07-04,3342.0100,3390.4900,3427.3800,3325.2700,4693895600,44347120000.0000,0.014592,0.782065
2013-07-05,3392.5800,3371.5300,3427.9800,3371.3100,4395283200,40669750000.0000,0.013620,-0.559210
2013-07-08,3322.1400,3240.4800,3322.1400,3240.1100,3995247200,36284240000.0000,0.012370,-3.886961
2013-07-09,3231.7000,3259.9100,3263.3900,3210.7300,3009463600,28150380000.0000,0.009318,0.599600
2013-07-10,3259.8500,3361.4000,3361.4000,3257.9000,4186412800,38711690000.0000,0.012962,3.113276
2013-07-11,3364.8400,3455.8800,3484.7900,3364.2300,6332352000,56898560000.0000,0.019571,2.810733
2013-07-12,3453.4400,3425.1400,3490.5000,3424.2800,5180821200,50056310000.0000,0.016003,-0.889498
2013-07-15,3432.2600,3493.4400,3493.7200,3431.5000,4658588800,45609100000.0000,0.014368,1.994081
2013-07-16,3496.7300,3536.3100,3536.3100,3474.3600,4931472400,48308420000.0000,0.015197,1.227161
2013-07-17,3529.7100,3485.0700,3552.3700,3474.3600,5004677600,49055060000.0000,0.015423,-1.448968
2013-07-18,3476.1800,3481.2000,3505.1900,3445.3300,4598343600,45744850000.0000,0.014169,-0.111048
2013-07-19,3479.5300,3394.3100,3510.1100,3394.3100,5098659600,49889750000.0000,0.015709,-2.495975
2013-07-22,3374.5700,3461.2800,3461.7000,3359.3900,4199297200,41787760000.0000,0.012938,1.973007
2013-07-23,3470.6000,3544.9700,3545.0500,3470.6000,5354383200,53322690000.0000,0.016497,2.417890
2013-07-24,3536.1600,3566.2800,3575.0000,3500.0800,5654974400,56316920000.0000,0.017423,0.601135
2013-07-25,3561.5100,3498.2400,3572.5500,3496.3100,5086679200,51562680000.0000,0.015672,-1.907871
2013-07-26,3486.9600,3494.1600,3520.4900,3449.6100,3935843200,38981410000.0000,0.012122,-0.116632
2013-07-29,3477.2600,3426.5900,3484.6400,3423.7700,3919105600,36668790000.0000,0.012070,-1.933793
2013-07-30,3426.9600,3411.2200,3449.5400,3349.5500,3659272800,34953450000.0000,0.011269,-0.448554
2013-07-31,3428.1300,3430.7400,3462.1000,3418.7200,3582566000,33393080000.0000,0.011033,0.572230
2013-08-01,3435.0800,3521.1500,3521.1600,3429.7200,4422596400,42269870000.0000,0.013619,2.635289
2013-08-02,3535.8900,3533.6100,3563.1900,3528.6400,4726402000,44429900000.0000,0.014555,0.353868
2013-08-05,3531.6500,3592.5400,3592.8700,3528.8500,4172184800,40115300000.0000,0.012842,1.667698
2013-08-06,3589.5200,3631.1200,3638.7100,3581.5300,4979607200,47335580000.0000,0.015327,1.073894
2013-08-07,3628.0000,3596.3200,3644.2100,3589.3400,5261651600,49976420000.0000,0.016195,-0.958383
2013-08-08,3589.1600,3605.8500,3627.2500,3577.5800,4244996800,41185100000.0000,0.013050,0.264994
2013-08-09,3611.7800,3618.7400,3637.9100,3570.7800,4435769200,43821520000.0000,0.013634,0.357472
2013-08-12,3629.5100,3676.2000,3676.2000,3628.9500,5649268800,53214490000.0000,0.017363,1.587844
2013-08-13,3677.1200,3695.5500,3695.5600,3669.4900,5264948400,45698170000.0000,0.016182,0.526361
2013-08-14,3694.6800,3681.0800,3706.7700,3662.0400,5298328800,47033330000.0000,0.016272,-0.391551
2013-08-15,3674.6500,3631.3200,3686.2600,3629.3400,4373973600,41626250000.0000,0.013421,-1.351777
2013-08-16,3611.2800,3554.3500,3688.6900,3550.8200,5363560000,49148540000.0000,0.016457,-2.119614
2013-08-19,3528.9100,3609.0300,3609.1700,3522.1500,3846959200,35417010000.0000,0.011767,1.538395
2013-08-20,3606.6100,3599.6400,3634.0500,3580.1900,4315982000,40942690000.0000,0.013201,-0.260184
2013-08-21,3596.9300,3627.5000,3627.9100,3577.8200,4261988400,39002160000.0000,0.013035,0.773969
2013-08-22,3621.8900,3636.4700,3650.1100,3615.7100,4613253600,43266630000.0000,0.014109,0.247277
2013-08-23,3644.6800,3627.9700,3654.7300,3560.1300,5483723200,52538560000.0000,0.016771,-0.233743
2013-08-26,3629.3600,3703.5900,3703.7900,3627.3100,5352258800,50848500000.0000,0.016369,2.084365
2013-08-27,3702.5800,3732.1000,3732.2200,3691.1600,5746790800,51583010000.0000,0.017576,0.769794
2013-08-28,3707.5300,3703.9200,3740.1300,3680.5000,7020592800,63585750000.0000,0.021358,-0.755076
2013-08-29,3703.0500,3701.0800,3715.8500,3679.0800,6293668800,53345960000.0000,0.019147,-0.076671
2013-08-30,3702.8500,3664.1500,3727.3000,3645.3600,7706920000,64028440000.0000,0.023447,-0.997822
2013-09-02,3674.6800,3689.9600,3695.0900,3633.4600,6286094400,52818470000.0000,0.019112,0.704394
2013-09-03,3685.3400,3744.8700,3745.2400,3680.1500,5962664800,50108690000.0000,0.018129,1.488096
2013-09-04,3747.2300,3755.2400,3766.4100,3734.7800,6236384800,54486360000.0000,0.018949,0.276909
2013-09-05,3749.9400,3762.5700,3776.0000,3741.4600,6068110400,54687160000.0000,0.018438,0.195196
2013-09-06,3758.9100,3792.8300,3799.0700,3754.6400,6060311600,56989300000.0000,0.018416,0.804238
2013-09-09,3799.4500,3831.9300,3835.4800,3793.1100,7293221600,67253500000.0000,0.022140,1.030889
2013-09-10,3836.4700,3870.9200,3871.1900,3832.3200,8106345600,71770710000.0000,0.024608,1.017503
2013-09-11,3876.5900,3834.2600,3876.7700,3814.2800,8802626400,76016250000.0000,0.026717,-0.947059
2013-09-12,3824.7500,3845.0700,3857.5200,3815.7400,6727344000,57448640000.0000,0.020418,0.281933
2013-09-13,3846.4500,3849.8200,3858.4300,3825.1800,6486534400,56409490000.0000,0.019662,0.123535
2013-09-16,3852.3600,3854.2100,3870.7300,3836.4100,5568231200,52644030000.0000,0.016856,0.114029
2013-09-17,3851.6600,3786.2900,3851.6600,3785.2300,5755855200,53088750000.0000,0.017424,-1.762227
2013-09-18,3780.7000,3822.1200,3823.0100,3776.7000,4446440800,43668160000.0000,0.013460,0.946311
2013-09-23,3830.9500,3899.6300,3899.8600,3830.9500,5652714000,56490900000.0000,0.017083,2.027926
2013-09-24,3897.4100,3903.5200,3915.9800,3864.4400,6507975200,63947880000.0000,0.019662,0.099757
2013-09-25,3899.6100,3889.2200,3930.6000,3881.6000,7019162400,67886690000.0000,0.021206,-0.366337
2013-09-26,3879.4800,3808.2200,3883.3900,3806.6400,5902757200,56763480000.0000,0.017833,-2.082680
2013-09-27,3805.5000,3822.7600,3841.5400,3802.9000,4354926400,44024200000.0000,0.013156,0.381807
2013-09-30,3834.1700,3872.8900,3873.4900,3834.0100,3945458400,41763490000.0000,0.011867,1.311353
2013-10-08,3875.5200,3938.0700,3938.0700,3866.6800,5513438000,55498920000.0000,0.016583,1.682986
2013-10-09,3928.4000,3981.0600,3981.4500,3915.7300,6021401200,58126060000.0000,0.018111,1.091651
2013-10-10,3990.7800,3959.6300,4000.4900,3947.8400,6980745600,66293050000.0000,0.020996,-0.538303
2013-10-11,3975.1100,4026.9200,4027.3200,3975.1100,7201558400,68678640000.0000,0.021656,1.699402
2013-10-14,4034.1900,4068.3200,4069.7800,4024.5900,7469228800,72971060000.0000,0.022461,1.028085
2013-10-15,4074.8300,4074.0800,4080.1100,4043.7900,7567178400,72950260000.0000,0.022684,0.141582
2013-10-16,4063.8200,3963.2100,4063.8200,3941.5900,7783795200,75722340000.0000,0.023334,-2.721354
2013-10-17,3980.4700,3956.9700,4010.6200,3944.9700,6631917600,63201380000.0000,0.019861,-0.157448
2013-10-18,3954.5900,3970.6400,3978.3400,3937.2400,5077960000,48046880000.0000,0.015173,0.345464
2013-10-21,3977.2600,4069.0300,4069.2200,3968.3900,6605729200,64778990000.0000,0.019736,2.477942
2013-10-22,4070.6700,4026.5200,4089.1000,4014.2600,7364594400,74639740000.0000,0.021996,-1.044721
2013-10-23,4026.5600,3924.2200,4039.4300,3906.5100,6770842400,62951200000.0000,0.020176,-2.540657
2013-10-24,3914.2400,3898.1600,3933.7300,3889.3400,4494228000,42767680000.0000,0.013392,-0.664083
2013-10-25,3902.2300,3821.7800,3916.9200,3796.0700,4990523600,49387100000.0000,0.014871,-1.959383
2013-10-28,3820.6700,3808.7000,3828.7200,3785.9100,3956984400,38708760000.0000,0.011790,-0.342251
2013-10-29,3801.9300,3703.8600,3827.1200,3600.4300,5573976000,51444640000.0000,0.016608,-2.752641
2013-10-30,3694.3100,3764.4500,3764.6000,3688.3900,4154928000,38696490000.0000,0.012380,1.635857
2013-10-31,3757.8100,3713.8300,3757.8100,3710.6900,4178754400,38030670000.0000,0.012451,-1.344682
2013-11-01,3698.4700,3702.4500,3720.4400,3661.7400,3338735600,30914890000.0000,0.009948,-0.306426
2013-11-04,3705.4500,3728.1900,3744.5900,3705.4300,3285215200,30522020000.0000,0.009788,0.695215
2013-11-05,3719.9400,3777.4000,3777.6300,3688.2100,3949816400,36353840000.0000,0.011768,1.319942
2013-11-06,3768.7300,3737.1100,3799.8200,3737.1100,4509725200,41298450000.0000,0.013437,-1.066601
2013-11-07,3722.2400,3685.0400,3734.8600,3677.5300,3481496400,33087620000.0000,0.010373,-1.393324
2013-11-08,3670.3500,3629.9400,3678.2300,3618.9300,3494672800,32624380000.0000,0.010412,-1.495237
2013-11-11,3626.1900,3645.8400,3659.6600,3600.0900,2735750000,26340250000.0000,0.008117,0.438028
2013-11-12,3645.3700,3680.5400,3681.0700,3634.8700,3005498000,28351840000.0000,0.008917,0.951768
2013-11-13,3677.3500,3611.7600,3677.3500,3611.7600,3295728600,30074800000.0000,0.009778,-1.868748
2013-11-14,3602.8500,3659.8300,3660.0400,3575.8400,3310776000,31634530000.0000,0.009823,1.330932
2013-11-15,3661.2800,3736.4500,3766.3600,3661.2800,4882691200,47107810000.0000,0.014487,2.093536
2013-11-18,3759.1200,3827.8800,3828.0200,3755.5000,5626400800,53555700000.0000,0.016634,2.446973
2013-11-19,3830.4500,3840.3700,3851.5700,3814.5200,5088261200,49083840000.0000,0.015043,0.326296
2013-11-20,3842.2500,3878.5800,3878.7000,3827.3800,4858289600,46676500000.0000,0.014363,0.994955
2013-11-21,3865.5700,3865.4100,3878.2400,3838.5400,5398687200,49106390000.0000,0.015961,-0.339562
2013-11-22,3868.5000,3842.7600,3880.7200,3835.9200,4902398000,45404290000.0000,0.014493,-0.585964
2013-11-25,3834.8100,3839.6000,3874.1000,3824.6500,4643488800,42870010000.0000,0.013686,-0.082230
2013-11-26,3837.8700,3845.6800,3855.9700,3822.1300,4295441600,40463720000.0000,0.012659,0.158346
2013-11-27,3843.6500,3889.7500,3890.0500,3837.1400,4722105600,46761260000.0000,0.013917,1.145963
2013-11-28,3897.2500,3922.6700,3945.5300,3895.1100,5544796400,53130330000.0000,0.016339,0.846325
2013-11-29,3924.4200,3946.3800,3947.9100,3919.7300,4847324800,49411280000.0000,0.014284,0.604434
2013-12-02,3870.0300,3770.8700,3905.6800,3737.3200,6678309200,64791460000.0000,0.019678,-4.447361
2013-12-03,3755.1900,3859.9600,3861.1600,3750.9600,4694205600,45238700000.0000,0.013831,2.362581
2013-12-04,3856.3500,3933.0000,3959.1100,3852.4800,6414188400,61605070000.0000,0.018900,1.892249
2013-12-05,3931.1400,3928.7200,3944.7000,3911.2700,4952427600,48484980000.0000,0.014593,-0.108824
2013-12-06,3924.6400,3918.7800,3941.5400,3906.8000,4282279200,41729850000.0000,0.012506,-0.253007
2013-12-09,3928.1600,3947.7000,3948.0600,3924.8100,4010473600,40766210000.0000,0.011712,0.737983
2013-12-10,3948.5700,3950.4900,3965.1600,3930.0000,4588425600,45669980000.0000,0.013400,0.070675
2013-12-11,3941.9000,3906.7800,3941.9000,3878.3300,4618804800,43699030000.0000,0.013489,-1.106444
2013-12-12,3903.4500,3916.9600,3943.0300,3900.9500,3909067200,38454530000.0000,0.011417,0.260571
2013-12-13,3901.9900,3925.4300,3932.8900,3886.9700,3589454800,35209980000.0000,0.010483,0.216238
2013-12-16,3929.3800,3857.7200,3932.6000,3854.4700,4104767600,40162440000.0000,0.012191,-1.724905
2013-12-17,3854.7800,3834.0300,3867.7800,3824.9700,3187531200,31628630000.0000,0.009466,-0.614092
2013-12-18,3836.0200,3834.0400,3855.3600,3819.0700,2698321600,26497720000.0000,0.008014,0.000261
2013-12-19,3840.2800,3795.0200,3859.2200,3793.4000,2818348800,27594030000.0000,0.008370,-1.017726
2013-12-20,3792.6800,3747.0000,3807.5500,3736.4000,2920045600,28581620000.0000,0.008672,-1.265343
2013-12-23,3745.9400,3742.7400,3757.3900,3687.4000,2669013200,26950010000.0000,0.007917,-0.113691
2013-12-24,3746.6500,3768.7000,3799.7700,3738.7600,2861014800,29958060000.0000,0.008487,0.693608
2013-12-25,3766.2000,3808.4500,3808.4600,3756.7100,2695198800,29515510000.0000,0.007995,1.054740
2013-12-26,3809.5000,3743.1300,3809.5000,3741.6100,3311604800,33000780000.0000,0.009823,-1.715135
2013-12-27,3737.6500,3800.7700,3809.4700,3734.6500,3221514200,31632390000.0000,0.009556,1.539891
2013-12-30,3815.6800,3813.0000,3828.9700,3803.7900,3165404000,30936810000.0000,0.009375,0.321776
2013-12-31,3805.7000,3829.1000,3829.8000,3789.8200,2927606200,29310880000.0000,0.008613,0.422242
2014-01-02,3823.3200,3847.8800,3848.2500,3813.8100,3080026000,31417810000.0000,0.009060,0.490449
2014-01-03,3841.2200,3816.3200,3843.3600,3802.9900,3481756000,35851630000.0000,0.010240,-0.820187
2014-01-06,3806.5900,3710.9000,3806.5900,3709.9100,3451186400,33089080000.0000,0.010150,-2.762351
2014-01-07,3699.9000,3733.6600,3740.7200,3688.4200,2720862000,27587590000.0000,0.008002,0.613329
2014-01-08,3735.5000,3738.2100,3768.5000,3726.1100,3194344000,32589000000.0000,0.009395,0.121866
2014-01-09,3732.8600,3696.0200,3768.6200,3693.6400,3335413600,34352020000.0000,0.009810,-1.128613
2014-01-10,3685.0200,3628.6300,3689.1900,3619.6800,3139330400,29759860000.0000,0.009221,-1.823316
2014-01-13,3628.5300,3612.0200,3657.6900,3588.7400,2784241600,27652480000.0000,0.008177,-0.457745
2014-01-14,3610.6400,3683.5300,3683.5300,3601.9900,2856510400,27864930000.0000,0.008389,1.979779
2014-01-15,3681.0400,3708.1400,3708.5400,3675.6400,2947919200,30178560000.0000,0.008658,0.668105
2014-01-16,3709.3800,3714.3100,3738.0800,3703.1900,2958331200,29674610000.0000,0.008688,0.166395
2014-01-17,3704.3600,3671.9200,3704.9600,3669.5900,2532529200,25832780000.0000,0.007438,-1.141265
2014-01-20,3666.3000,3644.1300,3680.0100,3627.6500,2380574800,24791850000.0000,0.006991,-0.756826
2014-01-21,3645.3400,3700.1100,3700.5900,3645.3400,2849780400,29215570000.0000,0.008368,1.536175
2014-01-22,3707.0800,3799.0400,3799.0600,3707.0300,4184904800,42102250000.0000,0.012289,2.673702
2014-01-23,3801.7500,3825.4900,3841.0300,3795.4800,4070580000,44043320000.0000,0.011953,0.696227
2014-01-24,3817.0800,3882.6700,3890.5300,3811.1400,4579074800,48820000000.0000,0.013447,1.494709
2014-01-27,3867.5700,3881.9500,3916.6700,3854.8700,4263680400,45983000000.0000,0.012520,-0.018543
2014-01-28,3882.0100,3873.8100,3906.5700,3847.0300,3194653200,35468330000.0000,0.009349,-0.209686
2014-01-29,3878.3100,3908.4500,3913.1200,3878.3100,3300838000,36653830000.0000,0.009660,0.894207
2014-01-30,3900.0100,3885.4200,3908.6100,3877.5700,2854994000,30952130000.0000,0.008343,-0.589237
2014-02-07,3864.8900,3957.6700,3957.9300,3854.9800,3403656800,37584980000.0000,0.009926,1.859516
2014-02-10,3972.8600,4074.6300,4074.6300,3972.8600,5775494800,62830620000.0000,0.016839,2.955273
2014-02-11,4081.5400,4080.3800,4099.7700,4031.9500,6187682000,66427600000.0000,0.018041,0.141117
2014-02-12,4083.8200,4125.4100,4125.7100,4064.3500,5903926400,60189980000.0000,0.017214,1.103580
2014-02-13,4123.2100,4064.4200,4137.5900,4064.4200,6105150000,62110140000.0000,0.017796,-1.478404
2014-02-14,4063.7900,4134.1600,4134.2300,4060.0900,5063116000,52265410000.0000,0.014759,1.715872
2014-02-17,4152.0400,4212.7500,4213.1400,4152.0400,6246941600,65593960000.0000,0.018209,1.900987
2014-02-18,4216.6100,4207.7000,4219.0300,4188.0700,6391329600,66766220000.0000,0.018630,-0.119870
2014-02-19,4206.0200,4207.9900,4232.8800,4180.9100,6121776000,63154500000.0000,0.017845,0.006893
2014-02-20,4211.7000,4149.0700,4221.6300,4139.2000,6256448000,62300130000.0000,0.018237,-1.400203
2014-02-21,4142.3000,4121.9200,4156.7900,4085.8200,4801788400,47228930000.0000,0.013997,-0.654361
2014-02-24,4102.5600,4105.7900,4105.7900,4043.5100,5123873200,52821390000.0000,0.014902,-0.391320
2014-02-25,4109.4900,3961.4400,4141.2600,3937.1700,6566527200,70061220000.0000,0.019086,-3.515769
2014-02-26,3941.1200,3987.4800,3988.0600,3883.9600,4885673600,49764850000.0000,0.014187,0.657338
2014-02-27,3992.7200,3934.7300,4053.8500,3932.3100,5451092400,57316270000.0000,0.015829,-1.322891
2014-02-28,3926.7700,3975.9300,3976.1300,3874.7200,4660120000,48254510000.0000,0.013525,1.047085
2014-03-03,3975.5400,4058.8000,4059.1900,3969.3000,5129025600,53495700000.0000,0.014875,2.084295
2014-03-04,4045.2000,4059.5700,4067.4300,4016.0300,5365560800,54602430000.0000,0.015561,0.018972
2014-03-05,4064.9600,4037.7800,4075.7500,4031.9200,5314363200,51928400000.0000,0.015413,-0.536757
2014-03-06,4030.6500,4032.7600,4042.2100,3980.2800,4818990400,46614620000.0000,0.013976,-0.124326
2014-03-07,4032.1400,4012.4500,4051.0300,3992.9400,4568632000,45596340000.0000,0.013250,-0.503627
2014-03-10,3981.5100,3860.2400,3981.5100,3856.1000,4966555200,47348550000.0000,0.014393,-3.793442
2014-03-11,3848.1700,3864.2600,3889.2400,3826.9300,3993968000,37450240000.0000,0.011574,0.104139
2014-03-12,3857.5800,3865.6600,3894.0600,3803.7300,4122116000,36976700000.0000,0.011945,0.036227
2014-03-13,3865.9200,3907.1500,3907.8500,3861.7100,3706465600,34137590000.0000,0.010741,1.073296
2014-03-14,3891.2000,3888.9800,3913.5000,3860.3200,3514083200,33406190000.0000,0.010183,-0.465043
2014-03-17,3889.9000,3967.1500,3967.8500,3889.9000,3928817200,38774440000.0000,0.011385,2.010037
2014-03-18,3970.6600,3989.2000,4009.3500,3968.8900,4427084000,44080430000.0000,0.012824,0.555816
2014-03-19,3979.2500,3980.6700,3980.7400,3944.0900,4266896000,39248890000.0000,0.012353,-0.213828
2014-03-20,3973.1500,3876.5800,4000.3700,3876.4300,4986305600,44829610000.0000,0.014436,-2.614882
2014-03-21,3857.8200,3952.3900,3954.2600,3828.9200,5236272000,45269600000.0000,0.015160,1.955585
2014-03-24,3954.0500,3985.8600,3995.8700,3944.6900,5420297600,45816780000.0000,0.015693,0.846835
2014-03-25,3977.8800,3991.1400,4007.9400,3967.6200,5366702400,45244080000.0000,0.015537,0.132463
2014-03-26,3997.1700,4001.5000,4009.8800,3987.1900,4627750400,39747130000.0000,0.013398,0.259578
2014-03-27,3994.8200,3944.0400,3996.2500,3943.7900,4945987200,41581290000.0000,0.014295,-1.435961
2014-03-28,3935.2000,3865.2900,3951.7300,3855.4800,5345826400,43844890000.0000,0.015451,-1.996683
2014-03-31,3865.0000,3840.5400,3878.0000,3815.7400,3833777600,31097100000.0000,0.011070,-0.640314
2014-04-01,3836.5000,3899.4900,3899.6600,3835.2300,3465522000,29332510000.0000,0.010006,1.534939
2014-04-02,3901.1900,3902.0400,3922.0800,3891.5500,4398194400,34207480000.0000,0.012699,0.065394
2014-04-03,3902.0700,3896.2800,3919.1700,3880.4000,4234271200,33958650000.0000,0.012226,-0.147615
2014-04-04,3888.7300,3939.2300,3939.6100,3881.9600,3820321600,32452790000.0000,0.011031,1.102332
2014-04-08,3927.5100,3981.6300,3981.6300,3918.9800,4261820800,37712920000.0000,0.012306,1.076350
2014-04-09,3987.4300,4018.5500,4019.0900,3987.4300,4368503600,39980310000.0000,0.012614,0.927263
2014-04-10,4022.0500,4038.8400,4052.8400,4012.6600,5117418000,46752710000.0000,0.014776,0.504910
2014-04-11,4021.9600,4021.1900,4031.2100,4001.8000,4324739200,39566860000.0000,0.012483,-0.437010
2014-04-14,4019.5000,4051.3300,4051.4900,4018.7400,4157174400,37820280000.0000,0.011992,0.749533
2014-04-15,4050.3300,4021.9100,4050.3300,4015.0900,4545686800,41713770000.0000,0.013112,-0.726185
2014-04-16,4010.3600,4019.8800,4026.7600,3992.5000,3810511600,34759900000.0000,0.010991,-0.050474
2014-04-17,4025.3800,4014.9400,4035.3700,4012.7100,3871839200,35587630000.0000,0.011168,-0.122888
2014-04-18,4006.8800,4029.2600,4029.7600,3995.5500,3473648000,32247620000.0000,0.010018,0.356670
2014-04-21,4004.6100,3965.3400,4032.8500,3962.2900,4025395200,38253410000.0000,0.011609,-1.586394
2014-04-22,3957.2200,3947.1700,3974.6300,3889.7800,4193482000,39218300000.0000,0.012078,-0.458225
2014-04-23,3942.5000,3929.1700,3956.4100,3913.1800,3074191200,29374320000.0000,0.008853,-0.456023
2014-04-24,3924.4500,3884.8100,3931.5100,3884.5900,3234572000,29781620000.0000,0.009313,-1.128988
2014-04-25,3879.4500,3800.6800,3886.7600,3797.4700,3600062000,31763960000.0000,0.010342,-2.165617
2014-04-28,3785.9600,3684.5900,3785.9600,3679.9600,3667032800,31495250000.0000,0.010534,-3.054449
2014-04-29,3678.6200,3738.9300,3739.2500,3678.0100,2829741800,24757450000.0000,0.008129,1.474787
2014-04-30,3734.8000,3766.1700,3770.7300,3728.4100,2659282800,23450150000.0000,0.007627,0.728550
2014-05-05,3761.2300,3798.2900,3798.3600,3746.1900,2861542000,24739040000.0000,0.008200,0.852859
2014-05-06,3795.3600,3817.9800,3831.4100,3790.5000,3060038400,28050980000.0000,0.008769,0.518390
2014-05-07,3806.8400,3749.9700,3806.8400,3747.7800,2936363200,26315380000.0000,0.008411,-1.781309
2014-05-08,3740.2500,3754.0100,3798.2200,3733.7500,3051595200,26226570000.0000,0.008737,0.107735
2014-05-09,3748.4900,3716.0200,3752.4600,3688.0400,2948883400,25743200000.0000,0.008430,-1.011984
2014-05-12,3738.6700,3812.7600,3812.8300,3730.9500,4245480800,36840650000.0000,0.012128,2.603323
2014-05-13,3810.4900,3806.8900,3819.7500,3788.4600,3581498000,31736410000.0000,0.010225,-0.153960
2014-05-14,3805.1500,3803.8000,3816.4100,3796.1100,2830755600,24921690000.0000,0.008081,-0.081165
2014-05-15,3797.1200,3732.3400,3799.0800,3728.3200,3077118200,27786830000.0000,0.008774,-1.878647
2014-05-16,3722.5600,3726.6600,3733.2800,3685.0700,2671334600,23727980000.0000,0.007609,-0.152188
2014-05-19,3722.3900,3705.3600,3722.3900,3679.6400,2420359200,21748600000.0000,0.006894,-0.571552
2014-05-20,3720.2300,3715.7100,3748.7500,3708.1400,2484602200,23170290000.0000,0.007076,0.279321
2014-05-21,3708.1200,3747.3300,3747.5500,3680.8900,2404689200,21705640000.0000,0.006830,0.850985
2014-05-22,3748.9300,3746.1400,3788.0600,3744.6000,3096098400,28187210000.0000,0.008769,-0.031761
2014-05-23,3742.9900,3786.5600,3786.5600,3742.9800,2887723200,26927290000.0000,0.008173,1.078982
2014-05-26,3798.7300,3827.4900,3827.5900,3798.7300,3339637200,33591790000.0000,0.009449,1.080927
2014-05-27,3825.3700,3818.3200,3834.4200,3812.8900,3274276000,31962330000.0000,0.009264,-0.239581
2014-05-28,3818.3500,3861.5900,3862.1000,3813.0000,3677476400,35782560000.0000,0.010352,1.133221
2014-05-29,3862.3000,3821.8700,3874.1000,3821.4200,3736467200,37967020000.0000,0.010518,-1.028591
2014-05-30,3818.4700,3829.2400,3840.8600,3798.8000,3447981600,33847050000.0000,0.009690,0.192834
2014-06-03,3833.1200,3822.7200,3845.4800,3821.4300,3015499200,29295590000.0000,0.008449,-0.170269
2014-06-04,3820.5000,3789.2900,3820.7600,3760.2900,3024040800,28984450000.0000,0.008464,-0.874506
2014-06-05,3783.8800,3832.0500,3832.3800,3779.9900,2958072800,28079560000.0000,0.008279,1.128444
2014-06-06,3833.3800,3818.3300,3837.4000,3800.0900,2992632200,28796450000.0000,0.008375,-0.358032
2014-06-09,3809.5900,3797.4300,3830.6000,3795.1700,2681952400,26434010000.0000,0.007489,-0.547364
2014-06-10,3801.5100,3840.0200,3840.2400,3784.0500,3029738800,30344460000.0000,0.008456,1.121550
2014-06-11,3838.6700,3858.0500,3859.0300,3832.5300,3191529600,32291650000.0000,0.008894,0.469530
2014-06-12,3851.2300,3850.1100,3857.9100,3832.9400,3513492000,34175930000.0000,0.009772,-0.205802
2014-06-13,3846.6200,3891.5600,3894.5400,3843.6200,3984079600,40322200000.0000,0.011079,1.076591
2014-06-16,3893.9200,3914.9800,3915.2200,3893.1700,3929476000,41025140000.0000,0.011005,0.601813
2014-06-17,3909.6200,3879.3400,3909.6200,3876.2300,3986075200,39004920000.0000,0.011136,-0.910347
2014-06-18,3878.6900,3858.1000,3881.3900,3855.2300,4068867200,39421200000.0000,0.011362,-0.547516
2014-06-19,3853.5900,3755.6900,3860.3000,3739.4100,4335148800,40226890000.0000,0.012085,-2.654419
2014-06-20,3751.1800,3789.3400,3789.4100,3751.0800,2933163000,27250320000.0000,0.008169,0.895978
2014-06-23,3790.8400,3815.8800,3827.8300,3790.8400,3220035200,30811520000.0000,0.008950,0.700380
2014-06-24,3814.5300,3839.2000,3839.5900,3812.7500,3414969600,33396770000.0000,0.009483,0.611132
2014-06-25,3835.5900,3814.0300,3835.5900,3803.2900,3041989400,29769190000.0000,0.008446,-0.655603
2014-06-26,3812.9100,3861.9500,3863.1000,3812.9100,4055070000,38363060000.0000,0.011239,1.256412
2014-06-27,3861.1000,3889.3200,3905.5400,3853.7500,4847612000,44256520000.0000,0.013423,0.708712
2014-06-30,3895.1500,3924.9000,3925.4400,3889.6500,4920966400,45852760000.0000,0.013619,0.914809
2014-07-01,3927.4800,3951.7300,3951.9200,3917.5300,4881398400,46780260000.0000,0.013509,0.683586
2014-07-02,3950.4700,3979.3100,3979.3700,3937.2400,5296635600,49258530000.0000,0.014658,0.697924
2014-07-03,3978.8200,4019.6500,4026.0600,3972.1200,6118409600,55067890000.0000,0.016930,1.013740
2014-07-04,4018.3900,4004.5600,4022.2200,3997.7600,5516638800,49997470000.0000,0.015258,-0.375402
2014-07-07,4004.1000,4014.4900,4024.3700,3992.2800,5119715200,48129090000.0000,0.014147,0.247966
2014-07-08,4012.5500,4039.7100,4039.9200,3982.3300,5018074400,50114330000.0000,0.013860,0.628224
2014-07-09,4033.8200,3982.4000,4047.3800,3981.2500,5694464400,56785290000.0000,0.015728,-1.418668
2014-07-10,3980.5000,3982.2000,4008.1300,3975.7000,4870848400,49693960000.0000,0.013453,-0.005021
2014-07-11,3979.7300,4029.7500,4033.8900,3978.1000,5307468800,52241340000.0000,0.014653,1.194065
2014-07-14,4033.7100,4090.8000,4090.8000,4033.7000,6059248000,58095420000.0000,0.016729,1.514984
2014-07-15,4089.3500,4093.1100,4098.2800,4063.6000,6683400000,60773690000.0000,0.018449,0.056470
2014-07-16,4089.6500,4062.1200,4105.0200,4046.5500,5941441600,54188900000.0000,0.016362,-0.757126
2014-07-17,4055.9100,4031.4400,4055.9100,4006.2800,4998836000,44531890000.0000,0.013766,-0.755275
2014-07-18,4018.3600,4042.5200,4066.1800,4012.5100,4958258400,44684250000.0000,0.013573,0.274842
2014-07-21,4038.7400,4030.2400,4048.9400,4017.4500,4418609600,40783090000.0000,0.012086,-0.303772
2014-07-22,4024.4200,4083.2900,4086.1100,4023.0200,5467301600,50308590000.0000,0.014955,1.316300
2014-07-23,4083.0800,4057.1100,4094.6500,4042.0400,5851827600,52667950000.0000,0.016006,-0.641148
2014-07-24,4055.1500,4054.2200,4073.8600,4013.5500,6273828800,54485180000.0000,0.017161,-0.071236
2014-07-25,4052.0300,4089.8000,4089.8000,4047.8700,5504340800,49022360000.0000,0.015049,0.877606
2014-07-28,4106.9900,4168.3700,4168.3900,4106.9900,7952835200,70428860000.0000,0.021733,1.921123
2014-07-29,4173.1700,4207.8600,4221.5800,4167.2700,8076083200,75539000000.0000,0.022078,0.947367
2014-07-30,4198.4100,4214.8400,4220.2100,4184.3500,6914667200,68380610000.0000,0.018881,0.165880
2014-07-31,4211.0700,4257.0400,4257.4100,4208.5700,6571104000,65347460000.0000,0.017943,1.001229
2014-08-01,4242.3000,4210.2200,4268.4300,4201.9200,7817189600,74451500000.0000,0.021344,-1.099821
2014-08-04,4213.1100,4278.8500,4278.8500,4213.1100,6608314800,61712980000.0000,0.018033,1.630078
2014-08-05,4284.1500,4300.1200,4300.5000,4262.7600,7437961600,68408090000.0000,0.020297,0.497097
2014-08-06,4291.6300,4328.6000,4336.7600,4276.6800,7450724800,70105530000.0000,0.020331,0.662307
2014-08-07,4329.3000,4341.9400,4342.0700,4323.3800,2715730200,25162070000.0000,0.007410,0.308179
2014-08-08,4287.9410,4311.6970,4317.9310,4283.6060,5739771648,56641088512.0000,0.015659,-0.696536
2014-08-11,4317.3470,4377.0180,4377.2440,4317.3470,6479859200,63782885120.0000,0.017678,1.514979
2014-08-12,4378.2470,4399.8060,4400.0020,4370.2260,6726292992,66976600320.0000,0.018331,0.520630
2014-08-13,4399.4030,4401.8090,4410.4620,4347.3680,7311059968,72425033728.0000,0.019894,0.045523
2014-08-14,4397.2070,4373.5040,4426.4700,4368.7070,7461787904,71659794432.0000,0.020304,-0.643035
2014-08-15,4372.7710,4423.6360,4428.9730,4368.3370,6497228800,64887975936.0000,0.017679,1.146274
2014-08-18,4434.1750,4483.5440,4483.5680,4434.1750,7152626176,72487149568.0000,0.019442,1.354264
2014-08-19,4491.1690,4496.9380,4500.8020,4461.9810,7752148992,80824709120.0000,0.021072,0.298738
2014-08-20,4495.8230,4497.3990,4521.2500,4481.9200,7636869120,74592337920.0000,0.020755,0.010250
2014-08-21,4498.4930,4495.4400,4501.6610,4442.6440,7225705472,72267554816.0000,0.019593,-0.043558
2014-08-22,4491.6280,4521.7520,4526.2390,4478.7940,7203475968,71989850112.0000,0.019533,0.585305
2014-08-25,4521.8090,4487.1420,4522.7040,4476.1980,6797547008,69175500800.0000,0.018432,-0.765408
2014-08-26,4474.4540,4407.5880,4490.9020,4390.1110,6960691200,68801720320.0000,0.018873,-1.772937
2014-08-27,4401.8760,4421.2120,4432.1510,4401.6680,5435973888,57056865536.0000,0.014739,0.309104
2014-08-28,4423.7640,4381.4940,4431.5770,4368.6690,5435598336,55709092864.0000,0.014727,-0.898346
2014-08-29,4378.6240,4427.8790,4427.8790,4370.8530,4372281088,45962091520.0000,0.011846,1.058652
2014-09-01,4436.5460,4507.4420,4507.4860,4436.1080,5768541696,62594382336.0000,0.015627,1.796865
2014-09-02,4519.2420,4576.1200,4576.1200,4514.7330,8415383808,87290949632.0000,0.022797,1.523663
2014-09-03,4582.4790,4608.5570,4612.3340,4571.9460,8792713472,91114135552.0000,0.023804,0.708832
2014-09-04,4611.5620,4647.8860,4648.2220,4598.8640,9431810048,95294218240.0000,0.025535,0.853393
2014-09-05,4654.5150,4666.4740,4666.9180,4629.1760,9082661632,91527802880.0000,0.024589,0.399921
2014-09-09,4672.1090,4701.6990,4701.9440,4643.3810,8928430592,90541428736.0000,0.024153,0.754855
2014-09-10,4686.1170,4709.9090,4713.9590,4662.1810,8618734336,86626217984.0000,0.023315,0.174617
2014-09-11,4707.0450,4704.9420,4762.1320,4670.6430,9766970624,99548942336.0000,0.026422,-0.105465
2014-09-12,4698.1090,4756.9490,4757.0400,4689.6270,7855002624,78101716992.0000,0.021248,1.105376
2014-09-15,4759.7730,4807.5550,4810.0700,4752.8530,9287306496,93727092736.0000,0.025123,1.063832
2014-09-16,4809.4370,4645.5460,4816.3240,4643.8620,11731022848,115746938880.0000,0.031733,-3.369889
2014-09-17,4649.6090,4686.0470,4686.3920,4604.6710,8627612928,80739930112.0000,0.023333,0.871824
2014-09-18,4679.1110,4719.0090,4719.5840,4663.1470,7791305728,70041530368.0000,0.021029,0.703406
2014-09-19,4718.7800,4758.7270,4762.1710,4705.0880,7389142528,71508697088.0000,0.019917,0.841665
2014-09-22,4753.7950,4694.2290,4753.7950,4682.6160,7766707200,75028836352.0000,0.020934,-1.355363
2014-09-23,4693.3670,4754.4720,4754.4720,4692.8990,7167912704,72122818560.0000,0.019316,1.283345
2014-09-24,4746.6210,4815.7100,4816.1840,4733.5560,8489014272,85795434496.0000,0.022864,1.288004
2014-09-25,4826.9850,4814.7350,4861.7970,4797.2710,9233939712,92849405952.0000,0.024870,-0.020248
2014-09-26,4803.4430,4829.9350,4833.8020,4787.3090,7296852224,75214794752.0000,0.019616,0.315702
2014-09-29,4847.8160,4877.4350,4880.1550,4847.8160,8091809024,82373935104.0000,0.021735,0.983450
2014-09-30,4886.5560,4916.1190,4921.0760,4877.8830,8175504640,84266876928.0000,0.021943,0.793123
2014-10-08,4935.0480,4993.5310,4993.6140,4913.6790,9035851264,92697657344.0000,0.024252,1.574649
2014-10-09,4996.6620,5004.0010,5010.8250,4936.7290,10430328320,106970816512.0000,0.027892,0.209676
2014-10-10,4987.0420,4981.8530,5007.1250,4952.1910,9612392704,98663731200.0000,0.025694,-0.442605
2014-10-13,4964.2330,4982.6810,4982.6810,4906.1580,8313454592,86362918912.0000,0.022222,0.016623
2014-10-14,4978.8960,4966.0830,5013.9500,4933.5950,8229218816,85600755712.0000,0.021997,-0.333117
2014-10-15,4967.2290,4987.7070,4988.1780,4922.4820,8198574848,84289748992.0000,0.021850,0.435434
2014-10-16,4962.5810,4906.2440,5007.2750,4906.2440,9575317504,97600208896.0000,0.025525,-1.633273
2014-10-17,4894.5930,4860.7320,4914.6600,4771.7670,8522981632,84583436288.0000,0.022720,-0.927639
2014-10-20,4873.4550,4929.1600,4929.4730,4869.8770,6459660288,67365828352.0000,0.017219,1.407776
2014-10-21,4929.2300,4884.0240,4942.4590,4878.1800,6781318400,69276409856.0000,0.018077,-0.915698
2014-10-22,4881.5120,4825.6090,4902.7770,4821.1940,6136080896,64013598976.0000,0.016357,-1.196043
2014-10-23,4815.1230,4755.2310,4832.4270,4732.7620,6501240064,65545609728.0000,0.017330,-1.458426
2014-10-24,4757.0880,4774.6660,4800.3610,4754.8860,5633389568,55331137280.0000,0.015017,0.408709
2014-10-27,4762.5170,4809.5180,4809.9420,4739.3300,5600358656,55268773376.0000,0.014927,0.729937
2014-10-28,4819.5500,4924.9550,4925.0850,4819.5500,7511301376,76495548416.0000,0.020020,2.400178
2014-10-29,4938.7150,4991.7550,4999.9580,4923.5150,10560867072,106415988736.0000,0.028148,1.356354
2014-10-30,4988.9720,4992.6300,5021.1900,4975.7860,9916860416,98486132736.0000,0.026431,0.017529
2014-10-31,4999.0030,4986.4160,5012.2600,4945.2890,9166905856,92182212608.0000,0.024433,-0.124461
2014-11-03,4993.1710,5028.6980,5028.7570,4992.5290,9219743488,91560095744.0000,0.024573,0.847948
2014-11-04,5028.5400,5003.4700,5036.0960,4983.0520,9380765184,91176865792.0000,0.025001,-0.501681
2014-11-05,5004.8910,4995.4430,5013.6140,4976.1310,8467857152,81152274432.0000,0.022567,-0.160436
2014-11-06,4992.7230,5024.8480,5025.2260,4959.7320,7965074176,80227180544.0000,0.021226,0.588642
2014-11-07,5029.7970,4977.2550,5049.2840,4956.8680,9620128512,97187741696.0000,0.025637,-0.947158
2014-11-10,4989.4390,5031.0010,5031.1970,4973.3170,8524291840,85303607296.0000,0.022689,1.079834
2014-11-11,5038.6840,4881.4800,5041.3320,4842.4970,10650660096,104908840960.0000,0.028349,-2.971993
2014-11-12,4866.4250,4965.3840,4965.3840,4855.6340,7286072832,72056520704.0000,0.019394,1.718819
2014-11-13,4963.7320,4921.6710,4967.2110,4889.3730,8706349824,88982958080.0000,0.023171,-0.880353
2014-11-14,4901.1390,4909.6090,4920.0940,4862.3920,6575380992,65868662528.0000,0.017499,-0.245080
2014-11-17,4925.4720,4958.4660,4982.5200,4894.6490,6843922176,70056722432.0000,0.018214,0.995129
2014-11-18,4951.5850,4967.6510,4973.8550,4947.0220,6349050112,62652364544.0000,0.016897,0.185240
2014-11-19,4967.6360,4985.1010,5002.4370,4959.4950,6816471552,68842442752.0000,0.018141,0.351277
2014-11-20,4972.7410,4974.6260,4990.9350,4961.6040,5967675392,60572567808.0000,0.015882,-0.210128
2014-11-21,4975.5350,5029.7730,5029.7770,4975.4440,7286676224,74666844160.0000,0.019392,1.108565
2014-11-24,5088.2260,5112.1190,5130.0280,5065.1920,11851560704,118607306752.0000,0.031531,1.637175
2014-11-25,5118.6890,5189.0010,5189.4290,5106.5160,10777001728,113198465024.0000,0.028670,1.503913
2014-11-26,5198.1270,5214.2100,5215.6430,5168.1750,10988009728,117427499008.0000,0.029232,0.485816
2014-11-27,5229.4000,5251.3890,5251.6990,5202.7640,12058736640,125432954880.0000,0.032080,0.713036
2014-11-28,5249.6650,5245.2670,5261.1640,5193.3530,12536175104,130492841984.0000,0.033310,-0.116580
2014-12-01,5246.4280,5208.1390,5247.0070,5181.1000,11592338944,120869294080.0000,0.030779,-0.707837
2014-12-02,5201.3700,5277.6570,5278.6480,5196.0930,10940700416,117627764736.0000,0.029049,1.334797
2014-12-03,5284.5730,5339.0050,5339.2480,5245.3580,15294699008,164129648640.0000,0.040609,1.162403
2014-12-04,5345.0070,5451.9620,5452.3350,5343.1250,15212197632,168985378816.0000,0.040390,2.115695
2014-12-05,5462.7570,5333.8920,5464.2260,5185.3550,17243698176,192822398976.0000,0.045764,-2.165639
2014-12-08,5310.5670,5412.6740,5435.7890,5266.0210,15240200192,173052968960.0000,0.040440,1.477003
2014-12-09,5392.9470,5195.4060,5465.0860,5181.5170,19760866560,218570645504.0000,0.052436,-4.014062
2014-12-10,5184.0170,5374.0970,5374.2270,5150.9950,13131167232,143553421312.0000,0.034843,3.439412
2014-12-11,5366.2080,5454.4430,5454.9180,5341.8630,13986962688,152239235072.0000,0.037072,1.495055
2014-12-12,5457.2280,5493.2000,5498.9500,5437.6550,11656282880,128461475840.0000,0.030894,0.710564
2014-12-15,5485.1300,5583.5970,5588.8530,5466.7900,12968103168,148824932352.0000,0.033420,1.645616
2014-12-16,5590.2660,5606.6930,5609.6810,5548.9630,12511682304,144130949120.0000,0.032244,0.413635
2014-12-17,5597.8800,5557.2860,5597.8800,5488.7960,13313451008,150577864704.0000,0.034228,-0.881210
2014-12-18,5551.0380,5558.0450,5598.9850,5543.4010,10713899776,123272368128.0000,0.027544,0.013654
2014-12-19,5554.6650,5524.1220,5558.1760,5423.7530,13338714624,148955811840.0000,0.034293,-0.610338
2014-12-22,5523.6610,5305.2090,5523.9630,5279.9600,15132753920,161634562048.0000,0.038753,-3.962858
2014-12-23,5273.9900,5193.7220,5316.7170,5187.6320,9528258816,104442396672.0000,0.024399,-2.101460
2014-12-24,5212.0690,5262.3650,5263.2010,5197.7210,8614574592,95316705280.0000,0.022057,1.321655
2014-12-25,5279.2970,5364.5630,5365.0740,5272.3190,8976662528,100094603264.0000,0.022984,1.942050
2014-12-26,5370.3320,5422.7510,5423.3460,5359.5330,10578671360,119120592896.0000,0.027086,1.084673
2014-12-29,5436.4880,5367.6370,5436.4880,5330.3270,12069624064,136056913920.0000,0.030881,-1.016343
2014-12-30,5357.3880,5275.0850,5366.1600,5261.6150,9891032832,114207662080.0000,0.025307,-1.724264
2014-12-31,5274.6510,5322.7140,5322.7140,5241.3620,9368289792,104486027264.0000,0.023908,0.902903
2015-01-05,5338.7520,5417.0170,5427.2310,5314.3390,12878760192,139343032320.0000,0.032862,1.771713
2015-01-06,5389.9030,5479.8640,5482.1240,5354.3380,12375449600,140328099840.0000,0.031578,1.160171
2015-01-07,5471.4020,5488.2420,5492.8250,5436.9180,9605049344,111787081728.0000,0.024509,0.152895
2015-01-08,5482.3940,5444.0370,5497.7440,5418.0110,9563461632,108520980480.0000,0.024403,-0.805451
2015-01-09,5424.5010,5409.0580,5497.6890,5409.0580,9064080896,105390252032.0000,0.023110,-0.642520
2015-01-12,5386.5840,5332.2210,5386.5840,5303.7320,7802642944,89363509248.0000,0.019894,-1.420523
2015-01-13,5333.9680,5405.0910,5407.6290,5333.9680,6869376512,84711071744.0000,0.017506,1.366590
2015-01-14,5404.3740,5379.7380,5417.8020,5350.1650,6708649728,83215912960.0000,0.017090,-0.469058
2015-01-15,5380.4470,5449.0380,5449.2550,5380.3360,6788551424,81580601344.0000,0.017280,1.288172
2015-01-16,5459.1850,5520.1230,5520.7850,5454.2390,8450684416,104671600640.0000,0.021510,1.304541
2015-01-19,5359.4700,5281.8950,5475.6600,5222.0400,10533627136,121918328832.0000,0.026812,-4.315629
2015-01-20,5303.1810,5472.5140,5472.7360,5303.1810,9193795328,113837154304.0000,0.023402,3.608916
2015-01-21,5490.8400,5611.6940,5611.9820,5490.5260,11016742912,137794973696.0000,0.028042,2.543250
2015-01-22,5617.6090,5690.1560,5690.4300,5610.0900,10541262080,134778392576.0000,0.026831,1.398186
2015-01-23,5697.8370,5633.2890,5699.7260,5611.0660,9944033792,124087906304.0000,0.025311,-0.999387
2015-01-26,5644.0310,5758.9790,5759.3670,5636.2040,10129879296,126015651840.0000,0.025782,2.231200
2015-01-27,5767.7370,5773.8160,5783.9900,5670.4310,11431798784,139606298624.0000,0.029046,0.257631
2015-01-28,5756.6820,5739.9190,5798.5710,5722.4940,10238641408,123833495552.0000,0.026011,-0.587081
2015-01-29,5692.3870,5701.2050,5739.4860,5670.5050,8453858048,102904619008.0000,0.021465,-0.674467
2015-01-30,5708.2840,5632.7280,5735.9320,5631.5650,8059327232,100020596736.0000,0.020451,-1.201098
2015-02-02,5568.4350,5609.3890,5652.6670,5539.5230,7187186432,87828910080.0000,0.018238,-0.414344
2015-02-03,5627.3990,5707.4760,5708.2810,5627.3990,7543255808,98565931008.0000,0.019142,1.748620
2015-02-04,5720.9750,5683.5190,5734.3280,5680.8330,8092671488,104846864384.0000,0.020513,-0.419748
2015-02-05,5741.1930,5654.2170,5745.1360,5654.2170,8832435456,114976817152.0000,0.022388,-0.515565
2015-02-06,5640.0250,5534.7850,5657.6620,5510.7630,7627760896,95597146112.0000,0.019334,-2.112258
2015-02-09,5526.1440,5504.9740,5551.8980,5492.5460,5587343872,71258537984.0000,0.014153,-0.538612
2015-02-10,5502.7250,5580.7040,5581.3410,5500.5350,5497377024,72864169984.0000,0.013923,1.375665
2015-02-11,5587.6390,5641.7860,5642.2970,5587.4400,5805956608,78478438400.0000,0.014705,1.094522
2015-02-12,5647.5460,5681.3410,5689.7430,5640.8580,6269177344,86260854784.0000,0.015875,0.701102
2015-02-13,5709.1560,5769.2720,5789.3820,5709.1560,8230636800,110777389056.0000,0.020841,1.547718
2015-02-16,5786.1530,5869.7130,5870.0820,5786.0380,8230557440,113009192960.0000,0.020791,1.740963
2015-02-17,5888.8710,5911.0980,5914.2850,5877.9480,8093887232,107302051840.0000,0.020436,0.705064
2015-02-25,5926.2340,5906.5380,5952.7090,5887.3660,8355061504,109965828096.0000,0.021096,-0.077144
2015-02-26,5903.2620,5969.5570,5970.0600,5897.7150,9092074496,113711185920.0000,0.022957,1.066937
2015-02-27,5974.3590,6018.4630,6025.1150,5970.6810,9656068096,125337251840.0000,0.024379,0.819253
2015-03-02,6064.8210,6139.7920,6139.7920,6039.2540,12723533056,168615018496.0000,0.032106,2.015948
2015-03-03,6124.2760,6118.6560,6199.4970,6099.1310,14695326208,191869231104.0000,0.037082,-0.344250
2015-03-04,6114.6940,6210.4210,6211.0890,6114.2140,11922633472,159432392704.0000,0.030085,1.499760
2015-03-05,6212.6600,6208.9880,6217.7880,6161.3770,12095908864,160069238784.0000,0.030523,-0.023076
2015-03-06,6214.3320,6133.0260,6234.1140,6129.6220,10931372544,143376388096.0000,0.027579,-1.223419
2015-03-09,6113.5810,6212.2360,6212.5700,6080.5430,9870221568,127801028608.0000,0.024823,1.291532
2015-03-10,6214.5190,6276.4850,6299.2810,6205.9240,10291505920,135647657984.0000,0.025839,1.034234
2015-03-11,6275.1730,6262.8920,6281.1910,6236.7930,9946245376,131495190528.0000,0.024972,-0.216567
2015-03-12,6273.6920,6260.1370,6288.5170,6220.6310,10182147328,135322669056.0000,0.025564,-0.043987
2015-03-13,6271.8180,6329.5760,6329.7010,6271.8180,9522982912,127280144384.0000,0.023909,1.109224
2015-03-16,6369.1970,6516.7650,6517.0310,6369.1970,13705831936,189423837184.0000,0.034400,2.957370
2015-03-17,6547.3900,6618.0540,6635.0960,6525.8290,17258333696,235496439808.0000,0.043308,1.554284
2015-03-18,6624.3880,6728.0680,6728.5060,6612.4570,16461634816,221265199104.0000,0.041244,1.662327
2015-03-19,6733.1200,6782.4630,6783.1400,6687.4420,16687298816,226098982912.0000,0.041762,0.808479
2015-03-20,6789.0580,6850.8970,6862.3750,6786.3350,15216231936,218477064192.0000,0.038046,1.008986
2015-03-23,6891.9220,7017.1540,7017.4810,6891.9220,17177812992,249560698880.0000,0.042950,2.426789
2015-03-24,7042.9260,7046.1230,7055.1000,6801.5450,19706688000,287241224192.0000,0.049273,0.412835
2015-03-25,7051.8210,7124.8720,7170.8260,7001.5140,16957544704,255698440192.0000,0.042394,1.117622
2015-03-26,7104.0360,7074.4370,7171.6210,6995.6450,16392637952,246538403840.0000,0.040982,-0.707873
2015-03-27,7076.4880,7155.9450,7167.3700,7060.4320,12646098176,189864132608.0000,0.031616,1.152146
2015-03-30,7180.0630,7245.4970,7259.5410,7180.0630,16321954560,238312214528.0000,0.040799,1.251438
2015-03-31,7280.1500,7253.1040,7328.8510,7214.4810,16990600192,253293318144.0000,0.042457,0.104988
2015-04-01,7258.8310,7425.7330,7430.9450,7258.7380,15491880704,237481250816.0000,0.038522,2.380069
2015-04-02,7463.9070,7560.6480,7561.2010,7447.1190,16765094912,260629000192.0000,0.041688,1.816858
2015-04-03,7532.1480,7679.0100,7682.7230,7494.3620,17012356096,264305090560.0000,0.042274,1.565498
2015-04-07,7728.9100,7863.2840,7863.5950,7728.8000,18090483456,286054838272.0000,0.044953,2.399716
2015-04-08,7908.7700,7807.9970,7920.9830,7674.0660,18949572608,307712106496.0000,0.047057,-0.703105
2015-04-09,7818.2000,7746.1510,7818.2000,7483.2780,18275474944,291842957312.0000,0.045383,-0.792088
2015-04-10,7727.0070,7952.1890,7971.6220,7683.8000,16150296576,259672637440.0000,0.039951,2.659877
2015-04-13,7994.2530,8122.8930,8143.3820,7977.0000,17848498688,297003782144.0000,0.044078,2.146630
2015-04-14,8129.7280,8119.9590,8192.2380,8039.9510,18319049728,298146029568.0000,0.045215,-0.036121
2015-04-15,8093.1340,7802.7470,8093.1340,7786.9300,16721102336,266483490816.0000,0.041237,-3.906570
2015-04-16,7705.4640,7912.0880,7976.1210,7607.4000,14324605952,230085189632.0000,0.035281,1.401312
2015-04-17,7979.3540,7980.7600,8032.0750,7925.7430,19110982400,299254996992.0000,0.047069,0.867936
2015-04-20,7967.0330,7839.9010,8051.4700,7801.0290,21459606528,330349023232.0000,0.052850,-1.764981
2015-04-21,7852.5150,8112.6870,8113.0210,7846.6140,16981040896,272448487424.0000,0.041658,3.479459
2015-04-22,8180.1160,8323.4270,8333.8210,8179.3020,19915692288,318652485632.0000,0.048842,2.597656
2015-04-23,8371.8500,8410.7030,8447.9250,8275.1260,19799496192,322874339328.0000,0.048478,1.048563
2015-04-24,8321.3280,8419.0950,8453.3410,8256.1990,18352767488,304027512832.0000,0.044904,0.099773
2015-04-27,8503.5690,8513.0160,8576.4820,8413.2330,18568553216,307313975296.0000,0.045318,1.115570
2015-04-28,8533.6730,8266.4830,8543.3300,8187.1550,18425762560,303637307392.0000,0.044912,-2.895945
2015-04-29,8248.3140,8428.2540,8449.7010,8204.7300,14507472640,248413782016.0000,0.035167,1.956945
2015-04-30,8460.3940,8469.6730,8551.4650,8458.6010,14665389056,252898934784.0000,0.035444,0.491430
2015-05-04,8493.9630,8510.4810,8532.6540,8381.3730,13620460032,235268988928.0000,0.032905,0.481820
2015-05-05,8501.1190,8199.3440,8501.1190,8160.6560,14422427392,237914882048.0000,0.034752,-3.655936
2015-05-06,8220.5980,8082.9990,8359.2970,8012.4820,12931393536,219298267136.0000,0.031155,-1.418952
2015-05-07,8043.0080,7903.4780,8076.2300,7886.3620,11257094144,179222925312.0000,0.027023,-2.220970
2015-05-08,7989.3380,8201.2930,8201.8040,7983.8260,11888757504,203153653760.0000,0.028539,3.768151
2015-05-11,8292.6250,8558.2180,8558.8010,8242.0980,14857231104,268455219200.0000,0.035658,4.352055
2015-05-12,8595.0800,8745.6780,8746.2100,8564.6630,16584906240,301031751680.0000,0.039597,2.190409
2015-05-13,8719.5840,8824.9290,8909.5750,8643.4300,17498644224,317305028608.0000,0.041732,0.906173
2015-05-14,8829.8270,8813.3940,8878.4700,8725.2970,14901785344,272167505920.0000,0.035500,-0.130711
2015-05-15,8790.0060,8742.8850,8828.1140,8626.2290,14371357696,256824532992.0000,0.034135,-0.800018
2015-05-18,8725.4100,8903.5950,8929.9440,8698.8980,14044539136,255350812672.0000,0.033314,1.838180
2015-05-19,8927.3870,9124.8320,9125.5150,8904.1880,15175459328,270857990144.0000,0.035957,2.484809
2015-05-20,9176.0260,9277.3310,9429.2200,9173.4030,19095596800,341437210624.0000,0.045245,1.671253
2015-05-21,9320.8430,9619.2230,9620.0950,9320.2300,18717799168,339920130048.0000,0.044288,3.685237
2015-05-22,9756.5290,9778.1710,9821.8110,9547.4220,22250787328,408872005632.0000,0.052547,1.652402
2015-05-25,9717.5110,10040.0900,10040.7100,9659.3150,22846395392,415725084672.0000,0.053895,2.678589
2015-05-26,10117.7300,10373.5800,10373.8400,10046.2400,23851427584,454167425024.0000,0.056121,3.321567
2015-05-27,10421.3000,10497.3400,10539.7500,10192.1800,23261218048,448444547072.0000,0.054453,1.193104
2015-05-28,10501.3600,9868.4250,10637.9200,9860.5540,25809407488,484525592576.0000,0.059920,-5.991220
2015-05-29,9846.3900,9966.8450,10140.1000,9433.0880,19877263872,365693603840.0000,0.045908,0.997321
2015-06-01,10067.5300,10488.3100,10488.8900,10067.5300,18601613568,352129990656.0000,0.042748,5.232035
2015-06-02,10592.7500,10886.4000,10887.8800,10541.2800,21323422464,413213450240.0000,0.049002,3.795519
2015-06-03,10973.9600,10979.9900,11055.2100,10674.0700,20905957120,422516264960.0000,0.047855,0.859677
2015-06-04,10986.4200,10965.4100,11023.3400,10269.0400,21146018816,416105852928.0000,0.048326,-0.132734
2015-06-05,11117.3600,11144.5200,11236.1500,10887.1700,24887460096,484267028480.0000,0.056875,1.633394
2015-06-08,11157.1800,11030.9200,11157.1800,10860.3900,23563058176,457818554368.0000,0.053740,-1.019384
2015-06-09,11009.8800,11013.7400,11089.2000,10861.5800,18518446848,365243117568.0000,0.042230,-0.155741
2015-06-10,10947.4900,11208.0600,11319.9100,10830.3300,18459036416,375121158144.0000,0.042043,1.764354
2015-06-11,11220.0700,11366.2900,11367.6300,11155.9500,19036798208,381798543360.0000,0.043187,1.411800
2015-06-12,11424.3300,11545.8900,11616.3800,11400.6500,21065558784,425433231360.0000,0.047691,1.580090
2015-06-15,11589.9500,11332.8900,11616.3500,11304.0400,20587737856,425890897920.0000,0.047960,-1.844804
2015-06-16,11205.7500,10879.8400,11205.7500,10768.6200,17950384128,362990370816.0000,0.041791,-3.997706
2015-06-17,10865.3900,11100.5500,11133.1100,10497.6900,16003958784,321536143360.0000,0.037249,2.028615
2015-06-18,11093.3000,10731.3800,11178.3200,10714.3300,15435193856,307393310720.0000,0.035885,-3.325665
2015-06-19,10475.9200,9987.4070,10601.0400,9968.9920,13784861184,260339527680.0000,0.031993,-6.932676
2015-06-23,9951.7820,10046.8800,10074.8300,9333.9090,14104583936,255196430336.0000,0.032735,0.595525
2015-06-24,10136.2500,10267.6300,10271.2300,9950.6180,15820943872,300642770944.0000,0.036689,2.197121
2015-06-25,10298.5600,9906.1040,10343.0500,9771.8900,16407338240,314829258752.0000,0.038040,-3.521003
2015-06-26,9571.5550,9078.0640,9603.1270,9059.3570,14507658496,247206313984.0000,0.033575,-8.358878
2015-06-29,9267.0280,8484.6440,9281.1720,8339.3300,18165277696,291293818880.0000,0.042039,-6.536866
2015-06-30,8302.1820,8906.0210,8912.3960,7882.3290,19556853504,306723438592.0000,0.045147,4.966360
2015-07-01,8808.5150,8411.9100,9103.0930,8385.4330,17129742592,287642386432.0000,0.039534,-5.548059
2015-07-02,8369.4920,7835.1040,8433.5230,7787.0990,15697383424,236427497472.0000,0.036204,-6.857018
2015-07-03,7530.2660,7355.4910,7930.1460,7249.3090,15610599424,211908120576.0000,0.035961,-6.121333
2015-07-06,7842.4290,7235.9990,7842.4290,6883.6140,23075438592,295173222400.0000,0.052816,-1.624530
2015-07-07,6977.5480,6763.5260,7030.9780,6763.1180,11411596032,130756874240.0000,0.026064,-6.529480
2015-07-08,6444.6670,6602.3740,6702.2790,6444.2480,27534075904,306332688384.0000,0.062863,-2.382660
2015-07-09,6525.1210,6896.3520,6896.4930,6525.1210,9581574656,113774456832.0000,0.021876,4.452611
2015-07-10,7101.8170,7244.7840,7245.3280,7081.3540,7214119424,92427698176.0000,0.016423,5.052413
2015-07-13,7563.3800,7695.6350,7695.6690,7502.5510,12457767936,174731608064.0000,0.028350,6.223105
2015-07-14,7853.9970,7859.0580,8076.1910,7772.3930,16738370304,249877917696.0000,0.038092,2.123585
2015-07-15,7836.0830,7405.2940,7837.8440,7391.9590,16426765824,231734124544.0000,0.037380,-5.773773
2015-07-16,7342.8310,7578.7580,7729.6970,7078.7100,14201307904,200520466432.0000,0.032252,2.342431
2015-07-17,7629.7820,7994.6970,8050.7280,7620.1620,13937736960,208394145792.0000,0.031653,5.488221
2015-07-20,8025.1040,8116.4960,8250.3980,7931.6510,16213184000,252542558208.0000,0.036821,1.523501
2015-07-21,8011.9040,8220.4630,8291.9270,7937.6290,14309759232,222962315264.0000,0.032485,1.280932
2015-07-22,8207.1730,8320.2360,8354.3850,8075.5950,16116584704,250461708288.0000,0.036545,1.213720
2015-07-23,8330.4700,8551.9910,8585.8010,8288.8420,17749496576,273744551936.0000,0.040248,2.785436
2015-07-24,8580.6460,8425.0740,8706.2520,8348.4180,19694787584,319783661568.0000,0.044659,-1.484064
2015-07-27,8240.6790,7794.1810,8493.3480,7791.6000,17174004224,277807583232.0000,0.038943,-7.488279
2015-07-28,7514.1480,7649.8200,7893.9380,7261.6070,18029433088,265548849152.0000,0.040882,-1.852168
2015-07-29,7765.9490,8022.7950,8024.5770,7472.6330,13274524416,207022690304.0000,0.030101,4.875607
2015-07-30,7979.5690,7800.5800,8174.7010,7766.4610,14192869888,228327428096.0000,0.032183,-2.769793
2015-07-31,7692.4790,7727.0610,7876.6450,7634.5380,10783413504,169763024896.0000,0.024451,-0.942482
2015-08-03,7605.8950,7540.2050,7658.1730,7370.0420,11236459008,165121585152.0000,0.025479,-2.418202
2015-08-04,7548.0290,7942.0950,7942.2680,7532.8290,11718032128,175497236480.0000,0.026571,5.329963
2015-08-05,7933.3170,7839.3370,8047.6950,7773.9240,11999976704,186153218048.0000,0.027210,-1.293844
2015-08-06,7660.5830,7792.0280,7891.5640,7633.2890,9005828096,137351467008.0000,0.020413,-0.603483
2015-08-07,7874.4160,8013.3190,8015.3660,7855.6840,10946966272,170596073472.0000,0.024813,2.839967
2015-08-10,8106.1200,8394.0860,8437.9150,8079.8770,14531737088,230799532032.0000,0.032894,4.751678
2015-08-11,8402.3180,8435.3270,8551.5280,8356.5230,16243482624,263074578432.0000,0.036768,0.491313
2015-08-12,8342.6050,8336.3370,8490.2700,8320.0540,13268064512,217931591680.0000,0.030033,-1.173520
2015-08-13,8287.7710,8534.4290,8535.3670,8237.8930,13365028352,216706928640.0000,0.030212,2.376245
2015-08-14,8599.7740,8625.2420,8717.0690,8548.3370,16071307264,262365904896.0000,0.036309,1.064084
2015-08-17,8613.2860,8820.4570,8820.9830,8582.8290,16201328128,264346701824.0000,0.036601,2.263297
2015-08-18,8842.1620,8161.2690,8858.3300,8140.9100,18439569920,295325450240.0000,0.041658,-7.473400
2015-08-19,7865.6340,8340.9820,8404.9410,7667.3190,16262224896,247735545856.0000,0.036737,2.202027
2015-08-20,8255.9310,8049.5120,8376.6650,8049.5120,13831446784,215501672448.0000,0.031238,-3.494435
2015-08-21,7884.3050,7612.9020,8006.2930,7583.7040,13456109312,193790001152.0000,0.030391,-5.424060
2015-08-24,7255.2950,7006.1880,7292.7710,7003.6550,9219222272,123506311168.0000,0.020810,-7.969548
2015-08-25,6496.1060,6481.4120,6666.8100,6467.8130,10416229120,127802810368.0000,0.023439,-7.490177
2015-08-26,6470.0010,6238.5250,6687.5270,6165.1070,14919720960,178116575232.0000,0.033574,-3.747443
2015-08-27,6344.9550,6456.0550,6457.8640,6099.1670,12493233920,148108251136.0000,0.028112,3.486886
2015-08-28,6554.7550,6842.8940,6844.4510,6512.6970,14275851520,178364903424.0000,0.032060,5.991877
2015-08-31,6791.4190,6581.3130,6791.4190,6578.3540,11625855232,148296839168.0000,0.026059,-3.822667
2015-09-01,6507.8750,6169.2070,6507.8750,6161.0320,9866792960,112818462720.0000,0.022069,-6.261759
2015-09-02,5878.2070,6122.5530,6314.2910,5866.6650,11503272192,130640199680.0000,0.025622,-0.756237
2015-09-07,6187.6900,6143.5570,6379.1970,6094.4890,10244707072,123125436416.0000,0.022819,0.343058
2015-09-08,6096.0140,6374.8550,6387.3610,6014.5680,8550983680,99580932096.0000,0.019046,3.764885
2015-09-09,6408.6710,6551.0070,6609.9430,6380.2500,15009782528,185118482432.0000,0.033358,2.763229
2015-09-10,6434.5310,6440.3090,6565.1630,6407.1190,10641517824,129231794176.0000,0.023650,-1.689782
2015-09-11,6423.5210,6493.3190,6523.1900,6385.3100,9257202688,113349226496.0000,0.020565,0.823094
2015-09-14,6535.2630,6049.7910,6554.3840,6018.4440,11911366400,138102009856.0000,0.026462,-6.830526
2015-09-15,5886.2680,5708.0300,5996.2170,5689.9710,9342742528,97459798016.0000,0.020754,-5.649100
2015-09-16,5722.5310,6084.8370,6107.3710,5704.1220,10495292160,113350094848.0000,0.023314,6.601400
2015-09-17,6057.8680,5965.4090,6242.2480,5965.4090,12783572992,145294761984.0000,0.028362,-1.962700
2015-09-18,6007.4580,6036.8810,6073.5500,5934.0960,8365211136,94611595264.0000,0.018548,1.198100
2015-09-21,5966.2940,6250.4390,6251.6180,5943.5900,10543393024,123113394176.0000,0.023259,3.537600
2015-09-22,6264.0570,6295.9260,6362.0480,6215.5720,11868962560,142488547328.0000,0.026183,0.727700
2015-09-23,6192.3260,6224.6010,6302.6440,6162.9720,10124732416,121883144192.0000,0.022278,-1.132900
2015-09-24,6250.0880,6315.1100,6324.3140,6227.3910,9329019136,111994626048.0000,0.020388,1.454000
2015-09-25,6294.2020,6108.3760,6336.4290,6064.7230,9894203136,115277168640.0000,0.021617,-3.273600
2015-09-28,6118.2260,6219.6920,6221.0100,6020.4570,6773715712,81183133696.0000,0.014787,1.822300
2015-09-29,6114.4790,6103.6060,6183.8270,6065.8540,6857949440,81630154752.0000,0.014971,-1.866400
2015-09-30,6139.1400,6123.7280,6165.7460,6066.8340,5649767168,69580038144.0000,0.012322,0.329700
2015-10-08,6322.5350,6372.4920,6409.7410,6281.5310,9490732032,117653245952.0000,0.020692,4.062300
2015-10-09,6369.7520,6470.0510,6495.2930,6353.0420,9971166464,122666455040.0000,0.021740,1.530900
2015-10-12,6505.9120,6718.7220,6788.3980,6501.7590,15361987584,194872549376.0000,0.033454,3.843400
2015-10-13,6672.6610,6802.0770,6816.7760,6650.6150,13297752320,167008509952.0000,0.028947,1.240600
2015-10-14,6772.4580,6724.4960,6842.8740,6709.3450,12588244992,162532618240.0000,0.027384,-1.140500
2015-10-15,6694.0660,6929.2370,6929.4760,6694.0660,13179506688,176735002624.0000,0.028669,3.044700
2015-10-16,6979.6770,7047.5600,7052.1410,6883.1990,16450996992,214655811584.0000,0.035664,1.707600
2015-10-19,7072.3590,7047.3720,7113.6630,6951.7990,15600793088,213219885056.0000,0.033784,-0.002700
2015-10-20,7033.2050,7162.0750,7163.2610,6996.5630,13806279168,191314747392.0000,0.029866,1.627600
2015-10-21,7159.1320,6712.7390,7186.5420,6689.2680,17816918016,238182076416.0000,0.038542,-6.273800
2015-10-22,6708.2140,6964.2970,6970.6760,6700.6190,13547089920,184022577152.0000,0.029261,3.747500
2015-10-23,7015.6230,7138.2340,7169.3690,6988.5510,15889896192,231325503488.0000,0.034303,2.497600
2015-10-26,7223.1540,7186.7550,7233.3570,7088.5670,16330471424,236116328448.0000,0.035254,0.679700
2015-10-27,7123.0830,7231.4360,7266.7770,6900.4380,14744128256,210782330880.0000,0.031829,0.621700
2015-10-28,7179.9880,7048.8950,7270.7890,7019.6090,13272421888,194118701056.0000,0.028599,-2.524300
2015-10-29,7097.1880,7108.9750,7185.2080,7011.8630,11074126848,162166874112.0000,0.023862,0.852300
2015-10-30,7088.8060,7084.9710,7185.5250,6984.5010,11006955264,164366270464.0000,0.023718,-0.337700
2015-11-02,6936.3690,6936.4320,7137.0520,6914.1470,10720432384,157872558080.0000,0.023086,-2.096500
2015-11-03,6956.8930,6920.1030,6998.0500,6860.4390,8910533888,131475726336.0000,0.019187,-0.235400
2015-11-04,6953.8670,7267.9880,7268.3990,6953.8670,13920839680,203475230720.0000,0.029972,5.027200
2015-11-05,7277.0960,7276.4510,7364.5110,7225.6450,18519177216,268748054528.0000,0.039873,0.116400
2015-11-06,7284.8670,7446.8470,7456.2360,7284.7060,15269327104,225629351936.0000,0.032863,2.341700
2015-11-09,7415.7570,7543.8010,7593.1670,7350.8610,17752009728,269313949696.0000,0.038204,1.301900
2015-11-10,7517.4080,7575.0080,7633.0070,7486.8470,16573754112,251903188992.0000,0.035620,0.413700
2015-11-11,7589.6640,7684.6660,7686.3020,7556.3720,15208616960,227282276352.0000,0.032687,1.447600
2015-11-12,7712.6360,7682.4520,7739.6540,7579.6710,16228029184,254056873984.0000,0.034877,-0.028800
2015-11-13,7601.1460,7567.1080,7665.1380,7478.4140,14755926016,231879004160.0000,0.031713,-1.501400
2015-11-16,7438.4050,7718.8550,7719.7030,7431.7400,11691995904,187602743296.0000,0.025128,2.005400
2015-11-17,7787.0750,7650.3810,7820.0240,7635.9230,16275088128,258976591872.0000,0.034966,-0.887100
2015-11-18,7655.3270,7526.9420,7699.6090,7504.9890,12569000704,191824420864.0000,0.027004,-1.613500
2015-11-19,7552.9960,7718.6220,7719.5210,7538.2810,11052002560,175807201280.0000,0.023741,2.546600
2015-11-20,7741.6770,7806.2660,7844.0610,7720.1640,14607617792,234536701952.0000,0.031327,1.135500
2015-11-23,7816.8490,7744.1820,7876.4820,7710.0540,14238345472,227603820544.0000,0.030535,-0.795300
2015-11-24,7739.0900,7798.4980,7799.0110,7635.7810,11025855744,168541290496.0000,0.023644,0.701400
2015-11-25,7803.2900,7922.3840,7925.5360,7795.1640,12443550208,206535892992.0000,0.026685,1.588600
2015-11-26,7962.1690,7874.0800,7974.7350,7859.6330,14040461568,229452320768.0000,0.030109,-0.609700
2015-11-27,7839.3120,7376.1240,7852.0000,7317.6450,15297048832,234340601856.0000,0.032804,-6.324000
2015-11-30,7388.2800,7408.3990,7467.4670,7035.5470,12923402240,196799520768.0000,0.027714,0.437600
2015-12-01,7403.9420,7443.9450,7519.9370,7358.3650,11300867840,173439123456.0000,0.024234,0.479800
2015-12-02,7423.4980,7405.8600,7444.2220,7201.6590,10264747520,149757640704.0000,0.022012,-0.511600
2015-12-03,7413.2180,7570.5080,7571.4460,7412.6550,9532941312,142963965952.0000,0.020443,2.223200
2015-12-04,7533.6120,7511.6750,7600.3430,7464.2770,10136253440,154876248064.0000,0.021734,-0.777100
2015-12-07,7526.2230,7602.2280,7602.7700,7476.1910,9288129536,146830352384.0000,0.019904,1.205500
2015-12-08,7555.4630,7404.1420,7555.4630,7398.5580,9493882368,147230040064.0000,0.020278,-2.605600
2015-12-09,7369.1080,7374.2740,7431.0400,7322.8670,8329999104,132301271040.0000,0.017792,-0.403400
2015-12-10,7374.3550,7350.2100,7437.7060,7332.9800,7899042304,129506623488.0000,0.016865,-0.326300
2015-12-11,7320.1580,7290.7020,7347.3600,7253.8420,7213228800,111880425472.0000,0.015382,-0.809600
2015-12-14,7224.8090,7441.0300,7441.7630,7210.4100,7995728896,119228862464.0000,0.016942,2.061900
2015-12-15,7448.7140,7498.1810,7534.2240,7447.1080,8602149120,134207823872.0000,0.018221,0.768100
2015-12-16,7522.7290,7529.4030,7574.6490,7503.0860,8535116800,138082611200.0000,0.018079,0.416400
2015-12-17,7570.6700,7716.2460,7716.4760,7570.6700,13005476608,199820574720.0000,0.027541,2.481500
2015-12-18,7708.3350,7699.3700,7746.5120,7650.5560,11441690880,183995265024.0000,0.024217,-0.218700
2015-12-21,7698.4430,7788.5640,7798.0850,7692.0960,11501500416,180730408960.0000,0.024344,1.158500
2015-12-22,7810.9960,7856.6080,7856.9480,7752.6970,11159250688,175826886656.0000,0.023619,0.873600
2015-12-23,7859.1320,7773.2830,7881.2950,7756.3280,11816630784,186904469504.0000,0.024975,-1.060600
2015-12-24,7760.3780,7753.0370,7778.9360,7635.7840,9150934016,141331214336.0000,0.019341,-0.260500
2015-12-25,7759.8370,7792.1240,7805.0530,7738.8670,8125351936,128807084032.0000,0.017173,0.504100
2015-12-28,7815.3820,7603.3610,7837.6300,7603.3610,10981351424,170493739008.0000,0.023203,-2.422500
2015-12-29,7591.7140,7674.3880,7675.3080,7545.3520,7729253120,120873938944.0000,0.016325,0.934200
2015-12-30,7693.0220,7741.0470,7747.3510,7664.2810,8553323264,139407265792.0000,0.018008,0.868600
2015-12-31,7745.6380,7617.6890,7763.2960,7617.3850,7978152192,132286914560.0000,0.016795,-1.593600
2016-01-04,7615.5140,6983.4040,7624.1010,6983.2850,7801499904,115089031168.0000,0.016421,-8.326500
2016-01-05,6663.7260,6889.7410,7020.5410,6627.6420,11342822400,156717297664.0000,0.023875,-1.341200
2016-01-06,6916.5320,7065.6070,7066.0850,6878.6540,10093042688,136351473664.0000,0.021244,2.552600
2016-01-07,6937.4160,6462.2430,6937.4160,6454.9730,2842674208,34781544704.0000,0.005983,-8.539400
2016-01-08,6618.0810,6570.4320,6689.1410,6222.5930,11112960512,138934001664.0000,0.023355,1.674200
2016-01-11,6435.8940,6128.6560,6529.8790,6128.2230,11560073728,133119639552.0000,0.024236,-6.723700
2016-01-12,6126.6700,6136.6630,6205.5910,5994.6360,9190522112,105727201280.0000,0.019268,0.130700
2016-01-13,6168.9870,5924.0440,6226.5410,5924.0440,8612340224,98456702976.0000,0.018056,-3.464700
2016-01-14,5734.6080,6124.8200,6137.5070,5726.8830,9225144576,104255127552.0000,0.019340,3.389200
2016-01-15,6078.6150,5893.6820,6135.2710,5852.2410,8863053824,102277308416.0000,0.018574,-3.773800
2016-01-18,5768.7580,5978.9080,6051.1820,5765.1460,7246978816,86980313088.0000,0.015187,1.446100
2016-01-19,5965.3550,6197.0950,6203.4000,5956.2250,8798101504,106185498624.0000,0.018435,3.649300
2016-01-20,6161.2320,6138.5030,6244.9610,6095.7220,9194751744,113394507776.0000,0.019266,-0.945500
2016-01-21,6031.1700,5886.8840,6191.3170,5886.8840,8188276480,100555304960.0000,0.017157,-4.099000
2016-01-22,5954.3640,5980.6110,6013.9710,5799.7120,6983070976,84429369344.0000,0.014630,1.592100
2016-01-25,6034.0840,6041.3260,6093.2690,5976.3360,6530851328,78677684224.0000,0.013672,1.015200
2016-01-26,5966.7050,5589.3070,5982.4990,5573.8270,8544391680,98104094720.0000,0.017883,-7.482100
2016-01-27,5604.1670,5514.1890,5628.1860,5240.6460,8792411904,95354933248.0000,0.018400,-1.344000
2016-01-28,5441.7380,5271.2330,5511.3210,5257.0810,6733807616,73152741376.0000,0.014092,-4.406000
2016-01-29,5262.4600,5469.1250,5515.4860,5248.2150,7235909120,78303711232.0000,0.015142,3.754200
2016-02-01,5458.6050,5399.4770,5493.9820,5319.7010,6471611392,70863331328.0000,0.013535,-1.273500
2016-02-02,5407.7070,5586.6270,5594.3610,5407.6680,6657196288,75674181632.0000,0.013922,3.466100
2016-02-03,5520.6420,5610.1730,5634.9200,5482.2250,6328072704,70624919552.0000,0.013233,0.421500
2016-02-04,5631.3200,5721.4850,5744.0240,5631.3200,7108398336,83226218496.0000,0.014865,1.984100
2016-02-05,5734.4810,5664.1970,5747.9790,5662.4370,5607554560,65321968896.0000,0.011726,-1.001300
2016-02-15,5485.7230,5668.0400,5700.5220,5482.7960,5363125248,63351303168.0000,0.011202,0.067900
2016-02-16,5694.7490,5902.5340,5918.5930,5694.7490,8287714304,98534903808.0000,0.017311,4.137100
2016-02-17,5889.5020,5971.4120,5979.4070,5854.2200,9058252032,107857006592.0000,0.018919,1.166900
2016-02-18,6009.7490,5957.1310,6034.8520,5945.2040,9371479808,110109732864.0000,0.019564,-0.239200
2016-02-19,5939.6970,5979.5160,6009.7240,5919.6830,7038049792,86849114112.0000,0.014693,0.375800
2016-02-22,6055.6750,6103.7230,6111.6900,6029.4590,9432051968,110801608704.0000,0.019691,2.077200
2016-02-23,6102.5120,6070.5000,6118.6450,5982.2110,8787487488,106556792832.0000,0.018342,-0.544300
2016-02-24,6041.7530,6111.0430,6116.2550,5975.1400,8981957888,111114133504.0000,0.018747,0.667900
2016-02-25,6097.4200,5626.0520,6097.5440,5604.1040,11066865408,129597083648.0000,0.023099,-7.936300
2016-02-26,5668.3290,5648.9380,5701.0510,5517.6300,7985789440,91756326912.0000,0.016668,0.406800
2016-02-29,5618.5090,5350.4340,5618.5090,5286.3450,8670315264,93375909888.0000,0.018098,-5.284200
2016-03-01,5361.7920,5473.6350,5504.7510,5294.5440,8080357120,87222595584.0000,0.016866,2.302600
2016-03-02,5464.7330,5753.1480,5763.7990,5462.7420,11067195136,117963210752.0000,0.023101,5.106500
2016-03-03,5757.3610,5776.9770,5872.9240,5745.6230,12852736000,136298622976.0000,0.026828,0.414200
2016-03-04,5755.1190,5621.5610,5805.4090,5542.9830,10882994688,117455003648.0000,0.022716,-2.690300
2016-03-07,5686.6860,5752.5480,5788.4720,5681.8470,8717058048,94467280896.0000,0.018194,2.330100
2016-03-08,5751.3880,5764.3250,5764.3250,5538.1510,9814965504,106368708608.0000,0.020485,0.204700
2016-03-09,5627.1380,5617.0380,5709.5170,5583.0670,7261532416,80804884480.0000,0.015156,-2.555100
2016-03-10,5617.4150,5521.9480,5657.2630,5517.0160,5955941120,67298081280.0000,0.012431,-1.692900
2016-03-11,5460.5420,5508.9820,5545.3430,5433.3220,4980002304,55449987072.0000,0.010394,-0.234800
2016-03-14,5568.4640,5690.5900,5748.3330,5568.4640,7999741696,95153496064.0000,0.016696,3.296600
2016-03-15,5672.7540,5639.8010,5701.5680,5608.9980,6626889984,82607046656.0000,0.013832,-0.892500
2016-03-16,5662.4390,5562.8040,5689.2810,5531.3340,5748733184,69542981632.0000,0.011999,-1.365200
2016-03-17,5589.2200,5745.9750,5759.5400,5579.7250,8457575936,106177929216.0000,0.017652,3.292800
2016-03-18,5774.3030,5949.2630,5967.4590,5768.9080,12516034048,157756129280.0000,0.026123,3.537900
2016-03-21,6016.6940,6099.4810,6100.0320,6001.3220,13182551296,166761328640.0000,0.027510,2.525000
2016-03-22,6045.8390,6075.4920,6130.2650,6013.0490,10772165376,139915751424.0000,0.022480,-0.393300
2016-03-23,6054.2220,6118.9660,6119.3060,6031.2720,8966132480,118558593024.0000,0.018711,0.715600
2016-03-24,6062.7580,6018.4240,6127.5120,6008.5420,10143974400,134875738112.0000,0.021169,-1.643100
2016-03-25,6006.6690,6077.4310,6081.0920,5996.5380,7823131136,103214952448.0000,0.016326,0.980400
2016-03-28,6114.7670,6037.7780,6167.2380,6017.4880,9378233088,124277858304.0000,0.019559,-0.652500
2016-03-29,6029.9430,5921.8670,6041.3820,5875.0700,7900397568,99950096384.0000,0.016473,-1.919800
2016-03-30,5981.4210,6137.5030,6137.7920,5981.4210,8806129152,116510740480.0000,0.018332,3.641300
2016-03-31,6164.2810,6155.8140,6211.1390,6133.5960,9491572224,130216390656.0000,0.019754,0.298300
2016-04-01,6129.7240,6124.5280,6157.7400,6022.9700,8521953280,109236064256.0000,0.017736,-0.508200
2016-04-05,6136.6850,6286.5830,6293.4700,6117.1770,10554305024,137359798272.0000,0.021955,2.646000
2016-04-06,6262.6010,6323.4340,6324.2050,6243.1130,10467457792,139410354176.0000,0.021684,0.586200
2016-04-07,6344.3680,6228.9740,6355.3280,6228.9740,10992715008,145352445952.0000,0.022773,-1.493800
2016-04-08,6176.8640,6168.7420,6199.1470,6087.1040,8867017216,117273505792.0000,0.018361,-0.967000
2016-04-11,6226.3810,6304.3000,6334.5360,6226.3810,10219997696,136135426048.0000,0.021157,2.197500
2016-04-12,6299.4720,6252.7730,6316.2480,6182.8180,8706176768,118671126528.0000,0.018023,-0.817300
2016-04-13,6292.5690,6344.2260,6421.7270,6292.5690,13298998528,168481935360.0000,0.027525,1.462600
2016-04-14,6375.4940,6401.8550,6402.5090,6324.4640,9908817664,126151602176.0000,0.020486,0.908400
2016-04-15,6403.2530,6384.3500,6414.7940,6345.5540,8279805440,108425433088.0000,0.017119,-0.273400
2016-04-18,6343.7010,6281.2020,6343.7010,6241.9830,8040047104,106856005632.0000,0.016612,-1.615600
2016-04-19,6314.5820,6308.2290,6334.9040,6262.6120,6943866624,94250909696.0000,0.014339,0.430300
2016-04-20,6331.8700,6022.2130,6344.7810,5923.4330,11732538624,151256621056.0000,0.024227,-4.534000
2016-04-21,6000.3050,5970.6820,6085.9350,5960.5040,8480859136,106421755904.0000,0.017512,-0.855700
2016-04-22,5930.5310,6011.3200,6011.4600,5915.3060,6232381184,80109649920.0000,0.012868,0.680600
2016-04-25,5997.2130,5978.0770,5997.2190,5897.7350,5703433216,73555800064.0000,0.011763,-0.553000
2016-04-26,5971.8050,6046.7730,6047.0640,5958.4010,5605530624,73373212672.0000,0.011558,1.149100
2016-04-27,6051.4430,6016.6990,6086.3640,6005.1630,6073158144,80741695488.0000,0.012516,-0.497400
2016-04-28,6014.1260,5990.3290,6027.1970,5888.0640,6043070208,79015956480.0000,0.012449,-0.438300
2016-04-29,5963.9080,5985.5940,6018.2660,5953.1310,4970418688,66777694208.0000,0.010234,-0.079000
2016-05-03,5991.8290,6167.4540,6167.7980,5960.9410,7583105792,103426187264.0000,0.015611,3.038300
2016-05-04,6144.5690,6169.7830,6213.1930,6136.3010,7455574016,105223344128.0000,0.015319,0.037800
2016-05-05,6159.7270,6203.8170,6206.5300,6133.3800,6455896832,91831345152.0000,0.013239,0.551600
2016-05-06,6208.4400,5961.4890,6226.8760,5961.4590,9805691904,130809577472.0000,0.019990,-3.906100
2016-05-09,5910.1240,5743.6470,5910.1240,5714.1190,7823337984,96969986048.0000,0.015933,-3.654200
2016-05-10,5728.1080,5738.8960,5766.1570,5697.0930,5265774592,66883087360.0000,0.010691,-0.082700
2016-05-11,5770.3530,5723.4100,5806.4690,5700.0960,5801112576,76234412032.0000,0.011772,-0.269800
2016-05-12,5647.0650,5726.4560,5727.5780,5559.6930,5821581312,74358071296.0000,0.011794,0.053200
2016-05-13,5708.6280,5714.3110,5779.8920,5677.9420,5307673600,70802833408.0000,0.010733,-0.212100
2016-05-16,5692.6050,5812.5420,5813.0360,5665.2060,5796089856,76918595584.0000,0.011685,1.719000
2016-05-17,5814.1030,5790.3420,5853.6110,5763.5060,6526013696,88432066560.0000,0.013151,-0.381900
2016-05-18,5743.0330,5631.1930,5743.0330,5563.0570,6370485504,79484186624.0000,0.012838,-2.748500
2016-05-19,5628.7270,5666.7330,5729.4000,5628.6460,5643894016,76915662848.0000,0.011322,0.631100
2016-05-20,5619.9360,5732.9020,5733.2500,5600.4920,5593607680,76729348096.0000,0.011209,1.167700
2016-05-23,5752.1450,5809.4760,5811.6840,5752.0790,6277779200,85829083136.0000,0.012580,1.335700
2016-05-24,5800.0030,5743.1780,5800.1710,5701.6640,5795641600,76372606976.0000,0.011601,-1.141200
2016-05-25,5780.2660,5715.1830,5803.9850,5691.6090,5330295552,74090917888.0000,0.010667,-0.487400
2016-05-26,5705.0730,5744.3880,5744.8550,5598.6620,5966572800,79416815616.0000,0.011940,0.511000
2016-05-27,5728.9030,5739.5900,5780.0680,5712.4790,5998470400,80771653632.0000,0.011959,-0.083500
2016-05-30,5705.9960,5711.3150,5764.7610,5655.6350,4888800256,65125799168.0000,0.009708,-0.492600
2016-05-31,5721.8260,5947.3220,5947.4280,5721.8260,9523807232,123903098880.0000,0.018881,4.132300
2016-06-01,5957.1760,5973.7800,6013.9040,5949.6370,9451398656,130683568128.0000,0.018689,0.444900
2016-06-02,5961.7150,6013.8940,6014.6100,5955.3470,8124530688,108782018560.0000,0.016057,0.671500
2016-06-03,6016.9490,6032.6030,6062.1380,5992.3210,8484351488,117598515200.0000,0.016715,0.311100
2016-06-06,6051.9480,6051.8600,6067.4650,6008.9260,7355281920,102119301120.0000,0.014483,0.319200
2016-06-07,6048.3200,6045.3570,6052.0490,6010.3540,6959825920,95045443584.0000,0.013678,-0.107500
2016-06-08,6037.4130,6023.8780,6058.1770,5972.7440,7349816320,102105513984.0000,0.014418,-0.355300
2016-06-13,5943.7330,5746.4440,5992.3350,5746.0000,8713985792,117810315264.0000,0.016973,-4.605600
2016-06-14,5723.9940,5762.7610,5778.8540,5700.5230,6203270400,81369911296.0000,0.012074,0.284000
2016-06-15,5701.3880,5952.8460,5972.8530,5692.8150,9087860480,122434527232.0000,0.017604,3.298500
2016-06-16,5945.4940,5930.5450,5979.1160,5909.6870,9603145984,133397135360.0000,0.018570,-0.374600
2016-06-17,5937.3200,5964.2720,6002.6170,5918.1930,8906684160,118152310784.0000,0.017180,0.568700
2016-06-20,5965.8250,5985.5690,5995.0000,5908.4820,7453014528,100491968512.0000,0.014345,0.357100
2016-06-21,6023.9230,5916.8030,6053.4090,5888.3580,8814068736,118730711040.0000,0.016931,-1.148900
2016-06-22,5901.1500,6008.8860,6009.0570,5895.9140,7241714432,93026463744.0000,0.013905,1.556300
2016-06-23,5998.6730,5978.1740,6015.1820,5933.6830,7797955584,103604367360.0000,0.014961,-0.511100
2016-06-24,5967.5150,5903.6200,6011.3710,5748.8390,9841986816,125507973120.0000,0.018786,-1.247100
2016-06-27,5864.7260,6044.2190,6044.3230,5864.6140,8404790784,111586009088.0000,0.015996,2.381600
2016-06-28,6018.9120,6107.5110,6111.0710,6012.0510,9495272192,127682932736.0000,0.018071,1.047100
2016-06-29,6130.5760,6120.2020,6145.0000,6100.0840,9305521920,121775345664.0000,0.017699,0.207800
2016-06-30,6127.9890,6123.4940,6143.2320,6090.9040,7729966080,103442608128.0000,0.014666,0.053800
2016-07-01,6133.7180,6111.5390,6163.4260,6095.8500,7381443328,96454340608.0000,0.014005,-0.195200
2016-07-04,6079.5840,6231.8810,6240.6030,6078.6280,10007819008,125652742144.0000,0.018988,1.969100
2016-07-05,6244.3870,6269.5050,6276.8210,6226.2950,10792880128,136874958848.0000,0.020477,0.603700
2016-07-06,6250.4890,6297.3970,6299.7340,6231.5410,9506962176,121875951616.0000,0.018036,0.444900
2016-07-07,6291.0570,6319.7930,6342.4350,6256.2720,11245359616,151625609216.0000,0.021199,0.355600
2016-07-08,6308.0620,6299.8530,6337.0710,6276.8300,8806473984,116856242176.0000,0.016597,-0.315500
2016-07-11,6320.0630,6312.4990,6387.0700,6306.1340,10366286592,139771392000.0000,0.019534,0.200700
2016-07-12,6309.8190,6395.1450,6395.4350,6248.9340,11687378688,148468568064.0000,0.022023,1.309200
2016-07-13,6413.8120,6446.5630,6456.7720,6392.4000,11212208128,143467356160.0000,0.021120,0.804000
2016-07-14,6437.2770,6455.5830,6458.2880,6410.3990,9527158016,124877340672.0000,0.017946,0.139900
2016-07-15,6459.6260,6441.0160,6469.0450,6409.7970,9319290368,120337711104.0000,0.017544,-0.225600
2016-07-18,6426.8560,6412.0730,6455.4590,6379.0650,8933062912,116299509760.0000,0.016788,-0.449400
2016-07-19,6407.0340,6431.9380,6431.9380,6355.4790,8096187136,109308248064.0000,0.015193,0.309800
2016-07-20,6429.6890,6417.9220,6454.1790,6404.1540,7482030848,101445292032.0000,0.014040,-0.217900
2016-07-21,6414.8010,6442.7090,6487.0220,6405.6020,8743792640,117363957760.0000,0.016392,0.386200
2016-07-22,6437.8830,6390.9250,6448.3660,6385.2520,8644549376,114814545920.0000,0.016204,-0.803800
2016-07-25,6383.5610,6408.7830,6441.3160,6374.2550,8109004032,105671172096.0000,0.015180,0.279400
2016-07-26,6410.8220,6494.4740,6494.7390,6410.8220,8155655680,103166812160.0000,0.015265,1.337100
2016-07-27,6499.3370,6229.2880,6515.8770,6154.4590,13852789248,174673313792.0000,0.025928,-4.083300
2016-07-28,6220.9160,6243.2880,6273.3790,6148.8580,9131871232,114438918144.0000,0.017088,0.224700
2016-07-29,6239.8530,6202.8920,6259.1990,6183.1640,7268133120,90326552576.0000,0.013581,-0.647000
2016-08-01,6179.2010,6109.2780,6179.2010,6046.4020,7291022080,87691636736.0000,0.013512,-1.509200
2016-08-02,6100.7490,6168.5080,6168.6810,6099.2490,5580505600,66288104960.0000,0.010340,0.969500
2016-08-03,6154.4740,6198.3880,6203.6140,6140.8290,6868695040,80885121024.0000,0.012726,0.484400
2016-08-04,6194.2020,6238.2300,6245.3040,6174.2390,7055639296,84228161536.0000,0.013073,0.642800
2016-08-05,6231.5250,6203.2870,6251.3980,6202.8620,6754335488,81408225280.0000,0.012512,-0.560100
2016-08-08,6191.6470,6290.7560,6290.8990,6152.5790,7704787968,87087722496.0000,0.014270,1.410000
2016-08-09,6283.2880,6341.5490,6341.7230,6281.0720,7816512256,92794683392.0000,0.014477,0.807400
2016-08-10,6336.5350,6318.2680,6366.0890,6314.5120,7719742464,91372974080.0000,0.014298,-0.367100
2016-08-11,6304.7770,6226.3120,6318.9770,6226.3580,7068452608,84068495360.0000,0.013090,-1.455400
2016-08-12,6218.3530,6299.0910,6299.0910,6204.9610,6863547904,77608882176.0000,0.012717,1.168900
2016-08-15,6309.4140,6442.5270,6451.9290,6289.7240,11798146816,136188719104.0000,0.021858,2.277100
2016-08-16,6449.9060,6468.8940,6488.7000,6446.2360,10971283968,130364641280.0000,0.020316,0.409300
2016-08-17,6462.0460,6488.3640,6502.1390,6437.2630,9578850816,110221545472.0000,0.017746,0.301000
2016-08-18,6485.9260,6490.4080,6527.1970,6466.3970,11041553408,120247898112.0000,0.020454,0.031500
2016-08-19,6485.7190,6499.5540,6516.9790,6451.6120,9182710016,100807655424.0000,0.017001,0.140900
2016-08-22,6499.7520,6420.3540,6508.7960,6419.5620,9236915200,101907820544.0000,0.017101,-1.218500
2016-08-23,6414.9810,6428.6970,6448.5420,6380.9150,8057296384,86882140160.0000,0.014914,0.129900
2016-08-24,6432.8780,6435.0580,6466.6250,6415.6990,7386234368,83336138752.0000,0.013672,0.099000
2016-08-25,6398.5640,6382.5700,6398.5640,6312.6530,7972243200,90859884544.0000,0.014757,-0.815700
2016-08-26,6395.7720,6410.7330,6460.8670,6395.7300,7478579456,88200839168.0000,0.013843,0.441200
2016-08-29,6409.1170,6427.5290,6442.3980,6398.7760,6895656960,82355642368.0000,0.012764,0.262000
2016-08-30,6428.9650,6425.7540,6459.7140,6413.7100,6158835200,74080579584.0000,0.011311,-0.027600
2016-08-31,6422.8010,6434.2100,6441.1060,6390.6990,6527700480,75033509888.0000,0.011980,0.131600
2016-09-01,6434.2600,6381.4750,6445.4320,6380.9000,7188610816,81004503040.0000,0.013193,-0.819600
2016-09-02,6371.4920,6356.9530,6403.5720,6320.4790,6750696192,78519545856.0000,0.012389,-0.384300
2016-09-05,6372.6240,6391.7920,6419.7460,6372.6240,6543463936,76419149824.0000,0.012005,0.548000
2016-09-06,6392.6080,6492.9720,6493.3470,6345.6940,8682608640,104828522496.0000,0.015929,1.583000
2016-09-07,6490.3300,6494.3150,6529.8110,6483.0870,9319020800,109431484416.0000,0.017097,0.020700
2016-09-08,6489.6160,6517.9830,6518.3320,6478.6470,7246413568,87823609856.0000,0.013293,0.364400
2016-09-09,6518.6750,6471.0530,6539.3470,6470.9040,7867246336,95311302656.0000,0.014422,-0.720000
2016-09-12,6362.7700,6291.6360,6383.8430,6283.8160,9004175616,104742907904.0000,0.016500,-2.772600
2016-09-13,6324.7430,6320.0310,6340.8720,6284.0360,6863665920,81512865792.0000,0.012578,0.451300
2016-09-14,6286.6170,6278.1580,6318.2700,6260.6520,5831969280,69112385536.0000,0.010687,-0.662500
2016-09-19,6292.8070,6344.1810,6344.4500,6292.8070,5497876480,63813913344.0000,0.010042,1.051600
2016-09-20,6344.7050,6342.0320,6346.9300,6319.7620,5450561280,62741951488.0000,0.009955,-0.033900
2016-09-21,6342.0040,6343.7540,6362.9990,6335.3910,5029034240,60152141312.0000,0.009185,0.027100
2016-09-22,6381.1560,6385.6350,6410.5700,6377.1730,6297159936,73959518208.0000,0.011499,0.660200
2016-09-23,6397.3330,6370.5830,6402.6390,6369.2220,6257830656,72046481408.0000,0.011427,-0.235700
2016-09-26,6363.9300,6241.5150,6364.2080,6239.8670,7210665984,80920793088.0000,0.013167,-2.026000
2016-09-27,6229.8180,6286.9090,6287.3350,6200.5650,5640053248,63613817088.0000,0.010299,0.727300
2016-09-28,6300.8490,6281.2830,6300.8490,6266.7520,4916326144,55557965824.0000,0.008963,-0.089500
2016-09-29,6288.9180,6298.7910,6323.4150,6288.9180,5069155840,58112818944.0000,0.009241,0.278700
2016-09-30,6292.0790,6328.0850,6338.2990,6289.4650,4496513024,52590567680.0000,0.008197,0.465100
2016-10-10,6364.5160,6447.6930,6447.9360,6345.3310,7272403456,87775588352.0000,0.013258,1.890100
2016-10-11,6451.0440,6486.4250,6486.6490,6443.7470,7885088768,89907666944.0000,0.014375,0.600700
2016-10-12,6463.8090,6482.7370,6484.0000,6452.4130,6771848704,77595766784.0000,0.012343,-0.056900
2016-10-13,6480.9290,6484.8310,6501.5560,6468.1320,6847165184,78494097408.0000,0.012475,0.032300
2016-10-14,6476.2610,6469.4910,6477.8530,6423.5780,6586009600,75444318208.0000,0.011999,-0.236500
2016-10-17,6478.5100,6413.1480,6487.6700,6394.4860,7170479616,83743641600.0000,0.013064,-0.870900
2016-10-18,6409.7380,6509.2820,6509.2820,6409.7380,7369850880,86044532736.0000,0.013427,1.499000
2016-10-19,6518.7370,6495.2570,6531.1620,6476.5620,7504880640,87276974080.0000,0.013673,-0.215500
2016-10-20,6495.8260,6498.2370,6506.5810,6474.7790,6557491200,75634634752.0000,0.011944,0.045900
2016-10-21,6498.9850,6475.2800,6506.6100,6424.4420,7319512576,83617169408.0000,0.013319,-0.353300
2016-10-24,6479.5540,6539.4660,6546.7880,6472.9390,8607674624,93119438848.0000,0.015663,0.991200
2016-10-25,6543.4660,6563.3530,6563.5230,6536.9440,8392323072,94315372544.0000,0.015271,0.365300
2016-10-26,6561.1580,6530.3890,6561.2460,6511.6570,8085924352,91780595712.0000,0.014675,-0.502200
2016-10-27,6522.8860,6517.3590,6529.4670,6488.3630,6710299648,76662910976.0000,0.012172,-0.199500
2016-10-28,6512.0380,6455.8340,6536.8340,6455.1470,7069709568,79712067584.0000,0.012824,-0.944000
2016-10-31,6441.4340,6452.2050,6460.7720,6408.2730,6025368832,71768416256.0000,0.010929,-0.056200
2016-11-01,6456.9990,6507.9500,6508.3640,6450.0200,6253990144,72251174912.0000,0.011344,0.864000
2016-11-02,6494.9800,6455.1290,6506.7750,6450.0500,7229906688,82898305024.0000,0.013113,-0.811600
2016-11-03,6442.3540,6483.7320,6521.0000,6436.9070,7754984448,88683290624.0000,0.014065,0.443100
2016-11-04,6482.6000,6462.5920,6502.7400,6449.5600,7063540736,81640501248.0000,0.012811,-0.326000
2016-11-07,6461.0000,6468.8170,6487.0600,6437.7400,6881212672,76326264832.0000,0.012480,0.096300
2016-11-08,6487.6480,6503.1780,6518.1890,6476.4440,7244487936,78508138496.0000,0.013138,0.531200
2016-11-09,6504.4110,6453.5710,6507.8640,6380.5710,8806010112,96517279744.0000,0.015970,-0.762800
2016-11-10,6501.6380,6536.9650,6538.7410,6501.6380,9062523904,96157564928.0000,0.016435,1.292200
2016-11-11,6539.3590,6583.8860,6584.4090,6527.4520,11037159424,117683142656.0000,0.020014,0.717800
2016-11-14,6568.6590,6615.0070,6624.2050,6566.0530,12666934272,129072812032.0000,0.022970,0.472700
2016-11-15,6622.8780,6640.4610,6641.0350,6602.2810,10511091200,107784605696.0000,0.019060,0.384800
2016-11-16,6647.5280,6644.1870,6658.4270,6630.1230,9546867712,102794051584.0000,0.017312,0.056100
2016-11-17,6633.3090,6636.4690,6646.3090,6596.8960,8453531136,87728988160.0000,0.015329,-0.116200
2016-11-18,6632.6270,6602.3260,6643.9400,6592.8350,8127855104,86902681600.0000,0.014737,-0.514500
2016-11-21,6597.1740,6611.5390,6635.8910,6591.9750,7875184384,90652602368.0000,0.014278,0.139500
2016-11-22,6619.8500,6661.2460,6661.5400,6617.0690,9217780992,101984600064.0000,0.016712,0.751800
2016-11-23,6668.2480,6631.1730,6676.6670,6617.7750,9396324096,103904387072.0000,0.017036,-0.451500
2016-11-24,6635.2230,6623.0480,6656.9650,6607.0270,9358629888,104720240640.0000,0.016968,-0.122500
2016-11-25,6620.2190,6652.8170,6652.9160,6531.3660,8893463552,100029173760.0000,0.016063,0.449500
2016-11-28,6667.2650,6670.8030,6692.1410,6650.9190,9574136576,106722283520.0000,0.017275,0.270400
2016-11-29,6658.3550,6620.7940,6681.8810,6619.0380,10144690688,112700268544.0000,0.018304,-0.749700
2016-11-30,6605.3610,6585.5770,6615.9210,6568.7950,8152681216,91354955776.0000,0.014709,-0.531900
2016-12-01,6593.5930,6624.4650,6624.8510,6593.0730,7781850880,87662534656.0000,0.014040,0.590500
2016-12-02,6617.8740,6520.9740,6623.7930,6520.9740,8109752576,91203227648.0000,0.014632,-1.562300
2016-12-05,6462.2550,6486.0170,6522.5960,6451.0840,6682182144,75623702528.0000,0.012050,-0.536100
2016-12-06,6496.1630,6490.8890,6514.0310,6484.9790,5200919808,61621652480.0000,0.009378,0.075100
2016-12-07,6493.0020,6558.0240,6558.2430,6481.9190,5940641536,67819689472.0000,0.010711,1.034300
2016-12-08,6561.7210,6527.4330,6562.6570,6522.9600,5698976256,67589603328.0000,0.010275,-0.466500
2016-12-09,6519.3940,6513.9150,6534.8960,6500.2140,5921829120,71500664832.0000,0.010676,-0.207100
2016-12-12,6512.9590,6249.0780,6519.6280,6241.6110,9473677824,107463241728.0000,0.017077,-4.065700
2016-12-13,6235.5580,6278.1790,6292.8030,6190.3890,6520672768,75946020864.0000,0.011700,0.465700
2016-12-14,6269.0800,6239.4980,6299.0400,6216.9500,6897758464,81065250816.0000,0.012372,-0.616100
2016-12-15,6216.1440,6280.3980,6310.7430,6211.2730,6473297408,75209830400.0000,0.011610,0.655500
2016-12-16,6279.2760,6318.5230,6329.1900,6273.0010,6220417536,71330844672.0000,0.011156,0.607000
2016-12-19,6319.8570,6320.7320,6330.3820,6297.3660,6257915904,70180560896.0000,0.011221,0.035000
2016-12-20,6314.6110,6300.6380,6315.5360,6275.3110,6092065792,65544588800.0000,0.010923,-0.317900
2016-12-21,6311.0580,6347.6050,6348.3760,6311.0580,6363287040,70594551808.0000,0.011409,0.745400
2016-12-22,6341.2000,6341.7870,6350.2720,6313.8570,5961720832,64478216448.0000,0.010686,-0.091700
2016-12-23,6339.3460,6281.9960,6343.8540,6277.6600,5718248192,64218562560.0000,0.010233,-0.942800
2016-12-26,6260.3390,6294.7540,6295.2360,6194.2650,5444435712,60864353792.0000,0.009738,0.203100
2016-12-27,6291.6460,6288.8590,6311.0350,6284.0400,4927552512,56430287104.0000,0.008810,-0.093600
2016-12-28,6288.7320,6270.2390,6295.8900,6257.1040,4857416448,54961473536.0000,0.008685,-0.296100
2016-12-29,6261.8670,6252.6070,6286.7410,6242.9830,4502814208,51113318144.0000,0.008049,-0.281200
2016-12-30,6255.6200,6263.6250,6275.5490,6241.7180,4692493824,54554270976.0000,0.008381,0.176200
2017-01-03,6273.8180,6320.7620,6320.9520,6273.7520,4857779200,57302999296.0000,0.008667,0.912200
2017-01-04,6321.7470,6394.6690,6395.0030,6314.1260,6673942272,78531887104.0000,0.011903,1.169300
2017-01-05,6391.5830,6399.2840,6412.8730,6385.1210,6144520192,72267792384.0000,0.010959,0.072200
2017-01-06,6398.8630,6371.6160,6401.7380,6364.8870,6490247424,73723002880.0000,0.011574,-0.432400
2017-01-09,6365.3880,6415.4170,6415.4680,6357.3560,6397903104,74310356992.0000,0.011396,0.687400
2017-01-10,6412.7610,6393.9280,6428.8340,6388.9200,6821068288,76722143232.0000,0.012150,-0.335000
2017-01-11,6381.7040,6331.9630,6402.8980,6331.5060,6284335872,68331890944.0000,0.011190,-0.969100
2017-01-12,6325.6230,6272.8510,6339.3210,6269.1990,5343363328,57259476480.0000,0.009513,-0.933500
2017-01-13,6272.7890,6194.6570,6282.7160,6182.1040,5361148416,58444907264.0000,0.009545,-1.246500
2017-01-16,6184.1290,6031.2410,6184.3360,5872.3950,7895834880,82148409344.0000,0.014055,-2.638000
2017-01-17,6006.0790,6082.0650,6082.2000,5957.0430,5054089728,54018905856.0000,0.008964,0.842700
2017-01-18,6067.1670,6068.5930,6098.7840,6049.9690,4614217984,48404585984.0000,0.008182,-0.221500
2017-01-19,6054.7250,6043.6750,6074.4630,6029.6400,4441961728,45854100480.0000,0.007876,-0.410600
2017-01-20,6037.5600,6121.9980,6129.5790,6034.9690,4571735296,49013086208.0000,0.008106,1.296000
2017-01-23,6130.4400,6172.1670,6189.1730,6130.1950,5038973696,52727412736.0000,0.008931,0.819500
2017-01-24,6167.8400,6165.2640,6177.2070,6154.0670,5012780288,49571128576.0000,0.008876,-0.111800
2017-01-25,6156.7760,6179.5680,6187.4330,6152.1440,4297428736,43740185088.0000,0.007608,0.232000
2017-01-26,6183.1580,6223.7060,6224.1890,6183.1580,4054247696,41944887040.0000,0.007178,0.714300
2017-02-03,6227.4610,6207.0920,6231.6030,6190.8270,3554149104,37929189888.0000,0.006294,-0.267000
2017-02-06,6206.5350,6259.2470,6259.4100,6195.4950,4575565568,50034776832.0000,0.008084,0.840300
2017-02-07,6254.2000,6255.9270,6269.4600,6223.5390,5092823296,53950802944.0000,0.008998,-0.053000
2017-02-08,6248.4700,6291.5970,6291.7650,6219.0200,5388512000,57742141952.0000,0.009520,0.570200
2017-02-09,6288.8840,6331.1770,6331.3290,6285.7280,7272232960,74903715840.0000,0.012848,0.629100
2017-02-10,6329.6820,6337.1080,6350.3390,6320.2480,8937713920,87202787328.0000,0.015791,0.093700
2017-02-13,6341.7260,6369.6520,6370.2070,6331.9610,8376505344,84625076224.0000,0.014799,0.513500
2017-02-14,6366.9370,6374.8850,6378.0620,6346.5930,7606862848,75879186432.0000,0.013439,0.082200
2017-02-15,6367.6430,6311.6950,6379.7870,6301.0120,8407660800,84745248768.0000,0.014854,-0.991200
2017-02-16,6308.3180,6359.3360,6363.8690,6306.5100,7507458048,75785519104.0000,0.013263,0.754800
2017-02-17,6356.0920,6307.1620,6365.6950,6300.5100,7907995136,80705736704.0000,0.013969,-0.820400
2017-02-20,6307.2340,6385.0620,6385.0620,6307.2340,7412663552,80325701632.0000,0.013094,1.235100
2017-02-21,6390.5080,6434.4380,6434.5340,6386.9040,7889690112,86222032896.0000,0.013937,0.773300
2017-02-22,6432.7500,6474.2250,6474.4890,6431.4080,8752564224,95597768704.0000,0.015461,0.618300
2017-02-23,6470.6170,6473.9930,6482.2480,6435.7450,8936667904,99277238272.0000,0.015786,-0.003600
2017-02-24,6466.1820,6476.1650,6477.4210,6445.0660,7625812736,85426216960.0000,0.013470,0.033500
2017-02-27,6476.3760,6424.2540,6480.1860,6417.7840,7224500992,81011814400.0000,0.012762,-0.801600
2017-02-28,6424.9950,6450.9700,6451.2910,6414.7830,6303112704,71170207744.0000,0.011132,0.415900
2017-03-01,6446.4350,6467.6380,6488.8240,6440.8070,7247967232,83177652224.0000,0.012801,0.258400
2017-03-02,6476.1050,6434.6260,6484.1150,6431.4350,7206417152,84092919808.0000,0.012728,-0.510400
2017-03-03,6417.3880,6452.8390,6457.2280,6398.8840,6525325312,78891589632.0000,0.011524,0.283000
2017-03-06,6457.5920,6517.3230,6518.0420,6457.5920,6727767296,83853156352.0000,0.011880,0.999300
2017-03-07,6517.8450,6523.1860,6523.3590,6491.2630,6853491456,82330583040.0000,0.012102,0.090000
2017-03-08,6519.9740,6497.0870,6525.1930,6478.5480,6306736896,75049472000.0000,0.011135,-0.400100
2017-03-09,6484.5810,6439.3820,6484.8270,6425.0020,6423898112,73949327360.0000,0.011342,-0.888200
2017-03-10,6436.7580,6447.9160,6464.6020,6436.6380,5635992832,69999415296.0000,0.009950,0.132500
2017-03-13,6444.5580,6507.8960,6508.0660,6412.7080,6491243008,81201111040.0000,0.011460,0.930200
2017-03-14,6508.3690,6493.4840,6518.7780,6480.0800,6027199488,74548113408.0000,0.010641,-0.221500
2017-03-15,6486.3000,6486.0610,6499.5420,6471.7200,5575008512,69104009216.0000,0.009842,-0.114300
2017-03-16,6499.8320,6543.3400,6543.3400,6499.8320,6865462016,84809252864.0000,0.012120,0.883100
2017-03-17,6543.5570,6483.2460,6555.5780,6480.2910,7306370560,89911152640.0000,0.012899,-0.918400
2017-03-20,6484.5400,6498.3410,6498.5650,6451.3540,6164478208,76363964416.0000,0.010883,0.232800
2017-03-21,6494.7720,6515.9450,6516.0100,6484.6870,5899504128,75784024064.0000,0.010413,0.270900
2017-03-22,6486.3010,6499.7920,6514.6280,6459.9750,7227336704,88332148736.0000,0.012756,-0.247900
2017-03-23,6502.1270,6512.1870,6533.6520,6445.8110,7691114752,95665082368.0000,0.013574,0.190700
2017-03-24,6509.2320,6546.6150,6552.7480,6500.0650,8354782208,99764244480.0000,0.014746,0.528700
2017-03-27,6545.4460,6516.0320,6555.7930,6510.4390,7748273664,91609825280.0000,0.013654,-0.467200
2017-03-28,6509.0370,6498.6900,6519.0850,6483.6400,6126211328,74546540544.0000,0.010795,-0.266100
2017-03-29,6504.2450,6480.5430,6522.5110,6461.5350,8561404928,94145712128.0000,0.015086,-0.279200
2017-03-30,6467.0630,6375.7430,6471.9350,6369.1200,9651272448,102559154176.0000,0.017001,-1.617100
2017-03-31,6374.5650,6401.6470,6402.2170,6365.4470,7208277248,81869918208.0000,0.012672,0.406300
2017-04-05,6450.8950,6539.9660,6539.9660,6450.8950,9701497856,110261624832.0000,0.017055,2.160700
2017-04-06,6554.7450,6559.6520,6569.7020,6535.0370,9747113472,106538078208.0000,0.017135,0.301000
2017-04-07,6554.2560,6578.7260,6593.9490,6544.2360,10059667200,115145781248.0000,0.017684,0.290800
2017-04-10,6575.4590,6566.5440,6595.1980,6556.0780,10252932352,117949775872.0000,0.018007,-0.185200
2017-04-11,6566.8400,6629.1660,6631.9960,6531.5300,12773804800,148200620032.0000,0.022434,0.953700
2017-04-12,6625.8790,6576.4760,6626.7610,6571.4750,11417302784,125634064384.0000,0.020041,-0.794800
2017-04-13,6569.2390,6615.7040,6627.7020,6562.7620,8771143936,95722061824.0000,0.015397,0.596500
2017-04-14,6623.4540,6528.1620,6623.8010,6522.7900,9751115008,107518935040.0000,0.017098,-1.323200
2017-04-17,6500.9480,6456.5980,6502.0360,6426.2790,8753220608,99323748352.0000,0.015344,-1.096200
2017-04-18,6452.9180,6418.2110,6491.8080,6416.1720,8018564096,91417772032.0000,0.014057,-0.594500
2017-04-19,6390.3310,6350.6460,6401.4110,6285.9900,8700044800,95577255936.0000,0.015236,-1.052700
2017-04-20,6349.4070,6347.7730,6377.8000,6299.8940,7917415680,92055494656.0000,0.013789,-0.045200
2017-04-21,6345.7700,6300.7120,6364.6730,6296.8100,6087110144,72187531264.0000,0.010601,-0.741400
2017-04-24,6282.3310,6138.5040,6282.7390,6137.9200,7077136896,78586552320.0000,0.012319,-2.574500
2017-04-25,6139.4840,6160.4610,6203.6810,6131.9510,6465772800,73714024448.0000,0.011256,0.357700
2017-04-26,6159.8920,6176.3980,6195.3240,6157.3990,6974603008,81432875008.0000,0.012099,0.258700
2017-04-27,6157.5180,6192.3040,6205.2290,6052.8800,8935778816,101691924480.0000,0.015501,0.257500
2017-04-28,6174.1420,6211.8620,6214.1610,6166.7970,6676916736,76705996800.0000,0.011583,0.315800
2017-05-02,6205.1000,6216.1150,6216.4940,6186.1670,7028900352,83553107968.0000,0.012193,0.068500
2017-05-03,6205.6810,6197.4770,6225.6260,6174.6910,7247544832,85574279168.0000,0.012573,-0.299800
2017-05-04,6180.0290,6176.3050,6236.8860,6151.8080,7741351424,89915584512.0000,0.013415,-0.341600
2017-05-05,6155.1970,6089.6820,6164.2460,6089.0900,7155199488,81292488704.0000,0.012394,-1.402500
2017-05-08,6076.4580,5975.5390,6083.3620,5975.2210,6718255616,76311199744.0000,0.011635,-1.874400
2017-05-09,5953.8390,6012.0010,6012.4420,5919.5990,5472699392,62722952704.0000,0.009464,0.610200
2017-05-10,6010.7300,5885.8410,6038.9730,5885.5210,6264566016,71467192320.0000,0.010810,-2.098500
2017-05-11,5856.4140,5872.6390,5873.9060,5731.4820,7305431296,77588393984.0000,0.012606,-0.224300
2017-05-12,5859.3370,5863.7830,5889.9300,5820.2930,5668562688,62606811904.0000,0.009773,-0.150800
2017-05-15,5880.6960,5893.5070,5912.2660,5880.6960,4972593408,58911836416.0000,0.008555,0.506900
2017-05-16,5882.3290,6014.7340,6014.8800,5839.2190,7342661632,84036100096.0000,0.012614,2.057000
2017-05-17,6006.4690,6027.6500,6055.9180,6001.0390,7314690816,84588691456.0000,0.012564,0.214700
2017-05-18,5983.3490,5976.2990,6030.1090,5965.3500,6006212608,70971740160.0000,0.010291,-0.851900
2017-05-19,5973.7680,5974.9770,5990.4350,5942.6090,5506815232,64668962816.0000,0.009417,-0.022100
2017-05-22,5962.2860,5888.8120,5987.3060,5873.0410,6089413888,66101127936.0000,0.010407,-1.442100
2017-05-23,5879.5590,5764.8750,5893.8160,5760.3240,6491864832,70779449344.0000,0.011095,-2.104600
2017-05-24,5740.4420,5799.2490,5799.6830,5668.7220,5813084672,62845340672.0000,0.009916,0.596300
2017-05-25,5788.5560,5850.8000,5859.5010,5740.7980,7068395776,75351887872.0000,0.012045,0.888900
2017-05-26,5843.5210,5836.9330,5871.2130,5833.0870,5925619968,65692498944.0000,0.010063,-0.237000
2017-05-31,5887.9400,5824.1040,5913.1830,5820.2060,5847777024,66221305600.0000,0.009925,-0.219800
2017-06-01,5810.4190,5709.9990,5810.5980,5709.6880,6027890432,65490263808.0000,0.010231,-1.959200
2017-06-02,5696.8280,5772.5170,5780.5010,5655.7620,5886884608,61562500608.0000,0.009991,1.094900
2017-06-05,5778.1890,5815.8020,5830.0520,5777.9500,5433329152,59775835904.0000,0.009221,0.749800
2017-06-06,5808.9710,5841.5230,5841.8800,5793.4360,4878149888,53237820672.0000,0.008277,0.442300
2017-06-07,5838.8810,5955.0150,5955.0230,5836.4410,7466605824,81742004224.0000,0.012650,1.942900
2017-06-08,5947.9750,5958.9770,5972.7270,5940.7230,6650654720,74753007616.0000,0.011224,0.066500
2017-06-09,5952.4060,5969.2740,5971.5250,5922.7280,6210987520,69574733824.0000,0.010482,0.172800
2017-06-12,5943.6440,5902.8550,5950.0430,5896.4040,6035967488,70214586368.0000,0.010185,-1.112700
2017-06-13,5895.4690,5980.0560,5986.8690,5894.2250,6042416896,70753185792.0000,0.010153,1.307900
2017-06-14,5976.0140,5966.4310,5992.7810,5958.2000,6092696320,71476432896.0000,0.010224,-0.227800
2017-06-15,5959.4740,6021.1650,6024.3760,5959.1890,6499110912,73277153280.0000,0.010906,0.917400
2017-06-16,6016.9720,6012.9990,6027.3950,6003.2620,5691259648,66287703808.0000,0.009551,-0.135600
2017-06-19,6010.9390,6057.4110,6057.4110,6009.2240,5923158528,67315215104.0000,0.009935,0.738600
2017-06-20,6061.1090,6066.9040,6089.8120,6058.6880,6612240896,77790507008.0000,0.011071,0.156700
2017-06-21,6074.6090,6078.1920,6080.5320,6035.2730,5673042944,66856678656.0000,0.009494,0.186100
2017-06-22,6074.3660,5992.3350,6094.5530,5992.3350,6922564096,82350321664.0000,0.011584,-1.412500
2017-06-23,5978.2380,6010.3130,6010.3130,5923.5500,6350512384,73951244288.0000,0.010613,0.300000
2017-06-26,6013.4780,6111.6400,6111.7070,6011.8590,6984617728,86328090624.0000,0.011670,1.685900
2017-06-27,6109.3700,6113.1650,6128.3760,6089.6800,6231684864,75563274240.0000,0.010412,0.025000
2017-06-28,6102.2280,6086.2110,6110.3480,6075.1420,6047948288,71450337280.0000,0.010103,-0.440900
2017-06-29,6089.9200,6116.9930,6132.2450,6089.9200,5803528960,70846316544.0000,0.009695,0.505800
2017-06-30,6101.3640,6138.1550,6139.0670,6090.2520,5352122368,66361720064.0000,0.008932,0.345900
2017-07-03,6142.1710,6177.3950,6177.3950,6129.8400,6382532096,74248241152.0000,0.010637,0.639300
2017-07-04,6169.0330,6146.8520,6170.8520,6134.8790,6311419648,76708823040.0000,0.010519,-0.494400
2017-07-05,6135.7130,6193.9640,6193.9640,6127.5140,6862163712,83041214464.0000,0.011357,0.766400
2017-07-06,6187.4300,6201.6530,6211.9650,6149.9300,8287181312,97626267648.0000,0.013698,0.124100
2017-07-07,6182.4530,6226.0100,6229.8300,6176.7430,7932830720,93885480960.0000,0.013103,0.392700
2017-07-10,6221.5250,6206.5560,6236.2920,6189.0000,9037100032,104581746688.0000,0.014915,-0.312500
2017-07-11,6194.6160,6128.9940,6202.2030,6128.9940,7698233088,90795352064.0000,0.012701,-1.249700
2017-07-12,6124.9570,6132.9920,6143.7980,6050.6500,7557950208,89554636800.0000,0.012470,0.065200
2017-07-13,6134.7510,6149.9330,6172.6820,6124.3590,7913601024,96251740160.0000,0.013044,0.276200
2017-07-14,6143.3250,6128.7390,6143.4580,6107.9080,6638636032,80743682048.0000,0.010930,-0.344600
2017-07-17,6108.4520,5876.4590,6108.4520,5860.7800,10153616896,113040982016.0000,0.016649,-4.116300
2017-07-18,5854.0720,5938.4340,5938.4340,5842.9550,7656432384,83831517184.0000,0.012548,1.054600
2017-07-19,5928.0070,6059.3580,6059.5320,5917.6690,10290191360,108845289472.0000,0.016853,2.036300
2017-07-20,6052.5110,6099.2830,6120.1910,6046.4090,9382876928,105755230208.0000,0.015363,0.658900
2017-07-21,6089.6580,6126.1080,6136.9730,6080.5610,8313265408,97182318592.0000,0.013609,0.439800
2017-07-24,6121.3260,6167.1280,6171.8180,6117.2960,9729992448,114327773184.0000,0.015883,0.669600
2017-07-25,6159.4120,6153.5980,6170.6460,6113.5600,8922430464,102685761536.0000,0.014565,-0.219400
2017-07-26,6151.8540,6146.7020,6162.8800,6111.0380,8875349504,105711415296.0000,0.014487,-0.112100
2017-07-27,6136.9600,6184.0200,6192.9380,6105.9620,10400553728,121283203072.0000,0.016974,0.607100
2017-07-28,6170.6580,6215.4630,6229.0560,6165.9910,8646787840,104848547840.0000,0.014100,0.508500
2017-07-31,6214.6560,6298.0000,6299.8000,6208.4610,11333106688,129773219840.0000,0.018465,1.327900
2017-08-01,6293.0550,6286.5360,6299.1560,6261.2840,10108155648,116917915648.0000,0.016468,-0.182000
2017-08-02,6289.2450,6251.8620,6313.5060,6248.3550,11401201152,132732751872.0000,0.018574,-0.551600
2017-08-03,6240.1510,6261.9670,6288.4350,6236.6600,10015993856,113164042240.0000,0.016317,0.161600
2017-08-04,6258.8470,6225.1150,6297.1160,6224.2020,12588838656,140098301952.0000,0.020509,-0.588500
2017-08-07,6227.5180,6303.4200,6304.2670,6217.2890,10857231616,114075086848.0000,0.017688,1.257900
2017-08-08,6302.0260,6303.7160,6322.4690,6281.6170,12038043648,131243286528.0000,0.019611,0.004700
2017-08-09,6296.1150,6340.0220,6340.3750,6285.0240,11534764800,123988807680.0000,0.018791,0.575900
2017-08-10,6322.8300,6289.2170,6341.4800,6246.6580,11269947136,127938265088.0000,0.018360,-0.801300
2017-08-11,6242.4870,6161.1900,6275.8930,6153.6000,11786061568,131559161856.0000,0.019200,-2.035700
2017-08-14,6165.1290,6292.6410,6293.3510,6165.1290,8984502272,113335484416.0000,0.014636,2.133500
2017-08-15,6291.1830,6314.7600,6316.1980,6283.5440,8260366336,107585953792.0000,0.013440,0.351500
2017-08-16,6307.1700,6318.7980,6323.5590,6268.1870,8961769728,113207848960.0000,0.014581,0.063900
2017-08-17,6327.0270,6366.0340,6366.2510,6312.8890,9872488704,119456890880.0000,0.016063,0.747600
2017-08-18,6324.8970,6347.7550,6361.9710,6313.1510,9117455360,111490641920.0000,0.014833,-0.287100
2017-08-21,6354.0960,6403.7800,6404.0490,6354.0100,8652179456,105733632000.0000,0.014048,0.882600
2017-08-22,6396.9250,6375.9810,6398.5640,6362.4090,8910016512,116758429696.0000,0.014467,-0.434100
2017-08-23,6359.7750,6322.7810,6371.3000,6310.0100,7560985088,94213292032.0000,0.012270,-0.834400
2017-08-24,6322.6280,6278.5900,6329.0300,6267.2320,6756758528,86463516672.0000,0.010965,-0.698900
2017-08-25,6274.3510,6346.5300,6358.8860,6274.3510,7554972672,94698934272.0000,0.012260,1.082100
2017-08-28,6348.8700,6424.5840,6442.3990,6348.8700,9489340160,123347861504.0000,0.015399,1.229900
2017-08-29,6420.5670,6408.1560,6439.0790,6393.4760,8770409728,111434485760.0000,0.014230,-0.255700
2017-08-30,6405.8960,6453.4630,6462.7570,6405.8960,9555966208,115513786368.0000,0.015505,0.707000
2017-08-31,6451.5170,6470.4250,6470.9430,6429.7420,9102916864,110910640128.0000,0.014765,0.262800
2017-09-01,6472.9470,6526.5040,6530.8980,6466.1260,12111719168,140862431232.0000,0.019646,0.866700
2017-09-04,6530.5080,6564.6800,6566.1010,6519.7880,11998402560,143876861952.0000,0.019456,0.584900
2017-09-05,6561.6720,6571.8590,6576.5610,6528.1130,9523207680,120125206528.0000,0.015435,0.109400
2017-09-06,6550.0610,6607.1170,6610.7450,6540.8250,10547823360,136238489600.0000,0.016981,0.536500
2017-09-07,6601.3430,6558.5960,6614.1020,6553.6990,10706180608,133940731904.0000,0.017236,-0.734400
2017-09-08,6554.6010,6574.1820,6599.1320,6537.0400,9385159424,120912388096.0000,0.015100,0.237600
2017-09-11,6579.8850,6649.6270,6650.1190,6566.2770,10254739968,134674489344.0000,0.016492,1.147600
2017-09-12,6659.8010,6644.0110,6715.3930,6628.8820,14188027392,190294360064.0000,0.022796,-0.084500
2017-09-13,6635.1690,6684.3790,6684.8590,6630.5030,10472243712,136521605120.0000,0.016823,0.607600
2017-09-14,6683.4730,6672.1840,6701.6910,6643.5870,11396678144,145426309120.0000,0.018308,-0.182400
2017-09-15,6661.5210,6622.0430,6663.5090,6603.7280,10938423296,134077145088.0000,0.017566,-0.751500
2017-09-18,6616.1280,6669.4540,6669.4540,6616.1280,8885059584,110670655488.0000,0.014267,0.716000
2017-09-19,6670.9660,6636.0200,6681.2530,6611.7510,9351872000,117508673536.0000,0.015016,-0.501300
2017-09-20,6627.6920,6692.4720,6692.7120,6613.6560,10197248512,126534090752.0000,0.016362,0.850700
2017-09-21,6684.6490,6612.0450,6687.1150,6612.0450,9893749248,121143623680.0000,0.015869,-1.201800
2017-09-22,6591.1490,6572.0090,6592.8840,6547.2770,8523646976,103274188800.0000,0.013657,-0.605500
2017-09-25,6560.1350,6489.8440,6567.9970,6484.2070,7782925056,97438347264.0000,0.012470,-1.250200
2017-09-26,6484.3410,6520.7170,6520.7170,6482.2850,6776594432,82514550784.0000,0.010857,0.475700
2017-09-27,6523.4950,6583.1400,6589.7350,6522.2030,7517127168,94752432128.0000,0.012044,0.957300
2017-09-28,6577.4320,6567.7910,6599.1270,6565.8820,7462589184,94419079168.0000,0.011935,-0.233200
2017-09-29,6572.4490,6603.2580,6611.6530,6572.4490,7093629440,91769782272.0000,0.011345,0.540000
2017-10-09,6682.5770,6678.3710,6696.6660,6657.5300,8641966848,110668640256.0000,0.013756,1.137500
2017-10-10,6677.3720,6705.4810,6705.7170,6658.8610,8700518656,111479287808.0000,0.013849,0.405900
2017-10-11,6702.6890,6666.4690,6703.5820,6661.0880,9074605312,120911020032.0000,0.014444,-0.581800
2017-10-12,6658.1290,6659.0950,6674.3840,6611.9740,7796096256,99226611712.0000,0.012375,-0.110600
2017-10-13,6660.0260,6709.8160,6711.9300,6659.8790,7292562176,94892306432.0000,0.011575,0.761700
2017-10-16,6709.8730,6619.2050,6709.8730,6609.6190,8587104768,109216608256.0000,0.013629,-1.350400
2017-10-17,6604.3300,6612.9420,6644.7520,6589.5410,5941924608,78773100544.0000,0.009430,-0.094600
2017-10-18,6612.4880,6563.4360,6630.6680,6557.6600,7337096704,88963264512.0000,0.011643,-0.748600
2017-10-19,6553.8670,6501.3990,6562.3520,6494.7310,7261579008,85253455872.0000,0.011523,-0.945200
2017-10-20,6489.7890,6571.4240,6571.4420,6485.8050,6047931648,77533388800.0000,0.009595,1.077100
2017-10-23,6569.7860,6612.7630,6613.0310,6562.9050,6048195328,79350009856.0000,0.009584,0.629100
2017-10-24,6605.5200,6603.0040,6605.8990,6556.3440,5917131520,78606995456.0000,0.009376,-0.147600
2017-10-25,6596.7900,6647.8920,6648.3870,6593.0740,5864690176,80183427072.0000,0.009293,0.679800
2017-10-26,6639.8860,6671.9280,6686.1190,6630.9740,7490589440,104752209920.0000,0.011863,0.361600
2017-10-27,6664.4290,6630.8060,6673.4660,6622.1240,6792114176,90443685888.0000,0.010756,-0.616300
2017-10-30,6621.7780,6511.7610,6629.3000,6460.0470,8376417536,109249593344.0000,0.013266,-1.795300
2017-10-31,6496.6860,6560.2050,6560.2530,6496.6860,6226143488,88141844480.0000,0.009860,0.743900
2017-11-01,6559.5210,6552.9540,6586.1320,6547.8490,6463277568,92988637184.0000,0.010236,-0.110500
2017-11-02,6541.6090,6484.9250,6541.6090,6476.3720,6755234816,90871971840.0000,0.010698,-1.038100
2017-11-03,6477.8230,6426.9790,6491.0470,6395.4570,6825710336,89315917824.0000,0.010801,-0.893500
2017-11-06,6432.0740,6511.0950,6512.1340,6408.3590,6671760128,93924409344.0000,0.010546,1.308800
2017-11-07,6508.2060,6551.9360,6552.2590,6498.3930,7237767424,97329815552.0000,0.011441,0.627200
2017-11-08,6544.5900,6561.6890,6601.4660,6534.1580,7380679936,101625901056.0000,0.011667,0.148900
2017-11-09,6562.3580,6611.3510,6611.3850,6558.4890,6881846528,93514199040.0000,0.010870,0.756800
2017-11-10,6599.6490,6641.2160,6647.2280,6593.0330,8001249792,112205348864.0000,0.012638,0.451700
2017-11-13,6644.6910,6671.2050,6671.2550,6624.6710,8459671296,122270420992.0000,0.013357,0.451600
2017-11-14,6664.6120,6614.5130,6673.7490,6588.2530,8474906112,120407810048.0000,0.013372,-0.849800
2017-11-15,6592.7570,6537.6560,6603.5080,6505.9920,7394918144,107724902400.0000,0.011667,-1.162000
2017-11-16,6529.3130,6558.3080,6570.2750,6511.9020,6794016000,97928409088.0000,0.010719,0.315900
2017-11-17,6549.2240,6361.9410,6555.7460,6359.5170,8901897216,115827867648.0000,0.014045,-2.994200
2017-11-20,6330.9040,6433.1700,6433.7790,6239.3200,7006670592,95164686336.0000,0.011054,1.119600
2017-11-21,6420.3880,6456.3520,6473.7010,6397.3580,6775458048,97778880512.0000,0.010690,0.360400
2017-11-22,6456.3240,6439.4410,6483.6280,6391.4560,7089592320,99818242048.0000,0.011186,-0.261900
2017-11-23,6427.5760,6274.5110,6427.5760,6274.5110,7500973312,104105222144.0000,0.011835,-2.561200
2017-11-24,6250.0570,6278.0280,6307.8890,6243.9620,5904905728,82258345984.0000,0.009316,0.056000
2017-11-27,6269.2260,6194.5520,6279.5880,6186.0330,5940749056,78092824576.0000,0.009367,-1.329700
2017-11-28,6188.0890,6299.3120,6299.3120,6188.0890,5647823360,71418773504.0000,0.008905,1.691200
2017-11-29,6293.2460,6318.3680,6329.1760,6245.0590,7656391424,94409003008.0000,0.012073,0.302500
2017-11-30,6303.9170,6263.4210,6322.0430,6248.1820,6088335616,77704183808.0000,0.009599,-0.869600
2017-12-01,6259.9560,6316.4070,6323.8350,6256.2280,5474628096,72064724992.0000,0.008629,0.846000
2017-12-04,6311.2160,6279.6200,6334.8700,6272.6680,6018817024,79301554176.0000,0.009486,-0.582400
2017-12-05,6265.7860,6132.9120,6279.3920,6099.4060,6969023232,87408926720.0000,0.010983,-2.336300
2017-12-06,6116.1610,6172.8030,6173.3500,6053.2410,6026721280,74993647616.0000,0.009495,0.650400
2017-12-07,6156.3500,6135.4700,6182.7530,6130.8330,5309797120,69245091840.0000,0.008365,-0.604800
2017-12-08,6128.1200,6203.1430,6217.5720,6126.3770,5557924352,72390389760.0000,0.008756,1.103000
2017-12-11,6214.6440,6286.1650,6286.5000,6214.6440,6111290624,77392023552.0000,0.009615,1.338400
2017-12-12,6281.1390,6233.2110,6290.8460,6233.2110,5661439744,73964806144.0000,0.008907,-0.842400
2017-12-13,6224.7820,6277.4410,6277.7250,6217.7860,5035200000,64676017664.0000,0.007922,0.709600
2017-12-14,6273.6070,6284.0800,6288.5020,6247.6760,5575923968,72497811456.0000,0.008770,0.105800
2017-12-15,6274.0970,6235.7600,6278.9260,6214.6460,6193811200,77690466304.0000,0.009742,-0.768900
2017-12-18,6229.7410,6199.9880,6247.5910,6179.0280,5377219072,67137249280.0000,0.008452,-0.573700
2017-12-19,6200.9330,6251.2410,6251.4920,6200.7070,5263930880,65186684928.0000,0.008253,0.826700
2017-12-20,6244.0610,6199.3620,6246.9090,6188.3230,5781453312,69446004736.0000,0.008727,-0.829900
2017-12-21,6191.7810,6238.4980,6255.8420,6148.8160,5924585984,73900048384.0000,0.008938,0.631300
2017-12-22,6236.2260,6242.8840,6269.3130,6235.2260,5501064448,70736576512.0000,0.008294,0.070300
2017-12-25,6244.8630,6185.5900,6257.0200,6170.6820,6126471168,75604344832.0000,0.009237,-0.917700
2017-12-26,6179.5600,6220.1470,6220.4990,6148.1040,5767165696,69117513728.0000,0.008695,0.558700
2017-12-27,6213.2420,6173.1520,6228.8820,6168.1310,6419752960,78009655296.0000,0.009679,-0.755500
2017-12-28,6163.9630,6204.2700,6219.5390,6157.1050,6587754240,78010228736.0000,0.009932,0.504100
2017-12-29,6201.4550,6250.8200,6250.8200,6201.4550,5716563200,71841804288.0000,0.008610,0.750300
2018-01-02,6263.1500,6332.2260,6332.6080,6258.1560,7303223552,88153985024.0000,0.010982,1.302300
2018-01-03,6331.7190,6388.2530,6391.9790,6324.2600,8393674496,103454687232.0000,0.012621,0.884800
2018-01-04,6380.2660,6417.5350,6418.2560,6375.5130,8054369024,102929657856.0000,0.012110,0.458400
2018-01-05,6414.7650,6417.2530,6435.8540,6397.2920,8158101760,97642299392.0000,0.012266,-0.004400
2018-01-08,6413.8730,6446.1810,6446.7870,6393.8810,8947692800,106389590016.0000,0.013419,0.450800
2018-01-09,6441.6840,6445.7460,6449.0340,6425.0270,7557321728,92837781504.0000,0.011332,-0.006700
2018-01-10,6443.4600,6405.9390,6444.3080,6361.0940,8096697344,98938306560.0000,0.012139,-0.617600
2018-01-11,6391.9040,6425.9400,6432.4390,6371.5430,7877007104,91569209344.0000,0.011815,0.312200
2018-01-12,6418.8270,6399.3730,6435.1940,6387.7820,7783455744,89777057792.0000,0.011677,-0.413400
2018-01-15,6391.3660,6253.3750,6392.5170,6236.5620,9147403264,110512922624.0000,0.013724,-2.281400
2018-01-16,6245.1530,6301.1320,6301.4040,6245.1120,7916973312,96364863488.0000,0.011878,0.763700
2018-01-17,6288.0160,6267.4590,6288.1430,6202.3150,8419550208,99694460928.0000,0.012632,-0.534400
2018-01-18,6253.0610,6286.8000,6295.7760,6253.0610,6501529344,76896813056.0000,0.009753,0.308600
2018-01-19,6284.5960,6272.3800,6316.9970,6261.2350,7180674304,84263165952.0000,0.010772,-0.229400
2018-01-22,6264.7550,6347.6380,6347.8140,6248.3140,7276116992,85475483648.0000,0.010914,1.199800
2018-01-23,6342.6880,6354.9970,6362.5800,6330.4560,6675388672,80539656192.0000,0.010010,0.115900
2018-01-24,6353.2970,6394.2990,6395.5720,6322.9190,7734772736,94754082816.0000,0.011599,0.618400
2018-01-25,6386.7990,6382.7160,6424.3500,6380.8370,8108293632,95990444032.0000,0.012154,-0.181100
2018-01-26,6374.0990,6383.6310,6401.4830,6368.9000,6900454912,82476802048.0000,0.010343,0.014300
2018-01-29,6385.0360,6309.8830,6398.9690,6295.8950,8403116032,96862081024.0000,0.012594,-1.155300
2018-01-30,6301.3480,6313.4420,6330.5370,6300.4550,7069968896,81577586688.0000,0.010596,0.056400
2018-01-31,6277.7410,6189.3410,6277.7410,6170.1600,8073349632,88106213376.0000,0.012097,-1.965700
2018-02-01,6180.9990,5984.7420,6196.7140,5984.2840,9496852480,102122045440.0000,0.014230,-3.305700
2018-02-02,5937.6190,6004.8490,6006.4740,5844.4630,8374756096,89557323776.0000,0.012549,0.336000
2018-02-05,5927.7360,5998.2230,6016.1570,5907.4690,7404652032,79277072384.0000,0.011097,-0.110300
2018-02-06,5886.3450,5704.2640,5920.7390,5702.8500,9234070784,95655940096.0000,0.013839,-4.900800
2018-02-07,5805.9650,5711.3320,5831.8110,5630.0860,8523599616,88965423104.0000,0.012774,0.123900
2018-02-08,5695.6650,5766.4790,5786.7850,5691.2910,6244479744,66338245120.0000,0.009359,0.965600
2018-02-09,5631.9600,5554.8970,5663.1030,5490.6240,8431884288,82291671040.0000,0.012633,-3.669200
2018-02-12,5581.7110,5699.0970,5714.8180,5581.7110,5724649472,61430758144.0000,0.008569,2.595900
2018-02-13,5731.1470,5736.9500,5789.6970,5727.7540,5720863488,62790499584.0000,0.008560,0.664200
2018-02-14,5741.8830,5754.8340,5761.7680,5712.8790,4139822208,42489982208.0000,0.006194,0.311700
2018-02-22,5800.9490,5875.7270,5875.7590,5797.9070,5963610624,61991950336.0000,0.008916,2.100700
2018-02-23,5877.7150,5897.6760,5902.9350,5848.5220,6214785024,64825103104.0000,0.009292,0.373500
2018-02-26,5926.4200,6029.6790,6032.1350,5917.6160,8307398656,92064854016.0000,0.012413,2.238200
2018-02-27,6025.8830,6010.5570,6042.3880,6000.8810,7702215936,90285129728.0000,0.011508,-0.317100
2018-02-28,5967.8970,6023.6770,6044.0690,5939.6420,7098691584,82266509312.0000,0.010607,0.218300
2018-03-01,5987.3590,6090.2240,6090.9950,5974.1180,7310177280,86470402048.0000,0.010923,1.104800
2018-03-02,6053.4760,6056.3350,6094.7970,6044.2590,7343482880,86135001088.0000,0.010972,-0.556500
2018-03-05,6066.6830,6064.0980,6080.9690,6031.9800,6732469248,82113732608.0000,0.010059,0.128200
2018-03-06,6077.3680,6145.5760,6145.8500,6070.7210,8349576704,99900153856.0000,0.012476,1.343600
2018-03-07,6133.9460,6086.4870,6149.0970,6082.5830,7459412992,84935053312.0000,0.011146,-0.961500
2018-03-08,6073.6710,6131.5140,6131.7040,6073.6710,6788991232,76733022208.0000,0.010142,0.739800
2018-03-09,6131.1240,6206.9750,6211.2780,6131.0140,8592834048,98413232128.0000,0.012838,1.230700
2018-03-12,6230.8120,6295.7770,6295.7800,6230.3900,9766227712,117237501952.0000,0.014588,1.430700
2018-03-13,6285.8020,6254.1450,6297.4320,6251.3980,8480475904,97523499008.0000,0.012667,-0.661300
2018-03-14,6234.2410,6189.3170,6253.1720,6185.1780,7546663424,87185223680.0000,0.011272,-1.036600
2018-03-15,6172.8530,6180.1100,6203.2420,6117.5970,7217392128,82975055872.0000,0.010775,-0.148800
2018-03-16,6181.3810,6146.3050,6205.8670,6146.3050,6507353344,75643387904.0000,0.009715,-0.547000
2018-03-19,6142.5200,6153.8330,6186.6130,6118.2950,6723321344,78681890816.0000,0.010037,0.122500
2018-03-20,6109.6050,6173.6980,6176.4960,6091.5030,6747566336,78423732224.0000,0.010072,0.322800
2018-03-21,6182.1090,6129.2040,6224.5550,6125.1350,7948716032,92526116864.0000,0.011865,-0.720700
2018-03-22,6130.0480,6101.2270,6161.3740,6074.6560,6740744192,78135865344.0000,0.010061,-0.456500
2018-03-23,5913.3680,5787.1520,5978.4230,5722.7730,12136706048,121045069824.0000,0.018111,-5.147700
2018-03-26,5715.3520,5902.9580,5902.9580,5675.3660,8477291264,91809710080.0000,0.012650,2.001100
2018-03-27,5956.2350,6034.7750,6043.0530,5956.2350,8919927040,106538868736.0000,0.013310,2.233100
2018-03-28,5962.5640,5973.3410,6036.1580,5949.1040,7529909504,90975268864.0000,0.011237,-1.018000
2018-03-29,5993.9720,6034.8570,6040.8620,5967.6340,6881373440,82742505472.0000,0.010246,1.029800
2018-03-30,6052.1750,6114.7380,6115.2730,6051.0210,7304648960,94445330432.0000,0.010878,1.323700
2018-04-02,6127.2330,6121.9640,6169.2990,6113.3380,8543383296,109910556672.0000,0.012698,0.118200
2018-04-03,6039.0670,6059.7080,6066.4440,6008.5080,7174988288,87808372736.0000,0.010664,-1.016900
2018-04-04,6077.6460,6017.6860,6098.8370,6011.1510,6726019840,83134529536.0000,0.009994,-0.693500
2018-04-09,5994.3470,6025.6490,6053.9680,5954.5370,6485181952,79255887872.0000,0.009636,0.132300
2018-04-10,6032.4880,6063.7420,6064.3850,5992.9970,6942098944,81611902976.0000,0.010304,0.632200
2018-04-11,6082.0310,6086.6120,6110.1760,6073.2200,6624886016,81079828480.0000,0.009833,0.377200
2018-04-12,6073.7650,6051.3340,6091.9830,6039.5640,6052423936,72705101824.0000,0.008980,-0.579600
2018-04-13,6073.8350,6027.1860,6093.3460,6018.0060,5415763712,66885602048.0000,0.008035,-0.399100
2018-04-16,6018.1680,6012.4050,6053.9870,5966.1960,7098586112,87151673344.0000,0.010532,-0.245200
2018-04-17,6024.5540,5890.8570,6038.2480,5886.0230,7192025856,88004231168.0000,0.010664,-2.021600
2018-04-18,5925.8400,5970.6570,5981.3370,5826.6500,7620171264,98199216128.0000,0.011293,1.354600
2018-04-19,5965.2360,6004.7330,6041.9850,5962.7140,7599855616,99648954368.0000,0.011255,0.570700
2018-04-20,5984.0630,5880.8350,5999.0100,5872.5040,7239138816,90559643648.0000,0.010769,-2.063300
2018-04-23,5885.6120,5823.9200,5913.5670,5761.9710,6395239936,81374957568.0000,0.009507,-0.967800
2018-04-24,5825.4520,5957.1920,5957.8290,5825.4520,6795411712,85162004480.0000,0.010091,2.288400
2018-04-25,5929.4050,5959.4220,5968.8790,5919.5220,6038278912,78868221952.0000,0.008967,0.037400
2018-04-26,5951.1910,5847.9760,5955.2610,5846.0800,6263839488,77107589120.0000,0.009302,-1.870100
2018-04-27,5865.4410,5860.9830,5886.0040,5808.7830,5599782144,72295755776.0000,0.008298,0.222400
2018-05-02,5861.8410,5855.3230,5894.4590,5817.3860,6314702592,78765924352.0000,0.009350,-0.096600
2018-05-03,5843.0900,5910.6050,5911.0860,5779.7290,6760449024,83816640512.0000,0.009993,0.944100
2018-05-04,5891.1200,5909.2940,5939.9520,5883.7040,5546404608,73639276544.0000,0.008197,-0.022200
2018-05-07,5921.3120,6019.1400,6023.1920,5918.3790,6403335936,83485024256.0000,0.009465,1.858900
2018-05-08,6023.5820,6041.8140,6042.0680,6012.1260,6219466496,80480595968.0000,0.009193,0.376700
2018-05-09,6034.4560,6029.2320,6042.9060,6002.3880,5412415232,67413871104.0000,0.007998,-0.208200
2018-05-10,6036.0060,6040.5710,6052.7090,5999.9510,5831066624,72313749504.0000,0.008617,0.188100
2018-05-11,6044.9820,5991.3420,6052.5420,5989.4270,6384725248,76807401472.0000,0.009435,-0.815000
2018-05-14,5982.4700,5967.5540,6008.8870,5951.6740,5979819264,75641884672.0000,0.008832,-0.397000
2018-05-15,5972.1610,6020.5690,6021.0160,5947.4570,5472154624,69542969344.0000,0.008078,0.888400
2018-05-16,6002.7530,6004.0690,6045.0340,5991.3750,5833863936,74115190784.0000,0.008604,-0.274100
2018-05-17,6000.7410,5973.7780,6010.2950,5959.7300,5299727360,65967379712.0000,0.007816,-0.504500
2018-05-18,5968.5590,5995.1490,6000.9480,5932.1290,5786827520,70899023872.0000,0.008505,0.357700
2018-05-21,6034.4260,6072.1990,6080.8220,6034.0580,7072244992,86933286912.0000,0.010394,1.285200
2018-05-22,6066.2500,6092.9060,6092.9060,6052.0900,6226685184,74429136896.0000,0.009147,0.341000
2018-05-23,6080.7250,6013.8470,6081.5330,6012.4160,6784586752,82629861376.0000,0.009967,-1.297600
2018-05-24,6014.0210,5992.6200,6028.5010,5986.7230,5371180800,67066127872.0000,0.007884,-0.353000
2018-05-25,5983.9400,5917.7970,5992.4790,5909.0440,5779380992,69492015104.0000,0.008469,-1.248600
2018-05-28,5910.4810,5891.2620,5938.0720,5858.2710,5781012224,68653122304.0000,0.008456,-0.448400
2018-05-29,5884.5890,5835.4450,5921.7200,5832.5520,5617992960,67901925120.0000,0.008192,-0.947500
2018-05-30,5759.4490,5682.5880,5778.0420,5675.9110,6852788480,76127637504.0000,0.009991,-2.619500
2018-05-31,5722.9470,5754.4740,5760.2030,5672.1830,5600885504,65192215296.0000,0.008156,1.265000
2018-06-01,5729.9170,5685.1150,5759.4970,5654.8400,5383357184,61533903616.0000,0.007834,-1.205300
2018-06-04,5692.9690,5683.1480,5707.4930,5652.1360,4675028224,54050300160.0000,0.006800,-0.034600
2018-06-05,5681.2150,5779.0770,5779.8620,5680.4940,4741047040,56450385408.0000,0.006896,1.688000
2018-06-06,5770.7140,5774.2570,5784.6060,5748.7010,4818250752,56304602880.0000,0.007005,-0.083400
2018-06-07,5786.4600,5738.0170,5798.3290,5734.6340,4737619200,54089371904.0000,0.006880,-0.627600
2018-06-08,5731.8380,5669.3030,5731.8380,5630.6570,5292555520,58767162880.0000,0.007686,-1.197500
2018-06-11,5657.6480,5632.3560,5672.6270,5612.8650,4310969088,48746492416.0000,0.006260,-0.651700
2018-06-12,5638.3470,5693.3460,5693.6120,5594.9230,4664535808,54189505024.0000,0.006626,1.082900
2018-06-13,5678.8090,5607.0170,5679.6730,5605.5450,4923421440,53944404992.0000,0.006993,-1.516300
2018-06-14,5590.5680,5586.9310,5645.1940,5570.8340,4441970944,49865463040.0000,0.006298,-0.358200
2018-06-15,5582.8390,5483.9440,5593.6870,5448.0740,5644857344,59537596160.0000,0.008000,-1.843400
2018-06-19,5396.6840,5141.7090,5409.4100,5070.2180,8298635264,76922847232.0000,0.011760,-6.240700
2018-06-20,5114.0610,5198.3930,5222.8820,5090.2200,6032941824,57106400000.0000,0.008543,1.102400
2018-06-21,5196.1290,5089.2520,5244.6530,5086.9310,6324047872,60429343488.0000,0.008953,-2.099500
2018-06-22,5052.4360,5160.1220,5165.0350,5017.5090,5168920576,49898726400.0000,0.007308,1.392500
2018-06-25,5196.6480,5125.0330,5211.7600,5121.2090,4786081024,46663143936.0000,0.006757,-0.680000
2018-06-26,5059.3830,5160.2820,5170.1670,5044.2430,5106658816,49773352448.0000,0.007206,0.687800
2018-06-27,5159.6210,5109.4970,5188.2010,5089.7110,4985784064,48613424128.0000,0.007033,-0.984200
2018-06-28,5097.5080,5055.1090,5150.6550,5050.3240,4776751872,46664973056.0000,0.006738,-1.064500
2018-06-29,5061.0880,5217.7640,5218.9060,5054.0530,5723493632,57894812160.0000,0.008070,3.217600
2018-07-02,5216.8530,5138.7820,5238.6380,5100.8740,5524892928,58629477888.0000,0.007783,-1.513700
2018-07-03,5138.5470,5197.1310,5203.3640,5054.6570,6142423296,64268450048.0000,0.008649,1.135500
2018-07-04,5171.1890,5121.3430,5180.2740,5102.7820,5385995008,53143823616.0000,0.007580,-1.458300
2018-07-05,5109.1420,4982.7620,5126.4730,4981.7790,5292741376,52638805760.0000,0.007449,-2.705900
2018-07-06,4981.9830,4996.6290,5061.0430,4897.2580,6134025472,62083400448.0000,0.008633,0.278300
2018-07-09,5007.2130,5107.5500,5107.8740,5007.2130,5293715968,55786376960.0000,0.007450,2.219900
2018-07-10,5114.1210,5136.5320,5141.7130,5094.2860,5222766848,54565886976.0000,0.007349,0.567400
2018-07-11,5060.0720,5036.1560,5070.4860,4973.9880,5891526144,58812377600.0000,0.008287,-1.954200
2018-07-12,5029.2940,5172.5030,5184.0230,5029.2940,6808956672,71215042560.0000,0.009576,2.707400
2018-07-13,5174.5090,5204.1850,5207.3600,5167.1580,5635420928,61214640128.0000,0.007920,0.612500
2018-07-16,5201.5280,5195.2000,5216.5640,5170.2210,5166737152,57488249344.0000,0.007257,-0.172600
2018-07-17,5189.1480,5196.1960,5196.1960,5132.2060,4824332288,52610201344.0000,0.006772,0.019200
2018-07-18,5198.8890,5156.6360,5220.1750,5156.6360,5525713408,57391510784.0000,0.007757,-0.761300
2018-07-19,5153.3760,5111.3270,5179.7270,5088.1240,5048393472,51462192128.0000,0.007087,-0.878700
2018-07-20,5105.6520,5175.2510,5184.8740,5072.1640,5786851328,58971319040.0000,0.008123,1.250600
2018-07-23,5146.6180,5214.0030,5214.3800,5132.3830,6848431616,71205888000.0000,0.009613,0.748800
2018-07-24,5213.3940,5304.6410,5315.6700,5211.9420,8820181504,89531027456.0000,0.012375,1.738400
2018-07-25,5308.0150,5308.6560,5332.6160,5294.4200,7485085952,72266870784.0000,0.010502,0.075700
2018-07-26,5307.3040,5273.4780,5318.8800,5262.3110,7512024064,65271805696.0000,0.010532,-0.662600
2018-07-27,5270.2310,5249.2900,5281.3510,5230.1010,6171588608,54149400064.0000,0.008653,-0.458700
2018-07-30,5244.7710,5185.1510,5255.1870,5167.4020,6083602432,58367011328.0000,0.008530,-1.221900
2018-07-31,5182.8260,5188.7160,5208.3790,5163.6610,4949635584,49340085760.0000,0.006938,0.068800
2018-08-01,5198.4550,5105.3740,5233.5010,5105.3740,6036948480,58600856576.0000,0.008462,-1.606200
2018-08-02,5094.3410,4996.0120,5094.3410,4887.5020,7439032576,67786089728.0000,0.010427,-2.142100
2018-08-03,4982.8940,4929.7500,5008.2400,4929.7500,5073579776,48281908224.0000,0.007111,-1.326300
2018-08-06,4919.5010,4825.2500,4941.1770,4798.8500,5245521920,51046892544.0000,0.007350,-2.119800
2018-08-07,4836.3130,4956.8710,4956.8710,4797.4520,5914577920,55813440768.0000,0.008288,2.727800
2018-08-08,4940.7790,4880.5690,4952.4180,4877.6640,5808305152,53408613632.0000,0.008138,-1.539300
2018-08-09,4862.1540,5004.7730,5030.1610,4856.4810,6826483200,64727844352.0000,0.009564,2.544900
2018-08-10,5000.0480,5030.5140,5037.4930,4990.8290,5318501120,53025202432.0000,0.007447,0.514300
2018-08-13,4981.3430,5055.2750,5064.0210,4958.8870,5572265216,57931356672.0000,0.007793,0.492200
2018-08-14,5043.8900,5037.8830,5061.4060,5016.3210,4637591296,47977087232.0000,0.006483,-0.344000
2018-08-15,5035.5650,4932.8060,5038.7740,4929.1970,5334998528,49219326208.0000,0.007457,-2.085700
2018-08-16,4876.6940,4888.3710,4943.2000,4836.0500,5239384320,47422713856.0000,0.007323,-0.900800
2018-08-17,4923.4350,4803.0280,4941.1010,4793.7660,5170797312,47777882624.0000,0.007190,-1.745800
2018-08-20,4794.2360,4832.6510,4832.9080,4736.5590,5163111168,47753724416.0000,0.007179,0.616800
2018-08-21,4831.2090,4891.9800,4901.1160,4816.8520,4973790464,48883526912.0000,0.006910,1.227700
2018-08-22,4877.0120,4837.0180,4878.8180,4829.6050,4392226816,41150044416.0000,0.006102,-1.123500
2018-08-23,4832.0060,4863.6650,4885.8110,4821.1100,4726381056,47302482176.0000,0.006566,0.550900
2018-08-24,4853.8640,4852.2880,4880.8910,4831.8870,4389809920,41741677824.0000,0.006098,-0.233900
2018-08-27,4859.1240,4960.0650,4964.4510,4859.1240,5854579968,58402040320.0000,0.008134,2.221200
2018-08-28,4964.7340,4974.2070,4983.9400,4954.1650,5346544128,53028656128.0000,0.007427,0.285100
2018-08-29,4972.0840,4941.9600,4974.1630,4929.4580,5327221248,45121111040.0000,0.007394,-0.648300
2018-08-30,4937.6500,4867.1210,4952.6070,4861.0550,5415846144,47422496768.0000,0.007518,-1.514400
2018-08-31,4854.9640,4814.8230,4862.4440,4805.2070,4801205504,42052874752.0000,0.006662,-1.074500
2018-09-03,4808.3790,4838.8730,4840.1520,4754.8090,5290260224,46495749632.0000,0.007341,0.499500
2018-09-04,4833.8780,4890.2800,4905.0160,4828.5230,6102491392,54969300224.0000,0.008454,1.062400
2018-09-05,4877.1140,4815.0340,4886.2730,4814.9560,5840354304,47239977728.0000,0.008091,-1.538700
2018-09-06,4800.9350,4793.3450,4849.1760,4773.8770,4586849536,44572540928.0000,0.006353,-0.450400
2018-09-07,4796.8350,4791.7770,4867.5330,4759.4910,5360007168,53242803456.0000,0.007424,-0.032700
2018-09-10,4792.5990,4704.8780,4794.0130,4701.2890,5132647424,45376003840.0000,0.007109,-1.813500
2018-09-11,4702.8340,4702.9030,4738.2580,4669.4170,4996800768,42215660800.0000,0.006919,-0.042000
2018-09-12,4700.8990,4693.9740,4733.5820,4681.1260,4254088208,38524810752.0000,0.005887,-0.189900
2018-09-13,4727.4300,4721.2120,4752.8960,4655.2140,5569210112,47279214592.0000,0.007706,0.580300
2018-09-14,4720.7770,4670.0790,4724.0030,4669.9420,5644793088,44931921152.0000,0.007811,-1.083000
2018-09-17,4649.9490,4602.3900,4649.9490,4586.3150,4933894656,37905863168.0000,0.006827,-1.449400
2018-09-18,4588.2340,4683.5050,4684.2880,4584.4330,5443232512,44579158784.0000,0.007532,1.762400
2018-09-19,4673.9470,4736.8930,4772.9520,4664.1300,6705585664,55671375872.0000,0.009278,1.139900
2018-09-20,4734.4820,4733.4800,4761.4080,4723.3040,5639897344,43574339328.0000,0.007804,-0.072100
2018-09-21,4743.8050,4805.2150,4813.2900,4721.6880,6589519616,52507709696.0000,0.009114,1.515500
2018-09-25,4774.7920,4792.5500,4810.3430,4763.2050,5265424128,42641650944.0000,0.007283,-0.263600
2018-09-26,4794.0690,4815.6300,4841.7040,4782.3900,6471955712,51709759488.0000,0.008948,0.481600
2018-09-27,4812.6440,4755.3800,4817.6160,4754.2770,6143767296,47097829120.0000,0.008490,-1.251100
2018-09-28,4762.3340,4800.7280,4802.1570,4746.1770,5726864128,45938739712.0000,0.007914,0.953600
2018-10-08,4722.4170,4646.4920,4737.2890,4639.4000,6327566336,49494827776.0000,0.008745,-3.212800
2018-10-09,4652.4870,4634.8930,4685.2170,4612.6350,5043745536,41244020736.0000,0.006964,-0.249600
2018-10-10,4634.6390,4629.8870,4655.5460,4586.8860,5133963776,39541080064.0000,0.007088,-0.108000
2018-10-11,4483.2660,4307.4200,4503.1980,4274.6990,9056360192,64480315136.0000,0.012503,-6.964900
2018-10-12,4267.3550,4278.0350,4300.0060,4136.6290,8152514816,56700633856.0000,0.011247,-0.682200
2018-10-15,4283.3550,4199.1530,4317.7100,4195.8300,6229184768,44849001728.0000,0.008593,-1.843900
2018-10-16,4193.3790,4099.6830,4221.3420,4076.8700,6107665920,44015881216.0000,0.008420,-2.368800
2018-10-17,4147.3450,4133.3830,4167.7600,4038.4240,6952388096,47137717248.0000,0.009584,0.822000
2018-10-18,4104.3330,4018.4610,4104.3330,4013.6480,5978391040,40382606848.0000,0.008242,-2.780300
2018-10-19,3958.4450,4127.9850,4130.9320,3948.5590,6956157696,49937027328.0000,0.009590,2.725500
2018-10-22,4165.7570,4333.1440,4375.5980,4165.7570,9295831808,69511000064.0000,0.012811,4.970000
2018-10-23,4336.4460,4253.5560,4350.7280,4228.3290,7466806528,54448393728.0000,0.010287,-1.836700
2018-10-24,4233.8370,4245.4880,4297.3700,4207.1640,6282348288,44264708096.0000,0.008655,-0.189700
2018-10-25,4124.1850,4234.4200,4240.5840,4103.5600,6968720640,48371839232.0000,0.009601,-0.260700
2018-10-26,4260.9100,4233.9580,4294.5550,4217.7890,6798362112,46824099328.0000,0.009367,-0.010900
2018-10-29,4220.6350,4162.5250,4227.6430,4144.8060,5745157120,41278101504.0000,0.007912,-1.687100
2018-10-30,4145.3960,4204.5420,4233.7940,4096.1360,7283464960,52308156672.0000,0.010022,1.009400
2018-10-31,4207.7580,4272.5510,4298.2420,4204.3590,7468776448,53243305728.0000,0.010276,1.617500
2018-11-01,4299.4590,4298.9830,4367.7300,4294.8660,8605914112,65004691712.0000,0.011841,0.618600
2018-11-02,4366.7340,4437.9450,4437.9810,4360.8740,9689216768,75808808960.0000,0.013331,3.232400
2018-11-05,4427.6320,4440.8270,4466.1350,4375.0410,8777727744,66155141632.0000,0.012077,0.064900
2018-11-06,4427.3570,4438.0960,4440.1050,4385.3270,6980304896,51219257088.0000,0.009602,-0.061500
2018-11-07,4437.7210,4415.1360,4479.6940,4414.0700,7808636928,58896533504.0000,0.010741,-0.517300
2018-11-08,4442.6550,4382.3280,4450.9810,4379.8830,7214535424,51522224384.0000,0.009924,-0.743100
2018-11-09,4363.2130,4368.6140,4396.3930,4348.8110,6742496000,45846347520.0000,0.009273,-0.312900
2018-11-12,4360.6320,4481.6880,4481.7730,4354.4670,8699053568,59949621248.0000,0.011963,2.588300
2018-11-13,4430.9490,4563.5350,4588.4960,4422.9470,12871036416,84982054912.0000,0.017695,1.826300
2018-11-14,4551.7970,4545.5080,4600.1280,4534.5240,11259883008,74023763968.0000,0.015479,-0.395000
2018-11-15,4540.8800,4619.8140,4619.8140,4539.9550,9830520064,69668884480.0000,0.013514,1.634700
2018-11-16,4625.0030,4659.0960,4691.5600,4609.8310,11067182336,82381070336.0000,0.015214,0.850300
2018-11-19,4660.4750,4670.7370,4677.9670,4612.4830,11101510656,82549161984.0000,0.015262,0.249800
2018-11-20,4629.1260,4537.4490,4645.9000,4535.8730,10312422400,76300238848.0000,0.014146,-2.853700
2018-11-21,4483.3780,4554.6740,4564.5340,4476.4160,9015662592,65298600448.0000,0.012364,0.379600
2018-11-22,4562.6420,4551.3260,4583.3730,4528.2400,7527499264,54157291776.0000,0.010323,-0.073500
2018-11-23,4542.1100,4374.7640,4547.5140,4365.3480,9207482880,64245132800.0000,0.012625,-3.879400
2018-11-26,4371.4230,4367.4610,4408.1130,4347.7470,6858469888,45641649920.0000,0.009401,-0.166900
2018-11-27,4393.2890,4387.6510,4416.3570,4361.0230,6235270912,43832226048.0000,0.008544,0.462300
2018-11-28,4389.8320,4441.8560,4441.8560,4333.0550,7250793216,50581746688.0000,0.009935,1.235400
2018-11-29,4462.7920,4345.7030,4473.3070,4344.9000,7710248192,52609677056.0000,0.010565,-2.164700
2018-11-30,4334.0400,4376.6510,4385.0030,4291.8110,6384878848,44026264320.0000,0.008745,0.712100
2018-12-03,4483.6630,4515.1730,4536.8310,4460.3870,9626575104,72617443328.0000,0.013183,3.165000
2018-12-04,4506.2460,4536.2100,4538.4230,4492.0560,7628021248,56315559680.0000,0.010446,0.465900
2018-12-05,4456.1970,4502.7020,4532.2790,4445.9730,7427597312,55251925504.0000,0.010171,-0.738700
2018-12-06,4476.8100,4411.0880,4483.3150,4405.8360,6604759552,52051360256.0000,0.009044,-2.034700
2018-12-07,4419.6080,4410.9590,4432.3290,4397.4240,5175505408,41253201664.0000,0.007087,-0.002900
2018-12-10,4381.3800,4359.3120,4396.4040,4350.2260,5394034688,40103184640.0000,0.007385,-1.170900
2018-12-11,4373.0270,4395.5700,4398.0630,4365.1180,5043078144,37194242304.0000,0.006900,0.831700
2018-12-12,4408.9140,4393.3240,4417.6040,4381.3230,4809361152,35826068736.0000,0.006580,-0.051100
2018-12-13,4405.0860,4443.1570,4471.2560,4378.4600,6361391104,47775555072.0000,0.008700,1.134300
2018-12-14,4436.0020,4337.1020,4439.0450,4331.3780,6578654720,47335305472.0000,0.008997,-2.386900
2018-12-17,4322.5930,4330.6460,4341.2030,4285.2140,5150281472,38561891328.0000,0.007033,-0.148900
2018-12-18,4308.0470,4307.2670,4339.4040,4266.4510,5130347776,37327896832.0000,0.006747,-0.539800
2018-12-19,4311.2790,4247.8990,4315.1080,4245.1500,4626017536,33854346752.0000,0.006084,-1.378300
2018-12-20,4240.3720,4259.7610,4274.0110,4225.1340,4696785152,34730999552.0000,0.006176,0.279300
2018-12-21,4246.4280,4231.1440,4260.2890,4204.4860,4711042560,35374801408.0000,0.006195,-0.671800
2018-12-24,4227.3540,4274.7210,4276.9740,4215.0220,4184194096,32706121728.0000,0.005500,1.029900
2018-12-25,4233.5430,4225.5120,4244.9520,4132.7630,6038367232,43750314496.0000,0.007933,-1.151200
2018-12-26,4218.6610,4208.4050,4241.3500,4194.3050,4503293184,34328584960.0000,0.591448,-0.404900
2018-12-27,4263.3340,4161.2700,4272.8080,4159.7660,5421939200,40327766016.0000,0.711873,-1.120000
2018-12-28,4168.9390,4168.0360,4192.6950,4138.9340,4996418560,37350056704.0000,0.656005,0.162600
2019-01-02,4176.1090,4131.9560,4179.7230,4125.9350,4749444864,35572462336.0000,0.623509,-0.865600
2019-01-03,4131.6940,4112.8070,4182.1980,4110.5270,5549124352,41103713280.0000,0.725950,-0.463400
2019-01-04,4075.6210,4210.8780,4210.8780,4071.6890,7344873728,52230681344.0000,0.960518,2.384500
2019-01-07,4235.0340,4288.3230,4297.0230,4223.4580,8115344896,59231303936.0000,1.060952,1.839200
2019-01-08,4278.2800,4277.2960,4289.6270,4264.6000,6955693824,49700132352.0000,0.909346,-0.257100
2019-01-09,4286.2310,4288.7710,4354.1980,4280.6550,8515359488,61510931968.0000,1.112601,0.268300
2019-01-10,4289.5590,4281.8600,4319.4940,4274.1950,6891088896,49243142144.0000,0.900359,-0.161100
2019-01-11,4282.3930,4314.8750,4316.5410,4267.2880,6835508480,46599960064.0000,0.892416,0.771000
2019-01-14,4317.5230,4286.5470,4325.9470,4278.7610,6767961344,44765955584.0000,0.883373,-0.656500
2019-01-15,4282.9860,4347.3550,4350.9330,4271.6360,7200518144,50608143360.0000,0.939831,1.418600
2019-01-16,4347.0750,4336.8770,4364.0960,4330.7430,6927474432,50030063872.0000,0.904073,-0.241000
2019-01-17,4334.6300,4303.7300,4347.1780,4297.6680,7456211200,48421136128.0000,0.972840,-0.764300
2019-01-18,4307.1380,4347.8110,4351.4380,4297.4770,8337161216,55476936192.0000,1.087787,1.024300
2019-01-21,4354.6990,4373.6330,4395.0630,4352.8100,7278153216,52937642752.0000,0.948109,0.593900
2019-01-22,4370.8560,4308.2510,4370.8560,4291.9620,6949667328,47826602496.0000,0.904577,-1.494900
2019-01-23,4298.9380,4315.6840,4322.8890,4292.0870,5848573440,40571874304.0000,0.760826,0.172500
2019-01-24,4318.7090,4338.1700,4363.2180,4292.8290,7063030528,51572057856.0000,0.918618,0.521000
2019-01-25,4341.4130,4318.4410,4359.4630,4315.9520,7165747712,52504910592.0000,0.931963,-0.454800
2019-01-28,4341.4920,4307.2190,4370.8980,4297.9630,6727993600,49287478016.0000,0.874896,-0.259900
2019-01-29,4301.4690,4254.2870,4301.4690,4188.5940,7775372800,54223809280.0000,1.011095,-1.228900
2019-01-30,4235.2740,4211.6230,4266.8810,4211.1900,5851376896,42466758400.0000,0.760906,-1.002800
2019-01-31,4203.9770,4176.4730,4240.7160,4151.4140,7151120384,47694716160.0000,0.929909,-0.834600
2019-02-01,4189.1090,4294.2690,4295.0370,4189.1090,6609967616,47693471488.0000,0.859506,2.820500
2019-02-11,4306.2000,4402.8660,4403.7280,4306.2000,7529735680,56743679232.0000,0.979105,2.528900
2019-02-12,4398.4420,4439.4850,4452.5000,4394.8330,8527115520,61588925184.0000,1.107220,0.831700
2019-02-13,4442.7270,4512.4080,4526.2690,4433.0270,11321890304,82940465152.0000,1.470113,1.642600
2019-02-14,4507.8400,4532.1690,4555.2330,4494.5520,9482853376,70164058112.0000,1.231319,0.437900
2019-02-15,4523.9440,4502.7340,4544.3860,4497.3850,9351160832,67254618880.0000,1.213553,-0.649500
2019-02-18,4527.9680,4660.9990,4660.9990,4527.9680,12412400384,92189941760.0000,1.610590,3.514900
2019-02-19,4683.3250,4667.2830,4706.5250,4614.2770,14387476736,105704251392.0000,1.866829,0.134800
2019-02-20,4667.3530,4667.6240,4677.9770,4619.4600,12021313024,87303393280.0000,1.559831,0.007300
2019-02-21,4666.2810,4659.1430,4750.4180,4643.1090,14595111424,111329120256.0000,1.893453,-0.181700
2019-02-22,4651.5380,4777.2970,4777.2970,4649.2150,14616614144,111540084736.0000,1.896242,2.536000
2019-02-25,4840.5430,5044.3460,5045.0750,4835.4820,24178358016,190541189120.0000,3.136706,5.590000
2019-02-26,5059.2840,5038.5430,5149.6220,5004.5520,26283326464,196257558528.0000,3.413413,-0.115000
2019-02-27,5027.3870,5017.8840,5093.7950,4964.6230,20885408768,155472039936.0000,2.711697,-0.410000
2019-02-28,5017.4400,5025.2910,5072.6680,4994.0500,15604287744,116972244992.0000,2.026013,0.147600
2019-03-01,5047.2270,5067.2250,5067.3060,4984.9930,14982832896,112765394944.0000,1.945298,0.834500
2019-03-04,5112.9510,5158.2460,5253.3880,5108.2820,23244686336,183781732352.0000,3.012110,1.796300
2019-03-05,5146.6200,5295.2870,5295.2870,5125.1540,20689126144,168045744128.0000,2.680574,2.656700
2019-03-06,5328.1270,5390.0290,5395.5540,5256.7930,26496431872,209513259008.0000,3.432994,1.789200
2019-03-07,5381.2260,5458.6150,5512.6430,5353.5730,26696721920,214811701248.0000,3.458945,1.272500
2019-03-08,5340.1050,5245.6990,5480.1720,5245.5310,28568024832,229867708416.0000,3.701399,-3.900500
2019-03-11,5279.7500,5456.3810,5456.4190,5272.1900,21425221376,185766887424.0000,2.775961,4.016300
2019-03-12,5500.9350,5551.0020,5591.6860,5458.7590,24933399296,216216096768.0000,3.230381,1.734100
2019-03-13,5557.1550,5424.8640,5557.1550,5388.2460,22434923520,201483722752.0000,2.904563,-2.272300
2019-03-14,5381.1100,5298.5020,5432.5200,5236.7520,17860867840,154289291264.0000,2.312378,-2.329300
2019-03-15,5328.8080,5359.0080,5418.3290,5308.0620,15284646400,139681587200.0000,1.978844,1.141900
2019-03-18,5387.3750,5501.1830,5501.1830,5333.2550,17265525504,153883836416.0000,2.231314,2.653000
2019-03-19,5505.6980,5522.1800,5555.1220,5486.7980,16671393024,150233661440.0000,2.154531,0.381700
2019-03-20,5518.3080,5515.7850,5533.0520,5415.7540,17682073600,154380099584.0000,2.283723,-0.115800
2019-03-21,5525.9920,5589.4780,5634.6610,5513.3920,20715004416,184005099520.0000,2.674915,1.336000
2019-03-22,5591.0420,5622.1400,5625.0950,5505.8050,18195482368,168610426880.0000,2.349201,0.584300
2019-03-25,5521.2510,5549.6710,5629.2270,5507.3570,17843293696,166384283648.0000,2.304076,-1.289000
2019-03-26,5571.5250,5394.8780,5589.4120,5380.8530,17616473088,160539918336.0000,2.270179,-2.789200
2019-03-27,5431.9770,5447.8790,5447.8790,5333.7840,14495660800,134714503168.0000,1.868020,0.982400
2019-03-28,5432.9430,5370.1230,5487.7650,5370.1230,14926108160,141312491520.0000,1.923520,-1.427300
2019-03-29,5370.4200,5547.6560,5550.7600,5346.2130,17833301760,164954574848.0000,2.292999,3.305900
2019-04-01,5591.6650,5757.8370,5763.5800,5591.6650,22118163200,208464846848.0000,2.841361,3.788600
2019-04-02,5794.7870,5775.5490,5833.0220,5750.3290,22875028480,216017608704.0000,2.937648,0.307600
2019-04-03,5744.2210,5836.0360,5843.4680,5724.1250,19910476288,182304280576.0000,2.556936,1.047300
2019-04-04,5868.3910,5871.5570,5894.9880,5813.4620,20883485952,196845264896.0000,2.681323,0.608600
2019-04-08,5921.2100,5847.6290,5939.4970,5765.9060,23831746560,222907101184.0000,3.059554,-0.407500
2019-04-09,5834.2900,5858.0460,5877.8400,5798.3730,17936350208,169072553984.0000,2.302419,0.178100
2019-04-10,5826.0250,5850.7600,5906.4270,5782.3680,17875360768,172671582208.0000,2.294589,-0.124400
2019-04-11,5852.6360,5727.1740,5866.9220,5720.5510,16587607296,157397020672.0000,2.129277,-2.112300
2019-04-12,5720.0480,5714.3670,5749.3360,5673.7440,14007834112,126121979904.0000,1.798119,-0.223600
2019-04-15,5795.5010,5655.9820,5815.3910,5654.3440,15775413504,147932909568.0000,2.025040,-1.021700
2019-04-16,5625.1220,5777.0110,5777.0110,5583.6140,15602963200,147394539520.0000,2.002222,2.139800
2019-04-17,5776.6350,5807.7280,5840.6240,5757.9950,16980015616,158856830976.0000,2.178825,0.531700
2019-04-18,5804.3010,5775.1710,5826.6730,5762.5670,15132250624,141406846976.0000,1.941295,-0.560600
2019-04-19,5762.5000,5810.1790,5810.1790,5710.7950,14872428800,133507305472.0000,1.905230,0.606200
2019-04-22,5821.0220,5723.0410,5824.5200,5704.9760,15816102656,143410618368.0000,2.025924,-1.499800
2019-04-23,5710.7330,5628.0620,5710.7330,5610.7350,14987145984,133768249344.0000,1.917811,-1.659600
2019-04-24,5636.4010,5679.7250,5682.4780,5568.4080,13478441216,121970724864.0000,1.724385,0.918000
2019-04-25,5652.0050,5458.4190,5662.7890,5457.8250,15140171776,132098715648.0000,1.936950,-3.896400
2019-04-26,5427.6220,5408.0300,5496.0350,5407.1940,12427987968,108970815488.0000,1.586869,-0.923100
2019-04-29,5405.1640,5265.6010,5421.6560,5252.0480,13867238656,119713198080.0000,1.770739,-2.633700
2019-04-30,5244.0440,5307.5600,5349.9430,5244.0440,10219034112,90849648640.0000,1.304772,0.796900
2019-05-06,5122.4690,4908.7980,5125.1610,4874.6430,14338623232,116597522432.0000,1.830184,-7.513100
2019-05-07,4933.0420,4973.4040,4990.1930,4886.0560,11657368832,97660956672.0000,1.487390,1.316100
2019-05-08,4865.7870,4947.7410,5028.5260,4842.5600,10773812224,88503435264.0000,1.374642,-0.516000
2019-05-09,4897.9780,4888.4120,4955.7830,4879.6940,9093465600,75438862336.0000,1.159871,-1.199100
2019-05-10,4940.4810,5064.3230,5064.3230,4842.6070,12217748224,103926816768.0000,1.557770,3.598500
2019-05-13,5009.4740,5005.9040,5040.5030,4985.1880,9173639424,81269399552.0000,1.167245,-1.153500
2019-05-14,4942.3930,4965.6120,5018.4130,4941.9270,8754096896,78269149184.0000,1.113863,-0.804900
2019-05-15,5002.6050,5076.5550,5086.7290,4999.3360,9746385920,88150028288.0000,1.239998,2.234200
2019-05-16,5071.1080,5108.3580,5118.4440,5059.2060,10442216704,91206180864.0000,1.327926,0.626500
2019-05-17,5112.2410,4942.5790,5116.9930,4923.6720,11907121408,103931109376.0000,1.513755,-3.245200
2019-05-20,4937.1760,4923.5580,4947.7450,4835.8080,9568649728,84271517696.0000,1.215684,-0.384800
2019-05-21,4917.3420,5009.8720,5026.2840,4904.8230,10083707392,91301257216.0000,1.278923,1.753100
2019-05-22,5002.1600,4976.3920,5018.1090,4941.0090,9409270784,86507937792.0000,1.193381,-0.668300
2019-05-23,4955.2520,4872.9200,4957.9860,4860.1880,9056368128,82582765568.0000,1.148079,-2.079300
2019-05-24,4848.5750,4841.7570,4892.4580,4831.3350,7793343488,69305380864.0000,0.987984,-0.639500
2019-05-27,4848.6410,4962.9470,4974.2670,4824.1420,9307641344,81678356480.0000,1.178812,2.503000
2019-05-28,4965.5900,4955.4850,5002.2490,4933.8960,9026398976,83641974784.0000,1.142248,-0.150400
2019-05-29,4943.5670,4956.8630,4992.9880,4930.4300,8587685120,78641295360.0000,1.086335,0.027800
2019-05-30,4933.5000,4926.4030,4933.8540,4865.7750,9477960192,80822550528.0000,1.198580,-0.614500
2019-05-31,4923.9190,4912.0000,4969.0510,4902.7370,8671672832,75731116032.0000,1.096584,-0.292400
2019-06-03,4921.7080,4853.8150,4942.0650,4838.3520,9854083072,83580690432.0000,1.246056,-1.184500
2019-06-04,4847.6630,4795.4120,4853.8100,4768.0390,8675165184,77250793472.0000,1.096085,-1.203200
2019-06-05,4837.8950,4783.8240,4850.8030,4777.9780,8130016512,72772853760.0000,1.027050,-0.241600
2019-06-06,4776.4890,4678.7840,4776.6870,4668.5410,8341693184,70429638656.0000,1.053791,-2.195700
2019-06-10,4693.7630,4725.2640,4750.5420,4662.7800,7336137984,63265364480.0000,0.924978,0.993400
2019-06-11,4730.8090,4901.4720,4903.8670,4728.4830,11681144576,99669917696.0000,1.471980,3.729100
2019-06-12,4889.3600,4863.4920,4917.0910,4852.9830,10784756224,94685224960.0000,1.356821,-0.774900
2019-06-13,4855.5390,4877.6500,4892.5810,4831.5190,9617253888,79697100800.0000,1.209397,0.291100
2019-06-14,4880.2260,4795.5260,4893.9280,4786.1950,10280389376,83140661248.0000,1.288560,-1.683700
2019-06-17,4796.1200,4802.8180,4826.5950,4779.6420,7336113920,64090002432.0000,0.919243,0.152100
2019-06-18,4804.3010,4797.1460,4825.6250,4773.5490,6652389632,56694905856.0000,0.811899,-0.118100
2019-06-19,4902.9590,4858.9160,4931.1090,4856.9030,9827437568,88246816768.0000,1.199018,1.287600
2019-06-20,4853.2080,4954.7330,4987.5950,4837.1760,11969596160,102804340736.0000,1.460281,1.972000
2019-06-21,4973.5850,5021.3050,5045.7140,4973.5850,12281421312,106832740352.0000,1.497635,1.343600
2019-06-24,5032.3740,5024.2040,5038.4790,4996.1690,9962015744,86442217472.0000,1.214807,0.057700
2019-06-25,5020.2000,4974.9880,5020.2000,4910.1970,9920218112,85713850368.0000,1.209692,-0.979600
2019-06-26,4943.7750,4962.5930,4991.1270,4928.7330,7003568640,64206718464.0000,0.852631,-0.249100
2019-06-27,4974.9850,5007.4830,5030.3710,4972.6700,8163126528,77117706240.0000,0.993409,0.904600
2019-06-28,5005.1920,4950.4790,5005.1920,4920.4340,7716462848,70271422464.0000,0.939001,-1.138400
2019-07-01,5044.6630,5100.2610,5100.2610,5016.2360,11163021312,108157181952.0000,1.357596,3.025600
2019-07-02,5092.8410,5084.4100,5102.4090,5066.2500,9708063744,91618107392.0000,1.179333,-0.310800
2019-07-03,5074.7090,5040.7220,5074.7090,5021.8950,8535858944,79210213376.0000,1.036930,-0.859300
2019-07-04,5046.8830,5025.0200,5067.9970,5002.3320,8014718976,72016474112.0000,0.972370,-0.311500
2019-07-05,5026.3310,5042.6590,5055.0140,5001.5230,6490414080,60552010240.0000,0.787065,0.351000
2019-07-08,5028.6340,4870.7800,5028.6340,4855.2140,9176607744,81431277568.0000,1.111133,-3.408500
2019-07-09,4868.4750,4881.6230,4892.5580,4838.9360,6101251328,56755420928.0000,0.737481,0.222600
2019-07-10,4891.9110,4843.8640,4896.0410,4829.2840,6079519232,55261260800.0000,0.734775,-0.773500
2019-07-11,4867.6820,4844.5470,4905.1600,4821.5510,6262848512,56483156480.0000,0.756537,0.014100
2019-07-12,4848.2220,4861.5670,4874.3200,4820.6630,6147939840,54064544512.0000,0.742656,0.351300
2019-07-15,4850.8900,4925.3240,4951.6230,4787.9060,8459448064,75865112576.0000,1.021700,1.311500
2019-07-16,4917.7930,4932.0450,4940.2310,4909.6630,6892496128,60958972160.0000,0.832449,0.136500
2019-07-17,4930.6460,4929.0850,4953.4090,4914.4920,7536108800,65860765184.0000,0.909916,-0.060000
2019-07-18,4909.7170,4844.1080,4909.7170,4843.5130,7263615744,59848894464.0000,0.876972,-1.724000
2019-07-19,4861.2120,4878.6900,4920.4130,4861.2030,6859729920,57390762240.0000,0.828209,0.713900
2019-07-22,4885.4290,4776.5740,4886.4020,4766.0710,7219157760,61198813696.0000,0.871604,-2.093100
2019-07-23,4778.0520,4823.9180,4823.9180,4778.0520,5472926208,48300963584.0000,0.660394,0.991200
2019-07-24,4837.7660,4873.0270,4898.8050,4837.7660,6945138432,63586100224.0000,0.838070,1.018000
2019-07-25,4873.1740,4891.6430,4899.7150,4861.7710,6738441728,65540812032.0000,0.812272,0.382000
2019-07-26,4880.7190,4898.1090,4902.0910,4868.1970,5925277696,57190685184.0000,0.714251,0.132200
2019-07-29,4897.6510,4897.0180,4914.4800,4872.5450,5658152192,54815760128.0000,0.682051,-0.022300
2019-07-30,4902.8410,4922.9170,4961.0240,4902.7810,7119412736,65553974528.0000,0.857833,0.528900
2019-07-31,4914.0440,4903.2030,4921.7220,4892.5550,6275454720,58776188928.0000,0.756142,-0.400500
2019-08-01,4877.5570,4870.4690,4900.0860,4850.5280,6433250304,61801931776.0000,0.775151,-0.667600
2019-08-02,4773.4300,4809.9190,4816.8100,4756.4040,7900236032,73848049664.0000,0.951874,-1.243200
2019-08-05,4795.9100,4751.9840,4838.7580,4749.9440,7161254144,69025914880.0000,0.862739,-1.204500
2019-08-06,4665.8400,4650.5620,4684.5150,4558.0600,9866786560,84239327232.0000,1.188464,-2.134300
2019-08-07,4678.4280,4626.3640,4686.7320,4624.7420,6741740544,62344726016.0000,0.812014,-0.520300
2019-08-08,4641.8660,4656.1000,4663.0320,4636.2380,6007779584,56743201024.0000,0.723568,0.642800
2019-08-09,4677.2470,4600.3520,4690.6540,4593.2230,6444333824,64477323008.0000,0.775510,-1.197300
2019-08-12,4608.1160,4685.0450,4685.0450,4591.6610,6194650624,62148044544.0000,0.745403,1.841000
2019-08-13,4649.3490,4658.3880,4667.7150,4638.0290,5869131776,57730564608.0000,0.705824,-0.569000
2019-08-14,4713.5020,4683.8400,4731.8620,4677.1300,7114878720,69438517248.0000,0.855680,0.546400
2019-08-15,4585.0940,4706.5500,4709.3630,4576.4610,7826161152,72618381312.0000,0.941200,0.484900
2019-08-16,4702.1410,4722.6620,4755.9520,4696.9210,7754245888,76502437888.0000,0.932508,0.342300
2019-08-19,4765.0580,4875.0360,4875.0360,4765.0580,10658092544,105144365056.0000,1.280340,3.226400
2019-08-20,4878.6740,4872.6060,4912.9910,4864.8150,10020229376,94825271296.0000,1.202670,-0.049800
2019-08-21,4865.7170,4882.7210,4896.2910,4859.3280,8494078976,83121774592.0000,1.019304,0.207600
2019-08-22,4894.3620,4887.9140,4896.5750,4851.9690,8223811072,82031366144.0000,0.986646,0.106400
2019-08-23,4888.5320,4887.9020,4902.7830,4861.2000,8250252800,81178886144.0000,0.989759,-0.000200
2019-08-26,4799.4830,4855.4580,4867.3030,4793.8440,8845314304,86780252160.0000,1.061046,-0.663800
2019-08-27,4878.2890,4936.1230,4976.5800,4878.2890,10819263744,105376288768.0000,1.297437,1.661300
2019-08-28,4929.8930,4928.1930,4948.0170,4910.6030,9899429376,92168540160.0000,1.188385,-0.160700
2019-08-29,4937.5900,4934.1830,4954.9570,4912.2200,9681799680,94062432256.0000,1.161662,0.121600
2019-08-30,4963.2780,4886.4940,4975.9720,4862.5820,10245163520,108135469056.0000,1.229342,-0.966500
2019-09-02,4894.0490,5008.2950,5020.2640,4890.2250,10829293056,109204320256.0000,1.299427,2.492600
2019-09-03,5019.4040,5044.1800,5044.1800,4999.8870,10909044992,115052724224.0000,1.307025,0.716500
2019-09-04,5036.5230,5093.2660,5093.2660,5027.6670,12249922304,123208417280.0000,1.467678,0.973100
2019-09-05,5119.5730,5138.4050,5208.9990,5119.4280,15894736896,160737034240.0000,1.904122,0.886200
2019-09-06,5152.1850,5154.6370,5167.4820,5111.7340,11279857664,122605223936.0000,1.350553,0.315900
2019-09-09,5202.7050,5263.4590,5263.4590,5171.8510,13294192640,139542294528.0000,1.591733,2.111100
2019-09-10,5264.3270,5245.3050,5264.3270,5212.5250,13111154688,138175229952.0000,1.569817,-0.344900
2019-09-11,5262.4940,5217.2910,5273.9670,5206.9720,11560393984,119062339584.0000,1.383978,-0.534100
2019-09-12,5230.2940,5242.6110,5255.7850,5197.5690,9604422656,99874271232.0000,1.149800,0.485300
2019-09-16,5263.3000,5250.3390,5279.5890,5228.2900,11413633792,116963950592.0000,1.366385,0.147400
2019-09-17,5237.5590,5140.4500,5237.5590,5118.2070,11477143552,113656217600.0000,1.373148,-2.093000
2019-09-18,5148.0630,5141.0380,5163.8100,5119.6130,8955599872,92044124160.0000,1.071200,0.011400
2019-09-19,5150.4980,5191.6680,5191.6680,5126.1530,8812931072,92724183040.0000,1.050343,0.984800
2019-09-20,5198.7270,5204.4840,5220.2350,5180.0770,9418643712,104270352384.0000,1.120560,0.246900
2019-09-23,5192.8830,5171.4840,5192.8830,5124.7980,9465767936,103757230080.0000,1.126042,-0.634100
2019-09-24,5168.1220,5180.7410,5237.4100,5159.3310,9452799488,108590215168.0000,1.123344,0.179000
2019-09-25,5162.1510,5087.0090,5162.1510,5087.0090,9220292096,103768928256.0000,1.095697,-1.809200
2019-09-26,5099.5170,4970.2400,5108.8030,4970.2400,9467075328,100909211648.0000,1.125034,-2.295400
2019-09-27,4974.0320,5005.6290,5033.1850,4974.0320,7432983296,77773541376.0000,0.883315,0.712000
2019-09-30,5009.1380,4940.9030,5022.4280,4940.9030,6578512896,66977336832.0000,0.781756,-1.293100
2019-10-08,4955.0780,4941.7600,4994.4430,4937.0280,6644342528,69528043520.0000,0.788563,0.017300
2019-10-09,4926.2080,4982.9530,4985.4400,4904.3220,6650575872,67224088832.0000,0.789264,0.833600
2019-10-10,4988.1400,5046.3590,5049.2190,4979.1940,7381815296,75962306560.0000,0.873700,1.272500
2019-10-11,5057.8100,5055.5160,5074.9030,5012.3840,8278601728,82692669440.0000,0.978962,0.181500
2019-10-14,5095.2160,5131.1310,5151.6940,5089.3120,10368887808,100737695744.0000,1.226143,1.495700
2019-10-15,5115.2470,5061.0020,5115.2470,5057.2830,8832143104,86494756864.0000,1.043613,-1.366700
2019-10-16,5064.3320,5038.3560,5086.9720,5036.5020,7822140928,73744400384.0000,0.924270,-0.447500
2019-10-17,5039.2710,5029.8540,5049.3600,5017.4670,7051450880,65942908160.0000,0.833091,-0.168700
2019-10-18,5033.8160,4961.8070,5056.5570,4953.1470,8203885056,74431254528.0000,0.968834,-1.352900
2019-10-21,4956.7920,4951.0350,4957.2350,4906.3620,6989927168,65366244608.0000,0.825467,-0.217100
2019-10-22,4954.1070,5005.5520,5011.0120,4954.1070,6553498112,63627854080.0000,0.773927,1.101100
2019-10-23,5009.3570,4967.1940,5009.9400,4955.0550,6903650816,65559048960.0000,0.815241,-0.766300
2019-10-24,4961.6850,4958.2460,4972.7620,4921.1120,6486844416,62074661120.0000,0.765995,-0.180100
2019-10-25,4953.3270,4994.5680,5001.5080,4922.0830,7315877632,72672829440.0000,0.863825,0.732600
2019-10-28,5026.0640,5084.4670,5084.6880,5026.0640,10290739456,101064613888.0000,1.215082,1.799900
2019-10-29,5080.9290,5007.7120,5080.9290,5007.7120,10870630400,105275424768.0000,1.282821,-1.509600
2019-10-30,4975.6730,4947.8950,4984.4030,4938.1020,8576215552,83620057088.0000,1.011536,-1.194500
2019-10-31,4950.0250,4917.4170,4967.7450,4911.3750,7958268672,79650639872.0000,0.938636,-0.616000
2019-11-01,4908.6470,4962.3490,4967.0480,4896.0070,7415565568,72447111168.0000,0.874627,0.913732
2019-11-04,4974.3630,4987.8360,5016.9370,4974.3630,8127822592,82241597440.0000,0.958584,0.513608
2019-11-05,4995.4610,5025.3020,5041.2350,4972.7160,8507295232,84235952128.0000,1.003339,0.751147
2019-11-06,5022.1040,4974.7340,5027.7890,4955.8250,8321627392,82703564800.0000,0.981467,-1.006268
2019-11-07,4970.5290,5007.0660,5020.2230,4960.8380,7209219840,70612910080.0000,0.850267,0.649924
2019-11-08,5036.6560,4988.2930,5051.5640,4985.9480,7909655552,80301699072.0000,0.932877,-0.374930
2019-11-11,4961.1940,4876.1590,4961.1940,4868.4340,7709640192,71951298560.0000,0.908802,-2.247943
2019-11-12,4878.9720,4881.6140,4887.2950,4823.4280,6878549248,64024939264.0000,0.810834,0.111871
2019-11-13,4878.9670,4875.5430,4888.1910,4853.5940,6060640768,60162199808.0000,0.714407,-0.124365
2019-11-14,4875.2490,4912.1070,4925.4410,4871.5560,6391011328,68278831872.0000,0.753350,0.749968
2019-11-15,4910.2050,4868.4360,4936.9840,4868.4360,7007640320,74051051520.0000,0.825097,-0.889048
2019-11-18,4862.2800,4892.4600,4901.0010,4851.3900,6396537088,63914780928.0000,0.753145,0.493464
2019-11-19,4892.3390,4975.1120,4975.1120,4890.7560,7236336896,73229635584.0000,0.851932,1.689375
2019-11-20,4975.7560,4946.2750,4991.6950,4941.9100,7899827712,81388199936.0000,0.929047,-0.579625
2019-11-21,4929.8510,4945.7180,4963.0880,4919.5930,6616751360,63282046976.0000,0.778153,-0.011261
2019-11-22,4954.3100,4904.0820,5018.0640,4876.8110,8802769408,89306628096.0000,1.034986,-0.841860
2019-11-25,4904.9940,4901.5020,4915.3450,4853.8420,8634726400,78620479488.0000,1.015228,-0.052609
2019-11-26,4906.4280,4882.1620,4920.6760,4882.1620,8125972992,74550161408.0000,0.955412,-0.394573
2019-11-27,4881.4020,4904.2560,4935.6270,4872.3020,7264694016,70087737344.0000,0.854147,0.452545
2019-11-28,4897.6520,4889.2590,4916.8040,4878.0070,5967231488,56925665024.0000,0.701557,-0.305796
2019-11-29,4888.3480,4894.9410,4909.4110,4850.5870,6139561984,58933970688.0000,0.721725,0.116214
2019-12-02,4897.6300,4905.4200,4930.5850,4889.3190,6315015936,61517277184.0000,0.742351,0.214078
2019-12-03,4889.4060,4926.4540,4926.4540,4863.6620,6034552576,59970188032.0000,0.709364,0.428791
2019-12-04,4902.4850,4920.6680,4935.5690,4901.0360,6349645056,65049445120.0000,0.746384,-0.117448
2019-12-05,4927.7750,4967.6020,4978.9890,4923.1110,7407710464,77991493632.0000,0.870756,0.953814
2019-12-06,4968.0410,5010.5100,5010.5130,4954.7850,7370595584,77615890432.0000,0.866434,0.863757
2019-12-09,5020.2210,5024.6040,5040.2400,5005.8410,8848641536,92501704704.0000,1.038892,0.281289
2019-12-10,5012.4710,5049.0510,5054.3120,4998.1470,8293633024,85621362688.0000,0.973302,0.486546
2019-12-11,5044.9360,5027.2780,5052.3500,5007.5590,8601103872,87198617600.0000,1.008839,-0.431230
2019-12-12,5025.4900,5012.0010,5044.1970,5008.3670,8005543936,82031906816.0000,0.938984,-0.303882
2019-12-13,5047.8970,5073.6850,5082.7590,5029.8830,9997918464,100214792192.0000,1.171877,1.230726
2019-12-16,5095.3480,5166.0390,5166.0390,5081.9090,11652253184,118077923328.0000,1.365700,1.820255
2019-12-17,5167.2290,5236.0620,5257.8270,5161.1520,15021914112,143007731712.0000,1.733082,1.355449
2019-12-18,5235.4760,5235.1240,5267.4060,5221.6980,12926439936,126380736512.0000,1.490711,-0.017914
2019-12-19,5236.9150,5241.7370,5255.1680,5215.8840,11366629376,111318994944.0000,1.310790,0.126320
2019-12-20,5244.2130,5184.6750,5258.0050,5182.0630,11799847168,107404906496.0000,1.360742,-1.088609
2019-12-23,5161.2820,5084.3500,5188.8500,5079.4410,10565253120,98214944768.0000,1.218457,-1.935030
2019-12-24,5098.8050,5162.0700,5165.1560,5092.9060,8545191680,80244023296.0000,0.985042,1.528612
2019-12-25,5157.3660,5183.0980,5195.8660,5153.5130,9591867648,97321480192.0000,1.105697,0.407356
2019-12-26,5181.3810,5219.1400,5219.1400,5171.4400,9562553344,89169211392.0000,1.102247,0.695376
2019-12-27,5223.4700,5179.1920,5252.7870,5175.8520,12625962752,116273065984.0000,1.454605,-0.765413
2019-12-30,5160.3100,5241.9380,5242.1230,5119.8550,11686945536,106835906560.0000,1.364807,1.211502
2019-12-31,5239.9130,5267.6620,5269.8730,5228.1720,10388965888,95356583936.0000,1.194562,0.490735
2020-01-02,5306.6670,5366.1370,5374.9080,5288.1670,14589440512,136813752320.0000,1.677235,1.869425
2020-01-03,5376.0320,5380.6370,5395.2580,5351.8040,12845202176,122199724032.0000,1.476713,0.270213
2020-01-06,5365.2170,5434.8500,5481.5500,5355.0230,15958741504,158190936064.0000,1.823650,1.007557
2020-01-07,5441.9030,5499.8390,5499.8390,5440.6910,14414272256,142194163712.0000,0.000000,1.195783
2020-01-08,5481.9840,5423.7960,5500.1600,5409.5690,15540684800,149838069760.0000,1.774282,-1.382640
2020-01-09,5465.8570,5497.5420,5497.5420,5457.3490,13243166720,135961014272.0000,1.508538,1.359675
2020-01-10,5511.6730,5480.2270,5516.0940,5455.2510,11381982208,118196969472.0000,1.296121,-0.314959
2020-01-13,5478.3150,5559.6270,5559.6270,5447.7310,11807618048,128651948032.0000,1.376634,1.448845
2020-01-14,5576.6290,5542.3310,5583.7200,5539.8990,12981138432,134845329408.0000,1.478205,-0.311100
2020-01-15,5532.9610,5530.0260,5545.1010,5492.6500,11242501888,118142836736.0000,1.277052,-0.222018
2020-01-16,5539.4210,5527.6670,5559.0170,5514.6910,11189727488,122337955840.0000,1.271057,-0.042658
2020-01-17,5539.7230,5510.0450,5555.4110,5499.4670,10494932992,110491856896.0000,1.191812,-0.318796
2020-01-20,5523.0090,5587.5350,5587.5350,5500.5930,11540300032,128212119552.0000,1.342970,1.406341
2020-01-21,5581.0100,5523.9410,5581.9800,5515.1920,12460480768,135220985856.0000,1.414964,-1.138141
2020-01-22,5502.5870,5575.5120,5597.9930,5440.1990,12347476992,138250256384.0000,1.401418,0.933591
2020-01-23,5521.7920,5377.7410,5558.4250,5326.9310,14577307136,161861918720.0000,1.654488,-3.547136
2020-02-03,4896.8940,4910.9010,4960.7450,4896.8940,8177708288,89455038464.0000,0.950402,-8.680968
2020-02-04,4736.1220,4996.4740,5013.7690,4736.1220,18967227904,175374995456.0000,2.202466,1.742511
2020-02-05,5035.4080,5123.9610,5178.4370,5026.4080,17109533952,177352351744.0000,1.938838,2.551539
2020-02-06,5128.1860,5282.8920,5299.1780,5100.4810,18595745536,197274054656.0000,2.107251,3.101722
2020-02-07,5287.2690,5327.0360,5329.3550,5226.6990,19114764288,203495542784.0000,2.165662,0.835603
2020-02-10,5322.0080,5388.4340,5389.0380,5301.4120,17670328320,186767921152.0000,2.051476,1.152573
2020-02-11,5390.5250,5361.2760,5396.9550,5323.7600,15250817792,157302894592.0000,1.726318,-0.504005
2020-02-12,5345.5220,5459.9460,5461.6730,5340.4870,15104147200,164552224768.0000,1.709788,1.840420
2020-02-13,5456.6590,5412.8410,5482.7950,5397.2320,15820264192,175679827968.0000,1.790852,-0.862737
2020-02-14,5407.4730,5420.8020,5474.4680,5375.9250,14534649600,162742005760.0000,1.644004,0.147076
2020-02-17,5454.4620,5594.4360,5594.4360,5454.4620,17463665664,183878721536.0000,1.975303,3.203105
2020-02-18,5607.8400,5660.8140,5660.8140,5577.8980,18509870080,206428524544.0000,2.093186,1.186500
2020-02-19,5654.1770,5603.2620,5678.8190,5601.3910,18564208384,210591420416.0000,2.099331,-1.016674
2020-02-20,5619.5200,5706.7120,5712.1820,5580.0670,19207602688,205564977152.0000,2.172174,1.846246
2020-02-21,5704.8360,5784.0320,5822.3970,5700.9510,20723623936,230175047680.0000,2.343620,1.354896
2020-02-24,5784.5750,5865.4660,5884.1390,5754.6790,21809896192,250154434560.0000,2.528812,1.407911
2020-02-25,5745.6170,5897.7210,5912.2740,5643.8840,26736667904,301960916992.0000,3.022097,0.549914
2020-02-26,5824.0480,5743.3920,5885.2700,5724.4990,26637508096,281045745664.0000,3.010889,-2.616757
2020-02-27,5770.2180,5753.7270,5829.0370,5689.5390,20469487616,221902086144.0000,2.308800,0.179946
2020-02-28,5558.4150,5451.2890,5641.7720,5438.8520,22430670848,232879771648.0000,2.529803,-5.256384
2020-03-02,5516.4380,5656.4190,5683.2420,5505.2680,19951161088,213505003520.0000,2.250156,3.762963
2020-03-03,5756.7910,5710.0230,5832.3530,5658.1200,22632549376,244204351488.0000,2.552064,0.947667
2020-03-04,5670.4990,5716.5110,5719.1780,5603.9280,18513309696,194980151296.0000,2.087446,0.113625
2020-03-05,5795.2500,5801.1190,5811.2070,5732.1680,21723222016,217238388736.0000,2.449376,1.480064
2020-03-06,5737.0950,5763.8600,5802.6290,5723.7320,18529714688,177496498176.0000,2.089296,-0.642273
2020-03-09,5668.6366,5525.8167,5699.9198,5525.8167,21853808900,212042107536.0000,2.464100,-4.129932
2020-03-10,5459.1732,5675.1113,5675.8756,5423.4289,20840287700,210472315060.8000,2.349276,2.701765
2020-03-11,5692.7173,5589.5311,5708.9152,5589.5311,18775091200,190010266287.6000,2.116242,-1.507992
2020-03-12,5507.3213,5493.8838,5549.3501,5446.7941,15875315700,154102925606.4000,1.789104,-1.711186
2020-03-13,5225.5063,5457.2006,5507.3899,5224.7267,19526665900,188405108227.1000,2.200595,-0.667710
2020-03-16,5496.8890,5200.1142,5496.8890,5183.3436,18684995200,184923547742.5000,2.105725,-4.710957
2020-03-17,5245.5231,5212.0619,5300.5591,5052.6546,15913787800,152551271989.0000,1.793512,0.229758
2020-03-18,5257.9438,5119.4716,5333.1204,5119.4716,16428660400,160536059992.1000,1.850234,-1.776462
2020-03-19,5119.9437,5157.8235,5185.0889,5020.4387,15459370200,148680627064.8000,1.741667,0.749138
2020-03-20,5217.4880,5219.2809,5225.0268,5129.0733,12751328900,131519032482.5000,1.436576,1.191537
2020-03-23,5079.3549,4998.9095,5129.1405,4981.6682,13868474500,133727699571.8000,1.562376,-4.222256
2020-03-24,5089.1516,5096.0408,5118.0355,4963.2918,14078770500,137371423374.7000,1.586067,1.943050
2020-03-25,5200.7752,5217.4237,5229.2205,5160.3887,14688107000,142310080633.2000,1.654707,2.381906
2020-03-26,5180.4657,5166.1091,5227.4679,5157.1478,12565245000,126982007995.4000,1.415556,-0.983524
2020-03-27,5222.8511,5137.3371,5227.7921,5134.4903,11704507300,118480791099.6000,1.318534,-0.556938
2020-03-30,5073.7047,5027.4856,5074.6251,4974.3165,12398131600,124559163372.3000,1.396469,-2.138297
2020-03-31,5073.5232,5041.4534,5090.5675,5030.5730,11160561200,106538446158.7000,1.250320,0.277829
2020-04-01,5029.5837,5019.2187,5108.1750,5007.7115,11215411100,110651112519.1000,1.256498,-0.441037
2020-04-02,4998.6259,5147.2019,5147.2019,4998.1063,11335107800,117822171439.6000,1.269816,2.549863
2020-04-03,5143.5185,5107.0393,5161.5728,5085.0948,10947897800,112751173060.0000,1.225715,-0.780280
2020-04-07,5202.5465,5267.0730,5273.0857,5197.5826,14510945200,146826555108.9000,1.624625,3.133591
2020-04-08,5243.1623,5271.7961,5291.4149,5232.6161,13778625400,136499534391.4000,1.542287,0.089672
2020-04-09,5301.2663,5322.4614,5336.1174,5289.3845,12509846200,128352885531.3000,1.400038,0.961063
2020-04-10,5321.7865,5208.5102,5321.7865,5197.9841,12381638800,126468212009.4000,1.384636,-2.140949
2020-04-13,5176.4431,5169.1757,5198.3708,5140.8505,9818099300,101355716432.4000,1.097882,-0.755197
2020-04-14,5197.1716,5288.5930,5288.5930,5189.8242,11018824400,118917318030.8000,1.232010,2.310181
2020-04-15,5291.9664,5268.7497,5320.5792,5264.0114,12247740000,128025726348.5000,1.369324,-0.375209
2020-04-16,5245.9247,5316.9707,5328.1204,5238.4335,12074219300,122069165005.5000,1.349924,0.915227
2020-04-17,5354.9828,5318.4547,5377.1470,5309.5809,13696983300,156745771336.3000,1.531414,0.027911
2020-04-20,5329.8688,5381.7857,5381.7857,5311.1974,12064218200,130825823688.0000,1.347154,1.190778
2020-04-21,5358.6005,5343.8806,5358.6005,5287.6633,13074442600,139768427426.9000,1.459961,-0.704322
2020-04-22,5304.7310,5387.6233,5388.2073,5296.2644,12359700600,127945771531.0000,1.379591,0.818557
2020-04-23,5402.6478,5357.7904,5407.4900,5354.9401,14461830200,145324602210.3000,1.614128,-0.553730
2020-04-24,5350.5426,5273.5474,5354.7629,5258.5692,13138336700,127211203386.7000,1.466409,-1.572346
2020-04-27,5278.9787,5265.7248,5314.4114,5249.3133,11713242700,110738403020.7000,1.307280,-0.148337
2020-04-28,5268.1255,5227.8460,5273.2565,5102.0608,14082491000,133971236966.9000,1.570423,-0.719346
2020-04-29,5203.7103,5226.8116,5269.7350,5201.4734,10592684900,103339319168.3000,1.181313,-0.019786
2020-04-30,5261.0467,5353.8595,5368.8943,5261.0467,13303668600,142523793301.1000,1.483365,2.430696
2020-05-06,5320.9400,5451.3159,5451.4560,5318.4430,14167905000,159945700644.7000,1.579780,1.820302
2020-05-07,5454.2515,5445.7519,5473.7738,5425.7964,14014635400,147975355319.2000,1.562588,-0.102067
2020-05-08,5474.8739,5507.6965,5527.0903,5467.6460,13631862200,146384767223.1000,1.519864,1.137485
2020-05-11,5529.1056,5496.1920,5547.9416,5466.6158,12985198500,142054909597.6000,1.447696,-0.208880
2020-05-12,5494.0693,5512.4640,5519.2868,5441.7013,11594367700,127585356336.7000,1.292626,0.296060
2020-05-13,5495.8969,5536.2802,5546.5535,5483.9868,10789582200,120477112076.0000,1.202909,0.432043
2020-05-14,5513.0817,5487.1070,5528.0915,5485.0152,11919770100,129595787537.9000,1.328620,-0.888199
2020-05-15,5510.1454,5507.9336,5543.9334,5486.2557,11265151100,132317035662.0000,1.255522,0.379555
2020-05-18,5522.7233,5478.8218,5528.7754,5454.9615,13365466400,158389049357.7000,1.489526,-0.528543
2020-05-19,5515.0289,5547.8759,5548.2181,5504.2327,11200886000,133182704772.6000,1.247798,1.260382
2020-05-20,5545.0441,5489.7024,5547.1691,5473.7896,12349126400,141354557271.3000,1.375705,-1.048572
2020-05-21,5508.2041,5426.1745,5511.2324,5415.5986,11455910800,128883851422.2000,1.275844,-1.157219
2020-05-22,5421.7282,5328.2268,5421.8870,5307.2962,10641571100,115705492517.1000,1.184361,-1.805097
2020-05-25,5323.9656,5316.6036,5344.2849,5293.2294,8438568100,91375351529.7000,0.938960,-0.218144
2020-05-26,5341.1113,5420.2126,5421.9045,5341.0821,9096900800,99351009048.7000,1.012200,1.948782
2020-05-27,5426.5558,5369.4992,5426.5558,5358.4700,10396037100,113109428499.0000,1.156445,-0.935635
2020-05-28,5367.2664,5361.1670,5390.1397,5290.2897,10252425100,107583819702.0000,1.140469,-0.155176
2020-05-29,5349.5678,5406.3403,5416.6599,5336.0669,10500325000,110023218185.6000,1.168046,0.842602
2020-06-01,5446.2912,5569.4800,5576.6538,5446.2912,14169758200,147879965490.3000,1.576227,3.017563
2020-06-02,5595.3589,5566.4438,5596.4399,5544.1862,13902910300,149203304081.4000,1.546544,-0.054515
2020-06-03,5583.7010,5572.3125,5618.2892,5567.0729,13834551900,146218273434.1000,1.537912,0.105430
2020-06-04,5589.3445,5576.7535,5597.2621,5549.3577,12077846500,123809986180.5000,1.342590,0.079698
2020-06-05,5585.1592,5585.4231,5592.3453,5542.8701,11225389700,115167433561.3000,1.247830,0.155460
2020-06-08,5618.3753,5575.3036,5627.1893,5567.2087,11944619000,128061193175.3000,1.327576,-0.181177
2020-06-09,5582.1440,5610.3774,5616.0363,5560.1390,11487092900,119378870792.0000,1.274945,0.629092
2020-06-10,5611.6579,5615.2417,5616.6108,5581.9153,10836809700,114114998789.0000,1.202771,0.086702
2020-06-11,5618.6411,5589.1019,5673.3108,5567.5380,12751545400,144595249404.6000,1.415286,-0.465515
2020-06-12,5483.7845,5591.4871,5620.2062,5479.2713,12954546500,142138382119.3000,1.436520,0.042676
2020-06-15,5605.8832,5590.6435,5661.9706,5590.6435,14535977600,152567150810.5000,1.611868,-0.015087
2020-06-16,5633.2588,5695.3007,5695.3007,5624.8549,13395170300,142087502349.4000,1.472140,1.872006
2020-06-17,5708.6871,5735.4183,5735.4183,5685.6241,14683751800,153683182939.3000,1.613756,0.704398
2020-06-18,5738.0314,5734.4030,5744.4525,5705.2950,15815436600,160763116093.6000,1.738056,-0.017702
2020-06-19,5733.4291,5787.1482,5796.3597,5727.6226,14176809800,147827142214.7000,1.557844,0.919803
2020-06-22,5793.7883,5784.0269,5815.3942,5770.8094,14539234900,157370407892.1000,1.608843,-0.053935
2020-06-23,5783.1198,5804.3430,5809.2832,5755.3982,12574812700,140277421310.2000,1.379632,0.351245
2020-06-24,5808.5388,5789.0893,5824.3132,5773.2908,11024143600,128536776011.6000,1.209076,-0.262798
2020-06-29,5774.4585,5762.4378,5789.1592,5740.2558,11776115100,131671126495.1000,1.290210,-0.460375
2020-06-30,5790.0647,5864.4164,5875.3274,5788.2081,11535032400,139671518549.7000,1.262127,1.769713
2020-07-01,5884.5400,5881.8875,5885.8738,5814.7554,14283298200,161437631595.0000,1.562581,0.297917
2020-07-02,5880.8832,5975.2794,5979.9902,5858.5743,20118138000,200063179993.3000,2.200741,1.587788
2020-07-03,5989.9958,6051.5099,6052.5230,5968.0663,22682681800,217087507631.7000,2.480780,1.275765
2020-07-06,6095.9561,6299.8551,6318.3081,6095.9561,30237648900,291741992284.0000,3.306578,4.103855
2020-07-07,6368.3135,6380.0276,6480.0286,6300.2446,32586542500,329327405395.3000,3.562922,1.272609
2020-07-08,6378.9461,6535.4151,6541.4382,6352.3731,28884738900,292261704951.5000,3.157347,2.435530
2020-07-09,6541.2854,6693.7452,6712.1445,6530.0207,31741227100,334582903483.0000,3.468920,2.422648
2020-07-10,6664.3263,6676.4373,6763.8121,6644.3586,28873667200,322509785233.7000,3.154937,-0.258568
2020-07-13,6710.6352,6899.5175,6899.6220,6710.6352,29730559500,335186154096.4000,3.248556,3.341306
2020-07-14,6897.0034,6807.7270,6897.0034,6672.7996,29386829700,341854745106.6000,3.209587,-1.330390
2020-07-15,6815.6162,6638.8384,6838.1524,6598.5228,25647283000,300879616805.6000,2.801159,-2.480837
2020-07-16,6642.3288,6319.9981,6710.9950,6305.1330,25331587000,277008155088.1000,2.766054,-4.802652
2020-07-17,6327.0265,6344.5912,6447.5092,6272.9416,19680390900,215076901728.0000,2.148978,0.389131
2020-07-20,6419.0800,6526.8325,6526.8325,6340.6495,21241322200,225848583600.9000,2.319390,2.872388
2020-07-21,6546.5653,6563.3239,6591.0097,6500.8682,19396594900,214682284529.3000,2.117820,0.559098
2020-07-22,6554.1681,6620.6893,6699.6871,6534.7427,21010119800,232947421316.2000,2.293993,0.874030
2020-07-23,6562.0485,6620.0859,6629.2067,6431.2609,20799246200,240882435490.9000,2.270969,-0.009114
2020-07-24,6584.8093,6283.9831,6609.2877,6265.3789,21901777700,247232797429.5000,2.391033,-5.077016
2020-07-27,6304.5859,6298.7351,6337.3275,6229.4712,14554248100,168023361892.0000,1.588376,0.234756
2020-07-28,6345.6820,6359.6637,6385.3908,6307.7891,13883814400,162440480588.8000,1.514916,0.967315
2020-07-29,6341.0079,6530.2712,6530.2712,6324.0483,15922168400,186898356931.0000,1.737328,2.682650
2020-07-30,6548.7007,6511.4360,6564.7750,6491.4492,17761556100,209285453557.9000,1.938108,-0.288429
2020-07-31,6499.3939,6579.6696,6619.2616,6463.4150,17991294100,207862488529.4000,1.962198,1.047904
2020-08-03,6635.3429,6739.8085,6739.8085,6614.4314,20726674600,240946720735.4000,2.258970,2.433844
2020-08-04,6758.4937,6697.7071,6764.9049,6672.8940,20947893600,245084781553.8000,2.278778,-0.624668
2020-08-05,6696.6870,6772.8422,6790.0080,6653.2772,18484381600,217994170977.7000,2.010789,1.121803
2020-08-06,6780.3265,6770.3016,6792.2759,6656.2782,20522984200,240928921871.6000,2.232555,-0.037512
2020-08-07,6743.2907,6688.8822,6755.5280,6578.6672,19812821400,227976663622.0000,2.155245,-1.202596
2020-08-10,6666.5601,6725.2956,6768.8660,6651.7421,17535322700,210390907232.4000,1.907391,0.544387
2020-08-11,6727.7692,6600.8472,6756.8451,6594.9793,18084577100,203427777772.4000,1.967080,-1.850452
2020-08-12,6580.0058,6528.3999,6599.6573,6395.0060,17788904500,197969436425.0000,1.934892,-1.097545
2020-08-13,6552.3695,6552.6567,6592.1163,6518.4229,16206051500,166812245236.6000,1.762432,0.371558
2020-08-14,6542.6032,6623.5633,6629.5058,6506.0266,15687598800,161300612455.5000,1.706048,1.082105
2020-08-17,6646.5418,6744.5468,6752.3176,6614.1849,20140735700,207540650739.0000,2.205667,1.826562
2020-08-18,6747.6059,6789.3979,6811.5637,6737.5288,18916617500,208576358641.0000,2.062100,0.664998
2020-08-19,6782.5931,6666.2740,6782.5931,6661.9879,19430913600,205475855509.4000,2.117417,-1.813473
2020-08-20,6622.0053,6593.7850,6672.4908,6570.6949,15764625800,163429358353.0000,1.717875,-1.087399
2020-08-21,6628.9007,6643.9444,6686.0233,6589.1968,14296349300,153128200636.0000,1.557837,0.760707
2020-08-24,6667.2961,6688.9647,6702.7487,6589.9285,14302035400,157948512265.7000,1.554234,0.677614
2020-08-25,6698.1196,6652.5478,6734.4378,6631.6853,14709813000,158243101131.0000,1.601913,-0.544433
2020-08-26,6650.4490,6525.8786,6660.7634,6501.2409,15373477100,170546092542.3000,1.674187,-1.904070
2020-08-27,6538.1362,6578.7912,6585.7193,6486.7508,12983619800,142139979127.3000,1.413924,0.810812
2020-08-28,6571.8981,6691.2096,6695.3574,6553.9227,14194959300,155878611730.4000,1.545836,1.708800
2020-08-31,6719.2859,6668.4331,6765.8853,6667.6792,15602438500,173312513829.2000,1.693940,-0.340394
2020-09-01,6667.1680,6710.4599,6710.4599,6637.6339,12563249000,140204445918.0000,1.367269,0.630235
2020-09-02,6725.6913,6717.5579,6742.5527,6647.0341,14956254800,160818469798.5000,1.627702,0.105775
2020-09-03,6715.1042,6662.2515,6732.6741,6638.4482,14211033500,151591727849.6000,1.546599,-0.823311
2020-09-04,6545.8880,6618.5762,6631.0289,6538.4896,12535846200,132077386325.3000,1.364219,-0.655564
2020-09-07,6619.8982,6478.8124,6669.3935,6459.1029,15558174800,167216213932.1000,1.692923,-2.111690
2020-09-08,6493.7737,6525.0980,6542.9954,6432.9520,16123031800,148148725286.0000,1.752867,0.714415
2020-09-09,6455.3053,6349.2234,6471.4824,6319.2713,21691635100,176688524174.1000,2.358276,-2.695356
2020-09-10,6404.6646,6235.5687,6414.9623,6219.6361,18104949700,149335340844.4000,1.967729,-1.790057
2020-09-11,6209.7881,6311.9670,6319.6691,6209.7881,12462919400,115690880160.5000,1.354379,1.225202
2020-09-14,6350.3551,6351.2422,6381.1820,6297.9023,13050227700,129303970062.7000,1.417965,0.622234
2020-09-15,6351.0366,6387.8805,6388.1304,6328.5366,11518415400,117077083505.1000,1.251474,0.576868
2020-09-16,6379.5178,6353.8360,6387.7666,6321.5668,11337988700,112504425528.5000,1.231870,-0.532955
2020-09-17,6345.6715,6367.0206,6416.0088,6291.6343,11895968100,123682498362.9000,1.292495,0.207506
2020-09-18,6367.7923,6469.4692,6473.5997,6353.5609,13522626400,136788919948.0000,1.469180,1.609051
2020-09-21,6492.2249,6445.9649,6515.3370,6434.3239,12602372100,133640323489.2000,1.368911,-0.363311
2020-09-22,6392.0250,6358.6520,6462.9751,6341.4838,12130589400,122989741811.9000,1.317664,-1.354536
2020-09-23,6382.2813,6392.0329,6411.2048,6356.1636,9504883300,106027143367.8000,1.031970,0.524968
2020-09-24,6353.6940,6244.6389,6354.6827,6243.2820,11280146700,112624608424.9000,1.221787,-2.305902
2020-09-25,6271.7008,6236.8904,6285.4717,6206.1823,8779878800,92989168390.0000,0.950462,-0.124082
2020-09-28,6255.0210,6178.4693,6261.9304,6171.0200,7896291500,87526269792.6000,0.854808,-0.936702
2020-09-29,6206.9908,6228.7708,6280.4433,6179.8807,8137116400,91783259881.9000,0.880876,0.814142
2020-09-30,6245.1158,6192.5045,6260.1234,6155.0208,8148409300,89615460415.2000,0.880520,-0.582238
2020-10-09,6300.0703,6357.9711,6373.9367,6290.4705,10038623100,115149926305.0000,1.084743,2.672047
2020-10-12,6408.0827,6541.1760,6541.3102,6399.6833,14482434900,160960006150.6000,1.564841,2.881499
2020-10-13,6538.8354,6551.3987,6557.8635,6486.3088,11155845000,130283812098.8000,1.205387,0.156282
2020-10-14,6547.8376,6508.3743,6547.8376,6492.6581,11862960400,133539992970.6000,1.280148,-0.656721
2020-10-15,6511.0707,6460.0408,6518.5503,6456.7714,10700425200,115595908996.0000,1.154697,-0.742636
2020-10-16,6456.7375,6428.6822,6473.6343,6388.6459,9873202200,109046534531.3000,1.065409,-0.485424
2020-10-19,6466.5660,6358.3213,6483.5079,6346.2632,10366836300,114682882325.0000,1.118677,-1.094484
2020-10-20,6349.6437,6423.1128,6423.1573,6324.3889,8618922400,95327322735.8000,0.930066,1.019003
2020-10-21,6426.1940,6350.0127,6426.5095,6323.4406,8751225500,102120928452.3000,0.944343,-1.138079
2020-10-22,6331.8037,6317.1438,6334.5424,6256.2324,8572472900,96745752080.7000,0.925053,-0.517619
2020-10-23,6312.0076,6213.2626,6362.4283,6202.5347,8056509000,93954361163.2000,0.869376,-1.644433
2020-10-26,6195.3539,6214.3779,6239.7156,6127.3829,7339295600,85255066150.9000,0.792002,0.017950
2020-10-27,6187.4731,6221.3414,6227.8424,6168.9710,7558651600,89315873362.5000,0.815392,0.112055
2020-10-28,6221.7402,6245.9986,6254.7160,6164.2406,8713088800,104079228635.0000,0.939897,0.396333
2020-10-29,6168.9076,6255.1933,6287.6478,6159.1435,9258748300,109761286278.0000,0.998708,0.147209
2020-10-30,6272.9273,6111.4803,6274.6162,6103.8909,11212236000,126461002490.3000,1.209424,-2.297499
2020-11-02,6119.4514,6143.1157,6162.2763,6095.8038,11175637900,123794413318.8000,1.205476,0.517639
2020-11-03,6175.1593,6241.7676,6245.5576,6155.7346,10544003600,115863061000.7000,1.137357,1.605894
2020-11-04,6246.6368,6234.1580,6256.0695,6181.0972,9292974500,108226613294.5000,1.001875,-0.121914
2020-11-05,6294.6136,6351.9789,6358.4445,6273.3148,11884321500,132602148329.0000,1.279380,1.889925
2020-11-06,6366.1854,6301.2477,6366.1854,6254.0869,11824421100,131702113343.4000,1.272931,-0.798668
2020-11-09,6337.4415,6421.6506,6452.9139,6337.4415,16002788200,175071789214.3000,1.722784,1.910779
2020-11-10,6434.4298,6373.0853,6435.4130,6339.2861,14192893200,155931471262.0000,1.527001,-0.756274
2020-11-11,6356.3666,6294.6055,6375.2402,6292.8368,13072808100,134439037098.4000,1.406674,-1.231426
2020-11-12,6305.0655,6315.4938,6340.9983,6285.2907,10468068700,113184124161.7000,1.125481,0.331844
2020-11-13,6304.4593,6306.9700,6319.4126,6248.3550,10711632200,112943607786.7000,1.151656,-0.134966
2020-11-16,6319.7042,6387.3710,6387.4154,6294.2899,13367733000,131781935048.7000,1.437224,1.274796
2020-11-17,6380.7685,6336.9406,6380.7685,6300.5666,14127431800,138972383424.0000,1.518410,-0.789533
2020-11-18,6333.4506,6341.0136,6382.4966,6314.3093,13398246200,129795857711.1000,1.440038,0.064274
2020-11-19,6328.0837,6360.5998,6370.1805,6293.5553,12380484500,121059609478.7000,1.330625,0.308881
2020-11-20,6354.7873,6422.9854,6429.8695,6351.3079,13066764500,128065402931.0000,1.404384,0.980813
2020-11-23,6435.9187,6472.9301,6516.2407,6407.0565,18192566800,170218076144.5000,1.955244,0.777593
2020-11-24,6472.7468,6475.1881,6495.1373,6454.6653,15406296500,148759535147.5000,1.651667,0.034884
2020-11-25,6489.2553,6350.3667,6489.7220,6350.3667,15381310600,156624909521.8000,1.648950,-1.927688
2020-11-26,6349.8616,6334.3042,6358.1740,6284.9727,12323693600,125528466079.5000,1.321156,-0.252938
2020-11-27,6337.3839,6351.6119,6351.8103,6276.0729,12088511600,117407959618.1000,1.295936,0.273238
2020-11-30,6360.4620,6320.9441,6397.7204,6309.4445,16315768200,157517649561.1000,1.748888,-0.482835
2020-12-01,6307.8544,6426.6155,6437.9433,6299.4140,15095734000,152562838800.9000,1.617361,1.671766
2020-12-02,6437.9561,6434.9791,6446.8066,6392.9892,14970510500,150490962737.2000,1.602603,0.130140
2020-12-03,6437.3843,6440.8808,6461.0881,6392.8987,15221493300,152891750850.0000,1.629615,0.091713
2020-12-04,6426.0263,6464.7345,6471.8561,6409.6779,12885516900,135320890716.0000,1.379401,0.370348
2020-12-07,6465.9879,6424.6823,6472.8495,6417.6481,12107828200,130847019898.5000,1.296149,-0.619549
2020-12-08,6424.1589,6423.6513,6448.3926,6406.7236,10549499200,118324850768.4000,1.129025,-0.016047
2020-12-09,6430.4767,6307.2207,6437.4327,6307.2207,12151621300,133439441028.8000,1.300509,-1.812530
2020-12-10,6295.3530,6320.0956,6350.9178,6267.1713,11057714200,122398601686.0000,1.183432,0.204130
2020-12-11,6328.8282,6209.4270,6340.3946,6163.4119,13264160600,143457071945.4000,1.419573,-1.751059
2020-12-14,6207.8260,6259.0175,6260.6133,6176.5402,10687714900,123900781656.0000,1.143713,0.798632
2020-12-15,6250.0967,6265.5819,6276.5843,6228.6787,9798099400,119718559344.7000,1.008502,0.104879
2020-12-16,6268.2111,6235.4352,6271.0304,6219.0857,9928395000,114108040736.8000,1.021904,-0.481148
2020-12-17,6225.0790,6308.9013,6312.0056,6184.5429,12770274400,140083142643.1000,1.314411,1.178203
2020-12-18,6310.1601,6291.9180,6332.5326,6269.2134,12862228800,137531405179.9000,1.323875,-0.269196
2020-12-21,6302.2576,6398.5987,6401.5463,6293.9220,13634782200,156761702647.2000,1.403310,1.695520
2020-12-22,6372.8787,6250.0606,6378.4986,6241.5603,15131061800,172456513342.7000,1.556057,-2.321416
2020-12-23,6255.3524,6307.6040,6330.6028,6242.6249,14404432300,166258560029.3000,1.481331,0.920685
2020-12-24,6308.4801,6205.2247,6308.4801,6202.4031,13122165300,147688966891.2000,1.349460,-1.623109
2020-12-25,6190.9922,6278.4981,6284.5851,6186.0254,13447826700,143831769330.4000,1.382949,1.180834
2020-12-28,6283.7821,6244.4818,6288.2442,6219.0910,14896021400,160495558567.3000,1.592548,-0.541790
2020-12-29,6240.7355,6199.8523,6280.0396,6196.4147,15447603200,155674658940.1000,0.000000,-0.714703
2020-12-30,6196.4505,6269.2484,6289.2704,6188.5931,13804167300,148227835332.6000,1.418864,1.119319
2020-12-31,6282.9576,6367.1149,6370.5695,6281.0138,16019408600,174289318594.1000,1.646373,1.561056
2021-01-04,6395.6118,6482.7868,6501.5892,6359.0797,18662120900,211126911334.4000,1.918022,1.816708
2021-01-05,6470.2503,6539.7315,6539.7315,6452.5245,19672629200,227033005056.0000,2.021404,0.878398
2021-01-06,6549.7310,6528.1425,6569.1990,6472.7446,17852108600,209333367288.0000,1.834342,-0.177209
2021-01-07,6523.6756,6538.1162,6567.2727,6467.4371,19713564100,219238806494.6000,2.025013,0.152780
2021-01-08,6541.5576,6557.5964,6598.3812,6484.3979,18083742900,207113827943.6000,1.857101,0.297948
2021-01-11,6557.4528,6455.3987,6572.8538,6419.7310,18325727100,217940399022.5000,1.956374,-1.558463
2021-01-12,6425.8148,6543.2286,6543.2286,6425.8148,16231123700,199048530439.2000,1.666779,1.360565
2021-01-13,6550.0346,6496.9131,6553.6488,6457.8810,18491342000,222962632352.8000,1.897856,-0.707839
2021-01-14,6471.7894,6439.8854,6516.2686,6402.6002,16302381600,198732646503.4000,1.672922,-0.877766
2021-01-15,6427.1304,6417.5011,6447.8762,6339.4283,13824319900,166962801807.4000,1.418183,-0.347588
2021-01-18,6414.8298,6514.4644,6529.4125,6392.0653,13683280700,169891546069.1000,1.402657,1.510920
2021-01-19,6510.4785,6476.3736,6532.6474,6456.1154,14761671600,174545108266.2000,1.507814,-0.584711
2021-01-20,6477.6683,6535.4185,6535.4751,6449.2835,12852543200,153378909111.6000,1.312807,0.911697
2021-01-21,6552.0345,6622.4959,6649.8633,6550.8802,15680958700,189208745540.8000,1.601701,1.332392
2021-01-22,6619.8603,6637.8052,6643.6653,6573.8204,15806231000,202861676271.9000,1.614494,0.231171
2021-01-25,6636.2196,6645.3137,6711.5711,6599.9742,16562310300,223556746416.0000,1.690633,0.113117
2021-01-26,6621.1481,6532.9610,6624.4493,6515.2584,14337131100,191892389929.2000,1.461012,-1.690706
2021-01-27,6527.6804,6557.1608,6564.2855,6481.1571,13976004900,174776064769.4000,1.423780,0.370426
2021-01-28,6475.8609,6414.3811,6529.8416,6405.8135,14482540600,174817693999.3000,1.475379,-2.177462
2021-01-29,6448.6697,6346.1371,6462.3739,6255.7033,14604158100,172077242710.4000,1.487850,-1.063922
2021-02-01,6338.6445,6393.2780,6397.0135,6328.3355,13732518300,157579284924.2000,1.399014,0.742828
2021-02-02,6404.8530,6454.7853,6459.4797,6361.0882,13239431300,161720464851.3000,1.348760,0.962062
2021-02-03,6459.6641,6399.3315,6484.4931,6399.3315,14545715500,175699413269.2000,1.481686,-0.859111
2021-02-04,6375.6723,6328.7881,6414.2983,6249.5311,14886133000,173708935488.7000,1.516354,-1.102356
2021-02-05,6343.8303,6239.8709,6382.9572,6236.2674,13513287900,162500626708.0000,1.362811,-1.404964
2021-02-08,6247.9190,6323.1622,6354.0199,6215.7284,11613400400,141592202722.8000,1.221903,1.334824
2021-02-09,6334.4163,6457.8814,6468.4281,6330.7920,11931911000,146850922947.9000,1.201608,2.130567
2021-02-10,6474.7495,6525.1658,6542.7450,6424.7212,11904265900,150035763539.9000,1.198799,1.041896
2021-02-18,6657.3065,6614.5443,6678.6126,6564.3061,16689239200,194996422146.0000,1.753788,1.369751
2021-02-19,6600.2459,6703.4821,6706.3901,6542.7821,17876781700,201468755509.5000,1.800062,1.344579
2021-02-22,6731.5054,6657.0560,6810.9223,6657.0560,23706558500,259948295725.1000,2.387201,-0.692567
2021-02-23,6613.6014,6631.2286,6701.4296,6609.0782,19265686600,206144665096.1000,1.939536,-0.387970
2021-02-24,6633.2823,6536.1861,6661.4326,6477.7512,17371883200,196797835530.2000,1.748868,-1.433256
2021-02-25,6600.2054,6499.1528,6609.5637,6484.5547,16206818200,171451163368.9000,1.631271,-0.566589
2021-02-26,6365.7385,6364.3529,6446.9461,6346.1326,15076020600,163655502841.0000,1.517451,-2.074115
2021-03-01,6407.1642,6488.4388,6491.9367,6404.8885,15860843700,165792208050.0000,1.595809,1.949702
2021-03-02,6514.0213,6433.3282,6514.0213,6386.4903,16587706900,174025453382.7000,1.666747,-0.849366
2021-03-03,6426.0369,6524.7513,6528.2217,6420.2068,17101752400,169667464343.0000,1.716602,1.421086
2021-03-04,6482.7869,6401.9917,6485.1639,6371.7302,19433461600,192657769864.8000,1.950547,-1.881445
2021-03-05,6325.7517,6403.4964,6442.0155,6319.5318,16650488500,163666502404.3000,1.671195,0.023504
2021-03-08,6453.7799,6256.4092,6488.8190,6253.6974,16854633900,177120047000.4000,1.765620,-2.296983
2021-03-09,6235.3139,6108.0027,6250.9352,6033.4082,19643268600,181888459397.0000,1.970839,-2.372072
2021-03-10,6164.7682,6062.2552,6179.8543,6053.0186,14255427900,135611236325.7000,1.430269,-0.748976
2021-03-11,6074.3345,6213.8319,6213.9343,6045.5492,16081464300,149412660862.7000,1.613393,2.500335
2021-03-12,6231.4849,6222.3802,6232.5006,6137.9903,17574617800,160346945987.6000,1.762718,0.137569
2021-03-15,6192.2990,6173.8721,6229.5721,6111.3575,17079969100,150564929107.2000,1.788058,-0.779575
2021-03-16,6176.0685,6195.2438,6222.1819,6124.7770,15284599200,138852788600.2000,1.537689,0.346164
2021-03-17,6180.8928,6225.3588,6230.5590,6124.0498,13484039600,125106921645.0000,1.356371,0.486099
2021-03-18,6231.1932,6273.8556,6300.9446,6227.1926,14072566500,137984965631.0000,1.415572,0.779020
2021-03-19,6195.2534,6206.6023,6258.1321,6167.5070,14323827500,143898488142.7000,1.440655,-1.071961
2021-03-22,6208.9317,6305.6919,6307.5479,6206.0810,14304144500,138484393048.5000,1.438633,1.596519
2021-03-23,6307.9803,6219.1666,6307.9803,6181.1338,15096405200,144085644479.5000,1.518152,-1.372178
2021-03-24,6180.3124,6142.5439,6232.1309,6131.8232,14767311100,137684570621.8000,1.485056,-1.232041
2021-03-25,6118.8697,6157.4072,6190.9381,6108.2613,12930709300,122101589124.7000,1.300335,0.241973
2021-03-26,6164.8237,6251.7941,6264.5552,6164.8237,12888761000,130405073059.0000,1.296355,1.532900
2021-03-29,6269.9988,6254.9426,6277.7649,6215.7980,13963389400,137607136706.5000,1.404443,0.050362
2021-03-30,6239.4695,6280.3590,6287.8738,6217.3269,13440958400,138902652260.9000,1.351831,0.406341
2021-03-31,6277.6960,6254.0695,6277.6960,6205.9386,12512849200,124539602404.6000,1.258464,-0.418599
2021-04-01,6259.4135,6311.6644,6321.5796,6238.3074,13037481800,124971608809.6000,1.311142,0.920919
2021-04-02,6316.5561,6326.6059,6341.6545,6291.7144,12393887100,125309449743.9000,1.245999,0.236728
2021-04-06,6345.8913,6343.0962,6367.7849,6323.2422,11148915800,115979707861.0000,1.120824,0.260650
2021-04-07,6350.3783,6348.0761,6350.3783,6289.0653,15001677500,139659141224.5000,1.508151,0.078509
2021-04-08,6332.9263,6356.7526,6385.1951,6309.1232,17374127800,147432805257.3000,1.746653,0.136679
2021-04-09,6345.2896,6335.2393,6360.4497,6307.6558,14130690000,127539220387.4000,1.420582,-0.338432
2021-04-12,6325.2643,6226.4182,6344.1623,6203.5690,15544143900,142018338674.3000,1.562684,-1.717711
2021-04-13,6210.2229,6209.7801,6254.8970,6193.8091,13038770900,116032381971.0000,1.310937,-0.267218
2021-04-14,6206.6373,6277.2111,6287.8377,6206.6373,11743821700,107282816415.8000,1.180741,1.085884
2021-04-15,6263.6281,6276.4609,6281.4258,6211.6602,11977617600,111582123998.5000,1.204138,-0.011951
2021-04-16,6283.8616,6339.5906,6344.9465,6276.4319,12676465300,119984627677.6000,1.274407,1.005817
2021-04-19,6331.7097,6425.2606,6431.7772,6315.0828,14220093000,144720530841.8000,1.429630,1.351349
2021-04-20,6419.7312,6428.5411,6467.3806,6410.2782,13467452300,143364748864.1000,1.353963,0.051056
2021-04-21,6396.2721,6420.2587,6434.6303,6369.7696,12105173300,128354894323.3000,1.217000,-0.128838
2021-04-22,6444.2841,6445.4657,6472.8037,6424.7538,12492387700,131906162234.2000,1.255555,0.392617
2021-04-23,6445.5162,6462.7558,6463.9749,6412.9875,12611730600,135170990907.5000,1.267549,0.268252
2021-04-26,6480.3000,6442.6451,6546.6427,6437.1905,14496413900,166586765811.5000,1.456891,-0.311178
2021-04-27,6434.6133,6446.2822,6466.2520,6399.4358,12589471200,138320089612.0000,1.265281,0.056454
2021-04-28,6433.0989,6489.7441,6489.7441,6410.3174,11723494300,136377845945.8000,1.177860,0.674217
2021-04-29,6495.6457,6491.9281,6502.4250,6453.5198,12830543900,145502311777.1000,1.288464,0.033653
2021-04-30,6470.3528,6485.7075,6503.1544,6434.7302,14425423900,163746329854.7000,1.448708,-0.095821
2021-05-06,6503.6009,6489.3485,6548.0656,6440.3308,15414198100,167436128821.0000,1.547701,0.056139
2021-05-07,6505.5752,6444.4429,6524.1804,6439.8945,17751874900,177915642405.9000,1.782376,-0.691989
2021-05-10,6461.4184,6475.9938,6493.4965,6437.1068,18908013400,180906623674.1000,1.898472,0.489583
2021-05-11,6436.2918,6456.0376,6472.8694,6349.7869,18726361100,175350134124.8000,1.879719,-0.308157
2021-05-12,6434.9139,6512.0501,6521.4879,6419.7374,15649093000,150127199439.1000,1.570813,0.867599
2021-05-13,6448.9598,6439.0273,6496.9964,6426.5758,15965864600,155853650959.6000,1.602150,-1.121349
2021-05-14,6454.6791,6525.8036,6525.8036,6421.2082,16624340700,163611264403.2000,1.667635,1.347662
2021-05-17,6521.8855,6578.1402,6613.8947,6521.8855,15936375800,172029261941.2000,1.598522,0.801995
2021-05-18,6578.9710,6599.5985,6604.6852,6558.7784,13250549100,141986530241.0000,1.328509,0.326206
2021-05-19,6582.1042,6584.3869,6590.9811,6544.8406,13518125500,146346354189.3000,1.352892,-0.230493
2021-05-20,6541.0926,6548.7111,6580.4366,6506.4075,16232992300,167135804361.3000,1.623328,-0.541824
2021-05-21,6557.4884,6527.8640,6570.4572,6512.8063,13435069500,145990149052.2000,1.343530,-0.318339
2021-05-24,6515.8325,6544.1218,6564.0707,6494.6163,13722661200,150739211897.2000,1.370048,0.249052
2021-05-25,6549.3436,6619.6707,6628.6931,6524.3027,14469203600,158035570948.2000,1.444580,1.154454
2021-05-26,6631.3657,6628.2065,6642.3799,6612.4227,15623700300,169904624510.0000,1.559843,0.128946
2021-05-27,6629.2373,6685.4054,6685.4829,6620.7204,14516667600,164642448242.1000,1.448305,0.862962
2021-05-28,6699.2840,6668.1696,6718.0899,6643.6437,15731838500,176611765480.0000,1.568945,-0.257812
2021-05-31,6681.5496,6728.9906,6729.0737,6667.2578,14692949300,176728706904.1000,1.465336,0.912109
2021-06-01,6718.6433,6739.7624,6742.9797,6656.6634,16109195700,185038576025.0000,1.606506,0.160080
2021-06-02,6740.5032,6681.4285,6748.1510,6662.7512,15736532000,174265553758.4000,1.569189,-0.865519
2021-06-03,6680.1048,6667.7264,6744.5182,6654.4553,15488569100,167598938400.4000,1.544585,-0.205077
2021-06-04,6642.0602,6693.0574,6725.6862,6628.0059,13786640400,161257142655.0000,1.373907,0.379905
2021-06-07,6705.7364,6721.5019,6729.8451,6689.7015,14056089600,174154017266.3000,1.400383,0.424985
2021-06-08,6726.0868,6684.5626,6752.6266,6652.3908,13868494700,169906611639.7000,1.381036,-0.549569
2021-06-09,6677.1376,6692.9049,6712.2520,6656.0547,13651103400,155486113450.7000,1.356961,0.124799
2021-06-10,6688.8192,6765.6436,6773.4555,6683.4936,15428096400,177003017372.4000,1.531791,1.086803
2021-06-11,6773.6422,6725.9152,6775.8628,6717.2725,16956960700,194413370189.0000,1.683599,-0.587208
2021-06-15,6734.0952,6663.6623,6736.5371,6649.2043,15220925000,166359279929.9000,1.431622,-0.925568
2021-06-16,6659.4935,6566.2860,6662.7783,6554.8926,13680787700,152269456251.1000,1.286203,-1.461303
2021-06-17,6554.3012,6616.1740,6618.5036,6554.3012,12449256200,143795950500.7000,1.170407,0.759760
2021-06-18,6610.2661,6657.7635,6671.8815,6587.0346,13802258100,161540069486.5000,1.297204,0.628603
2021-06-21,6652.6527,6707.1762,6722.9843,6638.5170,14303117200,174776560666.7000,1.344067,0.742182
2021-06-22,6723.2981,6739.7939,6748.9655,6691.8215,14654349700,170147487108.5000,1.376852,0.486310
2021-06-23,6741.5770,6789.9464,6803.9743,6720.5819,15530960900,184582044261.0000,1.458552,0.744125
2021-06-24,6791.8613,6754.8657,6791.8613,6743.3265,14504652200,172627659565.8000,1.361217,-0.516657
2021-06-25,6748.8658,6813.4138,6824.8583,6739.0158,15148565900,174329254834.2000,1.421629,0.866754
2021-06-28,6814.3170,6828.5162,6843.5186,6802.8584,14550405000,175447981606.9000,1.364909,0.221657
2021-06-29,6833.0565,6765.4201,6835.0483,6756.9158,13662572200,167622236941.9000,1.281243,-0.924009
2021-06-30,6767.7419,6808.1831,6812.3797,6757.3403,12540616100,155031841222.7000,1.176021,0.632082
2021-07-01,6827.6968,6716.6658,6827.6968,6716.6658,13835081100,168199910261.8000,1.297411,-1.344225
2021-07-02,6701.0642,6658.0451,6718.5052,6651.4849,13647228700,162302314384.6000,1.279900,-0.872765
2021-07-05,6670.1262,6711.0136,6716.1470,6663.5441,13473472100,165135856954.1000,1.262500,0.795556
2021-07-06,6727.9674,6709.4983,6747.8474,6633.6146,14501795400,183569347568.2000,1.358840,-0.022579
2021-07-07,6661.8535,6764.1319,6765.4341,6642.5714,14764695200,176266750638.3000,1.382965,0.814273
2021-07-08,6774.8448,6748.6540,6797.0765,6740.8503,15956454300,203043021691.4000,1.494368,-0.228823
2021-07-09,6721.6089,6804.5389,6814.6529,6683.7857,16610700400,204576733418.5000,1.555635,0.828090
2021-07-12,6852.4754,6904.3818,6926.7584,6840.0176,19356104400,239883545712.2000,1.812698,1.467299
2021-07-13,6901.8116,6961.8475,6961.9744,6889.0257,17962084300,223831191046.1000,1.681858,0.832308
2021-07-14,6953.8224,6898.7502,6973.6146,6898.7502,17173544800,214904536798.0000,1.608024,-0.906330
2021-07-15,6874.8047,6932.4060,6936.5787,6828.4823,17322110800,205199287272.7000,1.621488,0.487854
2021-07-16,6931.0514,6925.1232,6992.8342,6922.3462,18490785800,221559303997.3000,1.730885,-0.105054
2021-07-19,6912.0980,6889.3375,6931.1438,6856.6499,16973481800,208077102432.8000,1.588735,-0.516752
2021-07-20,6831.0513,6901.1318,6901.1329,6825.8225,14014063000,171140493692.8000,1.311729,0.171196
2021-07-21,6923.6119,6984.5418,6998.2849,6922.9205,16300927100,204939577752.7000,1.525781,1.208642
2021-07-22,6996.2552,7026.5482,7026.7337,6960.2973,19023331600,219500277016.4000,1.780169,0.601420
2021-07-23,7036.2979,6985.7499,7061.6675,6968.3065,22507907400,253751241896.6000,2.106318,-0.580631
2021-07-26,6974.1092,6868.2074,6986.4970,6778.4971,20819723900,242702241755.1000,1.945960,-1.682604
2021-07-27,6877.4423,6719.2557,6925.9705,6719.2557,22861433900,266957981725.4000,2.136790,-2.168713
2021-07-28,6650.1519,6621.9845,6709.2256,6534.9179,19726716600,222466408799.2000,1.843582,-1.447648
2021-07-29,6720.6164,6758.8869,6773.5669,6682.1185,17101788500,209142006693.7000,1.598266,2.067392
2021-07-30,6739.7545,6767.3160,6775.0062,6702.5114,18971173400,222514805286.1000,1.772961,0.124711
2021-08-02,6756.8132,6872.0004,6875.4159,6731.7761,20620517300,249640208610.0000,1.925342,1.546912
2021-08-03,6844.3695,6816.0107,6879.5933,6792.7117,19418943200,237723020657.0000,1.813099,-0.814751
2021-08-04,6814.0846,6931.3365,6931.7808,6813.2280,17406434700,216189753229.4000,1.624897,1.691984
2021-08-05,6920.9393,6911.8292,6946.3354,6880.6905,17937188500,226672383897.7000,1.673274,-0.281436
2021-08-06,6929.0226,6938.8679,6947.5356,6885.6471,17235691200,214958730456.7000,1.607808,0.391195
2021-08-09,6914.3218,6979.5256,6989.7057,6877.1951,17383337100,210955642886.2000,1.621578,0.585941
2021-08-10,6970.8257,7019.2284,7019.6854,6958.8054,17308796200,222660420409.7000,1.614625,0.568847
2021-08-11,7024.7685,7073.5219,7076.3726,6999.9332,18835790600,221759523190.4000,1.757063,0.773497
2021-08-12,7059.4673,7095.2024,7115.8874,7051.0132,19407912500,226074875242.5000,1.810228,0.306502
2021-08-13,7070.4711,7088.8876,7124.9216,7050.3051,19219060400,221865974676.0000,1.792613,-0.089001
2021-08-16,7087.5802,7052.4876,7102.3958,7039.1029,18817888600,222080461698.0000,1.755151,-0.513480
2021-08-17,7045.7547,6894.4042,7063.0175,6876.4991,20193637200,226553000298.0000,1.883522,-2.241527
2021-08-18,6883.2663,6941.0080,6950.8846,6865.0658,17536733100,191997407327.9000,1.635524,0.675966
2021-08-19,6917.5093,6947.0564,6978.9832,6869.2927,17181358900,194992915174.4000,1.602380,0.087140
2021-08-20,6915.0178,6920.0248,6952.5192,6843.0023,17562713900,205135637760.0000,1.637948,-0.389109
2021-08-23,6949.3323,7024.5647,7031.8840,6949.3323,18945660800,216299530693.2000,1.764871,1.510687
2021-08-24,7031.6481,7090.7817,7098.0287,7009.6901,20272689500,236479323511.5000,1.887984,0.942649
2021-08-25,7092.1469,7153.0043,7153.2740,7058.5714,19812689000,228737398900.2000,1.845520,0.877514
2021-08-26,7151.5304,7118.8442,7175.5115,7115.8445,23017619600,255363535500.4000,2.144138,-0.477563
2021-08-27,7096.6546,7180.1088,7185.7274,7083.2112,22383046300,258997827229.8000,2.084412,0.860598
2021-08-30,7202.6263,7226.8823,7262.6044,7190.6143,25064914800,301015443912.4000,2.333702,0.651432
2021-08-31,7202.5239,7255.3418,7255.3418,7159.3023,24510834200,288657326056.0000,2.277050,0.393801
2021-09-01,7271.0338,7193.1000,7278.1558,7100.3070,29552014000,331023151839.6000,0.000000,-0.857876
2021-09-02,7172.3989,7307.0084,7309.3317,7172.3989,25341169800,271544871415.2000,2.352808,1.583579
2021-09-03,7335.6955,7278.6809,7385.2425,7227.0348,28880124000,315016807341.7000,2.681428,-0.387676
2021-09-06,7297.3609,7355.4013,7359.5367,7231.7285,25587515300,273720337786.8000,2.375712,1.054043
2021-09-07,7360.3829,7498.9255,7501.1262,7350.6962,26072754100,280403353971.0000,2.420765,1.951276
2021-09-08,7496.3344,7544.0411,7549.4542,7483.8711,27284780800,287850948370.8000,2.533298,0.601628
2021-09-09,7534.9816,7617.4505,7617.6574,7526.9689,28720406800,302380048527.9000,2.666593,0.973078
2021-09-10,7613.6040,7607.6749,7661.4261,7564.2611,29346864200,322687990811.2000,2.724527,-0.128332
2021-09-13,7613.5404,7648.7481,7650.8787,7566.7758,26361861000,298956061716.8000,2.441163,0.539892
2021-09-14,7630.7153,7556.6157,7688.6036,7544.0161,27150151200,306464420119.2000,2.514160,-1.204542
2021-09-15,7535.2511,7592.3059,7627.6702,7521.8772,23339841600,274072796567.4000,2.152141,0.472304
2021-09-16,7616.8813,7446.9353,7657.2251,7445.2326,26764977900,301162982030.1000,2.468093,-1.914709
2021-09-17,7421.8050,7395.5645,7471.4190,7275.9829,23360422600,259019107902.0000,2.154127,-0.689825
2021-09-22,7305.0785,7453.6247,7453.9319,7298.0267,19679453400,221838873408.5000,1.809225,0.785068
2021-09-23,7512.3311,7502.8391,7543.6595,7467.2021,24115869400,267659234037.1000,2.217032,0.660275
2021-09-24,7490.5645,7380.3843,7490.5645,7373.2854,23171558200,248983141488.2000,2.130219,-1.632113
2021-09-27,7400.0047,7170.5899,7410.4669,7128.5116,23954240700,255096916280.6000,2.200553,-2.842595
2021-09-28,7158.6203,7198.8966,7227.4568,7155.2737,20280056700,196202379037.6000,1.863024,0.394761
2021-09-29,7142.7611,7010.2192,7161.2117,6996.5724,21057070200,207830603405.8000,1.921929,-2.620921
2021-09-30,7034.6937,7103.6076,7116.0370,7034.6937,20248261200,186185669931.7000,1.846758,1.332175
2021-10-08,7191.2254,7091.3356,7198.9614,7058.8310,20546770500,202877493532.5000,1.872907,-0.172757
2021-10-11,7102.8820,7090.4673,7123.7457,7048.8733,19542083900,194709504374.7000,1.780336,-0.012245
2021-10-12,7069.3516,6952.1903,7079.7053,6891.8448,20166672300,194146539017.6000,1.837238,-1.950182
2021-10-13,6957.7292,6981.5947,6991.2444,6887.3389,16260465500,163678284334.2000,1.481372,0.422952
2021-10-14,6970.6469,7008.3326,7033.3956,6949.4809,15476466800,162946739426.8000,1.410189,0.382977
2021-10-15,6996.1199,7024.1596,7034.0279,6975.2395,17410833900,188999735572.0000,1.586423,0.225831
2021-10-18,7027.1401,7068.1048,7071.8702,6983.7158,17562701400,194312992634.8000,1.600251,0.625629
2021-10-19,7060.7748,7120.3794,7127.2362,7051.7790,16813576400,182701165154.9000,1.531802,0.739584
2021-10-20,7081.9851,7118.7959,7154.9089,7067.1346,17051134100,186276501134.2000,1.553445,-0.022239
2021-10-21,7127.6351,7098.2542,7145.5837,7069.4508,16797196700,184364872656.5000,1.527760,-0.288556
2021-10-22,7089.1349,7026.0676,7110.6570,7020.8705,17161515100,184191958090.4000,1.560468,-1.016963
2021-10-25,7019.0224,7103.9856,7105.9767,7003.7789,15900460300,184607289163.6000,1.445023,1.108984
2021-10-26,7120.0662,7102.4335,7155.6280,7085.0685,17503220500,204998019664.9000,1.590681,-0.021848
2021-10-27,7093.1238,7048.6040,7097.8574,7017.8618,17902088700,212523899547.3000,1.625880,-0.757902
2021-10-28,7026.2937,6950.2768,7043.4168,6930.5413,18807533800,210380519313.0000,1.708112,-1.394988
2021-10-29,6955.8473,7022.4992,7022.7535,6920.3074,17077953300,207011899853.7000,1.550747,1.039130
2021-11-01,7005.0693,7060.7560,7087.2923,6993.2700,18414299100,226533562754.7000,1.671981,0.544775
2021-11-02,7061.0022,6985.0998,7093.6115,6921.8496,19611472800,230633597738.9000,1.780674,-1.071503
2021-11-03,6975.0635,7017.8541,7034.0916,6962.8685,15081464800,183530630396.2000,1.369359,0.468917
2021-11-04,7031.9467,7073.8522,7073.8522,7018.6086,15265204900,188533361387.7000,1.385909,0.797938
2021-11-05,7071.0831,6991.9077,7073.8516,6991.1519,17724139200,207299701331.0000,1.609132,-1.158414
2021-11-08,6986.4961,7026.9715,7034.1410,6984.8099,14636085700,176810356754.4000,1.328489,0.501491
2021-11-09,7037.5733,7081.7539,7087.0231,7028.3131,14169684700,175620424710.2000,1.286155,0.779602
2021-11-10,7061.6357,7062.3313,7072.1479,6965.8634,16213835400,187121573688.1000,1.471461,-0.274263
2021-11-11,7048.8625,7119.8589,7121.9221,7033.0881,16540069300,186637770929.0000,1.501165,0.814570
2021-11-12,7118.9925,7156.6127,7165.1056,7112.5819,16851342300,195249975661.0000,1.529416,0.516215
2021-11-15,7166.0372,7098.2129,7176.7701,7083.7783,16114820200,201939758494.8000,1.481641,-0.816026
2021-11-16,7083.9214,7045.9387,7121.7443,7040.5069,16237031600,192032230405.6000,1.473617,-0.736442
2021-11-17,7043.6330,7104.5344,7106.0537,7033.9529,14034710700,168875300039.3000,1.273854,0.831624
2021-11-18,7108.7797,7084.6827,7130.2877,7066.4894,16271486000,185152969061.1000,1.476874,-0.279423
2021-11-19,7083.0066,7169.8759,7174.2512,7073.7170,17818585400,193601338401.8000,1.615846,1.202498
2021-11-22,7177.4005,7255.0736,7259.5317,7177.4005,18052248000,222986228038.5000,1.635998,1.188273
2021-11-23,7245.9455,7261.3791,7292.9170,7239.0001,18959503300,218299011123.4000,1.718218,0.086912
2021-11-24,7260.2161,7256.1117,7278.3963,7229.6040,17767407200,209537055308.1000,1.610184,-0.072540
2021-11-25,7262.7934,7233.5423,7262.7934,7228.2913,16406809800,190327760943.3000,1.486879,-0.311040
2021-11-26,7216.6383,7219.8622,7249.1985,7201.1952,15942313700,192093829800.3000,1.444784,-0.189120
2021-11-29,7129.9393,7221.8978,7226.3391,7125.4296,16694140600,198551719061.9000,1.512918,0.028194
2021-11-30,7252.3323,7252.7552,7281.1339,7210.8352,18633616300,213217510814.3000,1.688684,0.427276
2021-12-01,7239.1277,7272.8370,7272.9398,7215.6723,17180629500,196111868499.2000,1.557012,0.276885
2021-12-02,7256.4241,7229.9880,7279.9456,7221.3624,17655554400,198627048458.5000,1.600049,-0.589165
2021-12-03,7233.5723,7301.9173,7310.2748,7223.7957,18622273800,200791224129.0000,1.687692,0.994874
2021-12-06,7308.9885,7240.4558,7330.4685,7235.4479,21306995200,218322693799.7000,1.931002,-0.841717
2021-12-07,7274.1261,7206.8257,7284.6445,7148.0679,19224385400,206136079286.9000,1.742160,-0.464475
2021-12-08,7224.9995,7302.9905,7302.9905,7214.2588,16928045300,190279976219.1000,1.533910,1.334357
2021-12-09,7298.7955,7320.3177,7331.5838,7290.2680,19608716800,211492054441.2000,1.776815,0.237262
2021-12-10,7285.9735,7306.6460,7317.2658,7276.6134,18723069500,209397677738.1000,1.696337,-0.186764
2021-12-13,7334.1100,7353.0306,7371.3100,7322.4381,18536306100,210741544041.8000,1.679134,0.634828
2021-12-14,7330.2360,7324.1331,7349.8781,7314.4295,15958375300,183555994743.8000,1.420712,-0.393001
2021-12-15,7319.6641,7314.2586,7352.3790,7302.3831,15992392300,183859414382.0000,1.423698,-0.134821
2021-12-16,7323.4117,7380.9974,7380.9974,7323.4117,17769034000,187008756369.3000,1.581736,0.912448
2021-12-17,7380.7202,7314.5601,7384.0175,7308.7215,19626533600,203439633902.9000,1.747084,-0.900113
2021-12-20,7290.9488,7195.9732,7313.4816,7191.0499,18172785300,190350688407.0000,1.645332,-1.621244
2021-12-21,7190.9728,7275.4675,7285.7209,7190.9728,17621674600,164258060881.9000,1.567806,1.104705
2021-12-22,7289.9065,7302.4630,7318.6050,7271.8182,17411719000,171088399938.4000,1.549053,0.371048
2021-12-23,7306.1587,7337.1900,7349.9951,7290.3792,16913176000,180467002801.9000,1.504658,0.475552
2021-12-24,7335.9996,7278.7556,7339.9405,7257.5267,16941870200,182681103358.1000,1.505660,-0.796414
2021-12-27,7269.3700,7272.7493,7323.8760,7255.7163,14861878900,165585648493.7000,1.320580,-0.082518
2021-12-28,7281.0041,7286.0336,7290.5389,7240.9278,14326204000,164782846852.7000,1.272982,0.182659
2021-12-29,7275.6736,7247.7741,7290.8597,7242.3024,13620955200,155743984428.4000,1.210259,-0.525107
2021-12-30,7246.0313,7310.9600,7324.4981,7244.2221,14165111100,158448274389.6000,1.258609,0.871797
2021-12-31,7320.9363,7359.4024,7368.1297,7317.7047,14990900300,169456916309.8000,1.331232,0.662600
2022-01-04,7387.8055,7354.4562,7392.1023,7317.5011,20081001800,219175107618.1000,1.780338,-0.067209
2022-01-05,7343.8995,7222.6747,7346.2621,7200.7314,19400240400,209809761803.8000,1.719975,-1.791859
2022-01-06,7187.9499,7229.9601,7242.7660,7167.8078,17333576500,179907539895.0000,1.536528,0.100868
2022-01-07,7232.4087,7175.6760,7262.8050,7168.0396,20001801100,202498452622.0000,1.773050,-0.750822
2022-01-10,7161.4375,7191.4511,7193.9224,7122.0892,16574887800,176717915891.8000,0.000000,0.219841
2022-01-11,7187.0155,7135.2232,7206.9187,7118.8378,16949456500,179645357798.7000,1.500553,-0.781871
2022-01-12,7160.1762,7196.9327,7196.9327,7148.6276,15605148300,170334290986.6000,1.381188,0.864857
2022-01-13,7203.2434,7097.7594,7203.2434,7096.3251,16914896800,174599014140.3000,1.497112,-1.377994
2022-01-14,7063.4231,7081.1408,7125.0920,7052.6348,17559119800,181513954243.3000,1.553057,-0.234139
2022-01-17,7080.6157,7157.8593,7169.3446,7078.6629,16177971900,183490792953.4000,1.428805,1.083420
2022-01-18,7163.1284,7163.1586,7191.0046,7133.1954,17923539100,195000211959.9000,1.582970,0.074035
2022-01-19,7144.4768,7118.7620,7182.0623,7078.3609,16317836800,174675276058.6000,1.440171,-0.619791
2022-01-20,7119.5101,7056.7854,7135.7759,7040.0143,16866628200,172753201584.8000,1.486246,-0.870609
2022-01-21,7037.9389,6976.6155,7040.4250,6965.3330,14467978900,158204017340.6000,1.274883,-1.136068
2022-01-24,6942.9178,6979.2456,7006.7008,6925.7709,12267956400,135920720796.5000,1.076327,0.037699
2022-01-25,6959.9950,6743.9566,6979.4830,6743.9566,15033724400,154265494910.4000,1.318981,-3.371267
2022-01-26,6762.3509,6782.5763,6799.8129,6721.8961,12061531000,130234705546.0000,1.057509,0.572656
2022-01-27,6781.6081,6605.9159,6785.7265,6605.9159,12524375600,132244728276.2000,1.098155,-2.604621
2022-01-28,6690.1755,6580.5300,6690.1755,6510.1811,12708881900,130258015986.6000,1.114333,-0.384290
2022-02-07,6664.5682,6676.6122,6702.3323,6656.1312,14509261900,138641531840.6000,1.297487,1.460098
2022-02-08,6678.9894,6742.1921,6742.4015,6599.3668,15959857500,145458655721.1000,1.398652,0.982233
2022-02-09,6736.7511,6843.0271,6848.6947,6725.7983,16282272100,155362517482.0000,1.426907,1.495582
2022-02-10,6841.1608,6840.4850,6864.6863,6797.0071,15491656500,147064848237.7000,1.357649,-0.037149
2022-02-11,6811.7797,6745.0235,6840.7212,6735.8940,15980135400,156700185551.4000,1.400045,-1.395537
2022-02-14,6711.5875,6695.6958,6765.5158,6667.4898,13708245900,132192013548.4000,1.200994,-0.731320
2022-02-15,6700.8179,6760.2776,6762.8586,6686.9491,11280576000,121268405355.2000,0.988311,0.964527
2022-02-16,6779.2077,6772.0336,6788.3641,6751.8001,10841400300,114685136207.6000,0.949638,0.173898
2022-02-17,6764.3343,6768.7888,6797.6154,6730.1804,12298508900,130706760947.1000,1.077272,-0.047915
2022-02-18,6734.5190,6835.0217,6835.2033,6727.8158,13995263800,134406668671.3000,1.225898,0.978504
2022-02-21,6843.0844,6867.1129,6871.9925,6822.8758,14514631300,150072396911.2000,1.269685,0.469511
2022-02-22,6827.0469,6784.7622,6827.0469,6743.8487,14860991500,152906258314.5000,1.299979,-1.199204
2022-02-23,6785.1032,6887.4236,6889.6961,6785.1032,14411662000,159413008185.2000,1.260674,1.513117
2022-02-24,6861.4115,6764.8756,6898.4143,6688.7529,21084975500,218057095132.3000,1.842513,-1.779301
2022-02-25,6805.6374,6819.4311,6895.0443,6801.3265,15642913900,164105581756.0000,1.366810,0.806452
2022-02-28,6831.4875,6853.3081,6853.3427,6770.0507,13960138800,148585345164.0000,1.219772,0.496772
2022-03-01,6868.6218,6874.0447,6889.3312,6837.2469,13771721800,147535308435.5000,1.201276,0.302578
2022-03-02,6853.0715,6875.2404,6878.3500,6828.0631,13711497800,140871322089.8000,1.196023,0.017394
2022-03-03,6900.9773,6859.5522,6907.4088,6843.9865,18909178100,173516746093.0000,1.650141,-0.228184
2022-03-04,6823.8348,6803.8337,6871.0857,6779.4140,17741188200,165852587305.5000,1.548068,-0.812276
2022-03-07,6800.7674,6659.3902,6800.8159,6628.4825,16648459400,164636761947.0000,1.451675,-2.122972
2022-03-08,6650.5797,6429.8888,6665.9467,6416.8002,18629607900,184444202760.5000,1.624400,-3.446283
2022-03-09,6443.2024,6305.6093,6462.4778,6066.7635,19780274000,188335592554.8000,1.724543,-1.932841
2022-03-10,6424.9121,6414.9402,6475.1435,6390.7252,15315235500,158971825326.8000,1.335244,1.733867
2022-03-11,6343.1858,6474.1269,6479.7207,6270.0233,15211450300,158771247766.0000,1.326102,0.922638
2022-03-14,6419.2391,6323.5779,6490.6124,6323.5779,13795400500,153706453659.8000,1.202654,-2.325395
2022-03-15,6272.4432,5964.9813,6278.0688,5964.9813,19471374500,184102450787.5000,1.697539,-5.670786
2022-03-16,6068.8999,6156.2714,6173.7875,5824.3301,17882684700,178613442534.0000,1.558983,3.206885
2022-03-17,6233.6437,6267.5244,6369.8884,6225.9795,17043854100,184845065443.2000,1.485855,1.807149
2022-03-18,6249.4760,6332.2166,6338.2235,6231.7261,15262021400,153302421271.9000,1.330518,1.032181
2022-03-21,6340.5589,6358.9430,6389.2103,6284.8526,15965372300,161774094329.0000,1.391661,0.422070
2022-03-22,6343.4004,6358.1093,6404.8270,6313.2741,15110787400,145705387844.5000,1.317169,-0.013111
2022-03-23,6368.3126,6398.1009,6420.1586,6353.3361,14317935800,141684925864.7000,1.248058,0.628986
2022-03-24,6370.9710,6344.1150,6384.4046,6315.1424,13774908600,139175992839.2000,1.200724,-0.843780
2022-03-25,6346.7106,6268.2376,6373.4658,6268.2376,13497225600,135181835619.8000,1.176519,-1.196028
2022-03-28,6230.1211,6283.2814,6322.1284,6176.2482,14485788700,136991737399.1000,1.260364,0.240000
2022-03-29,6289.4756,6253.0692,6316.3129,6233.2822,14136212400,140401394967.6000,1.229949,-0.480835
2022-03-30,6272.0017,6377.8744,6377.8744,6261.8037,16401457500,155600799511.1000,1.427040,1.995903
2022-03-31,6361.1036,6324.9609,6383.0744,6313.9663,17690394800,167072822890.9000,1.539198,-0.829642
2022-04-01,6289.3900,6364.5206,6373.2603,6274.0006,17512859600,154551712332.6000,1.523750,0.625454
2022-04-06,6363.0020,6356.9271,6363.0020,6279.0719,19685358400,169525010204.0000,1.712740,-0.119310
2022-04-07,6321.8086,6221.5908,6364.6276,6221.5908,19076219200,163735810257.4000,1.659129,-2.128958
2022-04-08,6227.1952,6224.1167,6237.9145,6117.0139,18395489200,159245297292.2000,1.599923,0.040599
2022-04-11,6202.0226,6029.8935,6202.0226,6001.5658,17838481200,162201440592.2000,1.551371,-3.120494
2022-04-12,6019.6735,6126.9065,6135.5702,5964.3887,17318018800,151432386370.2000,1.506108,1.608868
2022-04-13,6094.6845,6044.3263,6129.6592,6039.9234,16704306000,147270109711.9000,1.452734,-1.347829
2022-04-14,6074.1342,6126.4902,6156.4962,6060.6813,15903310600,147089465759.8000,1.383023,1.359356
2022-04-15,6094.1219,6070.7489,6122.2895,6048.1602,18462700000,162170121562.1000,1.603087,-0.909841
2022-04-18,6019.5305,6074.0069,6094.6714,5975.4455,14918638000,131553629165.0000,1.294554,0.053667
2022-04-19,6067.4795,6092.3963,6106.9313,6052.0964,14199753400,129227432636.5000,1.232175,0.302756
2022-04-20,6082.8122,5956.9208,6093.7827,5942.0045,15105560300,134720863250.9000,1.309980,-2.223682
2022-04-21,5933.7886,5759.8013,5971.1943,5742.4182,15785450500,135625763585.4000,1.368973,-3.309084
2022-04-22,5728.1930,5740.9844,5794.3351,5667.3384,13999759800,120243690113.6000,1.213179,-0.326694
2022-04-25,5656.3939,5369.7171,5656.3939,5369.7171,18675348000,150663973302.5000,1.618209,-6.466962
2022-04-26,5374.2548,5234.0059,5434.7038,5225.2065,17129943300,139143826428.0000,1.484779,-2.527344
2022-04-27,5179.0311,5437.0374,5440.0693,5158.4760,17969338400,148165593331.4000,1.557427,3.879084
2022-04-28,5398.9043,5418.7641,5472.8233,5339.6085,15503977300,133023979699.0000,1.343739,-0.336089
2022-04-29,5458.9146,5627.9021,5630.9326,5443.6651,18128951200,157723206297.8000,1.571051,3.859515
2022-05-05,5612.4964,5686.7023,5728.6163,5606.9405,16864320800,153614014864.4000,1.461272,1.044798
2022-05-06,5560.9758,5563.7693,5629.6470,5542.1811,15299334100,128084917441.6000,1.325667,-2.161763
2022-05-09,5552.4756,5608.5162,5626.5906,5537.9754,13155392900,114555068564.0000,1.138610,0.804255
2022-05-10,5532.6001,5690.0868,5698.5144,5519.4721,16532961300,141136837683.5000,1.430519,1.454406
2022-05-11,5697.4294,5737.8173,5856.1924,5696.7023,18516362700,172855135622.5000,1.601974,0.838836
2022-05-12,5707.5559,5743.1007,5779.3195,5687.1750,13921616900,125952896230.6000,1.204194,0.092080
2022-05-13,5765.3172,5796.8014,5796.8014,5731.8598,13655977500,116785287132.3000,1.181018,0.935047
2022-05-16,5840.2430,5791.0809,5855.7226,5767.5448,15138727500,132450886599.5000,1.308662,-0.098684
2022-05-17,5789.9157,5816.3379,5816.3379,5724.4448,13082939100,119260447955.2000,1.129602,0.436136
2022-05-18,5815.6052,5797.4896,5846.8440,5785.4545,12724384500,114319973944.7000,1.098605,-0.324058
2022-05-19,5708.8006,5838.4074,5838.4074,5700.1061,13662374000,122730054522.0000,1.179193,0.705785
2022-05-20,5854.0140,5929.4882,5929.5421,5849.7614,16572732900,151890808353.4000,1.430262,1.560028
2022-05-23,5941.1422,5965.7277,5968.8510,5908.6589,15387601700,143376161124.0000,1.327134,0.611174
2022-05-24,5962.1488,5745.6751,5967.2326,5745.6751,17754083400,161859191392.5000,1.529831,-3.688613
2022-05-25,5741.2348,5844.2546,5844.2820,5736.1388,14359063500,126687497293.5000,1.237284,1.715717
2022-05-26,5848.0259,5911.5607,5928.7066,5780.9701,16235036200,142667052821.1000,1.398806,1.151663
2022-05-27,5921.3316,5899.9150,5952.6150,5854.6100,14340686200,128502607015.8000,1.235373,-0.196999
2022-05-30,5918.2429,5942.8317,5942.9969,5867.1924,13385264700,124183592946.5000,1.152996,0.727412
2022-05-31,5940.3724,6026.2373,6033.4732,5902.2751,15594491800,147825250552.3000,1.343297,1.403466
2022-06-01,6008.7519,6023.6440,6042.3715,5970.4930,15536577300,143127245305.2000,1.337907,-0.043033
2022-06-02,6000.6176,6078.4349,6084.3166,5987.6409,15957167500,150036301464.4000,1.373789,0.909597
2022-06-06,6079.8854,6187.4441,6194.4258,6070.7070,18267996300,180119370874.6000,1.572741,1.793376
2022-06-07,6186.5768,6186.5672,6199.7233,6136.0388,17731171800,169115475173.6000,1.526411,-0.014172
2022-06-08,6184.9604,6217.8276,6227.3285,6110.0604,18642886400,176670594408.9000,1.604266,0.505295
2022-06-09,6207.7272,6130.6862,6209.1099,6088.4637,17212977500,160399014376.8000,1.480400,-1.401477
2022-06-10,6083.5009,6240.1032,6250.3633,6078.7845,19254134000,178686545011.3000,1.655923,1.784743
2022-06-13,6188.7655,6233.6194,6250.6808,6172.9148,18813239700,197652384588.0000,1.644410,-0.103905
2022-06-14,6161.6197,6275.5652,6278.9724,6061.1905,19740316500,196166211157.9000,1.725124,0.672896
2022-06-15,6275.3708,6261.0613,6398.3587,6261.0394,23814076500,231704740913.9000,2.081133,-0.231117
2022-06-16,6262.2871,6264.8220,6330.3502,6242.3287,19461508300,200890496403.0000,1.701037,0.060065
2022-06-17,6220.5832,6316.3092,6328.3614,6181.8541,16785912900,188555335283.8000,1.466915,0.821846
2022-06-20,6323.4058,6330.3942,6359.0000,6277.2155,17520714600,202463104716.5000,1.528877,0.222994
2022-06-21,6324.8405,6277.0014,6337.0828,6215.2920,16446163000,178813382248.4000,1.434595,-0.843436
2022-06-22,6281.8672,6179.5700,6285.6521,6176.8507,15409431800,164240856131.8000,1.343435,-1.552197
2022-06-23,6186.9871,6300.4746,6300.4746,6142.9367,16826604400,179525605665.7000,1.466990,1.956521
2022-06-24,6306.8290,6368.2827,6378.4980,6304.0817,15771270400,181995576916.7000,1.372874,1.076238
2022-06-27,6398.3596,6407.7447,6449.3379,6390.2849,16891819100,201652930730.9000,1.459412,0.619665
2022-06-28,6412.4400,6501.3520,6506.6650,6392.1091,17058271100,196479374873.5000,1.473481,1.460846
2022-06-29,6479.1702,6374.2974,6501.3927,6370.0158,19072830800,215976296586.3000,1.646225,-1.954280
2022-06-30,6385.2145,6454.0778,6493.0905,6385.2145,16384677500,193598970720.0000,1.413712,1.251595
2022-07-01,6450.7504,6438.5375,6481.1493,6423.8571,14420464300,172657742424.2000,1.243964,-0.240783
2022-07-04,6445.0746,6523.1311,6524.2950,6405.3788,15781996900,193784450973.9000,1.360222,1.313864
2022-07-05,6535.4543,6511.5297,6548.3018,6435.7372,18662546900,206724929047.1000,1.608472,-0.177850
2022-07-06,6489.0207,6418.5453,6496.9720,6359.4656,17710450200,188283101873.7000,1.525681,-1.427996
2022-07-07,6414.4083,6452.9863,6482.4181,6380.1669,15735112300,176906222167.7000,1.354231,0.536586
2022-07-08,6478.2911,6404.4393,6490.1491,6404.1612,15098669800,171162738886.7000,1.299297,-0.752318
2022-07-11,6387.4493,6319.1402,6387.4493,6274.7378,15199366600,169420490499.2000,1.307557,-1.331875
2022-07-12,6317.8781,6241.4793,6346.5140,6238.5626,14451309200,162745221371.3000,1.242841,-1.228979
2022-07-13,6238.6803,6268.4943,6287.6398,6207.7219,14271072300,148941203951.1000,1.227338,0.432830
2022-07-14,6267.4723,6302.4319,6339.4222,6254.6817,14035405000,156034965327.2000,1.206930,0.541400
2022-07-15,6279.6767,6196.7999,6323.5345,6196.7999,15838682800,169165272836.9000,1.361997,-1.676051
2022-07-18,6216.0998,6312.3557,6315.6563,6200.5203,15914462400,163899480504.9000,1.362127,1.864766
2022-07-19,6318.8373,6335.7093,6347.2428,6283.4024,14638478000,163012682490.6000,1.252915,0.369966
2022-07-20,6353.0031,6410.7088,6416.8716,6351.8184,14293257300,157782312749.0000,1.223364,1.183759
2022-07-21,6400.0661,6347.5984,6408.4580,6347.5984,14821018400,163172754178.8000,1.268534,-0.984453
2022-07-22,6353.9247,6289.5325,6371.3183,6236.3430,13062066900,143788393867.5000,1.117281,-0.914770
2022-07-25,6297.0995,6231.2355,6319.1797,6213.4739,12945802900,139714096679.5000,0.000000,-0.926889
2022-07-26,6239.2088,6307.9560,6319.2494,6213.8365,11727654100,129165891647.9000,1.003026,1.231225
2022-07-27,6301.6083,6332.2327,6344.2070,6286.3516,12043512700,133249678638.0000,1.029690,0.384858
2022-07-28,6361.2729,6348.1655,6393.7268,6339.5502,13847342900,152662265343.0000,1.183908,0.251614
2022-07-29,6356.5204,6294.1144,6365.2595,6285.7193,13792579200,152961332812.8000,1.179225,-0.851444
2022-08-01,6293.3831,6347.2211,6350.0383,6253.0553,12867901200,151348904696.9000,0.000000,0.843752
2022-08-02,6288.6064,6169.9961,6288.6064,6095.0566,18290253900,192873382570.5000,1.561187,-2.792167
2022-08-03,6171.6172,6124.3146,6261.9097,6111.2198,14721340900,175544841793.6000,1.256558,-0.740381
2022-08-04,6160.4864,6158.7346,6177.6166,6080.1010,11364638100,137805652801.6000,0.970042,0.562022
2022-08-05,6175.4805,6270.5113,6274.2729,6163.5051,12428444800,150450721916.0000,1.060845,1.814930
2022-08-08,6266.5673,6323.0746,6324.3401,6249.6163,11613293400,149909676464.1000,0.990901,0.838262
2022-08-09,6314.1043,6341.4806,6344.8400,6290.8724,11696665300,148682025631.8000,0.997993,0.291093
2022-08-10,6331.4129,6322.0558,6362.2914,6298.8613,11889992800,153411737859.6000,1.014485,-0.306313
2022-08-11,6349.4961,6439.3586,6439.3586,6341.7215,14203828400,168399100707.5000,1.211833,1.855453
2022-08-12,6425.1102,6420.8530,6463.0667,6416.2908,14039991700,158383471763.4000,1.197694,-0.287383
2022-08-15,6405.7169,6442.8093,6462.5378,6394.2182,13362748200,151481917268.3000,1.139921,0.341953
2022-08-16,6446.7604,6465.1866,6492.5396,6440.3764,13584149500,150950901281.8000,1.158865,0.347322
2022-08-17,6473.2526,6493.5047,6501.3620,6428.9652,14622031900,165336992378.1000,1.247354,0.438009
2022-08-18,6481.3704,6468.8056,6483.6928,6448.7455,13045175900,151581053114.9000,1.110670,-0.380366
2022-08-19,6468.8233,6391.7159,6477.3137,6390.9328,14259085100,161777617603.6000,1.213983,-1.191715
2022-08-22,6381.3397,6472.6799,6472.7936,6363.2180,13373550000,155429477947.4000,1.138590,1.266702
2022-08-23,6460.1716,6466.4045,6475.8227,6436.0810,13367637700,152812386392.9000,1.137798,-0.096952
2022-08-24,6470.6864,6284.5769,6472.6832,6277.9892,15810387200,171922926765.6000,1.345701,-2.811881
2022-08-25,6303.1445,6322.6961,6327.0917,6225.6756,14194636700,152348524289.3000,1.207199,0.606552
2022-08-26,6331.0790,6298.3739,6381.4834,6286.5227,13040583700,145604215469.3000,1.109045,-0.384681
2022-08-29,6213.4016,6310.4020,6310.9932,6205.1266,12526884900,132966408290.4000,1.063416,0.190972
2022-08-30,6309.5791,6285.9273,6319.1701,6248.1377,13210920000,136583215311.8000,1.121489,-0.387847
2022-08-31,6265.5934,6155.7455,6280.1856,6132.2326,14727540800,153776542736.6000,1.250263,-2.071004
2022-09-01,6153.2870,6126.7685,6207.2440,6118.5774,11857505400,124670857677.4000,1.006610,-0.470731
2022-09-02,6135.2957,6149.4273,6176.1706,6117.7266,10656438400,114216217368.2000,0.904658,0.369833
2022-09-05,6147.7062,6182.6465,6184.8042,6122.6190,11747924400,119757999919.0000,0.997173,0.540200
2022-09-06,6198.4868,6291.5707,6292.5319,6187.9517,12984604000,135891977558.3000,1.102125,1.761773
2022-09-07,6269.9911,6301.5644,6314.1182,6256.6131,12016029200,130718396246.6000,1.019990,0.158843
2022-09-08,6299.9068,6272.5752,6309.8969,6266.5175,11616426900,120970235492.1000,0.986090,-0.460032
2022-09-09,6275.8978,6316.9724,6321.8229,6254.2611,12138922800,124658337639.2000,1.030359,0.707799
2022-09-13,6334.8609,6300.4220,6343.7743,6291.4445,11810631400,123861798297.2000,1.002452,-0.261999
2022-09-14,6214.9119,6249.9630,6273.6335,6206.9248,10912116000,114644793268.9000,0.926158,-0.800883
2022-09-15,6280.4462,6107.7964,6282.6932,6053.7988,14164350000,148202355024.8000,1.202169,-2.274679
2022-09-16,6091.4195,5954.5037,6102.5416,5954.5037,13717211500,131508079987.8000,1.164210,-2.509787
2022-09-19,5947.8566,5913.1493,5967.6548,5880.4941,10402541200,104609796776.0000,0.882881,-0.694506
2022-09-20,5949.3355,5958.2922,6002.7920,5940.5814,8881300000,96795084956.1000,0.753771,0.763432
2022-09-21,5943.0935,5978.5810,5998.7001,5876.5156,10346364400,100001264102.8000,0.878166,0.340514
2022-09-22,5938.0989,5965.8854,6015.1192,5931.7309,9986760200,102285806654.7000,0.847628,-0.212351
2022-09-23,5961.0615,5889.6019,5986.8209,5839.9316,10060943700,104706616405.3000,0.853877,-1.278662
2022-09-26,5841.5777,5806.3181,5922.3202,5798.2786,10324436000,102568347040.7000,0.875840,-1.414082
2022-09-27,5823.5478,5920.0531,5920.0531,5808.2522,9741802200,103953587047.6000,0.826307,1.958814
2022-09-28,5910.0494,5769.5198,5910.0494,5769.5198,9369485300,99052683111.1000,0.794722,-2.542769
2022-09-29,5823.2724,5771.8812,5856.1602,5741.0175,9538579800,97557854862.3000,0.809065,0.040929
2022-09-30,5764.1521,5714.0629,5804.2022,5714.0629,8554516800,87143078864.7000,0.725595,-1.001724
2022-10-10,5729.7548,5635.7109,5758.0415,5618.8038,9746934500,97320936443.0000,0.826751,-1.371213
2022-10-11,5642.4791,5684.5063,5703.2705,5606.9944,8657146900,88733098158.6000,0.734311,0.865825
2022-10-12,5680.3641,5820.4537,5820.4537,5594.2971,10610175700,110816368258.8000,0.899972,2.391543
2022-10-13,5789.6610,5830.3355,5876.4759,5780.1758,10572226800,114922152769.8000,0.895907,0.169777
2022-10-14,5866.8591,5973.4389,5996.0440,5866.8591,11821224500,138463009285.8000,1.001749,2.454463
2022-10-17,5952.3801,6015.5963,6023.5259,5945.4277,11146186900,127160232940.9000,0.944258,0.705748
2022-10-18,6031.0470,6035.6737,6074.3734,5996.3927,10575019500,127130541930.8000,0.895871,0.333756
2022-10-19,6021.8000,5972.7226,6037.4429,5970.4371,9388106500,112290658653.1000,0.795317,-1.042984
2022-10-20,5943.4767,5948.8621,6035.5523,5886.3955,10338824500,121766931023.7000,0.875856,-0.399491
2022-10-21,5959.2074,5956.8811,5993.8762,5928.9185,9682629500,112261082744.7000,0.000000,0.134799
2022-10-24,5968.5417,5896.9031,6061.2078,5857.8584,11950108100,137328967809.0000,1.012364,-1.006869
2022-10-25,5864.0249,5869.7810,5926.5683,5785.4086,10704585400,123655965044.2000,0.906848,-0.459938
2022-10-26,5871.0773,5971.6009,6016.9172,5871.0773,11653007900,143742557269.8000,0.987189,1.734646
2022-10-27,5978.2847,5963.0037,6020.8930,5962.9743,11708821900,147969762402.1000,0.991918,-0.143968
2022-10-28,5922.8193,5781.7972,5934.7974,5760.0452,13167633200,147373418224.4000,1.115377,-3.038846
2022-10-31,5745.0776,5807.1063,5859.5968,5743.5552,12701606400,150059218566.0000,1.075818,0.437738
2022-11-01,5814.2148,5941.1451,5942.1356,5786.8711,13661677600,165176134816.8000,1.157149,2.308186
2022-11-02,5925.6508,5997.8038,6028.7670,5916.0613,14233028600,183166205234.3000,1.205542,0.953666
2022-11-03,5944.5114,5996.7187,6018.4176,5937.6050,10638690600,145162731659.8000,0.901100,-0.018092
2022-11-04,5996.3054,6133.4629,6157.4279,5996.3054,13870711100,174457116038.9000,1.174620,2.280317
2022-11-07,6133.2389,6141.4088,6166.1908,6100.6056,13809240900,167294752766.8000,1.169352,0.129550
2022-11-08,6139.8902,6134.2564,6141.0231,6095.4447,10826753100,134372666241.4000,0.916764,-0.116462
2022-11-09,6140.5417,6120.8286,6182.3383,6118.7288,10476225000,127037472145.0000,0.887070,-0.218899
2022-11-10,6085.2848,6089.6951,6119.0345,6061.8078,11640192800,129142711483.4000,0.985460,-0.508648
2022-11-11,6223.2280,6138.6211,6249.3487,6134.6815,17649212100,198177118398.1000,1.494165,0.803423
2022-11-14,6140.1875,6129.5129,6189.3825,6104.9304,15948672500,174064714506.7000,1.350052,-0.148375
2022-11-15,6125.1067,6236.3838,6236.3838,6112.6193,14986096500,171481798607.2000,1.268503,1.743546
2022-11-16,6238.5838,6203.9174,6263.1555,6190.0123,12977037600,151854939979.7000,1.098445,-0.520597
2022-11-17,6182.6909,6217.2052,6217.2052,6148.6148,12343019600,152683752658.2000,1.044772,0.214184
2022-11-18,6213.0909,6191.6477,6251.1066,6181.5541,13118109300,164591218427.4000,1.110414,-0.411077
2022-11-21,6147.7174,6189.7092,6196.6472,6116.2957,11285438700,141789496020.9000,0.955283,-0.031308
2022-11-22,6178.1632,6125.3999,6196.1962,6100.1131,11608602400,137587008255.8000,0.982611,-1.038971
2022-11-23,6114.2692,6115.6049,6140.1142,6045.0243,11519351700,128686794201.7000,0.975015,-0.159908
2022-11-24,6126.5982,6120.0659,6149.9599,6099.7498,10020069900,117480438950.3000,0.848111,0.072945
2022-11-25,6095.1259,6087.8591,6107.0725,6062.0028,10774234500,110059809752.5000,0.911943,-0.526249
2022-11-28,5999.8546,6055.2843,6059.0163,5970.0861,11794010700,125697913892.5000,0.997018,-0.535078
2022-11-29,6071.4494,6163.8214,6173.8490,6071.2244,15532447100,159512108828.4000,1.313050,1.792436
2022-11-30,6156.7719,6156.1465,6175.6824,6118.9020,15464797200,153125576728.1000,1.307333,-0.124515
2022-12-01,6211.2911,6186.1021,6229.8340,6186.1021,15252332500,171479199866.6000,1.289368,0.486597
2022-12-02,6177.9231,6168.0127,6206.9855,6154.2094,11550097500,133339764575.1000,0.976148,-0.292420
2022-12-05,6201.9803,6215.1244,6227.2141,6182.9759,17047721100,177698737275.3000,1.440290,0.763807
2022-12-06,6202.5242,6211.2515,6244.6382,6185.4940,14937281500,164215807003.7000,1.261950,-0.062314
2022-12-07,6198.0532,6204.0051,6243.9022,6183.3338,13782124600,155238837726.6000,1.164245,-0.116666
2022-12-08,6199.1640,6186.2835,6206.1408,6168.7805,13105132500,149348401389.7000,1.107333,-0.285648
2022-12-09,6185.7939,6192.3009,6213.5165,6159.5043,16780682500,180239306547.1000,1.417902,0.097270
2022-12-12,6181.2441,6154.8092,6182.0784,6146.2547,13409831000,162420257195.9000,1.160929,-0.605457
2022-12-13,6153.7384,6121.6615,6154.2972,6113.4142,10485751500,131515610802.4000,0.907782,-0.538566
2022-12-14,6122.4318,6096.3856,6139.7384,6084.0799,9508991600,125346101098.7000,0.822922,-0.412893
2022-12-15,6090.1178,6101.8787,6108.9595,6078.0039,8819045400,113088367630.4000,0.763158,0.090104
2022-12-16,6071.9564,6072.8627,6087.4579,6036.0507,9391067200,113412125964.0000,0.812598,-0.475526
2022-12-19,6058.8941,5936.4751,6081.4436,5911.8803,10510620100,121083184766.5000,0.909112,-2.245854
2022-12-20,5919.0267,5878.0314,5920.9868,5857.8575,7862327300,96369670928.2000,0.680192,-0.984485
2022-12-21,5879.2722,5845.8350,5892.9070,5819.6676,6978343100,85257777709.1000,0.603614,-0.547741
2022-12-22,5867.7240,5779.0555,5875.4736,5761.9836,8223187300,97446795232.4000,0.711280,-1.142343
2022-12-23,5751.9489,5763.3458,5805.5101,5732.4711,6655686500,81911192697.9000,0.575506,-0.271839
2022-12-26,5769.0686,5843.2555,5850.9115,5769.0686,7542413300,93646097254.9000,0.652144,1.386516
2022-12-27,5857.7543,5885.6622,5891.3544,5832.2697,8178042300,101272091294.0000,0.706739,0.725738
2022-12-28,5869.4556,5862.0967,5889.3180,5848.2421,9009889800,102679233203.2000,0.778620,-0.400388
2022-12-29,5843.9431,5857.4021,5895.9811,5835.3337,7951079400,94429698666.4000,0.687116,-0.080084
2022-12-30,5875.2787,5864.4669,5885.8903,5848.9547,7534503200,86117939625.6000,0.651115,0.120613
2023-01-03,5861.5504,5955.8969,5964.8185,5848.1461,9955783700,119271237764.2000,0.859763,1.559050
2023-01-04,5952.5062,5952.4538,5970.5758,5922.8646,9716044100,114358731440.4000,0.839036,-0.057810
2023-01-05,5959.4378,6010.4641,6017.3406,5950.0896,9662997900,117479981150.9000,0.834457,0.974561
2023-01-06,6004.1731,6012.8152,6050.8874,5998.8349,9924487700,121596399779.3000,0.856805,0.039117
2023-01-09,6028.3990,6040.0193,6070.1614,6023.6388,10069682900,124921325580.9000,0.868998,0.452435
2023-01-10,6044.6410,6048.2968,6053.5849,6017.1524,9639335100,113967056402.2000,0.831860,0.137044
2023-01-11,6049.0393,6014.1565,6070.4478,6004.2194,9440638900,112879598037.5000,0.814702,-0.564461
2023-01-12,6022.5610,6015.2871,6048.1893,5995.9111,9290012400,104902996993.9000,0.801696,0.018799
2023-01-13,6030.9300,6057.6902,6058.2249,6015.2180,9002502000,102449872563.5000,0.776885,0.704922
2023-01-16,6068.9115,6126.1772,6168.7448,6068.1400,12961973000,146526749755.3000,1.118492,1.130579
2023-01-17,6129.7345,6132.6391,6138.1742,6107.7606,9592169900,109180206701.1000,0.826119,0.105480
2023-01-18,6139.6912,6151.4557,6168.3735,6136.9704,9455583600,103052545401.6000,0.814357,0.306827
2023-01-19,6145.6211,6204.3261,6204.3261,6130.4240,9977779300,114472416014.4000,0.859331,0.859478
2023-01-20,6214.0251,6251.4337,6253.2690,6214.0251,11390454200,128362190660.4000,0.980997,0.759270
2023-01-30,6331.8759,6283.3272,6342.4494,6279.4508,14651792000,173697713880.0000,1.254225,0.510179
2023-01-31,6266.2956,6289.1500,6303.9117,6259.5275,13530209300,146630404005.4000,1.158214,0.092671
2023-02-01,6300.4997,6365.9051,6368.7906,6293.4917,15244222000,166449081743.9000,1.304952,1.220437
2023-02-02,6383.2980,6370.1411,6402.2639,6347.7289,14929281100,166213113911.5000,1.277983,0.066542
2023-02-03,6354.7135,6343.6861,6354.7135,6267.4377,12150718200,138714379584.2000,1.040130,-0.415297
2023-02-06,6314.5995,6302.3349,6330.7929,6274.5427,10848530800,127652063425.2000,0.928660,-0.651848
2023-02-07,6309.2209,6317.2377,6318.8407,6273.5954,10966268300,125078065034.8000,0.938738,0.236465
2023-02-08,6319.5164,6268.2759,6323.8492,6263.7627,10599489500,116986269907.4000,0.907167,-0.775051
2023-02-09,6256.3124,6354.5620,6354.8028,6250.4545,10903111900,129044254163.8000,0.933153,1.376552
2023-02-10,6348.9994,6334.2520,6368.4882,6296.5476,12010082900,134994907399.5000,1.027814,-0.319613
2023-02-13,6333.2194,6383.8279,6386.7243,6331.3687,13156622700,151374560994.8000,1.125525,0.782664
2023-02-14,6394.6196,6397.2146,6408.5508,6369.5727,12467438900,143967118961.2000,1.066566,0.209697
2023-02-15,6398.8735,6384.3479,6407.7530,6365.3107,11590702200,143472324421.4000,0.991556,-0.201130
2023-02-16,6384.2145,6289.4786,6429.0531,6244.4787,16838841600,190791364474.4000,1.440519,-1.485967
2023-02-17,6284.9225,6237.4053,6308.5680,6237.4053,11721098500,143422448168.0000,0.000000,-0.827943
2023-02-20,6248.2555,6346.0678,6349.4074,6227.3489,14033407500,157289265128.8000,1.199917,1.742111
2023-02-21,6349.9071,6383.4248,6396.7420,6337.5976,14182471400,153705795821.1000,1.212636,0.588664
2023-02-22,6352.0275,6375.0684,6397.1452,6344.9861,10908302900,128341320025.0000,0.932380,-0.130908
2023-02-23,6377.2925,6360.3202,6396.6563,6328.6440,11606465400,135992246881.1000,0.992053,-0.231342
2023-02-24,6367.6311,6340.8435,6372.4918,6308.2213,9695728100,119877925583.4000,0.828609,-0.306222
2023-02-27,6318.6393,6307.2057,6349.0910,6288.2994,10108273800,124887490151.6000,0.862883,-0.530494
2023-02-28,6323.8417,6357.5352,6357.5352,6293.1792,9660316300,119094834715.1000,0.821964,0.797968
2023-03-01,6356.5035,6402.1411,6410.5217,6340.0045,12390763900,144327640100.9000,1.053935,0.701623
2023-03-02,6398.2563,6382.2322,6410.2306,6375.0068,12534929700,147597102774.1000,1.066198,-0.310973
2023-03-03,6384.0636,6390.3177,6398.4707,6346.9593,12323477500,140273359354.4000,1.048212,0.126688
2023-03-06,6398.1023,6395.2191,6405.8199,6362.4723,12684563400,155123686031.2000,1.078924,0.076700
2023-03-07,6389.8109,6284.2986,6396.5414,6284.2198,13792886900,149308292189.0000,1.173200,-1.734428
2023-03-08,6264.4315,6301.5157,6303.7106,6258.3174,9869835700,114463801002.9000,0.839512,0.273970
2023-03-09,6311.0424,6285.9521,6311.3353,6258.4498,9268891400,111866575503.5000,0.788392,-0.246982
2023-03-10,6251.5600,6204.8989,6261.3301,6202.6117,10805229000,129144574718.6000,0.919070,-1.289434
2023-03-13,6189.9761,6245.0029,6245.0029,6178.6720,10800655200,132474098352.3000,0.918679,0.646328
2023-03-14,6237.7306,6189.3969,6243.4184,6127.6878,12120014500,149977754662.0000,1.030623,-0.890408
2023-03-15,6210.9280,6224.6400,6254.4857,6210.9280,11294852800,129455795140.3000,0.960456,0.569411
2023-03-16,6191.2955,6140.8317,6209.9732,6133.8328,12763268500,143759016862.1000,1.085322,-1.346396
2023-03-17,6174.1919,6183.1843,6233.7534,6169.8441,13710833400,157222487365.1000,1.165895,0.689688
2023-03-20,6195.3506,6160.3541,6201.9742,6152.8083,14558089100,167826184366.7000,1.237302,-0.369230
2023-03-21,6171.8856,6234.6793,6235.0064,6171.2834,12302533100,144174739305.4000,1.045301,1.206509
2023-03-22,6244.3623,6269.7384,6271.5228,6242.1570,12826638600,149867921197.4000,1.089827,0.562324
2023-03-23,6253.5774,6305.7585,6305.7585,6245.9826,12917964800,164124553074.5000,1.097586,0.574507
2023-03-24,6312.4308,6310.0979,6315.6795,6279.5407,14102098900,179449338405.6000,1.198191,0.068816
2023-03-27,6304.4792,6311.5998,6320.6622,6265.0053,14466486300,184209306469.8000,1.227942,0.023802
2023-03-28,6314.5821,6279.9217,6331.5584,6272.7168,13915610400,174935282609.8000,1.181194,-0.501903
2023-03-29,6285.9539,6260.5510,6294.2951,6239.9373,13154828400,166565424024.2000,1.116628,-0.308454
2023-03-30,6257.6398,6286.1773,6287.4396,6213.9745,12321859900,155158644767.8000,1.045922,0.409330
2023-03-31,6284.8522,6339.8183,6343.2299,6282.1402,12948983500,164138969077.5000,1.099098,0.853317
2023-04-03,6346.6925,6413.8073,6419.8686,6346.6925,16392104800,215330527397.2000,1.391332,1.167052
2023-04-04,6414.8177,6408.8994,6423.3058,6377.5322,15749175500,218740913531.4000,1.336723,-0.076521
2023-04-06,6387.2289,6416.8456,6428.7215,6382.0333,14406444800,207002794759.6000,1.222731,0.123987
2023-04-07,6418.2601,6464.4664,6470.0888,6416.6812,12796462500,177737436540.0000,1.086085,0.742122
2023-04-10,6474.9415,6410.5218,6476.2165,6395.3745,14513418700,203397862936.4000,1.231913,-0.834479
2023-04-11,6405.6279,6420.8770,6421.4857,6381.0566,14239910900,188800337843.3000,1.208400,0.161534
2023-04-12,6415.7038,6443.4391,6450.3488,6407.1996,14944795600,188164796583.5000,1.268214,0.351387
2023-04-13,6438.1638,6404.6463,6451.7864,6396.0167,15619957300,196031015021.2000,1.325497,-0.602051
2023-04-14,6420.3118,6431.0688,6444.8860,6390.9182,14530066800,190743030851.0000,1.230283,0.412552
2023-04-17,6422.8669,6459.2396,6459.2396,6421.3936,16882307900,196752268308.1000,1.429395,0.438042
2023-04-18,6448.7565,6449.8531,6462.2489,6422.0530,14347134100,184598154225.6000,1.214704,-0.145319
2023-04-19,6444.8726,6416.9696,6456.1491,6404.9942,14869977400,192403574162.7000,1.258956,-0.509833
2023-04-20,6408.8077,6411.7564,6413.0794,6376.3489,15050129400,196199845238.5000,1.274204,-0.081241
2023-04-21,6411.5137,6250.5446,6411.5137,6250.5446,16231329700,210802112228.2000,1.374211,-2.514316
2023-04-24,6250.9635,6208.7797,6260.5395,6184.7122,14769484500,191204975164.8000,1.250414,-0.668180
2023-04-25,6205.6184,6118.1526,6208.4027,6042.6423,16245927700,200847244830.6000,1.375050,-1.459660
2023-04-26,6095.1335,6142.1541,6178.1675,6093.1976,15216635400,197699832955.3000,1.287675,0.392300
2023-04-27,6127.6444,6157.9360,6190.2503,6121.6098,14313611600,179308956550.4000,1.210990,0.256944
2023-04-28,6151.6433,6241.2441,6245.5500,6151.6433,16787648200,199335712325.8000,1.420340,1.352858
2023-05-04,6223.2261,6262.3891,6264.5158,6218.7822,20248797000,215098748101.1000,1.708873,0.338795
2023-05-05,6255.7044,6200.5759,6256.2287,6172.6931,17826101700,192217857467.7000,1.504255,-0.987055
2023-05-08,6202.6787,6248.5828,6259.6869,6200.1467,20271825500,198162493586.1000,1.710589,0.774233
2023-05-09,6242.6615,6181.9757,6274.8980,6177.6544,22438946700,215437054342.0000,1.893485,-1.065955
2023-05-10,6167.1346,6173.8093,6199.1609,6137.1536,17545372700,180485291578.1000,1.480546,-0.132100
2023-05-11,6185.6686,6154.4703,6190.3906,6151.0696,14606494600,152275213604.4000,1.231190,-0.313243
2023-05-12,6138.9404,6091.6464,6173.9124,6088.2239,14041066400,142316419328.4000,1.183530,-1.020785
2023-05-15,6094.6758,6159.3888,6159.3888,6036.8139,14984358300,159620224620.0000,1.262243,1.112054
2023-05-16,6159.1693,6110.8271,6159.1693,6095.6879,12184111600,142447474647.0000,1.026338,-0.788418
2023-05-17,6097.9771,6122.0518,6137.0165,6090.8823,10726634900,125585549046.7000,0.903393,0.183685
2023-05-18,6132.5182,6128.1762,6153.9920,6101.2437,12294211100,144557618052.5000,1.035413,0.100038
2023-05-19,6116.8432,6117.0833,6149.1426,6085.0442,11930489600,147524516028.4000,1.004049,-0.181015
2023-05-22,6111.8445,6115.3151,6136.8627,6086.2330,11271568200,126363418363.6000,0.948597,-0.028906
2023-05-23,6114.2135,6052.4297,6117.3597,6052.4297,11110424400,120628486661.7000,0.935037,-1.028326
2023-05-24,6032.6890,6005.7913,6058.3946,5988.0278,10722341400,116914166402.6000,0.902324,-0.770573
2023-05-25,6000.2187,5988.1885,6028.6386,5926.2038,10992283200,126769237204.5000,0.925041,-0.293097
2023-05-26,5983.1367,6034.9834,6045.1292,5953.8807,10638158800,123263014837.6000,0.895235,0.781453
2023-05-29,6046.5431,6025.1552,6058.9211,6012.4012,12513941700,146808330637.6000,1.053088,-0.162854
2023-05-30,6008.4621,6061.3089,6061.3089,5960.3372,12731201700,151849134859.6000,1.071020,0.600046
2023-05-31,6044.0200,6047.8021,6063.1925,6009.2476,11747610600,144653727477.5000,0.988232,-0.222836
2023-06-01,6028.8032,6051.4603,6094.2403,6008.2705,12625031500,154907281920.7000,1.062043,0.060488
2023-06-02,6061.9110,6105.2181,6115.0679,6061.9110,12230673800,142073539923.0000,1.028590,0.888344
2023-06-05,6102.1295,6097.1059,6107.1211,6075.5921,11574795300,131118706647.8000,0.973179,-0.132873
2023-06-06,6088.6625,5983.4202,6089.0746,5969.2945,12304538700,133636232835.4000,1.034500,-1.864585
2023-06-07,5982.3085,5987.0110,6010.0304,5969.1593,9359789200,113593743557.7000,0.786616,0.060012
2023-06-08,5971.7247,5966.1477,5992.9692,5922.3872,10898163200,124387889683.3000,0.915904,-0.348476
2023-06-09,5968.7001,6009.5826,6017.2812,5960.1060,12755343200,158760400688.5000,1.069865,0.728023
2023-06-12,5999.6174,6027.7122,6045.6593,5987.2682,11361247100,151203107291.2000,1.001695,0.301678
2023-06-13,6016.6857,6044.0371,6047.0600,6014.0625,9868029800,134425849549.1000,0.869824,0.270831
2023-06-14,6046.4375,6044.0766,6064.2896,6034.4718,10968902100,148046160093.7000,0.966861,0.000654
2023-06-15,6049.4683,6096.8075,6100.2336,6046.1621,11841773400,165700035083.1000,1.043743,0.872439
2023-06-16,6094.8437,6148.0125,6154.9321,6091.1847,11534956800,165690149218.5000,1.015253,0.839866
2023-06-19,6148.8548,6131.3849,6148.8548,6126.3881,11378720900,164780447140.9000,1.001136,-0.270455
2023-06-20,6122.7448,6126.1133,6144.0071,6100.1435,10663083200,161419763306.8000,0.938096,-0.085977
2023-06-21,6104.2468,5990.8455,6104.2468,5990.7866,10644776600,154200972220.3000,0.936398,-2.208053
2023-06-26,5947.5700,5887.0324,5970.6114,5875.9378,11108179100,148203624502.1000,0.976931,-1.732862
2023-06-27,5897.6948,5948.0029,5956.1810,5884.9486,9303915500,118625135535.9000,0.818202,1.035675
2023-06-28,5945.6446,5942.3112,5951.1273,5857.1313,9394430200,128454934662.7000,0.825785,-0.095691
2023-06-29,5928.7090,5940.5782,5964.8577,5924.2783,8837685700,123484005846.8000,0.773278,-0.029164
2023-06-30,5931.8714,5998.7293,6016.4459,5927.9362,9450466800,133367471517.0000,0.824376,0.978879
2023-07-03,6009.2697,6042.3122,6056.1632,5997.8471,11307590500,153065229521.6000,0.985852,0.726536
2023-07-04,6042.7217,6055.2577,6059.5729,6027.2909,10558376500,144484638910.0000,0.920468,0.214247
2023-07-05,6050.3461,6020.8212,6059.3789,6011.8700,10412904100,142198505817.2000,0.907798,-0.568704
2023-07-06,6010.6552,5988.5525,6042.2947,5983.4842,9396503800,131979482562.6000,0.819188,-0.535952
2023-07-07,5973.9756,5961.6057,5994.2828,5936.2272,9411834600,121687700019.0000,0.818121,-0.449972
2023-07-10,5980.6083,5984.2814,6003.4018,5958.7306,8516856400,113940191969.5000,0.739243,0.380362
2023-07-11,5991.0207,6029.2318,6029.2318,5972.1378,8453189700,117919697046.3000,0.733513,0.751141
2023-07-12,6030.6447,5962.7938,6033.5832,5960.4310,9669224100,134419386322.7000,0.838713,-1.101931
2023-07-13,5986.2518,6044.0583,6049.0626,5986.2518,9965639800,138941870295.0000,0.864358,1.362859
2023-07-14,6052.9495,6030.5188,6055.5275,6026.3263,9496319700,137880575951.9000,0.823652,-0.224013
2023-07-17,6012.7648,6012.6895,6018.0694,5985.4382,8842021200,124991560881.3000,0.766655,-0.295651
2023-07-18,6015.9819,6001.7998,6027.6063,5984.0598,8771991000,121310187887.2000,0.760556,-0.181112
2023-07-19,5998.3813,5993.4126,6017.4492,5962.9863,7779103400,104054562581.1000,0.674470,-0.139745
2023-07-20,5996.8380,5925.4843,6009.4266,5920.1510,9119536800,123684933457.2000,0.790629,-1.133383
2023-07-21,5914.3541,5925.6255,5961.0501,5904.7877,8197530700,107065413903.9000,0.710692,0.002383
2023-07-24,5913.5709,5916.7141,5954.2372,5896.4481,7592800100,99623302711.1000,0.657882,-0.150387
2023-07-25,5976.9683,6016.6312,6016.7544,5971.7319,13189639200,145732847141.7000,1.142637,1.688726
2023-07-26,6014.7614,6001.5402,6015.5833,5984.3913,12182521900,120547387630.0000,1.055382,-0.250821
2023-07-27,5998.8485,5961.1843,6017.6706,5952.8932,12300082500,117272101565.0000,1.065550,-0.672426
2023-07-28,5945.9139,6043.2438,6049.7643,5932.0603,16317187100,149147477703.5000,1.413543,1.376564
2023-07-31,6059.1096,6088.2431,6133.7180,6059.1096,18655110300,179595743483.0000,1.614117,0.744622
2023-08-01,6086.8982,6098.8789,6113.9839,6077.1053,18758860000,166628364673.4000,1.623095,0.174694
2023-08-02,6088.1355,6077.4645,6111.2437,6059.8653,14715452900,135758673344.6000,1.273218,-0.351120
2023-08-03,6062.6427,6098.6868,6101.8106,6047.6760,14647901100,138777463929.6000,1.267373,0.349197
2023-08-04,6126.1504,6128.5560,6164.1552,6105.6391,19694350100,186850093568.5000,1.704002,0.489764
2023-08-07,6115.8362,6090.7307,6117.9163,6072.5354,14531913700,154416328543.1000,1.257322,-0.617198
2023-08-08,6077.3032,6066.1019,6088.0983,6044.2376,12154572800,131357351526.3000,1.051631,-0.404365
2023-08-09,6049.4490,6021.7506,6062.0243,6012.2470,9880917400,116294678353.9000,0.854911,-0.731133
2023-08-10,6013.3501,6031.7105,6040.4605,5999.5626,9984263800,103950301369.3000,0.863808,0.165399
2023-08-11,6030.0453,5913.3502,6030.0453,5913.3502,11307200700,115393420336.3000,0.978246,-1.962301
2023-08-14,5864.4821,5916.8029,5919.8035,5833.4629,10367570600,116321082192.1000,0.896692,0.058388
2023-08-15,5919.7688,5879.7782,5926.4197,5830.9695,9241738100,107626210841.9000,0.799319,-0.625755
2023-08-16,5858.5966,5833.2155,5891.8116,5833.2155,10495042500,114013689380.0000,0.907535,-0.791913
2023-08-17,5808.9095,5874.3609,5882.1512,5778.5287,11357638400,120852973476.6000,0.982122,0.705364
2023-08-18,5875.1097,5777.7972,5891.3976,5777.7972,10293184500,109766358594.4000,0.889863,-1.643816
2023-08-21,5764.6679,5710.7783,5802.5119,5710.7783,9283569800,96691987125.6000,0.802570,-1.159939
2023-08-22,5733.2548,5741.0606,5754.5746,5646.5119,10617519300,120035178924.1000,0.917896,0.530266
2023-08-23,5732.3943,5629.4999,5732.3943,5629.4999,9418672500,101871329162.8000,0.813773,-1.943207
2023-08-24,5650.3593,5652.6729,5701.3208,5619.3330,10808677100,120640882887.6000,0.933780,0.411635
2023-08-25,5624.7697,5581.2116,5648.6240,5560.2171,10624160200,114730298316.4000,0.917777,-1.264204
2023-08-28,5885.8843,5644.1405,5887.5085,5631.6940,18574561900,181457042375.4000,1.604170,1.127513
2023-08-29,5631.0060,5770.3155,5789.9623,5626.5175,16085189500,165476278766.7000,1.389324,2.235504
2023-08-30,5780.2848,5775.1534,5817.7342,5753.2161,13600438400,145078565405.8000,1.174666,0.083841
2023-08-31,5770.9531,5739.3984,5777.4220,5728.4729,11633513400,121252796160.9000,1.004961,-0.619118
2023-09-01,5746.4128,5750.8027,5775.1769,5732.9674,10417910300,107061408580.6000,0.899951,0.198702
2023-09-04,5772.0266,5829.7840,5829.7840,5758.0309,13564887300,135994054181.1000,1.171743,1.373396
2023-09-05,5819.9667,5788.7149,5822.0615,5779.3725,10651765800,114971726102.7000,0.920090,-0.704470
2023-09-06,5771.8490,5790.3806,5800.9647,5748.6467,9048050200,106512753385.0000,0.781562,0.028775
2023-09-07,5782.0706,5702.7008,5782.0706,5701.7975,9292051800,105713167275.8000,0.802634,-1.514232
2023-09-08,5684.6558,5708.6227,5732.3747,5683.3973,7952002800,93059123325.2000,0.686882,0.103844
2023-09-11,5723.0181,5774.7305,5802.2053,5704.7003,11283713700,132425678094.5000,0.974472,1.158034
2023-09-12,5774.4661,5770.9259,5793.8290,5763.2995,8604120700,105032116597.9000,0.743060,-0.065884
2023-09-13,5764.8241,5715.3973,5770.4141,5681.5003,9147247300,101933192541.5000,0.789965,-0.962213
2023-09-14,5714.6748,5702.1020,5721.2073,5679.1990,9024779200,97979765540.8000,0.779388,-0.232622
2023-09-15,5716.2937,5704.6632,5741.0711,5680.8954,9837596400,110557876200.1000,0.849584,0.044917
2023-09-18,5685.8527,5719.6887,5734.1861,5665.5790,9230572200,109249767455.6000,0.797130,0.263390
2023-09-19,5713.4945,5687.9007,5713.6003,5670.4201,8511210200,94544819485.1000,0.735004,-0.555765
2023-09-20,5677.9249,5651.0062,5689.8254,5651.0062,7763415800,84080282560.0000,0.670368,-0.648649
2023-09-21,5638.4406,5611.9186,5666.6958,5609.2143,8193150900,84847061987.6000,0.707441,-0.691693
2023-09-22,5606.8347,5698.8168,5700.3230,5603.8126,10411898200,120276386023.4000,0.899020,1.548458
2023-09-25,5694.9025,5666.6642,5699.1544,5659.3191,9334071900,114172282948.0000,0.805126,-0.564198
2023-09-26,5661.0321,5646.6544,5682.2786,5646.6544,7430961500,100424427689.8000,0.639892,-0.353114
2023-09-27,5642.3852,5674.3451,5701.5084,5641.8508,8108624000,102149151673.6000,0.698247,0.490391
2023-09-28,5687.6411,5690.7697,5704.6228,5677.5310,7947733800,101456952317.7000,0.684367,0.289454
2023-10-09,5679.6412,5658.0832,5680.9516,5634.3532,9002983600,109095282387.9000,0.775297,-0.574377
2023-10-10,5665.6622,5630.3714,5678.4631,5627.4139,8772642500,104621240810.9000,0.755435,-0.489774
2023-10-11,5639.0722,5629.7886,5674.2543,5617.8727,9064482600,112202131188.0000,0.780466,-0.010351
2023-10-12,5655.6129,5671.6419,5677.8191,5642.4931,10050298600,119947478383.3000,0.864515,0.743426
2023-10-13,5645.4366,5633.3831,5646.0737,5616.8508,8939170200,110878380413.0000,0.768881,-0.674563
2023-10-16,5633.3012,5580.6666,5636.3194,5559.4212,8986755000,107684372825.8000,0.772974,-0.935788
2023-10-17,5585.1448,5595.3423,5599.4240,5556.5739,9251673700,105060399668.5000,0.795757,0.262974
2023-10-18,5586.0206,5524.5988,5586.0206,5519.4562,9895356200,110310590720.5000,0.851121,-1.264328
2023-10-19,5496.7574,5464.0270,5529.8697,5463.6516,10807833500,117347195293.0000,0.929606,-1.096402
2023-10-20,5443.4557,5423.6748,5473.2111,5413.0233,9493611500,107713531625.7000,0.816550,-0.738507
2023-10-23,5400.5436,5290.3343,5400.7943,5269.8274,10308312600,112227737477.0000,0.886556,-2.458490
2023-10-24,5311.6694,5352.0123,5363.1951,5290.5047,11474572900,126190795981.0000,0.986858,1.165862
2023-10-25,5386.4255,5375.9983,5423.0139,5375.9983,11492124400,129741397087.7000,0.988366,0.448168
2023-10-26,5351.1628,5398.9340,5404.9918,5337.4926,10248504400,116893043685.1000,0.881164,0.426631
2023-10-27,5387.2742,5492.0274,5514.3081,5380.9409,11254280400,132776259320.0000,0.967533,1.724292
2023-10-30,5484.6240,5546.3881,5559.7847,5483.1591,12303418500,153066651404.1000,1.057722,0.989811
2023-10-31,5547.3243,5528.2385,5554.1902,5505.9335,10567937500,127527068558.9000,0.908500,-0.327233
2023-11-01,5534.8883,5509.9662,5534.9432,5496.8278,8718578500,105639439602.5000,0.749508,-0.330527
2023-11-02,5514.5172,5459.4517,5532.8505,5457.7453,9020264500,101795786004.1000,0.775443,-0.916784
2023-11-03,5462.1440,5510.3570,5537.7293,5462.1440,9799057600,114009935832.0000,0.842387,0.932425
2023-11-06,5549.2909,5605.0621,5609.2576,5549.2909,13924104600,156664899021.4000,1.196323,1.718674
2023-11-07,5594.4667,5611.0983,5631.1001,5578.5126,12057932100,139898836824.0000,1.035986,0.107692
2023-11-08,5602.9707,5608.0173,5633.9706,5577.3911,12299455800,139708501031.2000,1.056734,-0.054909
2023-11-09,5602.4900,5592.0568,5638.0805,5582.1194,10636280000,123039510738.4000,0.913838,-0.284601
2023-11-10,5577.3371,5573.0999,5585.2123,5550.8219,9432402400,109671917968.0000,0.810365,-0.338997
2023-11-13,5589.0595,5605.5688,5605.5688,5565.0914,10215893200,117833772399.0000,0.877573,0.582600
2023-11-14,5602.9829,5630.5534,5639.1880,5600.7841,10107313600,116072656381.0000,0.868244,0.445710
2023-11-15,5677.5503,5664.6170,5684.7473,5649.7168,11308793700,131864342621.0000,0.971453,0.604978
2023-11-16,5647.0613,5609.3607,5652.4004,5609.3607,9466267700,105765074960.8000,0.813175,-0.975464
2023-11-17,5598.9530,5631.4233,5632.3894,5593.4903,8942234200,101443839223.4000,0.768105,0.393318
2023-11-20,5635.5867,5659.7727,5669.3846,5609.2691,10310507200,119885024783.4000,0.885635,0.503414
2023-11-21,5669.1651,5641.0844,5696.0944,5634.2723,11486120500,126740611037.5000,0.986628,-0.330195
2023-11-22,5622.8615,5572.8986,5639.0036,5572.8986,10471840800,109971792008.8000,0.899503,-1.208736
2023-11-23,5566.7332,5622.9891,5627.7947,5548.9720,9804243200,101151204630.0000,0.842158,0.898823
2023-11-24,5619.3187,5570.4205,5619.3187,5556.7138,10124804400,100701104772.1000,0.869515,-0.934887
2023-11-27,5562.7486,5566.5069,5579.7151,5531.6548,9821865300,107690772117.8000,0.843490,-0.070257
2023-11-28,5561.5765,5591.4955,5594.7180,5529.5352,8937327200,98930980618.3000,0.767527,0.448910
2023-11-29,5588.7739,5553.3349,5593.3712,5547.8408,8950915100,96924084400.2000,0.768685,-0.682476
2023-11-30,5548.5240,5545.0504,5560.3283,5509.9646,8784150500,95350481599.1000,0.754364,-0.149181
2023-12-01,5541.2260,5566.8689,5576.7275,5521.0558,9337170800,107454844321.7000,0.801856,0.393477
2023-12-04,5578.4205,5559.0682,5590.8353,5559.0682,9930654300,119628388288.4000,0.852718,-0.140127
2023-12-05,5542.8669,5460.4088,5542.8669,5460.4088,9129824800,103824359571.7000,0.783952,-1.774747
2023-12-06,5448.4575,5481.8240,5513.0858,5443.0738,8837399700,102084528903.4000,0.758850,0.392190
2023-12-07,5475.2678,5481.1355,5501.4783,5443.2936,8904868700,103621973820.8000,0.000000,-0.012560
2023-12-08,5484.6829,5497.9897,5522.0575,5477.5286,11812377400,140788027712.1000,1.014189,0.307495
2023-12-11,5473.6514,5564.8538,5574.1237,5429.4430,11860591100,140631297822.3000,1.050108,1.216155
2023-12-12,5560.4355,5566.1778,5576.0089,5545.1624,8423233100,110639096839.0000,0.614772,0.023792
2023-12-13,5557.0463,5507.5128,5558.0572,5507.5128,7592989400,96464641302.3000,0.672267,-1.053955
2023-12-14,5532.9861,5489.3267,5557.3719,5487.7542,7411809700,89999982306.2000,0.656224,-0.330205
2023-12-15,5499.3692,5449.7864,5516.2199,5438.5282,8012541800,94631897359.6000,0.709420,-0.720312
2023-12-18,5436.9888,5385.2702,5448.0772,5374.5881,7802249300,88053828533.8000,0.690762,-1.183830
2023-12-19,5380.7346,5379.8735,5406.9585,5344.0325,7032372200,82191407660.2000,0.622584,-0.100212
2023-12-20,5385.9956,5309.2865,5388.4630,5308.5727,7538709700,86209163297.2000,0.667387,-1.312057
2023-12-21,5286.4531,5338.7620,5352.5049,5253.3152,8152231800,96981042377.4000,0.721699,0.555169
2023-12-22,5337.3807,5311.6902,5366.2345,5293.2193,9038700400,108918439607.9000,0.800174,-0.507080
2023-12-25,5301.5735,5315.3746,5339.6644,5288.4665,6591877200,81018151918.5000,0.583553,0.069364
2023-12-26,5312.7999,5258.2841,5313.9193,5238.0417,6753200700,80910364895.8000,0.597834,-1.074064
2023-12-27,5261.5699,5285.5301,5293.7973,5235.4559,7539791800,84253444705.4000,0.667467,0.518154
2023-12-28,5280.6904,5382.7966,5400.2364,5275.4028,10769923900,126896204801.3000,0.953399,1.840241
2023-12-29,5376.9768,5429.2288,5437.1538,5374.6877,9093176600,112533613054.4000,0.804966,0.862604
2024-01-02,5431.4784,5409.4554,5439.4778,5409.4554,9296474700,106839922689.4000,0.822288,-0.364203
2024-01-03,5398.2939,5401.3950,5428.5204,5373.8317,8670522900,99883598918.1000,0.766893,-0.149006
2024-01-04,5395.1428,5355.3216,5395.1428,5331.8920,7884656800,91011406056.3000,0.697372,-0.852991
2024-01-05,5347.0727,5281.8711,5373.6788,5260.5939,8953888400,101084569596.5000,0.791942,-1.371542
2024-01-08,5268.2339,5167.6997,5268.9787,5167.6997,8378515500,92792791379.5000,0.741035,-2.161571
2024-01-09,5176.1129,5180.6530,5220.4578,5152.9987,7874041800,90959823751.5000,0.696417,0.250659
2024-01-10,5167.7319,5158.0784,5211.8158,5118.4332,7117394600,84227807644.4000,0.629495,-0.435748
2024-01-11,5152.3590,5223.8633,5243.1387,5146.8978,8504129500,106151947191.7000,0.752144,1.275376
2024-01-12,5213.1356,5206.1780,5262.6165,5206.1607,7661983100,93271394880.1000,0.677659,-0.338548
2024-01-15,5189.5279,5193.2956,5238.9581,5171.2399,7392509700,88027788849.7000,0.653765,-0.247444
2024-01-16,5188.3692,5190.3975,5210.0834,5124.0823,8307037100,92337607304.7000,0.734642,-0.055805
2024-01-17,5180.9251,5061.5395,5180.9251,5061.5395,7874184900,87930639304.5000,0.696360,-2.482623
2024-01-18,5033.1032,5066.9579,5069.2295,4924.6815,11875105500,123436419725.2000,1.049405,0.107050
2024-01-19,5056.4765,5018.4332,5084.2902,5014.7667,7846738300,92039421274.4000,0.693415,-0.957669
2024-01-22,5008.6804,4780.9748,5008.7672,4753.6302,10970849200,115622857135.0000,0.968968,-4.731724
2024-01-23,4771.4963,4865.7430,4889.4223,4727.8806,9994471800,107808853142.3000,0.882732,1.773032
2024-01-24,4886.2037,4933.7009,4941.4403,4766.8035,11402580500,112683270494.8000,1.006833,1.396660
2024-01-25,4931.6273,5073.1779,5074.4943,4910.9591,13230776600,134822852027.2000,1.168260,2.827026
2024-01-26,5055.2878,5027.0932,5086.1290,5009.9729,11700983600,119232918977.8000,1.033181,-0.908399
2024-01-29,5032.1113,4927.9137,5050.1092,4927.9137,11687665700,117835011090.9000,1.031430,-1.972900
2024-01-30,4898.3613,4814.9908,4939.3511,4810.0990,9967581100,95474113525.6000,0.879633,-2.291495
2024-01-31,4786.8128,4696.9796,4832.4010,4690.9429,12109315800,116592536773.1000,1.068155,-2.450912
2024-02-01,4667.9126,4678.7308,4771.0465,4629.9901,11147191000,107508825587.6000,0.983286,-0.388522
2024-02-02,4686.0999,4563.2221,4724.0488,4435.5569,13750183200,124953077788.8000,1.212747,-2.468804
2024-02-05,4527.7091,4460.2635,4598.0608,4281.2399,16595833700,143547017412.4000,1.463692,-2.256270
2024-02-06,4411.2980,4805.9013,4817.1179,4405.3085,17305833500,156485198829.2000,1.526309,7.749269
2024-02-07,4813.9545,5109.5685,5110.8041,4813.2326,22719893400,212618286127.8000,2.003808,6.318632
2024-02-08,5131.8032,5150.2288,5367.2243,5129.7843,21367612300,212255665093.8000,1.884542,0.795768
2024-02-19,5225.1379,5141.6037,5225.1379,5074.7611,16294989300,172805832899.6000,1.437017,-0.167470
2024-02-20,5107.5677,5140.9575,5151.7201,5072.8837,12164637900,133242205643.5000,1.072721,-0.012568
2024-02-21,5101.4113,5139.0372,5252.8785,5074.8224,15087250100,155561259421.7000,1.330509,-0.037353
2024-02-22,5133.5478,5176.3431,5184.6228,5117.6799,11661480600,127546517889.3000,1.028396,0.725932
2024-02-23,5190.6466,5197.7115,5197.7115,5118.5680,13526500400,145442447176.8000,1.192868,0.412809
2024-02-26,5194.7370,5195.4642,5255.3615,5162.9504,14401894400,152600869381.9000,1.269885,-0.043236
2024-02-27,5174.8194,5307.8043,5307.8043,5160.8782,13897175100,157201596730.4000,1.225381,2.162273
2024-02-28,5311.4253,5184.0471,5383.3193,5184.0471,20256098500,214135426954.0000,1.786079,-2.331608
2024-02-29,5154.1487,5346.7929,5349.7678,5154.1487,16079016500,178975999913.2000,1.417753,3.139358
2024-03-01,5350.8566,5379.0482,5387.7839,5321.5587,14229839500,171103270101.0000,1.253306,0.603264
2024-03-04,5386.9441,5388.8200,5400.1227,5325.9642,14392846900,175906403369.0000,1.267662,0.181664
2024-03-05,5358.2206,5351.8268,5382.9834,5329.9702,14081647900,174282675002.5000,1.240251,-0.686481
2024-03-06,5332.8328,5350.1016,5405.4908,5293.9518,12109956400,146843351594.8000,1.066599,-0.032236
2024-03-07,5354.3337,5277.2988,5384.6567,5277.2988,13983134200,157442183149.0000,1.231584,-1.360774
2024-03-08,5282.4077,5349.5950,5361.7104,5268.5296,12146797800,144003562005.9000,1.069846,1.369947
2024-03-11,5342.1778,5441.0507,5443.0421,5339.2607,14298173200,173588864750.5000,1.259306,1.709582
2024-03-12,5445.8776,5423.7183,5473.2901,5385.1402,14707253600,178848761377.9000,1.141726,-0.318549
2024-03-13,5430.0437,5415.1126,5459.3222,5389.5251,12974630100,164526330861.1000,1.142712,-0.158668
2024-03-14,5415.1499,5392.9267,5447.5416,5352.1195,13188735700,157337167775.7000,1.161569,-0.409703
2024-03-15,5380.0190,5454.1463,5456.7336,5357.1797,13640503000,158718756617.2000,1.201307,1.135183
2024-03-18,5472.3147,5528.4470,5528.4470,5459.5453,15986263800,190794115131.3000,1.407584,1.362279
2024-03-19,5514.5500,5478.2248,5533.6390,5477.1172,14677724000,176661748327.6000,1.292367,-0.908432
2024-03-20,5469.6060,5493.4140,5499.2382,5455.7613,12627326200,157036230421.8000,1.111800,0.277265
2024-03-21,5505.6985,5465.8286,5517.4566,5454.2313,12948945800,159252387801.8000,1.139059,-0.502154
2024-03-22,5454.4143,5384.5656,5463.5407,5356.1080,13709602900,163185963748.5000,1.205924,-1.486746
2024-03-25,5369.7761,5294.7463,5401.5975,5292.6372,13077825400,156251665726.7000,1.150352,-1.668088
2024-03-26,5291.5227,5284.4188,5318.8757,5237.8993,11646811200,145296216679.9000,1.024439,-0.195052
2024-03-27,5280.7332,5156.6840,5282.6954,5156.6840,11010714200,129828707609.3000,0.968482,-2.417197
2024-03-28,5156.4803,5223.8060,5276.6382,5156.4803,11631819200,140612607112.3000,1.023104,1.301650
2024-03-29,5220.5524,5286.1612,5287.0376,5211.1946,10904714900,126574031377.1000,0.957881,1.193674
2024-04-01,5309.8325,5401.2249,5401.7799,5309.8325,13673485400,166553105409.3000,1.200305,2.176697
2024-04-02,5395.4811,5381.2291,5402.1597,5353.3119,13214864200,155779915085.8000,1.159370,-0.370209
2024-04-03,5373.5021,5374.5954,5386.3422,5350.1601,13362805300,154114398165.9000,1.172344,-0.123275
2024-04-08,5358.9565,5298.5912,5383.6587,5297.5590,14858855900,161260958590.0000,1.303506,-1.414138
2024-04-09,5294.4743,5342.8982,5342.8982,5284.9557,11330074500,133262737277.5000,0.993957,0.836203
2024-04-10,5335.7302,5275.4727,5335.7302,5242.8630,11790861800,132251020973.6000,1.034095,-1.261965
2024-04-11,5244.0544,5301.8094,5353.8091,5240.5101,12774514300,141290912857.4000,1.120349,0.499229
2024-04-12,5307.7225,5277.2190,5336.4477,5270.4618,11852493300,136145117631.0000,1.039383,-0.463811
2024-04-15,5270.0415,5339.7223,5376.0484,5219.4286,15921762400,169269295711.9000,1.396222,1.184398
2024-04-16,5309.1005,5191.5540,5346.7615,5184.6535,16258397300,168778499341.7000,1.425755,-2.774832
2024-04-17,5211.2486,5339.7467,5339.7467,5211.2486,14759455200,155660732929.5000,1.294308,2.854496
2024-04-18,5317.7986,5349.8361,5410.6963,5299.2288,15349768200,167338860159.0000,1.346065,0.188949
2024-04-19,5322.3588,5314.8667,5369.9543,5292.0162,14213421600,156010347135.9000,1.246523,-0.653654
2024-04-22,5289.4066,5267.5811,5340.6307,5264.1859,13526688200,150190436487.7000,1.184674,-0.889686
2024-04-23,5257.7660,5208.2712,5280.0593,5196.9550,12580112000,139018868110.2000,1.101668,-1.125942
2024-04-24,5210.1831,5263.0391,5263.0391,5183.7005,11729722000,139471094806.5000,1.027197,1.051556
2024-04-25,5240.4817,5259.3354,5297.1627,5229.8248,11083392900,127544603285.3000,0.970599,-0.070372
2024-04-26,5258.3847,5372.1209,5379.6707,5258.3847,17377770100,193788859192.2000,1.521849,2.144482
2024-04-29,5371.2122,5478.4908,5488.2776,5371.2122,19093605500,212148850246.6000,1.672129,1.980035
2024-04-30,5471.1676,5441.1411,5478.0353,5436.5752,16279734400,175143689576.2000,1.425828,-0.681752
2024-05-06,5498.4442,5528.6036,5535.9488,5496.9071,16579162600,187906843862.2000,1.451476,1.607429
2024-05-07,5532.3230,5527.0847,5543.1251,5507.5008,13653540200,162155744860.2000,1.194507,-0.027473
2024-05-08,5516.4477,5458.7559,5516.4477,5454.8735,12395562100,139472996786.3000,1.084438,-1.236254
2024-05-09,5461.3600,5556.7712,5568.7324,5461.3600,13112123000,153999870752.3000,1.147127,1.795561
2024-05-10,5562.1931,5535.3954,5570.5652,5497.4972,12868803000,144026969940.9000,1.125839,-0.384680
2024-05-13,5503.1286,5505.2595,5527.2001,5462.5075,13162758800,146159918962.1000,1.151269,-0.544422
2024-05-14,5508.4663,5500.7379,5538.7434,5484.9640,11899439900,132592062465.6000,1.040808,-0.082132
2024-05-15,5495.5571,5446.6557,5497.0842,5441.3548,11012498900,121525793558.0000,0.963227,-0.983181
2024-05-16,5461.1077,5424.6652,5475.3735,5408.1251,12210811900,133148761562.0000,1.068034,-0.403743
2024-05-17,5418.6575,5491.8944,5493.2007,5409.7047,12691616800,139244609264.9000,1.109690,1.239324
2024-05-20,5496.7904,5523.5013,5536.6620,5484.3580,14497144800,163572079873.3000,1.267128,0.575519
2024-05-21,5511.4838,5478.9131,5513.4235,5460.9750,10869119200,123832374658.6000,0.949412,-0.807245
2024-05-22,5472.0098,5468.6068,5486.3049,5455.0766,11305778200,126572719199.3000,0.987398,-0.188108
2024-05-23,5448.9403,5362.3053,5448.9403,5352.3934,12665756900,135749197020.0000,1.106136,-1.943850
2024-05-24,5348.5100,5313.4546,5400.1594,5311.4888,10656417500,117396142024.9000,0.930605,-0.911002
2024-05-27,5325.8508,5371.3693,5373.1116,5284.5055,11564322900,124785634504.8000,1.008232,1.089963
2024-05-28,5363.3300,5316.1286,5365.4730,5310.3183,11096537300,120979080988.0000,0.967423,-1.028429
2024-05-29,5308.5930,5328.3064,5361.7440,5305.9631,10436126700,112762595771.6000,0.909630,0.229073
2024-05-30,5316.3983,5308.6600,5349.6880,5296.4925,10735018700,114757614217.4000,0.935517,-0.368718
2024-05-31,5310.7218,5308.5403,5357.0210,5308.5403,10415114700,113019704335.1000,0.907638,-0.002255
2024-06-03,5300.7869,5274.0687,5316.3352,5232.6880,12696851500,129543758977.7000,1.106483,-0.649361
2024-06-04,5263.2256,5341.9496,5352.2839,5247.5837,10808314400,117835610768.9000,0.941903,1.287069
2024-06-05,5328.8678,5277.9405,5347.4297,5277.9405,10579275700,111608396273.0000,0.921886,-1.198235
2024-06-06,5291.5208,5228.8002,5305.8780,5213.6618,13336823100,135739981470.4000,1.162173,-0.931051
2024-06-07,5247.1462,5208.9798,5258.8180,5172.0505,11352747800,118553769519.2000,0.987642,-0.379062
2024-06-11,5182.4129,5217.4702,5232.8495,5159.3340,11643711600,119660626659.4000,1.012819,0.162995
2024-06-12,5209.1344,5232.9534,5245.9909,5205.5716,10306556900,111341271703.7000,0.896486,0.296757
2024-06-13,5231.9096,5194.5900,5233.7954,5182.7423,11823276400,123194241679.1000,1.028390,-0.733112
2024-06-14,5180.2887,5213.0927,5235.8781,5163.3840,13399862000,146009261400.6000,1.165485,0.356192
2024-06-17,5189.2840,5207.1280,5223.5894,5184.5987,10797066400,135704407617.0000,0.952306,-0.114418
2024-06-18,5207.9777,5230.8913,5243.5867,5204.9707,9409090300,120391272834.4000,0.828231,0.456361
2024-06-19,5235.4758,5168.8204,5236.3018,5168.8204,8784959000,111740529823.1000,0.773276,-1.186622
2024-06-20,5162.1609,5094.5653,5184.7470,5092.2867,9560900300,113062777426.7000,0.841576,-1.436597
2024-06-21,5079.9226,5102.3292,5128.1378,5071.6547,8383890700,98090349439.3000,0.737924,0.152396
2024-06-24,5072.8028,4992.9097,5078.9550,4986.7679,10018664600,113108464981.7000,0.881818,-2.144501
2024-06-25,4989.0713,4948.6343,5007.3355,4918.0393,9163677900,104683752506.4000,0.806438,-0.886765
2024-06-26,4942.1652,5020.4318,5024.7679,4915.6644,9339462100,102152255030.0000,0.821917,1.450855
2024-06-27,4998.9936,4928.0514,5000.1752,4925.1601,8853718700,97364975399.3000,0.778923,-1.840089
2024-06-28,4914.6693,4942.7817,5003.4091,4914.5467,10630834200,114743251798.9000,0.935263,0.298907
2024-07-01,4943.7867,5003.1608,5017.6099,4929.0871,9731279300,110821074065.9000,0.855533,1.221561
2024-07-02,5000.5757,4949.4771,5002.7424,4934.1169,9620933400,105902911013.0000,0.845705,-1.072996
2024-07-03,4945.3994,4910.9245,4950.5148,4905.3897,8452833100,96121126342.0000,0.742687,-0.778923
2024-07-04,4917.4414,4834.4982,4935.6055,4827.3420,9100846600,98771611006.7000,0.704908,-1.556251
2024-07-05,4828.8628,4866.2647,4877.9326,4794.1292,8313327900,93724633826.8000,0.730350,0.657080
2024-07-08,4857.0245,4783.6165,4857.2655,4768.5636,9025450000,96789200226.5000,0.792890,-1.698391
2024-07-09,4775.3131,4876.8990,4888.4822,4745.3165,11140196800,126704548339.3000,0.978670,1.950041
2024-07-10,4857.4830,4844.1624,4891.3725,4836.1700,10095318600,117244916014.0000,0.886872,-0.671259
2024-07-11,4902.8106,4939.7318,4941.7015,4871.1720,11527549400,133127527342.5000,1.012690,1.972878
2024-07-12,4926.9812,4919.3639,4937.3471,4905.7967,9717510600,115594261299.6000,0.853606,-0.412328
2024-07-15,4903.5161,4883.8971,4903.5161,4868.7430,8682431200,102734711417.3000,0.762649,-0.720963
2024-07-16,4877.6010,4898.3626,4907.8321,4850.4315,8726797800,113648284397.5000,0.766546,0.296188
2024-07-17,4893.4137,4856.5794,4900.3599,4853.6030,9690954700,117932902593.7000,0.851235,-0.853003
2024-07-18,4822.1303,4877.6916,4879.6927,4793.4294,9665475000,115283847816.1000,0.848997,0.434713
2024-07-19,4853.0422,4872.0532,4900.3787,4842.9297,9329074600,111989382468.3000,0.819436,-0.115596
2024-07-22,4872.6362,4865.9778,4885.3641,4839.1121,9271045800,110307683161.2000,0.814287,-0.124699
2024-07-23,4862.9705,4722.7994,4862.9705,4722.7994,10240371200,110578297603.3000,0.899417,-2.942438
2024-07-24,4712.2870,4668.0621,4738.7620,4661.8271,11267463500,103026731862.0000,0.989535,-1.159001
2024-07-25,4644.4217,4665.4488,4710.4627,4635.2440,8860007400,95885153870.2000,0.778106,-0.055983
2024-07-26,4670.4463,4736.3771,4744.4537,4670.4463,8647204900,94118612207.0000,0.759387,1.520289
2024-07-29,4740.4990,4708.8443,4742.1481,4702.9803,8110203900,90979232032.0000,0.712162,-0.581305
2024-07-30,4694.5247,4699.2820,4712.0417,4650.5592,8335338200,86181033613.6000,0.731862,-0.203071
2024-07-31,4694.7288,4886.4136,4887.9192,4687.0458,14318091900,146601666177.8000,1.257162,3.982132
2024-08-01,4893.8709,4852.9725,4928.2412,4834.6536,11321339300,119765528788.7000,0.994040,-0.684369
2024-08-02,4816.9369,4788.6159,4874.7114,4783.1150,9852984400,105654740577.4000,0.865111,-1.326127
2024-08-05,4756.0755,4693.8478,4846.5420,4693.8165,11333814800,123487463651.4000,0.994733,-1.979029
2024-08-06,4740.4539,4750.7760,4774.9279,4699.1769,10777477000,105286322238.1000,0.945905,1.212826
2024-08-07,4747.9803,4751.9408,4783.4202,4719.9380,9698948100,96834771203.2000,0.851245,0.024518
2024-08-08,4737.0927,4755.8149,4791.6592,4701.7856,10430925300,95364149202.0000,0.915445,0.081527
2024-08-09,4778.2568,4720.3104,4805.0992,4720.3104,10881958600,88057504682.2000,0.955014,-0.746549
2024-08-12,4716.9605,4714.1586,4737.1908,4696.0525,8910083200,76375856580.1000,0.781343,-0.130326
2024-08-13,4713.9598,4731.8353,4731.8353,4680.5879,8136517300,71101413451.5000,0.713504,0.374970
2024-08-14,4729.8146,4667.0731,4730.2369,4667.0731,7458803000,68308163886.2000,0.654073,-1.368649
2024-08-15,4656.6950,4698.3750,4746.4095,4647.7947,9097329300,83712897622.1000,0.797758,0.670697
2024-08-16,4703.6042,4670.3789,4708.0187,4662.1132,8737958000,81927269812.8000,0.766200,-0.595868
2024-08-19,4666.3308,4682.9628,4729.8742,4666.2577,8713686700,80742361426.1000,0.763933,0.269441
2024-08-20,4684.2948,4602.0095,4686.3633,4590.3913,9184614600,81351685184.9000,0.805220,-1.728677
2024-08-21,4589.0885,4587.1218,4610.8666,4582.2653,8352691000,74809964819.1000,0.732285,-0.323504
2024-08-22,4589.4956,4533.3695,4595.0496,4526.2499,8585686800,78202476718.8000,0.752612,-1.171809
2024-08-23,4523.9907,4537.0872,4549.3026,4513.2038,7577836400,71369991695.7000,0.664232,0.082007
2024-08-26,4542.8564,4544.3594,4558.5917,4523.7274,8711829600,84365247766.9000,0.763581,0.160283
2024-08-27,4532.4861,4495.2856,4532.4861,4487.0915,8252920500,78742868644.7000,0.723355,-1.079884
2024-08-28,4486.4311,4500.0088,4527.7686,4482.0324,8268119900,74244549232.7000,0.724642,0.105070
2024-08-29,4483.5534,4557.9006,4577.7919,4475.2228,10311556200,96829969885.4000,0.903525,1.286482
2024-08-30,4557.5014,4639.1144,4704.3407,4548.3827,15159336100,144749168233.3000,1.328295,1.781825
2024-09-02,4631.9003,4546.8832,4632.3107,4546.8393,12636851700,115893027848.1000,1.107193,-1.988121
2024-09-03,4543.2198,4596.4819,4612.2826,4543.2198,9858968600,92749159672.5000,0.863817,1.090829
2024-09-04,4567.6858,4582.0840,4623.3782,4552.3037,9243568500,88646018095.4000,0.809863,-0.313237
2024-09-05,4585.1677,4601.0911,4630.6388,4582.0535,8058372300,80148632780.7000,0.705936,0.414813
2024-09-06,4609.3419,4537.4544,4613.3097,4535.3486,9014759600,80215749103.2000,0.789712,-1.383078
2024-09-09,4517.5658,4507.1866,4541.7935,4487.8427,9194460800,81907584834.7000,0.805450,-0.667066
2024-09-10,4509.3236,4507.7074,4528.6691,4432.9128,9852954200,87011759811.7000,0.863135,0.011555
2024-09-11,4490.1867,4514.9158,4529.3452,4479.0306,8520684200,81707868059.9000,0.746439,0.159913
2024-09-12,4518.9882,4496.5919,4568.7462,4496.5919,8665430400,80916511375.5000,0.759122,-0.405853
2024-09-13,4500.3949,4450.9587,4509.0720,4450.9587,9253375700,85710614259.9000,0.810627,-1.014840
2024-09-18,4450.0890,4462.8701,4474.7220,4397.1610,9098968300,79102523647.7000,0.797100,0.267614
2024-09-19,4481.4635,4520.3939,4565.3899,4437.5363,11561186800,105405904204.6000,1.012712,1.288942
2024-09-20,4514.9598,4498.3901,4515.8064,4471.9438,9431204400,89084435754.7000,0.826079,-0.486767
2024-09-23,4495.7805,4494.6878,4545.5411,4483.1300,8993522700,85104838086.0000,0.787621,-0.082303
2024-09-24,4524.2214,4689.5964,4690.5736,4503.1245,17714470300,159947071682.9000,1.551358,4.336421
2024-09-25,4743.6343,4731.4755,4847.2034,4724.4301,20459351900,182209573751.3000,1.791743,0.893021
2024-09-26,4725.9960,4938.1839,4938.1839,4719.3492,22993032300,196122560309.1000,2.013389,4.368794
2024-09-27,5027.2644,5201.6656,5227.9577,5021.5148,23017750800,232646658012.5000,2.013860,5.335599
2024-09-30,5449.7889,5743.2170,5757.9213,5387.3380,38870320000,418784669568.5000,3.400506,10.411115
2024-10-08,6417.8142,6155.5817,6417.8142,5868.8525,49354642000,579263323621.8000,4.317539,7.180030
2024-10-09,6013.7015,5735.6410,6088.0804,5704.4779,43115641600,529447530363.7000,3.771401,-6.822112
2024-10-10,5768.6107,5690.8822,5875.9358,5597.4766,35348024500,390814224053.0000,3.091983,-0.780363
2024-10-11,5650.0488,5470.8133,5652.8520,5408.8696,24438337300,266749263112.0000,2.137214,-3.867044
2024-10-14,5503.6461,5608.1530,5623.9685,5408.3917,25060854100,279231292488.6000,2.191604,2.510407
2024-10-15,5578.2611,5472.5600,5661.0749,5471.8807,23899701900,276816614630.7000,2.089426,-2.417784
2024-10-16,5393.6657,5461.0877,5546.1764,5393.6657,20545092600,222425749319.4000,1.796306,-0.209633
2024-10-17,5499.7659,5418.9883,5541.0331,5417.8810,20276868500,234458932483.4000,1.772712,-0.770898
2024-10-18,5416.0319,5640.0198,5774.1408,5404.2035,28711421900,352062136787.1000,2.510105,4.078833
2024-10-21,5680.5648,5704.2250,5797.8808,5631.2316,26688518600,359965731439.6000,2.333203,1.138386
2024-10-22,5703.3196,5753.8497,5779.2983,5673.7901,23702362400,312584329119.8000,2.072158,0.869964
2024-10-23,5745.1069,5776.3830,5853.4555,5727.7736,27341264000,336167749458.4000,2.390286,0.391621
2024-10-24,5747.5577,5726.7041,5759.8651,5694.7789,20769004600,257232250889.5000,1.815711,-0.860035
2024-10-25,5735.2853,5809.6879,5855.2647,5729.4384,23672570800,299590180533.3000,2.069556,1.449067
2024-10-28,5816.3296,5883.7203,5883.7203,5787.4843,27065378700,312663682663.8000,2.366198,1.274292
2024-10-29,5903.3065,5812.5286,5917.2149,5807.2900,27537114300,332481504886.9000,2.406438,-1.209978
2024-10-30,5793.8326,5837.9338,5869.1113,5777.4300,25202127500,315956554496.2000,2.202436,0.437077
2024-10-31,5839.9766,5901.2904,5935.1827,5812.0324,31354920200,377454102584.7000,2.739877,1.085257
2024-11-01,5893.3192,5831.8217,5934.2031,5795.0805,36984064100,429257467070.0000,3.231803,-1.177178
2024-11-04,5835.3918,5928.9085,5928.9085,5835.3918,28655229400,342776867779.9000,2.504025,1.664777
2024-11-05,5925.8652,6111.9707,6119.2536,5910.8887,36634449200,441462863294.4000,3.201302,3.087621
2024-11-06,6134.9236,6125.7868,6204.5331,6081.8065,41518773700,502324104677.0000,3.628258,0.226050
2024-11-07,6061.7349,6239.5598,6240.7574,6049.5870,41841332300,465814955829.2000,3.656388,1.857280
2024-11-08,6306.7986,6222.4450,6333.6792,6206.2949,38564834700,470080201608.9000,3.370065,-0.274295
2024-11-11,6211.0328,6330.6152,6330.8046,6199.0563,33409692100,453328339552.7000,2.919573,1.738387
2024-11-12,6349.2295,6263.8830,6382.9784,6205.0988,33285691900,452685440809.0000,2.908206,-1.054119
2024-11-13,6234.1577,6259.8412,6282.2777,6162.8979,26040067300,347812976326.8000,2.275148,-0.064525
2024-11-14,6240.6093,6078.3051,6240.6093,6068.6584,23974313800,317335892174.5000,2.094671,-2.900011
2024-11-15,6055.5354,5924.4834,6093.4226,5924.3500,23622604200,309679795180.8000,2.062737,-2.530668
2024-11-18,5940.4862,5833.0358,5977.4919,5799.9082,28252722400,296423264134.4000,2.467052,-1.543554
2024-11-19,5836.6108,5936.6015,5936.9347,5776.2017,24140421500,262477730599.7000,2.107931,1.775503
2024-11-20,5920.3229,5992.3904,6015.2339,5909.1060,21734522400,261005441610.0000,1.897849,0.939745
2024-11-21,5973.1547,5985.3128,6009.6285,5937.8052,20619894100,252722313895.1000,1.800072,-0.118110
2024-11-22,5969.0753,5750.2457,5983.3393,5750.2457,22506673700,267675732292.4000,1.964814,-3.927399
2024-11-25,5754.5473,5735.6493,5774.8166,5662.0946,18600506000,215261571671.1000,1.621755,-0.253840
2024-11-26,5727.3734,5690.4792,5773.3559,5688.5764,14756286500,170186745318.8000,1.286581,-0.787532
2024-11-27,5669.5549,5804.9368,5805.6350,5603.9955,17531330200,204528721580.5000,1.528534,2.011388
2024-11-28,5802.7970,5757.5965,5826.4882,5749.2874,17218353700,204358289211.1000,1.501268,-0.815518
2024-11-29,5748.1665,5851.9385,5899.8730,5736.4093,20425554400,243571196943.7000,1.780920,1.638566
2024-12-02,5853.7053,5943.6245,5956.5981,5848.4235,23618130800,257212815525.1000,2.059272,1.566763
2024-12-03,5946.7352,5932.1207,5954.6607,5877.8012,20987050900,229346951926.7000,1.829025,-0.193549
2024-12-04,5929.4763,5879.2695,5940.8545,5850.9094,21599163400,234212942758.9000,1.882376,-0.890933
2024-12-05,5855.7419,5901.9859,5923.6243,5853.5270,19854223600,212251881677.0000,1.730200,0.386381
2024-12-06,5903.4988,5979.1970,6011.7691,5877.0434,26532953600,255600553068.3000,2.312220,1.308222
2024-12-09,5983.3343,5947.1089,6004.2343,5911.3619,28446220900,237294662391.5000,2.478557,-0.536662
2024-12-10,6132.2910,5992.0937,6141.0655,5982.5833,32052782300,324711288431.3000,2.792794,0.756415
2024-12-11,5973.3260,6047.1050,6051.4718,5972.2696,25388394100,250011474489.1000,2.212118,0.918065
2024-12-12,6048.7814,6100.3945,6107.7146,6023.2343,24365369000,258380795570.8000,2.122981,0.881240
2024-12-13,6065.9542,5988.2920,6065.9542,5988.2920,28632819800,307316221178.0000,2.494809,-1.837627
2024-12-16,5983.1598,5912.6014,5991.5772,5888.0426,21464744100,241790858877.2000,1.927008,-1.263976
2024-12-17,5896.9676,5848.1628,5924.6244,5837.2514,19310854700,204630242337.7000,1.733577,-1.089852
2024-12-18,5861.2624,5888.6162,5921.9798,5853.1628,18799629000,193282038369.0000,0.000000,0.691728
2024-12-19,5829.2631,5901.9155,5918.4895,5816.4729,19653119400,211287492264.4000,1.764316,0.225848
2024-12-20,5889.9460,5917.1751,5962.4154,5889.9460,17809039900,221132517265.6000,1.598727,0.258553
2024-12-23,5917.6939,5818.5510,5935.1523,5815.3415,17731548600,217347047187.5000,1.590430,-1.666743
2024-12-24,5827.1597,5895.2595,5897.1946,5827.1597,16736582400,196112525345.7000,1.500886,1.318344
2024-12-25,5896.4295,5840.2889,5897.5101,5796.6475,15727913200,191269446368.3000,1.410432,-0.932454
2024-12-26,5830.7212,5887.0605,5897.4827,5830.7212,14531944400,201723277582.2000,1.303179,0.800844
2024-12-27,5892.6943,5899.1665,5975.7919,5881.7173,17908549800,236680633735.7000,1.606004,0.205637
2024-12-30,5890.4633,5898.8840,5928.5718,5867.8538,15556558600,196182578970.3000,1.394848,-0.004789
2024-12-31,5902.0330,5725.7324,5905.4630,5725.7324,18215885500,217194009078.8000,1.633291,-2.935328
2025-01-02,5717.9157,5545.8174,5722.1107,5498.8216,19376315700,220078999057.0000,1.737333,-3.142218
2025-01-03,5552.7500,5427.8041,5581.3978,5419.7429,17407731000,187233075270.9000,1.560525,-2.127969
2025-01-06,5421.0653,5427.1007,5482.6253,5384.3326,14626565800,156743673376.1000,1.310726,-0.012959
2025-01-07,5429.1729,5484.6847,5485.5848,5405.1327,14506527800,159836326878.2000,1.299947,1.061045
2025-01-08,5462.3240,5461.5861,5501.6555,5326.9259,16384991500,181141237075.9000,1.468274,-0.421147
2025-01-09,5437.8128,5456.5863,5493.6799,5436.7036,12983262700,156798867820.6000,1.163442,-0.091545
2025-01-10,5449.0014,5369.2811,5496.3833,5369.2811,13017955300,159984103633.2000,1.166549,-1.599997
2025-01-13,5319.7013,5381.6974,5422.0115,5319.2741,11968293700,139406540969.0000,1.072488,0.231247
2025-01-14,5393.7630,5572.2722,5582.8350,5378.5875,17214286000,208083727936.2000,1.542397,3.541165
2025-01-15,5559.5785,5522.4590,5569.1895,5509.5757,13839324300,169060453013.4000,1.240074,-0.893948
2025-01-16,5546.6997,5545.6336,5633.8547,5508.9146,14931808500,182995873631.7000,1.337966,0.419643
2025-01-17,5524.2050,5587.2939,5621.9367,5519.4109,12669117400,164437435727.2000,1.133705,0.751227
2025-01-20,5621.9247,5614.3311,5665.1830,5598.1584,13571250700,173426107632.4000,1.214433,0.483905
2025-01-21,5639.6037,5633.9249,5642.9168,5573.5002,12649130000,170909135202.8000,1.131606,0.348996
2025-01-22,5606.8472,5607.0594,5618.5810,5567.7793,11537499600,158106585548.6000,1.032023,-0.476852
2025-01-23,5659.3685,5584.2548,5717.6887,5584.2548,16341998700,203633761249.2000,1.461782,-0.406712
2025-01-24,5570.4800,5649.9504,5660.4337,5570.4800,13943805800,180858845316.0000,1.247264,1.176443
2025-01-27,5660.4848,5589.3432,5676.0261,5589.3432,13654605600,163085841547.7000,1.221392,-1.072703
2025-02-05,5643.1747,5614.3872,5646.0366,5588.5558,15567414100,214999512244.8000,1.392402,0.448067
2025-02-06,5606.8707,5747.9012,5749.0232,5597.3246,18142819300,257122087039.6000,1.622740,2.378069
2025-02-07,5750.2887,5833.9883,5889.4279,5741.7326,23271886300,327949184790.5000,2.081497,1.497714
2025-02-10,5858.2425,5888.5509,5895.4055,5836.1713,20930090500,286253277530.5000,1.872041,0.935254
2025-02-11,5890.3732,5858.2805,5890.3732,5827.3777,18192050800,260281069640.5000,1.627043,-0.514055
2025-02-12,5841.3618,5940.5299,5940.5374,5841.3188,19544615500,285438865878.9000,1.748017,1.403985
2025-02-13,5938.2034,5898.2611,5957.5798,5889.6952,22828183900,313080162906.2000,2.041691,-0.711532
2025-02-14,5893.9342,5947.7960,5954.4770,5886.9501,21191426100,306627494264.1000,1.895316,0.839822
2025-02-17,5979.8446,5948.7197,5985.3644,5906.2661,23390168900,356940293723.8000,2.091965,0.015530
2025-02-18,5935.4993,5840.7112,5947.9342,5816.0511,21494148200,306905660928.8000,1.922017,-1.815660
2025-02-19,5834.9547,5943.8823,5945.3461,5831.4815,20529830500,313960331576.5000,1.835763,1.766413
2025-02-20,5941.5990,5957.5465,5977.7301,5920.5681,19820741100,305885399073.0000,1.772349,0.229887
2025-02-21,5969.6462,6057.0648,6061.8240,5943.1948,25231712800,396960769353.7000,2.256085,1.670458
2025-02-24,6057.3801,6044.9730,6079.0169,6007.1786,24381379800,382362648270.6000,2.180051,-0.199631
2025-02-25,5967.0367,5979.9653,6044.7559,5956.1761,20683395300,340316449158.0000,1.849394,-1.075401
2025-02-26,5990.2901,6051.7401,6055.8727,5973.8574,21086089800,327265336672.0000,1.885333,1.200254
2025-02-27,6050.1864,6028.9856,6064.4910,5940.3354,21665293000,328254761442.7000,1.937133,-0.375999
2025-02-28,5997.9175,5859.8708,6007.4724,5847.1512,20522381400,298290643729.1000,1.834906,-2.805029
2025-03-03,5875.9522,5885.7696,5964.2684,5851.5600,18502458100,266955659875.8000,1.654305,0.441969
2025-03-04,5845.4712,5937.6302,5943.0837,5843.4633,15392221100,231145314804.5000,1.375935,0.881118
2025-03-05,5937.1074,5950.7034,5955.8988,5892.5332,16307150000,241738025092.7000,1.457663,0.220175
2025-03-06,5980.3798,6047.7734,6062.5412,5972.6039,21304285200,320542701863.5000,1.904091,1.631236
2025-03-07,6029.3813,6013.7747,6067.3481,5989.3206,20743714900,301122130059.3000,1.853871,-0.562169
2025-03-10,6022.6814,6013.6191,6041.5219,5971.8131,17304433600,248513462299.4000,0.000000,-0.002587
2025-03-11,5944.4197,6044.9742,6044.9742,5942.9124,17385564300,245205106219.3000,1.553814,0.521401
2025-03-12,6068.3762,6040.4965,6098.2352,6038.8221,18476353700,267906301206.6000,1.651076,-0.074073
2025-03-13,6032.8545,5993.9670,6050.1782,5947.7816,19371071700,253622427436.4000,1.731029,-0.770293
2025-03-14,5993.9702,6099.9809,6099.9809,5978.5321,21924583400,289038080526.0000,1.959215,1.768677
2025-03-17,6119.6064,6108.0176,6129.8543,6098.5079,18431727300,250160671107.9000,1.647088,0.131750
2025-03-18,6126.0357,6133.3018,6161.2281,6114.2064,16602304300,236342189394.2000,1.482715,0.413951
2025-03-19,6117.4233,6101.4369,6128.2297,6076.5643,15389378000,218871992193.0000,1.374391,-0.519539
2025-03-20,6094.8426,6059.4859,6109.1829,6055.3811,14718786500,203849586195.9000,1.314502,-0.687559
2025-03-21,6038.9899,5971.9302,6071.0846,5951.7952,17410378500,225801003414.7000,1.554882,-1.444936
2025-03-24,5973.0466,5969.0789,5987.0606,5882.8780,16919243500,220094329255.6000,1.511020,-0.047745
2025-03-25,5969.4164,5946.9510,5993.9312,5929.6734,14748394800,192227014821.0000,1.317139,-0.370709
2025-03-26,5935.8537,5948.4986,5983.4739,5935.8537,13670211100,171695842016.5000,1.220801,0.026023
2025-03-27,5932.5165,5957.6017,6000.6615,5891.7664,13470890400,176590477346.0000,1.202997,0.153032
2025-03-28,5954.7297,5916.0314,5973.8015,5904.9159,13426192700,168899478619.3000,1.199011,-0.697769
2025-03-31,5886.9560,5857.7721,5908.3026,5802.4187,15425609000,189563392181.2000,1.377566,-0.984770
2025-04-01,5870.9424,5892.8502,5931.5038,5867.8480,13644860200,179327950524.9000,1.216865,0.598830
2025-04-02,5884.8925,5899.0865,5936.6467,5884.1126,11215996000,140642079451.3000,1.000243,0.105828
2025-04-03,5842.6167,5845.5045,5906.7057,5817.9662,13493862500,173662140191.8000,1.203383,-0.908310
2025-04-07,5523.9636,5287.0333,5587.8502,5212.6773,23652265600,267397400609.4000,2.109309,-9.553858
2025-04-08,5279.7566,5326.9140,5371.1834,5249.2318,22384066500,261875349400.4000,1.995398,0.754311
2025-04-09,5249.6841,5439.7716,5465.1449,5135.9655,24511802700,288257435803.9000,2.185207,2.118630
2025-04-10,5534.5590,5544.0646,5610.1895,5513.9544,21196303500,268666431276.5000,1.889015,1.917231
2025-04-11,5514.1880,5581.3184,5631.5954,5510.8949,16441166300,227659789695.8000,1.465213,0.671958
2025-04-14,5633.7792,5627.1375,5661.8049,5608.7297,15548707700,207470466690.5000,1.385656,0.820937
2025-04-15,5625.0005,5602.5340,5626.6770,5567.0271,12327370800,161900884812.5000,1.098528,-0.437229
2025-04-16,5589.7769,5556.8642,5592.6741,5492.6546,13253722400,163751037649.9000,1.181078,-0.815163
2025-04-17,5527.5905,5557.0105,5604.6198,5526.8881,11365238200,148283242243.4000,1.012790,0.002633
2025-04-18,5546.9666,5560.7207,5579.4791,5525.4046,11164425800,139804146811.9000,0.994889,0.066766
2025-04-21,5556.5126,5642.3805,5646.2179,5535.6994,12311188300,160264813233.9000,1.097079,1.468511
2025-04-22,5634.8936,5624.2090,5651.5541,5617.8786,12466668900,164464321326.5000,1.110538,-0.322054
2025-04-23,5647.9148,5634.9487,5670.2595,5614.7677,12700776400,177991292765.2000,1.131392,0.190955
2025-04-24,5633.0240,5605.8796,5651.5343,5583.4302,12269669600,157899194340.6000,1.092974,-0.515872
2025-04-25,5613.1407,5627.1804,5661.5869,5596.5266,14000080000,171933817273.4000,1.247346,0.379972
2025-04-28,5624.4166,5598.2951,5628.0778,5587.7857,13621809400,167616287077.3000,1.213643,-0.513317
2025-04-29,5583.7186,5604.9057,5622.0220,5571.2363,12674292700,158033003939.8000,1.129069,0.118082
2025-04-30,5604.6537,5631.8249,5647.7821,5603.1718,13838662100,181616584522.5000,1.232795,0.480279
2025-05-06,5668.8762,5740.3338,5740.3338,5666.4698,16277360600,217059975785.3000,1.450043,1.926709
2025-05-07,5805.6560,5750.2911,5819.2422,5713.2734,17101175700,227566204818.1000,1.523085,0.173462
2025-05-08,5731.7157,5773.8056,5783.7915,5724.9511,13614032200,187032631458.8000,1.212509,0.408927
2025-05-09,5770.4410,5721.7225,5770.4410,5705.1654,12393900700,178162276679.5000,1.103838,-0.902058
2025-05-12,5751.4372,5793.6743,5794.5161,5737.4622,13582436700,199426833721.2000,1.209692,1.257520
2025-05-13,5838.0341,5781.6683,5838.0341,5772.0723,13827108100,194252270526.7000,1.230884,-0.207226
2025-05-14,5778.0791,5799.1191,5835.4912,5750.5367,15627999400,188145126840.3000,1.391198,0.301830
2025-05-15,5786.7833,5715.2966,5786.7833,5715.2938,13516076800,165136693963.9000,1.203196,-1.445435
2025-05-16,5703.7354,5715.8491,5735.0121,5703.7354,11670913600,141882122895.5000,1.038951,0.009667
2025-05-19,5719.4381,5720.7949,5729.0703,5669.7208,11538493900,141098692009.1000,1.027162,0.086528
2025-05-20,5723.5055,5747.3670,5759.4582,5707.8101,11689661500,151751185853.6000,1.042434,0.464483
2025-05-21,5741.6885,5757.9225,5763.0788,5733.8275,11580454200,155147378006.4000,1.032688,0.183658
2025-05-22,5739.1909,5703.2797,5757.7946,5701.1614,10905772000,141620883824.3000,0.972477,-0.949002
2025-05-23,5697.1362,5653.0436,5738.0829,5653.0436,11436119800,148123602870.9000,1.019766,-0.880828
2025-05-26,5653.2063,5669.4609,5693.6250,5644.5794,9717098900,127343603493.8000,0.864928,0.290415
2025-05-27,5666.3027,5652.1454,5667.8710,5629.1343,9514936300,125275690002.2000,0.846940,-0.305417
2025-05-28,5651.8755,5637.2378,5660.4696,5628.4165,9490888300,119959827369.0000,0.844799,-0.263751
2025-05-29,5637.0633,5719.9101,5724.5185,5637.0633,11468248400,148095092966.2000,1.020808,1.466539
2025-05-30,5704.7710,5671.0723,5704.7710,5665.5177,10990070700,137670579253.9000,0.978016,-0.853821
2025-06-03,5653.6747,5694.8385,5710.4203,5653.2978,12285390300,159996843500.1000,1.093287,0.419078
2025-06-04,5696.5692,5739.0058,5744.4543,5696.5692,11619607700,150314940398.1000,1.032913,0.775567
2025-06-05,5741.0298,5769.9675,5778.0959,5719.5466,12522358400,174970104156.2000,1.112884,0.539496
2025-06-06,5768.3989,5762.0778,5771.7558,5750.6592,10821766000,148022372105.1000,0.962538,-0.136737
2025-06-09,5772.7792,5805.6543,5823.8990,5765.3547,12818861900,171482411225.9000,1.140035,0.756264
2025-06-10,5809.8283,5757.9921,5810.9224,5715.9712,13826918100,182980299992.1000,1.228659,-0.820962
2025-06-11,5758.5287,5792.9464,5818.5734,5758.5287,12371670700,161353672422.0000,1.099353,0.607057
2025-06-12,5780.9670,5799.9319,5808.8047,5766.5212,12561584600,165393538363.1000,1.116223,0.120586
2025-06-13,5783.1560,5740.2397,5794.6698,5728.2114,16761337400,216010351562.9000,1.488143,-1.029188
2025-06-16,5725.0029,5767.8083,5775.9487,5725.0029,12824265800,170989175829.1000,1.149179,0.480269
2025-06-17,5772.2960,5750.9122,5776.6325,5734.8290,12152662400,160121673881.7000,1.088983,-0.292938
2025-06-18,5740.1556,5745.8714,5753.7124,5709.8031,11270384400,154540142782.6000,1.009921,-0.087652
2025-06-19,5733.8068,5676.8317,5750.4643,5660.0504,12553113400,162657974788.2000,1.124335,-1.201553
2025-06-20,5669.0901,5639.5130,5688.7362,5636.7846,10179476600,135042595005.9000,0.911587,-0.657386
2025-06-23,5613.2813,5674.1704,5684.3973,5613.2813,11160180200,146034994434.9000,0.995938,0.614546
2025-06-24,5683.4622,5765.8373,5766.0189,5683.4622,14208225600,191935453604.6000,1.267947,1.615512
2025-06-25,5777.7404,5862.5529,5866.5246,5776.1237,18463231000,239260448527.5000,1.647658,1.677390
2025-06-26,5868.2924,5838.2454,5885.2508,5835.3395,18016416300,235223723201.8000,1.607784,-0.414623
2025-06-27,5850.4252,5863.7282,5905.6962,5839.5775,19938972500,243302989299.7000,1.778934,0.436480
2025-06-30,5877.6748,5915.3876,5918.3068,5872.2251,16627514700,226516690563.4000,1.482713,0.880999
2025-07-01,5915.8043,5934.6700,5936.9237,5890.1140,15419236500,213595657433.4000,1.374930,0.325970
2025-07-02,5922.5407,5892.9505,5922.5407,5873.8918,16250048500,194981070907.2000,1.449427,-0.702979
2025-07-03,5896.2403,5922.6600,5929.7268,5885.9430,13007004600,174689067393.9000,1.159981,0.504153
2025-07-04,5917.7530,5911.4352,5969.3028,5889.7303,16494106000,211373135686.2000,1.470964,-0.189523
2025-07-07,5901.4018,5900.4056,5910.8036,5889.6023,13720736200,165759099335.8000,1.223605,-0.186581
2025-07-08,5903.1017,5977.7437,5979.6273,5903.1017,16868114200,216966438897.8000,1.504069,1.310725
2025-07-09,5980.6451,5953.4871,5992.1349,5940.1761,16491440200,207864435842.8000,1.470443,-0.405782
2025-07-10,5950.9657,5983.0505,6000.6858,5942.2901,17624260700,207636636985.2000,1.571442,0.496573
2025-07-11,5985.8236,6027.0789,6057.6225,5963.2571,22236309800,263484519394.2000,1.982785,0.735885
2025-07-14,6033.1782,6020.8585,6042.8856,6011.6872,18927744400,226290847208.0000,1.687566,-0.103208
2025-07-15,6018.6274,6018.7583,6049.7867,5973.7969,18973623400,246076758437.0000,1.691695,-0.034882
2025-07-16,6019.5765,6017.1947,6061.1990,5997.1633,14861006200,213065134852.4000,1.325010,-0.025979
2025-07-17,6013.7141,6082.4644,6082.4644,6013.0436,14969265800,235042939349.0000,1.334723,1.084720
2025-07-18,6092.2296,6099.6104,6112.1098,6073.6384,15315220400,236482711042.0000,1.366686,0.281892
2025-07-21,6115.0255,6161.3086,6162.4401,6110.9880,20735050700,272008062680.9000,1.848822,1.011511
2025-07-22,6166.6164,6213.4072,6215.4058,6152.8142,24621164200,313661670874.1000,2.194034,0.845577
2025-07-23,6218.2069,6196.7577,6256.1516,6187.0121,25837789600,311060238982.0000,2.302456,-0.267961
2025-07-24,6197.8532,6293.5984,6293.5984,6197.8532,26835556400,320187942645.6000,2.391067,1.562764
2025-07-25,6297.6255,6299.5908,6311.1687,6276.4156,23705532800,304368073044.4000,2.112200,0.095214
2025-07-28,6305.2247,6323.4198,6329.0304,6271.9300,21444826700,305210098011.3000,1.910425,0.378263
2025-07-29,6308.1228,6356.1327,6356.1497,6272.3139,20175762900,292526917595.6000,1.797371,0.517329
2025-07-30,6345.3737,6314.6873,6368.2693,6269.5128,21212841100,304778465291.6000,1.904191,-0.652054
2025-07-31,6297.9122,6226.3432,6322.0651,6206.1902,22421423700,322273638101.9000,2.012682,-1.399026
2025-08-01,6221.0505,6213.2014,6253.6575,6177.4781,16590719100,254479551590.7000,1.489279,-0.211068
2025-08-04,6190.3443,6261.7313,6261.9617,6187.6219,14859148000,236649250157.6000,1.333824,0.781077
2025-08-05,6277.0114,6303.2359,6303.2359,6272.5062,15420666500,235654712149.9000,1.384030,0.662829
2025-08-06,6298.9291,6357.3769,6357.5899,6293.2247,16602763800,263770937890.4000,1.490051,0.858940
2025-08-07,6356.3322,6337.5425,6366.2138,6299.4929,17044640000,274900586379.3000,1.529703,-0.311990
2025-08-08,6324.1746,6323.4999,6351.3348,6308.1478,17250752600,259175300068.3000,1.548200,-0.221578
2025-08-11,6335.4267,6391.7595,6404.8331,6335.4267,17490919900,277034087552.0000,1.569754,1.079459
2025-08-12,6392.4021,6418.1595,6418.1595,6360.1093,16835191800,290495345645.2000,1.510979,0.413032
2025-08-13,6422.7889,6508.0978,6514.4558,6422.2147,21602242300,353506820818.3000,1.924103,1.401310
2025-08-14,6509.2085,6429.8462,6519.7938,6411.9209,22895316800,367959844603.9000,2.039265,-1.202373
2025-08-15,6417.3889,6568.5700,6570.4994,6417.3889,24521724000,381378599737.4000,2.182057,2.157498
2025-08-18,6612.9878,6668.1726,6709.7812,6580.4373,30244822900,491491240868.3000,2.688062,1.516351
2025-08-19,6663.1570,6655.3105,6707.1139,6631.1193,25283927600,444629213612.5000,2.247028,-0.192888
2025-08-20,6623.6138,6728.0692,6728.0692,6598.5506,24423390700,409671381116.0000,2.170551,1.093243
2025-08-21,6739.6899,6704.1657,6767.3225,6673.0608,24254016400,404122614402.8000,2.155483,-0.355280
2025-08-22,6704.0297,6822.8469,6823.3626,6704.0297,25678382000,446681185868.5000,2.281907,1.770261
2025-08-25,6886.2682,6951.8955,6967.7963,6863.9322,33382894500,574922701236.5000,2.966592,1.891419
2025-08-26,6928.2862,6964.0653,7008.9627,6910.4055,28153238200,490812217440.6000,2.502065,0.175057
2025-08-27,6964.7697,6862.5624,7074.6302,6862.5624,32806018300,583863938867.0000,2.915514,-1.457524
2025-08-28,6858.5028,7011.1602,7011.1602,6798.9335,30806178600,563651749090.8000,2.737761,2.165340
2025-08-29,7030.2741,7043.9416,7078.9230,6990.7532,28091581400,523041433984.9000,2.497470,0.467560
2025-09-01,7087.7337,7110.2882,7110.6870,7038.3444,28590831100,536161179931.4000,2.541862,0.941896
2025-09-02,7108.9446,6961.6894,7108.9446,6909.7234,29403653900,541493734529.3000,2.614813,-2.089912
2025-09-03,6988.0205,6868.4615,7003.2681,6846.1814,25908326600,449579909558.7000,2.301057,-1.339156
2025-09-04,6884.3577,6698.4474,6906.6919,6607.9849,27034189400,471991424482.0000,2.401147,-2.475286
2025-09-05,6709.1450,6913.9532,6919.3360,6678.5997,24085745700,431958521699.5000,2.139271,3.217250
2025-09-08,6927.4071,6992.1169,6995.7178,6896.6601,24417430400,455360584113.9000,2.164494,1.130521
2025-09-09,6959.9373,6928.9651,6999.7308,6895.5091,22584355700,394761613186.2000,2.001645,-0.903186
2025-09-10,6911.1119,6932.1092,6977.7671,6870.4039,18992286700,359667340648.0000,1.682970,0.045376
2025-09-11,6924.3036,7122.7051,7123.0523,6889.5863,24395106100,469498304002.7000,2.161768,2.749465
2025-09-12,7115.6102,7147.7489,7200.1556,7112.4216,26656750800,499359865690.2000,2.361144,0.351605
2025-09-15,7170.4123,7137.3627,7174.8905,7126.8293,23826572400,441828732816.1000,2.110438,-0.145307
2025-09-16,7152.1887,7190.9928,7195.4246,7080.4270,24234918300,435210189393.5000,2.146607,0.751399
2025-09-17,7184.2638,7260.0353,7265.3931,7159.6665,25826444900,445549244676.8000,2.286653,0.960125
2025-09-18,7248.2786,7199.8828,7350.9772,7115.6308,34858954100,604238742366.8000,3.086385,-0.828543
2025-09-19,7200.6920,7170.3488,7231.9992,7142.0610,27150719300,450654116274.6000,2.403885,-0.410201
2025-09-22,7182.8876,7225.1281,7225.8581,7143.0754,23185806900,421916002388.8000,2.052596,0.763970
2025-09-23,7240.8466,7180.7137,7250.8156,7045.5606,28128363400,495068970675.9000,2.489994,-0.614721
2025-09-24,7140.3128,7323.7093,7327.0207,7133.4321,24006493800,477262274280.4000,2.125122,1.991384
2025-09-25,7325.6602,7341.3238,7379.6109,7312.3508,23617503000,493046787219.8000,2.096660,0.240513
2025-09-26,7311.8433,7240.9114,7351.7931,7237.0459,21144414800,430197601817.0000,1.876042,-1.367770
2025-09-29,7251.5221,7350.5599,7377.2217,7216.7357,23353941800,433864489694.5000,2.071976,1.514291
2025-09-30,7372.5240,7412.3684,7428.0307,7372.0634,22070750200,444956374594.1000,1.958155,0.840868
2025-10-09,7470.0474,7548.9226,7559.0920,7437.3242,28313078400,535756806831.8000,2.511265,1.842248
2025-10-10,7499.3917,7398.2241,7509.1161,7373.9841,26225664600,502127435137.5000,2.325955,-1.996291
2025-10-13,7135.1040,7376.5636,7391.8246,7135.1040,25802781700,473285532818.8000,2.286884,-0.292780
2025-10-14,7434.1149,7194.8509,7459.0156,7166.0822,27735887300,505838515442.6000,2.458197,-2.463379
2025-10-15,7205.7367,7294.0014,7294.0014,7153.4185,21755977700,397458970801.8000,1.928180,1.378076
2025-10-16,7269.2587,7231.5336,7305.9472,7206.4433,19493637000,359837530025.8000,1.727668,-0.856427
2025-10-17,7226.4214,7016.0661,7254.5786,7009.8906,20004411300,348113892817.2000,1.767871,-2.979555
2025-10-20,7092.8836,7069.6412,7129.9939,7033.3835,17683419200,314675076901.6000,1.561269,0.763606
2025-10-21,7095.6159,7185.6240,7193.7300,7082.2995,20597382900,344991294992.6000,1.818647,1.640575
2025-10-22,7135.2084,7128.4776,7166.5571,7101.8265,16974325400,286200266692.2000,1.498742,-0.795288
2025-10-23,7108.8545,7142.9536,7153.6555,7022.2945,18893373200,286304409856.4000,1.668184,0.203073
2025-10-24,7175.9233,7258.5343,7258.5343,7174.3510,19532393300,366061817471.7000,1.724606,1.618108
2025-10-27,7336.2041,7379.3941,7391.2121,7302.0165,23205182100,471762068046.1000,2.048893,1.665072
2025-10-28,7344.4539,7341.0304,7404.7560,7308.2722,20211846300,422068633884.5000,1.784552,-0.519876
2025-10-29,7350.7566,7480.9666,7480.9666,7350.7566,22384413300,443141380250.4000,1.976064,1.906220
2025-10-30,7462.4326,7385.7109,7463.6529,7375.2391,24341203600,473832269828.3000,2.148789,-1.273307
2025-10-31,7385.7423,7331.0031,7430.8564,7331.0031,23204167600,434918176654.6000,2.048142,-0.740725
2025-11-03,7327.1200,7333.6013,7336.5108,7214.8331,22168706000,390397102165.8000,1.956813,0.035441
2025-11-04,7315.1888,7210.8253,7323.7044,7167.3474,19332584200,326392392688.4000,1.706471,-1.674157
2025-11-05,7098.9557,7229.3410,7257.8400,7098.9557,19558024300,311844646147.3000,1.726138,0.256776
2025-11-06,7243.1959,7345.7230,7352.1766,7243.1959,20172296700,352809569430.2000,1.780310,1.609856
2025-11-07,7307.2959,7327.9108,7371.4378,7285.8192,19292057800,336398935520.3000,1.702094,-0.242484
2025-11-10,7357.3392,7343.8017,7384.7854,7289.7682,20450133000,371310636981.7000,1.804263,0.216854
2025-11-11,7364.9251,7291.6084,7379.8060,7281.9746,19166031300,338597660848.1000,1.690798,-0.710712
2025-11-12,7264.7920,7243.2483,7305.8564,7187.8685,18550701000,313840341324.2000,1.636410,-0.663230
2025-11-13,7243.6400,7355.2911,7366.4121,7243.6400,19989023000,339596060555.8000,1.763046,1.546858
2025-11-14,7283.6993,7235.4617,7329.5958,7235.4617,20586491000,310485059932.4000,1.815743,-1.629159
2025-11-17,7248.9216,7235.3512,7262.3306,7202.5932,20305060200,310823159399.7000,1.787040,-0.001527
2025-11-18,7215.0302,7151.0176,7230.5416,7118.4085,20221412100,306540024621.6000,1.779820,-1.165577
2025-11-19,7141.2641,7122.7465,7178.1495,7086.1232,16278660200,256755086038.0000,1.432790,-0.395344
2025-11-20,7174.1046,7061.9497,7180.7320,7056.9003,15961874600,254158167502.1000,1.408721,-0.853558
2025-11-21,6955.7485,6817.4103,6986.7784,6817.4103,20893338400,310968718151.3000,1.842747,-3.462775
2025-11-24,6856.7546,6868.9664,6905.9229,6797.4956,16636391300,270213254389.5000,1.467207,0.756242
2025-11-25,6915.1233,6954.6034,7018.4695,6912.3198,16271253000,289204914941.8000,1.435006,1.246723
2025-11-26,6946.0812,6965.0453,7024.8824,6936.8765,14894352600,274858341724.5000,1.313572,0.150144
2025-11-27,6970.7329,6951.2844,7045.8447,6943.4443,13784110300,253013152924.5000,1.215624,-0.197571
2025-11-28,6947.2369,7031.5505,7031.7124,6941.4833,14021118400,243255194578.2000,1.236443,1.154695
2025-12-01,7053.8471,7101.8323,7101.8323,7040.8033,17897343200,308533693613.8000,1.578266,0.999521
2025-12-02,7084.7990,7040.3008,7085.3031,7022.6102,14951819700,247360273405.6000,1.318483,-0.866417
2025-12-03,7044.8568,6996.3552,7064.1600,6975.0888,15783886700,251308651462.9000,1.391767,-0.624201
2025-12-04,7001.6423,7012.8061,7039.7157,6958.6322,14103833800,239912559988.0000,1.243569,0.235135
2025-12-05,7008.6492,7097.8389,7104.0208,6965.8064,16873827400,275108399690.5000,1.487816,1.212536
2025-12-08,7119.0510,7172.3671,7193.7230,7114.3234,19261175000,347244592783.5000,1.698229,1.050013
2025-12-09,7150.9729,7121.3256,7185.1071,7103.8325,16690106600,305522303623.1000,1.471555,-0.711641
2025-12-10,7111.5705,7155.9944,7171.9733,7070.4751,15396782700,280495257218.4000,1.357524,0.486831
2025-12-11,7171.2079,7082.8932,7179.4249,7082.8932,18184855400,300744575886.1000,1.603347,-1.021538
2025-12-12,7088.1001,7169.7910,7187.0997,7063.8407,19840247300,373144936682.2000,1.749284,1.226869
2025-12-15,7121.3805,7113.9620,7177.1541,7110.6781,17217406400,301023637030.3000,1.550084,-0.778670
2025-12-16,7101.6696,7001.3188,7102.7717,6962.6451,17206587400,284968704393.8000,1.546692,-1.583410
2025-12-17,7002.5064,7137.8339,7160.7763,6988.8710,17441313600,302410118522.7000,1.567789,1.949848
2025-12-18,7096.9815,7100.8359,7172.9624,7094.5396,15489612300,275510779270.5000,1.388299,-0.518337
2025-12-19,7124.4045,7169.5511,7197.0681,7117.1583,17884314600,292738015322.5000,1.602928,0.967706
2025-12-22,7205.4890,7255.6607,7277.3860,7205.4890,17824288100,327207674824.3000,1.597517,1.201046
2025-12-23,7257.9076,7256.7864,7297.7034,7228.7225,17347600200,328559029521.9000,1.553010,0.015515
2025-12-24,7257.6150,7352.0396,7362.5704,7247.4054,16883771300,331930929314.7000,1.511422,1.312609
2025-12-25,7341.9223,7410.7119,7426.1367,7334.3404,16841420100,336366985228.8000,1.507592,0.798041
2025-12-26,7422.6014,7458.8386,7484.9158,7397.4255,19927688400,386914288411.3000,1.783865,0.649421
2025-12-29,7467.5042,7430.6147,7491.6926,7411.4472,19884433800,390446087065.9000,1.779391,-0.378395
2025-12-30,7390.1398,7458.9360,7495.0606,7389.8691,19620361500,407623516139.8000,1.755616,0.381143
2025-12-31,7473.7519,7465.5742,7488.0663,7435.0664,19442774300,380369638018.7000,1.739707,0.088997
2026-01-05,7523.8754,7651.1981,7651.2383,7523.2477,25185386300,504690493732.0000,2.252227,2.486398
2026-01-06,7663.9415,7814.1356,7814.6506,7663.6621,31312510200,571675102991.1000,2.800144,2.129568
2026-01-07,7838.9115,7875.0822,7909.6559,7828.3941,29390344000,582740692942.6000,2.628190,0.779953
2026-01-08,7853.2089,7894.5447,7938.5946,7849.0679,29356173500,564453373682.6000,2.625135,0.247140
2026-01-09,7907.8485,8056.6858,8064.7584,7907.8485,31462467400,631145879411.5000,2.813454,2.053837
2026-01-12,8141.6262,8249.1275,8261.3544,8103.2382,33523628600,685824116976.6000,3.005573,2.388596
2026-01-13,8270.4224,8143.2800,8270.4224,8106.6099,36413103300,735218804688.9000,3.271263,-1.283136
2026-01-14,8165.3520,8227.6970,8368.2215,8123.4045,42276600200,815959272095.4000,3.797997,1.036646
2026-01-15,8170.3486,8223.2683,8249.0307,8148.7884,31359583000,600802134839.4000,2.822101,-0.053827
2026-01-16,8241.6934,8232.6740,8292.7409,8204.5254,28197904200,616185542296.4000,2.551000,0.114379
2026-01-19,8199.4986,8287.9470,8318.3703,8195.0890,26149738200,560926083767.2000,2.364871,0.671386
2026-01-20,8307.6416,8247.8049,8342.8738,8142.1424,28986446000,588171478668.1000,2.621410,-0.484343
2026-01-21,8196.5565,8340.1133,8351.4545,8196.5565,24330438100,517592184757.5000,2.188796,1.119187
2026-01-22,8355.6781,8387.5950,8396.1328,8337.1950,26880524300,546138129653.9000,2.418154,0.569317
2026-01-23,8422.3561,8590.1659,8590.1659,8417.7520,31969006900,639421447042.0000,2.870071,2.415125
2026-01-26,8624.8883,8506.6932,8671.3461,8453.4762,34928559700,692104522399.7000,3.131396,-0.971724
2026-01-27,8464.6504,8548.9321,8581.1049,8368.1751,30285260600,610885915269.2000,2.715017,0.496537
2026-01-28,8565.3388,8601.1644,8633.1468,8526.5335,31177425700,612731517849.5000,2.794963,0.610980
2026-01-29,8584.6806,8517.8429,8658.9445,8503.0945,35419838700,666256871148.3000,3.169831,-0.968723
2026-01-30,8439.6524,8370.5203,8496.3367,8194.5842,32894717000,600497374470.5000,2.943532,-1.729576
2026-02-02,8279.7152,8037.0456,8324.4341,8032.3500,29964602200,546055656717.8000,2.681335,-3.983918
2026-02-03,8135.8699,8286.7005,8286.7005,8075.3738,27222713600,543264486191.1000,2.435983,3.106302
2026-02-04,8270.8420,8299.0574,8309.8579,8179.3522,26886027700,501886746835.7000,2.405849,0.149117
2026-02-05,8203.0627,8146.1073,8224.7847,8081.4283,23184051500,435277701063.7000,2.074584,-1.842982
2026-02-06,8054.2180,8146.4128,8247.2968,8014.6599,21864214400,418373434780.9000,1.956480,0.003750
2026-02-09,8280.1088,8311.2829,8313.4692,8229.0026,21166756600,427982319251.6000,1.893429,2.023837
2026-02-10,8318.5325,8306.4448,8331.9858,8258.1519,19580622000,394283311159.0000,1.751514,-0.058211
2026-02-11,8295.3326,8325.8107,8373.5033,8295.1223,20401970300,388612429404.3000,1.824968,0.233143
2026-02-12,8342.3650,8423.5695,8437.4202,8341.7705,21213831800,438320451204.1000,1.897590,1.174166
2026-02-13,8366.3327,8299.5850,8419.7618,8290.8388,20278572500,406320461061.6000,1.813924,-1.471876
2026-02-24,8403.3106,8392.9098,8444.1283,8328.5678,22462927800,449713840344.2000,2.014723,1.124451
2026-02-25,8412.0800,8527.5593,8551.5345,8401.5965,27789338900,506848669829.3000,2.492454,1.604324
2026-02-26,8542.8324,8557.2160,8582.7633,8490.9215,25411176500,513984663150.7000,2.279093,0.347775
2026-02-27,8499.7957,8658.4503,8658.4503,8499.7957,28036116700,512821943080.7000,2.514520,1.183028
2026-03-02,8585.8534,8658.3336,8683.9816,8551.4601,33903229600,619505358994.6000,3.053014,-0.001348
2026-03-03,8651.0600,8281.6139,8654.5678,8267.1091,34615390600,634660475372.6000,3.116810,-4.350949
2026-03-04,8167.9811,8248.9450,8377.1743,8167.9811,27210771400,471470145318.9000,2.450090,-0.394475
2026-03-05,8383.5464,8309.1713,8391.0367,8251.1062,25634345400,472940762598.8000,2.308014,0.730109
2026-03-06,8273.1829,8360.3347,8394.3341,8258.6447,23451496000,427695132113.2000,2.111506,0.615746
2026-03-09,8234.1927,8279.4811,8305.9247,8066.1408,28651851000,523828528067.1000,2.572778,-0.967110
2026-03-10,8341.1447,8410.3030,8412.9325,8330.9345,23994135800,465082278986.8000,2.154541,1.580074
2026-03-11,8419.3105,8403.3296,8439.6188,8379.0332,26448738900,495752480830.4000,2.374917,-0.082915
2026-03-12,8396.7222,8359.4721,8433.0374,8290.5879,28243650400,478413662733.3000,2.536087,-0.521906
2026-03-13,8317.7799,8239.7980,8371.7157,8217.9686,28813099000,482367288675.4000,2.586600,-1.431599
2026-03-16,8227.6932,8185.1520,8233.6551,8060.7824,25620598200,460796897377.5000,2.289856,-0.663196
2026-03-17,8199.9926,8016.0262,8207.4607,8016.0020,23013280000,406247342906.9000,2.059690,-2.066251
2026-03-18,8044.9186,8096.4276,8105.9551,7958.4504,20649392300,391242647481.5000,1.848122,1.003008
2026-03-19,7975.8477,7877.0900,8000.4297,7844.1519,21974486600,394855039942.2000,1.966920,-2.709066
2026-03-20,7913.4854,7760.0365,7941.5857,7757.8333,21944878800,417113691310.9000,1.964270,-1.485999
2026-03-23,7623.2446,7440.7451,7708.4298,7399.0423,27156102400,451938508509.5000,2.427131,-4.114561
2026-03-24,7555.0818,7597.3732,7597.3732,7379.8608,22896641800,388538162383.5000,2.046466,2.105006
2026-03-25,7660.4009,7767.6654,7806.9106,7660.4009,24071155400,423378163951.9000,2.151435,2.241462
2026-03-26,7757.0185,7642.1302,7777.2900,7620.7773,20621612600,355916679311.1000,1.843238,-1.616125
2026-03-27,7539.1959,7737.6144,7785.3777,7539.1959,18820506600,344204684320.8000,1.693552,1.249445
2026-03-30,7655.1534,7753.7234,7766.1107,7610.5492,19783856900,361442205072.7000,1.780215,0.208191
2026-03-31,7740.5787,7617.3262,7788.8928,7617.3262,19908603500,376502133010.5000,1.791438,-1.759119
2026-04-01,7764.3363,7750.0924,7778.9878,7689.5897,17596067000,354799494800.9000,1.583124,1.742950
2026-04-02,7726.4451,7605.2932,7740.0952,7562.2104,17208487300,325589868202.8000,1.547940,-1.868354
2026-04-03,7636.6633,7534.9380,7640.8412,7518.3455,15163735600,283332454878.6000,1.364010,-0.925082
2026-04-07,7562.1371,7571.1106,7630.1357,7529.3992,14696135700,279371106677.1000,1.321951,0.480065
2026-04-08,7741.6345,7945.1527,7945.1527,7741.6345,23193661200,460383859320.9000,2.086322,4.940386
2026-04-09,7865.2051,7898.6329,7947.6782,7845.9575,19055565000,398032241410.3000,1.714088,-0.585512
2026-04-10,7958.8149,7969.3646,8070.6482,7953.4969,20340435100,433921803732.1000,1.822445,0.895493
2026-04-13,7917.9194,7967.6970,7990.9809,7917.9194,19494869500,409703666198.3000,1.735096,-0.020925
2026-04-14,8039.0737,8088.5687,8088.5687,8002.6484,21429567200,460131213095.0000,1.907182,1.517022
2026-04-15,8144.8093,8044.0773,8150.6220,8020.8680,20365606600,456985404068.8000,1.812002,-0.550053
2026-04-16,8068.1536,8180.0815,8189.1751,8056.7810,18845568300,429996215501.7000,1.676741,1.690737
2026-04-17,8155.3958,8214.1939,8230.1072,8149.9380,19157884000,453410855651.4000,1.704533,0.417018
2026-04-20,8223.5842,8290.0224,8310.9444,8214.2626,21376402000,507388177413.2000,1.901862,0.923140
2026-04-21,8263.3791,8270.3266,8281.3207,8189.7576,20183631700,441523125471.6000,1.795739,-0.237584
2026-04-22,8226.8516,8376.1808,8377.3362,8226.8516,21333723600,501951553119.2000,1.897742,1.279928
2026-04-23,8387.7647,8295.2070,8401.4992,8220.9526,24948698900,565097207106.9000,2.219306,-0.966715
2026-04-24,8244.7784,8247.8759,8299.8778,8165.8037,22231189300,518618099348.0000,1.976938,-0.570584
2026-04-27,8236.4336,8299.0486,8326.1546,8219.9430,22459580200,524219030970.4000,1.997162,0.620435
2026-04-28,8274.6312,8203.9614,8275.3280,8173.4448,22010913000,494514573512.5000,1.957202,-1.145760
2026-04-29,8157.3548,8342.4217,8356.7152,8157.3548,23087201700,489715085654.2000,2.051348,1.687725
2026-04-30,8331.4394,8349.5081,8375.1934,8300.5019,24755465200,535036483480.5000,2.199330,0.084944
2026-05-06,8441.3419,8588.4399,8621.3457,8441.3419,27464745200,635607537782.5000,2.439948,2.861627
2026-05-07,8637.8414,8696.7989,8700.3353,8598.7116,27099417900,620440650748.1000,2.407496,1.261684
2026-05-08,8638.8383,8694.1709,8706.3330,8616.2233,27114353500,609002654328.0000,2.408687,-0.030218
2026-05-11,8771.1761,8839.7415,8863.7690,8716.4515,28833019600,709124529147.4000,2.556530,1.674347
2026-05-12,8856.1797,8785.9791,8856.1797,8736.4171,26987096800,633557984263.0000,2.392858,-0.608190
2026-05-13,8730.9130,8918.2390,8925.8770,8730.9130,25409688800,637052785957.5000,2.253024,1.505352
2026-05-14,8952.9502,8670.1574,8956.6619,8670.1574,28950256600,658225134861.2000,2.566958,-2.781733
2026-05-15,8676.6210,8536.3444,8717.0924,8473.0421,27096176200,643023956618.1000,2.402681,-1.543375
2026-05-18,8493.0157,8554.2372,8606.4096,8472.4244,23109341700,559260917340.2000,2.049130,0.209607
2026-05-19,8524.1543,8627.9461,8633.0613,8416.5150,24386882000,571306974464.0000,2.162030,0.861665
2026-05-20,8581.3938,8656.3062,8681.7226,8552.4273,23041869700,574479528727.3000,2.042418,0.328700
2026-05-21,8703.1742,8419.8373,8790.3751,8406.2885,27948915800,687607693449.2000,2.477375,-2.731753
2026-05-22,8473.6091,8576.9402,8591.1549,8414.9398,22161039100,556432683501.9000,1.964373,1.865866
2026-05-25,8631.2078,8703.8901,8705.1965,8543.8916,23505289000,629332990093.7000,2.083488,1.480130
2026-05-26,8665.4355,8658.6192,8673.2096,8529.6660,24710784400,647239450010.5000,2.189407,-0.520123
2026-05-27,8659.2188,8530.9802,8722.5814,8491.3163,25911673400,676927953502.8000,2.295802,-1.474126
2026-05-28,8503.6714,8563.2218,8596.4487,8424.4490,24224000600,596276737161.3000,2.146271,0.377935
2026-05-29,8589.8180,8359.5596,8597.9839,8296.2406,28119061600,661406695203.3000,2.490924,-2.378336
2026-06-01,8358.4866,8274.2120,8442.5323,8259.6000,25817502700,584223622413.5000,2.286227,-1.020958
2026-06-02,8290.8329,8321.4347,8378.4341,8142.5071,23958969600,548050911652.5000,2.121443,0.570721
2026-06-03,8317.0025,8362.1560,8462.6700,8294.2881,25357653100,608167868400.1000,2.245164,0.489354
2026-06-04,8279.8632,8356.7444,8391.0521,8279.8632,23082197600,570131396502.5000,2.043323,-0.064715
2026-06-05,8317.6415,8251.1407,8399.4084,8218.1415,24708934700,612246476401.0000,2.186188,-1.263694
2026-06-08,7978.6598,7963.4529,8142.3354,7889.3991,24479319800,562548949697.2000,2.165855,-3.486643
2026-06-09,8059.3390,8176.1785,8181.1277,7965.4851,20929297800,506484788545.9000,1.851089,2.671273
2026-06-10,8094.1367,8063.8637,8148.2550,7973.5470,21091009800,509158413551.9000,1.864956,-1.373683
2026-06-11,8025.6080,8035.7788,8091.6829,7965.0233,19685777600,512698921092.9000,1.740695,-0.348281
2026-06-12,8189.2103,8106.2030,8258.9084,8098.7805,26624408000,668679920723.6000,2.354058,0.876383
2026-06-15,8175.0523,8406.7479,8406.7793,8174.5906,25556263800,624419626262.0000,2.325332,3.707592
2026-06-16,8430.9157,8507.9799,8538.1941,8413.5082,23149509400,637593605919.7000,2.105537,1.204176
2026-06-17,8451.6325,8627.0862,8630.5156,8451.6325,22464601500,655611276492.6000,2.042598,1.399936
2026-06-18,8590.4987,8673.0899,8716.3417,8587.9818,23946757900,667474010744.9000,2.176109,0.533247
2026-06-22,8709.6640,8868.7820,8870.4850,8605.2230,28002311900,759846035627.1000,2.544557,2.256314
2026-06-23,8831.5916,8688.5923,8895.3398,8629.0106,27240314900,713885739558.1000,2.475314,-2.031730
2026-06-24,8638.6561,8842.9378,8850.7909,8613.0845,24531147300,684019604157.1000,2.229127,1.776415
2026-06-25,8844.8490,8938.0113,8940.9587,8803.5962,26010208600,744120017737.6000,2.363528,1.075135
2026-06-26,8891.0312,8703.5652,8926.7514,8647.7678,25855829600,745538234894.3000,2.348335,-2.623023
2026-06-29,8731.5763,8821.0944,8837.0312,8587.8817,25146106600,741568075882.6000,2.282260,1.350357
2026-06-30,8815.1067,9031.3788,9040.1322,8771.6552,22433080900,695096018633.9000,2.035784,2.383881
2026-07-01,9052.0429,9028.9326,9147.5592,8956.1848,26310457800,757642507575.4000,2.386981,-0.027086
2026-07-02,8829.6208,8694.1756,8932.6466,8667.4191,26128140700,732955232218.3000,2.370498,-3.707603
2026-07-03,8702.3265,8745.2607,8860.4157,8636.1503,23014842400,661131228372.8000,2.088091,0.587578
2026-07-06,8790.9674,8651.1339,8823.0502,8570.8924,23015291000,647313365609.8000,2.088127,-1.076318
2026-07-07,8604.0756,8508.7885,8663.6652,8457.5756,19963919000,530938136092.4000,1.811247,-1.645396
2026-07-08,8539.0155,8390.0194,8571.5247,8343.9232,19722016500,550698180810.9000,1.789299,-1.395840
2026-07-09,8437.1473,8652.7870,8659.6504,8281.9533,21508048800,602726823296.4000,1.951726,3.131907
2026-07-10,8672.3631,8503.9705,8783.2490,8503.2448,25141438800,713405548512.5000,2.281434,-1.719868
2026-07-13,8409.1434,8138.1443,8457.6923,8106.2688,22403763100,572975762103.9000,2.032932,-4.301828
2026-07-14,8135.0456,8275.9388,8275.9601,7955.3082,21584109000,562942515965.9000,1.958552,1.693193
2026-07-15,8294.1422,8147.5786,8305.2723,8117.4588,20911552400,512588772725.3000,1.897516,-1.551005
2026-07-16,8006.4489,7955.6635,8148.0419,7907.0974,19311060300,474607241054.8000,1.751919,-2.355486
2026-07-17,7900.0970,7513.7627,7908.7387,7474.1508,23674574300,511959798326.9000,2.147773,-5.554544
2026-07-20,7597.7694,7411.3134,7626.4890,7253.5179,25376330200,537630257769.9000,2.297791,-1.363489
2026-07-21,7437.4524,7800.6085,7802.7549,7270.9541,26838145300,606955225201.1000,2.430101,5.252714
2026-07-22,7741.9063,7751.6618,7889.4455,7701.2212,23074728500,569079906333.4000,2.089338,-0.627473
2026-07-23,7750.8521,7734.3100,7795.3499,7658.9994,20497442000,453036704959.9000,1.855974,-0.223846
2026-07-24,7625.2021,7532.7006,7703.5986,7532.6682,18662483500,402009190340.4000,1.689814,-2.606689
2026-07-27,7512.4036,7720.5975,7721.4028,7466.5446,17419255300,405637050375.7000,1.577243,2.494416
2026-07-28,7589.7596,7443.4332,7646.0156,7412.6308,16183245800,389809155088.6000,1.465195,-3.589933
2026-07-29,7444.8020,7524.5075,7572.8138,7325.3558,20660412100,451332728691.5000,1.870535,1.089206
2026-07-30,7477.3139,7309.5753,7536.4854,7221.9471,20873575700,459995793562.8000,1.889632,-2.856429
2026-07-31,7537.8478,7493.9850,7638.7805,7487.4314,21663596000,513956392642.6000,1.961084,2.522851
