date,open,close,high,low,volume,amount,turn,pctChg
2005-01-04,994.7700,982.7940,994.7700,980.6600,741286894,4431977400.0000,0.000000,0.000000
2005-01-05,981.5800,992.5640,997.3200,979.8800,711910898,4529208200.0000,0.000000,0.994107
2005-01-06,993.3300,983.1740,993.7900,980.3300,628802905,3921015400.0000,0.000000,-0.946036
2005-01-07,983.0500,983.9580,995.7100,979.8100,729869409,4737469400.0000,0.000000,0.079741
2005-01-10,983.7600,993.8790,993.9600,979.7900,579169799,3762932900.0000,0.000000,1.008277
2005-01-11,994.1900,997.1350,999.5500,991.0900,584907998,3704076700.0000,0.000000,0.327603
2005-01-12,996.6500,996.7480,996.9800,989.2600,501452509,3093299700.0000,0.000000,-0.038814
2005-01-13,996.0800,996.8770,999.4700,992.7000,604406584,3842173300.0000,0.000000,0.012945
2005-01-14,996.6200,988.3060,1006.4600,987.2300,729784238,4162921200.0000,0.000000,-0.859784
2005-01-17,979.1100,967.4520,981.5300,965.0800,728818876,4249807800.0000,0.000000,-2.110075
2005-01-18,967.3700,974.6890,974.8700,960.2900,731184782,4117944100.0000,0.000000,0.748047
2005-01-19,974.3300,967.2100,974.3300,965.2600,633809119,3427951300.0000,0.000000,-0.767322
2005-01-20,963.2100,956.2450,963.2100,952.2300,772710670,4399350600.0000,0.000000,-1.133676
2005-01-21,954.4600,982.6040,984.2700,943.4400,1445005985,8152086100.0000,0.000000,2.756512
2005-01-24,1001.8500,998.1330,1001.8500,986.2400,1435946161,8360161500.0000,0.000000,1.580392
2005-01-25,995.6400,997.7750,997.9500,985.2400,986252911,6157022400.0000,0.000000,-0.035864
2005-01-26,995.7800,989.9280,999.4700,988.4800,766329017,4719440400.0000,0.000000,-0.786454
2005-01-27,987.3400,974.6310,987.7000,973.7700,694536497,4094398900.0000,0.000000,-1.545264
2005-01-28,974.6300,969.2090,975.6200,965.2100,574880738,3280950300.0000,0.000000,-0.556313
2005-01-31,965.7900,954.8790,965.7900,953.1400,678870643,3863573600.0000,0.000000,-1.478521
2005-02-01,953.3300,955.9510,965.4800,952.7400,743306676,4275706800.0000,0.000000,0.112261
2005-02-02,956.7000,1006.9130,1006.9300,956.7000,1705733857,10202904300.0000,0.000000,5.331030
2005-02-03,1005.5600,993.2150,1014.1900,992.1600,1697453933,10057310300.0000,0.000000,-1.360395
2005-02-04,992.2500,1016.8580,1021.0300,989.9400,1573621461,9549870600.0000,0.000000,2.380446
2005-02-16,1023.3200,1023.5840,1033.2500,1018.4900,1213129305,7438168200.0000,0.000000,0.661451
2005-02-17,1024.4300,1020.6060,1024.4300,1010.4800,896829766,5513063300.0000,0.000000,-0.290935
2005-02-18,1020.1200,1006.0550,1021.2000,1005.6300,813993936,4817732100.0000,0.000000,-1.425724
2005-02-21,1006.6900,1025.6330,1025.6600,1006.6900,988609416,6052394900.0000,0.000000,1.946023
2005-02-22,1026.8400,1046.7440,1048.6800,1024.5300,1793784231,10922776800.0000,0.000000,2.058335
2005-02-23,1046.8100,1043.9440,1049.6100,1036.6300,1869692971,11231940700.0000,0.000000,-0.267501
2005-02-24,1042.2500,1045.4600,1045.9600,1034.7300,1468178853,8993752200.0000,0.000000,0.145218
2005-02-25,1046.2700,1046.7610,1059.4800,1045.9800,1817000338,11489961200.0000,0.000000,0.124445
2005-02-28,1046.2100,1039.9890,1048.2800,1035.0400,1297104604,8190101300.0000,0.000000,-0.646945
2005-03-01,1039.3500,1035.9340,1042.7400,1031.1700,996209016,6288790700.0000,0.000000,-0.389913
2005-03-02,1036.3700,1021.3200,1045.7600,1021.0000,1422513553,8971307900.0000,0.000000,-1.410703
2005-03-03,1019.8800,1027.7100,1028.4000,1014.7500,920308564,5582812000.0000,0.000000,0.625656
2005-03-04,1027.9300,1023.6670,1031.8500,1022.1800,817364167,5383868100.0000,0.000000,-0.393396
2005-03-07,1024.4800,1029.8710,1031.3400,1024.4800,793294979,5316473200.0000,0.000000,0.606054
2005-03-08,1033.7900,1048.9870,1049.2900,1032.8500,1429579380,9851274600.0000,0.000000,1.856164
2005-03-09,1051.2600,1046.5440,1054.6400,1041.9800,1532748839,9877624300.0000,0.000000,-0.232902
2005-03-10,1046.6900,1022.4130,1046.6900,1019.6300,1329595333,8380547700.0000,0.000000,-2.305772
2005-03-11,1021.0800,1027.4290,1028.1200,1016.9300,1147638146,7654557000.0000,0.000000,0.490597
2005-03-14,1027.1800,1031.0260,1041.5700,1014.9300,1446608937,10229428900.0000,0.000000,0.350102
2005-03-15,1030.8600,1013.5230,1030.9400,1011.6400,1200749274,8091209200.0000,0.000000,-1.697628
2005-03-16,1011.8500,1003.0650,1012.2000,995.9700,1062278283,7153745900.0000,0.000000,-1.031847
2005-03-17,1001.9700,992.8630,1004.8200,992.1200,996901108,6535061300.0000,0.000000,-1.017085
2005-03-18,991.8900,978.6650,996.4000,975.7100,965205964,6314991200.0000,0.000000,-1.430006
2005-03-21,977.3000,981.8930,983.1800,973.0000,725256485,4594520000.0000,0.000000,0.329840
2005-03-22,981.7100,964.0240,982.1400,959.5600,1137571722,6955307700.0000,0.000000,-1.819854
2005-03-23,962.8200,959.0100,975.3600,955.9900,1093005354,7092055400.0000,0.000000,-0.520109
2005-03-24,957.4300,964.8010,965.0600,948.5300,926071493,6446642600.0000,0.000000,0.603854
2005-03-25,964.2500,962.9550,966.9700,959.0600,710732285,4258127200.0000,0.000000,-0.191336
2005-03-28,961.6500,960.6960,961.6500,948.8100,666924600,4141656400.0000,0.000000,-0.234594
2005-03-29,960.4200,955.1900,968.1200,954.7400,757737892,4842151100.0000,0.000000,-0.573124
2005-03-30,952.7100,937.0340,952.7100,936.3800,895016409,5459378800.0000,0.000000,-1.900774
2005-03-31,934.8500,942.2030,942.3700,928.3400,785944597,4555322800.0000,0.000000,0.551635
2005-04-01,941.4300,978.1450,989.9000,937.5500,1634750474,10109402800.0000,0.000000,3.814679
2005-04-04,968.4900,962.1680,974.0600,956.1300,1143509329,7296500000.0000,0.000000,-1.633397
2005-04-05,960.5400,955.5980,967.7500,953.5900,953453690,6069514000.0000,0.000000,-0.682834
2005-04-06,955.6000,973.6680,977.8600,948.9500,1428242115,9727656100.0000,0.000000,1.890963
2005-04-07,975.9700,984.7330,1000.2700,974.3100,2075421198,13260560600.0000,0.000000,1.136418
2005-04-08,984.6650,1003.4450,1003.6990,979.5290,1476252600,9151349808.0000,0.014011,1.900214
2005-04-11,1003.8790,995.4210,1008.7350,992.7730,1593606600,10436232248.0000,0.015125,-0.799644
2005-04-12,993.7110,978.6970,993.7110,978.2040,1022619300,6479563495.0000,0.009705,-1.680093
2005-04-13,987.9500,1000.9000,1006.4990,987.9500,1607168700,10029602129.0000,0.015239,2.268629
2005-04-14,1004.6400,986.9750,1006.4160,985.5780,1294571000,7813424514.0000,0.012275,-1.391253
2005-04-15,982.6130,974.0820,982.6130,971.9300,1040895500,6541675456.0000,0.009870,-1.306315
2005-04-18,970.9070,963.7720,970.9070,958.6490,859840000,5329138712.0000,0.008128,-1.058432
2005-04-19,962.9160,965.8860,968.8670,957.9100,921262300,5768907755.0000,0.008709,0.219348
2005-04-20,964.1510,950.8670,964.1510,946.1970,885070500,5300003714.0000,0.008366,-1.554944
2005-04-21,948.8610,943.9810,955.5530,938.5950,994614500,6140646108.0000,0.009255,-0.724180
2005-04-22,942.9080,939.1010,947.9090,934.9570,1069188400,6373550345.0000,0.009948,-0.516960
2005-04-25,935.9930,930.0700,935.9930,920.1620,1147047800,6667303132.0000,0.010643,-0.961665
2005-04-26,928.4280,937.0830,939.6960,924.6550,1169047100,7029373085.0000,0.010847,0.754029
2005-04-27,938.5700,926.6040,938.9100,925.8960,1078061100,6432845906.0000,0.009991,-1.118258
2005-04-28,923.5290,942.0730,945.5040,914.8290,1434348600,8315813742.0000,0.013293,1.669429
2005-04-29,940.8060,932.3950,942.4530,929.8100,1123541900,6853192443.0000,0.010378,-1.027307
2005-05-09,934.6500,909.1740,937.3900,909.1740,852911500,4889696446.0000,0.007868,-2.490469
2005-05-10,905.5430,913.0760,913.3880,892.3130,1049433100,5960910722.0000,0.009680,0.429178
2005-05-11,911.8380,901.8510,917.2230,900.4380,904204700,5128333208.0000,0.008321,-1.229358
2005-05-12,899.9680,885.8200,900.0630,883.5110,1022872000,6107327165.0000,0.009411,-1.777567
2005-05-13,883.5050,887.5430,898.5050,875.5760,1124490600,6228419643.0000,0.010346,0.194512
2005-05-16,885.3890,875.2710,885.3890,869.3340,822428800,4630088469.0000,0.007562,-1.382697
2005-05-17,873.0770,881.4620,888.2810,868.2120,877227300,4635198616.0000,0.008066,0.707321
2005-05-18,881.1410,883.1960,890.4030,871.8210,787861000,4615409280.0000,0.007217,0.196720
2005-05-19,882.8420,884.1710,888.0160,871.2890,814958300,4263472583.0000,0.007456,0.110399
2005-05-20,883.5130,882.7630,891.0200,879.1800,722667600,3835476288.0000,0.006604,-0.159247
2005-05-23,880.2810,863.3410,880.2810,862.0980,727979500,3725791093.0000,0.006653,-2.200137
2005-05-24,861.1950,868.4560,871.7670,855.5870,920692900,4777971875.0000,0.008414,0.592465
2005-05-25,867.6580,868.4510,876.3050,861.6590,723855600,3742173189.0000,0.006615,-0.000576
2005-05-26,867.7580,857.3310,872.8350,854.9560,662278600,3470051082.0000,0.006052,-1.280440
2005-05-27,855.5950,849.5080,864.9630,848.3980,774998300,4240678764.0000,0.007069,-0.912483
2005-05-30,847.6340,855.6120,858.4620,842.1020,697158300,3712116331.0000,0.006354,0.718534
2005-05-31,856.5610,855.9460,863.1980,853.2910,704782100,3601006687.0000,0.006424,0.039035
2005-06-01,855.2060,837.5320,857.6570,836.0400,790230200,4274074912.0000,0.007203,-2.151304
2005-06-02,835.4670,818.3790,835.4930,812.9890,950865700,5220786229.0000,0.008667,-2.286833
2005-06-03,816.5460,818.0330,823.8600,807.9650,793605600,4164754479.0000,0.007233,-0.042280
2005-06-06,816.7310,838.9970,839.1500,807.7840,900918500,4685006534.0000,0.008212,2.562732
2005-06-07,841.5790,837.2820,858.0920,835.1790,1306706800,7248577634.0000,0.011908,-0.204414
2005-06-08,848.5360,905.7730,908.8290,844.4730,3290783900,17414544247.0000,0.029939,8.180162
2005-06-09,907.5690,912.6040,925.3650,895.0360,3314184000,17782386004.0000,0.030149,0.754162
2005-06-10,911.9410,894.5560,911.9410,889.1030,2239150200,12006754528.0000,0.020370,-1.977635
2005-06-13,894.9970,892.9590,900.1800,877.6900,1562800200,7944060172.0000,0.014217,-0.178529
2005-06-14,895.3910,883.5370,905.4150,882.8620,1434357000,7692070462.0000,0.013046,-1.055143
2005-06-15,881.2080,866.8340,881.2480,865.1360,1145405600,6272310250.0000,0.010418,-1.890470
2005-06-16,866.6590,879.2370,879.4930,861.8270,1104968500,6115269193.0000,0.010050,1.430841
2005-06-17,883.6050,880.3450,888.0780,876.0380,1496300900,8285455982.0000,0.013565,0.126015
2005-06-20,881.6230,906.2550,906.4820,872.5630,1899208200,10290889580.0000,0.017078,2.943168
2005-06-21,906.3060,896.1660,906.3060,894.3860,1277478400,6890936652.0000,0.011487,-1.113262
2005-06-22,894.7690,900.6460,901.2430,891.9260,1047813400,5882401451.0000,0.009407,0.499905
2005-06-23,900.0590,893.5720,904.8960,892.8310,950930800,5465028353.0000,0.008533,-0.785433
2005-06-24,892.0610,898.3010,898.6700,888.3970,891873900,4732186046.0000,0.008002,0.529225
2005-06-27,904.2090,916.0430,920.6470,904.2090,1654540200,8903493734.0000,0.014844,1.975062
2005-06-28,913.4800,903.7160,913.4800,901.2070,1040221900,5536098456.0000,0.009324,-1.345682
2005-06-29,906.7510,898.8980,907.5710,898.0840,1080674600,5751998008.0000,0.009617,-0.533131
2005-06-30,897.1020,878.6860,897.1020,876.8840,1085547200,5597946269.0000,0.009650,-2.248535
2005-07-01,875.9350,859.4940,875.9350,858.3700,1009459700,5086726820.0000,0.008976,-2.184165
2005-07-04,855.3170,855.9320,856.1000,842.8120,884027700,4026099534.0000,0.007861,-0.414431
2005-07-05,853.6790,849.6790,856.7380,845.3610,799268800,4529674417.0000,0.007091,-0.730548
2005-07-06,850.2530,842.5560,854.4480,838.6090,689831400,3627265630.0000,0.006118,-0.838315
2005-07-07,841.7480,844.7290,848.0220,839.2820,596246500,2901826588.0000,0.005283,0.257903
2005-07-08,842.6200,829.4890,842.6200,827.2290,722100000,3447787083.0000,0.006398,-1.804128
2005-07-11,837.8630,824.0970,850.6580,822.5240,843900600,4092653674.0000,0.007456,-0.650042
2005-07-12,821.9110,851.8160,854.2860,818.8630,1498987100,7519245269.0000,0.013244,3.363560
2005-07-13,850.4690,846.2310,851.9490,841.8580,939884200,4674024437.0000,0.008304,-0.655654
2005-07-14,844.9400,849.5900,856.0950,843.1760,936196800,4742557429.0000,0.008272,0.396937
2005-07-15,849.8730,841.0010,854.6040,837.7830,888956300,4203939701.0000,0.007854,-1.010964
2005-07-18,839.2210,832.9950,840.0050,829.6790,850000600,3767754660.0000,0.007510,-0.951959
2005-07-19,831.5010,835.6080,840.1430,829.2770,789181800,3622924794.0000,0.006969,0.313684
2005-07-20,835.3010,842.6410,844.7120,832.1440,852647300,3953440082.0000,0.007503,0.841665
2005-07-21,842.7460,843.9870,843.9870,835.7570,836610100,4118496717.0000,0.007362,0.159737
2005-07-22,847.5410,859.6930,867.1650,842.9870,2162514094,10199001746.0000,1.901809,1.860929
2005-07-25,858.3280,856.8600,860.9510,854.2840,1181608000,5762385031.0000,0.010387,-0.329537
2005-07-26,856.1890,876.4800,880.0340,856.1890,2182677600,10513580671.0000,0.019186,2.289755
2005-07-27,876.9420,894.0120,894.0260,876.0360,2040953700,9688109273.0000,0.017923,2.000279
2005-07-28,893.8790,890.8850,900.9970,888.5000,2062252700,10326374188.0000,0.018111,-0.349773
2005-07-29,889.4100,888.1640,892.2940,883.3830,1339740600,6409062024.0000,0.011747,-0.305428
2005-08-01,887.7180,891.6070,897.2850,885.8500,1180830900,5451576867.0000,0.010351,0.387653
2005-08-02,892.1300,903.5980,903.6480,888.3960,1429254700,6441958706.0000,0.012528,1.344878
2005-08-03,905.1810,909.5700,919.2820,903.7600,2578629800,11911777040.0000,0.022603,0.660912
2005-08-04,907.4200,904.1500,909.8270,901.6250,1451925600,6682690057.0000,0.012727,-0.595884
2005-08-05,904.0390,923.8030,923.8080,903.9400,1912376500,9585685726.0000,0.016747,2.173639
2005-08-08,926.5710,927.4710,933.1540,923.5730,2160894400,11135756693.0000,0.018923,0.397058
2005-08-09,926.9730,933.0890,933.3940,919.1070,1953290700,9704541246.0000,0.017090,0.605731
2005-08-10,933.2600,940.3700,940.3700,926.2750,2151576300,10214864206.0000,0.018825,0.780312
2005-08-11,940.7850,953.9920,953.9920,939.3860,2707366600,14042061872.0000,0.023686,1.448580
2005-08-12,954.7190,938.3160,959.2680,933.9850,2916814400,14457553256.0000,0.025359,-1.643203
2005-08-15,937.7050,954.5020,954.5020,936.1130,2043081300,10503460782.0000,0.017741,1.725009
2005-08-16,955.2700,945.0580,959.3430,939.9160,2386181800,12606079730.0000,0.020704,-0.989420
2005-08-17,943.4050,953.0120,953.3420,930.3250,2145776900,10910460911.0000,0.018586,0.841646
2005-08-18,954.1550,920.6710,956.8410,919.1210,3185532700,15916423709.0000,0.027341,-3.393557
2005-08-19,918.0910,923.0380,927.3200,910.0830,2224267900,10881501177.0000,0.019090,0.257096
2005-08-22,923.1080,931.6730,933.3510,919.2220,1603101000,7745835021.0000,0.013730,0.935492
2005-08-23,931.8090,923.4140,931.8090,915.0330,1540648800,7508824639.0000,0.013180,-0.886467
2005-08-24,923.5580,930.6510,935.2300,923.5580,1595974700,7736512283.0000,0.013654,0.783722
2005-08-25,930.9750,930.1180,933.1960,920.6100,1629205700,7604864624.0000,0.013938,-0.057274
2005-08-26,930.2460,928.2580,930.3250,921.8430,1542980400,7186198527.0000,0.013189,-0.199973
2005-08-29,928.3410,917.3710,928.3410,913.7670,1546226100,7137708170.0000,0.013217,-1.172845
2005-08-30,916.0860,914.8800,920.2080,912.8380,1243817000,5858436210.0000,0.010632,-0.271533
2005-08-31,915.1220,927.9160,928.2120,911.5050,1462363000,7034282250.0000,0.012500,1.424888
2005-09-01,928.5200,944.5590,944.9470,926.0600,2230638400,10558677965.0000,0.019067,1.793590
2005-09-02,945.9780,947.8710,947.9180,941.3140,1861443800,8864773608.0000,0.015911,0.350635
2005-09-05,949.0770,952.7170,952.9850,944.6290,1784331800,8242226133.0000,0.015252,0.511252
2005-09-06,953.4100,936.6100,956.2970,934.9720,2122225500,10583985179.0000,0.018141,-1.690638
2005-09-07,934.9910,952.7580,952.8960,932.6480,1960846600,9956808193.0000,0.016761,1.724091
2005-09-08,954.2730,955.2820,958.8670,947.7070,2242439300,11753260243.0000,0.019168,0.264914
2005-09-09,955.1120,949.0650,959.8980,946.0210,1621931000,7924193974.0000,0.013853,-0.650801
2005-09-12,949.7790,949.5060,952.5510,945.4030,1167261300,5610130326.0000,0.009970,0.046465
2005-09-13,949.5840,963.7740,963.9210,948.1280,1657943100,7999031246.0000,0.014161,1.502677
2005-09-14,964.9700,970.1930,970.2630,961.6400,1995829100,9942627972.0000,0.017047,0.666028
2005-09-15,970.5800,969.5980,970.9640,965.6560,1637767900,8098160518.0000,0.013988,-0.061325
2005-09-16,969.6190,967.4950,970.3700,964.2850,1397857100,6989327513.0000,0.011939,-0.216897
2005-09-19,967.4400,971.1360,971.9870,964.2630,1473742100,7427481654.0000,0.012587,0.376332
2005-09-20,971.3790,961.9190,971.6500,957.1180,1863660400,9189438331.0000,0.015918,-0.949093
2005-09-21,961.3740,944.4080,961.3740,943.8240,1854189500,8760459022.0000,0.015837,-1.820422
2005-09-22,942.7260,923.2740,942.7260,914.2320,1811552500,8625589892.0000,0.015473,-2.237808
2005-09-23,921.5100,916.1540,927.4190,914.8060,1154764400,5549882042.0000,0.009863,-0.771168
2005-09-26,915.8400,918.4850,919.6500,913.6130,883624100,4398425669.0000,0.007547,0.254433
2005-09-27,918.8660,904.2140,921.1320,903.3870,1108605600,5576097392.0000,0.009469,-1.553754
2005-09-28,903.3280,903.7190,910.3330,901.3820,885031000,4331475905.0000,0.007559,-0.054743
2005-09-29,904.2800,915.9750,915.9750,904.2800,1193897800,5798238295.0000,0.010197,1.356172
2005-09-30,916.5870,917.3920,918.6620,913.4520,900143300,4529466676.0000,0.007668,0.154704
2005-10-10,917.2110,907.3210,917.2110,906.8800,715845100,3665624376.0000,0.006098,-1.097791
2005-10-11,906.6280,919.7200,919.7960,904.0450,775829500,4032539378.0000,0.006609,1.366549
2005-10-12,920.4530,923.4850,926.0940,917.3770,1220885200,6653231000.0000,0.010400,0.409365
2005-10-13,923.4260,916.4990,926.0090,916.2750,1082890400,6021814326.0000,0.009223,-0.756478
2005-10-14,916.3370,904.8280,917.8900,902.8130,1012394000,5568049025.0000,0.008623,-1.273435
2005-10-17,903.2660,897.6230,903.2660,892.3590,1055250600,5516482064.0000,0.008984,-0.796286
2005-10-18,897.3660,902.3660,903.0010,895.6220,1136631700,5849997730.0000,0.009677,0.528400
2005-10-19,902.0360,898.7440,907.8760,897.0450,1103304800,5474099406.0000,0.009393,-0.401390
2005-10-20,898.8910,899.9150,900.1260,889.5690,1260872500,6082545635.0000,0.010735,0.130288
2005-10-21,899.6450,904.4140,907.7920,897.9860,1136458800,5645096184.0000,0.009669,0.499939
2005-10-24,905.1290,906.6520,908.4530,900.2290,921898200,4674775354.0000,0.007809,0.247450
2005-10-25,905.9670,894.2720,905.9670,893.6090,1121340100,5687104900.0000,0.009415,-1.365464
2005-10-26,892.6170,875.8200,892.6170,873.8950,1216712300,5911800808.0000,0.010216,-2.063351
2005-10-27,873.4720,875.8490,879.6680,869.7200,1190858800,5881848405.0000,0.009971,0.003310
2005-10-28,875.8620,867.7290,880.2060,859.6920,1197337600,5565266453.0000,0.010005,-0.927100
2005-10-31,866.6180,876.2820,878.4090,866.1530,1044365100,4954801462.0000,0.008719,0.985674
2005-11-01,875.9560,872.8650,875.9560,862.6860,1008274500,4762514458.0000,0.008415,-0.389942
2005-11-02,873.3930,882.4780,884.9360,873.3930,1310497300,6115386842.0000,0.010934,1.101320
2005-11-03,882.1890,874.5750,885.6810,872.1100,1217918200,5843191842.0000,0.010149,-0.895548
2005-11-04,873.3530,878.3610,878.3610,869.6800,956731000,4570236086.0000,0.007961,0.432897
2005-11-07,877.6170,877.2780,877.6170,870.0820,771325900,3758294613.0000,0.006399,-0.123299
2005-11-08,876.4320,881.5240,881.8950,870.9620,1012876100,4617261094.0000,0.008397,0.483994
2005-11-09,881.5130,879.2520,884.9420,878.6840,1177440500,5544780425.0000,0.009762,-0.257732
2005-11-10,878.6250,862.9680,878.6250,862.0910,1085377100,5071603818.0000,0.008994,-1.852028
2005-11-11,861.2210,864.7900,867.3280,857.7890,921972000,4221479222.0000,0.007640,0.211127
2005-11-14,864.0810,862.1490,864.2460,858.3440,627167400,2924317719.0000,0.005173,-0.305391
2005-11-15,862.0670,856.6350,867.4600,853.8590,825247800,4158739868.0000,0.006806,-0.639562
2005-11-16,855.4490,863.1190,863.1670,847.4900,906613800,4185382359.0000,0.007477,0.756916
2005-11-17,863.0770,862.6580,865.7910,859.0000,881163700,4120494742.0000,0.007264,-0.053411
2005-11-18,862.5790,882.2410,886.5820,862.4030,1759780300,8353934317.0000,0.014490,2.270078
2005-11-21,882.7900,883.8710,886.1060,880.3000,1025996300,4897254555.0000,0.008415,0.184750
2005-11-22,883.9310,869.6170,883.9310,869.5300,1059723600,4500600972.0000,0.008692,-1.612675
2005-11-23,868.0050,876.2290,876.8160,866.1900,991692000,3944070407.0000,0.008134,0.760335
2005-11-24,875.8270,881.4930,885.7450,874.8790,1462900800,6102429919.0000,0.011998,0.600754
2005-11-25,881.2480,884.1050,884.1620,877.2620,1300354600,5127946933.0000,0.010653,0.296315
2005-11-28,883.2410,880.1670,886.7430,877.6370,973973500,4239101597.0000,0.007972,-0.445421
2005-11-29,879.2540,871.3100,879.2540,870.5640,841499400,3597357382.0000,0.006888,-1.006286
2005-11-30,870.4520,873.8250,873.9330,866.9840,804073800,3676845309.0000,0.006575,0.288648
2005-12-01,873.4740,873.0670,877.3120,870.7030,706923500,3355702993.0000,0.005776,-0.086745
2005-12-02,872.9300,869.9360,875.8250,866.3740,849202100,3937214093.0000,0.006928,-0.358626
2005-12-05,869.4270,859.6100,869.4270,858.8590,1028689700,4606548004.0000,0.008389,-1.186983
2005-12-06,858.1080,866.0750,867.1870,855.7150,1030351400,4737134619.0000,0.008403,0.752088
2005-12-07,865.7240,873.8380,873.9990,865.0170,984295500,4368779146.0000,0.008004,0.896343
2005-12-08,874.1320,874.0560,877.9700,870.1220,1025917400,5018813137.0000,0.008342,0.024949
2005-12-09,873.6930,887.3580,887.5680,871.2610,1271952600,5793086795.0000,0.010337,1.521864
2005-12-12,887.0640,888.5180,890.6940,884.2560,1069928000,5082260512.0000,0.008692,0.130729
2005-12-13,887.9960,889.1010,889.2210,880.7430,1054723800,5148218278.0000,0.008562,0.065616
2005-12-14,888.6040,898.1530,899.0110,884.3680,1386837600,6757243552.0000,0.011258,1.018107
2005-12-15,898.3820,896.4340,904.0120,895.1680,1625978200,7498123901.0000,0.013188,-0.191392
2005-12-16,895.8270,902.5610,902.7470,894.0990,1145210700,5418465602.0000,0.009283,0.683481
2005-12-19,902.0490,902.9100,904.4720,898.7940,993632700,4380561278.0000,0.008048,0.038668
2005-12-20,902.7460,907.3180,907.3180,899.6620,1029465900,4665761570.0000,0.008330,0.488202
2005-12-21,907.0530,903.1440,910.9330,902.1140,1027397600,4892864878.0000,0.008292,-0.460038
2005-12-22,902.3710,908.7540,909.0610,900.6640,894702600,4441384591.0000,0.007208,0.621169
2005-12-23,908.9600,915.8900,915.8900,908.5140,1190699900,5799046691.0000,0.009589,0.785250
2005-12-26,916.6680,922.3780,925.0050,916.4090,1534265000,7501782773.0000,0.012356,0.708379
2005-12-27,922.4390,919.3600,922.4390,916.0050,1205035900,5640640118.0000,0.009697,-0.327198
2005-12-28,919.0510,920.9190,920.9840,915.1160,1213103200,5731256513.0000,0.009761,0.169577
2005-12-29,921.1440,932.0310,932.0310,921.1440,1725495900,8798040548.0000,0.013871,1.206621
2005-12-30,933.4500,923.4510,933.9990,921.8340,1560025100,8517980122.0000,0.012510,-0.920572
2006-01-04,926.5590,941.4280,941.4280,926.4120,2112689900,11442608327.0000,0.016799,1.946718
2006-01-05,943.8500,959.1340,959.6250,942.3080,2731174300,14693493720.0000,0.021716,1.880759
2006-01-06,961.9150,970.0320,975.6280,956.0400,3028636800,16170989866.0000,0.024022,1.136234
2006-01-09,971.0890,975.2530,976.2730,966.0530,2432955200,12626400277.0000,0.019297,0.538230
2006-01-10,975.2820,978.1540,978.2770,964.4300,2273530200,12344022953.0000,0.018025,0.297461
2006-01-11,977.6440,973.4770,983.3900,963.3940,2652413800,13488346780.0000,0.021015,-0.478146
2006-01-12,972.3890,983.7160,984.0760,968.5380,2189668000,11028175836.0000,0.017342,1.051798
2006-01-13,985.0390,978.8090,988.1110,973.6850,2228186100,11215633222.0000,0.017631,-0.498821
2006-01-16,977.8860,961.4390,977.8860,960.8790,2030521500,9896151721.0000,0.016053,-1.774605
2006-01-17,959.3950,964.2900,965.9840,952.2340,1603727600,8076118846.0000,0.012679,0.296530
2006-01-18,964.1600,983.6220,984.6720,963.0770,2082351800,10389841771.0000,0.016453,2.004794
2006-01-19,985.2320,991.2220,992.2720,978.2780,2645560900,12714862349.0000,0.020849,0.772652
2006-01-20,991.5720,993.3400,994.5000,987.0600,2614706200,12929890431.0000,0.020604,0.213680
2006-01-23,993.7440,996.1620,997.3320,989.3420,2254601900,11459294356.0000,0.017755,0.284088
2006-01-24,997.7910,999.0930,1006.1460,993.3940,2419799100,13914239772.0000,0.018903,0.294232
2006-01-25,998.8280,1009.5970,1009.6480,989.5140,2180075800,11644197379.0000,0.017026,1.051350
2006-02-06,1013.4250,1033.2340,1033.3540,1012.8070,2503877100,13466978183.0000,0.019541,2.341233
2006-02-07,1034.6780,1029.9370,1038.5010,1019.9360,3295478700,17669257813.0000,0.025707,-0.319095
2006-02-08,1028.4450,1033.0720,1033.3990,1022.9370,2698672900,13692515175.0000,0.021052,0.304389
2006-02-09,1033.1920,1019.5990,1033.1920,1017.0470,2383960100,12115067169.0000,0.018565,-1.304171
2006-02-10,1019.4160,1032.3370,1032.5980,1018.4820,2202445300,11411753871.0000,0.017113,1.249318
2006-02-13,1034.3810,1031.6140,1034.6420,1021.8390,2215729800,11454695538.0000,0.017202,-0.070037
2006-02-14,1032.6450,1038.5310,1038.8100,1030.4610,1855622000,9730559347.0000,0.014384,0.670502
2006-02-15,1040.3320,1041.6600,1048.3440,1038.7440,2478462800,12747811508.0000,0.019211,0.301294
2006-02-16,1041.6650,1020.1210,1041.6650,1019.2100,2615989200,13407183725.0000,0.020257,-2.067763
2006-02-17,1020.0630,1020.3680,1028.5740,1015.9920,2102687500,10774127956.0000,0.016262,0.024214
2006-02-20,1020.7400,1021.6390,1030.0520,1020.0150,1881888300,10303300141.0000,0.014546,0.124563
2006-02-21,1020.9770,1038.8160,1038.9370,1014.6630,2367803900,13180216400.0000,0.018300,1.681324
2006-02-22,1039.6490,1037.8850,1046.4500,1036.3800,2538070400,13435059019.0000,0.019597,-0.089624
2006-02-23,1038.2530,1041.3730,1041.5920,1029.2480,1978503700,10259755542.0000,0.015253,0.336072
2006-02-24,1041.9700,1049.4440,1049.6880,1041.9700,1967610400,10286380796.0000,0.015165,0.775027
2006-02-27,1055.9470,1047.8450,1057.2230,1045.9670,2287209900,12520438962.0000,0.017496,-0.152366
2006-02-28,1046.7130,1053.0100,1053.7200,1033.6610,1935326700,10427830678.0000,0.014786,0.492920
2006-03-01,1051.7590,1056.6190,1057.6930,1049.6420,1942573000,10518419421.0000,0.014830,0.342733
2006-03-02,1055.8580,1038.6660,1056.0530,1034.6800,2487786100,13748692907.0000,0.018964,-1.699099
2006-03-03,1037.9880,1041.6770,1043.4220,1029.5610,2120053900,11437141697.0000,0.016137,0.289890
2006-03-06,1041.6590,1038.8730,1044.4170,1036.1080,1787096300,9091203924.0000,0.013591,-0.269177
2006-03-07,1037.9280,1014.9730,1037.9760,1013.1420,1933651600,9676508800.0000,0.014668,-2.300572
2006-03-08,1012.5780,1009.2710,1014.9650,999.9310,1746305500,8818082801.0000,0.013239,-0.561791
2006-03-09,1006.9650,1004.3440,1010.9100,1002.1960,1273509900,6640051345.0000,0.009643,-0.488174
2006-03-10,1004.7470,1008.8970,1011.7620,1004.6880,1188798300,6337829115.0000,0.009001,0.453329
2006-03-13,1008.8030,1019.8640,1020.8760,1008.5130,1176591100,6101943506.0000,0.008908,1.087033
2006-03-14,1020.4680,1018.2720,1021.6510,1012.1120,1134803000,5861599356.0000,0.008587,-0.156103
2006-03-15,1018.1540,1028.9580,1028.9650,1017.0810,1484206800,7822300458.0000,0.011220,1.049428
2006-03-16,1028.9600,1027.6160,1029.8050,1025.5230,1478433900,7936360041.0000,0.011153,-0.130427
2006-03-17,1027.6370,1024.0150,1029.5590,1021.0810,1500192400,7945174864.0000,0.011292,-0.350418
2006-03-20,1024.5020,1037.6590,1037.9080,1019.6470,1538991200,8246315688.0000,0.011581,1.332407
2006-03-21,1037.9490,1040.7570,1047.0510,1036.2350,1907766200,10271579935.0000,0.014356,0.298547
2006-03-22,1041.1380,1047.6660,1047.9390,1036.7060,1864057500,10034541922.0000,0.014007,0.663849
2006-03-23,1047.3490,1048.5370,1049.3250,1042.8250,2046788500,10825049824.0000,0.015380,0.083134
2006-03-24,1049.1220,1042.6010,1051.7570,1041.2310,2009823700,11031900342.0000,0.015102,-0.566125
2006-03-27,1042.6290,1050.7070,1050.7070,1037.0760,1713407000,9201788180.0000,0.012815,0.777486
2006-03-28,1050.0680,1055.9820,1056.5160,1048.6360,2227399900,10630507500.0000,0.016627,0.502045
2006-03-29,1058.7380,1065.2940,1074.0380,1057.6780,3052634500,15882110482.0000,0.022753,0.881823
2006-03-30,1065.8430,1055.6340,1067.9900,1055.1370,2201249400,12089930817.0000,0.016400,-0.906784
2006-03-31,1053.8540,1061.0880,1061.4730,1050.2220,2227619000,12045672446.0000,0.016512,0.516654
2006-04-03,1061.9620,1079.3220,1079.3660,1061.9620,2772976100,15703156870.0000,0.020535,1.718426
2006-04-04,1080.8570,1089.3710,1089.3710,1076.1980,3114875700,17525218334.0000,0.023061,0.931043
2006-04-05,1091.1750,1099.9700,1100.5580,1089.5490,3293691400,18539588008.0000,0.024295,0.972947
2006-04-06,1102.5430,1103.2370,1109.6830,1097.3160,3616704900,19687813538.0000,0.026595,0.297016
2006-04-07,1102.9440,1103.1540,1105.1040,1091.8940,3257086000,17760103659.0000,0.023948,-0.007524
2006-04-10,1104.3210,1117.9100,1118.0820,1100.6900,3206752000,17246470925.0000,0.023574,1.337617
2006-04-11,1120.1630,1123.3080,1126.0890,1112.0070,3560752000,19796708290.0000,0.026141,0.482861
2006-04-12,1123.7820,1117.0730,1123.7820,1116.1490,3033384500,15991141463.0000,0.022217,-0.555056
2006-04-13,1116.8370,1093.9250,1122.3940,1093.5080,3382414600,17190084945.0000,0.024773,-2.072197
2006-04-14,1091.6890,1118.6070,1118.6650,1091.6730,3352796200,16782531968.0000,0.024468,2.256279
2006-04-17,1120.1860,1124.4140,1129.1540,1114.5270,3570454800,18349161711.0000,0.025785,0.519118
2006-04-18,1127.5060,1131.2810,1135.4480,1119.2710,3231722300,17403457422.0000,0.023250,0.610724
2006-04-19,1135.6140,1138.2410,1140.4070,1125.2040,3432289800,19364959974.0000,0.024625,0.615228
2006-04-20,1139.6420,1134.3810,1142.5380,1127.0900,3788565100,21561233693.0000,0.027097,-0.339118
2006-04-21,1133.2050,1149.1580,1152.8880,1127.6480,4077291000,22750697130.0000,0.029066,1.302647
2006-04-24,1156.9080,1142.6980,1160.5790,1135.7510,4593621900,26245896335.0000,0.032642,-0.562147
2006-04-25,1139.4950,1141.9300,1149.5440,1123.0990,3861112500,22885232669.0000,0.027415,-0.067204
2006-04-26,1142.9020,1155.7260,1162.0210,1142.0740,4182430100,25476171649.0000,0.029682,1.208121
2006-04-27,1157.3790,1155.2680,1159.8980,1145.2600,3198045100,18862520936.0000,0.022696,-0.039629
2006-04-28,1143.5870,1172.3470,1173.8800,1133.1930,4080185800,24343009251.0000,0.028933,1.478367
2006-05-08,1179.5810,1218.4450,1218.8590,1179.5810,4491282100,26536314891.0000,0.031843,3.932104
2006-05-09,1226.3150,1251.6110,1252.7590,1222.6790,5599386100,33111916341.0000,0.039662,2.721996
2006-05-10,1257.9840,1265.9330,1273.6840,1243.4720,5566704300,33568258225.0000,0.039423,1.144287
2006-05-11,1267.2190,1255.0350,1294.8680,1254.3480,6113372500,37299607468.0000,0.043260,-0.860863
2006-05-12,1255.2340,1296.2570,1296.3790,1252.6770,5492033100,34261843942.0000,0.038789,3.284524
2006-05-15,1312.1370,1352.1550,1352.4120,1301.7970,7353400500,45768188032.0000,0.051857,4.312268
2006-05-16,1368.1340,1331.1270,1387.3970,1322.1360,7965817000,50916396723.0000,0.055916,-1.555153
2006-05-17,1331.6860,1335.5230,1356.1320,1306.8710,6182328700,39133826398.0000,0.043376,0.330246
2006-05-18,1322.6520,1331.2010,1340.5230,1301.1090,5205636300,31832852065.0000,0.036497,-0.323611
2006-05-19,1334.0690,1366.0970,1371.2220,1329.3170,6712386900,36222359895.0000,0.046425,2.621392
2006-05-22,1366.3160,1373.6740,1387.5710,1360.3480,6626217200,38198875541.0000,0.045773,0.554639
2006-05-23,1365.1000,1317.6540,1365.1000,1316.5490,5687238800,32747751170.0000,0.039249,-4.078107
2006-05-24,1325.6830,1308.2420,1351.3080,1277.3320,5117663200,31096815588.0000,0.035277,-0.714308
2006-05-25,1304.6950,1307.6970,1316.4750,1285.7280,3404643600,20482556624.0000,0.023430,-0.041653
2006-05-26,1312.2360,1331.0200,1331.4520,1309.4600,3638566500,21741991960.0000,0.025040,1.783517
2006-05-29,1339.8960,1366.2920,1366.8430,1330.6280,4448001100,27100627303.0000,0.030568,2.649996
2006-05-30,1375.2980,1378.7560,1384.6840,1360.5480,4476102700,28992430923.0000,0.030726,0.912249
2006-05-31,1377.4490,1365.4510,1386.9420,1355.0070,4733588300,29359692213.0000,0.032482,-0.964995
2006-06-01,1364.1780,1402.8790,1403.2650,1362.9360,5349345300,31383492665.0000,0.036675,2.741071
2006-06-02,1406.6170,1390.1160,1411.7800,1382.0040,6410916200,37407323630.0000,0.043953,-0.909776
2006-06-05,1391.4610,1403.1630,1403.3040,1362.7230,5510181900,29784741526.0000,0.037693,0.938555
2006-06-06,1400.2670,1399.1420,1413.1080,1391.8950,4683527800,26497855270.0000,0.031897,-0.286567
2006-06-07,1398.1840,1320.2330,1398.1840,1319.6980,5204764700,31076290204.0000,0.035415,-5.639809
2006-06-08,1309.0700,1325.9790,1331.8850,1286.8990,4567750900,26462585864.0000,0.031041,0.435224
2006-06-09,1320.8130,1294.1850,1329.8350,1293.0460,3739262300,21631040581.0000,0.025396,-2.397771
2006-06-12,1283.8270,1297.6700,1308.1210,1275.3990,2503333100,15025360038.0000,0.016960,0.269280
2006-06-13,1296.4080,1298.2760,1312.1320,1284.6200,2782303100,16716170449.0000,0.018786,0.046696
2006-06-14,1291.6900,1283.8800,1291.6900,1269.5160,2880166100,15982326444.0000,0.019447,-1.108855
2006-06-15,1283.7210,1285.3850,1300.1110,1280.5010,2324130200,12947893429.0000,0.015680,0.117223
2006-06-16,1290.0030,1318.0100,1318.0190,1290.0030,2840803200,16152374694.0000,0.019144,2.538150
2006-06-19,1306.2630,1334.8930,1341.9900,1294.9040,3072625800,18672646769.0000,0.020696,1.280941
2006-06-20,1333.6190,1338.2230,1341.2440,1323.7840,2779705800,16416714736.0000,0.018720,0.249464
2006-06-21,1336.8420,1333.5320,1347.0020,1320.4110,3244547900,18271592334.0000,0.021850,-0.350542
2006-06-22,1331.9260,1331.5530,1341.7300,1326.1460,2595315700,14642393269.0000,0.017462,-0.148403
2006-06-23,1329.1060,1339.4460,1340.2660,1319.5060,2565164400,15125536432.0000,0.017252,0.592772
2006-06-26,1341.6090,1363.4130,1363.5690,1341.6090,2959592000,18564767865.0000,0.019874,1.789316
2006-06-27,1365.0430,1363.8960,1368.4110,1354.0880,2645473400,16022196955.0000,0.017759,0.035428
2006-06-28,1361.7920,1362.8850,1366.3380,1353.6330,2579165700,14836163873.0000,0.017298,-0.074125
2006-06-29,1365.2520,1395.1240,1395.2430,1365.2520,4243920100,24225652463.0000,0.028425,2.365498
2006-06-30,1402.5950,1393.9630,1408.7910,1384.9910,3839674500,22942443838.0000,0.025613,-0.083219
2006-07-03,1398.7360,1420.3280,1420.3280,1393.9230,3829738500,24423131531.0000,0.026386,1.891369
2006-07-04,1423.0780,1411.0130,1426.0980,1401.1480,4274980300,28116073765.0000,0.029449,-0.655839
2006-07-05,1409.9010,1393.0090,1409.9010,1377.2200,3344600500,21154127198.0000,0.023024,-1.275956
2006-07-06,1391.6380,1418.6750,1418.7600,1390.1930,3248073400,21637516912.0000,0.022346,1.842487
2006-07-07,1423.7180,1410.4290,1426.3970,1405.9890,3355617600,22529571028.0000,0.023076,-0.581253
2006-07-10,1410.4960,1412.1240,1413.5760,1397.4410,2760736900,18616784852.0000,0.018985,0.120181
2006-07-11,1414.1360,1418.5750,1418.8160,1406.4960,2853737900,18958953195.0000,0.019599,0.456824
2006-07-12,1419.0730,1419.1990,1430.9440,1416.7390,3629341700,24831173387.0000,0.024892,0.043989
2006-07-13,1415.8750,1346.0880,1418.1350,1344.1550,4897067300,31700087656.0000,0.033572,-5.151566
2006-07-14,1333.7430,1357.1290,1367.7430,1327.5870,3265910500,21065092098.0000,0.022334,0.820230
2006-07-17,1354.1370,1372.2540,1372.2540,1348.4320,2420555200,16046823874.0000,0.016540,1.114485
2006-07-18,1370.8960,1373.4160,1373.5880,1359.9090,2272454400,14797115329.0000,0.015528,0.084677
2006-07-19,1370.2870,1336.6440,1370.2870,1330.2840,2522764700,15923621350.0000,0.016879,-2.677410
2006-07-20,1335.4120,1345.1940,1346.8480,1329.1760,1845062100,11505538297.0000,0.012340,0.639656
2006-07-21,1344.6010,1356.0330,1357.3410,1344.5700,2039364800,12442432415.0000,0.013639,0.805757
2006-07-24,1340.2790,1358.1220,1359.5580,1327.9010,1996619000,12517728783.0000,0.013353,0.154052
2006-07-25,1359.3230,1374.1700,1378.8430,1359.3230,2202350900,14089738586.0000,0.014729,1.181639
2006-07-26,1377.7840,1371.2950,1380.7960,1367.0460,1963344200,12059952444.0000,0.013110,-0.209217
2006-07-27,1370.7490,1355.5450,1379.2530,1347.2850,2381875500,14751696304.0000,0.015901,-1.148549
2006-07-28,1354.9190,1341.3930,1359.7440,1327.6630,2155750500,13809393177.0000,0.014392,-1.044015
2006-07-31,1338.0390,1294.3280,1338.0390,1293.5310,2218121100,13115400910.0000,0.014808,-3.508662
2006-08-01,1292.7090,1282.0570,1302.8890,1278.5440,1744388700,10137959452.0000,0.011622,-0.948059
2006-08-02,1281.8890,1275.0880,1288.6120,1258.0080,1781328400,10180840409.0000,0.011868,-0.543579
2006-08-03,1277.6320,1271.7440,1281.7900,1261.6950,1294047300,8115991949.0000,0.008619,-0.262256
2006-08-04,1272.3620,1241.9080,1278.2460,1239.3840,1605362800,9762333439.0000,0.010692,-2.346074
2006-08-07,1233.4880,1224.1020,1241.8490,1221.9890,1511651900,8515702534.0000,0.010052,-1.433754
2006-08-08,1225.0400,1252.3860,1252.3860,1225.0400,1425048100,8387431317.0000,0.009476,2.310586
2006-08-09,1254.3740,1251.2980,1258.2060,1245.3880,1285947400,7485120544.0000,0.008527,-0.086875
2006-08-10,1251.1630,1271.4730,1271.4730,1251.0810,1769900600,10020038303.0000,0.011735,1.612330
2006-08-11,1273.2660,1275.6540,1277.9680,1265.5200,1530322700,9033367272.0000,0.010132,0.328834
2006-08-14,1275.1390,1245.7210,1279.3080,1241.9540,1644446900,9870530858.0000,0.010884,-2.346491
2006-08-15,1243.1600,1265.8630,1265.8630,1239.9050,1431936000,8592504024.0000,0.009306,1.616902
2006-08-16,1266.8210,1283.5670,1283.5670,1262.5370,2080274300,12267020733.0000,0.013519,1.398570
2006-08-17,1280.2840,1271.6270,1280.2840,1263.9310,1545790400,8843865980.0000,0.010013,-0.930225
2006-08-18,1270.2250,1267.8660,1280.8290,1265.8180,1396452400,7951341069.0000,0.009046,-0.295762
2006-08-21,1235.4260,1270.5620,1270.6670,1229.1650,1506476600,8661631085.0000,0.009757,0.212644
2006-08-22,1270.1030,1285.2680,1289.0190,1269.1020,1720094200,11224121514.0000,0.011140,1.157435
2006-08-23,1284.8170,1285.6800,1294.8250,1282.8410,1909287500,12215591075.0000,0.012366,0.032064
2006-08-24,1284.8350,1292.4010,1292.4010,1274.5560,1508130600,9416605611.0000,0.009762,0.522754
2006-08-25,1293.5020,1295.4370,1301.7530,1292.4510,1855793700,11586280956.0000,0.012005,0.234912
2006-08-28,1298.4640,1325.8940,1325.8940,1298.3570,2618329000,16640986510.0000,0.016846,2.351101
2006-08-29,1328.6110,1330.1550,1349.2010,1327.0020,3176637600,20558598283.0000,0.020423,0.321367
2006-08-30,1328.3700,1334.6710,1336.3920,1319.8230,2113994900,12994582488.0000,0.013630,0.339509
2006-08-31,1335.5880,1338.6940,1342.7900,1331.2870,2318827400,13932000999.0000,0.014932,0.301419
2006-09-01,1339.3090,1318.0990,1340.1250,1314.5670,2503368800,14832251927.0000,0.016121,-1.538437
2006-09-04,1315.7070,1337.2430,1337.2430,1315.6100,2109534000,12470373587.0000,0.013583,1.452398
2006-09-05,1339.5900,1340.6820,1345.7080,1334.7230,2686811000,15959669593.0000,0.017291,0.257168
2006-09-06,1341.4030,1346.3670,1346.3670,1331.8520,2315311200,13799604057.0000,0.014900,0.424033
2006-09-07,1348.1740,1328.3770,1348.2780,1323.9770,2188644900,13054999552.0000,0.014082,-1.336188
2006-09-08,1327.5550,1332.1530,1334.7280,1326.2460,1723027300,10157793916.0000,0.011086,0.284257
2006-09-11,1331.8900,1338.7550,1338.7550,1319.2100,2094726600,12839285596.0000,0.013478,0.495593
2006-09-12,1338.8150,1347.6390,1350.5270,1337.3020,2730189100,15787258083.0000,0.017566,0.663604
2006-09-13,1348.8490,1338.3860,1356.8560,1337.4610,3282119100,18701751194.0000,0.021117,-0.686612
2006-09-14,1338.3500,1338.2780,1345.5900,1323.8010,2221728400,13679517835.0000,0.014295,-0.008072
2006-09-15,1338.4090,1362.3220,1362.4040,1338.1430,3605714800,19594629097.0000,0.023199,1.796642
2006-09-18,1367.6450,1375.5630,1375.5810,1362.1430,3145485100,18187622927.0000,0.020238,0.971941
2006-09-19,1377.7160,1378.3090,1385.6190,1371.4300,2664830100,15942860310.0000,0.017125,0.199625
2006-09-20,1376.1180,1378.4590,1381.8120,1365.7170,2344588000,14017239840.0000,0.015037,0.010885
2006-09-21,1378.4560,1387.3700,1390.6210,1378.4560,2609412100,16026131513.0000,0.016721,0.646447
2006-09-22,1389.8670,1374.8520,1393.5300,1373.9450,2826504200,18173169466.0000,0.018090,-0.902279
2006-09-25,1372.8080,1372.3990,1383.7670,1361.6060,2458478000,15493803707.0000,0.015722,-0.178419
2006-09-26,1370.8560,1357.6460,1371.5820,1351.1800,1970327800,11953758768.0000,0.012598,-1.074983
2006-09-27,1357.2750,1371.1170,1371.1170,1355.3930,1758032300,10897805770.0000,0.011240,0.992228
2006-09-28,1372.1340,1387.0020,1389.5550,1369.3980,2168779200,14070853853.0000,0.013867,1.158545
2006-09-29,1389.0750,1403.2650,1405.5630,1389.0380,2716674200,17347640073.0000,0.017357,1.172533
2006-10-09,1420.3620,1436.0740,1436.0740,1418.2070,3919186200,23762250623.0000,0.024901,2.338045
2006-10-10,1437.6890,1437.2450,1443.4970,1426.9690,3840048600,24024747915.0000,0.024273,0.081543
2006-10-11,1436.6810,1435.9060,1440.2070,1421.8080,3161798700,18592012045.0000,0.019986,-0.093164
2006-10-12,1436.1980,1426.5000,1438.8020,1423.6290,3795623700,21048271007.0000,0.023992,-0.655057
2006-10-13,1424.3010,1430.8820,1436.1020,1420.9590,2829515600,16770803951.0000,0.017885,0.307183
2006-10-16,1432.3060,1418.5170,1434.5320,1415.4900,2849218600,17341289788.0000,0.017994,-0.864152
2006-10-17,1416.9490,1414.4480,1426.2920,1410.6740,2422440300,15151115999.0000,0.015299,-0.286847
2006-10-18,1413.9060,1437.5930,1437.5930,1413.5500,2429030800,15015405334.0000,0.015340,1.636329
2006-10-19,1438.8420,1439.3770,1445.6170,1433.9380,2382026700,14441180899.0000,0.015044,0.124092
2006-10-20,1440.6680,1440.1820,1447.9510,1436.6530,2656014300,16526648077.0000,0.016774,0.055931
2006-10-23,1439.5400,1408.7150,1444.9150,1403.0080,2895037700,17710776103.0000,0.018271,-2.184935
2006-10-24,1408.5780,1440.0540,1440.0540,1408.5780,2618997200,16151232545.0000,0.016529,2.224651
2006-10-25,1443.1080,1446.8250,1459.7310,1434.8060,3220489500,21177150676.0000,0.020325,0.470190
2006-10-26,1447.0880,1456.0950,1457.3730,1435.2790,3846636200,21300294417.0000,0.023609,0.640715
2006-10-27,1455.9780,1439.0500,1460.4550,1433.3550,3737930400,21496189402.0000,0.022941,-1.170591
2006-10-30,1436.6600,1446.2390,1446.2390,1428.3340,3532045200,19874454982.0000,0.021675,0.499563
2006-10-31,1447.0550,1464.4730,1464.4780,1447.0550,3695228300,21463617498.0000,0.022673,1.260788
2006-11-01,1465.6670,1479.4090,1479.4090,1461.3160,3892692500,23518429064.0000,0.023808,1.019892
2006-11-02,1480.5510,1479.6560,1480.5510,1464.5980,4237313600,24757963551.0000,0.025900,0.016692
2006-11-03,1481.5820,1488.2910,1497.4660,1480.7700,3937202700,23319284127.0000,0.024059,0.583582
2006-11-06,1477.4400,1507.8910,1507.9720,1472.0010,4203351000,25221678236.0000,0.025665,1.316945
2006-11-07,1512.6490,1516.1040,1516.8030,1491.3300,4303832800,27894549966.0000,0.026279,0.544669
2006-11-08,1512.3620,1498.1730,1513.0370,1497.0090,2872240500,19140307948.0000,0.017533,-1.182705
2006-11-09,1491.8010,1524.7140,1527.3770,1489.1990,3403013300,22283038119.0000,0.020766,1.771559
2006-11-10,1525.2260,1504.0620,1535.1960,1493.1970,5392286700,31931185346.0000,0.031608,-1.354482
2006-11-13,1498.0640,1475.7790,1512.9500,1465.6290,4165330100,25176222093.0000,0.024343,-1.880438
2006-11-14,1475.4450,1493.7760,1493.8770,1453.2590,3630788500,22029308293.0000,0.021219,1.219488
2006-11-15,1494.1140,1534.7620,1534.8490,1490.8680,4058921600,26135569100.0000,0.023721,2.743782
2006-11-16,1540.2580,1533.2880,1558.4060,1531.2890,5776094800,34127308461.0000,0.033724,-0.096041
2006-11-17,1528.0070,1562.0840,1562.2360,1521.5490,4444619100,26950444425.0000,0.025937,1.878057
2006-11-20,1567.3440,1593.1580,1593.1890,1567.3440,5341235900,32990614478.0000,0.031158,1.989264
2006-11-21,1591.4700,1612.2490,1612.4600,1568.9500,4860184200,32628579472.0000,0.028352,1.198316
2006-11-22,1610.0490,1624.0280,1639.4140,1600.3830,5706549500,38065264000.0000,0.033199,0.730590
2006-11-23,1623.7140,1634.9140,1642.8080,1618.0430,5136067900,31474406048.0000,0.029879,0.670308
2006-11-24,1629.8940,1636.5800,1640.7520,1611.5470,4971209600,32398044934.0000,0.028908,0.101902
2006-11-27,1632.6590,1651.8010,1651.8010,1627.9190,4726727000,32057818416.0000,0.027486,0.930053
2006-11-28,1649.6810,1644.0140,1656.1880,1629.8250,4476291600,29502974821.0000,0.026029,-0.471424
2006-11-29,1617.6900,1667.1420,1672.9090,1604.8150,4557841100,30895012009.0000,0.026503,1.406796
2006-11-30,1671.6650,1714.3580,1714.4930,1671.6650,6021608800,39869047599.0000,0.034988,2.832156
2006-12-01,1719.2780,1729.2240,1741.8040,1715.7860,5841358100,41045221076.0000,0.033940,0.867145
2006-12-04,1731.8970,1780.7360,1780.8010,1731.8970,7143433300,46947580844.0000,0.041506,2.978906
2006-12-05,1785.4430,1794.2310,1811.6580,1777.4320,6720257600,47255774605.0000,0.039021,0.757833
2006-12-06,1794.2560,1779.4110,1806.6450,1717.7220,8127670000,53383291513.0000,0.047042,-0.825978
2006-12-07,1774.1850,1775.7140,1820.7190,1770.5690,8048750200,51388011540.0000,0.046586,-0.207767
2006-12-08,1752.7710,1711.5840,1772.1620,1710.0010,6625774600,41980241160.0000,0.038350,-3.611506
2006-12-11,1705.9110,1789.9240,1790.1150,1705.9110,5133597500,33169358578.0000,0.029710,4.577045
2006-12-12,1798.4640,1802.7880,1819.8020,1772.1080,5783354300,38702468004.0000,0.033460,0.718691
2006-12-13,1805.4240,1803.8560,1813.2760,1779.5580,4800445800,33154391167.0000,0.027774,0.059241
2006-12-14,1807.0790,1836.1430,1836.1940,1805.2000,4720622700,33323930871.0000,0.027311,1.789887
2006-12-15,1842.8830,1867.6360,1867.7770,1832.5140,4941444100,36957407983.0000,0.028588,1.715174
2006-12-18,1875.0050,1916.1080,1918.2910,1875.0050,6189299000,46530167681.0000,0.035805,2.595369
2006-12-19,1924.7990,1921.4440,1936.7510,1882.5410,6778893500,48969821687.0000,0.039209,0.278478
2006-12-20,1912.9040,1936.5470,1936.8020,1893.4240,5634850200,39745359733.0000,0.032560,0.786025
2006-12-21,1935.7840,1908.9850,1945.4730,1905.7200,6022516400,43437770784.0000,0.034726,-1.423256
2006-12-22,1896.4800,1895.6440,1918.4870,1880.5660,4623050100,34870781835.0000,0.026657,-0.698850
2006-12-25,1898.8190,1939.1040,1957.4660,1898.8190,5625174200,41951575108.0000,0.032424,2.292622
2006-12-26,1941.7950,1938.2380,1959.9820,1914.9750,5696738300,39106900197.0000,0.032836,-0.044658
2006-12-27,1940.4120,1982.8770,1983.1090,1939.5530,5600564700,38961689252.0000,0.032251,2.303067
2006-12-28,1988.0160,1979.9330,2010.3710,1964.9730,6319283400,45224328165.0000,0.036357,-0.148470
2006-12-29,1991.8760,2041.0470,2052.8610,1991.8760,7385194700,55716388327.0000,0.042460,3.086671
2007-01-04,2073.2500,2067.0920,2139.4940,2054.2420,10671970700,82381072591.0000,0.061801,1.276063
2007-01-05,2051.1520,2072.8830,2083.4020,2030.7620,9274344700,68026060235.0000,0.053436,0.280153
2007-01-08,2072.0050,2131.5560,2131.7370,2071.7210,8476790900,66303936118.0000,0.048820,2.830495
2007-01-09,2137.4850,2200.0860,2201.3600,2128.0640,8157762900,65456192715.0000,0.046983,3.215024
2007-01-10,2210.7570,2255.9660,2255.9660,2194.7700,8490497900,68822624817.0000,0.048878,2.539907
2007-01-11,2257.0100,2231.6290,2289.9500,2224.3660,8627654800,68730011815.0000,0.049660,-1.078791
2007-01-12,2215.8590,2173.7470,2249.5430,2159.7750,7652572000,61742830353.0000,0.044027,-2.593703
2007-01-15,2170.9430,2287.3420,2287.6840,2170.9430,6640309700,57043453710.0000,0.038200,5.225768
2007-01-16,2310.9630,2353.8740,2354.4310,2297.2380,7636425400,67843434156.0000,0.043930,2.908703
2007-01-17,2360.4100,2308.9310,2393.2180,2266.3440,8901554000,80008901771.0000,0.051208,-1.909325
2007-01-18,2292.1730,2317.0950,2325.5280,2240.2140,7864860600,69894972894.0000,0.045226,0.353586
2007-01-19,2320.8730,2396.0930,2396.0930,2320.8730,8333402200,73538873546.0000,0.047855,3.409357
2007-01-22,2424.8150,2491.3130,2491.7110,2424.8150,9389299300,81870488111.0000,0.053919,3.973968
2007-01-23,2508.2650,2508.1300,2516.5930,2415.1110,10233761600,92812872354.0000,0.058620,0.675021
2007-01-24,2508.5230,2536.4280,2556.0990,2489.9320,8443369700,80277493989.0000,0.048314,1.128255
2007-01-25,2512.4590,2452.8310,2529.4320,2449.0510,8105515100,77241720261.0000,0.046368,-3.295853
2007-01-26,2415.7460,2512.9220,2524.2430,2356.9820,7865400800,73275675715.0000,0.044994,2.449866
2007-01-29,2529.9430,2576.9170,2582.4050,2521.5030,8545208500,79544859355.0000,0.048235,2.546632
2007-01-30,2586.5230,2551.8840,2599.4520,2531.7760,7821152800,73485012977.0000,0.044148,-0.971430
2007-01-31,2544.3000,2385.3350,2548.1750,2367.6700,8090913700,71945032667.0000,0.045667,-6.526514
2007-02-01,2350.5960,2395.1720,2410.4220,2310.5690,6507809500,57578101142.0000,0.036638,0.412402
2007-02-02,2397.0580,2298.0030,2403.6190,2293.2770,5937715400,53535112102.0000,0.033428,-4.056877
2007-02-05,2282.7700,2271.7970,2304.3180,2247.9290,4758750600,42358010146.0000,0.026788,-1.140373
2007-02-06,2271.3720,2316.0400,2316.7020,2198.9010,6701064800,61206502550.0000,0.037721,1.947485
2007-02-07,2330.4280,2369.7870,2390.8670,2330.4280,7010639000,66203343445.0000,0.039464,2.320645
2007-02-08,2376.6290,2410.6010,2415.9590,2354.6970,6265654000,58367504085.0000,0.035265,1.722263
2007-02-09,2412.6440,2397.2450,2417.6430,2376.0220,5551553200,51302933998.0000,0.031231,-0.554051
2007-02-12,2397.8490,2485.3920,2485.7590,2396.7860,5499232000,51709436972.0000,0.030936,3.677011
2007-02-13,2498.3450,2522.6300,2526.2270,2489.6600,5152886200,48227864862.0000,0.028978,1.498266
2007-02-14,2527.5600,2588.3490,2594.6610,2520.5330,6277727900,58462267865.0000,0.035256,2.605187
2007-02-15,2607.6260,2668.6330,2669.1830,2607.6260,7163132900,67415688269.0000,0.040229,3.101743
2007-02-16,2692.6700,2676.7350,2717.5700,2660.4860,7590878500,71597577014.0000,0.042598,0.303603
2007-02-26,2679.2650,2707.6760,2710.3010,2641.1200,7453156000,70981612303.0000,0.041745,1.155920
2007-02-27,2717.8120,2457.4920,2719.5190,2454.9180,10773680700,101102755625.0000,0.060343,-9.239808
2007-02-28,2413.4220,2544.5710,2554.2260,2413.3270,8282257100,77148246135.0000,0.046370,3.543413
2007-03-01,2550.2600,2473.5440,2550.3280,2439.5030,8215965500,74299578237.0000,0.045995,-2.791319
2007-03-02,2468.6720,2508.7290,2523.8560,2455.8190,5794680500,54222099462.0000,0.032400,1.422455
2007-03-05,2503.8160,2475.6060,2541.8180,2409.7150,6851748800,63071754494.0000,0.038307,-1.320312
2007-03-06,2467.7410,2520.2930,2539.4530,2452.1420,5263315300,50261314068.0000,0.029389,1.805094
2007-03-07,2532.9750,2589.4360,2594.4580,2532.1480,5972094900,57623239829.0000,0.033290,2.743454
2007-03-08,2597.7150,2627.6300,2628.4480,2565.1090,5538655900,53907621543.0000,0.030874,1.474987
2007-03-09,2632.8000,2611.3930,2643.8090,2587.4880,7041132600,67933045137.0000,0.039201,-0.617926
2007-03-12,2612.9570,2616.1720,2619.4980,2563.3670,6246892100,60438197476.0000,0.034771,0.183008
2007-03-13,2620.7150,2640.1690,2641.6260,2605.2340,6578890800,62061191754.0000,0.036618,0.917250
2007-03-14,2609.9270,2597.3570,2625.1230,2546.6460,6895208800,66581939459.0000,0.038379,-1.621563
2007-03-15,2595.5430,2645.5460,2645.8770,2595.5430,6377848900,63266778524.0000,0.035432,1.855308
2007-03-16,2656.0090,2604.2260,2665.3900,2576.3160,7533185000,74777024467.0000,0.041843,-1.561864
2007-03-19,2533.7110,2659.4130,2674.7980,2523.3020,7398356600,72943661095.0000,0.041094,2.119133
2007-03-20,2669.6350,2672.7710,2674.4700,2645.2500,6124972600,61741482419.0000,0.033996,0.502288
2007-03-21,2685.9250,2702.5970,2702.9980,2666.8910,6461295700,68369315608.0000,0.035860,1.115918
2007-03-22,2720.4590,2711.3220,2740.2800,2702.4140,8330807400,86036277732.0000,0.046226,0.322841
2007-03-23,2710.3620,2716.2660,2726.6200,2653.7940,7391191900,76304490420.0000,0.041006,0.182350
2007-03-26,2725.3970,2764.0340,2764.3980,2713.9260,7607477300,77796101199.0000,0.042206,1.758584
2007-03-27,2770.3480,2784.0230,2789.9670,2753.0170,8072512700,84018394699.0000,0.044779,0.723183
2007-03-28,2787.2390,2797.6490,2806.0770,2689.1140,11220997000,112146081864.0000,0.062174,0.489435
2007-03-29,2802.3770,2783.3050,2830.0820,2782.9300,10656723900,113233436267.0000,0.058943,-0.512716
2007-03-30,2768.7100,2781.7840,2801.9450,2753.1470,6295070600,66536969255.0000,0.034620,-0.054647
2007-04-02,2793.9570,2850.1070,2850.1520,2793.9570,6924788300,76680507856.0000,0.037973,2.456086
2007-04-03,2861.8980,2888.1150,2888.3290,2852.5710,7701449500,87091853081.0000,0.042193,1.333566
2007-04-04,2893.3770,2911.8210,2924.6760,2875.6850,7550665800,88456071223.0000,0.041162,0.820814
2007-04-05,2909.5000,2945.0450,2950.6590,2895.4160,7413899100,85195598382.0000,0.040414,1.141000
2007-04-06,2921.7270,2972.0080,2977.4590,2911.0520,7910232800,93049572083.0000,0.042989,0.915542
2007-04-09,2988.3770,3038.1720,3043.0600,2988.3770,9090170500,106218793512.0000,0.049365,2.226241
2007-04-10,3053.3550,3081.5680,3081.6170,2993.1140,10088834200,119702215987.0000,0.054667,1.428359
2007-04-11,3092.0850,3121.3190,3121.5370,3059.2830,10166993500,124218923127.0000,0.055080,1.289959
2007-04-12,3129.2470,3176.4370,3176.6900,3114.9110,9253518600,118434112266.0000,0.050066,1.765853
2007-04-13,3182.7770,3169.2330,3211.6070,3154.1060,10065311600,129728360741.0000,0.054449,-0.226798
2007-04-16,3177.3030,3255.9980,3256.5660,3177.2910,8792894000,112706594206.0000,0.047404,2.737733
2007-04-17,3273.4300,3283.6040,3288.1660,3182.9510,10530710500,133823425844.0000,0.056770,0.847849
2007-04-18,3294.2130,3304.5010,3311.9810,3244.9340,10142670700,129242252479.0000,0.054531,0.636404
2007-04-19,3297.9460,3150.3030,3297.9460,3065.2820,11527000900,143830321586.0000,0.061258,-4.666302
2007-04-20,3165.6740,3289.2820,3297.4100,3165.6740,9446986900,118620474966.0000,0.049861,4.411608
2007-04-23,3330.7980,3431.3180,3433.5190,3330.7980,10995899100,137583437710.0000,0.057983,4.318150
2007-04-24,3462.4800,3445.1960,3490.8140,3418.3010,11464300600,149412298461.0000,0.060387,0.404449
2007-04-25,3432.0240,3448.2810,3467.8280,3376.0840,10058066900,129089171524.0000,0.052980,0.089544
2007-04-26,3465.1120,3493.5810,3493.9090,3438.8790,7899769000,107807045971.0000,0.041558,1.313699
2007-04-27,3499.9410,3470.5230,3503.8850,3436.0020,8069863600,113722809802.0000,0.042432,-0.660013
2007-04-30,3487.3580,3558.7090,3568.6840,3478.9280,9430286400,138081371497.0000,0.049328,2.541001
2007-05-08,3643.8130,3686.0300,3699.3670,3618.7820,10678873200,153677419723.0000,0.055654,3.577731
2007-05-09,3699.2960,3701.2770,3717.3400,3556.6150,14064835800,189060473164.0000,0.073281,0.413645
2007-05-10,3703.5250,3724.5100,3742.2310,3671.8130,11541992200,153159215466.0000,0.060068,0.627700
2007-05-11,3696.2940,3702.6120,3715.3660,3629.7130,8896176100,133773914663.0000,0.046227,-0.587942
2007-05-14,3648.2690,3734.4200,3769.1590,3620.8610,9109804900,137156727352.0000,0.046829,0.859066
2007-05-15,3739.0490,3604.6360,3751.6420,3600.2070,9357856800,138220188526.0000,0.048103,-3.475344
2007-05-16,3597.9970,3700.2870,3700.6460,3557.1980,8622926800,126693808241.0000,0.043913,2.653558
2007-05-17,3716.4380,3778.6050,3794.1600,3705.2750,9025647800,135459100312.0000,0.045882,2.116535
2007-05-18,3771.2710,3776.6290,3805.2080,3746.2420,8241889800,120741772539.0000,0.041693,-0.052296
2007-05-21,3650.8030,3831.4430,3843.8370,3643.0760,9847865000,145129793994.0000,0.049674,1.451406
2007-05-22,3849.0430,3870.4890,3893.1920,3849.0430,10961818400,161323370263.0000,0.055163,1.019091
2007-05-23,3879.7590,3938.9450,3939.4920,3853.9080,9852317100,147494467235.0000,0.049580,1.768667
2007-05-24,3953.8870,3919.7480,3972.5840,3858.5130,11381426400,172374226755.0000,0.056888,-0.487365
2007-05-25,3907.7300,3985.2520,3996.8530,3888.3080,9541661500,150809050028.0000,0.047568,1.671125
2007-05-28,4033.9210,4072.5780,4091.9350,4027.3630,11404185100,183212932635.0000,0.056846,2.191227
2007-05-29,4090.9030,4168.2890,4168.5290,4079.8680,11326722700,179476688188.0000,0.056064,2.350137
2007-05-30,3906.0410,3886.4590,4104.2000,3849.7010,13273914000,210318902841.0000,0.065651,-6.761290
2007-05-31,3828.7160,3927.9520,3991.7300,3683.5620,12607824800,193671975961.0000,0.062278,1.067628
2007-06-01,3953.1000,3803.9540,4014.1530,3780.0290,11993793900,193980269332.0000,0.059105,-3.156806
2007-06-04,3804.9580,3511.4310,3822.4090,3503.9390,9053101900,131296201550.0000,0.044536,-7.689977
2007-06-05,3406.9990,3634.6330,3635.1530,3246.7330,11376803800,150764921394.0000,0.055903,3.508602
2007-06-06,3652.8930,3677.5800,3712.5280,3550.7370,9595151000,135938464230.0000,0.047109,1.181605
2007-06-07,3694.5500,3802.3040,3802.3040,3684.4590,9419058100,137228579079.0000,0.046244,3.391466
2007-06-08,3814.1850,3837.8670,3861.2060,3769.1510,8907474200,136650655463.0000,0.043570,0.935301
2007-06-11,3876.0670,3931.8620,3937.7930,3870.2340,9098227700,140519100272.0000,0.044223,2.449150
2007-06-12,3953.9590,4036.1090,4036.3550,3834.0180,9938977400,158102391031.0000,0.048310,2.651335
2007-06-13,4071.7350,4118.2680,4146.5220,4064.1460,10945294500,165908854362.0000,0.053176,2.035604
2007-06-14,4103.5230,4075.8210,4132.0040,4022.7800,8660918000,133792269965.0000,0.042028,-1.030701
2007-06-15,4043.1110,4099.3810,4115.7250,4025.1000,6877960000,109234266882.0000,0.033376,0.578039
2007-06-18,4178.7620,4227.5690,4246.4000,4177.1900,8787291300,141848326711.0000,0.042582,3.127009
2007-06-19,4227.5920,4253.0000,4254.7150,4186.1760,8154047100,130523272510.0000,0.039502,0.601555
2007-06-20,4268.6550,4157.5990,4292.1980,4138.3310,8686301500,141060757569.0000,0.042080,-2.243143
2007-06-21,4140.6930,4197.2800,4208.8720,4110.9590,7373947100,121783095857.0000,0.035672,0.954413
2007-06-22,4203.1340,4051.4260,4220.9230,3970.3460,7955237400,127747673843.0000,0.038469,-3.474959
2007-06-25,4066.4530,3877.5900,4105.9860,3850.8400,7003104400,113432698719.0000,0.033734,-4.290735
2007-06-26,3804.4130,3928.2130,3929.3710,3752.9260,5888511400,87867741985.0000,0.028358,1.305522
2007-06-27,3946.8760,4040.4840,4053.4130,3912.1990,6529052000,102131620083.0000,0.031351,2.858068
2007-06-28,4038.3780,3858.5220,4067.8110,3857.8480,6685798000,98372047260.0000,0.032075,-4.503469
2007-06-29,3769.3310,3764.0780,3867.7480,3718.1610,5892087000,88527586075.0000,0.028251,-2.447675
2007-07-02,3746.1750,3757.6550,3801.9040,3644.1870,4974731000,71995865464.0000,0.023711,-0.170635
2007-07-03,3782.7780,3832.2270,3835.2890,3744.0150,4640912600,68887494467.0000,0.022120,1.984536
2007-07-04,3840.4120,3743.5820,3848.0760,3727.5620,3823371600,59055648042.0000,0.018223,-2.313146
2007-07-05,3688.3120,3537.4350,3706.5970,3535.0420,4322552700,61324055987.0000,0.020526,-5.506677
2007-07-06,3517.5990,3710.2830,3712.7420,3475.2710,5136651200,71894989944.0000,0.024371,4.886250
2007-07-09,3743.8690,3821.3020,3840.9880,3722.2310,5407311300,79270989350.0000,0.025655,2.992199
2007-07-10,3832.7560,3775.6210,3852.9330,3764.2490,5190786800,77184567956.0000,0.024628,-1.195428
2007-07-11,3751.4890,3789.8740,3797.8110,3732.2940,3362890700,51532285679.0000,0.015916,0.377499
2007-07-12,3799.1850,3816.9210,3839.2060,3780.0280,3136811900,45968043226.0000,0.014846,0.713662
2007-07-13,3825.0330,3820.1240,3829.6790,3773.9290,2689324200,38615513802.0000,0.012727,0.083919
2007-07-16,3824.9110,3697.9660,3830.3720,3697.2170,2993185700,44462951258.0000,0.014165,-3.197749
2007-07-17,3684.3350,3789.6510,3812.2530,3650.2530,3255385000,50158226605.0000,0.015406,2.479331
2007-07-18,3776.9400,3807.5740,3861.5090,3756.7040,4597582300,69467831664.0000,0.021758,0.472948
2007-07-19,3796.9150,3806.9970,3836.3850,3778.5090,3025846700,45728488495.0000,0.014314,-0.015151
2007-07-20,3808.0820,3971.8840,3971.8920,3808.0820,5527112100,81556214966.0000,0.026146,4.331155
2007-07-23,4009.0630,4156.7230,4157.3920,4009.0630,8527618600,125824176741.0000,0.040337,4.653688
2007-07-24,4187.3270,4161.3520,4241.5810,4143.5880,7609073500,112024884957.0000,0.035992,0.111360
2007-07-25,4163.3640,4255.4630,4256.0540,4163.3480,6459776600,101771761398.0000,0.030526,2.261545
2007-07-26,4282.6760,4303.1850,4325.9310,4244.0790,6549024300,103986605581.0000,0.030940,1.121433
2007-07-27,4277.5510,4307.1430,4318.3430,4225.0290,6502110900,105910068484.0000,0.030710,0.091979
2007-07-30,4305.1780,4410.2970,4426.3070,4303.7320,7544158300,121083501332.0000,0.035475,2.394948
2007-07-31,4402.5180,4460.5640,4467.6470,4359.5920,7137504200,118858591415.0000,0.033544,1.139767
2007-08-01,4479.2990,4290.4770,4496.2490,4271.0550,7936166500,128911216769.0000,0.037264,-3.813126
2007-08-02,4311.5990,4436.1920,4449.4020,4303.9750,6288753800,108357964805.0000,0.029528,3.396239
2007-08-03,4472.8940,4598.3790,4599.2480,4472.8940,7819047300,141287524336.0000,0.036714,3.655996
2007-08-06,4642.7800,4703.9840,4704.1880,4623.4890,7616427100,136599019538.0000,0.035729,2.296570
2007-08-07,4715.3890,4724.5470,4771.5840,4634.8680,8384713300,154638115713.0000,0.039333,0.437140
2007-08-08,4679.2200,4668.0870,4741.4480,4579.4040,8898800100,135476625298.0000,0.041744,-1.195034
2007-08-09,4666.4210,4777.2860,4779.1430,4666.2040,7202578600,117191335497.0000,0.033787,2.339271
2007-08-10,4765.8520,4726.6830,4771.6060,4631.0430,7496288100,123598269748.0000,0.035152,-1.059242
2007-08-13,4724.5160,4721.1920,4767.0800,4663.1990,8576316700,137189538115.0000,0.040165,-0.116175
2007-08-14,4721.4460,4795.5680,4803.5670,4704.1480,6115791100,105536840149.0000,0.028627,1.575364
2007-08-15,4804.6760,4798.7500,4836.5870,4697.9700,6346642700,109902913351.0000,0.029674,0.066356
2007-08-16,4772.3560,4721.9420,4772.9700,4665.2100,6359479400,110214697826.0000,0.029626,-1.600586
2007-08-17,4694.2000,4626.5830,4774.9880,4616.9660,6365212000,111565219727.0000,0.029646,-2.019485
2007-08-20,4749.2040,4885.4270,4885.8350,4747.2700,6781220400,119259346490.0000,0.031455,5.594707
2007-08-21,4915.5240,4972.7110,4995.5270,4909.8440,7444059300,132902401512.0000,0.034510,1.786623
2007-08-22,4899.9300,5051.6880,5075.8920,4887.1390,7402892500,138722276010.0000,0.034313,1.588209
2007-08-23,5075.5100,5135.9300,5154.8460,5028.1240,6805188200,130873214318.0000,0.031528,1.667605
2007-08-24,5161.1500,5217.5810,5231.1540,5158.0330,7376987500,134546099482.0000,0.034127,1.589797
2007-08-27,5250.6190,5243.1470,5296.5710,5191.2800,8263145400,149375480466.0000,0.038144,0.489996
2007-08-28,5220.6390,5251.7700,5270.3020,5136.6140,7506678900,140419665162.0000,0.034583,0.164463
2007-08-29,5215.6550,5171.8220,5283.3330,5138.3360,7292945600,138983549273.0000,0.033599,-1.522310
2007-08-30,5193.7260,5241.2280,5247.5720,5175.9970,6729849000,123820181450.0000,0.031000,1.342008
2007-08-31,5255.0910,5296.8130,5307.4170,5219.9890,6678035700,122862402252.0000,0.030698,1.060533
2007-09-03,5335.0490,5419.1690,5433.7450,5335.0490,8284916600,149612423441.0000,0.038080,2.309992
2007-09-04,5421.2540,5360.3330,5429.2060,5333.4940,7991483200,147686666917.0000,0.036706,-1.085700
2007-09-05,5357.5530,5363.2510,5389.3250,5265.0640,6536490200,122740698495.0000,0.030004,0.054436
2007-09-06,5389.4860,5412.0370,5448.8400,5365.4970,7060857400,128581017849.0000,0.032391,0.909637
2007-09-07,5382.9110,5294.7950,5402.7150,5284.6500,7929888000,145930428783.0000,0.036377,-2.166323
2007-09-10,5226.7360,5377.2220,5380.4560,5182.1010,6509567200,116768981158.0000,0.029849,1.556760
2007-09-11,5384.5590,5124.0920,5413.9990,5104.3470,6880669000,127249654110.0000,0.031551,-4.707456
2007-09-12,5102.5760,5202.8560,5212.6520,5059.4640,6157225300,113773908567.0000,0.028218,1.537134
2007-09-13,5230.6450,5349.9700,5351.5750,5212.0300,5974692900,118934715196.0000,0.027380,2.827567
2007-09-14,5362.4650,5397.2780,5405.8540,5274.2210,6029562600,118739158220.0000,0.027631,0.884259
2007-09-17,5389.5010,5498.9080,5504.7710,5387.6800,6940313200,131402296810.0000,0.031782,1.882993
2007-09-18,5524.0990,5476.8390,5533.5320,5405.1840,7162181000,140263032451.0000,0.032798,-0.401340
2007-09-19,5487.3770,5419.2680,5498.5940,5385.4240,5588006500,110132780632.0000,0.025541,-1.051168
2007-09-20,5436.6410,5494.9150,5501.3990,5430.3090,5671213600,113725795104.0000,0.025919,1.395889
2007-09-21,5508.5050,5468.0980,5516.1070,5357.5040,6110635600,121125874981.0000,0.027927,-0.488031
2007-09-24,5481.3820,5513.8950,5541.1340,5400.6790,5418481700,116678459265.0000,0.024760,0.837528
2007-09-25,5524.0160,5454.6150,5540.8730,5423.5250,4532623000,95494833346.0000,0.020712,-1.075098
2007-09-26,5433.6300,5361.0210,5489.8580,5338.3050,3917115600,84077769516.0000,0.017899,-1.715872
2007-09-27,5364.5290,5427.6570,5429.0520,5338.0440,3375905600,71569513515.0000,0.015415,1.242976
2007-09-28,5479.8530,5580.8130,5590.8490,5479.8530,4851462000,104224265195.0000,0.022132,2.821765
2007-10-08,5703.2800,5653.1360,5715.9070,5617.0970,6644970300,128709142343.0000,0.030211,1.295927
2007-10-09,5638.6330,5675.9270,5682.9670,5582.7710,5363349000,107594055433.0000,0.024386,0.403148
2007-10-10,5694.9860,5685.7590,5776.2090,5653.7890,6399445500,128506102704.0000,0.029092,0.173223
2007-10-11,5695.1280,5760.0780,5761.2160,5650.1040,6514110100,137428901787.0000,0.029553,1.307114
2007-10-12,5777.8980,5737.2210,5796.2800,5485.5640,7800106400,160588747295.0000,0.035374,-0.396816
2007-10-15,5761.8690,5821.4470,5824.9760,5690.0700,7068211100,155052082135.0000,0.032038,1.468055
2007-10-16,5851.5380,5877.2020,5885.4840,5815.6090,6469204900,135092342876.0000,0.028607,0.957758
2007-10-17,5862.3780,5824.1170,5891.7230,5797.6110,4886976800,108328401236.0000,0.021611,-0.903235
2007-10-18,5813.2390,5615.7470,5813.2390,5593.9880,4859563000,106494804569.0000,0.021468,-3.577711
2007-10-19,5651.0320,5614.0600,5711.4970,5563.7830,3846645700,84971542142.0000,0.016993,-0.030041
2007-10-22,5543.7930,5472.6770,5594.4970,5465.8540,3586749900,74730406208.0000,0.015845,-2.518379
2007-10-23,5467.8320,5540.0900,5541.9570,5373.0500,4189680000,90014313511.0000,0.018442,1.231812
2007-10-24,5564.4780,5588.0140,5644.9730,5553.3260,4466123800,99449964402.0000,0.019645,0.865046
2007-10-25,5549.6640,5333.7920,5556.5520,5312.8500,5082170600,103890714029.0000,0.022350,-4.549419
2007-10-26,5279.1000,5394.8070,5428.5760,5266.3720,3589596500,77283751807.0000,0.015461,1.143935
2007-10-29,5428.6830,5508.3570,5509.3450,5428.6830,3523397700,72353863135.0000,0.014613,2.104798
2007-10-30,5529.9650,5596.0680,5597.2650,5467.5230,3919392100,79727986835.0000,0.016255,1.592325
2007-10-31,5663.7560,5688.5430,5691.8650,5590.5400,5032946900,103782288703.0000,0.020866,1.652501
2007-11-01,5701.4870,5605.2320,5702.2110,5604.7900,4661247900,96342741683.0000,0.019325,-1.464541
2007-11-02,5514.8520,5472.9300,5565.6600,5448.9860,4328950000,93671082512.0000,0.017937,-2.360326
2007-11-05,5438.8110,5360.3050,5494.6160,5333.3820,3369501800,74190195900.0000,0.013955,-2.057856
2007-11-06,5331.3100,5317.5490,5406.1050,5295.7950,2705785400,56491531386.0000,0.011204,-0.797648
2007-11-07,5348.5560,5350.6290,5388.6390,5231.6140,3006134900,59639210961.0000,0.012448,0.622093
2007-11-08,5321.8630,5093.6690,5321.8630,5090.9590,3605489300,72978743527.0000,0.014930,-4.802425
2007-11-09,5042.7560,5040.5250,5129.1130,4962.3020,3458382600,67968651438.0000,0.014320,-1.043335
2007-11-12,4916.8170,4978.2520,5018.1070,4795.4310,3841392200,75901043266.0000,0.015906,-1.235446
2007-11-13,5024.5210,4939.2440,5082.6390,4866.1560,3686207900,74714823662.0000,0.015254,-0.783564
2007-11-14,5013.7820,5145.8880,5147.0140,4924.8160,3523154200,73449657338.0000,0.014570,4.183718
2007-11-15,5129.8130,5081.1130,5170.9680,5069.5190,3175946400,66609044829.0000,0.013134,-1.258780
2007-11-16,4999.8430,5007.6620,5021.7110,4917.4890,2331099100,47079247224.0000,0.009589,-1.445563
2007-11-19,5017.4040,4994.4160,5033.9470,4968.7330,2554810100,48969993127.0000,0.010382,-0.264516
2007-11-20,4962.6350,5069.3820,5099.5150,4916.4710,3356271400,66536134961.0000,0.013638,1.500993
2007-11-21,5087.2480,4997.6200,5135.2470,4993.2890,2680312200,53059452232.0000,0.010876,-1.415591
2007-11-22,4902.6270,4772.6170,4949.3350,4759.9060,2650771600,53714123123.0000,0.010749,-4.502202
2007-11-23,4733.3650,4856.1610,4857.0520,4711.7920,2014630500,41174112142.0000,0.008163,1.750485
2007-11-26,4931.5990,4800.0820,4954.1800,4795.3520,2362227600,48427046818.0000,0.009569,-1.154803
2007-11-27,4759.0060,4711.1520,4806.8280,4708.7980,2088684000,44831910258.0000,0.008461,-1.852680
2007-11-28,4724.4670,4648.7510,4760.6590,4619.5140,2248236800,45167305963.0000,0.009095,-1.324535
2007-11-29,4708.3840,4842.0700,4847.5760,4637.4820,3687299000,72895752103.0000,0.014914,4.158512
2007-11-30,4841.0760,4737.4080,4841.0760,4723.7870,2938369600,57402977557.0000,0.011867,-2.161506
2007-12-03,4714.9210,4772.6740,4809.2670,4689.5180,2225593400,43698299024.0000,0.008962,0.744408
2007-12-04,4786.6410,4829.2140,4886.5770,4786.6410,2264359200,43927028873.0000,0.009117,1.184662
2007-12-05,4829.9530,4965.9470,4970.1700,4815.6100,3176916500,61090180313.0000,0.012788,2.831370
2007-12-06,4986.2510,4971.0550,4999.9320,4928.1320,2371159100,47436272917.0000,0.009535,0.102869
2007-12-07,4979.8410,5041.3500,5041.7780,4977.8680,2719822300,50380400719.0000,0.010937,1.414085
2007-12-10,4961.6700,5133.5620,5138.6850,4944.8280,4278069100,82898155954.0000,0.017197,1.829112
2007-12-11,5162.0880,5140.0000,5181.4060,5068.0300,4058645700,82034387462.0000,0.016309,0.125410
2007-12-12,5108.5780,5077.3900,5130.7190,5033.7160,3982825100,83753500021.0000,0.016004,-1.218091
2007-12-13,5051.7840,4884.2980,5067.3900,4881.3400,3681959000,77125151925.0000,0.014795,-3.802983
2007-12-14,4827.3920,4977.6520,4979.1850,4800.2380,3072792500,61162569184.0000,0.012346,1.911309
2007-12-17,4976.2390,4857.2890,4977.5720,4855.1670,3701452200,76935382730.0000,0.014861,-2.418064
2007-12-18,4827.2600,4829.9090,4882.9950,4799.0040,2293007600,47447352486.0000,0.009205,-0.563686
2007-12-19,4877.7690,4946.2850,4961.5930,4865.3520,3210185800,60379853503.0000,0.012887,2.409486
2007-12-20,4968.0310,5037.1950,5048.0610,4935.4010,3131991700,59927497294.0000,0.012376,1.837938
2007-12-21,5016.4590,5101.8520,5103.7700,5014.7030,3725149400,73549811301.0000,0.014714,1.283596
2007-12-24,5142.1560,5207.1340,5239.2170,5129.6010,5031996700,103969755944.0000,0.019791,2.063598
2007-12-25,5217.5580,5216.8130,5244.0310,5180.5870,3897370500,79333659585.0000,0.015329,0.185883
2007-12-26,5231.9690,5265.0260,5273.1390,5194.7450,4146811500,83694909415.0000,0.016306,0.924183
2007-12-27,5286.9800,5367.5300,5367.5300,5260.1030,5234501800,109216836244.0000,0.020532,1.946883
2007-12-28,5379.5180,5338.2750,5391.6650,5323.8210,4536141500,95056654641.0000,0.017777,-0.545034
2008-01-02,5349.7630,5385.1030,5404.9280,5283.4480,4566871000,98886433471.0000,0.017614,0.877215
2008-01-03,5381.1470,5422.0340,5422.6730,5315.9480,6464587800,135983354875.0000,0.024929,0.685802
2008-01-04,5430.6300,5483.6500,5499.0850,5422.4560,5174642000,118866230641.0000,0.019947,1.136395
2008-01-07,5480.4420,5556.5930,5569.1520,5455.5010,5348540900,123189549972.0000,0.020507,1.330188
2008-01-08,5575.9500,5528.0540,5630.6240,5485.2340,6489950100,147975753744.0000,0.024882,-0.513598
2008-01-09,5507.1160,5613.7580,5614.6780,5490.3050,4679687200,108368103243.0000,0.017863,1.550340
2008-01-10,5631.6450,5672.1540,5707.6670,5602.5940,6422989300,144316455605.0000,0.024518,1.040230
2008-01-11,5688.5630,5699.1470,5702.5720,5629.6380,5616707900,122241534840.0000,0.021424,0.475889
2008-01-14,5717.5250,5731.7570,5756.9190,5679.2870,4984601000,109356397974.0000,0.019011,0.572188
2008-01-15,5743.4310,5696.4500,5754.1070,5652.0400,5088660800,119673141932.0000,0.019407,-0.615983
2008-01-16,5642.5660,5505.7170,5642.5660,5498.3900,5577446900,126634977042.0000,0.021272,-3.348285
2008-01-17,5445.8030,5365.6240,5533.6500,5226.6390,6193693300,136052424646.0000,0.023614,-2.544497
2008-01-18,5358.1830,5414.4680,5419.5700,5307.4960,4391300500,95080872876.0000,0.016742,0.910309
2008-01-21,5424.6400,5145.7340,5434.3490,5122.4630,4783361700,101540050167.0000,0.018232,-4.963256
2008-01-22,5015.4280,4753.8680,5032.2450,4708.3880,6077269200,126029341672.0000,0.023163,-7.615352
2008-01-23,4787.1710,4975.1110,4976.2720,4751.4990,5577638500,111006127504.0000,0.021256,4.653951
2008-01-24,5034.5330,5027.2130,5079.7960,4926.3740,5660598700,114169075408.0000,0.021552,1.047254
2008-01-25,5022.8960,5077.4290,5121.4080,4966.5190,4714210800,100680076889.0000,0.017948,0.998890
2008-01-28,5038.5070,4731.8830,5038.5070,4711.2770,4142528300,81460742897.0000,0.015743,-6.805538
2008-01-29,4742.9010,4762.0830,4845.6580,4688.7280,2906225600,58040616586.0000,0.011045,0.638228
2008-01-30,4817.1610,4710.6520,4858.1010,4606.1440,3409897600,72219233312.0000,0.012956,-1.080014
2008-01-31,4693.6070,4620.4010,4733.6990,4614.2820,3085258000,64311666805.0000,0.011721,-1.915891
2008-02-01,4623.6210,4571.9450,4660.9940,4414.1190,3512552800,67941469336.0000,0.013291,-1.048741
2008-02-04,4695.5460,4950.1240,4951.2480,4695.5460,4095314500,85660385508.0000,0.015496,8.271736
2008-02-05,4942.8750,4921.8290,4995.5740,4878.1190,3279635600,70626096586.0000,0.012206,-0.571600
2008-02-13,4858.8140,4816.0840,4883.2440,4785.8000,2147565900,43271699299.0000,0.007986,-2.148492
2008-02-14,4858.8490,4880.2520,4913.3180,4842.8470,1983778900,40152820965.0000,0.007372,1.332368
2008-02-15,4846.0240,4813.3110,4846.0240,4742.1010,2426260100,47298764901.0000,0.009016,-1.371669
2008-02-18,4875.2150,4910.9920,4944.8800,4845.3080,3059007800,61844630483.0000,0.011348,2.029396
2008-02-19,4926.8390,5020.7530,5020.7530,4885.6950,3617696500,74207768895.0000,0.013420,2.235001
2008-02-20,5032.7770,4908.7170,5062.2610,4901.6610,3955772200,84980855908.0000,0.014674,-2.231461
2008-02-21,4878.5690,4876.0300,4924.4490,4796.0990,3340361600,67932116459.0000,0.012381,-0.665897
2008-02-22,4850.8820,4702.2410,4850.8820,4649.8130,3791862700,77110349593.0000,0.014052,-3.564141
2008-02-25,4704.3160,4519.7830,4722.6360,4510.6950,3365200100,65323658083.0000,0.012471,-3.880235
2008-02-26,4637.6000,4515.5330,4668.8310,4394.5940,3327639000,67625962769.0000,0.012327,-0.094031
2008-02-27,4543.0970,4639.7680,4660.4080,4500.8900,2959239300,60311456890.0000,0.010849,2.751278
2008-02-28,4651.1570,4622.0560,4670.1730,4582.8230,2539817100,50332555405.0000,0.009311,-0.381741
2008-02-29,4616.2400,4674.5500,4683.1590,4597.6270,2335085800,47275050938.0000,0.008557,1.135721
2008-03-03,4648.7350,4790.7440,4803.9000,4611.7000,3925841100,79684960724.0000,0.014203,2.485680
2008-03-04,4813.4010,4671.1480,4836.6570,4657.3810,4512977700,88557686654.0000,0.016328,-2.496401
2008-03-05,4650.5180,4628.7240,4689.9670,4519.7430,3941799300,73479598041.0000,0.014252,-0.908210
2008-03-06,4645.0690,4685.0300,4746.5840,4592.6210,4440226800,85710623021.0000,0.016054,1.216440
2008-03-07,4641.7550,4621.6850,4693.2070,4597.0090,2869094500,60552444836.0000,0.010369,-1.352067
2008-03-10,4588.7270,4431.5890,4588.7650,4406.2320,3178035500,61147375746.0000,0.011475,-4.113136
2008-03-11,4393.2820,4441.1840,4441.1840,4315.1830,2627659200,52344309140.0000,0.009470,0.216519
2008-03-12,4534.8110,4309.6480,4553.3360,4308.3500,2714564400,55702634312.0000,0.009783,-2.961736
2008-03-13,4266.2730,4198.9600,4296.3640,4121.2750,3445130700,65769466347.0000,0.012408,-2.568377
2008-03-14,4179.4380,4157.8710,4212.4080,4092.7910,2342788500,45564248765.0000,0.008438,-0.978549
2008-03-17,4138.8770,3965.2790,4138.8770,3958.2920,2818096100,52376089129.0000,0.010075,-4.631987
2008-03-18,3924.8700,3763.9480,3996.9590,3700.3500,3452375100,58459478155.0000,0.012312,-5.077349
2008-03-19,3837.6030,3888.8610,3954.4660,3776.3010,3789847700,68823708412.0000,0.013514,3.318672
2008-03-20,3833.2050,4001.8320,4044.6920,3658.0400,4621294400,82432595360.0000,0.016479,2.904988
2008-03-21,3998.1970,4037.8300,4083.1630,3958.9670,4261516300,74985408749.0000,0.015196,0.899539
2008-03-24,4086.0700,3857.0910,4103.5740,3857.0910,3584243800,63943570220.0000,0.012780,-4.476142
2008-03-25,3780.4590,3905.7740,3937.6710,3747.0190,3224586300,58292419115.0000,0.011498,1.262165
2008-03-26,3926.8640,3914.3700,4001.5520,3888.0180,2803676300,52026059303.0000,0.009997,0.220089
2008-03-27,3847.4390,3748.9200,3873.6110,3745.8790,3200066800,55151411007.0000,0.011410,-4.226738
2008-03-28,3712.9800,3918.1560,3925.8560,3661.3810,4209677700,72726088760.0000,0.015009,4.514263
2008-03-31,3802.2060,3790.5300,3891.6600,3780.1220,2944084100,51166599954.0000,0.010488,-3.257297
2008-04-01,3776.2680,3582.8550,3815.1570,3566.2090,3530346200,58962080537.0000,0.012573,-5.478786
2008-04-02,3621.3880,3547.9770,3698.5260,3493.1840,4276588400,70102758265.0000,0.015165,-0.973468
2008-04-03,3518.2230,3650.6980,3665.6510,3457.6170,3298949300,54233901216.0000,0.011689,2.895198
2008-04-07,3611.9580,3845.8220,3854.0680,3578.3770,4048498200,70525926871.0000,0.014156,5.344841
2008-04-08,3852.0110,3891.0590,3935.3330,3820.1000,4406792200,76485916343.0000,0.015395,1.176265
2008-04-09,3857.2750,3688.1250,3911.6970,3687.5970,3899716800,64555767429.0000,0.013624,-5.215394
2008-04-10,3641.6600,3754.7150,3754.7150,3608.3160,2880439600,47152258251.0000,0.010036,1.805527
2008-04-11,3794.2970,3783.7280,3825.2950,3755.0150,2632859000,44418993019.0000,0.009173,0.772707
2008-04-14,3699.1420,3536.3270,3710.7860,3525.1850,3342704600,54637417005.0000,0.011606,-6.538554
2008-04-15,3513.0680,3583.2990,3583.8610,3417.2490,3065688600,48997126630.0000,0.010644,1.328276
2008-04-16,3573.6640,3494.0160,3583.8080,3483.1850,2652812000,42087715038.0000,0.009211,-2.491641
2008-04-17,3493.2380,3386.6300,3559.1000,3340.8750,2953061800,46829953187.0000,0.010251,-3.073433
2008-04-18,3356.5620,3272.4990,3390.5510,3248.5280,2788816200,42184118932.0000,0.009661,-3.370042
2008-04-21,3516.4250,3267.5540,3516.4250,3223.8860,4136230700,64657686523.0000,0.014316,-0.151110
2008-04-22,3207.8810,3296.2770,3301.5480,3122.3900,3253796900,47706441787.0000,0.011256,0.879041
2008-04-23,3267.3590,3453.7270,3467.4310,3245.2960,4427255300,67718617064.0000,0.015310,4.776599
2008-04-24,3739.3210,3774.5040,3781.4770,3659.7260,9657489600,149394569187.0000,0.032939,9.287846
2008-04-25,3781.9120,3803.0700,3915.8410,3737.9840,8481449100,147098326810.0000,0.028924,0.756819
2008-04-28,3740.9510,3729.1540,3791.7700,3711.1850,4883123500,85070654687.0000,0.016456,-1.943588
2008-04-29,3704.9270,3776.9430,3797.5280,3702.0210,4454044000,78895825483.0000,0.015004,1.281499
2008-04-30,3793.8530,3959.1190,3970.5750,3793.8530,6990977700,122637220696.0000,0.023512,4.823366
2008-05-05,4015.2120,4055.7790,4061.4720,3972.5610,6253407300,111004387244.0000,0.021010,2.441456
2008-05-06,4021.0730,4010.8880,4075.5750,3961.3440,5845928000,106198405592.0000,0.019469,-1.106843
2008-05-07,3986.1290,3821.3190,4042.4070,3821.1070,5445770600,98465318595.0000,0.018137,-4.726357
2008-05-08,3774.0440,3925.0410,3926.0040,3761.2800,4405566800,77839103296.0000,0.014646,2.714296
2008-05-09,3960.8860,3878.9240,3973.0580,3806.5190,5365592900,96377859470.0000,0.017819,-1.174942
2008-05-12,3804.9850,3904.9200,3952.7890,3766.5770,4538266000,81691485405.0000,0.015047,0.670182
2008-05-13,3786.5340,3851.6870,3923.1710,3778.7180,5033801200,79847321451.0000,0.016657,-1.363227
2008-05-14,3843.4700,3975.7820,3975.7950,3843.4700,5060690100,85230874948.0000,0.016715,3.221834
2008-05-15,4006.6580,3948.0880,4038.8520,3948.0620,5077297500,81795877187.0000,0.016744,-0.696570
2008-05-16,3948.0340,3936.1210,3982.2210,3882.8950,3972175200,66279363920.0000,0.012492,-0.303104
2008-05-19,3926.3140,3914.0720,3936.2770,3865.5000,2970958100,49755651499.0000,0.009310,-0.560173
2008-05-20,3911.0960,3710.8180,3946.4410,3698.5540,3970262900,64572032482.0000,0.012404,-5.192902
2008-05-21,3668.1810,3783.0490,3801.0670,3591.5660,4359616200,69179112266.0000,0.013594,1.946497
2008-05-22,3732.6410,3711.4440,3783.8490,3704.1570,4074271700,66281212014.0000,0.012695,-1.892785
2008-05-23,3697.8900,3675.1470,3741.0600,3629.0090,3344043100,52530762851.0000,0.010405,-0.977978
2008-05-26,3643.0120,3559.2170,3643.0120,3555.7620,2818019000,45524374429.0000,0.008750,-3.154430
2008-05-27,3549.9860,3576.1970,3594.6570,3533.4660,2476269300,39856280158.0000,0.007689,0.477071
2008-05-28,3583.2840,3676.2300,3697.9960,3561.7330,3103491400,49994772624.0000,0.009636,2.797188
2008-05-29,3666.1960,3580.8680,3677.0200,3578.7320,2942274000,46589022223.0000,0.009136,-2.594018
2008-05-30,3585.6050,3611.3300,3620.2250,3552.6620,2859084700,46886682679.0000,0.008874,0.850692
2008-06-02,3600.2340,3625.8260,3650.4780,3580.5800,2825335800,41966896768.0000,0.008763,0.401399
2008-06-03,3624.5720,3614.1110,3641.4290,3585.1240,3473514100,48796407585.0000,0.010747,-0.323095
2008-06-04,3601.0570,3546.9160,3605.0580,3513.6410,2941765300,42963714390.0000,0.009102,-1.859242
2008-06-05,3529.9780,3512.1380,3542.2440,3487.7920,2398927900,36565913535.0000,0.007421,-0.980516
2008-06-06,3519.1160,3489.5020,3532.2970,3470.5630,2094422900,30298595287.0000,0.006462,-0.644507
2008-06-10,3344.4530,3206.5620,3352.3210,3188.7960,3294996100,45818267251.0000,0.010165,-8.108318
2008-06-11,3155.9430,3140.2990,3181.8180,3097.3950,2940973500,40596532584.0000,0.009070,-2.066479
2008-06-12,3123.6400,3084.6330,3148.7420,3022.8760,3145410900,42817386727.0000,0.009692,-1.772634
2008-06-13,3087.3370,2979.1170,3108.9880,2975.6610,2531983700,33193994622.0000,0.007802,-3.420702
2008-06-16,2981.0850,2952.2420,3012.9930,2900.0750,2681379400,33731835264.0000,0.008173,-0.902113
2008-06-17,2950.3990,2842.6760,2977.8890,2820.6430,2646377800,32031255853.0000,0.008049,-3.711278
2008-06-18,2820.2370,2991.2730,3007.1800,2759.1070,4256009500,52826656390.0000,0.012945,5.227361
2008-06-19,2967.4020,2773.0760,2967.4020,2768.2250,3631903900,45264911721.0000,0.011045,-7.294454
2008-06-20,2795.4650,2849.6680,2946.9390,2691.8680,5167590500,65259567858.0000,0.015715,2.761989
2008-06-23,2798.4280,2789.9410,2845.4790,2771.3630,2663149300,32382379598.0000,0.008045,-2.095930
2008-06-24,2775.6900,2851.9150,2865.9030,2770.9870,3179245600,38885761934.0000,0.009603,2.221342
2008-06-25,2844.9220,2969.5370,2973.1730,2834.9450,4242526100,51619342913.0000,0.012815,4.124319
2008-06-26,2964.5160,2980.9070,3010.2780,2922.7860,4259931200,52508562502.0000,0.012836,0.382884
2008-06-27,2886.1800,2816.0210,2899.8360,2787.2520,4088655600,49324841031.0000,0.012315,-5.531404
2008-06-30,2782.8440,2791.8190,2834.2720,2747.6140,2529540600,31502446060.0000,0.007609,-0.859436
2008-07-01,2799.1950,2698.3470,2809.3810,2690.1810,2885158500,35242551782.0000,0.008303,-3.348074
2008-07-02,2702.6340,2699.5970,2745.9390,2670.0640,2791636500,35126248114.0000,0.008031,0.046325
2008-07-03,2654.4790,2760.6120,2807.6820,2617.2580,4566030500,58808144277.0000,0.013125,2.260157
2008-07-04,2751.2130,2741.8520,2783.8470,2716.0220,3790501000,47363589936.0000,0.010883,-0.679560
2008-07-07,2747.6110,2882.7630,2890.9850,2747.6110,5273202400,63284782084.0000,0.015130,5.139259
2008-07-08,2900.5710,2901.8410,2939.1430,2841.0730,5424807800,67887147510.0000,0.015565,0.661800
2008-07-09,2926.9960,3015.1260,3015.2710,2926.9960,6935696800,85846257404.0000,0.019898,3.903898
2008-07-10,2970.9840,2973.7280,3056.9050,2950.2000,6164955400,77643542657.0000,0.017651,-1.373009
2008-07-11,2962.8610,2953.4980,2988.1970,2913.8720,4428710100,55085357605.0000,0.012658,-0.680290
2008-07-14,2927.2400,2975.8740,2996.5920,2917.0230,3457504300,43920558758.0000,0.009874,0.757609
2008-07-15,2987.0610,2852.9790,2997.6660,2849.1990,4729275900,57118257308.0000,0.013451,-4.129712
2008-07-16,2818.7630,2745.5960,2824.8810,2702.6590,3940311500,45361333542.0000,0.011203,-3.763892
2008-07-17,2790.2590,2718.0680,2812.9920,2705.8090,3268733500,38054364882.0000,0.009293,-1.002618
2008-07-18,2746.5360,2815.4620,2818.0640,2690.0690,4020340200,47213298888.0000,0.011430,3.583199
2008-07-21,2792.8290,2911.0510,2915.2930,2780.2820,4511957700,54938055539.0000,0.012784,3.395148
2008-07-22,2905.2760,2904.7430,2931.4470,2890.2520,3881497600,47781613233.0000,0.010998,-0.216695
2008-07-23,2923.0490,2883.3200,2941.9720,2879.1850,3882123300,46949545125.0000,0.010983,-0.737513
2008-07-24,2905.0430,2977.3620,2979.7480,2902.9760,4853866500,60255656982.0000,0.013730,3.261587
2008-07-25,2939.3210,2939.2020,2967.7190,2916.6840,4057108100,47706187738.0000,0.011465,-1.281677
2008-07-28,2959.1130,2960.8510,2997.6040,2946.4920,3930864000,47089423706.0000,0.011085,0.736566
2008-07-29,2921.2480,2905.6300,2921.2480,2881.0500,3603627500,42192023708.0000,0.010162,-1.865045
2008-07-30,2940.0200,2884.3840,2949.9430,2866.0310,2981080000,34223911942.0000,0.008403,-0.731196
2008-07-31,2894.2460,2805.2100,2899.0690,2804.6980,2794096600,31179208420.0000,0.007874,-2.744921
2008-08-01,2786.1230,2840.7880,2868.6790,2748.7550,3403149100,39748408655.0000,0.009581,1.268287
2008-08-04,2816.9360,2773.1500,2832.8950,2767.5290,2278232400,27440272999.0000,0.006406,-2.380965
2008-08-05,2780.7610,2703.0790,2792.7420,2695.3720,3046923500,34770819668.0000,0.008530,-2.526758
2008-08-06,2723.5230,2721.6930,2749.0990,2679.6600,2740402200,31744599201.0000,0.007671,0.688623
2008-08-07,2717.6610,2720.4420,2747.8840,2683.4090,2337043900,26661008775.0000,0.006542,-0.045972
2008-08-08,2719.3750,2591.4620,2719.3750,2581.8110,3089458100,33617694686.0000,0.008646,-4.741141
2008-08-11,2579.8050,2456.8110,2580.7200,2442.7940,3212020600,32454532457.0000,0.008976,-5.195943
2008-08-12,2431.3830,2444.1550,2474.3240,2413.5970,2419194400,24459629832.0000,0.006747,-0.515140
2008-08-13,2427.4950,2444.6720,2466.0860,2369.5800,2755171100,27480615871.0000,0.007683,0.021156
2008-08-14,2429.9770,2443.5120,2461.2380,2410.4910,2015723600,21156177499.0000,0.005621,-0.047457
2008-08-15,2440.3900,2447.6150,2479.1510,2412.9490,2042226100,21296936036.0000,0.005672,0.167915
2008-08-18,2451.3110,2313.4020,2452.6260,2312.9510,2362310600,22662870912.0000,0.006528,-5.483415
2008-08-19,2285.5150,2348.4720,2356.1910,2273.8930,1947710600,18407578069.0000,0.005211,1.515942
2008-08-20,2332.3860,2532.9400,2533.3030,2312.1760,4504341500,44564422655.0000,0.012052,7.854810
2008-08-21,2494.2620,2443.9790,2535.8620,2438.8600,3751804000,39651327296.0000,0.010038,-3.512161
2008-08-22,2421.2490,2404.9280,2437.4320,2362.6310,2629824100,26183849138.0000,0.007010,-1.597846
2008-08-25,2408.0260,2400.5480,2439.9070,2373.7650,1864319000,18965202140.0000,0.004968,-0.182121
2008-08-26,2370.5280,2331.5320,2390.6550,2306.9360,2374193700,22262896076.0000,0.006327,-2.875015
2008-08-27,2322.5390,2325.2920,2367.7170,2291.3500,2386258400,23579970667.0000,0.006359,-0.267635
2008-08-28,2325.2620,2335.8650,2363.5630,2316.6820,2040029100,21711091860.0000,0.005436,0.454695
2008-08-29,2347.4000,2391.6400,2418.0510,2339.5180,2887784500,29000899630.0000,0.007685,2.387762
2008-09-01,2372.6380,2309.1710,2372.6380,2297.0230,2115280300,21384882095.0000,0.005618,-3.448220
2008-09-02,2292.6860,2285.4110,2309.2060,2268.0040,1844049800,18645029580.0000,0.004898,-1.028941
2008-09-03,2279.5980,2245.9640,2296.0320,2219.5590,2374947400,24066625119.0000,0.006308,-1.726026
2008-09-04,2238.6450,2251.1460,2270.4110,2216.1120,1898478000,18548580309.0000,0.005043,0.230720
2008-09-05,2193.0380,2183.4320,2221.0930,2172.9410,2165448000,19709566302.0000,0.005749,-3.007984
2008-09-08,2189.8220,2126.5180,2198.7610,2119.1240,2218655400,20114131884.0000,0.005886,-2.606622
2008-09-09,2135.2230,2139.1450,2150.9880,2111.4040,1762429800,15480632761.0000,0.004676,0.593785
2008-09-10,2124.9650,2143.1760,2181.2530,2099.2340,2205784400,20307095402.0000,0.005852,0.188440
2008-09-11,2135.4530,2072.1260,2141.9950,2067.2490,2217678100,20678010831.0000,0.005884,-3.315176
2008-09-12,2071.0610,2077.8460,2102.9790,2066.4370,1919702000,17652324498.0000,0.005086,0.276044
2008-09-16,2050.3160,2000.6510,2050.3160,1987.2980,3356326100,28769300455.0000,0.008888,-3.715143
2008-09-17,1981.2520,1929.1350,2003.9080,1923.5500,3286224200,26988614854.0000,0.008699,-3.574636
2008-09-18,1876.9650,1895.9900,1936.7350,1804.7700,4782026300,36844924114.0000,0.012657,-1.718128
2008-09-19,2065.7790,2073.1130,2073.1130,2046.2220,3652540400,32104719707.0000,0.009598,9.341982
2008-09-22,2228.3660,2207.6140,2258.4240,2130.3150,10199387300,98415575949.0000,0.026799,6.487875
2008-09-23,2141.6000,2123.4780,2180.3680,2118.9200,7836561700,69516678145.0000,0.020553,-3.811173
2008-09-24,2072.6520,2138.8530,2139.2220,2050.9670,4532818000,40183637783.0000,0.011879,0.724048
2008-09-25,2143.7290,2223.5320,2256.2710,2139.6160,7423791200,71758274921.0000,0.019455,3.959082
2008-09-26,2234.4590,2243.6570,2257.1610,2192.1290,5942994300,59518096758.0000,0.015529,0.905092
2008-10-06,2206.5630,2128.6960,2206.5630,2128.2710,4557526400,41827343311.0000,0.011905,-5.123820
2008-10-07,2043.9230,2102.4480,2136.1240,2024.6480,4306532500,41512000958.0000,0.011250,-1.233057
2008-10-08,2041.9910,2022.8810,2073.0670,2000.5220,3687470000,34689894735.0000,0.009613,-3.784494
2008-10-09,2059.5850,1995.2970,2063.3040,1993.0100,3358231100,31760285142.0000,0.008755,-1.363599
2008-10-10,1913.2650,1906.9600,1938.2150,1881.6730,3915159300,32924106745.0000,0.010207,-4.427262
2008-10-13,1889.7540,1985.4860,1985.6300,1841.5330,4353812000,37606423760.0000,0.011350,4.117863
2008-10-14,2054.4080,1934.6190,2060.4880,1934.4590,5433194600,48975116647.0000,0.014163,-2.561939
2008-10-15,1911.0320,1914.3560,1930.6340,1892.0150,3189239800,26555892254.0000,0.008314,-1.047393
2008-10-16,1833.4820,1820.9030,1866.9020,1818.9330,4052964800,32493846831.0000,0.010447,-4.881694
2008-10-17,1837.9140,1833.2620,1851.3320,1805.6670,2871542000,23017436110.0000,0.007402,0.678730
2008-10-20,1828.4140,1896.7330,1899.3470,1802.0950,3327715200,28435447591.0000,0.008578,3.462193
2008-10-21,1901.2440,1881.4060,1928.1940,1880.5170,3890839500,33588996418.0000,0.010029,-0.808075
2008-10-22,1854.6000,1833.3230,1887.3050,1832.4460,3296857200,26562835681.0000,0.008496,-2.555696
2008-10-23,1794.6810,1834.7800,1836.4130,1779.1340,3575865400,29078802729.0000,0.009213,0.079475
2008-10-24,1831.4630,1781.5980,1840.8840,1769.1100,3298066800,27101012205.0000,0.008442,-2.898550
2008-10-27,1746.6680,1654.6710,1746.6680,1652.7920,3644184700,27867517905.0000,0.009325,-7.124334
2008-10-28,1614.6160,1705.8200,1716.3060,1607.6740,4679280400,36435875520.0000,0.011973,3.091184
2008-10-29,1723.2340,1658.2230,1731.2560,1657.6530,3886948800,31224265101.0000,0.009946,-2.790267
2008-10-30,1669.9680,1697.6560,1723.9290,1646.3450,4128429200,32165805381.0000,0.010557,2.378026
2008-10-31,1688.0900,1663.6600,1696.6470,1655.0880,2831453400,21281902723.0000,0.007228,-2.002524
2008-11-03,1648.5560,1653.5420,1684.5590,1643.4180,2538109700,19514009916.0000,0.006479,-0.608180
2008-11-04,1646.2010,1627.7590,1648.4510,1606.7310,2610016500,18984761503.0000,0.006661,-1.559256
2008-11-05,1641.2640,1691.4200,1714.6610,1641.2640,4241821000,31500415037.0000,0.010823,3.910960
2008-11-06,1648.1270,1649.7760,1661.4410,1638.3440,3078417900,21547045143.0000,0.007854,-2.462076
2008-11-07,1618.7530,1677.8270,1690.1050,1612.7390,3152159000,23620464927.0000,0.008043,1.700293
2008-11-10,1714.1230,1801.6650,1803.1190,1714.1230,6394885900,47322292085.0000,0.016316,7.380857
2008-11-11,1795.3010,1781.3610,1824.9290,1778.3320,6607285100,49194274324.0000,0.016858,-1.126962
2008-11-12,1758.4790,1801.8230,1806.2300,1754.2880,4408796000,34453792525.0000,0.011249,1.148674
2008-11-13,1777.0310,1874.0820,1891.9420,1765.6350,8323455200,64988756213.0000,0.021237,4.010329
2008-11-14,1893.3090,1943.6540,1943.6540,1874.9320,9116871700,73429585039.0000,0.023241,3.712325
2008-11-17,1934.7370,1987.2250,1987.2250,1919.9670,8783662600,70919184237.0000,0.022358,2.241702
2008-11-18,1974.3780,1839.8190,1994.8200,1831.7570,9727835300,76165748641.0000,0.024758,-7.417681
2008-11-19,1831.5970,1953.1630,1959.5220,1823.2730,8211740800,64838117216.0000,0.020899,6.160606
2008-11-20,1916.7000,1932.4280,1976.9500,1900.2680,8318703800,66919038879.0000,0.021165,-1.061611
2008-11-21,1872.2650,1920.7350,1968.8920,1835.0860,8304932900,66124274844.0000,0.021061,-0.605093
2008-11-24,1913.9930,1837.6420,1923.9330,1835.8630,5056151700,39794620401.0000,0.012811,-4.326105
2008-11-25,1870.0550,1834.2940,1883.1040,1801.5600,4281459000,34629652337.0000,0.010848,-0.182191
2008-11-26,1832.1140,1843.4950,1865.6520,1815.0150,4556563500,34732301415.0000,0.011540,0.501613
2008-11-27,1961.8910,1870.4730,1969.0240,1870.0450,8800832200,71753358088.0000,0.022290,1.463417
2008-11-28,1851.1030,1829.9240,1866.2560,1815.4470,5159066000,40648514423.0000,0.013035,-2.167851
2008-12-01,1823.7690,1864.2050,1864.3000,1799.8390,4838633300,38237160240.0000,0.012207,1.873357
2008-12-02,1821.5430,1868.6310,1891.1330,1814.9030,6135023500,48151924129.0000,0.015477,0.237422
2008-12-03,1884.6010,1952.6680,1952.6680,1884.6010,8501914400,67393273254.0000,0.021419,4.497249
2008-12-04,1980.4450,1982.9280,2046.4730,1978.1410,11918344100,98580218133.0000,0.030027,1.549675
2008-12-05,1969.7410,2013.1750,2014.1970,1965.0890,7436632600,59950691704.0000,0.018711,1.525374
2008-12-08,2040.4740,2095.0360,2095.4650,2033.9780,10760713100,89176050245.0000,0.027074,4.066255
2008-12-09,2104.1240,2040.8470,2107.5990,2038.0720,9250981400,77546690089.0000,0.023241,-2.586535
2008-12-10,2028.5140,2096.3930,2096.3930,2014.2830,8327106200,70751388012.0000,0.020920,2.721714
2008-12-11,2087.4300,2046.3370,2107.2920,2043.6200,7355623600,63777696206.0000,0.018445,-2.387722
2008-12-12,2027.0690,1960.3800,2038.1850,1936.2800,6738726600,54866552688.0000,0.016880,-4.200531
2008-12-15,1991.5510,1975.0340,2006.2250,1941.0540,5045109600,40756443942.0000,0.012638,0.747511
2008-12-16,1956.9950,1994.4500,1994.9590,1919.8690,4792487800,38552247941.0000,0.012002,0.983066
2008-12-17,2002.0290,2001.4200,2030.3880,1995.6500,5868515000,49120177368.0000,0.014696,0.349474
2008-12-18,2001.0480,2045.1020,2045.9450,1982.4280,5842922400,48455152683.0000,0.014632,2.182551
2008-12-19,2037.3690,2052.1140,2075.3840,2033.1120,6331122700,53410396118.0000,0.015847,0.342866
2008-12-22,2050.7700,2017.5490,2055.3660,1993.3260,5294946400,43843460414.0000,0.013226,-1.684364
2008-12-23,2019.2310,1918.9550,2019.2310,1918.4320,6359046400,50825766644.0000,0.015884,-4.886820
2008-12-24,1893.2250,1887.0750,1912.7750,1872.6470,4420183100,34210526666.0000,0.011041,-1.661321
2008-12-25,1891.5260,1870.7650,1902.7140,1848.7080,3991683400,30805996716.0000,0.009931,-0.864297
2008-12-26,1868.3440,1862.0960,1881.0770,1850.5020,3456088800,28536313731.0000,0.008581,-0.463397
2008-12-29,1852.4130,1854.7570,1861.3020,1816.0590,3598687300,29329563341.0000,0.008839,-0.394125
2008-12-30,1852.9490,1833.4350,1867.4080,1824.5280,3758462700,29628506787.0000,0.009180,-1.149579
2008-12-31,1835.1050,1817.7220,1844.4160,1813.7260,3563135500,27291914244.0000,0.008711,-0.857026
2009-01-05,1848.3260,1882.9590,1882.9590,1837.8390,4818702000,39217076790.0000,0.011597,3.588939
2009-01-06,1880.6720,1942.7950,1948.4890,1873.0110,7097409700,59262170581.0000,0.017038,3.177768
2009-01-07,1942.6710,1931.1780,1959.2460,1930.8680,5970216700,50143418262.0000,0.014332,-0.597956
2009-01-08,1894.6640,1887.9910,1902.7960,1873.6480,5344649000,47210802398.0000,0.012830,-2.236304
2009-01-09,1886.4880,1918.3650,1923.4230,1886.4880,4740721600,41511211439.0000,0.011378,1.608801
2009-01-12,1911.7360,1920.6870,1947.0830,1905.6170,5423415600,46981492708.0000,0.013004,0.121042
2009-01-13,1892.6550,1876.1850,1908.1960,1874.9740,4981813700,40201464676.0000,0.011945,-2.316981
2009-01-14,1873.6260,1955.2440,1955.2440,1873.6260,5928323100,52658994886.0000,0.014214,4.213814
2009-01-15,1935.3860,1954.8740,1977.1910,1930.2950,7894364800,67144772684.0000,0.018917,-0.018923
2009-01-16,1965.4400,1990.2140,2026.6470,1965.4400,9653863300,84717648664.0000,0.023134,1.807787
2009-01-19,2010.5790,2012.4650,2052.1900,1993.9500,8194817700,69785530299.0000,0.019637,1.118019
2009-01-20,2006.5250,2025.1900,2025.1900,1986.0610,5325926200,45640127686.0000,0.012763,0.632308
2009-01-21,1993.6700,2021.7100,2047.1050,1988.2410,6411742800,59914192082.0000,0.015353,-0.171835
2009-01-22,2034.2860,2044.5510,2048.4840,2012.7380,5886194700,53439127032.0000,0.014094,1.129789
2009-01-23,2039.5220,2032.6820,2054.3260,2025.1880,5750410900,49887828217.0000,0.013768,-0.580520
2009-02-02,2052.4390,2057.0630,2059.3380,2029.7170,5145390600,46126546742.0000,0.012278,1.199449
2009-02-03,2056.7950,2108.9100,2108.9440,2049.8890,8764030200,75554097848.0000,0.020912,2.520434
2009-02-04,2118.5630,2166.4140,2166.4140,2117.0240,10088842800,87192159423.0000,0.024074,2.726724
2009-02-05,2164.5460,2150.9710,2211.1790,2135.6700,11510012200,101712444216.0000,0.027465,-0.712842
2009-02-06,2158.0840,2237.2800,2240.0210,2158.0840,10666490400,95640063068.0000,0.025452,4.012564
2009-02-09,2271.5930,2296.6720,2307.9070,2257.4900,12952367000,119886790885.0000,0.030858,2.654656
2009-02-10,2288.0710,2326.7550,2327.1000,2263.5320,11629454800,107891600946.0000,0.027690,1.309842
2009-02-11,2287.2320,2331.1380,2381.1930,2275.5740,14757663700,144588094957.0000,0.035138,0.188376
2009-02-12,2335.4010,2318.3430,2344.6590,2248.4840,11982621800,116050219818.0000,0.028486,-0.548870
2009-02-13,2321.5600,2399.0650,2402.4360,2307.0900,14040991000,134471079614.0000,0.033380,3.481880
2009-02-16,2421.1870,2462.2450,2462.3890,2397.1810,15234666900,147380378887.0000,0.036182,2.633533
2009-02-17,2460.5690,2385.2930,2470.6230,2384.7870,14101499100,137971308088.0000,0.033491,-3.125284
2009-02-18,2331.6620,2275.8430,2369.0530,2272.5050,11542206200,112455677669.0000,0.027412,-4.588533
2009-02-19,2295.6530,2298.4120,2324.6750,2259.5930,9085392800,88398854014.0000,0.021568,0.991680
2009-02-20,2300.8060,2344.3200,2344.7700,2276.2980,8663206900,85247213566.0000,0.020566,1.997377
2009-02-23,2333.8090,2410.4810,2419.5330,2307.9210,10946540300,109379770711.0000,0.025974,2.822178
2009-02-24,2376.6970,2301.8490,2411.9060,2294.5220,12701755500,127131165758.0000,0.030139,-4.506646
2009-02-25,2325.0390,2304.2510,2337.4230,2226.4440,10787752800,108878060725.0000,0.025597,0.104345
2009-02-26,2295.4260,2190.1850,2332.3460,2167.1490,10220038500,101795386404.0000,0.024243,-4.950238
2009-02-27,2164.5400,2140.4890,2186.8190,2117.0610,8707641500,80337456328.0000,0.020655,-2.269034
2009-03-02,2123.3670,2164.6660,2177.2940,2112.3360,6274618100,60877953675.0000,0.014649,1.129508
2009-03-03,2109.8410,2142.1540,2168.2220,2100.6440,6616731400,64109642424.0000,0.015430,-1.039974
2009-03-04,2150.2390,2285.1490,2290.9400,2150.2390,11075003300,105872088843.0000,0.025826,6.675284
2009-03-05,2314.0790,2304.9190,2340.3710,2259.8000,13198734700,128866644423.0000,0.030779,0.865152
2009-03-06,2260.7560,2286.5760,2313.2000,2255.8180,8596545000,85495320495.0000,0.020044,-0.795821
2009-03-09,2302.0110,2202.5270,2333.9800,2198.5450,8655594800,83758904259.0000,0.020139,-3.675751
2009-03-10,2175.3060,2240.7820,2241.2380,2168.3240,5666044900,55058099404.0000,0.013183,1.736863
2009-03-11,2288.0530,2220.3800,2292.3960,2212.8820,7083867600,70589122656.0000,0.016482,-0.910490
2009-03-12,2208.0410,2215.7000,2220.3030,2156.5980,5570011100,53843902595.0000,0.012960,-0.210772
2009-03-13,2229.2500,2205.4220,2250.2390,2200.9740,5408309400,54636247867.0000,0.012560,-0.463864
2009-03-16,2197.2480,2241.6140,2247.1100,2180.0510,4877385400,48128301349.0000,0.011321,1.641042
2009-03-17,2244.1100,2322.4030,2329.2980,2239.6680,9298052800,94028682141.0000,0.021581,3.604058
2009-03-18,2335.4170,2332.6520,2370.5580,2328.8560,10187007100,103619595621.0000,0.023633,0.441311
2009-03-19,2337.5240,2382.5640,2386.2280,2331.2590,9731876600,101348435416.0000,0.022567,2.139705
2009-03-20,2389.8920,2379.8380,2397.2070,2343.2690,10939673800,114786506801.0000,0.025368,-0.114418
2009-03-23,2384.6700,2439.3950,2448.3510,2375.5220,11631304900,127794033635.0000,0.026950,2.502571
2009-03-24,2477.5670,2451.7830,2483.8330,2440.5270,11199352500,121593359529.0000,0.025949,0.507828
2009-03-25,2435.6330,2401.3270,2472.9380,2401.0520,9581666000,105406227888.0000,0.022183,-2.057933
2009-03-26,2407.7620,2479.7890,2479.8260,2379.9510,11324945200,118048783001.0000,0.026218,3.267450
2009-03-27,2500.9980,2498.9310,2516.3840,2481.6870,13536854600,134140077362.0000,0.031324,0.771914
2009-03-30,2501.3120,2484.4870,2508.1380,2471.3670,9415166500,100003474431.0000,0.021666,-0.578001
2009-03-31,2436.7780,2507.7890,2507.8990,2423.5710,9546175200,106631226372.0000,0.021948,0.937900
2009-04-01,2519.8860,2548.2220,2566.5360,2519.8860,12630762500,137117558492.0000,0.029040,1.612291
2009-04-02,2558.7680,2576.4000,2599.2520,2558.2640,13514680600,143708978344.0000,0.031073,1.105790
2009-04-03,2597.9160,2570.5030,2612.3700,2555.6150,12365521600,131075730846.0000,0.028311,-0.228884
2009-04-07,2570.6250,2576.9500,2597.0620,2543.6460,8608325700,93919114170.0000,0.019665,0.250808
2009-04-08,2563.7220,2479.3480,2573.0930,2479.3480,9932809400,107144419762.0000,0.022691,-3.787503
2009-04-09,2477.4190,2517.6690,2517.7410,2457.4230,7459370300,82860990025.0000,0.017040,1.545610
2009-04-10,2540.1080,2595.5300,2595.5980,2530.6220,10414440800,121859853111.0000,0.023712,3.092586
2009-04-13,2621.9790,2656.5180,2668.2820,2619.3720,13901454100,156801973804.0000,0.031651,2.349733
2009-04-14,2651.1970,2676.8720,2682.9080,2637.3830,11049130400,126839876808.0000,0.025155,0.766191
2009-04-15,2662.7280,2686.9900,2690.6420,2627.8080,12066529200,133586130111.0000,0.027481,0.377976
2009-04-16,2690.5150,2687.1060,2706.6250,2643.3160,12372961300,131609724618.0000,0.028179,0.004316
2009-04-17,2675.6680,2650.6910,2693.2910,2628.6250,10152880800,116184839128.0000,0.023018,-1.355177
2009-04-20,2643.7260,2707.6670,2708.4520,2640.9890,9590369400,105081493422.0000,0.021625,2.149480
2009-04-21,2670.2770,2675.4420,2697.7190,2634.5290,10818525200,118473952840.0000,0.024388,-1.190143
2009-04-22,2687.8570,2576.2810,2713.3050,2563.3610,12404641300,131945283442.0000,0.027964,-3.706337
2009-04-23,2555.5270,2593.5640,2604.1620,2543.9070,8088794200,84795657156.0000,0.018207,0.670849
2009-04-24,2605.7030,2572.8880,2609.8740,2570.3790,7336096900,81956596002.0000,0.016475,-0.797205
2009-04-27,2566.9200,2513.2920,2576.5190,2499.4420,7203939000,75040611359.0000,0.015993,-2.316306
2009-04-28,2490.5260,2518.5310,2531.5440,2485.8020,5926498300,66247490056.0000,0.013157,0.208452
2009-04-29,2518.8540,2605.3700,2615.8100,2514.1410,8188500600,91496802664.0000,0.018168,3.448007
2009-04-30,2616.4850,2622.9260,2640.0170,2604.4520,8580934800,96903683541.0000,0.019014,0.673836
2009-05-04,2635.1290,2714.3010,2715.1890,2632.3030,10291656500,113351099936.0000,0.022804,3.483705
2009-05-05,2733.1070,2727.0140,2751.2520,2713.2340,10231372200,112641886139.0000,0.022667,0.468367
2009-05-06,2721.8170,2764.9790,2771.2060,2713.5390,10580665000,118232079901.0000,0.023415,1.392185
2009-05-07,2783.5770,2767.0760,2797.4740,2731.7990,12210116100,136965825071.0000,0.027022,0.075839
2009-05-08,2751.4990,2789.2190,2800.2230,2733.3320,10672498800,120873172676.0000,0.023587,0.800233
2009-05-11,2808.1390,2725.3160,2839.6090,2725.2670,12536445200,140455749853.0000,0.027650,-2.291074
2009-05-12,2702.7420,2788.5620,2788.6120,2699.9540,8869594200,93421458334.0000,0.019531,2.320688
2009-05-13,2792.4200,2814.0050,2822.7110,2775.5720,10711285600,123637957553.0000,0.023586,0.912401
2009-05-14,2781.0480,2792.5970,2804.4770,2757.5450,8263932900,96156100934.0000,0.018197,-0.760765
2009-05-15,2800.5710,2796.1160,2815.4560,2773.3220,6493143100,74973035097.0000,0.014297,0.126013
2009-05-18,2782.5850,2810.5730,2813.7570,2740.9200,7483578600,88479091592.0000,0.016420,0.517040
2009-05-19,2836.3370,2840.0840,2849.6290,2821.9510,9770361700,116543189416.0000,0.020938,1.049999
2009-05-20,2843.5450,2812.8650,2849.6350,2812.5990,8793921500,105146163717.0000,0.018821,-0.958387
2009-05-21,2795.8280,2750.0100,2808.2870,2735.7670,8553539400,102875828167.0000,0.018294,-2.234554
2009-05-22,2733.0170,2740.6770,2762.7410,2719.1210,6149901200,74407198653.0000,0.013148,-0.339381
2009-05-25,2684.2130,2752.7160,2761.3870,2675.2850,7409167100,91048816066.0000,0.015767,0.439273
2009-05-26,2757.3100,2719.7640,2762.8090,2718.5550,7231601200,88894895681.0000,0.015314,-1.197078
2009-05-27,2734.4180,2759.7120,2768.5680,2715.8230,6797664500,78602246106.0000,0.014368,1.468804
2009-06-01,2798.9270,2858.3420,2864.4710,2798.9270,10856488300,132967778067.0000,0.022930,3.573928
2009-06-02,2878.5280,2865.0990,2892.7810,2855.0590,10833839700,130131778040.0000,0.022857,0.236399
2009-06-03,2865.7320,2939.3870,2939.3870,2864.7090,11207331000,131606586444.0000,0.023562,2.592854
2009-06-04,2924.2670,2953.7510,2961.0400,2899.6680,13012771000,153770741770.0000,0.027357,0.488674
2009-06-05,2966.0650,2939.3060,2975.1750,2937.1800,10847632400,131347984386.0000,0.022763,-0.489042
2009-06-08,2937.6350,2948.4780,2978.2330,2912.4870,9611636600,114538935098.0000,0.020102,0.312051
2009-06-09,2948.9490,2960.5560,2960.9020,2892.7180,9198988600,108747415613.0000,0.019149,0.409631
2009-06-10,2972.4230,2989.5950,2995.6990,2966.5850,10179003900,116455490983.0000,0.021124,0.980865
2009-06-11,2982.9690,2961.6290,3000.8570,2951.2730,8711599700,101890292029.0000,0.018057,-0.935447
2009-06-12,2955.5690,2906.2860,2976.8640,2883.3180,8006706700,92135559576.0000,0.016591,-1.868668
2009-06-15,2911.4230,2966.1920,2967.0990,2898.0670,7435209000,92689634822.0000,0.015401,2.061256
2009-06-16,2936.5080,2961.2200,2979.4130,2929.0410,7017924200,89928387200.0000,0.014536,-0.167620
2009-06-17,2957.5760,3010.5880,3017.4090,2930.4940,7729311800,99945527361.0000,0.015988,1.667148
2009-06-18,3014.4370,3057.4280,3061.7470,3014.4370,9628131600,122777117707.0000,0.019915,1.555845
2009-06-19,3061.9030,3080.0010,3086.7200,3047.2700,10251806900,119434478996.0000,0.021170,0.738300
2009-06-22,3106.3870,3082.5630,3116.1550,3072.5340,10395258300,122685100457.0000,0.021459,0.083182
2009-06-23,3036.4040,3083.8950,3128.5270,3028.4540,11150673400,127094783710.0000,0.022994,0.043212
2009-06-24,3079.4950,3120.7300,3121.2070,3068.2420,10942431300,132431167614.0000,0.022531,1.194430
2009-06-25,3125.6620,3117.9210,3141.1660,3103.8710,8280688700,107706587875.0000,0.017039,-0.090014
2009-06-26,3126.2280,3128.4210,3137.0820,3109.3160,7050090800,88663497082.0000,0.014506,0.336763
2009-06-29,3132.1130,3179.9720,3182.4150,3122.1640,8499707500,107539211987.0000,0.017447,1.647829
2009-06-30,3191.6410,3166.4740,3195.7160,3159.6260,8678234700,118926140375.0000,0.017813,-0.424463
2009-07-01,3153.5370,3237.9030,3238.7920,3150.6540,9695056500,129830699673.0000,0.020154,2.255788
2009-07-02,3248.2040,3282.3590,3285.0930,3247.5730,11298929400,152594570796.0000,0.023488,1.372982
2009-07-03,3254.9300,3327.1350,3327.6690,3249.1100,10573259200,142531351824.0000,0.021814,1.364145
2009-07-06,3333.0960,3374.7530,3378.0550,3333.0960,13526404900,175857353189.0000,0.020613,1.431199
2009-07-07,3368.3300,3340.4930,3393.2240,3327.3540,12960079900,160450593377.0000,0.019750,-1.015186
2009-07-08,3306.4280,3352.2690,3368.0660,3261.3200,11386759200,147303052306.0000,0.017348,0.352527
2009-07-09,3348.2210,3396.3040,3396.4830,3334.6800,11308152300,148249544332.0000,0.017222,1.313585
2009-07-10,3398.9110,3398.3100,3428.0290,3375.9650,10617491200,140745850321.0000,0.016168,0.059067
2009-07-13,3382.5740,3361.0110,3403.7400,3358.5180,9961965100,132301021218.0000,0.015170,-1.097577
2009-07-14,3375.8730,3454.7530,3454.7530,3375.8730,10752042500,143258163937.0000,0.016341,2.789099
2009-07-15,3467.1320,3493.3050,3497.5080,3467.1320,13348300200,176773125049.0000,0.020287,1.115912
2009-07-16,3516.7780,3501.2400,3543.0190,3489.5620,12931332900,178974318282.0000,0.019653,0.227151
2009-07-17,3499.5100,3519.8090,3527.4650,3482.8710,10654970400,146140273258.0000,0.016191,0.530358
2009-07-20,3532.5190,3591.1230,3594.8720,3515.5340,13646853900,189689538401.0000,0.020734,2.026075
2009-07-21,3603.4020,3539.8320,3610.3260,3533.1620,13060096100,184934839282.0000,0.019842,-1.428272
2009-07-22,3532.6320,3606.9240,3607.3710,3532.3840,11523854600,168877710757.0000,0.017501,1.895345
2009-07-23,3613.5980,3651.9690,3653.8370,3596.3640,11638160900,160980372868.0000,0.017663,1.248846
2009-07-24,3672.2060,3667.5560,3687.4930,3591.8800,12797935200,182205122628.0000,0.019423,0.426808
2009-07-27,3680.1500,3743.6260,3744.2420,3669.5080,13880804000,200824101964.0000,0.021057,2.074135
2009-07-28,3745.5490,3755.8180,3756.7820,3705.0450,14626788500,210479421884.0000,0.022189,0.325677
2009-07-29,3741.7840,3558.5080,3765.5900,3453.6410,16740612600,226560268677.0000,0.025336,-5.253451
2009-07-30,3587.0470,3634.8180,3656.9220,3511.2910,13496887900,185493784271.0000,0.020421,2.144440
2009-07-31,3670.1910,3734.6220,3735.8040,3635.5480,13223983400,184431882907.0000,0.019961,2.745776
2009-08-03,3754.2180,3787.0330,3789.9350,3716.5730,13641589900,198440898510.0000,0.020301,1.403379
2009-08-04,3803.0610,3786.6150,3803.0610,3712.4310,14103573900,205134118106.0000,0.020989,-0.011037
2009-08-05,3781.4010,3740.9360,3789.1270,3691.9760,13344445300,194012131121.0000,0.019859,-1.206327
2009-08-06,3707.9070,3663.1200,3739.5780,3602.5750,11810152500,178406415790.0000,0.017492,-2.080119
2009-08-07,3655.4620,3555.0950,3686.5430,3539.6970,10057575100,148656081457.0000,0.014890,-2.948993
2009-08-10,3589.7160,3544.5390,3613.4570,3485.3640,8487068100,126564928658.0000,0.012546,-0.296923
2009-08-11,3558.6450,3556.3750,3569.1500,3509.7170,6449719700,95318920590.0000,0.009534,0.333920
2009-08-12,3546.5000,3397.4000,3546.5000,3390.3610,9253538600,131867958961.0000,0.013679,-4.470144
2009-08-13,3398.8890,3440.8200,3448.8620,3338.8480,8708180000,123584066605.0000,0.012872,1.278041
2009-08-14,3437.9510,3344.4620,3454.9450,3334.7290,8824862700,126573245767.0000,0.013045,-2.800442
2009-08-17,3283.4360,3140.2710,3319.8040,3137.4770,9172390200,121242721313.0000,0.013542,-6.105344
2009-08-18,3110.7080,3171.9860,3186.8150,3083.2030,7734303500,100691271214.0000,0.011315,1.009948
2009-08-19,3178.2810,3014.5680,3183.0070,2982.2220,8160402000,104778744883.0000,0.011935,-4.962757
2009-08-20,3021.2510,3144.3900,3146.5680,3021.2510,7951921600,107656322586.0000,0.011630,4.306480
2009-08-21,3135.3730,3203.6240,3221.1660,3113.7040,8661680500,113910783483.0000,0.012668,1.883804
2009-08-24,3222.3970,3229.6000,3241.5240,3178.8560,8041406800,110907923668.0000,0.011744,0.810834
2009-08-25,3210.8510,3109.8300,3210.8510,3019.1190,9753013900,128446120873.0000,0.014242,-3.708509
2009-08-26,3082.6800,3172.3860,3203.7860,3065.4630,8203640400,109792468845.0000,0.011979,2.011554
2009-08-27,3149.5660,3156.3010,3212.2700,3116.8940,8012520100,103604608420.0000,0.011700,-0.507030
2009-08-28,3152.0370,3046.7810,3168.1910,3030.7310,8401794600,108787276883.0000,0.012268,-3.469885
2009-08-31,3003.5430,2830.2710,3003.5430,2825.7670,8451731100,105568316049.0000,0.012318,-7.106189
2009-09-01,2804.5840,2843.7000,2901.2770,2795.4860,7053530600,87743214169.0000,0.010280,0.474476
2009-09-02,2824.6410,2890.9260,2904.7860,2813.6180,6084338600,76293192942.0000,0.008867,1.660726
2009-09-03,2898.4490,3051.9640,3059.9870,2892.6490,9315744700,118821388280.0000,0.013577,5.570467
2009-09-04,3055.3470,3077.1420,3099.3850,3038.9900,8698471500,116181665634.0000,0.012671,0.824976
2009-09-07,3097.7890,3104.2080,3153.2270,3078.1260,8279074000,113813192654.0000,0.012056,0.879580
2009-09-08,3084.1990,3170.9670,3170.9670,3047.3000,8396563400,117969333590.0000,0.012226,2.150598
2009-09-09,3188.3110,3194.9090,3207.3880,3143.7390,9119115500,131813702373.0000,0.013278,0.755035
2009-09-10,3179.1870,3162.9140,3204.1240,3150.1720,6656600700,91467422572.0000,0.009692,-1.001433
2009-09-11,3152.8150,3238.1330,3253.4520,3152.6890,8068966000,108989361370.0000,0.011749,2.378155
2009-09-14,3248.3480,3293.3940,3298.9050,3240.5340,8739388300,117064809248.0000,0.012632,1.706569
2009-09-15,3298.8100,3302.6420,3325.7430,3264.9490,8709217700,116411498836.0000,0.012575,0.280806
2009-09-16,3290.3870,3258.2360,3296.9400,3212.4450,8824448100,123641482344.0000,0.012741,-1.344560
2009-09-17,3274.5820,3320.0960,3329.1160,3274.5820,9133340400,125325999692.0000,0.013183,1.898569
2009-09-18,3325.0610,3199.6890,3330.4320,3170.9620,10048840400,131631978332.0000,0.014505,-3.626611
2009-09-21,3163.5120,3208.6040,3210.6430,3090.6070,7280197400,99685177047.0000,0.010506,0.278622
2009-09-22,3196.0090,3131.0260,3237.2170,3131.0160,7342510100,101633736512.0000,0.010593,-2.417815
2009-09-23,3130.1420,3060.0690,3159.1730,3041.4150,6601371600,89049563859.0000,0.009514,-2.266247
2009-09-24,3041.8200,3080.9260,3122.0550,2989.2360,6515210200,86891307312.0000,0.009389,0.681584
2009-09-25,3057.1060,3058.5280,3090.0690,3028.4070,4582049200,60733021040.0000,0.006603,-0.726988
2009-09-28,3066.3680,2972.6430,3088.0810,2959.7440,4191835200,54593201741.0000,0.006039,-2.808050
2009-09-29,2975.5310,2972.2860,2998.5500,2923.9260,4593235200,56674417416.0000,0.006601,-0.012015
2009-09-30,2992.9800,3004.8050,3033.7380,2988.2920,4218452400,54803607410.0000,0.006062,1.094075
2009-10-09,3078.7530,3163.7080,3164.0310,3071.2700,5687104000,76061663011.0000,0.008173,5.288299
2009-10-12,3181.5810,3151.6320,3193.5900,3151.2560,5896196000,81562328647.0000,0.008472,-0.381702
2009-10-13,3144.0220,3198.5170,3199.9210,3140.4980,5071370400,68577125621.0000,0.007287,1.487642
2009-10-14,3209.0650,3227.3990,3276.5530,3204.3140,8097812000,111183227114.0000,0.011635,0.902976
2009-10-15,3258.5460,3239.6430,3287.6280,3227.0880,6056201000,85391959068.0000,0.008701,0.379381
2009-10-16,3250.1020,3241.7090,3268.4250,3188.4340,5563625500,78892050311.0000,0.007376,0.063770
2009-10-19,3238.8480,3329.1580,3330.7890,3231.8070,7768314300,113841454115.0000,0.010272,2.697620
2009-10-20,3355.3580,3377.5740,3379.6300,3343.0180,8942627800,128508372174.0000,0.011825,1.454302
2009-10-21,3375.0270,3369.2850,3414.6570,3358.5500,8348894000,117445160682.0000,0.011040,-0.245415
2009-10-22,3364.1450,3347.3200,3381.1450,3341.4150,6093658300,87978516122.0000,0.008058,-0.651914
2009-10-23,3354.9840,3413.2520,3436.3910,3354.9840,8672542900,120908995107.0000,0.011468,1.969692
2009-10-26,3421.6960,3414.2390,3432.8950,3385.4400,6844252400,97800974844.0000,0.009050,0.028918
2009-10-27,3384.2940,3314.7220,3392.1020,3314.3230,7420955100,105228807264.0000,0.007376,-2.914766
2009-10-28,3303.7730,3329.3270,3337.1670,3258.2740,6259484900,86228533019.0000,0.006222,0.440609
2009-10-29,3265.1860,3247.0510,3291.1800,3239.0050,6130535400,84414939041.0000,0.006088,-2.471246
2009-10-30,3305.3760,3280.3720,3329.5400,3276.3180,6064706200,84226415461.0000,0.006023,1.026194
2009-11-02,3205.8350,3392.8030,3394.7240,3198.3090,8198115800,110679455347.0000,0.008141,3.427383
2009-11-03,3402.5280,3435.4250,3447.4810,3397.2550,8379109800,115935434869.0000,0.008321,1.256249
2009-11-04,3443.5170,3453.8880,3476.3400,3415.2160,8606527300,117780698755.0000,0.008547,0.537427
2009-11-05,3458.8650,3464.3180,3471.8300,3432.2600,8064778400,103539079575.0000,0.008009,0.301984
2009-11-06,3491.0750,3483.0210,3506.0270,3474.3640,9219031500,124138421517.0000,0.009155,0.539872
2009-11-09,3487.1070,3495.7880,3495.8870,3452.6140,7805090400,108916000934.0000,0.007751,0.366552
2009-11-10,3520.3950,3503.7760,3532.1860,3501.4990,8430098700,116073645890.0000,0.008372,0.228498
2009-11-11,3500.5860,3495.6740,3514.8290,3468.8590,7262632100,100494402438.0000,0.007208,-0.231231
2009-11-12,3506.9520,3499.9920,3529.0610,3487.6800,7996266100,106569499622.0000,0.007934,0.123520
2009-11-13,3489.5380,3518.7220,3518.8940,3445.3600,9121017100,122356578945.0000,0.009039,0.535144
2009-11-16,3541.0530,3625.7980,3625.8870,3541.0530,12315732300,170544813035.0000,0.012204,3.043041
2009-11-17,3644.9620,3628.3540,3649.4220,3619.9860,9739136800,135058674684.0000,0.009648,0.070492
2009-11-18,3633.8510,3630.2290,3652.8090,3612.7940,8922628300,119034890321.0000,0.008839,0.051676
2009-11-19,3638.0730,3642.4370,3653.8990,3604.6120,9494009500,125514316335.0000,0.009405,0.336288
2009-11-20,3630.5760,3631.0130,3658.2140,3597.3060,9475075100,127585253384.0000,0.009387,-0.313638
2009-11-23,3636.5290,3665.5090,3666.2700,3628.1950,9399094100,135750450821.0000,0.009311,0.950040
2009-11-24,3680.7460,3548.0800,3698.1290,3538.8580,14756682200,203721992217.0000,0.014618,-3.203619
2009-11-25,3541.5120,3629.6290,3630.3010,3508.0570,11460232900,157030857712.0000,0.011353,2.298393
2009-11-26,3635.7900,3485.7730,3646.6070,3472.9480,12788237900,180809383854.0000,0.012668,-3.963379
2009-11-27,3440.3430,3382.5100,3480.9310,3367.2930,8929468800,125775998834.0000,0.008841,-2.962412
2009-11-30,3415.0770,3511.6690,3511.7650,3415.0770,8441534100,117377393884.0000,0.008341,3.818435
2009-12-01,3507.5590,3560.8310,3566.7800,3485.5240,10151863900,138002623609.0000,0.010002,1.399964
2009-12-02,3578.8690,3597.3290,3607.5610,3570.2870,9805203300,138929251793.0000,0.009657,1.024987
2009-12-03,3596.9520,3590.8760,3603.1220,3551.4820,8997857200,128562629236.0000,0.008861,-0.179387
2009-12-04,3581.6270,3643.4910,3646.2630,3530.0580,13413090100,188843990614.0000,0.013208,1.465241
2009-12-07,3644.6250,3668.8320,3672.7980,3633.4450,9122554600,131991687622.0000,0.008941,0.695516
2009-12-08,3670.8070,3624.0190,3671.0420,3590.9410,8294086400,118750858921.0000,0.008129,-1.221451
2009-12-09,3579.2820,3554.4780,3603.6960,3543.4240,6852150700,97091971849.0000,0.006714,-1.918892
2009-12-10,3579.8260,3577.2370,3601.2890,3544.9010,5756373800,81151398823.0000,0.005640,0.640292
2009-12-11,3589.4080,3575.0200,3614.9520,3568.5060,5455091200,74282930261.0000,0.005345,-0.061976
2009-12-14,3572.5310,3612.7530,3623.2730,3495.6390,8378502100,113441731758.0000,0.008210,1.055460
2009-12-15,3594.5100,3583.3410,3620.3220,3578.2830,6918649300,98783625773.0000,0.006779,-0.814112
2009-12-16,3568.2800,3560.7230,3610.6850,3550.6670,5696391200,81340897367.0000,0.005581,-0.631203
2009-12-17,3571.0520,3480.1530,3582.4390,3475.8440,6328620100,86756667103.0000,0.006201,-2.262738
2009-12-18,3450.0450,3391.7350,3453.3480,3385.6750,6611101500,89137672408.0000,0.006477,-2.540634
2009-12-21,3386.3260,3396.6220,3404.6420,3354.6520,4832980500,69055779059.0000,0.004716,0.144085
2009-12-22,3402.2280,3305.5430,3404.7540,3296.7650,5394268500,75498512042.0000,0.005251,-2.681461
2009-12-23,3303.7290,3336.4800,3342.9880,3296.2920,4806450400,67948267136.0000,0.004678,0.935913
2009-12-24,3346.7630,3438.8170,3445.7040,3339.2980,6437782300,94811625085.0000,0.006265,3.067212
2009-12-25,3434.3260,3424.7830,3441.9560,3410.6670,4691457600,68701833803.0000,0.004566,-0.408104
2009-12-28,3432.8200,3478.4330,3489.5740,3432.8200,5537539000,78965998321.0000,0.005389,1.566527
2009-12-29,3481.9030,3500.7370,3501.2470,3451.1770,5553576500,78053673797.0000,0.005420,0.641207
2009-12-30,3503.8160,3558.8570,3561.4360,3498.3770,8842937000,124684572895.0000,0.008630,1.660218
2009-12-31,3561.3670,3575.6840,3579.5180,3542.3800,6924189000,98004030329.0000,0.006756,0.472824
2010-01-04,3592.4680,3535.2290,3597.7480,3535.2290,6610108000,93419838921.0000,0.006395,-1.131394
2010-01-05,3545.1860,3564.0380,3577.5260,3497.6610,8580964100,128302442618.0000,0.008301,0.814914
2010-01-06,3558.7000,3541.7270,3588.8320,3541.1730,7847312500,121045989916.0000,0.007591,-0.626004
2010-01-07,3543.1600,3471.4560,3558.5560,3452.7690,8035003700,120436166283.0000,0.007773,-1.984089
2010-01-08,3456.9080,3480.1300,3482.0830,3426.6980,6079025300,90190959969.0000,0.005880,0.249861
2010-01-11,3593.1060,3482.0520,3594.5280,3465.3170,8998017200,134114001104.0000,0.008543,0.055231
2010-01-12,3477.8420,3534.9160,3535.4070,3437.6610,9374327800,134071416354.0000,0.008901,1.518186
2010-01-13,3448.2910,3421.1440,3490.1120,3415.6930,11245790100,159860384574.0000,0.010677,-3.218520
2010-01-14,3433.4720,3469.0510,3470.3230,3411.8120,8335325200,118107870086.0000,0.007914,1.400321
2010-01-15,3472.5240,3482.7380,3500.0720,3448.6610,7254310200,104035175785.0000,0.006885,0.394546
2010-01-18,3471.7770,3500.6840,3501.2600,3458.0420,8285430700,117884258544.0000,0.007864,0.515285
2010-01-19,3506.8060,3507.4820,3528.3900,3497.0940,7488323200,108023525533.0000,0.007107,0.194186
2010-01-20,3512.2460,3394.4340,3515.4490,3387.8180,9249514600,128416164613.0000,0.008779,-3.223049
2010-01-21,3397.0430,3408.5740,3425.1800,3364.7230,7059506800,100076607006.0000,0.006700,0.416561
2010-01-22,3364.4520,3366.1970,3390.7960,3293.1940,8893340400,119197815814.0000,0.008441,-1.243246
2010-01-25,3340.0130,3328.0140,3372.4260,3326.2660,5684917100,76626626843.0000,0.005384,-1.134310
2010-01-26,3328.1130,3242.7970,3341.1980,3222.1400,6175223100,81586059213.0000,0.005848,-2.560590
2010-01-27,3243.0380,3198.5660,3255.1160,3183.3650,5269139400,70540273182.0000,0.004989,-1.363983
2010-01-28,3195.2890,3206.5700,3220.3060,3168.4630,4699071600,64082115658.0000,0.004449,0.250242
2010-01-29,3190.3150,3204.1550,3249.4550,3176.9160,5026261300,68018118702.0000,0.004758,-0.075315
2010-02-01,3198.2300,3152.7070,3198.3110,3116.4390,5700138000,75982150475.0000,0.005396,-1.605665
2010-02-02,3170.7780,3146.1890,3211.9410,3143.0850,5013003300,68318412373.0000,0.004746,-0.206745
2010-02-03,3160.7120,3230.7150,3231.1020,3094.5680,6479889400,87536249983.0000,0.006134,2.686619
2010-02-04,3206.4310,3218.8020,3242.5190,3190.4370,5897272600,75466552963.0000,0.005583,-0.368745
2010-02-05,3147.7210,3153.0870,3177.4200,3129.9210,5910584500,73693132366.0000,0.005590,-2.041601
2010-02-08,3152.2530,3150.9880,3172.3060,3133.8080,3735595100,47902429250.0000,0.003533,-0.066566
2010-02-09,3147.7610,3169.1900,3178.9470,3144.4780,3595315800,45222660374.0000,0.003400,0.577657
2010-02-10,3195.1420,3214.1300,3214.4560,3182.8340,3421989400,48152144637.0000,0.003236,1.418026
2010-02-11,3216.6880,3220.3980,3238.3490,3207.1650,3579105200,46999712971.0000,0.003385,0.195016
2010-02-12,3232.8790,3251.2780,3253.1960,3228.7380,3405823800,46703220577.0000,0.003221,0.958892
2010-02-22,3248.9470,3233.3450,3261.9490,3232.7840,3828377200,49981333658.0000,0.003620,-0.551571
2010-02-23,3225.3930,3198.6340,3225.3930,3152.9340,4274289800,62386076936.0000,0.004042,-1.073530
2010-02-24,3177.0820,3244.4830,3244.8160,3165.1330,4998943700,64414097361.0000,0.004727,1.433389
2010-02-25,3252.1530,3292.1280,3294.1440,3249.3290,6758661700,89485801632.0000,0.006391,1.468493
2010-02-26,3286.0950,3281.6660,3301.1490,3273.6930,5210728800,70171666128.0000,0.004927,-0.317786
2010-03-01,3290.0070,3324.4230,3330.3780,3287.5560,6050452000,81205689009.0000,0.005716,1.302908
2010-03-02,3327.1030,3311.2360,3339.8940,3299.6850,5703437400,76233992315.0000,0.005388,-0.396671
2010-03-03,3313.0230,3335.0810,3335.6540,3293.9160,6062273200,78442132954.0000,0.005727,0.720123
2010-03-04,3338.6740,3250.5730,3345.9090,3244.9780,6934681000,89462913752.0000,0.006552,-2.533913
2010-03-05,3253.1640,3259.7640,3276.4030,3239.6770,4562913800,59621178434.0000,0.004311,0.282748
2010-03-08,3268.3970,3286.1780,3293.9300,3258.0340,4154087600,54686555117.0000,0.003924,0.810306
2010-03-09,3285.6200,3305.8630,3322.5060,3255.9820,5419948600,71971297725.0000,0.005120,0.599026
2010-03-10,3304.0360,3279.6940,3321.0810,3267.7610,4642107900,61760429281.0000,0.004385,-0.791592
2010-03-11,3282.1990,3276.7050,3303.4880,3251.7040,4748775400,63732658851.0000,0.004485,-0.091137
2010-03-12,3277.3090,3233.1260,3284.2630,3232.1170,3995734400,52611210820.0000,0.003774,-1.329967
2010-03-15,3231.2160,3183.1830,3234.8210,3171.8030,3784430400,49219898122.0000,0.003568,-1.544724
2010-03-16,3183.7750,3203.9710,3204.2890,3169.0980,3084778000,41510426396.0000,0.002908,0.653052
2010-03-17,3214.2160,3273.9160,3273.9980,3207.2710,4580093400,62587395428.0000,0.004317,2.183074
2010-03-18,3277.8830,3267.5550,3295.3680,3256.5930,4694801300,62509130228.0000,0.004424,-0.194296
2010-03-19,3270.9780,3293.8710,3296.4110,3251.1360,4606218700,62114230718.0000,0.004338,0.805378
2010-03-22,3297.8240,3302.6280,3313.9220,3288.5060,4943946200,65652976792.0000,0.004656,0.265852
2010-03-23,3305.5540,3275.5730,3309.1200,3272.9210,4653953600,62145531443.0000,0.004383,-0.819194
2010-03-24,3282.0520,3276.6690,3298.5430,3271.0330,4454796600,58330301241.0000,0.004195,0.033458
2010-03-25,3270.3900,3229.1280,3270.3900,3222.8210,4498428500,58604759567.0000,0.004235,-1.450895
2010-03-26,3226.8000,3275.0020,3285.3880,3220.5940,4744496500,61592843185.0000,0.004467,1.420632
2010-03-29,3295.7630,3358.5400,3363.6050,3293.6710,8472491000,110326973484.0000,0.007976,2.550780
2010-03-30,3361.3530,3366.7080,3372.2650,3350.3130,5643698000,78682669413.0000,0.005311,0.243200
2010-03-31,3369.1930,3345.6070,3369.9010,3338.7450,5312428700,72120886278.0000,0.004999,-0.626757
2010-04-01,3349.8840,3391.9350,3392.4810,3349.8840,6777266900,92360495841.0000,0.006368,1.384745
2010-04-02,3400.1390,3407.3460,3412.2000,3391.8060,6907345200,99040760060.0000,0.006490,0.454339
2010-04-06,3422.8490,3405.1450,3436.2900,3386.8880,6519171000,93985883918.0000,0.006123,-0.064594
2010-04-07,3403.0880,3386.9490,3404.5820,3369.0170,5401122800,76733159936.0000,0.005071,-0.534369
2010-04-08,3381.3060,3346.7440,3381.3060,3336.1560,6218532200,89317468603.0000,0.005839,-1.187059
2010-04-09,3348.7730,3379.1700,3379.3980,3342.4710,5128056700,75590356319.0000,0.004815,0.968883
2010-04-12,3388.3550,3351.4780,3393.5570,3330.3000,7456515000,105996609644.0000,0.006997,-0.819488
2010-04-13,3350.7260,3391.7160,3401.7070,3324.0480,7990769500,116440339286.0000,0.007499,1.200606
2010-04-14,3394.6350,3403.7070,3404.5160,3377.4370,6030613100,90787568716.0000,0.005658,0.353537
2010-04-15,3407.0250,3394.5740,3412.9370,3365.8810,6105168500,88700235636.0000,0.005722,-0.268327
2010-04-16,3388.2860,3356.3320,3388.2860,3348.7810,4714036800,67235596653.0000,0.004412,-1.126561
2010-04-19,3313.4990,3176.4230,3313.4990,3175.4410,8841630000,118855971989.0000,0.008267,-5.360284
2010-04-20,3176.4140,3173.3740,3196.6460,3130.9600,6413785900,88005965691.0000,0.005997,-0.095991
2010-04-21,3178.8770,3236.6790,3237.5370,3164.7650,6692833100,93373377791.0000,0.006258,1.994878
2010-04-22,3222.6800,3201.5410,3231.9850,3177.7260,7108168800,98970386343.0000,0.006646,-1.085617
2010-04-23,3198.7840,3190.0030,3224.7390,3172.5780,6125267900,92115669956.0000,0.005727,-0.360392
2010-04-26,3195.4570,3171.9970,3207.7150,3168.3740,5089419900,74959121055.0000,0.004755,-0.564446
2010-04-27,3163.1010,3108.4090,3163.1010,3060.8540,6529657400,88058360562.0000,0.006094,-2.004672
2010-04-28,3080.3240,3097.3530,3122.1150,3062.0850,4599540600,65484924588.0000,0.004197,-0.355677
2010-04-29,3114.9410,3060.0640,3130.6960,3059.7960,4826097100,69250868103.0000,0.004403,-1.203901
2010-04-30,3060.1200,3067.3650,3068.1270,3014.0690,5447788100,73190884013.0000,0.004967,0.238591
2010-05-04,3005.4870,3019.4490,3056.0820,2994.9210,4124861000,54558607131.0000,0.003736,-1.562123
2010-05-05,2981.7770,3036.3940,3036.8650,2943.3610,5967044100,80835340414.0000,0.005401,0.561197
2010-05-06,3014.9070,2896.8560,3014.9070,2895.3920,5877041300,81502262034.0000,0.005318,-4.595520
2010-05-07,2835.8790,2836.7890,2892.5330,2817.1530,6111939900,79147499714.0000,0.005527,-2.073520
2010-05-10,2842.3660,2858.2330,2872.3140,2798.5230,5020917300,64909188147.0000,0.004539,0.755920
2010-05-11,2916.3350,2800.8170,2922.1250,2790.7010,5836349000,73894666754.0000,0.005276,-2.008794
2010-05-12,2781.7080,2818.1600,2832.1470,2756.4220,5300227100,64693988243.0000,0.004792,0.619213
2010-05-13,2818.5780,2886.9110,2886.9720,2811.6610,5514577800,67486536614.0000,0.004980,2.439570
2010-05-14,2865.5800,2868.0230,2888.0930,2849.2410,4249871900,55175291043.0000,0.003834,-0.654261
2010-05-17,2828.8820,2714.7150,2828.8820,2712.4440,5216684700,62395513473.0000,0.004661,-5.345420
2010-05-18,2711.4070,2771.3480,2781.8450,2686.9730,5450967100,62746245805.0000,0.004870,2.086142
2010-05-19,2748.9520,2762.1740,2803.6950,2723.3040,4557622100,54656401336.0000,0.004072,-0.331024
2010-05-20,2739.2190,2726.0220,2793.8760,2721.0720,4217480300,52677914862.0000,0.003767,-1.308828
2010-05-21,2656.4190,2768.7910,2769.0940,2647.5970,5447538300,63501808937.0000,0.004866,1.568918
2010-05-24,2787.7510,2873.4690,2886.3680,2787.7510,7450233800,89961882752.0000,0.006650,3.780638
2010-05-25,2851.2560,2813.9430,2855.3320,2798.0200,5516832700,67954988050.0000,0.004923,-2.071568
2010-05-26,2814.4440,2813.9440,2839.0310,2797.6280,3985856400,48495603059.0000,0.003555,0.000035
2010-05-27,2808.0480,2859.9790,2866.8650,2771.5860,5344520900,65266773667.0000,0.004766,1.635957
2010-05-28,2885.8570,2850.3020,2893.6870,2835.0690,5153498900,64342505421.0000,0.004595,-0.338359
2010-05-31,2835.3340,2773.2640,2857.4160,2772.7920,4621685400,56695803642.0000,0.004121,-2.702804
2010-06-01,2755.2840,2744.1620,2782.2880,2710.5930,4485142600,53230913831.0000,0.003995,-1.049370
2010-06-02,2729.3280,2757.5270,2757.9140,2700.0750,3958702000,46364229493.0000,0.003522,0.487034
2010-06-03,2769.0960,2736.0760,2787.5120,2735.7000,3958725800,47143262922.0000,0.003522,-0.777913
2010-06-04,2721.3590,2744.3910,2748.4760,2713.0950,3274629100,39858363381.0000,0.002913,0.303909
2010-06-07,2692.8310,2695.7150,2716.4010,2673.3420,3954199300,47062703369.0000,0.003517,-1.773655
2010-06-08,2694.1060,2699.3360,2720.5860,2672.0580,3514018200,42677104255.0000,0.003116,0.134319
2010-06-09,2711.6420,2782.1330,2787.8250,2687.3310,6020953300,70710080539.0000,0.005338,3.067314
2010-06-10,2755.9400,2750.0230,2776.2590,2746.1070,4290633400,50312244286.0000,0.003794,-1.154154
2010-06-11,2766.1960,2758.8660,2782.0950,2755.9490,4055858500,48871478557.0000,0.003587,0.321562
2010-06-17,2778.5330,2742.7330,2784.9160,2742.6400,3261235600,40293233998.0000,0.002883,-0.584771
2010-06-18,2739.0320,2696.1660,2755.8420,2686.6140,4180834400,50256350918.0000,0.003694,-1.697828
2010-06-21,2698.9840,2780.6630,2784.4700,2686.3230,5526148200,62809190519.0000,0.004874,3.133971
2010-06-22,2772.8860,2783.7200,2795.3230,2766.4430,3909605200,45207207792.0000,0.003448,0.109934
2010-06-23,2768.6950,2758.4950,2788.2190,2734.0470,3560035000,41600240721.0000,0.003129,-0.906156
2010-06-24,2753.7120,2757.4980,2783.5080,2739.8070,2922068200,33772857040.0000,0.002558,-0.036145
2010-06-25,2744.1220,2736.2870,2759.4450,2715.6550,3067178200,34649179151.0000,0.002684,-0.769210
2010-06-28,2734.5070,2716.7770,2751.4550,2710.0870,2771004400,31198277084.0000,0.002423,-0.713010
2010-06-29,2717.4650,2592.0190,2724.2310,2591.6940,4875855200,50635969685.0000,0.004260,-4.592134
2010-06-30,2572.9120,2563.0700,2575.8240,2546.8430,3569879400,35809892277.0000,0.003121,-1.116850
2010-07-01,2557.9200,2526.0710,2574.0980,2524.5730,3285764600,32478457404.0000,0.002847,-1.443543
2010-07-02,2523.0350,2534.1050,2542.1220,2462.2020,4491410000,43367318435.0000,0.003889,0.318041
2010-07-05,2507.3540,2512.6510,2529.4250,2476.4900,3217857400,30922298985.0000,0.002786,-0.846615
2010-07-06,2504.8690,2562.9020,2563.4110,2502.9310,3971476200,38976836519.0000,0.003437,1.999928
2010-07-07,2561.1060,2580.4770,2580.6080,2548.5590,3572090900,37059898462.0000,0.003091,0.685744
2010-07-08,2591.5090,2575.9210,2602.2300,2564.6380,3405696600,35348760455.0000,0.002947,-0.176562
2010-07-09,2578.5550,2647.1040,2662.1630,2557.2590,5849304500,61470066938.0000,0.005061,2.763404
2010-07-12,2647.4210,2676.2180,2689.8090,2636.6480,5846249100,63462262470.0000,0.005052,1.099844
2010-07-13,2649.6580,2634.5930,2649.6580,2618.3400,4322850600,45125109071.0000,0.003732,-1.555367
2010-07-14,2640.9250,2653.6090,2684.6160,2640.5420,4668886000,49497106670.0000,0.004029,0.721776
2010-07-15,2650.3340,2608.5190,2680.4420,2607.7880,4044045900,41444710868.0000,0.003476,-1.699189
2010-07-16,2597.0000,2616.1280,2621.3320,2573.7940,3506330200,35422326209.0000,0.003011,0.291694
2010-07-19,2592.0870,2682.4720,2691.9370,2585.0070,5386807000,59826125817.0000,0.004614,2.535961
2010-07-20,2685.4590,2741.5030,2746.2370,2685.4590,7312834500,80958216794.0000,0.006251,2.200620
2010-07-21,2744.6960,2747.3350,2766.2050,2733.7210,7075709200,73734684585.0000,0.006048,0.212731
2010-07-22,2738.0270,2781.2860,2783.1380,2734.0710,6106480600,63576603000.0000,0.005220,1.235777
2010-07-23,2787.5210,2793.0760,2806.9790,2769.4400,6451856500,70423335023.0000,0.005515,0.423906
2010-07-26,2798.7620,2811.0550,2811.9530,2775.7780,5358002600,59848905278.0000,0.004575,0.643699
2010-07-27,2803.7550,2795.7240,2812.2080,2785.3740,4979988400,55963991462.0000,0.004250,-0.545376
2010-07-28,2796.4830,2863.7240,2866.4040,2784.1550,7998595400,84516845765.0000,0.006822,2.432286
2010-07-29,2866.7720,2877.9760,2888.5990,2851.9960,9596540900,92278224492.0000,0.008116,0.497672
2010-07-30,2871.4810,2868.8460,2876.1360,2844.6820,6257559100,65224482367.0000,0.005292,-0.317241
2010-08-02,2868.2790,2917.2750,2922.6120,2867.4500,7174330000,73569074427.0000,0.006067,1.688099
2010-08-03,2925.2540,2865.9710,2929.6140,2865.7610,8174836400,86870574135.0000,0.006913,-1.758626
2010-08-04,2858.3540,2876.4340,2876.5950,2818.2480,7131803900,75670144265.0000,0.006031,0.365082
2010-08-05,2874.6600,2850.8290,2877.3100,2833.6690,6715758100,73038457567.0000,0.005679,-0.890164
2010-08-06,2848.1550,2897.6590,2898.5340,2821.0330,7491489500,82145150913.0000,0.006335,1.642674
2010-08-09,2894.1030,2918.2410,2922.6240,2888.0450,7472639100,83431980844.0000,0.006315,0.710299
2010-08-10,2920.4040,2832.6380,2925.2960,2832.0780,7843503400,84283699448.0000,0.006628,-2.933378
2010-08-11,2823.1500,2850.2110,2864.3610,2823.1500,5497913300,58786302173.0000,0.004643,0.620376
2010-08-12,2822.7910,2816.3860,2860.3690,2810.1020,5989322700,65825613506.0000,0.005058,-1.186753
2010-08-13,2818.4100,2855.5470,2856.0430,2799.2210,5850772100,62923747790.0000,0.004941,1.390475
2010-08-16,2851.2190,2922.0830,2927.6880,2843.0240,8106804300,91427507573.0000,0.006845,2.330058
2010-08-17,2927.2580,2942.2910,2949.7300,2917.8340,7645291200,86700542871.0000,0.006452,0.691562
2010-08-18,2945.9790,2937.3620,2962.7490,2924.6680,7074760000,80832368101.0000,0.005968,-0.167521
2010-08-19,2940.7670,2955.3950,2975.1880,2928.0130,7692486500,91734587115.0000,0.006489,0.613917
2010-08-20,2943.3340,2898.3330,2951.9560,2892.6400,7166330600,82298173112.0000,0.006028,-1.930774
2010-08-23,2895.7070,2896.1920,2920.5410,2886.6590,4891551700,57772779300.0000,0.004115,-0.073874
2010-08-24,2892.1290,2911.8270,2933.1180,2866.8020,6109379600,65036592635.0000,0.005139,0.539847
2010-08-25,2893.9860,2843.0230,2904.6620,2842.2490,6361062100,67048224427.0000,0.005351,-2.362914
2010-08-26,2853.1050,2850.0930,2868.8780,2836.1290,4867044200,51862922913.0000,0.004091,0.248681
2010-08-27,2847.4480,2858.5660,2861.0740,2833.4220,4078958200,46699343358.0000,0.003421,0.297285
2010-08-30,2874.2470,2915.0100,2921.0850,2872.9180,6574988200,77341616491.0000,0.005513,1.974560
2010-08-31,2905.1540,2903.1880,2910.0600,2889.8080,6576610400,79976347302.0000,0.005514,-0.405557
2010-09-01,2907.6630,2884.0420,2931.7600,2859.1660,7697557800,87931887194.0000,0.006454,-0.659482
2010-09-02,2917.7350,2921.3930,2931.5470,2903.0280,7070085100,88923142593.0000,0.005928,1.295095
2010-09-03,2926.9390,2920.2050,2929.5480,2891.8780,7264102700,87724829649.0000,0.006090,-0.040665
2010-09-06,2935.8900,2975.0900,2980.4240,2935.8900,9385568100,110466116424.0000,0.007867,1.879492
2010-09-07,2979.2980,2983.1080,2991.4350,2959.9020,7351936100,85488193860.0000,0.006163,0.269498
2010-09-08,2970.0020,2980.9670,2982.7200,2953.8390,7287200200,92660879129.0000,0.006108,-0.071766
2010-09-09,2986.8670,2926.4600,2986.8670,2922.2000,8139555400,103248280132.0000,0.006823,-1.828503
2010-09-10,2928.0010,2932.5540,2940.7900,2890.0350,6508670400,83743163807.0000,0.005456,0.208238
2010-09-13,2933.5940,2962.3190,2977.0780,2925.4160,6727990000,87536178972.0000,0.005640,1.014990
2010-09-14,2971.5470,2965.0090,2984.4660,2954.5070,7010590300,87204421695.0000,0.005876,0.090805
2010-09-15,2965.5390,2913.1940,2965.5390,2905.6300,7161964200,86445964329.0000,0.006002,-1.747548
2010-09-16,2908.3220,2857.7890,2917.8490,2834.0330,7407428400,84198375910.0000,0.006204,-1.901865
2010-09-17,2864.7170,2861.3690,2877.0830,2847.6810,5193886700,62466326737.0000,0.004350,0.125266
2010-09-20,2865.0400,2849.8280,2872.2190,2829.7570,5028310400,57582985440.0000,0.004203,-0.403339
2010-09-21,2859.4300,2857.4760,2869.3800,2844.1250,3575188100,44742025248.0000,0.002988,0.268374
2010-09-27,2869.9280,2905.0290,2905.5260,2864.2090,4907182300,62611534184.0000,0.004091,1.664160
2010-09-28,2900.5360,2880.9070,2900.5360,2875.6580,5866082600,80859749613.0000,0.004891,-0.830356
2010-09-29,2877.2690,2874.8120,2908.7320,2866.8540,5678223600,74516021987.0000,0.004730,-0.211564
2010-09-30,2859.0600,2935.5740,2935.5950,2857.4180,6300024700,80709727516.0000,0.005247,2.113598
2010-10-08,2965.6520,3044.2330,3055.8360,2963.2370,9999472000,134986634589.0000,0.008326,3.701454
2010-10-11,3069.1880,3132.8950,3154.2040,3069.1880,15873490400,212607066630.0000,0.013057,2.912461
2010-10-12,3121.6360,3172.7260,3173.8490,3106.2240,12736170500,178245219770.0000,0.010476,1.271382
2010-10-13,3176.8860,3217.5770,3221.6460,3165.5780,14460777300,195444719896.0000,0.011894,1.413637
2010-10-14,3245.1330,3224.1400,3286.0230,3215.0310,17961183800,227654458634.0000,0.014773,0.203973
2010-10-15,3204.7230,3327.6830,3327.6830,3199.1220,19341414000,245619296303.0000,0.015839,3.211499
2010-10-18,3345.8040,3306.1600,3390.0150,3288.7810,21788205100,267884370339.0000,0.017840,-0.646792
2010-10-19,3300.5170,3375.6740,3375.8670,3279.9990,13044179100,165488914490.0000,0.010675,2.102565
2010-10-20,3304.2210,3396.8790,3439.2250,3301.0090,16652846000,235372057455.0000,0.013625,0.628166
2010-10-21,3404.7210,3374.6850,3418.0910,3344.9620,12388324500,175383712722.0000,0.010136,-0.653360
2010-10-22,3365.5970,3378.6550,3408.4910,3346.1110,11636185700,163153618542.0000,0.009484,0.117640
2010-10-25,3386.8500,3481.0810,3481.3470,3366.4300,14543310500,208809404746.0000,0.011854,3.031562
2010-10-26,3491.4740,3466.0840,3499.8170,3436.4630,14263699900,205216457176.0000,0.011626,-0.430816
2010-10-27,3451.4270,3403.8720,3490.2170,3398.0950,12376157000,177072552070.0000,0.010087,-1.794876
2010-10-28,3390.4260,3397.6920,3420.8850,3371.4390,9834945600,141135882042.0000,0.008016,-0.181563
2010-10-29,3400.2620,3379.9830,3404.6000,3351.6010,10045897000,145528365885.0000,0.008186,-0.521206
2010-11-01,3390.4130,3472.9950,3472.9950,3390.4130,12626914800,186725762506.0000,0.010289,2.751854
2010-11-02,3484.2320,3463.1310,3522.1750,3449.7240,15491145000,233976228513.0000,0.012611,-0.284020
2010-11-03,3462.7400,3420.3410,3474.7070,3419.0800,12635930300,178803329799.0000,0.010287,-1.235588
2010-11-04,3426.4600,3480.5050,3480.9290,3419.6430,11679948100,164721393800.0000,0.009508,1.759001
2010-11-05,3538.9880,3520.7980,3554.4700,3498.2760,13768802700,196618041454.0000,0.011209,1.157683
2010-11-08,3534.1910,3548.5660,3549.3050,3506.3750,12647075900,174067581795.0000,0.009099,0.788680
2010-11-09,3547.4400,3523.9540,3547.4400,3498.6230,12245453300,170174876748.0000,0.008810,-0.693571
2010-11-10,3507.1950,3499.1110,3508.2750,3470.9680,12007857800,176529783278.0000,0.008638,-0.704976
2010-11-11,3490.7380,3509.9750,3557.9870,3484.8910,13897623300,209121524845.0000,0.009872,0.310479
2010-11-12,3484.6060,3291.8330,3497.0610,3284.3480,16073385000,224200791087.0000,0.011418,-6.214919
2010-11-15,3298.7370,3314.8930,3319.9760,3241.7580,10231572400,144492952434.0000,0.007265,0.700523
2010-11-16,3311.6160,3169.5380,3311.6160,3155.4750,10830707200,154278113336.0000,0.007690,-4.384907
2010-11-17,3124.1090,3103.9060,3168.9310,3087.5070,8325808000,118981231625.0000,0.005905,-2.070714
2010-11-18,3134.9370,3147.9620,3158.6290,3097.3880,6569729200,94476115838.0000,0.004660,1.419370
2010-11-19,3168.1650,3178.8460,3178.8460,3076.2130,8334765400,114672977294.0000,0.005912,0.981080
2010-11-22,3148.2150,3171.9410,3200.4720,3137.7510,8321277600,114302974766.0000,0.005902,-0.217218
2010-11-23,3156.4780,3107.1760,3156.4780,3061.6230,7739959100,105281461473.0000,0.005490,-2.041806
2010-11-24,3088.9920,3177.0430,3177.4120,3088.9920,7533208300,107688446612.0000,0.005299,2.248567
2010-11-25,3197.9650,3223.4840,3227.0540,3172.2820,8344209400,116948295300.0000,0.005869,1.461766
2010-11-26,3214.1320,3194.8530,3224.5170,3170.3640,6446782400,96226367197.0000,0.004534,-0.888196
2010-11-29,3183.5400,3190.0500,3206.7560,3159.4590,5899489200,88799073974.0000,0.004142,-0.150335
2010-11-30,3187.5290,3136.9850,3205.7820,3060.4380,8576235500,120572328539.0000,0.006022,-1.663452
2010-12-01,3127.2620,3136.0240,3150.4360,3111.6450,4888266800,69472579579.0000,0.003431,-0.030640
2010-12-02,3185.7600,3155.0590,3194.2260,3154.3200,6102390800,89764278070.0000,0.004283,0.606984
2010-12-03,3161.9300,3158.1560,3171.3780,3134.4190,5047535400,71387337327.0000,0.003542,0.098157
2010-12-06,3168.8750,3165.5700,3185.3320,3140.5550,5636263000,80043207937.0000,0.003922,0.234759
2010-12-07,3152.7330,3200.3390,3214.6910,3112.2230,5848365300,85548293130.0000,0.004069,1.098350
2010-12-08,3194.8950,3171.8820,3215.2810,3166.7660,5951566300,87056105048.0000,0.004141,-0.889188
2010-12-09,3155.9960,3123.3660,3175.0520,3122.1960,6615296500,83159036199.0000,0.004602,-1.529569
2010-12-10,3107.3790,3161.9770,3172.1630,3101.0830,5710810500,78069117443.0000,0.003973,1.236201
2010-12-13,3176.3350,3261.0610,3261.3440,3173.5640,9571373900,132088353616.0000,0.006634,3.133608
2010-12-14,3270.2010,3269.4740,3279.3650,3254.1810,8410424100,114928736614.0000,0.005829,0.257986
2010-12-15,3270.7810,3247.6440,3282.7720,3242.5160,7226978500,104793174443.0000,0.005004,-0.667694
2010-12-16,3246.0130,3230.6650,3258.3940,3224.1220,5679962500,79262377015.0000,0.003933,-0.522810
2010-12-17,3229.2970,3225.6610,3232.8390,3212.5790,4491914700,65697259729.0000,0.003104,-0.154895
2010-12-20,3239.0220,3178.6570,3249.7630,3117.9980,7475969300,107521977283.0000,0.005160,-1.457187
2010-12-21,3184.7000,3249.5090,3251.5510,3168.8890,7985242000,112461675290.0000,0.005511,2.228993
2010-12-22,3253.8210,3215.4530,3263.4500,3201.6690,6993625800,98309032433.0000,0.004827,-1.048040
2010-12-23,3210.6700,3188.6070,3237.6440,3183.1520,6131584700,84430476449.0000,0.004231,-0.834904
2010-12-24,3170.6420,3162.9550,3187.7240,3139.4540,5513776700,72989136209.0000,0.003805,-0.804485
2010-12-27,3176.1070,3099.7090,3219.6550,3092.2630,7001710700,99855478580.0000,0.004809,-1.999589
2010-12-28,3084.8230,3044.9310,3095.3580,3041.3280,5632574900,74843956564.0000,0.003865,-1.767201
2010-12-29,3049.9280,3061.8300,3062.5570,3025.2200,4519277500,60134777207.0000,0.003090,0.554994
2010-12-30,3063.0500,3064.0980,3079.9090,3027.8980,5428142900,70284275917.0000,0.003711,0.074068
2010-12-31,3069.0530,3128.2610,3129.4460,3067.1080,6256607800,90545901164.0000,0.004278,2.094028
2011-01-04,3155.5570,3189.6820,3194.3580,3143.6040,8541044000,129159620771.0000,0.005910,1.963420
2011-01-05,3170.1810,3175.6620,3193.7790,3158.8710,7926881000,116943213907.0000,0.005485,-0.439535
2011-01-06,3177.8350,3159.6430,3198.0520,3152.5720,5968109200,91568447016.0000,0.004128,-0.504432
2011-01-07,3156.3620,3166.6240,3209.9000,3141.1250,8409323300,113651250191.0000,0.005799,0.220941
2011-01-10,3162.0850,3108.1870,3182.7820,3102.4280,6549440600,87992881712.0000,0.004516,-1.845404
2011-01-11,3096.2490,3124.9220,3131.2920,3084.5130,5698591700,74832449402.0000,0.003924,0.538420
2011-01-12,3135.1800,3142.3370,3153.4300,3099.4130,5849851800,71551421416.0000,0.004026,0.557287
2011-01-13,3153.9850,3141.2840,3157.0360,3127.1580,5193698800,66925783701.0000,0.003572,-0.033509
2011-01-14,3129.6670,3091.8620,3129.6670,3083.5110,5335143900,71012100141.0000,0.003669,-1.573302
2011-01-17,3067.4330,2974.3500,3078.8800,2968.6100,6680756200,85454121099.0000,0.004594,-3.800686
2011-01-18,2965.4240,2977.6480,2984.4700,2947.6000,4296456400,54652416480.0000,0.002954,0.110876
2011-01-19,2978.4570,3044.8510,3045.6050,2967.2430,5657194200,72772226927.0000,0.003889,2.256920
2011-01-20,3037.8620,2944.7130,3037.8620,2944.4980,6104664300,76440116738.0000,0.004197,-3.288771
2011-01-21,2935.2330,2983.4560,3030.2650,2935.1380,7310296600,85157790710.0000,0.005025,1.315686
2011-01-24,2986.0920,2954.2320,2999.2010,2943.9200,6547254500,75805236102.0000,0.004500,-0.979539
2011-01-25,2949.6470,2938.6540,2960.5870,2919.1620,4898268900,57572819537.0000,0.003367,-0.527307
2011-01-26,2939.7730,2978.4310,2982.3220,2939.3560,4337497900,51746038070.0000,0.002982,1.353574
2011-01-27,2953.5890,3026.4660,3037.1590,2935.2710,8258591900,96976029913.0000,0.005677,1.612767
2011-01-28,3020.1220,3036.7350,3047.2660,3011.3750,6301358900,78241917729.0000,0.004331,0.339308
2011-01-31,3035.4180,3076.5080,3076.5470,3032.4490,6710591400,83070309373.0000,0.004612,1.309727
2011-02-01,3083.4930,3077.2830,3087.2250,3062.8300,4986253000,65832698489.0000,0.003409,0.025188
2011-02-09,3055.3980,3040.9490,3087.5510,3031.7490,6039414500,78148356164.0000,0.004129,-1.180716
2011-02-10,3034.0790,3104.1630,3105.3240,3024.3490,6660366200,86967273678.0000,0.004553,2.078763
2011-02-11,3100.2740,3120.9560,3133.4990,3092.5820,7597555300,99001500830.0000,0.005192,0.540982
2011-02-14,3123.2460,3219.1430,3227.4320,3123.2460,12130233100,155829380802.0000,0.008284,3.146056
2011-02-15,3223.2220,3217.6710,3259.6390,3215.6190,10955443800,147747227925.0000,0.007481,-0.045732
2011-02-16,3211.1350,3248.5270,3248.8490,3195.4670,9133428300,125549596910.0000,0.006237,0.958961
2011-02-17,3255.6260,3245.9070,3265.2570,3218.9130,8896469500,127559673833.0000,0.006075,-0.080656
2011-02-18,3240.0510,3211.8760,3242.3740,3203.1200,7537868400,104743371599.0000,0.005147,-1.048428
2011-02-21,3192.1460,3257.9080,3258.2800,3189.8480,7939977600,108055882413.0000,0.005417,1.433181
2011-02-22,3267.6150,3163.5780,3269.0480,3161.8330,10786374100,147588609007.0000,0.007359,-2.895419
2011-02-23,3152.4410,3174.7420,3182.1850,3145.9860,7132485400,97251422739.0000,0.004866,0.352894
2011-02-24,3170.2360,3190.9350,3195.6880,3157.9690,6648689300,94908281477.0000,0.004536,0.510061
2011-02-25,3190.8720,3197.6170,3213.7920,3159.8470,6161927500,88275899352.0000,0.004204,0.209402
2011-02-28,3200.6770,3239.5590,3241.5970,3178.8310,7663066300,109249970846.0000,0.005222,1.311669
2011-03-01,3241.7140,3254.8930,3273.5110,3235.7540,8856695400,124040755772.0000,0.006036,0.473336
2011-03-02,3237.1160,3243.2980,3257.4190,3202.8330,8091064100,113592007455.0000,0.005514,-0.356232
2011-03-03,3248.1560,3221.7180,3271.6400,3221.0380,10121999700,131217797700.0000,0.006898,-0.665374
2011-03-04,3223.5070,3270.6660,3273.6580,3217.4770,8001391500,107401810462.0000,0.005451,1.519314
2011-03-07,3287.4050,3334.5100,3337.4660,3287.4050,11818719700,170406772534.0000,0.008049,1.952018
2011-03-08,3335.7100,3337.4570,3342.7110,3311.7220,8487865500,126306326053.0000,0.005780,0.088379
2011-03-09,3344.1000,3338.8580,3355.4870,3322.6980,7802636100,113534089995.0000,0.005314,0.041974
2011-03-10,3330.4440,3280.2590,3330.4440,3279.3300,7821264200,117952630963.0000,0.005299,-1.755057
2011-03-11,3263.0810,3247.3760,3290.7000,3240.1810,6720833500,100306077088.0000,0.004554,-1.002453
2011-03-14,3238.9050,3262.9200,3263.9060,3230.1140,6368978300,94134688007.0000,0.004312,0.478662
2011-03-15,3250.5950,3203.9610,3250.5950,3147.9570,9603397900,129603315155.0000,0.006502,-1.806939
2011-03-16,3204.9190,3248.1950,3250.8780,3202.9310,7885952000,111826095701.0000,0.005338,1.380608
2011-03-17,3216.2880,3197.1000,3240.3810,3185.0840,8568711400,117295727563.0000,0.005800,-1.573027
2011-03-18,3228.9150,3215.6850,3239.9630,3205.1440,6134016100,86845200065.0000,0.004152,0.581307
2011-03-21,3220.6770,3207.1100,3236.2790,3194.1450,5910503700,84105739105.0000,0.003998,-0.266660
2011-03-22,3217.8000,3222.9610,3227.7970,3175.9300,5724868400,80009792794.0000,0.003873,0.494240
2011-03-23,3222.3250,3264.9260,3267.0040,3216.6530,7207758500,98540423659.0000,0.004876,1.302066
2011-03-24,3269.5750,3251.3610,3273.3700,3250.0230,6130424400,88058905863.0000,0.004147,-0.415475
2011-03-25,3256.1790,3294.4840,3304.2640,3254.6830,8689597900,122021366960.0000,0.005876,1.326300
2011-03-28,3307.4050,3290.5710,3328.0700,3286.8560,9768430000,139030083023.0000,0.006604,-0.118770
2011-03-29,3288.5640,3257.9790,3309.1990,3256.3370,10528016400,132908076725.0000,0.007116,-0.990468
2011-03-30,3256.7220,3256.0800,3274.9770,3233.1090,7833633700,103271930321.0000,0.005287,-0.058285
2011-03-31,3257.1640,3223.2880,3264.9560,3210.1740,6450388000,86565372662.0000,0.004353,-1.007100
2011-04-01,3227.5640,3272.7290,3272.7680,3220.9110,6309472200,86711549873.0000,0.004258,1.533866
2011-04-06,3269.1900,3311.0670,3315.2990,3268.7650,10582367400,143030090888.0000,0.007141,1.171435
2011-04-07,3313.4670,3324.4190,3330.8050,3302.8180,8468176200,112678585789.0000,0.005706,0.403255
2011-04-08,3321.5400,3353.3580,3353.8890,3314.0890,7392921000,107329316269.0000,0.004981,0.870497
2011-04-11,3363.3700,3333.4270,3380.5270,3331.1740,10442054500,141974385699.0000,0.007033,-0.594357
2011-04-12,3324.7540,3326.7710,3350.1560,3307.4760,10193850600,122863556078.0000,0.006866,-0.199675
2011-04-13,3311.3240,3372.0310,3372.0310,3296.5070,8703633800,108305234380.0000,0.005862,1.360479
2011-04-14,3374.3240,3353.5600,3378.7030,3347.4880,8897224100,107491228060.0000,0.005988,-0.547769
2011-04-15,3345.1340,3358.9440,3378.1060,3323.5630,7851487400,98934572633.0000,0.005284,0.160547
2011-04-18,3346.1490,3359.4380,3372.9000,3335.5990,8658262400,107178227750.0000,0.005827,0.014704
2011-04-19,3334.9120,3295.8120,3334.9120,3290.7360,8510693300,104368983043.0000,0.005718,-1.893947
2011-04-20,3300.4180,3295.7580,3311.7250,3281.8270,7234331800,93667138370.0000,0.004859,-0.001637
2011-04-21,3312.2710,3317.3670,3330.2440,3301.9360,7324042400,96739132646.0000,0.004919,0.655658
2011-04-22,3317.0830,3299.9420,3325.4590,3291.6380,6717145500,83528333290.0000,0.004503,-0.525267
2011-04-25,3292.4800,3249.5740,3292.4800,3247.6910,7442182900,98455879623.0000,0.004974,-1.526327
2011-04-26,3242.5290,3230.9600,3257.8000,3216.2100,5909641700,76696858373.0000,0.003947,-0.572814
2011-04-27,3242.6190,3209.5030,3256.4130,3189.0400,6244356700,75111247063.0000,0.004170,-0.664107
2011-04-28,3224.4130,3161.7760,3237.1920,3160.4060,6505023500,79155830155.0000,0.004343,-1.487054
2011-04-29,3161.1580,3192.7230,3193.5990,3147.1370,5368306500,63455814284.0000,0.003584,0.978786
2011-05-03,3192.8450,3211.1320,3212.0550,3164.9260,5499891000,64348987555.0000,0.003671,0.576598
2011-05-04,3192.8440,3129.0280,3193.4460,3120.9610,6671634000,83567655304.0000,0.004453,-2.556855
2011-05-05,3115.0030,3126.1170,3136.8970,3105.8540,5256774700,63009373497.0000,0.003507,-0.093036
2011-05-06,3093.8090,3121.3960,3141.6830,3083.9080,5535218600,69747372718.0000,0.003679,-0.151016
2011-05-09,3126.2600,3129.7590,3149.9370,3118.1410,4602740400,57287412506.0000,0.003058,0.267926
2011-05-10,3135.1460,3153.2210,3153.3010,3121.7460,4093299500,54931224820.0000,0.002719,0.749640
2011-05-11,3153.6480,3145.0850,3164.6500,3127.4940,4768853300,59507719522.0000,0.003166,-0.258021
2011-05-12,3123.1580,3101.6030,3142.3970,3101.1360,4879950100,61703080348.0000,0.003238,-1.382536
2011-05-13,3105.3030,3128.0930,3128.4420,3080.1900,4689595100,57757204870.0000,0.003111,0.854074
2011-05-16,3120.4360,3100.4630,3137.6040,3098.7760,4519431900,54238723382.0000,0.002993,-0.883290
2011-05-17,3097.0710,3116.0280,3136.2310,3076.9460,5120373100,65417943732.0000,0.003387,0.502028
2011-05-18,3109.2940,3139.3790,3145.6980,3106.5520,3964176800,49757174173.0000,0.002621,0.749378
2011-05-19,3148.3530,3120.6390,3154.9350,3118.6190,4311078200,52249679659.0000,0.002843,-0.596933
2011-05-20,3120.5790,3121.5960,3133.4290,3113.2710,3846801200,48967028428.0000,0.002537,0.030668
2011-05-23,3115.3120,3022.9800,3115.3120,3021.4500,5590247200,66976426510.0000,0.003686,-3.159152
2011-05-24,3013.7150,3026.2230,3029.7460,2999.8850,4160894400,52971692396.0000,0.002743,0.107276
2011-05-25,3020.3230,2990.3430,3030.9880,2988.0940,3928970400,48604397867.0000,0.002590,-1.185632
2011-05-26,3011.4660,2978.3810,3021.2030,2977.5960,3700374700,48346482355.0000,0.002440,-0.400018
2011-05-27,2980.7210,2963.3080,2996.6050,2962.0670,4277090500,52019994149.0000,0.002818,-0.506080
2011-05-30,2956.5750,2954.5060,2982.5830,2942.3610,3467116000,42960260576.0000,0.002282,-0.297033
2011-05-31,2958.6070,3001.5560,3001.7270,2946.1460,3968939900,50553386204.0000,0.002612,1.592476
2011-06-01,2996.0850,3004.1730,3006.5560,2985.7110,3841932700,49060076491.0000,0.002528,0.087194
2011-06-02,2970.6340,2955.7050,2984.4910,2923.0160,5261786700,61748347004.0000,0.003462,-1.613356
2011-06-03,2951.5790,2986.3490,2993.8950,2951.2010,3907616400,49273758984.0000,0.002565,1.036776
2011-06-07,2977.6810,3004.2620,3006.5690,2974.3610,3685233200,49859134919.0000,0.002417,0.599824
2011-06-08,3003.5810,3008.6520,3012.8060,2965.9230,4290875800,51123188095.0000,0.002815,0.146130
2011-06-09,3000.4040,2951.8890,3004.0600,2951.8890,4749663600,55381280377.0000,0.003114,-1.886665
2011-06-10,2947.9270,2961.9320,2964.0790,2925.8680,4220188200,50942992933.0000,0.002767,0.340222
2011-06-13,2940.3910,2950.3480,2957.5230,2921.7460,3835166800,46991283431.0000,0.002513,-0.391095
2011-06-14,2947.6550,2993.5590,3000.5260,2943.5310,5598281500,66158911408.0000,0.003668,1.464613
2011-06-15,2984.9620,2963.1190,2999.1500,2963.1120,4439085200,54467701030.0000,0.002908,-1.016856
2011-06-16,2939.6810,2917.5780,2946.8150,2915.4010,4113548200,47067185495.0000,0.002692,-1.536928
2011-06-17,2916.4050,2892.1570,2934.0610,2891.0150,4117653000,51647156163.0000,0.002691,-0.871301
2011-06-20,2888.9350,2874.8960,2896.0810,2862.4080,3799198200,45416696840.0000,0.002480,-0.596820
2011-06-21,2883.3540,2909.0730,2909.5720,2877.0540,4203892300,50160678865.0000,0.002744,1.188808
2011-06-22,2913.6660,2908.5820,2921.0340,2894.1780,3731880200,43263825738.0000,0.002436,-0.016877
2011-06-23,2899.0130,2957.6290,2966.5400,2888.6780,4594111700,55276886318.0000,0.002999,1.686281
2011-06-24,2946.6090,3027.4700,3047.9430,2944.0510,8545924000,104972923209.0000,0.005568,2.361387
2011-06-27,3028.4960,3036.4910,3056.0230,3019.2360,6561577100,79044152725.0000,0.004275,0.297971
2011-06-28,3040.1830,3041.7340,3046.7970,3013.9960,5576625400,70333384864.0000,0.003631,0.172664
2011-06-29,3039.0470,3000.1690,3043.8150,2999.9530,5347684800,61717623012.0000,0.003482,-1.366488
2011-06-30,3003.2300,3044.0890,3058.6250,3003.2300,6250254900,73891668789.0000,0.004059,1.463923
2011-07-01,3052.1200,3049.7450,3071.2060,3034.0720,5676665300,72614645374.0000,0.003732,0.185803
2011-07-04,3064.9350,3121.9800,3124.5820,3064.9350,8046403100,102679821385.0000,0.005271,2.368554
2011-07-05,3122.8990,3122.5000,3128.5290,3105.0860,6776333500,81999827927.0000,0.004438,0.016657
2011-07-06,3116.1210,3113.7120,3116.1210,3084.8340,6155580700,76556996969.0000,0.004031,-0.281444
2011-07-07,3123.2900,3101.6800,3140.1020,3101.0960,7181036000,92120550136.0000,0.004681,-0.386419
2011-07-08,3105.4860,3109.1830,3124.3860,3093.3740,5128259300,65155542913.0000,0.003343,0.241907
2011-07-11,3097.8740,3113.2060,3120.9980,3086.2630,4792066000,62237248759.0000,0.003124,0.129389
2011-07-12,3089.1360,3056.9050,3090.0970,3054.8000,5710798400,71222640397.0000,0.003719,-1.808458
2011-07-13,3060.4200,3106.2470,3108.4970,3060.4200,5411436700,68294830332.0000,0.003524,1.614118
2011-07-14,3112.5870,3115.7450,3126.1530,3092.4730,6031493500,79948505027.0000,0.003926,0.305772
2011-07-15,3105.4970,3128.8890,3130.7750,3097.3360,6155032200,79424849005.0000,0.003988,0.421851
2011-07-18,3131.8030,3122.6000,3137.9220,3113.6670,6069131100,78225031039.0000,0.003928,-0.200992
2011-07-19,3108.4720,3095.1250,3109.9160,3088.3770,5338870900,68506068928.0000,0.003449,-0.879879
2011-07-20,3113.7050,3091.5670,3119.5430,3071.8500,4411833100,56930993021.0000,0.002850,-0.114958
2011-07-21,3092.2710,3059.1390,3099.2780,3058.2550,4408469100,57942637401.0000,0.002848,-1.048917
2011-07-22,3066.1920,3067.9850,3083.1910,3059.5980,3725725500,49618948350.0000,0.002407,0.289173
2011-07-25,3050.8970,2968.2890,3050.8970,2958.8780,6718099600,77513632253.0000,0.004340,-3.249561
2011-07-26,2965.7210,2977.7660,2980.8570,2957.6100,4351545700,49560684459.0000,0.002811,0.319277
2011-07-27,2961.5760,3000.0520,3002.6910,2951.5160,4838561200,58746220328.0000,0.003125,0.748410
2011-07-28,2973.6420,2981.0020,2984.3750,2956.7100,4813898400,60678598008.0000,0.003104,-0.634991
2011-07-29,2981.0210,2972.0790,2995.9740,2948.0760,4629825300,54358237266.0000,0.002985,-0.299324
2011-08-01,2969.1060,2977.7210,2991.0510,2958.8320,3388694900,41203123005.0000,0.002185,0.189828
2011-08-02,2958.8500,2956.3830,2958.8500,2919.0140,3897835700,48435295389.0000,0.002513,-0.716585
2011-08-03,2930.1930,2954.8700,2969.1320,2927.0960,3866836200,49593983761.0000,0.002489,-0.051175
2011-08-04,2962.9130,2960.3090,2983.0120,2951.8380,3298571900,41335656567.0000,0.002123,0.184068
2011-08-05,2881.7370,2897.4170,2916.4100,2868.1570,4931685400,60240017405.0000,0.003172,-2.124511
2011-08-08,2864.5140,2793.8970,2888.7690,2747.9670,7151776600,83694787456.0000,0.004599,-3.572838
2011-08-09,2720.9530,2798.1900,2812.7690,2697.0620,6984267600,79653278208.0000,0.004491,0.153655
2011-08-10,2845.3520,2824.1200,2858.5530,2820.1230,5865931200,68580540607.0000,0.003772,0.926677
2011-08-11,2779.7150,2866.9240,2867.3110,2777.7610,5899768900,69223945409.0000,0.003794,1.515656
2011-08-12,2881.5540,2875.3650,2894.2240,2868.8710,5719740600,63487643741.0000,0.003678,0.294424
2011-08-15,2883.1740,2917.8830,2917.8830,2870.1900,5987547600,61102226502.0000,0.003850,1.478702
2011-08-16,2920.8290,2897.5810,2932.1400,2888.3340,5096268100,57496628333.0000,0.003277,-0.695778
2011-08-17,2893.8490,2886.0130,2910.8350,2881.6310,3917817900,41891853603.0000,0.002519,-0.399234
2011-08-18,2887.1030,2834.2540,2889.9970,2832.2690,4076888300,45784423192.0000,0.002590,-1.793444
2011-08-19,2789.3460,2807.6640,2814.0990,2782.5560,4325965000,48442961960.0000,0.002749,-0.938160
2011-08-22,2809.3290,2777.7870,2829.6870,2768.4180,3420968500,40136538647.0000,0.002174,-1.064121
2011-08-23,2788.6990,2821.0030,2821.0030,2777.2870,3262051400,36441994495.0000,0.002074,1.555764
2011-08-24,2834.5770,2810.0160,2845.4700,2804.8180,3530156500,41939777958.0000,0.002244,-0.389465
2011-08-25,2818.7010,2903.8370,2904.4380,2815.9120,7221684500,75745960111.0000,0.004591,3.338799
2011-08-26,2889.3820,2901.2160,2907.3980,2876.8280,4560410200,51759427726.0000,0.002899,-0.090255
2011-08-29,2875.7840,2852.8090,2875.7840,2847.4760,4426785000,49892653226.0000,0.002814,-1.668507
2011-08-30,2875.1440,2841.7400,2901.7330,2838.3300,4313787200,48565790320.0000,0.002741,-0.388007
2011-08-31,2843.9930,2846.7760,2855.3050,2823.7700,3210789900,37624544060.0000,0.002039,0.177211
2011-09-01,2852.3860,2834.5350,2869.2490,2825.9560,3011870200,35143727252.0000,0.001913,-0.429994
2011-09-02,2828.8390,2803.8540,2836.6240,2790.7690,2931711600,31960598827.0000,0.001862,-1.082397
2011-09-05,2780.8340,2743.8170,2780.8340,2743.3830,3200566000,36040312618.0000,0.002033,-2.141235
2011-09-06,2727.7490,2723.3030,2745.3600,2711.0710,2971398200,33746805052.0000,0.001887,-0.747642
2011-09-07,2738.7890,2779.0900,2779.2050,2730.0550,3326538100,37096662193.0000,0.002113,2.048509
2011-09-08,2788.8320,2756.1050,2789.1120,2755.7990,2683873500,31209441131.0000,0.001704,-0.827073
2011-09-09,2770.1530,2751.0950,2796.3520,2739.6200,2707350300,30348131114.0000,0.001719,-0.181779
2011-09-13,2712.4430,2720.2830,2726.1850,2698.6600,2671376400,30034340041.0000,0.001696,-1.119991
2011-09-14,2729.2560,2733.1080,2736.9050,2677.1270,3042478000,32858416579.0000,0.001932,0.471457
2011-09-15,2734.5520,2729.0510,2754.1930,2728.9050,3117192500,32507109143.0000,0.001979,-0.148435
2011-09-16,2744.2180,2733.9870,2755.8890,2728.9950,2755593200,29743911967.0000,0.001750,0.180870
2011-09-19,2718.3180,2679.2700,2718.3180,2678.7950,2909094100,29731416051.0000,0.001847,-2.001364
2011-09-20,2675.0430,2689.8450,2702.2800,2664.1000,2559868100,27274347411.0000,0.001625,0.394695
2011-09-21,2691.7010,2771.0110,2778.3530,2677.3490,5619417100,59146487177.0000,0.003568,3.017498
2011-09-22,2745.1460,2685.6880,2754.9170,2684.9400,4710266000,47793334084.0000,0.002991,-3.079129
2011-09-23,2644.2940,2669.4780,2681.2270,2631.4250,4259222400,45934334698.0000,0.002704,-0.603568
2011-09-26,2645.2450,2610.9190,2679.5600,2603.1080,3917512400,40495022542.0000,0.002487,-2.193653
2011-09-27,2634.9250,2637.8790,2652.5600,2613.4230,3502197400,37301310910.0000,0.002223,1.032585
2011-09-28,2654.8300,2610.5900,2660.0990,2602.6300,3416955500,36195919556.0000,0.002169,-1.034498
2011-09-29,2593.5590,2588.1850,2615.1440,2577.2860,3709359300,37708584378.0000,0.002355,-0.858236
2011-09-30,2595.5820,2581.3510,2607.5660,2572.1930,3205082200,32376678343.0000,0.002035,-0.264045
2011-10-10,2588.3490,2557.0820,2595.3240,2552.2840,2832512200,28149902145.0000,0.001798,-0.940168
2011-10-11,2625.1630,2551.9940,2635.6940,2526.6490,4502984800,47409892228.0000,0.002859,-0.198982
2011-10-12,2537.3980,2644.7580,2647.0150,2523.3440,6594568000,62822831798.0000,0.004186,3.634968
2011-10-13,2636.8630,2662.6010,2672.9100,2629.4050,6042620100,56631043777.0000,0.003830,0.674656
2011-10-14,2655.3580,2653.7820,2665.4430,2629.8790,3833694800,37326709609.0000,0.002430,-0.331221
2011-10-17,2658.9470,2666.9510,2687.1020,2653.3840,3615831500,38101620397.0000,0.002292,0.496233
2011-10-18,2646.8410,2592.2090,2651.7320,2589.2050,3937344800,39453303360.0000,0.002495,-2.802524
2011-10-19,2599.9170,2583.0810,2617.4110,2580.6630,3111616600,32114967067.0000,0.001972,-0.352129
2011-10-20,2566.6030,2520.5320,2570.1010,2500.4860,3984246200,39409600021.0000,0.002523,-2.421491
2011-10-21,2522.2570,2507.8770,2538.1170,2504.6930,2984350300,29090707044.0000,0.001890,-0.502078
2011-10-24,2517.0590,2576.6690,2581.1250,2501.9560,4634580100,44056731116.0000,0.002935,2.743037
2011-10-25,2572.7080,2625.4250,2633.9680,2560.0470,5796737500,57533462226.0000,0.003671,1.892214
2011-10-26,2613.2720,2651.6520,2679.6580,2611.0120,7309824000,69534363517.0000,0.004629,0.998964
2011-10-27,2658.4280,2657.4780,2672.8400,2647.2960,4882039100,47403219262.0000,0.003092,0.219709
2011-10-28,2694.5420,2709.0170,2729.1390,2689.3760,7164310500,72908419745.0000,0.004537,1.939397
2011-10-31,2704.5350,2695.3070,2709.3170,2680.9920,5040711200,52522499085.0000,0.003191,-0.506095
2011-11-01,2672.5080,2697.5340,2726.0880,2669.0500,5520665100,56067605452.0000,0.003489,0.082627
2011-11-02,2658.5470,2742.3900,2742.9380,2653.7220,6436158400,65327476275.0000,0.004066,1.662851
2011-11-03,2752.6270,2744.3010,2781.0390,2743.1960,8482076000,90502549983.0000,0.005358,0.069689
2011-11-04,2770.5720,2763.7460,2781.9900,2748.9780,6195821800,63500868592.0000,0.003914,0.708562
2011-11-07,2750.9910,2736.2480,2769.2960,2733.1680,4537505600,47761935110.0000,0.002866,-0.994956
2011-11-08,2745.0590,2727.7100,2756.0910,2723.6930,4788425200,47864912703.0000,0.003025,-0.312036
2011-11-09,2739.1540,2751.6540,2755.8110,2710.0540,4687796000,48484230112.0000,0.002961,0.877809
2011-11-10,2720.8360,2699.5880,2729.5720,2698.3060,5117370200,51793948486.0000,0.003233,-1.892177
2011-11-11,2705.2430,2695.0020,2713.9140,2685.1010,3663669600,38724219259.0000,0.002314,-0.169876
2011-11-14,2717.5440,2750.1950,2751.8800,2714.8620,4639094300,51333489021.0000,0.002930,2.047981
2011-11-15,2746.7730,2744.6800,2754.0010,2732.9130,4175986400,46980738996.0000,0.002636,-0.200536
2011-11-16,2745.8580,2670.1160,2746.2900,2659.1480,5594923900,57844199048.0000,0.003531,-2.716672
2011-11-17,2671.9530,2662.0170,2687.8310,2660.6510,3524765200,37762635927.0000,0.002225,-0.303316
2011-11-18,2643.6670,2606.4950,2646.2090,2601.1790,4241471800,44949477108.0000,0.002677,-2.085711
2011-11-21,2608.5560,2609.6870,2613.2620,2587.7420,2797189600,31175406753.0000,0.001763,0.122459
2011-11-22,2592.2290,2609.4750,2611.1500,2580.7810,2906907800,31886735092.0000,0.001832,-0.008120
2011-11-23,2613.2910,2584.0110,2617.0880,2578.1570,2853141200,30958563539.0000,0.001799,-0.975833
2011-11-24,2565.6860,2588.9150,2604.2360,2557.6950,3031960100,31894726945.0000,0.001911,0.189784
2011-11-25,2585.1370,2569.9730,2598.3920,2563.6500,2391376600,27509358470.0000,0.001507,-0.731663
2011-11-28,2578.3440,2573.3210,2589.3540,2562.4930,2566693600,29179539395.0000,0.001618,0.130279
2011-11-29,2595.0860,2608.5690,2609.1870,2580.2930,3002587800,34962425966.0000,0.001893,1.369749
2011-11-30,2600.0990,2521.5200,2601.9000,2507.1840,4235264500,42454205363.0000,0.002670,-3.337043
2011-12-01,2596.1530,2583.6130,2630.6640,2577.7220,6352025200,66146809487.0000,0.004004,2.462523
2011-12-02,2570.5600,2557.3110,2575.6920,2543.5320,3218370300,33168419336.0000,0.002029,-1.018032
2011-12-05,2561.2000,2521.3850,2561.2000,2517.1790,3206338800,32749927399.0000,0.002012,-1.404836
2011-12-06,2515.0440,2516.3410,2525.6660,2499.5740,2629758100,26310941611.0000,0.001650,-0.200047
2011-12-07,2517.3410,2528.2280,2534.5290,2509.7770,2326183900,23433730534.0000,0.001460,0.472391
2011-12-08,2525.0410,2525.0010,2549.1010,2494.6940,2777774400,27843683566.0000,0.001743,-0.127641
2011-12-09,2506.6240,2503.4610,2525.1620,2496.9720,2402905900,25477241953.0000,0.001508,-0.853070
2011-12-12,2497.9220,2477.6920,2502.0460,2476.1160,2190124900,21200444065.0000,0.001374,-1.029337
2011-12-13,2467.0160,2421.9280,2472.6560,2418.6730,3571753400,33269154181.0000,0.002240,-2.250640
2011-12-14,2415.9440,2397.4800,2433.5500,2392.2990,2532010900,23753606413.0000,0.001588,-1.009444
2011-12-15,2382.4410,2340.7880,2384.4730,2340.4470,3675083400,33900401991.0000,0.002304,-2.364645
2011-12-16,2339.9760,2390.1290,2390.3780,2332.1400,3630233900,33652058785.0000,0.002276,2.107872
2011-12-19,2370.4180,2384.4080,2387.8900,2321.6570,3790975200,33711370957.0000,0.002377,-0.239357
2011-12-20,2376.7090,2377.0730,2412.5720,2373.8600,3240232700,29967658690.0000,0.002031,-0.307622
2011-12-21,2397.2750,2339.1080,2404.7750,2337.6930,3120952500,30917839680.0000,0.001956,-1.597136
2011-12-22,2325.2700,2341.3350,2358.4680,2294.6070,3668385800,31845455341.0000,0.002299,0.095209
2011-12-23,2337.3820,2359.1590,2382.7090,2331.9580,3316190400,29910296920.0000,0.002078,0.761274
2011-12-26,2345.5550,2335.7020,2369.8180,2334.7940,2822408700,25033053118.0000,0.001766,-0.994296
2011-12-27,2332.8260,2305.0350,2346.3840,2302.4110,2927731400,26777021276.0000,0.001831,-1.312967
2011-12-28,2295.8660,2307.9280,2309.6450,2267.1140,3288202000,28839274201.0000,0.002057,0.125511
2011-12-29,2297.2880,2311.3610,2323.4880,2293.8720,3088770000,26868223305.0000,0.001932,0.148753
2011-12-30,2318.6730,2345.7420,2349.0290,2318.6730,3586524300,32362650284.0000,0.002243,1.487472
2012-01-04,2361.4990,2298.7530,2365.9880,2298.2980,3434456700,32572551267.0000,0.002190,-2.003162
2012-01-05,2290.7800,2276.3850,2316.6570,2272.1530,4301648000,37635272074.0000,0.002743,-0.973046
2012-01-06,2274.3520,2290.6010,2291.8850,2254.5670,3519899200,31079362325.0000,0.002243,0.624502
2012-01-09,2291.1820,2368.5700,2368.8890,2271.7170,5472734100,51478126954.0000,0.003487,3.403866
2012-01-10,2365.7680,2447.3490,2449.9550,2361.2810,8115498900,75249157103.0000,0.005170,3.326017
2012-01-11,2444.7570,2435.6080,2453.1460,2423.3220,5870567400,57587219272.0000,0.003740,-0.479752
2012-01-12,2426.8200,2435.2190,2464.3780,2423.3210,4712127500,47877407259.0000,0.003002,-0.015968
2012-01-13,2438.4050,2394.3340,2445.7870,2374.5450,4551399700,47228338588.0000,0.002899,-1.678905
2012-01-16,2376.9530,2345.6490,2394.4980,2345.6330,3052714500,34410385319.0000,0.001938,-2.033345
2012-01-17,2347.5680,2460.6010,2462.4290,2329.2480,6420564800,64324131068.0000,0.004077,4.900654
2012-01-18,2464.9200,2422.1890,2485.4980,2414.5270,6389235800,67058838880.0000,0.004057,-1.561086
2012-01-19,2423.8570,2468.3500,2480.2060,2414.9850,5561572600,56377653304.0000,0.003532,1.905761
2012-01-20,2476.7300,2504.0860,2510.3400,2462.5940,5452978300,57474475709.0000,0.003463,1.447762
2012-01-30,2508.8770,2460.7200,2508.8770,2460.3960,4351714800,44770885276.0000,0.002763,-1.731808
2012-01-31,2462.3380,2464.2600,2472.8390,2447.7680,3070150100,32694132107.0000,0.001949,0.143862
2012-02-01,2458.2330,2428.9940,2481.6640,2423.4500,3501537400,37752320797.0000,0.002223,-1.431104
2012-02-02,2437.4700,2486.2380,2486.2380,2429.7090,4206698500,44126383715.0000,0.002671,2.356702
2012-02-03,2478.3360,2506.0900,2514.6450,2470.2800,4994924000,51507545973.0000,0.003171,0.798477
2012-02-06,2511.1720,2504.3220,2520.7580,2488.7090,4507990500,47541523547.0000,0.002862,-0.070551
2012-02-07,2489.0320,2457.9540,2489.0320,2441.6980,3967916400,40034277145.0000,0.002519,-1.851516
2012-02-08,2456.4220,2528.2360,2534.1620,2450.9990,5618645600,61721305024.0000,0.003567,2.859369
2012-02-09,2525.5890,2529.2310,2546.0250,2513.1310,5929975100,63456204565.0000,0.003765,0.039350
2012-02-10,2521.6760,2533.6240,2560.0270,2521.1550,6157587700,60029482361.0000,0.003909,0.173692
2012-02-13,2504.4100,2531.9810,2553.4460,2496.3050,5191397300,54282622440.0000,0.003296,-0.064850
2012-02-14,2528.9670,2522.1070,2533.2640,2506.5370,4043010100,43723682304.0000,0.002566,-0.389972
2012-02-15,2515.8290,2549.6070,2562.0710,2511.2890,5809037000,60422394145.0000,0.003686,1.090358
2012-02-16,2544.6410,2536.0740,2559.3450,2519.0430,5439543100,55165633314.0000,0.003451,-0.530786
2012-02-17,2551.8150,2537.0860,2558.3450,2522.8560,3899471600,40458003413.0000,0.002473,0.039903
2012-02-20,2571.9070,2540.7060,2574.7460,2539.9040,5615332900,56748912893.0000,0.003560,0.142688
2012-02-21,2544.8350,2562.4530,2562.9090,2520.7860,4789480800,47758225547.0000,0.003036,0.855936
2012-02-22,2564.3150,2597.4760,2598.8630,2560.3430,7637665600,76421806874.0000,0.004841,1.366784
2012-02-23,2595.7790,2606.2560,2614.5370,2590.5180,7037712600,72612089253.0000,0.004461,0.338022
2012-02-24,2607.3390,2648.0170,2648.0170,2602.7760,8599970800,88058616716.0000,0.005449,1.602336
2012-02-27,2658.1210,2656.5730,2693.8430,2656.5730,10151403400,106670207615.0000,0.006432,0.323106
2012-02-28,2652.3420,2662.4630,2671.8330,2641.4590,7759253600,77213053038.0000,0.004916,0.221710
2012-02-29,2655.8580,2634.1430,2666.6470,2631.7840,5912020600,64875221164.0000,0.003745,-1.063670
2012-03-01,2622.7370,2633.3450,2647.7850,2621.8580,4214844100,46524079738.0000,0.002669,-0.030298
2012-03-02,2637.9610,2679.9340,2679.9340,2637.9610,6412203400,66981591368.0000,0.004060,1.769199
2012-03-05,2687.7400,2662.6980,2694.6120,2660.9550,7139545800,74973261138.0000,0.004520,-0.643153
2012-03-06,2654.7990,2621.0520,2657.9630,2615.6000,6244714800,68852557821.0000,0.003952,-1.564052
2012-03-07,2596.4790,2603.0050,2628.5850,2594.1280,5694873300,63243293004.0000,0.003604,-0.688545
2012-03-08,2612.4030,2635.7910,2645.9530,2612.4030,5754941300,64458851045.0000,0.003642,1.259549
2012-03-09,2644.1000,2664.3020,2664.4140,2631.4060,5525892100,65963441747.0000,0.003497,1.081686
2012-03-12,2663.2430,2654.4020,2666.4320,2636.4230,6232721600,74367701978.0000,0.003944,-0.371576
2012-03-13,2653.6810,2681.0730,2681.3340,2649.1690,5840446900,66429764308.0000,0.003694,1.004780
2012-03-14,2694.4750,2605.1060,2705.7540,2595.3420,10842654000,117080408732.0000,0.006859,-2.833457
2012-03-15,2602.6610,2585.5460,2618.2520,2575.4370,7256596000,77042766482.0000,0.004590,-0.750835
2012-03-16,2591.8000,2623.5200,2624.3160,2577.2450,5809125900,67451822278.0000,0.003675,1.468708
2012-03-19,2617.6620,2630.0130,2631.0450,2598.6300,5764662500,68803937996.0000,0.003647,0.247489
2012-03-20,2622.6600,2584.4450,2622.6600,2584.0240,5811406500,64263817216.0000,0.003676,-1.732610
2012-03-21,2597.3750,2587.7930,2613.2690,2569.0750,5800254400,66674920148.0000,0.003669,0.129540
2012-03-22,2586.9380,2583.7470,2599.2440,2570.4460,4492677700,50115505934.0000,0.002842,-0.156345
2012-03-23,2575.3270,2552.9400,2578.8250,2544.5250,4332925600,47812442986.0000,0.002741,-1.192343
2012-03-26,2551.4250,2555.4420,2562.9290,2540.6960,3181621100,36356133943.0000,0.002012,0.098003
2012-03-27,2565.5510,2547.1430,2571.8990,2544.3730,3594460400,47394454857.0000,0.002272,-0.324751
2012-03-28,2538.4580,2474.9000,2540.4170,2471.0340,5000579000,54993640999.0000,0.003160,-2.836243
2012-03-29,2463.6880,2443.1220,2476.4780,2429.7320,4613130400,48651595893.0000,0.002915,-1.284005
2012-03-30,2447.9390,2454.8990,2461.9770,2438.4880,3702708600,39139734882.0000,0.002340,0.482041
2012-04-05,2449.2080,2512.8320,2517.3860,2441.2690,5433168700,58049690964.0000,0.003432,2.359898
2012-04-06,2509.4450,2519.8300,2525.5340,2502.7030,4236857600,47207795088.0000,0.002677,0.278492
2012-04-09,2510.5330,2495.1460,2518.3780,2491.5920,3537098600,38180751755.0000,0.002234,-0.979593
2012-04-10,2490.2830,2519.7880,2519.8120,2459.3480,4133590500,44064833898.0000,0.002611,0.987601
2012-04-11,2494.5170,2520.0360,2541.1260,2489.3250,4251031000,43627983913.0000,0.002685,0.009834
2012-04-12,2522.8280,2570.4360,2570.8420,2516.5680,5648840900,59536950778.0000,0.003568,1.999977
2012-04-13,2575.0520,2580.4540,2593.7880,2570.0350,5309264300,61892977442.0000,0.003353,0.389742
2012-04-16,2564.2310,2574.0440,2586.1980,2559.7810,4083970000,42650756402.0000,0.002578,-0.248412
2012-04-17,2572.3640,2541.8830,2578.7600,2541.5350,3781546700,38328417080.0000,0.002387,-1.249430
2012-04-18,2550.9050,2599.9080,2602.1060,2545.9960,5868840800,59361005883.0000,0.003705,2.282753
2012-04-19,2598.3290,2596.0560,2606.8600,2585.3010,4644810900,55512931549.0000,0.002931,-0.148161
2012-04-20,2591.5100,2626.8390,2627.3750,2589.3510,6144637900,63829908072.0000,0.003878,1.185768
2012-04-23,2624.7510,2606.0380,2632.0920,2599.1120,5866493800,62073949557.0000,0.003702,-0.791865
2012-04-24,2594.8010,2604.8660,2640.2950,2559.4640,7113955800,73150514001.0000,0.004489,-0.044977
2012-04-25,2598.2280,2625.9900,2631.4380,2593.3270,6246805300,63529458933.0000,0.003942,0.810945
2012-04-26,2632.7180,2631.4870,2643.7680,2617.0890,5896566700,64377486667.0000,0.003721,0.209333
2012-04-27,2630.5490,2626.1570,2637.9180,2623.5980,4823358600,53345515969.0000,0.003044,-0.202550
2012-05-02,2660.6730,2683.4870,2697.9490,2643.5270,8014865400,92366091966.0000,0.005057,2.183041
2012-05-03,2679.5170,2691.5180,2693.8800,2675.8110,5936109000,72337336415.0000,0.003745,0.299275
2012-05-04,2689.6240,2715.8790,2716.0330,2677.1400,6321808600,73699551125.0000,0.003986,0.905097
2012-05-07,2699.4470,2717.7780,2717.7780,2694.3210,6854731400,82715668565.0000,0.004322,0.069928
2012-05-08,2717.4080,2709.1160,2717.8250,2683.5620,6311084000,73744497984.0000,0.003979,-0.318720
2012-05-09,2685.1870,2657.5140,2685.1870,2655.3220,5840028300,69482578578.0000,0.003682,-1.904756
2012-05-10,2657.8700,2657.2140,2667.6750,2649.3800,4696257600,54056953614.0000,0.002959,-0.011281
2012-05-11,2652.3130,2636.9170,2666.5660,2636.5230,4100614300,49392898299.0000,0.002584,-0.763850
2012-05-14,2653.8060,2615.5340,2656.2840,2613.3490,5208248400,60331294491.0000,0.003281,-0.810911
2012-05-15,2597.6440,2617.3740,2618.1750,2591.5980,4576727100,51374761939.0000,0.002883,0.070352
2012-05-16,2610.1610,2574.6470,2612.6250,2574.0820,4328027400,47863536278.0000,0.002726,-1.632440
2012-05-17,2577.9610,2613.9420,2619.5890,2571.2010,4372838900,49203910040.0000,0.002754,1.526226
2012-05-18,2595.5470,2573.9760,2603.1910,2567.3020,4342212400,46907511775.0000,0.002734,-1.528948
2012-05-21,2572.3690,2587.2310,2604.2190,2563.9730,3860209000,44300405781.0000,0.002430,0.514957
2012-05-22,2598.1670,2627.5250,2627.6020,2597.6030,4277352900,49392413014.0000,0.002691,1.557416
2012-05-23,2621.7860,2616.8690,2635.7800,2598.2900,4371953100,52563403310.0000,0.002750,-0.405553
2012-05-24,2613.0950,2595.2600,2630.4140,2588.2090,4284406600,50064439874.0000,0.002695,-0.825754
2012-05-25,2595.2610,2573.1030,2602.1700,2565.6470,3927300400,41420081778.0000,0.002468,-0.853748
2012-05-28,2562.5960,2614.6890,2614.8490,2545.3360,5633927500,58412343035.0000,0.003540,1.616179
2012-05-29,2615.1450,2650.8540,2658.2550,2612.5640,7213563700,78681504585.0000,0.004532,1.383149
2012-05-30,2646.3700,2642.2580,2655.1630,2636.5180,5185543600,56976275428.0000,0.003256,-0.324271
2012-05-31,2623.1580,2632.0420,2645.5910,2617.2280,4410746900,49875041384.0000,0.002769,-0.386641
2012-06-01,2633.6010,2632.9980,2653.8570,2623.2890,4419105600,53843404285.0000,0.002772,0.036324
2012-06-04,2598.7330,2559.0260,2608.3160,2558.9200,5247850200,60615569451.0000,0.003289,-2.809427
2012-06-05,2565.1860,2558.8420,2573.8870,2548.7600,3777991000,43553303591.0000,0.002368,-0.007184
2012-06-06,2564.2260,2557.4010,2573.7390,2547.3340,3385769400,41316908581.0000,0.002122,-0.056321
2012-06-07,2579.4250,2542.1840,2584.0390,2536.2580,3484118600,42053000073.0000,0.002181,-0.595010
2012-06-08,2558.8430,2524.3290,2559.1280,2520.4090,4385642600,47638005888.0000,0.002745,-0.702348
2012-06-11,2529.5990,2558.2650,2565.4290,2523.7740,4009826000,43449657466.0000,0.002510,1.344349
2012-06-12,2543.7650,2540.1780,2553.9150,2529.9510,3793667600,40259911520.0000,0.002373,-0.706999
2012-06-13,2546.7910,2580.6360,2581.1150,2539.6320,4501456800,51291269477.0000,0.002815,1.592723
2012-06-14,2573.3290,2560.4210,2584.7090,2558.5650,4024793400,46331822555.0000,0.002517,-0.783338
2012-06-15,2565.1890,2568.0540,2580.1700,2538.5720,4278607800,48868302897.0000,0.002676,0.298117
2012-06-18,2576.6290,2581.2120,2593.2180,2572.9870,3569362800,40852450181.0000,0.002230,0.512371
2012-06-19,2577.3620,2558.6210,2577.3620,2556.1030,3270055300,37020041266.0000,0.002043,-0.875202
2012-06-20,2563.6430,2552.6110,2570.6630,2549.4380,2985063900,33573669769.0000,0.001865,-0.234893
2012-06-21,2547.0480,2512.1850,2547.0480,2502.4190,3539673200,38607959039.0000,0.002212,-1.583713
2012-06-25,2501.1630,2456.5180,2501.1630,2455.0080,4010673500,42503507171.0000,0.002506,-2.215879
2012-06-26,2442.5620,2454.9150,2465.1200,2434.6400,3173400800,33896511717.0000,0.001982,-0.065256
2012-06-27,2452.6660,2447.1950,2470.7620,2444.3430,3000755300,31437597414.0000,0.001875,-0.314470
2012-06-28,2451.6640,2425.7290,2459.1890,2425.2400,3054311300,34418793210.0000,0.001908,-0.877170
2012-06-29,2418.8620,2461.6120,2462.8150,2417.4860,3799494100,40976538386.0000,0.002373,1.479269
2012-07-02,2473.5450,2465.2380,2473.9660,2452.9860,4051007800,45651476527.0000,0.002520,0.147301
2012-07-03,2464.8500,2468.7210,2490.5470,2457.4490,3869335400,45004653879.0000,0.002407,0.141281
2012-07-04,2474.5270,2464.9190,2481.3360,2455.9950,3445214200,37837659888.0000,0.002143,-0.154007
2012-07-05,2450.3000,2430.3700,2450.3000,2420.0010,3472614500,35946204421.0000,0.002159,-1.401621
2012-07-06,2435.0590,2472.6140,2477.2310,2420.3560,4961060500,56601778899.0000,0.003081,1.738167
2012-07-09,2455.8920,2416.0360,2470.2050,2414.9530,4922330200,54601732513.0000,0.003057,-2.288191
2012-07-10,2411.0030,2406.7060,2426.5290,2402.3710,3554998400,38539025245.0000,0.002208,-0.386163
2012-07-11,2402.1840,2425.5720,2427.7950,2402.1540,3762431200,39851892244.0000,0.002335,0.783892
2012-07-12,2420.0360,2449.1810,2460.5590,2404.5840,5671769100,65137536868.0000,0.003520,0.973333
2012-07-13,2441.0130,2450.6330,2467.9900,2438.9790,3672525600,42013581196.0000,0.002279,0.059291
2012-07-16,2452.5950,2399.7310,2452.5950,2399.6100,4277187000,45844882072.0000,0.002652,-2.077100
2012-07-17,2391.8970,2414.2010,2421.9290,2391.2810,3342432900,38285441648.0000,0.002073,0.602983
2012-07-18,2412.0620,2414.3350,2420.7780,2373.6470,4175178800,44325492550.0000,0.002589,0.005552
2012-07-19,2407.4430,2424.3220,2444.0570,2401.2910,4694905200,47704038961.0000,0.002911,0.413657
2012-07-20,2415.7100,2398.4550,2423.8040,2392.1810,3761975400,36683623955.0000,0.002333,-1.066976
2012-07-23,2379.8850,2365.4310,2379.8850,2357.5070,3239036900,33178928582.0000,0.002008,-1.376893
2012-07-24,2353.2200,2375.9920,2392.3530,2352.8030,3031007900,31149105846.0000,0.001879,0.446474
2012-07-25,2368.3840,2360.0830,2381.0430,2357.4680,2489650100,25730598144.0000,0.001540,-0.669570
2012-07-26,2360.1340,2347.4880,2374.8740,2344.6950,3131409400,31326395007.0000,0.001937,-0.533666
2012-07-27,2353.9420,2349.1080,2364.9840,2341.2930,3109052500,33048182067.0000,0.001922,0.069005
2012-07-30,2350.7820,2335.7930,2367.0290,2333.9990,3048485100,29907972257.0000,0.001864,-0.566808
2012-07-31,2336.8820,2332.9220,2350.0710,2329.5050,3209972300,31196332451.0000,0.001963,-0.122907
2012-08-01,2332.1290,2358.6510,2371.1220,2331.9490,3142084800,31277764382.0000,0.001921,1.102856
2012-08-02,2354.0730,2334.8820,2358.5590,2325.6080,3151615900,29751166648.0000,0.001927,-1.007729
2012-08-03,2340.2500,2353.7370,2354.1560,2329.9340,2976978500,31106947335.0000,0.001821,0.807535
2012-08-06,2350.1170,2385.6110,2388.3630,2348.1190,4182066500,43686686303.0000,0.002557,1.354188
2012-08-07,2383.2570,2388.8730,2390.7820,2379.4520,3828548900,40403711505.0000,0.002341,0.136735
2012-08-08,2390.9590,2389.7950,2405.1830,2382.8250,3781045100,41340862162.0000,0.002312,0.038590
2012-08-09,2388.4300,2411.7000,2412.1420,2378.8540,3565895100,43256096919.0000,0.002181,0.916607
2012-08-10,2409.9370,2399.7510,2413.4230,2395.9120,3470299500,40699222527.0000,0.002120,-0.495459
2012-08-13,2394.5040,2351.9310,2394.5040,2350.8080,4478354600,46249676189.0000,0.002736,-1.992710
2012-08-14,2352.6590,2357.0160,2357.8470,2324.9060,3985006600,42404687531.0000,0.002432,0.216214
2012-08-15,2350.0220,2331.6150,2350.0220,2330.1500,3058017600,30332554840.0000,0.001866,-1.077681
2012-08-16,2327.9100,2319.6700,2335.3970,2317.0610,2590290500,27076003542.0000,0.001581,-0.512309
2012-08-17,2318.4320,2313.4760,2322.8850,2295.1580,2606571700,28629966797.0000,0.001591,-0.267014
2012-08-20,2294.9010,2301.7880,2307.4060,2279.9460,2740203300,27174816852.0000,0.001669,-0.505213
2012-08-21,2301.9320,2313.7030,2327.3750,2296.5510,3489510000,34757869338.0000,0.002124,0.517632
2012-08-22,2315.1400,2295.5860,2317.3730,2285.7550,3170841200,31547519179.0000,0.001930,-0.783028
2012-08-23,2298.1800,2302.1990,2311.6530,2285.3670,3133534200,33789603948.0000,0.001908,0.288076
2012-08-24,2295.6840,2275.6770,2299.2980,2274.5660,3186959100,32986336544.0000,0.001940,-1.152028
2012-08-27,2268.4850,2228.2040,2268.4850,2228.1510,3738619100,35384156112.0000,0.002275,-2.086100
2012-08-28,2226.8980,2238.4110,2250.6000,2222.0010,3377361500,30331076332.0000,0.002055,0.458072
2012-08-29,2230.1990,2214.8140,2240.1120,2214.4290,2901064800,27396186648.0000,0.001765,-1.054182
2012-08-30,2204.5150,2211.3700,2223.1950,2188.7240,3549131000,33867206099.0000,0.002159,-0.155492
2012-08-31,2205.5730,2204.8680,2218.8660,2203.1230,2596498600,23340891008.0000,0.001580,-0.294035
2012-09-03,2201.1230,2228.3690,2236.5630,2197.7080,3854859244,35299176733.0000,0.002345,1.065868
2012-09-04,2231.7160,2204.4070,2234.8750,2199.5090,3485268800,33220203922.0000,0.002120,-1.075312
2012-09-05,2199.7430,2199.8750,2209.5360,2186.9620,3475182400,30445168179.0000,0.002114,-0.205587
2012-09-06,2204.4360,2217.8230,2218.6800,2199.8570,3169588400,26873315868.0000,0.001928,0.815864
2012-09-07,2233.9120,2317.1790,2341.5220,2233.9120,9452976400,84302249171.0000,0.005751,4.479887
2012-09-10,2320.5570,2326.6660,2334.4960,2313.5720,6533055400,63252038538.0000,0.003974,0.409423
2012-09-11,2316.5320,2311.8900,2316.5320,2294.8200,4626071900,43389766043.0000,0.002814,-0.635077
2012-09-12,2325.9250,2320.0710,2337.1960,2298.2970,4962251800,46485174475.0000,0.003019,0.353873
2012-09-13,2316.6790,2298.4610,2325.5340,2298.3670,4204984900,38023998305.0000,0.002558,-0.931442
2012-09-14,2324.0120,2315.5420,2332.4170,2298.8300,6157181400,55438612876.0000,0.003746,0.743152
2012-09-17,2312.0550,2258.7050,2314.9890,2258.1820,4898473400,43753169666.0000,0.002980,-2.454584
2012-09-18,2249.4250,2235.2390,2253.1440,2228.0420,3322869600,30171497189.0000,0.002021,-1.038917
2012-09-19,2237.2180,2246.2360,2249.2430,2229.4890,3434970600,32607010935.0000,0.002089,0.491986
2012-09-20,2236.1910,2195.9510,2236.1910,2194.2210,4254577900,38385856464.0000,0.002588,-2.238641
2012-09-21,2190.3270,2199.0630,2217.4730,2186.5300,3812059300,34043368088.0000,0.002301,0.141718
2012-09-24,2183.9690,2215.5160,2225.8050,2172.8790,3750168600,33608761246.0000,0.002264,0.748188
2012-09-25,2209.9750,2210.1540,2225.3340,2202.3760,2787701900,26677064455.0000,0.001683,-0.242023
2012-09-26,2208.9060,2184.8910,2216.8240,2181.0830,2745462600,24918916453.0000,0.001657,-1.143040
2012-09-27,2186.0040,2251.7170,2266.2970,2185.7660,5301690000,48210577766.0000,0.003200,3.058547
2012-09-28,2235.0570,2293.1060,2297.0330,2234.3230,5787582500,54431465854.0000,0.003493,1.838105
2012-10-08,2291.9610,2270.0540,2305.1800,2258.1100,3553442400,33915840250.0000,0.002145,-1.005274
2012-10-09,2281.7530,2320.1570,2327.7270,2281.7530,5254888700,48330196363.0000,0.003172,2.207129
2012-10-10,2314.5930,2324.1170,2325.7490,2304.6080,4268623800,37873996221.0000,0.002577,0.170676
2012-10-11,2315.8970,2302.5330,2321.3520,2300.9340,4130065500,36172963459.0000,0.002493,-0.928696
2012-10-12,2311.2840,2304.5310,2332.1490,2287.0090,3687414500,33205903773.0000,0.002226,0.086776
2012-10-15,2306.0060,2294.8570,2307.8820,2278.4570,2865174600,28569021615.0000,0.001729,-0.419785
2012-10-16,2293.2440,2298.1620,2315.4530,2287.5900,3205967900,32705140504.0000,0.001934,0.144025
2012-10-17,2307.3580,2300.8030,2312.1730,2280.8180,3334940900,31270899032.0000,0.002012,0.114912
2012-10-18,2307.4870,2336.0770,2341.1200,2305.8830,5061510000,45050292530.0000,0.003054,1.533114
2012-10-19,2335.1050,2332.4700,2342.5270,2328.7330,3592773200,33173031578.0000,0.002168,-0.154401
2012-10-22,2320.4680,2341.5920,2347.8950,2315.8950,3436828600,32815273277.0000,0.002072,0.391091
2012-10-23,2340.8900,2312.0770,2344.0440,2309.2520,3722127200,33716876575.0000,0.002243,-1.260473
2012-10-24,2303.4010,2307.7790,2321.4300,2302.1690,3754244500,30392377974.0000,0.002262,-0.185887
2012-10-25,2306.7330,2291.2390,2322.9170,2288.6010,4435153100,33183528714.0000,0.002672,-0.716708
2012-10-26,2291.3100,2247.9070,2293.1760,2237.0590,4090051900,34530067051.0000,0.002464,-1.891205
2012-10-29,2241.8020,2235.8540,2248.1390,2227.6460,2758132500,25328650697.0000,0.001662,-0.536187
2012-10-30,2236.3160,2239.8820,2257.9510,2231.7760,3408312500,29516628523.0000,0.002051,0.180158
2012-10-31,2241.4320,2254.8200,2256.0950,2233.6840,3716979500,30634360248.0000,0.002236,0.666910
2012-11-01,2256.6090,2297.8840,2305.6290,2256.4120,5076172900,45602138249.0000,0.003054,1.909863
2012-11-02,2297.8980,2306.7740,2309.6660,2284.7190,3983328800,34893875754.0000,0.002396,0.386873
2012-11-05,2302.7420,2301.8800,2318.2310,2290.1350,3951037200,33663152794.0000,0.002372,-0.212160
2012-11-06,2301.9800,2292.2060,2304.0480,2260.5070,3928062700,34473381993.0000,0.002355,-0.420258
2012-11-07,2288.7630,2287.5050,2300.8930,2277.0200,3306740300,30278449435.0000,0.001982,-0.205094
2012-11-08,2269.5820,2245.4050,2275.4010,2245.4000,3542647500,30411864845.0000,0.002123,-1.840427
2012-11-09,2241.7560,2240.9240,2252.1960,2235.2310,3050696800,24374277793.0000,0.001828,-0.199561
2012-11-12,2242.9600,2251.8480,2254.7030,2232.7420,3472168500,29040821378.0000,0.002081,0.487470
2012-11-13,2250.8420,2212.4400,2250.8420,2208.7230,3408370400,28818451577.0000,0.002043,-1.750028
2012-11-14,2213.0860,2223.1100,2225.1240,2205.9960,2675879000,23592323468.0000,0.001604,0.482281
2012-11-15,2210.7510,2193.6230,2220.9870,2193.5160,2831915100,23778694920.0000,0.001697,-1.326388
2012-11-16,2189.5110,2177.2400,2191.6110,2162.9760,3024778600,26118247405.0000,0.001813,-0.746849
2012-11-19,2175.1840,2174.9850,2176.4920,2149.5380,2697866600,26737221714.0000,0.001615,-0.103566
2012-11-20,2180.2050,2164.8810,2184.3340,2163.5270,2394891600,22999196160.0000,0.001433,-0.464555
2012-11-21,2165.4080,2194.8960,2195.4610,2151.3800,3050848200,27121949931.0000,0.001826,1.386445
2012-11-22,2181.1790,2177.5460,2185.5770,2169.6570,2291235100,21536153037.0000,0.001371,-0.790475
2012-11-23,2184.4090,2192.6760,2202.4700,2179.7270,2866749300,26307630050.0000,0.001716,0.694825
2012-11-26,2187.2400,2175.5990,2191.3590,2172.1000,2474269600,22231498412.0000,0.001481,-0.778816
2012-11-27,2168.5890,2150.6380,2173.4640,2150.2220,3194674600,26149735216.0000,0.001912,-1.147324
2012-11-28,2142.5000,2129.1610,2144.8020,2126.0300,3000933900,24423321714.0000,0.001796,-0.998636
2012-11-29,2128.8030,2115.6760,2140.8770,2114.4770,2967062500,24016256021.0000,0.001776,-0.633342
2012-11-30,2114.2440,2139.6610,2142.8560,2109.9630,3640691100,28552066162.0000,0.002179,1.133674
2012-12-03,2136.6960,2108.8500,2152.6080,2108.1490,4018676200,34173653616.0000,0.002405,-1.439985
2012-12-04,2104.9280,2131.4730,2135.6620,2102.1350,3622591500,31732336903.0000,0.002168,1.072755
2012-12-05,2128.3870,2207.8780,2219.0940,2126.7930,8248710300,69109050480.0000,0.004936,3.584612
2012-12-06,2205.6050,2203.6020,2216.9760,2191.2270,4857468900,42758570153.0000,0.002907,-0.193665
2012-12-07,2203.8870,2246.7570,2250.5290,2198.1070,7616974800,64996499283.0000,0.004558,1.958386
2012-12-10,2254.9150,2271.0460,2276.2800,2250.4370,7337547500,61399772028.0000,0.004391,1.081061
2012-12-11,2263.2090,2258.5000,2274.9940,2254.2990,5146870300,45087981874.0000,0.003079,-0.552428
2012-12-12,2257.7300,2267.7670,2273.2110,2247.9530,4500645400,39182538242.0000,0.002691,0.410321
2012-12-13,2260.6010,2242.6350,2266.7210,2242.5570,4194210000,36665684856.0000,0.002508,-1.108230
2012-12-14,2245.6360,2355.8650,2357.1060,2245.6360,11089256200,93934741143.0000,0.006632,5.048971
2012-12-17,2359.2010,2366.7000,2380.0010,2358.6640,9408819500,85000820332.0000,0.005597,0.459914
2012-12-18,2361.0950,2368.1200,2398.6300,2347.0770,8578484900,78802837302.0000,0.005103,0.060006
2012-12-19,2362.8020,2371.1090,2387.1420,2358.0330,6329253000,61140748228.0000,0.003765,0.126209
2012-12-20,2361.3220,2384.8160,2391.9240,2346.5500,6565546200,63028692015.0000,0.003906,0.578085
2012-12-21,2386.3760,2372.0020,2414.2230,2365.0320,6871415800,66887708129.0000,0.004088,-0.537315
2012-12-24,2368.0070,2381.2170,2396.7250,2367.0380,5308700400,54121541302.0000,0.003155,0.388494
2012-12-25,2373.8800,2448.3950,2459.3020,2365.4100,9550235000,89877770350.0000,0.005676,2.821162
2012-12-26,2445.9870,2457.6190,2458.0070,2441.6420,7159182800,68406242066.0000,0.004255,0.376732
2012-12-27,2464.7790,2444.5940,2479.7920,2443.6810,7325506700,69327603833.0000,0.004354,-0.529980
2012-12-28,2448.0760,2480.0490,2481.5920,2444.3810,6716632100,66053288179.0000,0.003991,1.450346
2012-12-31,2485.5590,2522.9520,2522.9520,2485.5590,8200229300,81149079560.0000,0.004852,1.729919
2013-01-04,2551.8140,2524.4090,2558.5290,2498.8920,9798818200,95579245007.0000,0.005862,0.057751
2013-01-07,2518.0470,2535.9850,2545.9690,2511.6030,7516799300,73167512509.0000,0.004488,0.458570
2013-01-08,2534.6470,2525.3300,2540.5130,2502.4900,7183710000,76498061772.0000,0.004289,-0.420154
2013-01-09,2518.1040,2526.1260,2534.2390,2504.2990,7023117000,74233596955.0000,0.004193,0.031517
2013-01-10,2525.5900,2530.5690,2553.3520,2513.7290,7108586200,71159045499.0000,0.004244,0.175887
2013-01-11,2533.4950,2483.2300,2539.7940,2473.6960,7423917600,72775921987.0000,0.004433,-1.870690
2013-01-14,2474.1760,2577.7250,2583.6250,2473.9980,9355409100,96853471373.0000,0.005585,3.805331
2013-01-15,2579.1320,2595.8560,2605.4100,2576.9190,9862080500,101356961358.0000,0.005887,0.703367
2013-01-16,2591.3650,2577.0920,2600.0930,2540.5210,9353608400,95564995007.0000,0.005584,-0.722841
2013-01-17,2570.7110,2552.7580,2575.0580,2539.6740,6991523900,71716118533.0000,0.004174,-0.944242
2013-01-18,2568.6920,2595.4390,2607.4460,2553.4510,7794030300,77435163470.0000,0.004653,1.671953
2013-01-21,2605.6490,2610.8980,2611.2010,2582.6520,8413374200,85357442058.0000,0.005022,0.595621
2013-01-22,2610.3920,2596.8980,2620.0250,2578.1810,10576627500,102261160399.0000,0.006313,-0.536214
2013-01-23,2588.1980,2607.4560,2611.4090,2576.3620,7573944400,72758926411.0000,0.004521,0.406566
2013-01-24,2606.4270,2582.7550,2663.4040,2564.2060,11127717200,109537680297.0000,0.006642,-0.947328
2013-01-25,2580.8810,2571.6740,2591.5130,2567.1070,5848735900,60689373994.0000,0.003491,-0.429031
2013-01-28,2577.2670,2651.8630,2651.9670,2577.2670,9127479000,98173275704.0000,0.005445,3.118162
2013-01-29,2655.3770,2675.8660,2685.5310,2646.1540,10104022900,108827009893.0000,0.006028,0.905135
2013-01-30,2678.4330,2688.7110,2689.6830,2662.0620,9987499000,100856652553.0000,0.005958,0.480030
2013-01-31,2690.9510,2686.8820,2696.8810,2671.3300,9674010100,94476820552.0000,0.005761,-0.068020
2013-02-01,2677.1870,2743.3240,2744.3220,2671.2740,10387951500,110560933901.0000,0.006186,2.100646
2013-02-04,2753.6880,2748.0280,2768.5040,2731.0800,12793917900,136119589827.0000,0.007619,0.171475
2013-02-05,2727.9300,2771.6750,2779.9530,2725.3620,11613081900,112701171610.0000,0.006916,0.860507
2013-02-06,2771.9080,2775.8440,2787.4560,2765.7430,8277927100,88989578113.0000,0.004930,0.150413
2013-02-07,2771.5300,2759.8700,2775.9740,2722.8740,8997814200,95978595584.0000,0.005358,-0.575460
2013-02-08,2755.6490,2771.7250,2791.3030,2747.9460,7742964400,82903631783.0000,0.004611,0.429548
2013-02-18,2784.0650,2737.4710,2787.7400,2731.5060,7643822700,81001366822.0000,0.004538,-1.235842
2013-02-19,2735.0450,2685.6060,2740.7390,2674.3390,8062643100,82460808230.0000,0.004787,-1.894632
2013-02-20,2686.0930,2702.6350,2703.0980,2665.2310,7001937700,73636360656.0000,0.004157,0.634086
2013-02-21,2675.7410,2610.5490,2675.7410,2584.7580,10065798400,103619498796.0000,0.005964,-3.407265
2013-02-22,2607.6500,2596.6040,2618.4830,2591.1460,6020485200,65899100176.0000,0.003567,-0.534181
2013-02-25,2607.1490,2604.9600,2628.6960,2590.7870,5316194200,55614493314.0000,0.003149,0.321803
2013-02-26,2587.3750,2567.5950,2631.0940,2564.6720,8000306500,83373960556.0000,0.004729,-1.434379
2013-02-27,2576.0460,2594.6770,2615.2490,2569.3800,6322674300,64612274221.0000,0.003737,1.054763
2013-02-28,2611.9400,2673.3270,2673.7110,2593.9970,8692259500,92235377254.0000,0.005138,3.031202
2013-03-01,2671.8420,2668.8360,2680.8540,2626.9950,7334375300,80342747703.0000,0.004335,-0.167992
2013-03-04,2619.4200,2545.7150,2619.5740,2528.6940,11061910300,112585043728.0000,0.006536,-4.613279
2013-03-05,2547.8930,2622.8070,2623.1710,2541.7660,8966115200,92357133815.0000,0.005298,3.028296
2013-03-06,2634.8700,2650.2020,2658.1390,2620.4310,9582965200,95048891279.0000,0.005661,1.044492
2013-03-07,2639.7830,2619.4790,2658.9690,2592.8670,9408266600,96498095994.0000,0.005558,-1.159266
2013-03-08,2622.6840,2606.9270,2632.6240,2601.9610,5942955700,63054592405.0000,0.003511,-0.479179
2013-03-11,2600.2780,2592.3720,2611.6520,2574.1720,5094643600,52460900851.0000,0.003009,-0.558318
2013-03-12,2590.3910,2555.6150,2619.5120,2530.2510,7193514100,71675127580.0000,0.004249,-1.417894
2013-03-13,2551.7260,2527.4860,2556.7730,2515.0580,5643046000,56003723639.0000,0.003333,-1.100671
2013-03-14,2517.7450,2534.2730,2546.6990,2514.4630,4760575600,49929775447.0000,0.002812,0.268522
2013-03-15,2533.7220,2539.8730,2600.0910,2504.4580,8137218500,82749877355.0000,0.004805,0.220974
2013-03-18,2526.0770,2502.4930,2544.6190,2499.8280,5981277800,63093556699.0000,0.003532,-1.471732
2013-03-19,2507.3960,2525.0970,2532.0700,2491.8540,5453647600,55601011985.0000,0.003219,0.903259
2013-03-20,2526.9680,2610.1740,2610.1740,2526.8300,9070062200,91271022200.0000,0.005354,3.369263
2013-03-21,2611.5800,2614.9880,2626.5380,2598.5090,6955275600,71642665537.0000,0.004104,0.184431
2013-03-22,2612.2560,2618.3080,2625.5310,2603.3440,5564714100,55882142445.0000,0.003283,0.126963
2013-03-25,2628.4070,2613.0970,2641.6090,2607.6130,5626140200,58004930851.0000,0.003320,-0.199029
2013-03-26,2601.9640,2575.0500,2607.3570,2554.9740,6396296100,65306571624.0000,0.003774,-1.456007
2013-03-27,2575.7260,2583.5300,2611.9390,2566.3450,5690651700,58652246310.0000,0.003357,0.329313
2013-03-28,2535.9880,2499.3020,2535.9880,2495.0830,8757840500,84725899121.0000,0.005167,-3.260191
2013-03-29,2502.7820,2495.0830,2509.1090,2482.4880,5240213700,52055540480.0000,0.003091,-0.168807
2013-04-01,2486.4280,2493.1870,2507.8250,2483.7320,4734602200,47159820558.0000,0.002783,-0.075989
2013-04-02,2495.8430,2486.3910,2524.4630,2475.0000,5568415200,55637391748.0000,0.003273,-0.272579
2013-04-03,2493.8770,2483.5470,2507.1430,2474.9270,4556422100,45156719409.0000,0.002678,-0.114382
2013-04-08,2443.2400,2472.2990,2473.3090,2429.5000,5329677200,55249297714.0000,0.003132,-0.452902
2013-04-09,2477.2900,2489.4300,2505.2940,2477.2900,5238982400,54947035592.0000,0.003079,0.692912
2013-04-10,2487.9840,2485.3090,2495.5720,2466.1900,4750491300,51963820632.0000,0.002792,-0.165534
2013-04-11,2502.5000,2477.8760,2508.5930,2476.3960,4298995800,43039949368.0000,0.002526,-0.299082
2013-04-12,2476.3220,2462.1120,2489.1180,2460.1820,3991727800,40428047827.0000,0.002346,-0.636187
2013-04-15,2453.9670,2436.8180,2461.6680,2430.1490,4653973400,44084843341.0000,0.002734,-1.027327
2013-04-16,2419.5080,2459.5920,2461.0460,2416.6170,5528061300,53783255198.0000,0.003247,0.934576
2013-04-17,2457.8810,2458.4730,2465.2020,2437.3450,4469216400,46800831850.0000,0.002625,-0.045501
2013-04-18,2440.7070,2464.8510,2478.4130,2434.7300,4286070700,46270137159.0000,0.002518,0.259436
2013-04-19,2469.9510,2533.8270,2542.4530,2469.3230,7552087600,76723675264.0000,0.004436,2.798377
2013-04-22,2525.1130,2530.6700,2539.0460,2518.2570,6251188300,63027024091.0000,0.003672,-0.124593
2013-04-23,2532.2010,2449.4710,2532.2010,2448.2000,6065398200,61576157889.0000,0.003562,-3.208596
2013-04-24,2452.7810,2495.5790,2511.2020,2446.5870,6305091600,62189421706.0000,0.003703,1.882372
2013-04-25,2486.8570,2467.8750,2505.4820,2456.5660,6055792700,59891284466.0000,0.003557,-1.110127
2013-04-26,2477.7240,2447.3060,2488.5850,2439.7960,4712337800,46351986661.0000,0.002768,-0.833474
2013-05-02,2434.6030,2449.6390,2453.7490,2423.0770,4701608800,47200448204.0000,0.002759,0.095330
2013-05-03,2457.5430,2492.9120,2521.1190,2457.5430,6233009100,63267042656.0000,0.003657,1.766513
2013-05-06,2502.9780,2525.9830,2533.8550,2500.4550,6041878000,61767951099.0000,0.003544,1.326593
2013-05-07,2519.3640,2529.9380,2539.2980,2507.7560,5449064300,59244949469.0000,0.003196,0.156576
2013-05-08,2542.2660,2542.7980,2562.0070,2531.2510,5955429400,60309148841.0000,0.003493,0.508317
2013-05-09,2542.3740,2527.7940,2543.3050,2507.7920,6024014500,64438292561.0000,0.003533,-0.590065
2013-05-10,2519.5170,2540.8360,2546.9750,2515.1580,4881672800,50896689221.0000,0.002862,0.515944
2013-05-13,2542.4120,2530.7680,2547.6020,2516.7280,5409214700,55155093224.0000,0.003171,-0.396242
2013-05-14,2525.9980,2493.3380,2526.1450,2479.8720,5488006400,56144573527.0000,0.003218,-1.479005
2013-05-15,2493.9680,2506.9250,2507.4300,2491.9270,4418966000,47578585624.0000,0.002590,0.544938
2013-05-16,2501.1170,2552.7090,2553.0580,2487.7630,7079618200,76830436307.0000,0.004149,1.826299
2013-05-17,2550.4520,2592.0480,2598.7060,2547.7760,8185080100,83599367908.0000,0.004797,1.541073
2013-05-20,2597.1510,2609.6070,2627.6160,2590.0530,8633780300,94059415836.0000,0.005056,0.677412
2013-05-21,2607.3930,2614.8530,2617.4000,2594.2490,7150599400,75837813846.0000,0.004187,0.201030
2013-05-22,2613.4110,2618.0340,2630.0680,2603.7500,7419181700,78224126421.0000,0.004335,0.121648
2013-05-23,2604.9300,2582.8490,2624.0760,2579.3470,8482537000,81359908175.0000,0.004958,-1.343940
2013-05-24,2591.4190,2597.2280,2608.3500,2572.8840,6073966900,62831235051.0000,0.003550,0.556707
2013-05-27,2593.5220,2599.5870,2611.9720,2589.7390,6419508000,66701652802.0000,0.003751,0.090823
2013-05-28,2600.6320,2644.3590,2644.3590,2585.9010,8419611200,86756736777.0000,0.004915,1.722273
2013-05-29,2648.9270,2642.5610,2661.2290,2640.8810,7927770900,81953853231.0000,0.004627,-0.067988
2013-05-30,2633.9550,2634.3230,2647.4430,2623.5810,7014636800,71045065872.0000,0.004094,-0.311744
2013-05-31,2638.7100,2606.4260,2645.5650,2604.7460,6252853300,65904433688.0000,0.003648,-1.058981
2013-06-03,2605.9690,2602.6230,2625.9360,2596.0510,5977446800,63008705172.0000,0.003487,-0.145908
2013-06-04,2600.4990,2565.6660,2600.4990,2556.0560,6631575000,63139420045.0000,0.003868,-1.419992
2013-06-05,2565.3290,2560.5390,2570.0270,2545.1900,4563719300,47367057838.0000,0.002662,-0.199829
2013-06-06,2552.8170,2527.8450,2557.6780,2525.3060,5249652900,54448113429.0000,0.003061,-1.276844
2013-06-07,2526.9130,2484.1600,2538.8910,2475.6870,6103089400,61366173745.0000,0.003550,-1.728154
2013-06-13,2448.7170,2399.9370,2448.7170,2375.2040,6973006600,64081598112.0000,0.004056,-3.390398
2013-06-14,2404.4230,2416.7710,2420.3560,2396.4870,5596453400,53686779328.0000,0.003255,0.701434
2013-06-17,2422.7620,2403.8390,2427.5320,2394.3850,5039571100,51983757469.0000,0.002931,-0.535089
2013-06-18,2413.0880,2418.7450,2424.2020,2393.3210,4863037900,48792090467.0000,0.002828,0.620092
2013-06-19,2408.2800,2400.7650,2408.2800,2366.3460,5434626000,52979991053.0000,0.003119,-0.743370
2013-06-20,2386.1040,2321.4660,2386.1040,2320.2260,5520102000,52171735063.0000,0.003164,-3.303065
2013-06-21,2283.1510,2317.3940,2332.8420,2269.5650,5870579800,53486132980.0000,0.003365,-0.175407
2013-06-24,2308.0690,2171.2100,2308.0690,2164.3250,8659725900,73731930536.0000,0.004961,-6.308124
2013-06-25,2146.0530,2165.4210,2169.2110,2023.1710,10755488200,87090393952.0000,0.006161,-0.266628
2013-06-26,2170.3260,2168.2970,2181.0210,2131.8600,7925642600,67298430249.0000,0.004540,0.132825
2013-06-27,2172.8480,2160.7350,2200.2130,2153.1750,7540675300,62927082416.0000,0.004320,-0.348753
2013-06-28,2149.0300,2200.6390,2227.4610,2139.3720,7945132700,64106048718.0000,0.004551,1.846770
2013-07-01,2187.0920,2213.3170,2213.9650,2166.3530,5772622700,51874735216.0000,0.003322,0.576105
2013-07-02,2211.8030,2221.9840,2226.1130,2191.8010,6183885000,59632902046.0000,0.003558,0.391584
2013-07-03,2211.0440,2203.8280,2211.0440,2169.1370,6583602200,59536760190.0000,0.003775,-0.817108
2013-07-04,2187.1810,2221.9790,2245.9080,2176.0800,7258114500,67189379203.0000,0.004160,0.823618
2013-07-05,2227.3500,2226.8490,2252.0330,2225.0470,6182177500,58424400611.0000,0.003543,0.219179
2013-07-08,2194.4230,2163.6190,2205.2140,2162.1890,5478249300,49288252039.0000,0.003138,-2.839448
2013-07-09,2160.6990,2162.6690,2174.7860,2149.7870,4149443300,37246189870.0000,0.002377,-0.043906
2013-07-10,2163.0980,2224.0650,2224.1350,2157.4680,6114978100,54373757823.0000,0.003500,2.838899
2013-07-11,2232.1570,2326.6880,2351.2230,2232.1570,12579319200,111329812773.0000,0.007200,4.614211
2013-07-12,2319.0230,2275.3730,2331.9860,2274.0730,8973308200,82064555657.0000,0.005136,-2.205493
2013-07-15,2289.7620,2307.2970,2336.0400,2274.6730,7475788400,71796189674.0000,0.004279,1.403026
2013-07-16,2300.8300,2317.8480,2317.8480,2281.9420,6562415700,62085631916.0000,0.003272,0.457279
2013-07-17,2311.4430,2282.8360,2326.9250,2281.6090,6765524800,63229061677.0000,0.003372,-1.510538
2013-07-18,2272.9470,2245.3280,2282.4350,2241.9300,5714429200,51937235147.0000,0.002848,-1.643046
2013-07-19,2248.1330,2190.4780,2257.9160,2188.7520,7053528200,66179072656.0000,0.003515,-2.442844
2013-07-22,2170.0890,2202.1890,2203.0580,2159.8130,5328349500,48872947253.0000,0.002656,0.534629
2013-07-23,2211.5870,2265.8450,2276.7420,2206.7560,7480973100,69255423111.0000,0.003729,2.890579
2013-07-24,2253.3760,2249.1510,2265.5780,2217.1920,6959230700,69279825849.0000,0.003466,-0.736771
2013-07-25,2255.2230,2237.6830,2268.8390,2227.8530,6577431600,60558362762.0000,0.003275,-0.509871
2013-07-26,2226.4290,2224.0080,2238.4200,2209.8060,4894109800,45636069902.0000,0.002437,-0.611125
2013-07-29,2205.0830,2175.9700,2205.0830,2169.0170,5460092500,49624613440.0000,0.002719,-2.159978
2013-07-30,2184.0070,2189.3880,2221.5890,2162.9790,5519362300,50907227289.0000,0.002748,0.616643
2013-07-31,2211.7500,2193.0210,2235.3840,2187.2100,4832705500,46723493389.0000,0.002406,0.165939
2013-08-01,2206.0040,2245.3640,2245.5600,2200.6260,6260399700,58944765673.0000,0.003117,2.386800
2013-08-02,2263.4950,2247.2630,2274.7100,2244.2520,6089089300,58459999450.0000,0.003032,0.084571
2013-08-05,2249.9760,2278.3290,2278.3290,2243.2200,5534215100,53623068581.0000,0.002754,1.382400
2013-08-06,2270.6720,2293.6410,2302.4840,2256.7150,7374689500,68993574807.0000,0.003669,0.672072
2013-08-07,2292.3790,2280.6230,2313.8790,2276.8620,7304869500,69560482114.0000,0.003634,-0.567572
2013-08-08,2277.2530,2276.7820,2297.6280,2267.0730,5309843000,52710276666.0000,0.002642,-0.168422
2013-08-09,2288.5100,2286.0100,2301.5900,2258.3340,6460001700,62663979060.0000,0.003213,0.405310
2013-08-12,2296.2200,2352.7940,2352.8900,2293.1760,9786321600,94038910336.0000,0.004868,2.921419
2013-08-13,2352.8830,2359.0680,2360.8270,2340.7330,7839363600,71178520240.0000,0.003891,0.266669
2013-08-14,2362.6190,2349.0800,2386.5990,2340.8330,7594212800,71338219589.0000,0.003769,-0.423389
2013-08-15,2348.8390,2321.5760,2362.0890,2319.7840,6195185300,59411203587.0000,0.003073,-1.170848
2013-08-16,2314.2610,2304.1440,2423.0810,2295.0230,12036956300,104026773370.0000,0.005971,-0.750864
2013-08-19,2286.2030,2331.4300,2340.1940,2284.0770,7248322400,67064925390.0000,0.003558,1.184209
2013-08-20,2325.8620,2312.4650,2353.4090,2303.6660,7308634500,67589707172.0000,0.003587,-0.813443
2013-08-21,2320.5840,2308.5890,2321.6420,2291.0530,5500738400,50886495497.0000,0.002700,-0.167612
2013-08-22,2302.6680,2303.9320,2329.1430,2297.0160,5533810400,51686310590.0000,0.002716,-0.201735
2013-08-23,2314.8660,2286.9290,2321.0370,2251.9200,6896713300,65459845296.0000,0.003385,-0.737996
2013-08-26,2294.7590,2335.6160,2336.3810,2288.4960,7037104300,66541009856.0000,0.003454,2.128925
2013-08-27,2332.8000,2340.8810,2345.1050,2322.4610,6599033300,62575377643.0000,0.003239,0.225428
2013-08-28,2326.0960,2328.0560,2345.3580,2307.0430,8925617400,80965562365.0000,0.004381,-0.547879
2013-08-29,2338.5640,2318.3110,2342.3200,2308.1450,6608541500,59719882399.0000,0.003244,-0.418584
2013-08-30,2315.9130,2313.9100,2334.4130,2303.6090,8765451500,76695994654.0000,0.004302,-0.189842
2013-09-02,2319.9570,2320.3440,2329.8670,2297.4490,7951024900,73575869316.0000,0.003902,0.278061
2013-09-03,2326.2310,2354.5020,2354.8560,2321.3040,8055400500,72663978650.0000,0.003953,1.472108
2013-09-04,2352.5370,2350.6990,2360.6630,2345.4370,7872576300,68509013842.0000,0.003864,-0.161520
2013-09-05,2350.9270,2341.7350,2351.2180,2336.7540,6295138300,59606065186.0000,0.003085,-0.381328
2013-09-06,2336.7670,2357.7820,2361.1780,2335.9320,7334011600,63916893626.0000,0.003589,0.685256
2013-09-09,2374.2600,2440.6090,2449.2490,2372.6860,14988964000,127299546171.0000,0.007336,3.512916
2013-09-10,2446.4540,2474.8940,2475.1950,2435.8260,15485599200,130648129418.0000,0.007579,1.404779
2013-09-11,2483.7910,2482.8890,2504.4690,2471.6240,16691497400,142830288492.0000,0.008169,0.323039
2013-09-12,2480.4680,2507.4550,2527.3830,2469.7180,14517317500,126115528291.0000,0.007105,0.989418
2013-09-13,2502.5400,2488.9020,2515.7810,2481.4540,11077504900,98275004927.0000,0.005421,-0.739913
2013-09-16,2501.0770,2478.3900,2503.6940,2467.1290,10538328200,97043842349.0000,0.005157,-0.422363
2013-09-17,2480.8100,2427.3220,2481.7100,2426.4620,9945998200,93115107921.0000,0.004867,-2.060526
2013-09-18,2426.0400,2432.5100,2439.6260,2407.2430,7104075900,69341324599.0000,0.003480,0.213733
2013-09-23,2441.5160,2472.2880,2473.1630,2439.9930,8012835200,80920687856.0000,0.003925,1.635269
2013-09-24,2470.7150,2443.8850,2470.7460,2420.0850,9785301300,96769831421.0000,0.004793,-1.148858
2013-09-25,2440.8350,2429.0300,2455.0370,2423.2760,9051841800,89119216662.0000,0.004434,-0.607843
2013-09-26,2422.6310,2384.4430,2422.6310,2382.5350,8623677000,84183923178.0000,0.004224,-1.835585
2013-09-27,2382.2180,2394.9710,2402.1960,2379.8560,6597150800,66383990191.0000,0.003232,0.441522
2013-09-30,2406.2050,2409.0370,2415.0750,2397.2200,5951399200,60990141884.0000,0.002899,0.587321
2013-10-08,2406.4150,2441.8110,2446.7030,2392.5720,8478550600,84229908920.0000,0.004130,1.360458
2013-10-09,2432.9400,2453.5830,2453.7460,2424.7690,7627764500,76128340887.0000,0.003711,0.482100
2013-10-10,2455.6400,2429.3170,2455.9790,2422.0170,9032970600,89468020274.0000,0.004394,-0.989007
2013-10-11,2442.3640,2468.5080,2471.1650,2439.6340,9338826100,91811541654.0000,0.004543,1.613259
2013-10-14,2472.2670,2472.5420,2483.1310,2462.5510,10008130100,99109155920.0000,0.004868,0.163416
2013-10-15,2475.3240,2467.5170,2479.1340,2449.4160,8917349600,86100822006.0000,0.004337,-0.203228
2013-10-16,2459.0770,2421.3710,2459.0770,2409.7180,8897983400,83150844984.0000,0.004328,-1.870139
2013-10-17,2432.6450,2413.3300,2440.9190,2407.7770,7122247400,67722892391.0000,0.003464,-0.332085
2013-10-18,2415.1180,2426.0540,2435.7120,2410.5990,6029163000,59138754367.0000,0.002932,0.527233
2013-10-21,2431.9150,2471.3220,2472.7850,2423.5620,8490979500,82223144817.0000,0.004130,1.865913
2013-10-22,2470.2550,2445.8910,2470.2550,2439.8590,9070302900,83412053857.0000,0.004412,-1.029041
2013-10-23,2451.5560,2418.4910,2474.3720,2412.4830,9154535500,83286778556.0000,0.004452,-1.120252
2013-10-24,2412.2350,2400.5110,2422.9430,2395.4740,6456082100,60427235951.0000,0.003140,-0.743438
2013-10-25,2400.5170,2368.5590,2413.3320,2353.9930,7707018200,70778094834.0000,0.003748,-1.331046
2013-10-28,2372.5710,2365.9540,2377.2490,2351.8620,6287615200,56602098405.0000,0.003055,-0.109982
2013-10-29,2369.2160,2372.0530,2408.6160,2327.9040,10673783300,91741559592.0000,0.005187,0.257777
2013-10-30,2371.8530,2407.4710,2407.8510,2365.5060,9217812600,75735067216.0000,0.004479,1.493136
2013-10-31,2398.3950,2373.7180,2398.3950,2370.2260,8273696400,70393879838.0000,0.004020,-1.402008
2013-11-01,2373.9620,2384.9600,2395.0050,2365.1460,6305576200,57820026665.0000,0.003064,0.473601
2013-11-04,2397.2100,2380.4540,2404.8960,2376.3550,5179846100,48959462043.0000,0.002517,-0.188928
2013-11-05,2366.8840,2383.7690,2385.6880,2343.8010,6208448800,56935549943.0000,0.003017,0.139257
2013-11-06,2371.3240,2353.5680,2383.5400,2352.7870,6377666300,59536872794.0000,0.003099,-1.266940
2013-11-07,2351.8710,2340.5520,2356.6720,2328.2530,5482174700,50942569626.0000,0.002663,-0.553037
2013-11-08,2329.0840,2307.9450,2342.6720,2306.0410,5378850800,48564999878.0000,0.002612,-1.393130
2013-11-11,2305.9400,2315.8890,2325.2280,2295.0030,4573945700,42566548184.0000,0.002221,0.344196
2013-11-12,2319.3620,2340.0000,2342.5290,2316.6030,5268754500,49854763423.0000,0.002558,1.041116
2013-11-13,2325.3600,2288.1160,2325.5630,2287.5470,5984883100,53183050105.0000,0.002905,-2.217266
2013-11-14,2291.2690,2304.5010,2305.6960,2279.0060,5731035600,51945077793.0000,0.002782,0.716092
2013-11-15,2306.5490,2350.7340,2377.2110,2306.5490,8639177100,83147858433.0000,0.004192,2.006201
2013-11-18,2367.8830,2428.9030,2429.5660,2361.0380,11003463300,108549512988.0000,0.005339,3.325310
2013-11-19,2427.9280,2412.1630,2427.9280,2405.0760,7864829600,79884936328.0000,0.003816,-0.689200
2013-11-20,2428.7670,2424.8500,2435.4270,2406.4170,7229180100,67741428196.0000,0.003508,0.525960
2013-11-21,2412.4510,2409.9890,2415.3830,2382.8780,8770667700,82220527035.0000,0.004256,-0.612866
2013-11-22,2415.2900,2397.9620,2418.9990,2393.5810,7500067500,70052206585.0000,0.003640,-0.499052
2013-11-25,2385.7840,2388.6290,2418.8530,2380.6890,6614473400,63811265014.0000,0.003209,-0.389206
2013-11-26,2387.8260,2387.4160,2399.0220,2380.4120,5918586400,53334204356.0000,0.002872,-0.050778
2013-11-27,2386.3620,2414.4810,2422.8060,2383.7800,7529408800,70744775407.0000,0.003653,1.133650
2013-11-28,2419.1500,2439.5300,2460.5560,2417.2350,9066040600,86852445384.0000,0.004399,1.037452
2013-11-29,2442.6760,2438.9440,2446.3950,2432.3870,6180374600,61907374173.0000,0.002999,-0.024018
2013-12-02,2423.9690,2418.7880,2464.8630,2397.0070,11965512300,112921841120.0000,0.005805,-0.826423
2013-12-03,2410.6930,2442.7840,2448.3330,2406.6630,7445575200,72045234174.0000,0.003612,0.992061
2013-12-04,2439.8240,2475.1350,2486.6400,2434.6940,10265023500,94783931336.0000,0.004979,1.324353
2013-12-05,2476.4530,2468.1970,2481.7470,2460.5760,7770893200,72999931131.0000,0.003770,-0.280307
2013-12-06,2463.0430,2452.2870,2470.8130,2445.6230,6611408900,64843207895.0000,0.003207,-0.644597
2013-12-09,2460.0280,2450.8720,2468.9480,2445.9400,5716488400,57634539131.0000,0.002773,-0.057703
2013-12-10,2456.2300,2453.3220,2466.6600,2444.5260,6694142400,61236728790.0000,0.003247,0.099962
2013-12-11,2440.5030,2412.7630,2440.5030,2400.7420,6807514400,62808851026.0000,0.003302,-1.653231
2013-12-12,2406.7660,2410.0150,2423.3090,2402.7690,5014771900,47481447335.0000,0.002433,-0.113896
2013-12-13,2388.6590,2406.6390,2416.2600,2386.2460,5150119600,47583527668.0000,0.002498,-0.140081
2013-12-16,2408.6780,2367.9230,2412.7340,2367.4300,6458167400,62107893611.0000,0.003130,-1.608709
2013-12-17,2369.2550,2356.3760,2373.2860,2351.1830,4848389100,46306075570.0000,0.002350,-0.487648
2013-12-18,2356.7030,2357.2260,2368.5830,2350.4510,4001520700,39675269794.0000,0.001938,0.036076
2013-12-19,2366.2050,2332.4100,2370.9910,2331.1940,4809568000,45148866928.0000,0.002330,-1.052770
2013-12-20,2335.0520,2278.1360,2338.8750,2278.0960,6520420700,60862129503.0000,0.003159,-2.326946
2013-12-23,2283.8000,2284.6020,2295.7650,2259.5750,4558028500,44415342954.0000,0.002208,0.283831
2013-12-24,2291.1250,2288.2480,2312.8320,2270.2450,4559916800,45173191422.0000,0.002208,0.159590
2013-12-25,2291.7480,2305.1100,2305.6090,2281.6000,4400532600,41202984186.0000,0.002131,0.736898
2013-12-26,2299.9720,2265.3340,2301.4930,2263.9220,5149756300,48603013700.0000,0.002494,-1.725563
2013-12-27,2268.5350,2303.4780,2315.1820,2264.3860,5338915700,51197946376.0000,0.002585,1.683815
2013-12-30,2313.3800,2299.4580,2316.6210,2295.6410,4841430800,46156442661.0000,0.002344,-0.174520
2013-12-31,2289.0100,2330.0260,2333.0740,2287.1170,5663107000,57026486218.0000,0.002740,1.329351
2014-01-02,2323.4330,2321.9780,2325.9910,2310.6530,4519429100,49012211124.0000,0.002185,-0.345398
2014-01-03,2311.9680,2290.7790,2314.8360,2280.8870,5978264500,57739709924.0000,0.002890,-1.343638
2014-01-06,2286.3710,2238.6370,2286.3710,2229.3340,6630040300,59979360128.0000,0.003206,-2.276173
2014-01-07,2222.3060,2238.0010,2246.7910,2218.6470,4375310300,42565648108.0000,0.002112,-0.028410
2014-01-08,2240.6350,2241.9110,2262.5840,2228.4180,5134885400,50691488898.0000,0.002479,0.174706
2014-01-09,2236.9670,2222.2210,2258.8940,2220.8020,5598704100,54399491333.0000,0.002704,-0.878266
2014-01-10,2216.5210,2204.8510,2224.4940,2200.2150,5416929300,47572309533.0000,0.002615,-0.781645
2014-01-13,2206.9960,2193.6790,2222.0720,2183.5970,5012277200,46123003754.0000,0.002420,-0.506706
2014-01-14,2192.8440,2212.8460,2214.1240,2179.9080,5404994700,46785099888.0000,0.002610,0.873737
2014-01-15,2210.0240,2208.9410,2215.9030,2193.8020,4896239500,45755914348.0000,0.002364,-0.176471
2014-01-16,2209.4480,2211.8440,2227.2620,2201.5600,5229890200,49842784005.0000,0.002525,0.131424
2014-01-17,2203.8210,2178.4880,2205.9720,2175.8760,5027315500,46268159163.0000,0.002427,-1.508061
2014-01-20,2173.6510,2165.9930,2182.4630,2156.4580,4056015400,39157227541.0000,0.001958,-0.573568
2014-01-21,2168.4200,2187.4100,2197.9230,2168.4200,4030624700,38590992772.0000,0.001946,0.988784
2014-01-22,2190.4320,2243.7960,2244.1330,2187.5340,7064137500,64803357078.0000,0.003411,2.577751
2014-01-23,2242.2450,2231.8890,2248.9240,2228.0570,5634595100,55726417393.0000,0.002720,-0.530662
2014-01-24,2225.7580,2245.6780,2257.3550,2222.8930,6116767000,59563444873.0000,0.002953,0.617820
2014-01-27,2233.0150,2215.9190,2233.2310,2211.7990,7034424600,63503992484.0000,0.003395,-1.325169
2014-01-28,2220.7850,2219.8550,2233.2570,2205.9720,5326913000,49408754555.0000,0.002571,0.177625
2014-01-29,2225.7110,2227.7810,2233.0570,2219.9280,5022271700,48788682770.0000,0.002424,0.357052
2014-01-30,2223.1630,2202.4500,2223.1630,2200.2240,4363230400,43475960839.0000,0.002104,-1.137053
2014-02-07,2187.3430,2212.4830,2212.4980,2177.1170,5045931500,49597106433.0000,0.002433,0.455536
2014-02-10,2221.5400,2267.5340,2270.1940,2221.5400,8306571600,81103244127.0000,0.004006,2.488201
2014-02-11,2267.7350,2285.5620,2296.5160,2262.5990,9922982900,92688969126.0000,0.004785,0.795052
2014-02-12,2286.1870,2291.2460,2294.3170,2276.4440,7659216100,73487379679.0000,0.003693,0.248695
2014-02-13,2288.4510,2279.5540,2307.4740,2278.2610,9621778900,87352124305.0000,0.004640,-0.510296
2014-02-14,2278.4000,2295.5750,2295.8520,2274.4290,6708299700,64613327719.0000,0.003235,0.702813
2014-02-17,2308.7910,2311.6470,2315.5790,2293.5520,8783166600,86871352624.0000,0.004235,0.700130
2014-02-18,2310.3090,2282.4420,2310.3090,2276.1080,8704974300,88107267954.0000,0.004191,-1.263388
2014-02-19,2280.9270,2308.6560,2317.4200,2274.1520,9935256100,88341900374.0000,0.004783,1.148512
2014-02-20,2314.0880,2287.4360,2331.6980,2286.2030,10643953300,91771595713.0000,0.005124,-0.919148
2014-02-21,2284.0300,2264.2940,2287.8690,2250.6520,7636899300,69908188663.0000,0.003677,-1.011704
2014-02-24,2246.7150,2214.5090,2246.7150,2194.1640,8921593900,79599146389.0000,0.004295,-2.198695
2014-02-25,2216.5150,2157.9090,2225.2090,2150.0950,9323755100,88306571728.0000,0.004489,-2.555876
2014-02-26,2147.7370,2163.4050,2164.6980,2137.0790,7799329700,68640581126.0000,0.003755,0.254695
2014-02-27,2170.8100,2154.1080,2180.0630,2150.1350,9010429600,81587999653.0000,0.004338,-0.429745
2014-02-28,2149.4460,2178.9710,2180.4740,2133.5480,7666805700,70216798972.0000,0.003691,1.154215
2014-03-03,2173.9070,2190.3700,2194.2240,2167.9100,8207231400,69408739897.0000,0.003948,0.523145
2014-03-04,2183.8580,2184.2730,2188.6010,2161.5890,7306925000,64691438035.0000,0.003515,-0.278363
2014-03-05,2187.3520,2163.9760,2189.0930,2159.5950,6133201500,55669679402.0000,0.002950,-0.929228
2014-03-06,2159.3970,2173.6340,2181.4270,2136.4540,6909376700,61495023657.0000,0.003323,0.446306
2014-03-07,2170.0430,2168.3580,2189.3900,2161.4360,6426517700,58693177974.0000,0.003091,-0.242733
2014-03-10,2149.6760,2097.7870,2149.6760,2095.0670,7141640700,63086412572.0000,0.003435,-3.254573
2014-03-11,2092.6080,2108.6610,2118.7900,2088.7290,5762124300,53075782462.0000,0.002771,0.518345
2014-03-12,2102.8010,2114.1340,2130.5860,2090.7570,7006974700,60115239174.0000,0.003370,0.259555
2014-03-13,2119.5470,2140.3330,2149.4360,2115.9860,6922602800,59163094375.0000,0.003329,1.239230
2014-03-14,2129.8700,2122.8360,2140.3840,2109.5750,5861773700,49805247510.0000,0.002819,-0.817493
2014-03-17,2132.7930,2143.0380,2143.1960,2118.9530,5240944500,47571288733.0000,0.002521,0.951658
2014-03-18,2146.1240,2138.1330,2152.4620,2134.9230,5535413200,54188441365.0000,0.002662,-0.228882
2014-03-19,2131.2830,2120.8700,2131.2830,2101.2850,5930390500,55283943974.0000,0.002852,-0.807384
2014-03-20,2116.1850,2086.9670,2134.7920,2086.4970,6763128500,58951601970.0000,0.003253,-1.598546
2014-03-21,2079.8710,2158.7980,2163.2250,2077.7590,10402480700,83560511769.0000,0.005003,3.441887
2014-03-24,2161.8980,2176.5540,2186.7310,2150.8710,10449198400,81203913733.0000,0.005025,0.822488
2014-03-25,2170.7800,2174.4400,2191.4910,2164.6690,8687751000,67548473561.0000,0.004178,-0.097127
2014-03-26,2181.2310,2171.0470,2186.0780,2165.2170,5827617600,50116023097.0000,0.002802,-0.156032
2014-03-27,2168.3440,2155.7070,2186.8930,2146.9160,7127513200,62175860350.0000,0.003428,-0.706576
2014-03-28,2154.5150,2151.9650,2172.6680,2144.5840,7008607300,60123341093.0000,0.003370,-0.173583
2014-03-31,2156.0540,2146.3050,2165.2540,2134.4220,5545748800,48105020054.0000,0.002666,-0.263023
2014-04-01,2143.7170,2163.1150,2170.0950,2141.1510,4886640300,43659064291.0000,0.002349,0.783209
2014-04-02,2166.0670,2180.7270,2182.6830,2164.0080,6503925700,56777151867.0000,0.003127,0.814199
2014-04-03,2188.6420,2165.0080,2196.1380,2160.7470,7153603200,57708859685.0000,0.003439,-0.720814
2014-04-04,2157.9820,2185.4720,2186.1540,2155.2770,4794588800,43912624261.0000,0.002305,0.945210
2014-04-08,2179.9200,2237.3160,2243.9700,2178.9050,9721911700,85692893370.0000,0.004670,2.372211
2014-04-09,2239.7910,2238.6200,2246.7930,2228.9940,6635726800,61178630422.0000,0.003187,0.058293
2014-04-10,2241.4520,2273.7610,2290.7420,2229.5150,11454540500,101616815025.0000,0.005502,1.569756
2014-04-11,2269.5650,2270.6660,2281.1050,2261.1330,9061589700,86154853765.0000,0.004352,-0.136117
2014-04-14,2267.9430,2268.6130,2275.8300,2255.4560,6226499800,60254151500.0000,0.002988,-0.090413
2014-04-15,2261.4110,2229.4630,2261.4740,2225.6850,6821813000,62599115638.0000,0.003274,-1.725731
2014-04-16,2223.4680,2232.5260,2245.3150,2221.1530,5167801000,47770218198.0000,0.002478,0.137387
2014-04-17,2238.7790,2224.8030,2241.6220,2221.9540,4833362800,45096433749.0000,0.002318,-0.345927
2014-04-18,2215.8790,2224.4790,2228.7700,2203.0470,5075799500,45709617096.0000,0.002434,-0.014562
2014-04-21,2209.9420,2187.2480,2231.7070,2186.7550,5627828000,51856112765.0000,0.002699,-1.673693
2014-04-22,2184.0170,2196.7950,2196.8490,2165.0750,5709469400,52351993061.0000,0.002738,0.436479
2014-04-23,2191.2310,2194.6680,2205.5940,2187.3880,4776353100,45191150830.0000,0.002290,-0.096821
2014-04-24,2192.7690,2190.4740,2209.4540,2186.7630,4505891100,41927012945.0000,0.002160,-0.191093
2014-04-25,2195.8150,2167.8260,2201.7120,2167.6400,6024538300,52092022381.0000,0.002889,-1.033940
2014-04-28,2165.7730,2134.9690,2171.3850,2132.6950,6048518700,49998809829.0000,0.002899,-1.515663
2014-04-29,2134.4130,2158.4700,2159.3790,2131.7830,4820493100,41550353157.0000,0.002309,1.100764
2014-04-30,2158.7620,2158.6590,2164.1750,2153.1240,4533462400,39493022295.0000,0.002171,0.008755
2014-05-05,2152.5900,2156.4700,2161.7030,2131.2320,4934407300,41470449799.0000,0.002363,-0.101404
2014-05-06,2151.3880,2157.3280,2173.6180,2150.1120,4808651900,41486451628.0000,0.002303,0.039783
2014-05-07,2151.4720,2137.3160,2153.7230,2136.9900,4460747000,37751019661.0000,0.002136,-0.927627
2014-05-08,2132.0360,2135.4960,2168.2060,2128.3180,4833245200,40729772017.0000,0.002314,-0.085145
2014-05-09,2138.8400,2133.9110,2141.5590,2120.5950,4918113500,40242745273.0000,0.002355,-0.074231
2014-05-12,2150.3130,2180.0540,2184.3320,2139.4830,8347256000,66275508636.0000,0.003996,2.162371
2014-05-13,2180.0590,2174.8520,2185.0460,2167.7670,6491251800,50241276089.0000,0.003108,-0.238614
2014-05-14,2175.0940,2172.3720,2184.2210,2168.9970,4851420600,39214123931.0000,0.002322,-0.114030
2014-05-15,2169.2780,2144.0840,2171.4530,2142.3380,4673403200,38938529216.0000,0.002237,-1.302175
2014-05-16,2143.9260,2145.9520,2150.5000,2132.1860,4225319700,34987586802.0000,0.002022,0.087120
2014-05-19,2139.3620,2115.1430,2139.3620,2105.7130,4289360700,37135950607.0000,0.002052,-1.435672
2014-05-20,2124.7080,2115.7710,2131.5670,2110.7200,3729968300,31576339037.0000,0.001784,0.029687
2014-05-21,2106.7620,2135.9050,2136.1000,2096.5140,3894604200,32246807970.0000,0.001863,0.951617
2014-05-22,2134.0870,2130.8680,2160.9090,2128.8580,4625273600,39227549718.0000,0.002207,-0.235830
2014-05-23,2130.7750,2148.4140,2148.5830,2128.6630,3762310500,32420020159.0000,0.001795,0.823427
2014-05-26,2161.8920,2155.9760,2165.4210,2147.4450,3955065600,37788482728.0000,0.001887,0.351981
2014-05-27,2154.3950,2147.2800,2160.0270,2145.7520,3589717100,32374256462.0000,0.001713,-0.403346
2014-05-28,2147.4670,2169.3520,2171.1720,2142.0070,5005626000,45627619375.0000,0.002388,1.027906
2014-05-29,2171.2600,2155.1640,2178.0920,2154.9250,4489155600,41076912680.0000,0.002141,-0.654020
2014-05-30,2156.3810,2156.4640,2166.9070,2146.2180,4392386300,39769199791.0000,0.002095,0.060323
2014-06-03,2157.6400,2149.9180,2168.9950,2149.2910,4198295400,37906226058.0000,0.002002,-0.303559
2014-06-04,2149.4070,2128.2740,2149.4520,2117.3130,4181724900,35607022812.0000,0.001994,-1.006738
2014-06-05,2126.6070,2150.6020,2150.9300,2123.5240,3647742400,33050774675.0000,0.001739,1.049119
2014-06-06,2149.2140,2134.7160,2149.7830,2123.9800,3573805800,32415599488.0000,0.001703,-0.738676
2014-06-09,2128.2250,2134.2810,2153.9030,2126.6650,3931106000,35326732064.0000,0.001873,-0.020380
2014-06-10,2138.6710,2161.2680,2161.5260,2132.4470,5050790200,44416141206.0000,0.002407,1.264457
2014-06-11,2156.1510,2160.7660,2163.6100,2152.0800,4256371800,37311080748.0000,0.002028,-0.023225
2014-06-12,2156.7610,2153.4100,2160.9880,2148.4130,4302584300,37252041741.0000,0.002049,-0.340444
2014-06-13,2150.9870,2176.2420,2183.6450,2150.5690,5925287600,51765511450.0000,0.002822,1.060273
2014-06-16,2176.4380,2191.8550,2196.3430,2174.2770,6329687500,56904298384.0000,0.003029,0.717431
2014-06-17,2185.6810,2169.6740,2185.6810,2168.4450,4993366500,46244977817.0000,0.002389,-1.011970
2014-06-18,2169.2520,2160.2390,2172.5490,2158.4970,4946389700,42538095511.0000,0.002367,-0.434861
2014-06-19,2161.4260,2126.9070,2166.4070,2119.4980,5316264500,46029744918.0000,0.002543,-1.542979
2014-06-20,2124.9630,2136.7290,2137.0340,2120.8070,4239371900,35425712925.0000,0.002028,0.461798
2014-06-23,2137.9260,2134.1100,2147.2270,2132.4540,4117925800,37112428752.0000,0.001969,-0.122566
2014-06-24,2131.6860,2144.8210,2145.2130,2130.2920,4016435600,38778505304.0000,0.001920,0.501892
2014-06-25,2141.7260,2133.3710,2141.7260,2126.0350,3766610000,33809315524.0000,0.001797,-0.533842
2014-06-26,2135.1560,2149.0760,2151.1140,2134.8910,4435116600,40601836632.0000,0.002116,0.736151
2014-06-27,2146.3740,2150.2580,2159.5260,2138.9270,5272289600,45525673947.0000,0.002515,0.055006
2014-06-30,2152.3060,2165.1180,2168.2210,2152.3060,5430418800,50277570814.0000,0.002590,0.691074
2014-07-01,2169.1990,2164.5590,2171.1500,2157.1330,5332310000,49936284309.0000,0.002543,-0.025811
2014-07-02,2163.9980,2170.8670,2171.5100,2155.6090,5968550100,53273658927.0000,0.002846,0.291415
2014-07-03,2169.0030,2180.1920,2184.9640,2164.8430,6369069000,56024939299.0000,0.003037,0.429550
2014-07-04,2180.4450,2178.6950,2183.7980,2174.0730,5285110600,47990033413.0000,0.002519,-0.068656
2014-07-07,2178.5460,2176.2890,2186.2020,2171.0830,5024233400,47663876919.0000,0.002394,-0.110433
2014-07-08,2174.8280,2180.4730,2180.7780,2163.3590,5074359900,46017266874.0000,0.002418,0.192246
2014-07-09,2178.1350,2148.7100,2178.5100,2148.2600,6202204600,58980248398.0000,0.002951,-1.456700
2014-07-10,2146.6010,2142.8470,2151.7740,2139.5220,5573249700,50931668887.0000,0.002652,-0.272863
2014-07-11,2136.3170,2148.0090,2154.7350,2134.7950,6137427400,51551825645.0000,0.002920,0.240900
2014-07-14,2149.5420,2171.7580,2171.9020,2145.2780,6615886300,60467088864.0000,0.003148,1.105630
2014-07-15,2170.0890,2174.9760,2176.2720,2165.2060,7181569400,64304875149.0000,0.003417,0.148176
2014-07-16,2172.8240,2170.8680,2183.2480,2166.7740,8156023000,61126054498.0000,0.003879,-0.188883
2014-07-17,2166.8310,2157.0680,2166.9320,2147.0840,5945356800,46354646289.0000,0.002826,-0.635682
2014-07-18,2147.6630,2164.1440,2176.3250,2145.4460,6547329500,53758919136.0000,0.003112,0.328035
2014-07-21,2164.2230,2166.2950,2171.9400,2158.9550,5417226000,47731629577.0000,0.002575,0.099387
2014-07-22,2162.4360,2192.6980,2197.5920,2162.2360,7854258300,66806114430.0000,0.003733,1.218813
2014-07-23,2191.3940,2197.8330,2210.2820,2190.5550,8421387200,69177998063.0000,0.004002,0.234187
2014-07-24,2199.8330,2237.0150,2239.8150,2199.8330,11943553400,99964367602.0000,0.005676,1.782751
2014-07-25,2243.0670,2260.4540,2260.8900,2239.0660,9897283800,81994560081.0000,0.004702,1.047790
2014-07-28,2272.3830,2323.8970,2331.4720,2272.3830,17986933300,145277424291.0000,0.008543,2.806643
2014-07-29,2326.0380,2331.3690,2342.7700,2316.2170,13426964100,112176546316.0000,0.006377,0.321526
2014-07-30,2324.6900,2322.0110,2339.0380,2316.0580,12302283200,103362308865.0000,0.005843,-0.401391
2014-07-31,2321.9670,2350.2510,2350.5510,2316.5850,11098776900,93135566963.0000,0.005271,1.216187
2014-08-01,2341.2270,2329.4020,2371.5000,2328.9660,12631739000,106125190266.0000,0.006000,-0.887092
2014-08-04,2336.6300,2375.6200,2375.6200,2332.1380,11671375400,101301888277.0000,0.005543,1.984115
2014-08-05,2376.7970,2369.3530,2380.7740,2353.7950,11186178900,97906971246.0000,0.005313,-0.263809
2014-08-06,2358.2060,2363.2210,2371.6670,2334.3340,11634182900,96681298733.0000,0.005526,-0.258808
2014-08-07,2363.6080,2327.4570,2369.2040,2326.2680,11672921000,94254453994.0000,0.005544,-1.513355
2014-08-08,2329.1840,2331.1340,2339.2700,2319.2880,8673969400,72605666133.0000,0.004120,0.157984
2014-08-11,2338.0080,2365.3490,2367.0040,2337.0140,9160117100,82973900360.0000,0.004342,1.467744
2014-08-12,2361.1700,2357.0520,2361.1700,2344.7160,9182260800,82973769642.0000,0.004353,-0.350778
2014-08-13,2358.4590,2358.9010,2370.5130,2335.6940,11044778900,94185266458.0000,0.005236,0.078440
2014-08-14,2357.1980,2335.9450,2363.1800,2334.0800,9796949300,84251435869.0000,0.004644,-0.973157
2014-08-15,2337.9850,2360.6350,2366.9020,2333.1230,9359254600,81888217001.0000,0.004437,1.056957
2014-08-18,2366.2720,2374.5620,2379.8040,2361.1970,10450955400,90148909855.0000,0.004953,0.589968
2014-08-19,2378.8860,2374.7680,2379.4740,2358.9650,11585002000,102742759960.0000,0.005491,0.008678
2014-08-20,2371.6490,2366.1400,2375.4750,2360.8370,10128808800,91374802730.0000,0.004799,-0.363327
2014-08-21,2365.7310,2354.2440,2367.4600,2333.2990,10069021100,92192063269.0000,0.004771,-0.502760
2014-08-22,2352.3160,2365.3640,2368.4570,2350.9860,8982393800,85642463757.0000,0.004255,0.472344
2014-08-25,2367.0190,2342.8630,2367.6060,2338.4550,9737371700,85182493960.0000,0.004613,-0.951269
2014-08-26,2339.6000,2324.0920,2350.3910,2317.1840,9384422200,83135033150.0000,0.004445,-0.801199
2014-08-27,2323.7900,2327.5950,2336.7370,2322.8850,6767622100,62448675179.0000,0.003205,0.150723
2014-08-28,2328.0590,2311.2780,2336.3630,2309.6390,7049065500,66195966855.0000,0.003339,-0.701020
2014-08-29,2317.3040,2338.2870,2338.7740,2313.2620,6321142300,58359967752.0000,0.002994,1.168576
2014-09-01,2340.9250,2355.3170,2355.5520,2338.5300,7732087000,73362240553.0000,0.003657,0.728302
2014-09-02,2359.8620,2386.4600,2387.6550,2349.9490,11443673300,106925790139.0000,0.005412,1.322245
2014-09-03,2389.6940,2408.8380,2414.2600,2389.6790,12973420400,123629189433.0000,0.006135,0.937704
2014-09-04,2411.9340,2426.2240,2427.2970,2404.0820,11127229800,108294703239.0000,0.005261,0.721768
2014-09-05,2433.1740,2449.2590,2450.6340,2427.9870,13355176400,123349320057.0000,0.006313,0.949414
2014-09-09,2452.2270,2445.2240,2454.8930,2437.0780,11819434400,107795213548.0000,0.005587,-0.164740
2014-09-10,2435.5930,2432.4330,2437.0810,2422.6460,10917551700,97472682969.0000,0.005161,-0.523102
2014-09-11,2430.6780,2423.4540,2461.4730,2417.2690,13298258300,127203381658.0000,0.006286,-0.369137
2014-09-12,2418.7520,2438.3580,2438.3580,2412.6220,10916017000,96625765409.0000,0.005160,0.614982
2014-09-15,2433.0010,2437.1890,2439.2540,2418.9590,12224715900,112507690398.0000,0.005776,-0.047940
2014-09-16,2440.3390,2388.7650,2442.9240,2386.9800,18674279100,147250169859.0000,0.008824,-1.986882
2014-09-17,2395.3610,2401.3260,2405.3710,2379.0910,12526902800,98039470145.0000,0.005919,0.525838
2014-09-18,2396.3790,2408.6640,2414.9460,2389.6220,11592637600,92105332013.0000,0.005476,0.305587
2014-09-19,2409.3130,2425.2110,2430.1490,2402.3130,10181357700,88221038707.0000,0.004804,0.686973
2014-09-22,2419.3260,2378.9200,2419.3260,2374.1080,10224087000,88958056522.0000,0.004818,-1.908742
2014-09-23,2379.5210,2399.4620,2402.4820,2379.5210,8403334100,75463683722.0000,0.003960,0.863501
2014-09-24,2391.4190,2441.8640,2443.9780,2387.0700,14271353000,120389934642.0000,0.006725,1.767150
2014-09-25,2453.4230,2436.9650,2462.6680,2429.5870,13866189100,119612625726.0000,0.006532,-0.200622
2014-09-26,2430.8080,2437.2010,2439.6490,2420.4990,10029949400,87757377938.0000,0.004725,0.009678
2014-09-29,2443.9100,2447.7990,2453.6650,2435.6110,12340172700,111463779824.0000,0.005784,0.434849
2014-09-30,2452.1660,2450.9880,2454.8850,2444.2040,11580422900,101906558841.0000,0.005426,0.130279
2014-10-08,2460.8700,2478.3830,2478.3830,2445.2680,12195360400,116500107810.0000,0.005714,1.117713
2014-10-09,2480.1970,2481.9550,2488.1130,2461.1120,13792392000,120752628433.0000,0.006463,0.144127
2014-10-10,2472.0960,2466.7890,2482.1360,2457.6840,14763430700,121924973049.0000,0.006917,-0.611051
2014-10-13,2457.4120,2454.9460,2460.3890,2430.5460,13159336200,112784478808.0000,0.006165,-0.480098
2014-10-14,2451.0940,2446.5620,2467.9040,2436.3360,12739370500,106356643094.0000,0.005969,-0.341516
2014-10-15,2444.5380,2463.8740,2465.4980,2431.1880,13580188200,114837290107.0000,0.006363,0.707606
2014-10-16,2448.9680,2444.3950,2480.3000,2441.8220,15816660300,128340525473.0000,0.007410,-0.790584
2014-10-17,2443.2220,2441.7320,2456.1050,2410.4010,13275998800,112685625525.0000,0.006220,-0.108947
2014-10-20,2448.4530,2454.7110,2456.6210,2441.8960,9143540100,84843604900.0000,0.004283,0.531549
2014-10-21,2453.4060,2433.3910,2459.2550,2432.5520,9624191200,86622201933.0000,0.004509,-0.868527
2014-10-22,2434.8860,2418.6410,2447.4670,2417.5620,8865619300,82251744245.0000,0.004153,-0.606150
2014-10-23,2415.4400,2395.9360,2424.6620,2392.5320,10349183900,86045452830.0000,0.004848,-0.938754
2014-10-24,2397.8480,2390.7060,2404.9930,2385.7250,7497486900,65601225156.0000,0.003510,-0.218285
2014-10-27,2377.5420,2368.8320,2377.5420,2361.6800,7386244700,65956480803.0000,0.003458,-0.914961
2014-10-28,2373.1550,2416.6530,2416.7660,2373.1550,10152305500,90529903107.0000,0.004753,2.018760
2014-10-29,2423.8130,2451.3840,2461.2680,2415.7030,15858406200,134541723619.0000,0.007424,1.437151
2014-10-30,2450.3610,2468.9250,2474.3760,2443.7590,18962635300,139157358014.0000,0.008877,0.715556
2014-10-31,2473.5010,2508.3250,2512.1890,2466.5040,23917241200,181604617039.0000,0.011196,1.595832
2014-11-03,2515.8240,2512.5480,2524.1720,2502.0600,20580122800,151406835108.0000,0.009634,0.168365
2014-11-04,2511.0360,2513.1720,2517.4600,2498.6050,21824700500,155291882550.0000,0.010217,0.024836
2014-11-05,2516.8700,2503.4480,2519.3990,2499.2280,19049186200,146130895120.0000,0.008917,-0.386926
2014-11-06,2505.1670,2506.0670,2510.9850,2482.9830,14965111700,118839203631.0000,0.007006,0.104612
2014-11-07,2508.7650,2502.1530,2541.5490,2489.4190,20876091100,176868665325.0000,0.009773,-0.156174
2014-11-10,2529.8300,2565.7300,2565.7300,2514.7100,22659973500,187612569248.0000,0.010608,2.540888
2014-11-11,2578.4380,2558.6120,2602.3730,2532.5720,32371165600,265840509803.0000,0.015148,-0.277423
2014-11-12,2545.4030,2594.3180,2594.3180,2539.6010,18468626100,157847382809.0000,0.008643,1.395524
2014-11-13,2597.3890,2579.7500,2607.5190,2567.4630,21981561500,192985452900.0000,0.010286,-0.561539
2014-11-14,2569.2110,2581.0930,2581.9320,2557.6660,16504996500,145409933865.0000,0.007722,0.052060
2014-11-17,2613.5130,2567.1010,2614.0860,2565.9430,15847809500,147724645089.0000,0.007414,-0.542094
2014-11-18,2565.2730,2541.4160,2570.2110,2534.9270,14294135600,124246649435.0000,0.006686,-1.000547
2014-11-19,2538.2330,2537.2230,2550.5000,2531.3180,12214697400,113031721938.0000,0.005714,-0.164991
2014-11-20,2528.7800,2537.0990,2545.4730,2522.8360,10614986400,98145538650.0000,0.004965,-0.004879
2014-11-21,2537.5380,2583.4550,2585.3620,2530.0320,15102813900,143750813260.0000,0.007064,1.827124
2014-11-24,2614.1600,2649.2580,2667.6710,2602.9440,27983972000,264974912281.0000,0.013090,2.547092
2014-11-25,2650.0850,2685.5610,2686.0630,2643.8430,22261169900,206879208489.0000,0.010413,1.370307
2014-11-26,2695.2630,2723.0180,2723.3600,2690.3100,24396248500,239333899163.0000,0.011411,1.394756
2014-11-27,2737.0300,2754.4900,2754.4900,2718.7040,26546473000,261164877169.0000,0.012417,1.155774
2014-11-28,2753.9250,2808.8190,2809.5430,2740.3740,37532366200,330256023242.0000,0.017554,1.972383
2014-12-01,2825.6110,2819.8120,2855.3320,2808.6530,36548741700,338833084229.0000,0.017085,0.391372
2014-12-02,2807.3380,2923.9400,2944.5060,2804.2930,36146532200,341185189116.0000,0.016897,3.692726
2014-12-03,2936.1240,2967.5490,3028.2250,2912.2460,46615668500,464857500377.0000,0.021791,1.491451
2014-12-04,2975.4030,3104.3510,3104.8900,2968.8760,42681292800,433875560243.0000,0.019952,4.609932
2014-12-05,3143.9680,3124.8850,3195.7980,3011.9360,52488126000,554362904944.0000,0.024536,0.661457
2014-12-08,3108.2720,3252.8810,3270.8810,3075.7000,48446234400,515773683037.0000,0.022647,4.096025
2014-12-09,3233.0970,3106.9130,3387.8270,3074.5160,63287456700,702150099247.0000,0.029584,-4.487346
2014-12-10,3120.2120,3221.5460,3229.0470,3058.1910,42501870800,477300103105.0000,0.019868,3.689605
2014-12-11,3185.1610,3183.0120,3254.4240,3158.4430,36709169100,392944833604.0000,0.017145,-1.196132
2014-12-12,3182.9230,3193.2270,3239.4470,3167.9280,30106532500,337817436996.0000,0.014056,0.320925
2014-12-15,3176.8290,3217.2280,3226.2210,3143.2970,29019383400,326668040798.0000,0.013567,0.751621
2014-12-16,3221.3580,3303.4020,3303.4020,3207.6880,35812384700,425665729151.0000,0.016735,2.678519
2014-12-17,3325.8200,3360.5980,3368.1940,3275.7360,44814077000,527748937956.0000,0.020941,1.731421
2014-12-18,3359.0900,3345.9270,3393.7110,3322.2290,35597020700,416260448852.0000,0.016633,-0.436556
2014-12-19,3345.6290,3383.1670,3397.1830,3280.9160,41121159000,435516864940.0000,0.019214,1.112995
2014-12-22,3396.2510,3394.4810,3455.2070,3357.6610,54980167100,537021101759.0000,0.025676,0.334419
2014-12-23,3358.7980,3324.9240,3431.7790,3316.9130,36973609300,377227774057.0000,0.017267,-2.049117
2014-12-24,3332.1460,3230.3850,3340.3570,3188.4950,31744958700,339475799573.0000,0.014825,-2.843345
2014-12-25,3254.4800,3335.4190,3335.7790,3226.3220,30979954700,330128939928.0000,0.014465,3.251437
2014-12-26,3343.6400,3445.8390,3453.3380,3335.0120,38461412400,438838427110.0000,0.017952,3.310534
2014-12-29,3502.1830,3455.4550,3524.2800,3405.8360,42501503700,505004508391.0000,0.019816,0.279060
2014-12-30,3450.8140,3457.5540,3491.8260,3422.1740,32823387300,394607772399.0000,0.015303,0.060741
2014-12-31,3462.3890,3533.7050,3542.3400,3452.4980,34593476000,403710888146.0000,0.016026,2.202456
2015-01-05,3566.0890,3641.5410,3669.0420,3551.5100,45119809800,519849817448.0000,0.020899,3.051639
2015-01-06,3608.4280,3641.0590,3683.2260,3587.2310,42096218500,498529588258.0000,0.019499,-0.013234
2015-01-07,3620.9240,3643.7900,3671.1900,3601.6980,32019123200,398731720502.0000,0.014831,0.075004
2015-01-08,3650.0730,3559.2590,3659.9450,3552.1000,29500304500,355831967325.0000,0.013664,-2.319865
2015-01-09,3547.5740,3546.7230,3689.7530,3536.3950,34998267200,430210592272.0000,0.016209,-0.352212
2015-01-12,3531.5150,3513.5760,3560.5270,3461.3220,26656717500,334257133083.0000,0.012346,-0.934580
2015-01-13,3506.4510,3514.0400,3550.1580,3494.7680,18715396500,250796676069.0000,0.008668,0.013209
2015-01-14,3522.9070,3502.4230,3547.2420,3471.5600,19601251000,241285837533.0000,0.009078,-0.330587
2015-01-15,3501.7190,3604.1210,3604.1210,3482.2700,23781233800,303445351108.0000,0.010998,2.903647
2015-01-16,3616.2480,3635.1460,3662.1580,3601.2580,28268161400,355568710742.0000,0.013073,0.860817
2015-01-19,3414.0130,3355.1550,3497.2520,3330.9810,32950527500,366017532103.0000,0.015236,-7.702331
2015-01-20,3336.7930,3396.2220,3419.2040,3325.6810,29784323200,381917903845.0000,0.013760,1.223994
2015-01-21,3420.4910,3548.8850,3557.7940,3409.4300,33792821000,425433704264.0000,0.015612,4.495086
2015-01-22,3551.0520,3567.6130,3576.7560,3520.0530,26885359900,345026040998.0000,0.012416,0.527716
2015-01-23,3582.0880,3571.7320,3627.8060,3548.6260,28017217200,361835546416.0000,0.012929,0.115452
2015-01-26,3580.1180,3607.9850,3611.6170,3559.3760,23976620300,309585710088.0000,0.011066,1.015003
2015-01-27,3614.0380,3574.9310,3616.2580,3510.0170,28766917900,357548249621.0000,0.013277,-0.916140
2015-01-28,3547.2390,3525.3230,3583.3120,3512.3930,21622021400,278749164896.0000,0.009968,-1.387661
2015-01-29,3474.9150,3481.7980,3505.5820,3453.9010,21161886000,251897926442.0000,0.009756,-1.234636
2015-01-30,3496.8850,3434.3900,3514.2170,3431.9360,19647915700,237420793858.0000,0.009058,-1.361601
2015-02-02,3360.1930,3353.9600,3407.2560,3347.0850,19518369900,224837769887.0000,0.008985,-2.341899
2015-02-03,3388.6020,3437.4450,3441.7090,3360.7170,19284609600,241100023193.0000,0.008878,2.489150
2015-02-04,3446.1440,3401.7680,3476.8170,3399.5650,19130434900,244034297155.0000,0.008807,-1.037893
2015-02-05,3487.9510,3366.9460,3487.9510,3366.8620,25043060900,311523669172.0000,0.011528,-1.023645
2015-02-06,3352.3300,3312.4200,3374.0510,3285.9350,19266418600,221433183351.0000,0.008869,-1.619453
2015-02-09,3305.7340,3345.9210,3376.5260,3298.5970,17235382000,220766525021.0000,0.007929,1.011375
2015-02-10,3345.0770,3406.9430,3407.1800,3339.5480,15930908800,199120680699.0000,0.007328,1.823779
2015-02-11,3415.9770,3434.1240,3445.6550,3412.1360,14461377200,185979219656.0000,0.006644,0.797809
2015-02-12,3435.3610,3442.8740,3453.5820,3405.6270,15608169100,191285873488.0000,0.007165,0.254796
2015-02-13,3458.8270,3469.8280,3509.5050,3452.0790,20108997100,247076153339.0000,0.009231,0.782888
2015-02-16,3473.2890,3499.4830,3504.4750,3466.6070,16564134300,222799721247.0000,0.007603,0.854654
2015-02-17,3511.5440,3522.3220,3536.8200,3511.0930,16532831300,214457267905.0000,0.007581,0.652642
2015-02-25,3529.5500,3478.7290,3529.5500,3463.9550,16553935100,211739059322.0000,0.007585,-1.237622
2015-02-26,3473.7130,3566.2950,3569.3300,3456.8710,22932843800,279809075234.0000,0.010504,2.517181
2015-02-27,3565.2330,3572.8430,3594.8130,3560.4550,22278643800,271861944608.0000,0.010204,0.183611
2015-03-02,3603.4520,3601.2650,3608.6910,3566.5270,24817612500,325164897145.0000,0.011357,0.795497
2015-03-03,3579.3150,3507.9000,3579.3150,3504.2010,26186648900,335700118167.0000,0.011983,-2.592561
2015-03-04,3514.6670,3530.8220,3540.9120,3497.1720,19966398100,257468790961.0000,0.009137,0.653443
2015-03-05,3513.2490,3496.3440,3517.0830,3467.6760,21750880500,279030592350.0000,0.009952,-0.976487
2015-03-06,3501.1840,3478.5200,3516.2430,3472.3920,18151805400,233468244766.0000,0.008296,-0.509789
2015-03-09,3449.6960,3537.7500,3546.7050,3417.4860,23394041100,277860471571.0000,0.010691,1.702735
2015-03-10,3523.6400,3520.6110,3551.2050,3511.9850,19426765700,245366625918.0000,0.008878,-0.484458
2015-03-11,3524.5750,3524.6530,3568.9160,3512.2180,18894782500,235772755479.0000,0.008594,0.114809
2015-03-12,3557.6860,3592.8440,3603.3410,3536.5340,26566462500,322141249344.0000,0.012084,1.934685
2015-03-13,3604.6710,3617.6570,3641.3920,3594.7420,24686476800,297298516465.0000,0.011223,0.690623
2015-03-16,3641.7730,3705.6710,3705.7390,3621.1190,27543830700,358497570207.0000,0.012514,2.432898
2015-03-17,3733.9610,3757.1220,3762.5750,3716.8090,37162566600,455003825887.0000,0.016885,1.388444
2015-03-18,3769.0860,3846.0550,3846.0550,3763.8480,41519001100,484465529242.0000,0.018864,2.367047
2015-03-19,3851.2490,3839.7390,3859.1260,3809.7060,39154763000,463212821639.0000,0.017784,-0.164218
2015-03-20,3852.4920,3892.5740,3916.8630,3832.4160,40181755200,544468374302.0000,0.018251,1.376004
2015-03-23,3923.0830,3972.0610,3972.2960,3922.2100,39111992200,519760220709.0000,0.017765,2.042018
2015-03-24,3980.0660,3973.0460,3989.8580,3883.7820,46858131200,591066800604.0000,0.021283,0.024795
2015-03-25,3961.5780,3940.4120,3980.7160,3913.9880,37996885100,501733891680.0000,0.017262,-0.821380
2015-03-26,3921.7450,3949.9990,3991.9970,3892.8780,34675631500,468538490771.0000,0.015737,0.243297
2015-03-27,3957.5420,3971.6970,3993.0320,3932.8700,29875606400,393132347578.0000,0.013558,0.549316
2015-03-30,3999.0240,4088.1780,4101.6510,3999.0240,42829702000,546211078887.0000,0.019437,2.932775
2015-03-31,4138.8850,4051.2040,4166.0180,4037.7710,43606563500,598121732643.0000,0.019789,-0.904410
2015-04-01,4057.5010,4123.8950,4139.4990,4046.9390,32951285300,466596904663.0000,0.014954,1.794304
2015-04-02,4149.9460,4124.7760,4156.8420,4068.6490,33907048700,476617837707.0000,0.015388,0.021360
2015-04-03,4104.6720,4170.5380,4170.5580,4092.3830,32130376600,466965600575.0000,0.014581,1.109447
2015-04-07,4213.8940,4260.0440,4260.4710,4197.0190,41536265400,564646323685.0000,0.018850,2.146147
2015-04-08,4277.4500,4295.8030,4304.7800,4204.8260,45867671500,658308062760.0000,0.020816,0.839411
2015-04-09,4316.9580,4262.1380,4332.1660,4212.6110,43969990200,650419151486.0000,0.019954,-0.783673
2015-04-10,4249.3830,4344.4160,4351.6870,4231.1960,34819017000,509354291196.0000,0.015801,1.930436
2015-04-13,4394.0470,4421.0730,4432.0240,4361.5890,43415303600,598518139930.0000,0.019685,1.764500
2015-04-14,4432.1260,4438.1840,4474.3530,4385.9080,43443212600,602127441917.0000,0.019698,0.387029
2015-04-15,4439.3140,4380.5130,4475.9970,4379.6090,47215413100,596822875636.0000,0.021292,-1.299426
2015-04-16,4355.4910,4513.5460,4513.7650,4335.6300,42260374800,564722844124.0000,0.019055,3.036921
2015-04-17,4578.6790,4596.1360,4630.2700,4553.9040,55280266300,733953610122.0000,0.024926,1.829833
2015-04-20,4615.0340,4521.9190,4671.1680,4492.6000,68643907500,939264904128.0000,0.030952,-1.614776
2015-04-21,4520.4610,4619.1640,4620.0580,4504.5580,49031499100,685365027867.0000,0.022108,2.150527
2015-04-22,4637.0550,4739.8140,4740.9330,4632.5890,51621379200,769924803864.0000,0.023273,2.611942
2015-04-23,4764.4810,4740.8920,4782.0440,4693.9670,49743095400,752258236225.0000,0.022427,0.022746
2015-04-24,4682.6260,4702.6410,4730.4300,4618.3180,48015293600,721273097490.0000,0.021622,-0.806831
2015-04-27,4753.8710,4807.5920,4810.4850,4735.3100,51307654800,765910402328.0000,0.023099,2.231739
2015-04-28,4811.3190,4741.8610,4839.0780,4703.5670,60863854500,860349875255.0000,0.027401,-1.367232
2015-04-29,4722.9030,4774.3260,4797.9270,4695.7930,39505698000,601676350605.0000,0.017775,0.684654
2015-04-30,4788.4120,4749.8860,4818.7250,4749.4850,39972744400,612511415165.0000,0.017984,-0.511903
2015-05-04,4757.6370,4787.7410,4795.9150,4699.3980,37784385300,565453373624.0000,0.016984,0.796966
2015-05-05,4785.1920,4596.8370,4785.1920,4572.9830,46041962600,660020218474.0000,0.020695,-3.987356
2015-05-06,4626.2310,4553.3270,4700.9090,4511.7610,37607370200,586033987365.0000,0.016904,-0.946515
2015-05-07,4520.8180,4470.0890,4546.3380,4467.4590,29775920300,427189953161.0000,0.013379,-1.828076
2015-05-08,4515.5540,4558.4040,4559.0580,4445.5920,30240796700,452090694881.0000,0.013587,1.975686
2015-05-11,4582.0910,4690.5320,4690.9540,4535.1490,37383842000,583260408778.0000,0.016789,2.898568
2015-05-12,4692.1220,4747.4210,4748.0040,4660.0160,37705389100,607123299939.0000,0.016904,1.212840
2015-05-13,4746.7130,4718.4360,4758.0020,4678.8450,37073042400,590479847838.0000,0.016617,-0.610539
2015-05-14,4717.9550,4700.7780,4735.2840,4670.1680,33772515200,513219655550.0000,0.015137,-0.374238
2015-05-15,4690.7550,4617.4700,4690.7550,4592.0500,32843116600,506695010176.0000,0.014654,-1.772209
2015-05-18,4582.0580,4575.1400,4623.3830,4565.0610,26918048900,434083129375.0000,0.012010,-0.916737
2015-05-19,4577.6370,4731.2220,4740.0050,4577.6370,31478595200,524232160128.0000,0.014045,3.411525
2015-05-20,4751.5720,4754.9190,4843.1000,4745.2100,36318074800,589956272979.0000,0.016183,0.500860
2015-05-21,4768.6890,4840.9760,4841.6150,4746.0290,30505453700,505346105539.0000,0.013663,1.809855
2015-05-22,4895.9250,4951.3350,4951.9910,4870.5980,45584671800,719129953200.0000,0.020411,2.279662
2015-05-25,4949.1100,5099.4950,5099.8390,4949.1100,46573659000,757085825931.0000,0.020854,2.992348
2015-05-26,5140.7980,5198.9180,5199.2950,5063.1460,48794935900,802295843467.0000,0.021839,1.949661
2015-05-27,5216.1700,5181.4340,5226.8440,5126.8610,47079873000,777826309129.0000,0.021060,-0.336299
2015-05-28,5174.1010,4834.0070,5213.1830,4831.3290,57182904700,873207363731.0000,0.025418,-6.705234
2015-05-29,4839.5300,4840.8290,4924.3030,4665.5210,42787885900,636008152610.0000,0.019019,0.141131
2015-06-01,4862.7560,5076.1790,5079.3190,4835.7740,41750374100,637843681462.0000,0.018559,4.861773
2015-06-02,5091.2720,5161.8700,5162.5560,5047.0810,41297319600,658452859697.0000,0.018343,1.688099
2015-06-03,5176.5970,5143.5900,5186.9670,5059.4950,41425827000,672056532157.0000,0.018382,-0.354141
2015-06-04,5156.0120,5181.4160,5194.2330,4863.4650,48276726800,735170669363.0000,0.021404,0.735404
2015-06-05,5254.9050,5230.5520,5288.3400,5104.1780,54596119600,855224403052.0000,0.024206,0.948307
2015-06-08,5259.4080,5353.7510,5370.6090,5202.5950,63731323700,949498013951.0000,0.028256,2.355377
2015-06-09,5379.4700,5317.4610,5380.4260,5251.2080,57042726300,871431819564.0000,0.025283,-0.677843
2015-06-10,5254.3040,5309.1120,5374.8300,5209.6800,44216567600,711509256785.0000,0.019561,-0.157013
2015-06-11,5305.1410,5306.5900,5329.2950,5248.1630,39233875500,660584867997.0000,0.017351,-0.047503
2015-06-12,5329.2780,5335.1150,5351.6480,5283.0860,43013138600,694213173337.0000,0.019013,0.537547
2015-06-15,5354.0140,5221.1670,5362.4520,5207.3080,47574570300,766237730233.0000,0.020654,-2.135816
2015-06-16,5165.0240,5064.8210,5204.3030,5015.2650,41167563800,651522532247.0000,0.017853,-2.994468
2015-06-17,5072.3070,5138.8310,5158.3670,4949.2930,39712418700,589868366440.0000,0.017222,1.461261
2015-06-18,5107.6950,4930.5490,5121.2180,4926.4290,36439581400,555646755662.0000,0.015781,-4.053105
2015-06-19,4847.0570,4637.0520,4910.4500,4634.6910,35810474400,519609575034.0000,0.015506,-5.952625
2015-06-23,4641.4250,4786.0910,4786.9550,4455.3310,36508794400,536984113004.0000,0.015800,3.214091
2015-06-24,4811.5950,4880.1260,4883.7320,4744.3060,43463872300,615374085939.0000,0.018791,1.964759
2015-06-25,4906.2420,4706.5160,4919.2630,4667.2240,44613598200,640246401379.0000,0.019280,-3.557487
2015-06-26,4573.8720,4336.1950,4650.1860,4278.6750,44663979000,612959478689.0000,0.019280,-7.868268
2015-06-29,4446.8420,4191.5490,4451.1660,4000.9260,52566248200,704014548847.0000,0.022691,-3.335782
2015-06-30,4161.0670,4472.9980,4475.7680,4016.0130,52704528000,716045824698.0000,0.022754,6.714683
2015-07-01,4408.9840,4253.0210,4526.1270,4235.6960,43172141100,623330596858.0000,0.018636,-4.917888
2015-07-02,4287.7340,4107.9960,4312.1900,4000.0610,45706219400,593506685518.0000,0.019730,-3.409927
2015-07-03,4017.2020,3885.9170,4164.6290,3785.9020,42930085000,538216869728.0000,0.018507,-5.406020
2015-07-06,4218.2660,3998.5370,4218.2660,3832.4680,64809453000,779558044352.0000,0.027936,2.898161
2015-07-07,3877.8540,3928.0020,3960.6360,3743.6240,67938500700,795962644454.0000,0.029284,-1.764024
2015-07-08,3651.0600,3663.0380,3762.6220,3612.2540,58146709700,640122398881.0000,0.025036,-6.745513
2015-07-09,3621.6800,3897.6260,3930.2640,3537.8260,50387061000,564744043358.0000,0.021693,6.404189
2015-07-10,3916.2720,4106.5560,4179.1110,3887.5510,50070180200,629079512954.0000,0.021555,5.360447
2015-07-13,4132.2310,4211.8120,4278.1610,4072.4300,50209218600,659251724205.0000,0.021615,2.563118
2015-07-14,4178.6290,4112.1490,4258.5130,4062.5000,45442200900,597521262486.0000,0.019558,-2.366276
2015-07-15,4068.8800,3966.7590,4114.2430,3899.5080,42195636700,514064532339.0000,0.018142,-3.535618
2015-07-16,3949.6390,3997.3550,4067.0220,3856.3210,33053134500,410050894560.0000,0.014194,0.771308
2015-07-17,4023.7570,4151.4960,4190.1860,4000.2310,33110713100,435597103716.0000,0.014202,3.856078
2015-07-20,4157.0600,4160.6120,4221.6930,4106.3890,35267347200,483493894661.0000,0.015127,0.219577
2015-07-21,4109.7610,4166.0060,4201.4820,4081.7040,31837494500,431695843789.0000,0.013656,0.129645
2015-07-22,4148.5600,4157.1600,4187.4310,4094.7120,31894599700,441832505196.0000,0.013678,-0.212331
2015-07-23,4158.9320,4250.8050,4262.0620,4148.8240,35447175900,483972220006.0000,0.015202,2.252620
2015-07-24,4255.1980,4176.2790,4299.6500,4154.6170,39204537300,535901647230.0000,0.016813,-1.753229
2015-07-27,4097.7960,3818.7310,4156.3130,3817.1690,36505451100,477952010794.0000,0.015619,-8.561399
2015-07-28,3690.9740,3811.0930,3883.4460,3627.4210,38352721600,482654543336.0000,0.016410,-0.200013
2015-07-29,3839.9580,3930.3790,3934.0030,3769.1890,27697284500,372287868068.0000,0.011851,3.129966
2015-07-30,3915.7800,3815.4120,3968.5340,3802.8820,27154866500,376351170573.0000,0.011619,-2.925082
2015-07-31,3777.1550,3816.6990,3863.6240,3757.9890,22237676700,299312543754.0000,0.009515,0.033728
2015-08-03,3766.0720,3829.2350,3829.2350,3742.5780,24580503000,309631297700.0000,0.010517,0.328455
2015-08-04,3827.3730,3948.1560,3948.4490,3801.0280,22023655600,288756503266.0000,0.009423,3.105604
2015-08-05,3937.6230,3866.9000,3962.2770,3858.6600,20048426900,272693513971.0000,0.008576,-2.058077
2015-08-06,3802.9280,3831.8520,3888.6930,3793.2370,14727869400,195532363765.0000,0.006300,-0.906355
2015-08-07,3866.4300,3906.9450,3926.6490,3857.9080,18334915300,246546119056.0000,0.007843,1.959706
2015-08-10,3947.4720,4084.3650,4101.7310,3932.8420,30678054000,401702020648.0000,0.013120,4.541142
2015-08-11,4083.5890,4066.6690,4110.1330,4042.0040,32203419100,416996541243.0000,0.013772,-0.433263
2015-08-12,4025.6740,4016.1260,4078.0300,4015.3550,25514619600,339799364935.0000,0.010912,-1.242859
2015-08-13,4010.0130,4075.4630,4075.7000,3967.8210,24283697900,319887602964.0000,0.010385,1.477466
2015-08-14,4097.9170,4073.5400,4113.1590,4056.7270,25339299600,340076813259.0000,0.010837,-0.047181
2015-08-17,4058.1130,4077.8720,4081.7720,4009.9900,25693963800,336830563044.0000,0.010988,0.106346
2015-08-18,4084.3110,3825.4120,4103.0540,3816.5530,31988107000,424924184411.0000,0.013680,-6.190973
2015-08-19,3748.2660,3886.1360,3898.7400,3668.1920,26904983900,340923470856.0000,0.011506,1.587381
2015-08-20,3848.4030,3761.4540,3880.8240,3761.4540,21216796500,270576698834.0000,0.009067,-3.208377
2015-08-21,3714.2890,3589.5360,3757.7790,3578.1750,21798640300,267498426435.0000,0.009316,-4.570526
2015-08-24,3454.5980,3275.5340,3468.1490,3266.5500,25543665200,273124228208.0000,0.010886,-8.747704
2015-08-25,3070.0070,3042.9270,3200.1080,3019.5560,27608130600,281160333742.0000,0.011766,-7.101344
2015-08-26,3062.5660,3025.6920,3192.9320,2952.0080,30827062300,312188248685.0000,0.013138,-0.566399
2015-08-27,3092.8120,3205.6370,3206.7240,3028.3980,26729493000,278769983405.0000,0.011391,5.947237
2015-08-28,3246.2360,3342.2860,3353.2430,3223.6220,29949842600,318763482694.0000,0.012764,4.262770
2015-08-31,3307.3960,3366.5360,3368.2790,3205.5370,28025040300,306610891136.0000,0.011936,0.725551
2015-09-01,3296.5290,3362.0830,3370.5040,3190.5780,35245852800,351387828324.0000,0.015009,-0.132269
2015-09-02,3220.8510,3365.8320,3387.0210,3213.6370,34778941200,348986389305.0000,0.014810,0.111509
2015-09-07,3347.2930,3250.4850,3422.2250,3240.2430,20422443100,221756790269.0000,0.008696,-3.426996
2015-09-08,3221.7890,3334.0230,3340.2190,3170.8070,15459963100,168294750030.0000,0.006583,2.570011
2015-09-09,3344.8240,3399.3050,3426.6510,3330.2900,22046742100,258815794996.0000,0.009388,1.958054
2015-09-10,3349.2810,3357.5610,3398.3160,3337.3110,14488297100,168108269695.0000,0.006165,-1.228013
2015-09-11,3349.8770,3347.1880,3383.1340,3315.4780,10854750800,130262410873.0000,0.004619,-0.308946
2015-09-14,3367.6420,3281.1320,3373.9210,3187.5660,20545725100,226168550065.0000,0.008743,-1.973475
2015-09-15,3208.7440,3152.2320,3240.0790,3131.9790,14355564100,145989213753.0000,0.006109,-3.928500
2015-09-16,3149.1580,3309.2480,3345.9180,3131.3700,15970999400,168269840344.0000,0.006789,4.981100
2015-09-17,3287.6570,3236.9990,3354.9050,3236.9990,16940188100,190270181393.0000,0.007198,-2.183200
2015-09-18,3254.4430,3251.2730,3280.8770,3227.8340,10690348100,121752531747.0000,0.004542,0.441000
2015-09-21,3222.6030,3308.2470,3312.5500,3211.9340,12278866800,145323018237.0000,0.005217,1.752400
2015-09-22,3312.3650,3339.0300,3371.4140,3303.1840,14622198500,172492862561.0000,0.006213,0.930500
2015-09-23,3290.0710,3263.0280,3315.9350,3253.3330,12317143900,136885975737.0000,0.005223,-2.276200
2015-09-24,3278.8960,3284.9990,3300.8570,3255.9020,10201123800,120820642496.0000,0.004318,0.673300
2015-09-25,3272.6650,3231.9510,3290.8580,3201.9140,12141927800,137602168790.0000,0.005138,-1.614900
2015-09-28,3226.6070,3242.7520,3246.5540,3186.5070,7421946800,88007466971.0000,0.003140,0.334200
2015-09-29,3197.2210,3178.8540,3208.4170,3159.0420,8715063300,96691510035.0000,0.003684,-1.970500
2015-09-30,3195.9010,3202.9480,3223.9080,3186.7670,7855934900,95881598729.0000,0.003321,0.757900
2015-10-08,3324.9810,3296.4820,3337.3310,3294.6050,13208176800,164120601354.0000,0.005583,2.920200
2015-10-09,3302.3600,3340.1160,3352.3790,3293.9650,12435250000,144731343186.0000,0.005249,1.323700
2015-10-12,3351.1390,3447.6930,3486.6310,3347.2510,22140046800,263706468495.0000,0.009333,3.220800
2015-10-13,3422.4770,3445.0430,3452.0450,3413.9670,14543378600,174978937957.0000,0.006120,-0.076900
2015-10-14,3431.1350,3406.1120,3458.7010,3403.2300,15217393800,174599255680.0000,0.006394,-1.130100
2015-10-15,3403.3890,3486.8150,3486.8150,3402.3160,17115829900,201881880361.0000,0.007192,2.369400
2015-10-16,3508.5180,3534.0650,3537.5390,3487.1040,20896470900,252211491386.0000,0.008771,1.355100
2015-10-19,3548.9520,3534.1820,3572.9940,3502.5040,20760674400,254890985147.0000,0.008712,0.003300
2015-10-20,3527.8750,3577.7030,3577.7980,3510.4370,17902510800,226525577194.0000,0.007513,1.231400
2015-10-21,3580.8380,3473.2540,3601.2430,3417.4120,28207605000,326886985805.0000,0.011837,-2.919400
2015-10-22,3453.2010,3524.5340,3530.7660,3442.3060,18430558000,223583606540.0000,0.007734,1.476400
2015-10-23,3536.8430,3571.2410,3581.8360,3515.8220,19829447800,247059685203.0000,0.008321,1.325200
2015-10-26,3614.7020,3589.2610,3620.7560,3561.1920,20424886300,270489759134.0000,0.008571,0.504600
2015-10-27,3569.4480,3592.8790,3601.0530,3486.1020,19205614000,239042538536.0000,0.008059,0.100800
2015-10-28,3575.8050,3524.9200,3598.1720,3517.2100,17097709800,213303023833.0000,0.007175,-1.891500
2015-10-29,3539.9780,3533.3060,3561.8140,3507.9660,12701044600,161051885808.0000,0.005330,0.237900
2015-10-30,3530.2230,3534.0790,3574.4730,3497.5680,13914191400,183317149529.0000,0.005839,0.021900
2015-11-02,3489.2250,3475.9620,3543.4500,3474.7120,13000256800,167455101934.0000,0.005455,-1.644500
2015-11-03,3484.7220,3465.4930,3501.7040,3452.6200,10140187600,132231502584.0000,0.004255,-0.301200
2015-11-04,3477.1590,3628.5380,3628.5380,3477.1590,20542386500,266955889953.0000,0.008620,4.704800
2015-11-05,3630.7820,3705.9700,3781.4080,3627.3010,39804656800,495138171518.0000,0.016704,2.134000
2015-11-06,3698.3420,3793.3740,3801.7050,3694.6570,29875307600,389779446699.0000,0.012537,2.358500
2015-11-09,3796.3790,3840.3550,3891.7730,3796.3790,35680482300,463161707601.0000,0.014966,1.238500
2015-11-10,3806.6680,3833.2380,3876.4900,3798.8210,28651960300,380910629424.0000,0.012018,-0.185300
2015-11-11,3828.4480,3833.6460,3843.1120,3781.4100,23223429600,307008336072.0000,0.009741,0.010600
2015-11-12,3841.7380,3795.3240,3843.9000,3771.2740,21753764700,302446791881.0000,0.009125,-0.999600
2015-11-13,3756.2040,3746.2420,3793.7130,3727.5850,20348989100,281961129453.0000,0.008505,-1.293200
2015-11-16,3682.7350,3764.1260,3764.4090,3680.0730,16169090100,227483711616.0000,0.006757,0.477400
2015-11-17,3790.4260,3758.3870,3852.7740,3750.1560,24853307100,365138598381.0000,0.010381,-0.152500
2015-11-18,3760.4560,3715.5800,3771.8470,3706.3100,18568949500,254137953313.0000,0.007756,-1.139000
2015-11-19,3725.6220,3774.9690,3775.2320,3714.6750,15463198900,204557606993.0000,0.006458,1.598400
2015-11-20,3778.8840,3774.3830,3793.5450,3757.0260,18695168900,242295089781.0000,0.007808,-0.015500
2015-11-23,3774.4360,3753.3350,3802.8510,3743.4050,17562681200,234640979610.0000,0.007335,-0.557700
2015-11-24,3745.7610,3753.8890,3754.1690,3702.7370,14338328300,192495095083.0000,0.005988,0.014800
2015-11-25,3747.7600,3781.6070,3781.8570,3735.7160,15194494100,215125047954.0000,0.006345,0.738400
2015-11-26,3795.2450,3759.4290,3805.8440,3756.8230,17352546800,239797205559.0000,0.007246,-0.586500
2015-11-27,3739.0960,3556.9920,3742.7420,3534.3900,20893935800,269758168475.0000,0.008725,-5.384800
2015-11-30,3554.8900,3566.4120,3587.9700,3455.0680,17320116300,220098287801.0000,0.007233,0.264800
2015-12-01,3562.3190,3591.6960,3617.3050,3536.1150,13653655400,176598805608.0000,0.005702,0.708900
2015-12-02,3587.7580,3721.9550,3725.8540,3573.4030,21353886500,260938692616.0000,0.008917,3.626700
2015-12-03,3709.5470,3749.2990,3758.4460,3693.1370,19776212600,236698987440.0000,0.008252,0.734700
2015-12-04,3719.7340,3677.5920,3726.1240,3667.2910,15119952200,196455597757.0000,0.006309,-1.912500
2015-12-07,3681.5820,3687.6070,3699.3370,3658.5780,11388315000,161220059836.0000,0.004752,0.272300
2015-12-08,3668.8380,3623.0200,3668.8380,3619.4450,12578108300,163317229186.0000,0.005249,-1.751500
2015-12-09,3613.4200,3635.9380,3655.1580,3611.4900,11332542200,154319992100.0000,0.004729,0.356600
2015-12-10,3634.3660,3623.0840,3678.3180,3615.9910,12021562500,168622188283.0000,0.005016,-0.353500
2015-12-11,3605.3720,3608.0590,3630.7430,3578.1460,11032248100,145248640244.0000,0.004604,-0.414700
2015-12-14,3573.8840,3711.3220,3712.5030,3570.9980,15176911900,203291513291.0000,0.006285,2.862000
2015-12-15,3707.7300,3694.3880,3717.3570,3679.2300,12648171000,186795461663.0000,0.005238,-0.456300
2015-12-16,3703.9500,3685.4400,3713.0900,3677.4490,11134272300,160118243242.0000,0.004611,-0.242200
2015-12-17,3712.7830,3755.8880,3768.8440,3709.8510,17792407500,242543823434.0000,0.007368,1.911500
2015-12-18,3754.9600,3767.9130,3810.2180,3750.9250,17346598000,232281458171.0000,0.007184,0.320200
2015-12-21,3762.0960,3865.9650,3877.8200,3759.9890,21743527500,289905289214.0000,0.009005,2.602300
2015-12-22,3872.0970,3876.7320,3880.4680,3841.5930,18030366100,243797366698.0000,0.007467,0.278500
2015-12-23,3877.8720,3866.3810,3926.6860,3862.9650,20701714700,294710770246.0000,0.008573,-0.267000
2015-12-24,3858.1350,3829.4020,3867.6790,3787.0830,14718139700,203683543579.0000,0.006095,-0.956400
2015-12-25,3832.0850,3838.2010,3848.0250,3813.2040,11962401300,163314511431.0000,0.004953,0.229800
2015-12-28,3847.5320,3727.6320,3853.3890,3727.6320,15398844000,210026020459.0000,0.006375,-2.880700
2015-12-29,3723.0500,3761.8750,3762.0520,3710.4800,10188555500,140405054699.0000,0.004216,0.918600
2015-12-30,3762.9140,3765.1750,3765.6570,3726.2780,10562995500,155744099319.0000,0.004365,0.087700
2015-12-31,3760.9040,3731.0050,3772.6170,3727.3250,10187355600,145043696235.0000,0.004209,-0.907500
2016-01-04,3725.8560,3469.0660,3726.2450,3468.9480,11537067400,145968206095.0000,0.004766,-7.020600
2016-01-05,3382.1770,3478.7800,3518.2170,3377.2800,16211698400,196017085879.0000,0.006697,0.280000
2016-01-06,3482.4060,3539.8080,3543.7400,3468.4670,14596614400,160947198402.0000,0.006030,1.754300
2016-01-07,3481.1500,3294.3840,3481.1500,3284.7370,4410264100,47130795628.0000,0.001820,-6.933300
2016-01-08,3371.8710,3361.5630,3418.8510,3237.9310,18595945100,203498868289.0000,0.007663,2.039200
2016-01-11,3303.1250,3192.4500,3342.4810,3192.4500,17463838700,184464050180.0000,0.007194,-5.030800
2016-01-12,3214.8230,3215.7100,3242.2530,3174.5500,12822579600,142048909710.0000,0.005282,0.728600
2016-01-13,3240.4840,3155.8790,3257.2950,3155.8790,12066649400,130886082444.0000,0.004970,-1.860600
2016-01-14,3076.6450,3221.5710,3226.6580,3072.0390,13453767100,144771580596.0000,0.005542,2.081600
2016-01-15,3200.8880,3118.7300,3216.7980,3101.0520,12460177900,131882737252.0000,0.005133,-3.192300
2016-01-18,3068.2350,3130.7290,3165.6160,3066.7270,10112838600,109458287764.0000,0.004166,0.384700
2016-01-19,3132.7050,3223.1250,3227.9080,3119.2160,12765389300,142907686296.0000,0.005258,2.951300
2016-01-20,3204.2180,3174.3780,3225.9500,3154.4260,13065050400,143313337192.0000,0.005382,-1.512400
2016-01-21,3136.3840,3081.3450,3202.5380,3081.3450,11118973300,121856195433.0000,0.004580,-2.930700
2016-01-22,3114.8950,3113.4630,3132.1710,3053.9580,8995108700,96885673842.0000,0.003705,1.042300
2016-01-25,3129.0280,3128.8860,3149.3320,3105.1000,8154006100,85777891364.0000,0.003356,0.495400
2016-01-26,3099.5960,2940.5090,3106.5300,2934.6470,12693392100,127250652518.0000,0.005221,-6.020600
2016-01-27,2953.1830,2930.3520,2963.5440,2839.2900,13222936600,126997670778.0000,0.005439,-0.345400
2016-01-28,2909.3340,2853.7560,2941.8870,2841.8440,9922275600,95663874927.0000,0.004081,-2.613900
2016-01-29,2855.5980,2946.0900,2965.3090,2854.3710,11330425900,109462356680.0000,0.004660,3.235500
2016-02-01,2939.0400,2901.0480,2944.5170,2869.5610,8679534200,82931453498.0000,0.003570,-1.528900
2016-02-02,2901.5280,2961.3340,2972.4260,2901.5120,8860196300,88740230428.0000,0.003644,2.078100
2016-02-03,2931.2880,2948.6390,2954.7100,2909.8980,7738900000,74817092259.0000,0.003183,-0.428700
2016-02-04,2960.3330,2984.7600,2999.2060,2960.2070,9177972400,91550346872.0000,0.003770,1.225000
2016-02-05,2982.0560,2963.7890,2988.3600,2962.8470,7685080800,77443222334.0000,0.003157,-0.702600
2016-02-15,2888.4280,2946.7070,2961.4930,2886.0180,7291943400,71285049141.0000,0.002995,-0.576400
2016-02-16,2962.1870,3037.0350,3042.0890,2962.1870,11257964300,112300492317.0000,0.004624,3.065400
2016-02-17,3034.0900,3063.3200,3065.7840,3027.0460,12829160700,122279340234.0000,0.005269,0.865500
2016-02-18,3079.5270,3053.6980,3093.5130,3049.8410,12440146400,122618612161.0000,0.005109,-0.314100
2016-02-19,3047.9420,3051.5850,3065.9680,3032.6340,8733801200,90849341804.0000,0.003587,-0.069200
2016-02-22,3083.9330,3118.8670,3128.2070,3071.3290,14094696800,141684080627.0000,0.005789,2.204900
2016-02-23,3117.2030,3089.3630,3119.2210,3061.4290,11256739100,117476469063.0000,0.004623,-0.946000
2016-02-24,3077.6060,3109.5450,3109.5450,3055.2510,11178265000,112918607549.0000,0.004591,0.653300
2016-02-25,3104.4100,2918.7500,3104.4360,2905.4570,15782975200,153493008194.0000,0.006476,-6.135800
2016-02-26,2942.0950,2948.0310,2964.3850,2902.9480,10694972900,102531571946.0000,0.004387,1.003200
2016-02-29,2939.5800,2877.4670,2939.8750,2821.2150,12934102000,118440829598.0000,0.005306,-2.393600
2016-03-01,2881.3350,2930.6940,2950.4360,2863.3230,11604591800,110491037808.0000,0.004760,1.849800
2016-03-02,2933.9210,3051.3330,3054.7240,2933.1160,17597234700,164025161471.0000,0.007219,4.116400
2016-03-03,3050.3890,3058.4220,3078.4440,3040.2460,17310574400,165509087742.0000,0.007101,0.232300
2016-03-04,3047.5370,3093.8890,3101.6560,3032.4240,21917253400,205520475543.0000,0.008991,1.159700
2016-03-07,3109.0000,3104.8400,3130.9030,3083.5840,13246203700,127790344488.0000,0.005434,0.353900
2016-03-08,3100.1490,3107.6730,3109.2500,3001.8290,13623574200,128758488144.0000,0.005588,0.091200
2016-03-09,3045.9240,3071.9070,3072.9160,3020.1340,11146624500,106298652785.0000,0.004572,-1.150900
2016-03-10,3056.2100,3013.1460,3074.1600,3012.6910,7607219700,78180468559.0000,0.003121,-1.912900
2016-03-11,2990.2130,3018.2840,3026.4370,2982.1720,7333356400,74367296548.0000,0.003008,0.170500
2016-03-14,3039.5690,3065.6900,3106.8000,3034.0000,11710865500,123539094703.0000,0.004804,1.570600
2016-03-15,3061.3430,3074.7800,3077.0850,3028.5780,9831194100,101302845698.0000,0.004033,0.296500
2016-03-16,3068.8660,3090.0330,3100.3520,3064.5210,12473644800,126128854001.0000,0.005117,0.496100
2016-03-17,3096.8080,3124.2040,3147.8410,3077.5720,12166177700,136603715775.0000,0.004990,1.105900
2016-03-18,3136.2230,3171.9630,3197.6680,3130.1020,19730256400,210017810346.0000,0.008091,1.528700
2016-03-21,3203.2930,3249.4370,3267.7750,3198.3610,23326946400,256836636273.0000,0.009566,2.442500
2016-03-22,3231.6150,3225.7900,3249.6770,3218.7280,16102089700,194211982989.0000,0.006603,-0.727700
2016-03-23,3217.7290,3236.0920,3242.2470,3202.9760,12567928600,155567074583.0000,0.005149,0.319400
2016-03-24,3211.4960,3181.8510,3221.9060,3181.8130,13313112200,162436036415.0000,0.005454,-1.676100
2016-03-25,3176.8100,3197.8170,3204.4420,3174.3180,9739533000,115195604431.0000,0.003990,0.501800
2016-03-28,3206.9530,3169.7280,3229.6240,3161.8780,10344193300,123844044128.0000,0.004237,-0.878400
2016-03-29,3171.3140,3135.4100,3178.0750,3122.7600,9729474700,113844280553.0000,0.003985,-1.082700
2016-03-30,3161.2890,3216.2750,3216.6760,3161.2890,11780251200,140721774451.0000,0.004826,2.579100
2016-03-31,3229.1990,3218.0880,3241.9270,3208.6650,12155207400,147267617416.0000,0.004979,0.056400
2016-04-01,3213.6740,3221.8950,3222.6120,3165.8550,11812213900,127050098456.0000,0.004837,0.118300
2016-04-05,3211.3050,3264.4860,3271.9300,3205.2070,14604777200,159296543667.0000,0.005981,1.321900
2016-04-06,3250.5210,3257.5280,3267.6400,3236.1960,12019630500,137206268587.0000,0.004922,-0.213100
2016-04-07,3266.2880,3209.2900,3270.8200,3208.6440,11240946700,128273067720.0000,0.004603,-1.480800
2016-04-08,3189.8460,3185.7260,3197.7740,3163.3050,10100562500,113920716519.0000,0.004136,-0.734200
2016-04-11,3213.5070,3230.0960,3251.5720,3213.5070,12521270900,142759491340.0000,0.005128,1.392800
2016-04-12,3227.3670,3218.4500,3232.2640,3198.9030,9286943700,99086557951.0000,0.003802,-0.360500
2016-04-13,3237.8570,3261.3830,3296.5230,3237.8570,19561386600,200159601290.0000,0.008008,1.334000
2016-04-14,3277.0980,3275.8320,3286.0720,3252.0500,11315732700,117989443450.0000,0.004633,0.443000
2016-04-15,3279.8570,3272.2050,3282.9850,3261.7300,9980752900,107963982334.0000,0.004085,-0.110700
2016-04-18,3252.6710,3228.4530,3252.6710,3221.6620,9709006900,103956150095.0000,0.003971,-1.337100
2016-04-19,3243.9710,3238.3030,3250.7250,3221.5770,8087144000,90976236261.0000,0.003307,0.305100
2016-04-20,3244.1420,3181.0260,3248.4220,3107.3690,16220785800,172324694469.0000,0.006634,-1.768700
2016-04-21,3160.7960,3160.6030,3198.5570,3150.9390,10475265100,110324379038.0000,0.004284,-0.642000
2016-04-22,3142.5610,3174.9010,3175.3800,3137.9930,7707849200,82442921903.0000,0.003152,0.452400
2016-04-25,3164.7380,3162.0330,3172.2690,3137.1130,6751935100,74734848036.0000,0.002761,-0.405300
2016-04-26,3159.7710,3179.1600,3181.0950,3150.4040,5902073400,68871554173.0000,0.002411,0.541700
2016-04-27,3181.9300,3165.9160,3188.8260,3162.6910,6000414700,70620405995.0000,0.002450,-0.416600
2016-04-28,3169.3330,3160.5810,3174.7660,3135.6430,6987066000,78876767222.0000,0.002852,-0.168500
2016-04-29,3153.5370,3156.7450,3171.2890,3149.3960,5802977600,70807704222.0000,0.002369,-0.121400
2016-05-03,3159.8230,3213.5400,3218.4850,3151.4050,9816483500,115733867591.0000,0.004006,1.799200
2016-05-04,3203.4650,3209.4610,3222.8820,3198.2920,9086240800,97797134813.0000,0.003708,-0.126900
2016-05-05,3204.1690,3213.9200,3217.2820,3196.5660,7473368100,83946496908.0000,0.003049,0.138900
2016-05-06,3213.1360,3130.3540,3216.8930,3130.1470,10868024000,119265216104.0000,0.004432,-2.600100
2016-05-09,3115.4300,3065.6150,3115.4300,3055.0060,9923047700,100409213488.0000,0.004047,-2.068100
2016-05-10,3055.2120,3069.1120,3084.7250,3055.1830,6884993500,70650764147.0000,0.002808,0.114100
2016-05-11,3080.6360,3082.8090,3102.8770,3063.0880,8179425800,87323408342.0000,0.003334,0.446300
2016-05-12,3059.3830,3090.1370,3095.3490,3035.0230,7876572600,81418792606.0000,0.003209,0.237700
2016-05-13,3081.6800,3074.9350,3103.0950,3064.6910,6262975500,65850995649.0000,0.002552,-0.491900
2016-05-16,3064.5260,3095.3090,3095.5550,3053.6620,5946185600,64405200020.0000,0.002414,0.662600
2016-05-17,3095.5230,3086.0250,3105.2010,3073.4590,6527812500,75389385458.0000,0.002650,-0.299900
2016-05-18,3071.5290,3068.0360,3072.6120,3039.4620,8271536900,88458847115.0000,0.003355,-0.582900
2016-05-19,3060.3430,3062.5000,3086.9770,3058.1450,6044416600,68679060392.0000,0.002452,-0.180400
2016-05-20,3047.7780,3078.2180,3078.5310,3041.5170,5608084200,65124251092.0000,0.002274,0.513200
2016-05-23,3078.5150,3087.2220,3098.4780,3076.5040,5969721600,70337514484.0000,0.002417,0.292500
2016-05-24,3083.2440,3063.5560,3083.2570,3052.5910,5873438500,61106015446.0000,0.002378,-0.766600
2016-05-25,3079.7490,3059.2260,3089.1020,3054.8700,5665280300,63316562530.0000,0.002292,-0.141300
2016-05-26,3056.6000,3064.2110,3072.5240,3027.4440,6039298100,65985183919.0000,0.002443,0.162900
2016-05-27,3059.7320,3062.4990,3073.7560,3052.1790,6046875000,59371777079.0000,0.002446,-0.055900
2016-05-30,3056.3140,3066.7090,3075.2610,3037.6650,6309857900,63496565009.0000,0.002553,0.137500
2016-05-31,3068.5960,3169.5600,3170.9260,3068.5960,13886311100,151398175957.0000,0.005613,3.353800
2016-06-01,3172.9620,3160.5470,3181.7920,3159.8170,11314848200,131700821152.0000,0.004573,-0.284400
2016-06-02,3158.0260,3167.1000,3168.8240,3151.0650,8600342700,97093625345.0000,0.003473,0.207300
2016-06-03,3172.9460,3189.3250,3201.7490,3162.0880,10149178300,136332027087.0000,0.004092,0.701800
2016-06-06,3192.7790,3178.7880,3197.2200,3168.5540,7669375100,101176231366.0000,0.003092,-0.330400
2016-06-07,3182.4380,3177.0540,3186.6170,3168.1790,6892831400,88711618425.0000,0.002776,-0.054600
2016-06-08,3171.8130,3163.9860,3174.9720,3148.3520,7629177500,97682790861.0000,0.003073,-0.411300
2016-06-13,3134.0450,3066.3410,3145.6060,3065.7670,9297594700,114091320004.0000,0.003767,-3.086100
2016-06-14,3058.4430,3075.9830,3078.7500,3055.6550,6627945700,78622305350.0000,0.002685,0.314400
2016-06-15,3043.9580,3116.3680,3128.6730,3042.2330,8739325700,106170177872.0000,0.003539,1.312900
2016-06-16,3104.3620,3094.6750,3112.4760,3089.4780,8297470300,93496238871.0000,0.003356,-0.696100
2016-06-17,3096.0900,3110.3570,3131.0490,3096.0900,8540298500,97953389320.0000,0.003455,0.506700
2016-06-20,3114.9060,3112.6740,3118.7250,3089.7130,6358714100,74647802462.0000,0.002570,0.074500
2016-06-21,3124.8980,3106.3170,3155.4930,3097.9400,8796534500,107233643632.0000,0.003555,-0.204200
2016-06-22,3100.4500,3133.9610,3134.0610,3096.9920,6648711300,81348715848.0000,0.002687,0.889900
2016-06-23,3129.7210,3117.3170,3129.7210,3102.4810,6775173800,81732552159.0000,0.002731,-0.531100
2016-06-24,3110.6460,3077.1560,3130.5390,3033.9650,10479220800,118967441702.0000,0.004224,-1.288300
2016-06-27,3065.1280,3120.5440,3120.6400,3064.9660,8326725900,104066083791.0000,0.003352,1.410000
2016-06-28,3107.3980,3136.4010,3139.4300,3099.7010,9202463700,117197791504.0000,0.003702,0.508100
2016-06-29,3142.4840,3151.3900,3158.0760,3139.1330,10372366800,117958861189.0000,0.004174,0.477900
2016-06-30,3152.8330,3153.9210,3163.7200,3148.1990,7969261700,100627912925.0000,0.003202,0.080300
2016-07-01,3156.9320,3154.2000,3170.2580,3148.2950,7174628300,91215027688.0000,0.002883,0.008800
2016-07-04,3136.3850,3204.6960,3210.6020,3134.0230,13331052900,149894780037.0000,0.005357,1.600900
2016-07-05,3199.1570,3207.3830,3216.7030,3197.9960,13022689500,143899100428.0000,0.005233,0.083800
2016-07-06,3197.6250,3216.8030,3217.5160,3183.4510,12489745800,147232471496.0000,0.005009,0.293700
2016-07-07,3206.5510,3209.9540,3220.5400,3190.1240,11859520200,140488833675.0000,0.004755,-0.212900
2016-07-08,3199.7540,3192.2810,3204.9280,3183.9590,8973485500,111063465417.0000,0.003598,-0.550600
2016-07-11,3199.0380,3203.3300,3235.9620,3197.6250,13852951100,155288151673.0000,0.005549,0.346100
2016-07-12,3201.9060,3273.1820,3273.4740,3200.3030,17253421700,190853738897.0000,0.006911,2.180600
2016-07-13,3274.0200,3282.8680,3300.9910,3271.7750,17519609000,196592300322.0000,0.007018,0.295900
2016-07-14,3277.4820,3276.7640,3281.9500,3259.0650,10752579800,128090420917.0000,0.004305,-0.185900
2016-07-15,3278.8360,3276.2780,3285.0260,3265.2910,10266502600,125179812929.0000,0.004108,-0.014800
2016-07-18,3269.7080,3262.0220,3281.6370,3251.7660,11031251800,129785706199.0000,0.004412,-0.435100
2016-07-19,3260.4350,3248.2340,3264.7300,3226.1990,8888686100,107108911172.0000,0.003555,-0.422700
2016-07-20,3246.8630,3237.6050,3254.5080,3232.2570,7270125500,91367448994.0000,0.002908,-0.327200
2016-07-21,3238.3370,3252.5230,3271.3740,3238.3030,8600482500,107464072513.0000,0.003439,0.460800
2016-07-22,3251.2420,3225.1620,3253.7690,3220.8940,8602912800,107416887320.0000,0.003440,-0.841200
2016-07-25,3220.1660,3230.8850,3243.7900,3218.1420,7020318500,92015844035.0000,0.002807,0.177400
2016-07-26,3228.2340,3269.5880,3269.7460,3228.0080,8105108900,103745762758.0000,0.003241,1.197900
2016-07-27,3270.0840,3218.2430,3276.5110,3157.4090,16018866500,186928366498.0000,0.006403,-1.570400
2016-07-28,3204.4650,3221.1360,3235.7810,3195.2700,11277996400,137295892753.0000,0.004508,0.089900
2016-07-29,3217.1920,3203.9300,3225.4180,3198.6840,8804483700,103787029748.0000,0.003516,-0.534200
2016-08-01,3196.4250,3176.8090,3199.9750,3156.7490,8700349700,98818634361.0000,0.003474,-0.846500
2016-08-02,3173.7580,3189.0530,3189.0530,3165.5420,6216763900,70640763842.0000,0.002483,0.385400
2016-08-03,3179.6840,3193.5070,3197.1570,3173.5360,7286410200,79754323301.0000,0.002909,0.139700
2016-08-04,3190.5460,3201.2890,3201.5540,3170.4190,7350437300,86919591121.0000,0.002935,0.243700
2016-08-05,3201.3540,3205.1100,3224.8730,3192.8610,7719636600,94429542391.0000,0.003082,0.119400
2016-08-08,3199.5720,3234.1830,3234.4790,3187.2520,8667605100,102638114597.0000,0.003461,0.907100
2016-08-09,3232.6030,3256.9810,3257.3330,3229.1740,9106525900,105924052436.0000,0.003636,0.704900
2016-08-10,3255.1820,3243.3410,3261.8610,3242.7510,9043037200,106157448028.0000,0.003605,-0.418800
2016-08-11,3239.5580,3233.3600,3274.0260,3232.6130,10104121300,116996159046.0000,0.004029,-0.307700
2016-08-12,3231.8060,3294.2340,3294.2340,3231.1370,11625404400,129354686387.0000,0.004632,1.882600
2016-08-15,3303.4690,3393.4240,3417.9150,3302.3780,22054342100,258897463910.0000,0.008786,3.011000
2016-08-16,3403.3840,3378.2450,3418.6880,3372.0210,19638974000,226785231085.0000,0.007825,-0.447300
2016-08-17,3377.7710,3373.0480,3394.3890,3356.9240,13884768800,167917530856.0000,0.005532,-0.153900
2016-08-18,3369.9470,3364.4850,3394.7910,3349.6880,14238016900,172256533000.0000,0.005672,-0.253800
2016-08-19,3358.5550,3365.0200,3374.0450,3341.1920,11996150800,135382706293.0000,0.004780,0.015900
2016-08-22,3364.6810,3336.7950,3372.8330,3335.4690,10795100800,128201783812.0000,0.004291,-0.838800
2016-08-23,3332.6210,3341.8300,3359.6480,3324.9600,9292451600,108503692377.0000,0.003694,0.150900
2016-08-24,3341.9300,3329.8630,3348.1290,3323.7250,8119142900,94012832200.0000,0.003228,-0.358100
2016-08-25,3314.0850,3308.9720,3315.0810,3279.8060,10058915300,112578140010.0000,0.003998,-0.627400
2016-08-26,3312.4990,3307.0900,3328.9450,3301.7360,8153069100,93213205560.0000,0.003240,-0.056900
2016-08-29,3306.5750,3307.7810,3315.0790,3297.0700,7703633300,88011642022.0000,0.003061,0.020900
2016-08-30,3310.3190,3311.9870,3325.1220,3304.5970,7572598700,89513016667.0000,0.003009,0.127200
2016-08-31,3310.5650,3327.7940,3333.9730,3304.6550,7957080500,99215044445.0000,0.003162,0.477200
2016-09-01,3326.7390,3301.5770,3329.3450,3301.2130,8494721900,100911462823.0000,0.003375,-0.787800
2016-09-02,3298.7220,3314.1140,3320.4250,3295.7550,8279180300,99396378584.0000,0.003289,0.379800
2016-09-05,3321.0050,3319.6800,3338.4200,3314.6290,7829247700,87531089645.0000,0.003110,0.167900
2016-09-06,3322.0180,3342.6260,3347.9510,3300.1260,9828399800,118366533426.0000,0.003905,0.691200
2016-09-07,3344.0660,3340.8170,3357.3570,3337.7510,10294010600,115119908617.0000,0.004090,-0.054100
2016-09-08,3338.0080,3339.5640,3343.3950,3328.2260,7191615800,83742346850.0000,0.002856,-0.037500
2016-09-09,3339.3730,3318.0440,3344.9510,3318.0440,8265703600,95471188732.0000,0.003282,-0.644400
2016-09-12,3271.8700,3262.6040,3276.7160,3234.5730,12291768200,134456630927.0000,0.004881,-1.670900
2016-09-13,3265.3370,3260.3330,3269.2220,3246.3860,6718028800,76862644231.0000,0.002668,-0.069600
2016-09-14,3245.7370,3238.7300,3254.9950,3231.3350,7043269700,79780746436.0000,0.002797,-0.662600
2016-09-19,3242.7430,3263.1240,3264.8990,3242.7430,5883108200,67678031642.0000,0.002334,0.753200
2016-09-20,3264.6650,3257.4030,3265.0350,3252.3880,5278420600,61626150818.0000,0.002094,-0.175300
2016-09-21,3257.7100,3266.6360,3270.9020,3254.3210,5914297900,68957744044.0000,0.002346,0.283400
2016-09-22,3281.4720,3291.1210,3303.1990,3277.9790,7575354200,89991761655.0000,0.003005,0.749600
2016-09-23,3292.2790,3275.6670,3293.9160,3275.0250,5799398600,68046257250.0000,0.002300,-0.469600
2016-09-26,3267.6900,3220.2840,3267.6900,3220.2840,7045218600,78700835132.0000,0.002795,-1.690700
2016-09-27,3214.8700,3240.7550,3240.7760,3214.4410,5846055000,66651130361.0000,0.002317,0.635700
2016-09-28,3243.6470,3230.8900,3243.6470,3227.9960,4472749800,51996404752.0000,0.001771,-0.304400
2016-09-29,3234.8570,3244.3870,3257.7670,3234.8030,5545255600,62220302312.0000,0.002196,0.417800
2016-09-30,3240.1770,3253.2850,3260.9400,3239.0360,4497802200,52655734553.0000,0.001781,0.274200
2016-10-10,3265.3650,3293.8690,3294.6410,3258.9580,8051926000,89607989896.0000,0.003189,1.247500
2016-10-11,3296.8670,3306.5570,3308.0040,3292.8770,8771316300,88213421183.0000,0.003474,0.385200
2016-10-12,3299.1390,3300.0100,3302.5610,3289.7530,6866978100,72386912616.0000,0.002719,-0.198000
2016-10-13,3299.1560,3302.6460,3307.4090,3292.3970,8122419800,79923748596.0000,0.003217,0.079900
2016-10-14,3298.7340,3305.8480,3306.6860,3285.7290,8231627100,81485597806.0000,0.003260,0.097000
2016-10-17,3305.9630,3277.8790,3309.0100,3271.5410,8611350900,88199418936.0000,0.003410,-0.846100
2016-10-18,3272.6810,3321.3330,3321.3330,3272.6810,10286071400,104625044142.0000,0.004073,1.325700
2016-10-19,3323.3040,3316.2410,3332.5200,3309.8310,10116772500,96354442199.0000,0.004006,-0.153300
2016-10-20,3317.1790,3318.6040,3324.9030,3312.1740,7923887100,82481095277.0000,0.003138,0.071300
2016-10-21,3315.7160,3327.7400,3341.5600,3309.1790,10978517600,107114926126.0000,0.004345,0.275300
2016-10-24,3332.5120,3367.5780,3382.8260,3330.9670,15301434500,150063007899.0000,0.006056,1.197100
2016-10-25,3367.4750,3367.4550,3373.9140,3356.5850,11119169300,110576512916.0000,0.004401,-0.003600
2016-10-26,3365.1980,3354.8000,3367.8310,3349.5740,9802478600,104719318220.0000,0.003880,-0.375800
2016-10-27,3351.4600,3345.6950,3352.3540,3335.1330,7762985100,85241012414.0000,0.003072,-0.271400
2016-10-28,3347.1440,3340.1260,3370.7490,3337.2890,9313330900,104797971448.0000,0.003686,-0.166500
2016-10-31,3332.4060,3336.2780,3340.4690,3317.3280,7135286300,80701820968.0000,0.002824,-0.115200
2016-11-01,3338.7100,3359.0520,3359.3940,3334.4570,7493819900,84717683750.0000,0.002966,0.682600
2016-11-02,3350.7100,3333.3520,3356.3970,3331.3840,9119710400,100348995733.0000,0.003609,-0.765100
2016-11-03,3326.9050,3365.0850,3379.9890,3324.8380,12622350400,137386468361.0000,0.004996,0.952000
2016-11-04,3362.2060,3354.1750,3377.6390,3348.4260,10406965500,110813764577.0000,0.004118,-0.324200
2016-11-07,3353.4440,3356.5920,3362.7420,3342.3120,9987798800,94370876771.0000,0.003953,0.072000
2016-11-08,3367.6980,3371.1180,3383.9170,3361.1290,10314828200,105138256061.0000,0.004082,0.432800
2016-11-09,3370.6000,3353.0550,3373.0960,3322.0800,13911005900,145186921690.0000,0.005505,-0.535800
2016-11-10,3374.9060,3390.6120,3403.0160,3374.9060,13470553500,133277399553.0000,0.005331,1.120100
2016-11-11,3387.9480,3417.2210,3422.6710,3382.8930,19878149600,190647270040.0000,0.007866,0.784800
2016-11-14,3409.2240,3430.2480,3452.6160,3408.1390,21324710500,208353308629.0000,0.008439,0.381200
2016-11-15,3428.8660,3429.8700,3434.9220,3415.9950,13456632000,135206770523.0000,0.005324,-0.011100
2016-11-16,3432.4340,3429.5920,3435.6370,3419.2430,12980851100,128944599173.0000,0.005136,-0.008100
2016-11-17,3423.4650,3436.5350,3437.6690,3412.8770,12156173100,121576882948.0000,0.004810,0.202400
2016-11-18,3437.4900,3417.4550,3443.1180,3413.2700,11595120500,117345607612.0000,0.004588,-0.555200
2016-11-21,3412.6520,3441.1110,3463.1420,3412.0800,14643452900,147542589349.0000,0.005794,0.692200
2016-11-22,3443.2200,3468.3640,3469.2190,3443.2200,16852344600,167250665827.0000,0.006668,0.792000
2016-11-23,3473.8950,3474.7290,3492.9560,3465.7640,16238850400,171247116196.0000,0.006425,0.183500
2016-11-24,3468.8070,3488.7400,3508.1650,3467.0110,14574630100,165071453531.0000,0.005767,0.403300
2016-11-25,3490.0400,3521.2980,3521.3030,3463.9480,15362150600,166832181108.0000,0.006076,0.933200
2016-11-28,3538.6750,3535.0810,3553.3600,3528.3200,20737548300,219859766828.0000,0.008201,0.391400
2016-11-29,3525.9010,3564.0400,3583.7190,3521.3790,23691835600,248322816339.0000,0.009370,0.819200
2016-11-30,3557.6360,3538.0010,3567.0690,3527.0230,17856017800,190681227631.0000,0.007062,-0.730600
2016-12-01,3543.9560,3565.0360,3575.9700,3543.2450,18017076100,199637742998.0000,0.007125,0.764100
2016-12-02,3559.7710,3528.9550,3562.5500,3516.7880,19635548000,203742147476.0000,0.007766,-1.012100
2016-12-05,3473.6880,3469.4070,3496.8840,3457.3430,18085235500,190175061733.0000,0.007149,-1.687400
2016-12-06,3466.2420,3459.1530,3477.5900,3456.8070,11552909000,125727753193.0000,0.004567,-0.295600
2016-12-07,3458.3690,3475.7470,3475.7470,3445.7560,11434510300,115282194223.0000,0.004520,0.479700
2016-12-08,3481.8070,3470.1430,3484.3400,3466.5120,11738392200,119188508676.0000,0.004640,-0.161300
2016-12-09,3464.8730,3493.7000,3507.9270,3461.7610,15030330800,152674867707.0000,0.005942,0.678900
2016-12-12,3489.2680,3409.1790,3495.8020,3400.7930,18746775100,199163540831.0000,0.007411,-2.419200
2016-12-13,3394.2070,3405.0350,3416.2150,3370.5960,12110509700,124454188749.0000,0.004787,-0.121600
2016-12-14,3399.4110,3378.9450,3412.2800,3378.2660,12400774400,126182669414.0000,0.004902,-0.766200
2016-12-15,3363.8600,3340.4340,3378.0370,3327.1430,11496066000,121507811540.0000,0.004544,-1.139800
2016-12-16,3335.3630,3346.0310,3356.2920,3330.4930,9077542200,98112206845.0000,0.003588,0.167600
2016-12-19,3342.3450,3328.9830,3344.8580,3324.9990,8164067800,86095693838.0000,0.003212,-0.509500
2016-12-20,3328.2990,3309.0640,3329.1020,3289.2680,8756959200,88527345889.0000,0.003445,-0.598300
2016-12-21,3313.7450,3338.5360,3342.4760,3313.7450,10825499500,106205485213.0000,0.004259,0.890600
2016-12-22,3335.1220,3335.6720,3340.3630,3322.7190,9227724900,92564877570.0000,0.003631,-0.085800
2016-12-23,3333.4010,3307.5990,3334.8940,3300.8840,9744471300,99575473231.0000,0.003834,-0.841600
2016-12-26,3293.2240,3322.4010,3322.4210,3267.0480,8979398200,95493219936.0000,0.003533,0.447500
2016-12-27,3319.2060,3316.3850,3330.2320,3315.8320,7548635900,79617133030.0000,0.002970,-0.181000
2016-12-28,3315.7530,3301.8890,3320.5470,3293.1740,6900043700,71759839566.0000,0.002715,-0.437100
2016-12-29,3297.0360,3297.7650,3312.1130,3288.0960,7008792300,75972960431.0000,0.002754,-0.124900
2016-12-30,3302.5990,3310.0810,3313.5500,3295.7510,7174411600,76921368838.0000,0.002819,0.373500
2017-01-03,3313.9530,3342.2270,3345.2630,3313.9530,8656789600,87612765768.0000,0.003399,0.971200
2017-01-04,3340.5580,3368.3120,3369.5660,3338.1530,9005082700,98014355468.0000,0.003535,0.780400
2017-01-05,3368.3400,3367.7890,3373.4120,3361.4620,8833635700,91189339582.0000,0.003468,-0.015500
2017-01-06,3366.8520,3347.6670,3368.8710,3346.8910,8745911400,91072256748.0000,0.003433,-0.597500
2017-01-09,3345.7480,3363.9010,3366.2220,3344.3470,8370794200,87916115243.0000,0.003281,0.485000
2017-01-10,3361.6390,3358.2710,3370.5050,3354.0880,8381916000,82533965080.0000,0.003286,-0.167400
2017-01-11,3355.8010,3334.4950,3366.6320,3334.2980,9107143800,86750457122.0000,0.003570,-0.708000
2017-01-12,3332.6860,3317.6240,3343.1280,3315.9630,8123913500,75031886874.0000,0.003184,-0.506000
2017-01-13,3317.9620,3319.9120,3338.1740,3309.3740,8418058900,84556101403.0000,0.003300,0.069000
2017-01-16,3314.1510,3319.4460,3322.7820,3264.2070,15777913500,153262520121.0000,0.006184,-0.014100
2017-01-17,3305.6000,3326.3560,3327.3770,3292.2040,6945332800,74754505696.0000,0.002722,0.208200
2017-01-18,3323.3390,3339.3650,3350.9620,3320.4060,7062322700,75680677264.0000,0.002768,0.391100
2017-01-19,3330.9520,3329.2890,3346.4960,3324.6840,6615980800,63869709163.0000,0.002593,-0.301700
2017-01-20,3326.9770,3354.8890,3358.4120,3326.3740,6530046200,70831324310.0000,0.002559,0.768900
2017-01-23,3359.0540,3364.0810,3378.7390,3355.8470,7555749800,76492660154.0000,0.002960,0.274000
2017-01-24,3363.1370,3364.4510,3371.3200,3355.8990,6619422600,66049651289.0000,0.002593,0.011000
2017-01-25,3361.6560,3375.9040,3376.4410,3357.2180,5837693100,62483395802.0000,0.002287,0.340400
2017-01-26,3378.2610,3387.9610,3395.8850,3378.2610,6531664700,66488818305.0000,0.002559,0.357100
2017-02-03,3390.9310,3364.4920,3392.4770,3362.5650,5518886100,57113853255.0000,0.002156,-0.692700
2017-02-06,3368.1080,3373.2050,3381.3350,3358.7520,6852136000,73408134768.0000,0.002676,0.259000
2017-02-07,3371.7700,3365.6850,3376.7100,3354.6250,6375446200,69758178999.0000,0.002490,-0.223000
2017-02-08,3361.7810,3383.2880,3383.6860,3347.4300,7540287900,82869735773.0000,0.002945,0.523000
2017-02-09,3381.8990,3396.2920,3406.5890,3379.7870,9755851500,102134228699.0000,0.003810,0.384400
2017-02-10,3398.3170,3413.4870,3422.3260,3398.0300,12376872000,121908580284.0000,0.004833,0.506300
2017-02-13,3416.9170,3436.2750,3439.5430,3416.8750,12014453800,125332998844.0000,0.004692,0.667600
2017-02-14,3438.5110,3435.8040,3440.6750,3424.4030,9480946500,98537165438.0000,0.003703,-0.013700
2017-02-15,3435.3880,3421.7130,3448.0320,3417.0810,12764333800,124653179488.0000,0.004985,-0.410100
2017-02-16,3421.8300,3440.9330,3440.9330,3418.3510,10827696200,101809767504.0000,0.004229,0.561700
2017-02-17,3443.6170,3421.4420,3457.5560,3419.6140,11460003600,118033129670.0000,0.004475,-0.566500
2017-02-20,3421.6430,3471.3930,3472.6040,3421.6430,13262886200,134681505159.0000,0.005178,1.459900
2017-02-21,3475.0580,3482.8230,3490.0850,3472.0170,11484200900,120675429543.0000,0.004474,0.329300
2017-02-22,3483.2010,3489.7570,3489.9460,3473.5240,10281599400,109232425841.0000,0.004007,0.199100
2017-02-23,3487.5740,3473.3230,3492.9620,3460.1180,9953633000,106555922466.0000,0.003879,-0.470900
2017-02-24,3468.9590,3473.8520,3473.8520,3455.2510,9553513300,99875164759.0000,0.003721,0.015200
2017-02-27,3471.1320,3446.2230,3472.8360,3441.3940,9867216000,106830874529.0000,0.003844,-0.795300
2017-02-28,3445.0270,3452.8100,3460.9090,3441.3590,7521526000,81979307361.0000,0.002930,0.191200
2017-03-01,3452.2060,3458.4380,3472.6960,3449.1090,10326035400,109317781348.0000,0.004022,0.163000
2017-03-02,3463.4830,3435.0960,3468.4710,3434.0010,8989807700,97876187925.0000,0.003502,-0.674900
2017-03-03,3424.6630,3427.8630,3428.8820,3412.8310,8099465200,90009618835.0000,0.003155,-0.210600
2017-03-06,3427.2530,3446.4840,3449.0340,3425.9040,8307088200,95178548496.0000,0.003234,0.543200
2017-03-07,3446.1630,3453.9570,3454.0390,3440.0570,8033472000,94483824245.0000,0.003128,0.216800
2017-03-08,3452.2010,3448.7310,3457.0350,3441.2580,7958769000,89124904682.0000,0.003099,-0.151300
2017-03-09,3442.8950,3426.9440,3443.0450,3414.6780,8457038100,90090049490.0000,0.003293,-0.631800
2017-03-10,3423.9780,3427.8920,3436.2390,3423.9370,7001619900,82161714923.0000,0.002726,0.027700
2017-03-13,3425.6720,3458.0980,3458.0980,3412.6880,9168412400,108489140923.0000,0.003565,0.881200
2017-03-14,3456.6580,3456.6930,3465.3920,3448.9030,7707796300,95317564129.0000,0.002997,-0.040600
2017-03-15,3452.2140,3463.6440,3463.9190,3445.2680,7910495400,94056256667.0000,0.003076,0.201100
2017-03-16,3472.2690,3481.5070,3492.1270,3472.2690,10633391300,124695573677.0000,0.004135,0.515700
2017-03-17,3485.3110,3445.8050,3488.4970,3441.4690,10375556000,122368918550.0000,0.004034,-1.025500
2017-03-20,3449.0520,3449.6130,3454.0630,3429.8250,8873432200,103769403897.0000,0.003449,0.110500
2017-03-21,3449.7700,3466.3470,3466.7030,3445.6420,8770785500,113528201390.0000,0.003409,0.485100
2017-03-22,3450.7540,3450.0500,3464.3330,3433.5000,10493589400,123865640377.0000,0.004079,-0.470100
2017-03-23,3452.4060,3461.9780,3470.8160,3435.6910,9431806200,115813813702.0000,0.003666,0.345700
2017-03-24,3464.1970,3489.6000,3499.3180,3461.1110,12564583300,141752526681.0000,0.004884,0.797800
2017-03-27,3488.7650,3478.0390,3505.9790,3474.5210,10701537700,124388012134.0000,0.004157,-0.331300
2017-03-28,3480.2490,3469.8090,3482.2920,3461.4680,8419482000,97495938765.0000,0.003271,-0.236600
2017-03-29,3472.9670,3465.1930,3483.0570,3455.5530,10485170600,114663468279.0000,0.004073,-0.133000
2017-03-30,3461.6160,3436.7580,3467.3050,3422.3660,11637692200,122088021630.0000,0.004521,-0.820600
2017-03-31,3434.8220,3456.0450,3456.3050,3430.8200,9157749100,100984904830.0000,0.003557,0.561200
2017-04-05,3476.4230,3503.8930,3504.5380,3475.1490,14339901700,160742981172.0000,0.005570,1.384500
2017-04-06,3507.9880,3514.0470,3517.7780,3495.7250,13676700400,145221644165.0000,0.005313,0.289800
2017-04-07,3514.4520,3517.4630,3526.8150,3506.3880,14029320400,144559675567.0000,0.005450,0.097200
2017-04-10,3519.4600,3505.1390,3522.7950,3502.0830,14188738000,155747834572.0000,0.005490,-0.350400
2017-04-11,3503.8290,3517.3280,3520.1320,3466.1390,16594583200,189457268655.0000,0.006420,0.347700
2017-04-12,3514.5720,3509.4390,3523.0970,3497.9990,18182453700,202154571423.0000,0.007034,-0.224300
2017-04-13,3500.2840,3514.5660,3518.4380,3496.5700,12998181300,133345929014.0000,0.005028,0.146100
2017-04-14,3516.8100,3486.5040,3517.4660,3476.9470,13547407800,130425385379.0000,0.005240,-0.798400
2017-04-17,3475.7380,3479.9420,3480.5700,3453.6760,11716496100,123884371227.0000,0.004531,-0.188200
2017-04-18,3474.8890,3462.7430,3489.0840,3462.6300,11092782300,126790853425.0000,0.004288,-0.494200
2017-04-19,3452.9900,3445.8760,3459.3520,3418.5140,12134926400,127050362407.0000,0.004688,-0.487100
2017-04-20,3444.5220,3461.5480,3465.6090,3440.7150,11418420800,133977258346.0000,0.004412,0.454800
2017-04-21,3461.3890,3466.7870,3475.5620,3449.5420,10441911000,115208831746.0000,0.004034,0.151300
2017-04-24,3458.2280,3431.2590,3458.2280,3403.9790,11466079100,122778154321.0000,0.004430,-1.024800
2017-04-25,3427.7320,3440.9740,3449.6720,3422.6520,9407214800,107599357209.0000,0.003633,0.283200
2017-04-26,3440.2530,3445.1830,3466.5650,3439.1500,11194002900,131316579235.0000,0.004323,0.122300
2017-04-27,3435.1020,3446.7200,3449.2720,3399.5390,12329842500,134610947828.0000,0.004762,0.044600
2017-04-28,3439.5730,3439.7530,3439.9040,3417.2380,10163235100,113761006698.0000,0.003923,-0.202100
2017-05-02,3427.9170,3426.5770,3436.3060,3418.6650,9279746200,101635858602.0000,0.003582,-0.383100
2017-05-03,3421.7590,3413.1280,3432.2250,3403.0780,9166962400,97854119098.0000,0.003538,-0.392500
2017-05-04,3404.9380,3404.3860,3421.3950,3391.2770,10348207500,106985952575.0000,0.003994,-0.256100
2017-05-05,3393.4830,3382.5500,3395.4530,3366.5570,10989533300,117464939578.0000,0.004242,-0.641400
2017-05-08,3369.1080,3358.8130,3374.1570,3339.5740,12374928700,126885426472.0000,0.004777,-0.701800
2017-05-09,3342.5980,3352.5320,3358.0460,3327.5900,7677166800,85528831749.0000,0.002963,-0.187000
2017-05-10,3350.6500,3337.7010,3369.4350,3336.0030,9208262800,102194980791.0000,0.003554,-0.442400
2017-05-11,3322.9460,3356.6460,3359.6000,3312.8920,10925289000,111576379054.0000,0.004216,0.567600
2017-05-12,3350.9370,3385.3790,3387.2680,3349.1670,9338646600,97522124594.0000,0.003604,0.856000
2017-05-15,3391.5880,3399.1940,3406.5810,3391.5880,8297761100,92183332845.0000,0.003202,0.408100
2017-05-16,3390.9250,3428.6490,3428.8530,3373.5520,10524241600,112814103201.0000,0.004057,0.866600
2017-05-17,3423.1900,3409.9660,3433.9690,3408.1540,9973683700,110553451835.0000,0.003845,-0.544900
2017-05-18,3387.6660,3398.1130,3409.9320,3383.9350,8575958900,88091166041.0000,0.003303,-0.347600
2017-05-19,3395.2320,3403.8490,3405.9450,3392.3780,7147352500,78397081602.0000,0.002753,0.168800
2017-05-22,3400.5880,3411.2390,3424.1770,3391.1750,9253955900,99021121578.0000,0.003564,0.217100
2017-05-23,3405.0250,3424.1940,3434.7660,3401.5340,11691103300,126767856025.0000,0.004501,0.379800
2017-05-24,3409.7170,3424.1670,3424.1670,3383.8920,8355316100,92620045548.0000,0.003217,-0.000800
2017-05-25,3414.3990,3485.6580,3490.4170,3413.2250,13072163100,136634020807.0000,0.005020,1.795800
2017-05-26,3479.6210,3480.4350,3498.3150,3473.0400,10324115300,112585907354.0000,0.003963,-0.149900
2017-05-31,3495.0730,3492.8840,3515.0810,3474.9210,10482974464,115968724992.0000,0.004011,0.357700
2017-06-01,3485.2220,3497.7380,3499.8140,3476.4280,10312772352,116088766464.0000,0.003946,0.139000
2017-06-02,3491.5890,3486.5070,3498.1180,3470.2010,8266800896,92850745344.0000,0.003163,-0.321100
2017-06-05,3480.1690,3468.7530,3484.1240,3462.3140,7973815296,85609467904.0000,0.003050,-0.509200
2017-06-06,3464.3760,3492.8810,3492.8810,3460.4530,6408938752,77868793856.0000,0.002451,0.695600
2017-06-07,3493.8840,3533.8710,3537.0940,3491.1320,10441996800,124189290496.0000,0.003991,1.173500
2017-06-08,3531.2410,3560.9780,3562.2720,3528.1790,9022490624,112035618816.0000,0.003445,0.767100
2017-06-09,3561.2410,3576.1700,3590.8870,3560.6330,10118826496,121700585472.0000,0.003862,0.426600
2017-06-12,3570.2190,3574.3890,3603.6900,3565.9010,9038116608,117690802176.0000,0.003448,-0.049800
2017-06-13,3569.1590,3582.2670,3584.4090,3559.2130,7517713920,94223085568.0000,0.002867,0.220400
2017-06-14,3571.2480,3535.2980,3571.2480,3530.2740,8381078272,106105319424.0000,0.003197,-1.311200
2017-06-15,3530.7460,3528.7920,3542.2790,3508.9460,8263253504,106053902336.0000,0.003152,-0.184000
2017-06-16,3522.9740,3518.7610,3536.1400,3514.3890,7645270784,91462287360.0000,0.002915,-0.284300
2017-06-19,3520.0600,3553.6650,3554.9100,3520.0600,7979714048,98572357632.0000,0.003041,0.991900
2017-06-20,3560.7870,3546.4940,3563.6960,3539.5140,8050956032,98187595776.0000,0.003067,-0.201800
2017-06-21,3567.1250,3587.9550,3587.9860,3545.5660,8785982464,117147795456.0000,0.003347,1.169100
2017-06-22,3583.5580,3590.3420,3635.5270,3581.3370,13552698624,169418805248.0000,0.005163,0.066500
2017-06-23,3583.4350,3622.8830,3623.2350,3569.3220,10512913408,133975113728.0000,0.004005,0.906300
2017-06-26,3627.0200,3668.0910,3671.9430,3627.0200,13463799552,170736840704.0000,0.005129,1.247800
2017-06-27,3665.5770,3674.7150,3676.5320,3648.7630,9755870208,123057229824.0000,0.003717,0.180600
2017-06-28,3664.1620,3646.1660,3672.1880,3644.0260,9792085760,124465946624.0000,0.003730,-0.776900
2017-06-29,3649.2520,3668.8270,3669.1340,3644.7330,8558949888,111847268352.0000,0.003258,0.621500
2017-06-30,3654.7340,3666.7970,3669.7580,3646.2270,8151002880,102459981824.0000,0.003102,-0.055400
2017-07-03,3667.2310,3650.8460,3667.5950,3633.7820,8882085888,115214688256.0000,0.003377,-0.435000
2017-07-04,3646.8280,3619.9840,3646.8450,3611.6910,9507141376,125350416384.0000,0.003615,-0.845300
2017-07-05,3611.8980,3659.6790,3660.7290,3610.4580,8823242496,120351563776.0000,0.003355,1.096600
2017-07-06,3654.5570,3660.0960,3666.7740,3629.5600,10237924608,132837126144.0000,0.003889,0.011400
2017-07-07,3647.6410,3655.9290,3657.1130,3631.8700,10373549824,123465392128.0000,0.003940,-0.113900
2017-07-10,3647.9370,3653.6860,3667.8450,3641.5270,12059191040,141034627072.0000,0.004581,-0.061400
2017-07-11,3646.8780,3670.8080,3701.2080,3645.9940,11876082688,145084362752.0000,0.004509,0.468600
2017-07-12,3672.6320,3658.8230,3691.5810,3640.5890,12228779264,143494598656.0000,0.004638,-0.326500
2017-07-13,3656.3500,3686.9200,3690.4830,3652.5650,12566955008,146388680704.0000,0.004766,0.767900
2017-07-14,3682.6150,3703.0940,3703.0940,3672.7420,10551400448,121021448192.0000,0.004002,0.438700
2017-07-17,3700.6170,3663.5570,3716.4700,3621.3650,17882160128,196217253888.0000,0.006781,-1.067700
2017-07-18,3648.4940,3667.1800,3667.5400,3622.0410,12462205696,141472284672.0000,0.004719,0.098900
2017-07-19,3660.8660,3729.7460,3731.0460,3658.2030,18247778816,198392451072.0000,0.006910,1.706100
2017-07-20,3725.1430,3747.8840,3750.1930,3723.0680,14241004032,169267150848.0000,0.005392,0.486300
2017-07-21,3738.1840,3728.5970,3751.6940,3722.0650,11794122496,141432631296.0000,0.004462,-0.514600
2017-07-24,3724.3770,3743.4680,3755.1900,3719.8480,13486872320,154701873152.0000,0.005103,0.398800
2017-07-25,3742.6400,3719.5590,3752.1550,3713.2760,12167205888,133531656192.0000,0.004603,-0.638700
2017-07-26,3722.8760,3705.3880,3738.5310,3684.1810,13632520960,146518003712.0000,0.005157,-0.381000
2017-07-27,3700.8550,3712.1940,3716.6880,3672.4970,14500290304,161631223808.0000,0.005485,0.183700
2017-07-28,3703.4890,3721.8910,3725.5370,3696.7770,11141139200,125817860096.0000,0.004214,0.261200
2017-07-31,3722.4280,3737.8730,3746.5200,3713.6550,14842903808,160890134528.0000,0.005614,0.429400
2017-08-01,3738.7360,3770.3820,3770.4040,3737.0950,15254653952,173127577600.0000,0.005768,0.869700
2017-08-02,3768.1930,3760.8520,3784.3510,3759.2760,17229338368,189336784896.0000,0.006515,-0.252800
2017-08-03,3755.1080,3727.8260,3766.3450,3718.4350,14615394304,164710461440.0000,0.005526,-0.878200
2017-08-04,3724.7220,3707.5790,3738.7310,3707.0030,15747005952,168292663296.0000,0.005954,-0.543100
2017-08-07,3701.2160,3726.7940,3730.7770,3689.9550,12423152896,134348537856.0000,0.004697,0.518300
2017-08-08,3724.3280,3732.2120,3737.3340,3718.8110,13724192768,146481868800.0000,0.005186,0.145400
2017-08-09,3728.0310,3731.0440,3738.9990,3713.5660,12467998976,137223598080.0000,0.004711,-0.031300
2017-08-10,3724.9620,3715.9200,3746.8610,3688.1760,13008512768,148005171200.0000,0.004915,-0.405400
2017-08-11,3687.9310,3647.3500,3700.4940,3645.0940,15038742016,161083469824.0000,0.005682,-1.845300
2017-08-14,3651.3750,3694.6830,3698.3660,3651.3750,11530845184,140233895936.0000,0.004357,1.297700
2017-08-15,3695.7800,3706.0560,3719.2930,3692.2800,10644485632,124790632448.0000,0.004021,0.307800
2017-08-16,3701.1330,3701.4200,3707.1440,3679.7330,10413414144,127282167808.0000,0.003934,-0.125100
2017-08-17,3707.0660,3721.2770,3722.6230,3704.4120,10865625088,137020002304.0000,0.004104,0.536500
2017-08-18,3707.1890,3724.6740,3733.4910,3700.4110,9656170496,123078164480.0000,0.003648,0.091300
2017-08-21,3731.8390,3740.9940,3744.2630,3728.6150,10031307264,123911716864.0000,0.003789,0.438200
2017-08-22,3745.7540,3752.2980,3758.2920,3734.5550,10029285632,131131076608.0000,0.003788,0.302200
2017-08-23,3747.6100,3756.0880,3772.4560,3741.7200,10496157184,124081156096.0000,0.003965,0.101000
2017-08-24,3755.8900,3734.6450,3765.7080,3729.0870,8994737152,107736018944.0000,0.003397,-0.570900
2017-08-25,3736.2910,3795.7540,3795.9690,3736.2910,12994089984,150697082880.0000,0.004905,1.636300
2017-08-28,3805.6560,3842.7110,3866.9420,3805.6560,18557632512,236446281728.0000,0.007002,1.237100
2017-08-29,3839.1770,3834.5370,3847.9300,3825.7590,12822706944,158978682880.0000,0.004838,-0.212700
2017-08-30,3834.2680,3834.3000,3854.7060,3827.8600,14135285760,166235123712.0000,0.005333,-0.006200
2017-08-31,3835.8390,3822.0920,3840.1990,3800.8860,13294493440,157079216128.0000,0.005016,-0.318400
2017-09-01,3825.3390,3830.5380,3843.6170,3818.1580,15864551168,182770434048.0000,0.005986,0.221000
2017-09-04,3828.5440,3845.6160,3847.0900,3813.5530,14956632064,175551070208.0000,0.005643,0.393600
2017-09-05,3845.5450,3857.0460,3865.2930,3841.9510,12496415488,145779757056.0000,0.004715,0.297200
2017-09-06,3846.7470,3849.4490,3858.2480,3831.3830,13139872256,155883315200.0000,0.004949,-0.197000
2017-09-07,3851.6880,3829.8710,3858.1610,3828.8350,12388418048,156113395712.0000,0.004666,-0.508600
2017-09-08,3830.0700,3825.9890,3843.0180,3813.9830,10603650304,134958583808.0000,0.003993,-0.101400
2017-09-11,3828.3420,3825.6450,3850.7400,3817.5100,12388399616,154793902080.0000,0.004666,-0.009000
2017-09-12,3832.2420,3837.9340,3849.3880,3822.0030,14419024128,187605311488.0000,0.005430,0.321200
2017-09-13,3835.5490,3842.6060,3847.7840,3822.9440,9541078528,126254362624.0000,0.003593,0.121700
2017-09-14,3843.5720,3829.9550,3854.4930,3820.0870,11535858432,143111639040.0000,0.004345,-0.329200
2017-09-15,3826.1440,3831.2960,3843.2970,3818.5230,12242700544,153477214208.0000,0.004611,0.035000
2017-09-18,3832.9620,3843.1420,3862.3580,3832.9620,11793440512,152841027584.0000,0.004442,0.309200
2017-09-19,3849.8790,3832.1160,3857.3030,3820.2880,11243298816,145528459264.0000,0.004234,-0.286900
2017-09-20,3830.1540,3842.4350,3850.9420,3827.8850,10112954112,135041884160.0000,0.003809,0.269300
2017-09-21,3843.2570,3837.8170,3860.7970,3837.3840,11109819136,144132894720.0000,0.004184,-0.120200
2017-09-22,3826.4580,3837.7300,3842.2520,3816.8220,10061980160,128360894464.0000,0.003788,-0.002300
2017-09-25,3829.2190,3817.7910,3835.3890,3811.1190,10394897664,135980240896.0000,0.003913,-0.519600
2017-09-26,3810.3330,3820.7810,3821.6920,3808.3820,8186940672,101036335104.0000,0.003082,0.078300
2017-09-27,3818.9640,3821.2000,3832.5660,3818.8140,8565581056,109299490816.0000,0.003225,0.011000
2017-09-28,3821.5900,3822.5380,3827.3300,3813.7530,9354406912,115646337024.0000,0.003522,0.035000
2017-09-29,3825.2020,3836.5010,3852.2230,3825.2020,9330602752,116056776704.0000,0.003510,0.365300
2017-10-09,3910.1140,3882.2070,3918.8390,3876.0320,13553585152,171941462016.0000,0.005097,1.191300
2017-10-10,3883.0030,3889.8630,3900.7410,3855.4660,11253258496,157979738112.0000,0.004232,0.197200
2017-10-11,3886.8180,3902.6860,3913.0690,3885.4970,10441815040,144152739840.0000,0.003927,0.329700
2017-10-12,3902.0150,3912.9530,3917.4430,3897.5470,9434092032,123147247616.0000,0.003548,0.263100
2017-10-13,3912.9750,3921.0010,3927.1740,3908.8880,9014206720,114314854400.0000,0.003390,0.205700
2017-10-16,3926.2750,3913.4460,3947.4230,3913.3220,12135503360,150823755776.0000,0.004563,-0.192700
2017-10-17,3910.7890,3913.0680,3924.6140,3900.4750,8224122624,106708451328.0000,0.003092,-0.009700
2017-10-18,3914.8150,3944.1620,3944.4100,3914.8150,10096984064,126420381696.0000,0.003796,0.794600
2017-10-19,3940.5830,3931.2490,3944.0340,3923.6450,10652725248,133189857280.0000,0.004005,-0.327400
2017-10-20,3918.5260,3926.8520,3928.9600,3910.1970,7298018048,94529638400.0000,0.002744,-0.111800
2017-10-23,3930.8910,3930.7980,3936.2720,3920.6560,8148497920,100280909824.0000,0.003064,0.100500
2017-10-24,3926.2290,3959.3950,3959.4950,3922.0280,9305815296,120192151552.0000,0.003498,0.727500
2017-10-25,3958.1660,3976.9490,3978.0890,3954.0010,8820545792,106820308992.0000,0.003316,0.443300
2017-10-26,3980.0470,3993.5750,4013.5980,3973.5530,12989546496,170488619008.0000,0.004883,0.418100
2017-10-27,3992.5530,4021.9670,4024.4640,3991.3540,12667284736,152974831616.0000,0.004762,0.710900
2017-10-30,4022.1640,4009.7210,4033.3390,3960.2690,15738760192,193489838080.0000,0.005917,-0.304500
2017-10-31,3995.3930,4006.7170,4009.2820,3983.2560,10917878016,142897205248.0000,0.004105,-0.074900
2017-11-01,4007.9110,3996.6220,4032.4580,3991.3230,13041737984,166477139968.0000,0.004903,-0.252000
2017-11-02,3994.0940,3997.1340,3999.2260,3971.3760,12610057984,151981363200.0000,0.004741,0.012800
2017-11-03,3992.3490,3992.6970,3999.3370,3963.0260,12940443904,158142058496.0000,0.004865,-0.111000
2017-11-06,3989.1820,4020.8890,4021.6380,3975.4060,12208115968,158911860736.0000,0.004590,0.706100
2017-11-07,4022.4010,4054.2460,4064.2170,4021.3630,15211666432,193990975488.0000,0.005718,0.829600
2017-11-08,4051.4930,4048.0050,4089.1450,4040.5770,15082771968,200949739520.0000,0.005670,-0.153900
2017-11-09,4043.0660,4075.8990,4076.6100,4038.4000,12105633536,159247200256.0000,0.004551,0.689100
2017-11-10,4070.2760,4111.9110,4116.7140,4067.6570,14181716480,198869835776.0000,0.005331,0.883500
2017-11-13,4115.5500,4128.0730,4137.6450,4115.5500,15144630784,205930795008.0000,0.005693,0.393100
2017-11-14,4129.2730,4099.3510,4133.5460,4086.8900,14323693568,199605010432.0000,0.005384,-0.695800
2017-11-15,4084.2130,4073.6690,4102.8070,4055.7160,12063569664,177753075712.0000,0.004534,-0.626500
2017-11-16,4063.4940,4105.0120,4107.6170,4062.2730,12138441472,172903882752.0000,0.004562,0.769400
2017-11-17,4094.0780,4120.8500,4122.3750,4081.3720,19178412032,253079314432.0000,0.007209,0.385800
2017-11-20,4093.7340,4143.8330,4144.5140,4060.9630,13744725760,191589638144.0000,0.005166,0.557700
2017-11-21,4131.8480,4217.7010,4220.2630,4129.9780,18035081984,253302198272.0000,0.006779,1.782600
2017-11-22,4228.3720,4227.5660,4260.6390,4191.1450,18647700224,254298361856.0000,0.007009,0.233900
2017-11-23,4213.3780,4102.3960,4214.1890,4086.9010,17814722816,237536706560.0000,0.006696,-2.960800
2017-11-24,4089.4720,4104.2030,4116.5940,4057.4890,13085804032,182912192512.0000,0.004918,0.044100
2017-11-27,4088.9310,4049.9470,4088.9310,4037.1450,14345526784,183004553216.0000,0.005392,-1.322000
2017-11-28,4034.2050,4055.8230,4056.4750,4010.2950,10205809408,135539646464.0000,0.003836,0.145100
2017-11-29,4061.3540,4053.7520,4069.2410,4004.6870,12455364096,165743341568.0000,0.004681,-0.051100
2017-11-30,4034.0090,4006.0990,4052.7970,3988.0010,10798334464,145829949440.0000,0.004059,-1.175500
2017-12-01,4003.5600,3998.1360,4027.1060,3984.3770,9738691328,136010928128.0000,0.003660,-0.198800
2017-12-04,3989.0460,4018.8570,4032.9850,3982.3180,10264721920,138223054848.0000,0.003858,0.518300
2017-12-05,4007.9360,4040.1700,4045.9330,4006.5430,15408707584,196337659904.0000,0.005791,0.530300
2017-12-06,4027.1230,4015.8210,4031.7530,3964.8080,10928620544,144114954240.0000,0.004107,-0.602700
2017-12-07,4003.5820,3971.0560,4017.9460,3955.9930,9025404416,119651201024.0000,0.003392,-1.114700
2017-12-08,3962.8280,4003.3790,4014.1380,3955.4400,8928286208,124371230720.0000,0.003356,0.814000
2017-12-11,4006.8780,4069.4990,4069.4990,4005.2680,9714894592,148476588032.0000,0.003651,1.651600
2017-12-12,4068.5050,4016.0160,4070.1500,4015.4540,8433871872,123515183104.0000,0.003170,-1.314200
2017-12-13,4013.8310,4050.0920,4052.6870,4004.7430,7754612992,115006382080.0000,0.002914,0.848500
2017-12-14,4050.9020,4026.1510,4057.6240,4013.8540,8076886272,115086946304.0000,0.003036,-0.591100
2017-12-15,4018.7310,3980.8550,4020.2660,3974.9270,8904438784,118474145792.0000,0.003346,-1.125000
2017-12-18,3983.2960,3985.2910,4008.0680,3967.9340,7785337600,111724351488.0000,0.002925,0.111400
2017-12-19,3985.8230,4035.3290,4035.6290,3985.8230,7752898560,115998203904.0000,0.002913,1.255600
2017-12-20,4036.0190,4030.4890,4044.8480,4015.6280,9060450304,126812876800.0000,0.003545,-0.119900
2017-12-21,4023.0760,4067.8480,4080.7810,4014.6520,9683608832,137819521024.0000,0.003789,0.926900
2017-12-22,4064.9130,4054.5980,4076.8020,4048.4910,7347368448,104426496000.0000,0.002875,-0.325700
2017-12-25,4057.4170,4041.5400,4086.9340,4026.4490,9192696320,129938837504.0000,0.003596,-0.322100
2017-12-26,4040.6170,4053.6220,4056.8550,4015.2990,9111878912,119725101056.0000,0.003563,0.298900
2017-12-27,4045.2790,3991.2070,4047.7360,3986.7380,10515357696,140516909056.0000,0.004112,-1.539700
2017-12-28,3992.9970,4018.8970,4036.6970,3980.2350,11854288640,153636696064.0000,0.004635,0.693800
2017-12-29,4022.8820,4030.8540,4043.1400,4012.8740,9048668416,121257037824.0000,0.003529,0.297500
2018-01-02,4045.2080,4087.4010,4087.7780,4045.2080,14693543424,178402033664.0000,0.005710,1.402900
2018-01-03,4091.4600,4111.3920,4140.0540,4088.7300,15185221888,205726887936.0000,0.005898,0.587000
2018-01-04,4114.1210,4128.8110,4137.6420,4105.8850,13454379520,174523555840.0000,0.005226,0.423700
2018-01-05,4133.3430,4138.7500,4151.2810,4123.2810,14900987136,185206292480.0000,0.005788,0.240700
2018-01-08,4140.8540,4160.1590,4166.3180,4127.3080,17387766528,226403872768.0000,0.006749,0.517300
2018-01-09,4157.5390,4189.2970,4191.2840,4153.5020,13903429376,181975080960.0000,0.005397,0.700400
2018-01-10,4187.2040,4207.8130,4211.0540,4175.1350,15112166656,194850254848.0000,0.005866,0.442000
2018-01-11,4197.1130,4205.5860,4211.7990,4181.9570,12157853952,170407305216.0000,0.004719,-0.052900
2018-01-12,4205.1440,4225.0010,4227.3920,4199.0250,11135479296,157606211584.0000,0.004323,0.461600
2018-01-15,4229.8350,4225.2390,4262.9310,4216.3580,17090789632,234986586112.0000,0.006634,0.005600
2018-01-16,4215.6240,4258.4730,4260.2110,4213.1270,16149496320,228271226880.0000,0.006268,0.786600
2018-01-17,4261.7830,4248.1160,4283.3440,4230.5360,21431103232,284554358784.0000,0.008318,-0.243200
2018-01-18,4259.3750,4271.4160,4292.6370,4246.6840,17203284736,225289687040.0000,0.006677,0.548500
2018-01-19,4281.9370,4285.3950,4316.5710,4269.6160,20949057024,258554724352.0000,0.008129,0.327300
2018-01-22,4276.4810,4336.5970,4338.4830,4275.8970,17464319488,233960222720.0000,0.006774,1.194800
2018-01-23,4346.8880,4382.6120,4383.5720,4346.7920,20186758400,257113358336.0000,0.007827,1.061100
2018-01-24,4389.4540,4389.8850,4397.8190,4349.0860,21981889024,284470808576.0000,0.008520,0.166000
2018-01-25,4381.9760,4365.0790,4392.1960,4336.2380,19537495040,250308091904.0000,0.007573,-0.565100
2018-01-26,4352.2210,4381.2990,4403.3370,4351.4870,17722723584,223331307520.0000,0.006869,0.371600
2018-01-29,4387.0570,4302.0180,4395.9050,4287.1120,19110035456,256176324608.0000,0.007406,-1.809500
2018-01-30,4286.6830,4256.1020,4308.5110,4251.5700,13903472896,186650566656.0000,0.005388,-1.067300
2018-01-31,4234.1100,4275.8980,4287.8570,4232.7720,14521016320,194401800192.0000,0.005628,0.465100
2018-02-01,4276.3420,4245.8970,4287.3880,4214.2900,19000293376,239230300160.0000,0.007364,-0.701600
2018-02-02,4213.9380,4271.2320,4271.7640,4181.7790,14606682624,191169867776.0000,0.005661,0.596700
2018-02-05,4204.4580,4274.1460,4274.1460,4200.1400,16134779904,217360146432.0000,0.006253,0.068200
2018-02-06,4182.3250,4148.8850,4211.5230,4131.5560,21491045120,279415083008.0000,0.008329,-2.930700
2018-02-07,4205.7360,4050.4970,4212.5670,4048.4220,20312749312,261507026944.0000,0.007872,-2.371400
2018-02-08,4022.8800,4012.0470,4071.6650,3974.6770,15926998528,199061770240.0000,0.006171,-0.949300
2018-02-09,3896.1690,3840.6520,3911.2910,3759.1460,20634982912,246774829056.0000,0.007995,-4.272000
2018-02-12,3846.2670,3890.1040,3907.8430,3828.0690,11618263808,149858041856.0000,0.004501,1.287600
2018-02-13,3925.5950,3935.6320,3986.9800,3925.5950,11256588544,144479354880.0000,0.004361,1.170400
2018-02-14,3945.0940,3966.9610,3971.4040,3923.1260,7108133888,93110202368.0000,0.002734,0.796000
2018-02-22,4020.9730,4052.7330,4058.7870,4009.9200,10581157120,138334363648.0000,0.004064,2.162200
2018-02-23,4061.7540,4071.0880,4085.2000,4035.2310,9945874688,128195833856.0000,0.003820,0.452900
2018-02-26,4093.3980,4118.4180,4128.7430,4048.9830,13788100096,179013095424.0000,0.005286,1.162600
2018-02-27,4120.8710,4058.9800,4120.8710,4051.8050,12593446912,169684901888.0000,0.004828,-1.443200
2018-02-28,4016.7910,4023.6410,4051.7120,3991.7060,10934359296,152493907968.0000,0.004191,-0.870600
2018-03-01,3994.8680,4049.0860,4061.0320,3986.8940,11019985152,146003456000.0000,0.004224,0.632400
2018-03-02,4014.9510,4016.4610,4044.4180,4006.9430,9616499968,130931179520.0000,0.003686,-0.805700
2018-03-05,4021.6570,4018.0970,4042.8340,3995.8710,8795254784,118197858304.0000,0.003371,0.040700
2018-03-06,4034.9850,4066.5640,4067.5520,3998.9310,13876244480,171370655744.0000,0.005318,1.206200
2018-03-07,4063.5020,4036.6530,4089.6960,4027.9360,10695242496,136572305408.0000,0.004099,-0.735500
2018-03-08,4038.9520,4077.6000,4078.2260,4029.7140,9115580928,123634638848.0000,0.003494,1.014400
2018-03-09,4088.0700,4108.8650,4110.6730,4076.4530,11370180864,150024118272.0000,0.004358,0.766800
2018-03-12,4130.7080,4127.6660,4139.5250,4112.7650,14090673920,190367592448.0000,0.005401,0.457600
2018-03-13,4124.3310,4091.2530,4130.2820,4087.5620,11176643072,141174161408.0000,0.004282,-0.882200
2018-03-14,4076.0620,4073.3440,4089.0940,4066.4890,9901340928,131537960960.0000,0.003794,-0.437700
2018-03-15,4058.7050,4096.1620,4098.9890,4058.7050,8816115712,126882451456.0000,0.003378,0.560200
2018-03-16,4096.8850,4056.4220,4110.0450,4055.8220,8489618688,122125340672.0000,0.003253,-0.970200
2018-03-19,4054.6160,4074.2470,4074.5180,4033.5210,8150288128,118183817216.0000,0.003125,0.439400
2018-03-20,4045.7420,4077.7040,4080.1920,4040.3080,8060528128,111980232704.0000,0.003090,0.084900
2018-03-21,4097.0240,4061.0500,4110.1150,4046.2400,9760948736,139330412544.0000,0.003742,-0.408400
2018-03-22,4062.0660,4020.3490,4072.3770,4003.7210,8909526016,127664336896.0000,0.003415,-1.002200
2018-03-23,3896.7350,3904.9350,3928.5110,3834.9370,18008044800,218905030656.0000,0.006902,-2.870700
2018-03-26,3862.6940,3879.8930,3883.9010,3829.9150,11513912832,156604526592.0000,0.004410,-0.641300
2018-03-27,3927.4920,3913.2680,3936.7780,3881.8720,11370071040,162291548160.0000,0.004354,0.860200
2018-03-28,3865.0450,3842.7150,3907.2810,3835.8820,10149490688,155848949760.0000,0.003887,-1.802900
2018-03-29,3854.5910,3894.0490,3913.9570,3794.2610,11662906624,164996784128.0000,0.004466,1.335900
2018-03-30,3893.7460,3898.4970,3915.3470,3879.2120,9751227136,137959280640.0000,0.003733,0.114200
2018-04-02,3897.0050,3886.9180,3937.0180,3882.8850,11124266496,159356080128.0000,0.004258,-0.297000
2018-04-03,3850.1540,3862.4790,3878.1500,3839.9330,9513736960,132049936384.0000,0.003642,-0.628700
2018-04-04,3873.6260,3854.8620,3898.6120,3852.4950,8873060864,131593068544.0000,0.003396,-0.197200
2018-04-09,3851.9540,3852.9290,3870.6730,3827.4130,8410546176,118167273472.0000,0.003219,-0.050100
2018-04-10,3860.7220,3927.1720,3927.4240,3851.7950,10617372160,137941299200.0000,0.004064,1.926900
2018-04-11,3934.1690,3938.3430,3958.7070,3924.9600,11193302016,139989291008.0000,0.004284,0.284500
2018-04-12,3935.6730,3898.6350,3937.7830,3896.1780,8269948928,108075565056.0000,0.003163,-1.008200
2018-04-13,3920.7370,3871.1440,3929.9520,3866.1860,7154420224,98921828352.0000,0.002736,-0.705100
2018-04-16,3862.4730,3808.8630,3869.1560,3789.6120,9921776896,131566866432.0000,0.003795,-1.608900
2018-04-17,3812.8740,3748.6410,3822.6260,3745.4440,9061079040,126518751232.0000,0.003465,-1.581100
2018-04-18,3785.3050,3766.2820,3789.6590,3708.1060,10667670528,143077675008.0000,0.004080,0.470600
2018-04-19,3774.7840,3811.8430,3824.0320,3767.7970,9905405952,127520120832.0000,0.003787,1.209700
2018-04-20,3801.2070,3760.8540,3815.4440,3750.1030,9928292608,123550662656.0000,0.003793,-1.337600
2018-04-23,3754.6890,3766.3250,3787.3950,3735.1840,9035629056,111763030016.0000,0.003452,0.145500
2018-04-24,3769.8780,3843.4880,3854.4290,3769.8780,11421952512,145700511744.0000,0.004363,2.048800
2018-04-25,3824.5920,3828.7010,3838.6920,3817.0320,7817261312,105750450176.0000,0.002986,-0.384700
2018-04-26,3823.3920,3755.4940,3828.7120,3744.8850,8715064064,125772304384.0000,0.003329,-1.912100
2018-04-27,3771.0360,3756.8760,3776.9750,3714.6440,8953172736,142113628160.0000,0.003420,0.036800
2018-05-02,3769.9250,3763.6460,3787.3020,3744.5470,8330103552,120083484672.0000,0.003182,0.180200
2018-05-03,3756.1650,3793.0000,3797.5260,3732.3710,9396111872,122740170752.0000,0.003585,0.779900
2018-05-04,3784.3160,3774.5980,3801.5240,3770.9380,7155428864,98315255808.0000,0.002729,-0.485200
2018-05-07,3782.5400,3834.1870,3834.5870,3776.0290,8728619520,126354800640.0000,0.003329,1.578700
2018-05-08,3834.6140,3878.6760,3892.0730,3833.7290,9421515776,135445864448.0000,0.003594,1.160300
2018-05-09,3876.1290,3871.6150,3878.9380,3855.7390,6671296512,92322897920.0000,0.002545,-0.182000
2018-05-10,3882.8350,3893.0560,3894.4900,3867.3080,7066780928,103255142400.0000,0.002695,0.553800
2018-05-11,3902.1480,3872.8380,3903.3370,3871.9520,7335660288,107715457024.0000,0.002798,-0.519300
2018-05-14,3886.8730,3909.2930,3919.2990,3886.8730,8197600000,122520047616.0000,0.003127,0.941300
2018-05-15,3920.1390,3924.0970,3924.3420,3892.9190,7604955392,106091905024.0000,0.002900,0.378700
2018-05-16,3909.8180,3892.8440,3923.3430,3889.1870,7191364608,106533928960.0000,0.002742,-0.796400
2018-05-17,3895.4890,3864.0500,3899.5130,3858.8520,5903012352,87104163840.0000,0.002249,-0.739700
2018-05-18,3860.1640,3903.0630,3903.0630,3841.8960,7261395712,96823853056.0000,0.002765,1.009600
2018-05-21,3925.5390,3921.2420,3937.4600,3913.6040,9264173824,120528728064.0000,0.003527,0.465800
2018-05-22,3918.8150,3906.2080,3918.8150,3881.1690,7536877824,102883344384.0000,0.002869,-0.383400
2018-05-23,3898.2680,3854.5820,3898.2680,3854.5820,8372231936,110684504064.0000,0.003187,-1.321600
2018-05-24,3853.2910,3827.2170,3859.1030,3823.9230,6834502144,93408219136.0000,0.002602,-0.709900
2018-05-25,3823.7440,3816.4980,3841.1240,3804.1340,7083638528,95667544064.0000,0.002696,-0.280100
2018-05-28,3816.2640,3833.2590,3846.5520,3799.3200,7152113152,100001640448.0000,0.002722,0.439200
2018-05-29,3824.1900,3804.0090,3841.7790,3800.6740,8155266304,117288579072.0000,0.003092,-0.763100
2018-05-30,3755.1760,3723.3720,3767.8870,3722.0710,8791328512,115858976768.0000,0.003332,-2.119800
2018-05-31,3749.2950,3802.3750,3804.7910,3742.5280,9266689536,130545422336.0000,0.003511,2.121800
2018-06-01,3789.6710,3770.5890,3802.5360,3753.8390,7782181376,105934864384.0000,0.002948,-0.835900
2018-06-04,3785.1860,3807.5780,3813.4060,3776.6180,7662434048,115146469376.0000,0.002903,0.981000
2018-06-05,3811.2850,3845.3160,3845.5640,3800.9250,7868736000,121261465600.0000,0.002980,0.991100
2018-06-06,3839.6830,3837.3510,3848.3290,3830.8950,7311723776,107142041600.0000,0.002769,-0.207100
2018-06-07,3846.9360,3831.0120,3859.8470,3827.6870,8025614592,112365711360.0000,0.003038,-0.165200
2018-06-08,3819.4470,3779.6150,3819.4600,3759.2710,8333733632,107818799104.0000,0.003155,-1.341600
2018-06-11,3770.2080,3779.9810,3792.5480,3756.5140,6870983424,105597923328.0000,0.002601,0.009700
2018-06-12,3783.1850,3825.9530,3830.4710,3765.2640,7320624384,116217139200.0000,0.002783,1.216200
2018-06-13,3814.6170,3788.3390,3817.4520,3782.0720,6637797120,97185497088.0000,0.002511,-0.983100
2018-06-14,3774.6390,3773.3650,3808.1610,3759.2480,6847132160,99234013184.0000,0.002590,-0.395300
2018-06-15,3763.0400,3753.4330,3780.3360,3737.4280,8548889344,109534900224.0000,0.003233,-0.528200
2018-06-19,3702.6680,3621.1160,3712.8160,3583.0200,16070654208,193848799232.0000,0.006078,-3.525200
2018-06-20,3602.5510,3635.4430,3649.3350,3578.1740,8671809792,112804814848.0000,0.003273,0.395700
2018-06-21,3633.5550,3592.9650,3673.5620,3589.4890,9390855168,115584147456.0000,0.003544,-1.168400
2018-06-22,3567.8930,3608.9040,3609.0750,3542.4560,7511786496,89687281664.0000,0.002835,0.443600
2018-06-25,3625.7980,3560.4770,3631.0250,3559.0340,7987707904,106690347008.0000,0.003015,-1.341900
2018-06-26,3521.5870,3531.1110,3541.7820,3478.2130,8498526976,108132167680.0000,0.003208,-0.824800
2018-06-27,3525.1320,3459.2620,3537.6560,3441.7850,8149181696,107628896256.0000,0.003071,-2.034700
2018-06-28,3434.9440,3423.5250,3477.0560,3416.9470,7591805184,98570526720.0000,0.002861,-1.033100
2018-06-29,3431.9610,3510.9840,3512.3830,3425.2150,7725703168,97616367616.0000,0.002912,2.554600
2018-07-02,3504.4570,3407.9630,3506.8990,3383.5000,8435144960,107601539072.0000,0.003163,-2.934200
2018-07-03,3410.4760,3409.2800,3422.0390,3319.2880,9527869184,129898020864.0000,0.003558,0.038600
2018-07-04,3398.7780,3363.7470,3418.3310,3359.0860,7515799808,93648560128.0000,0.002805,-1.335600
2018-07-05,3365.5540,3342.4370,3398.4850,3330.7110,8158798080,97544617984.0000,0.003045,-0.633500
2018-07-06,3347.0620,3365.1220,3396.2450,3295.7290,8609757952,109481943040.0000,0.003206,0.678700
2018-07-09,3378.9050,3459.1830,3459.3150,3378.9050,7660154624,100918861824.0000,0.002853,2.795200
2018-07-10,3464.9060,3467.5150,3474.1390,3437.2700,6954882304,90127446016.0000,0.002590,0.240900
2018-07-11,3398.9260,3407.5290,3427.5700,3375.1440,7204094976,89661505536.0000,0.002682,-1.729900
2018-07-12,3403.3300,3481.0550,3499.0970,3403.3300,9635356416,117805514752.0000,0.003587,2.157700
2018-07-13,3488.4960,3492.6890,3499.7640,3474.9120,7295589632,99800186880.0000,0.002716,0.334200
2018-07-16,3488.9670,3472.0850,3506.2350,3459.7310,6828199936,90754289664.0000,0.002542,-0.589900
2018-07-17,3466.4230,3449.3770,3467.1850,3420.9710,6198307584,85720563712.0000,0.002307,-0.654000
2018-07-18,3456.6060,3431.3220,3479.2630,3430.1560,6653032960,88556871680.0000,0.002474,-0.523400
2018-07-19,3444.8030,3428.3430,3466.5050,3417.9620,6847771648,88804909056.0000,0.002546,-0.086800
2018-07-20,3426.4550,3492.8930,3505.9280,3398.9530,10198472704,122196955136.0000,0.003792,1.882800
2018-07-23,3471.8550,3525.7500,3527.5330,3464.6470,11903662592,143960932352.0000,0.004426,0.940700
2018-07-24,3530.6640,3581.7050,3596.5120,3530.6640,15691243520,177448955904.0000,0.005834,1.587000
2018-07-25,3589.5050,3577.7520,3589.9840,3566.3140,9675849984,112176693248.0000,0.003591,-0.110400
2018-07-26,3583.3170,3536.2450,3593.9220,3528.6440,9034964224,105577283584.0000,0.003353,-1.160100
2018-07-27,3533.7710,3521.2260,3545.4050,3512.7030,7017810432,81192173568.0000,0.002605,-0.424700
2018-07-30,3520.8530,3515.0790,3550.9020,3489.5490,8211699456,96183099392.0000,0.003048,-0.174600
2018-07-31,3510.4740,3517.6560,3528.1540,3493.1540,6798081792,80022151168.0000,0.002523,0.073300
2018-08-01,3530.0290,3447.3880,3543.6060,3446.7760,9034861824,107477213184.0000,0.003353,-1.997600
2018-08-02,3434.3510,3370.9570,3434.3510,3322.0960,10130872832,122401284096.0000,0.003760,-2.217100
2018-08-03,3366.6630,3315.2830,3381.3410,3315.2000,7079691008,91395985408.0000,0.002627,-1.651600
2018-08-06,3312.8150,3273.2720,3344.2460,3257.6850,7797508352,97517989888.0000,0.002894,-1.267200
2018-08-07,3284.9780,3368.8690,3368.9620,3263.4980,9178391552,107512225792.0000,0.003406,2.920500
2018-08-08,3362.1480,3314.5070,3368.1600,3311.7690,7928486400,90958913536.0000,0.002942,-1.613700
2018-08-09,3303.4760,3397.5290,3408.3910,3299.6150,9195757312,108802314240.0000,0.003412,2.504800
2018-08-10,3398.4130,3405.0190,3424.0410,3380.5730,6896729856,85634523136.0000,0.002559,0.220500
2018-08-13,3369.9810,3390.3440,3396.1880,3336.6950,7619153152,90869288960.0000,0.002827,-0.431000
2018-08-14,3386.4830,3372.9130,3391.7290,3356.6140,6065144576,72121991168.0000,0.002250,-0.514100
2018-08-15,3371.9590,3291.9760,3372.1360,3288.7080,6817405440,83402194944.0000,0.002529,-2.399600
2018-08-16,3251.8550,3276.7270,3315.2030,3231.5560,7654736640,89269174272.0000,0.002839,-0.463200
2018-08-17,3305.8950,3229.6190,3311.5720,3224.0990,6739541248,84452454400.0000,0.002500,-1.437700
2018-08-20,3238.2150,3267.2490,3267.2490,3209.0110,7090422784,88963383296.0000,0.002630,1.165200
2018-08-21,3271.8400,3326.6480,3331.7070,3270.0300,7520558336,97925840896.0000,0.002789,1.818000
2018-08-22,3328.9690,3307.9540,3328.9690,3299.3930,5078705664,66548536320.0000,0.001884,-0.561900
2018-08-23,3308.4580,3320.0250,3336.1120,3285.8140,6111233536,80212787200.0000,0.002266,0.364900
2018-08-24,3308.4770,3325.3340,3353.0440,3291.8650,6376589824,77197848576.0000,0.002364,0.159900
2018-08-27,3339.3890,3406.5730,3406.5730,3339.2640,9427008256,114960965632.0000,0.003495,2.443000
2018-08-28,3408.1500,3400.1700,3416.5920,3388.8140,7544536320,94945951744.0000,0.002797,-0.188000
2018-08-29,3393.0520,3386.5730,3398.7130,3377.1230,6702040320,79072301056.0000,0.002484,-0.399900
2018-08-30,3385.8050,3351.0940,3402.5620,3349.4680,6838529024,80226054144.0000,0.002535,-1.047600
2018-08-31,3333.3800,3334.5030,3356.5750,3310.8720,7620562944,96091893760.0000,0.002825,-0.495100
2018-09-03,3320.6890,3321.8240,3325.6070,3291.7840,6642985472,81305681920.0000,0.002462,-0.380200
2018-09-04,3324.1860,3363.8980,3370.9630,3307.9580,6708880640,85892034560.0000,0.002487,1.266600
2018-09-05,3349.6980,3298.1410,3354.1990,3298.1410,6430188800,80656674816.0000,0.002383,-1.954800
2018-09-06,3286.6640,3262.8800,3311.4970,3253.7550,6230028800,79373139968.0000,0.002309,-1.069100
2018-09-07,3273.8900,3277.6430,3316.6140,3253.7250,6394740736,81263439872.0000,0.002370,0.452500
2018-09-10,3271.3810,3230.0680,3277.8840,3227.8480,6381705216,76175581184.0000,0.002365,-1.451500
2018-09-11,3229.7050,3224.2110,3245.6170,3209.1120,5849130496,67722118912.0000,0.002168,-0.181300
2018-09-12,3216.9910,3202.0240,3225.6010,3194.9780,5462789888,68887019520.0000,0.002025,-0.688100
2018-09-13,3239.6850,3236.5660,3249.5930,3191.3970,6729032704,85887963136.0000,0.002494,1.078800
2018-09-14,3242.8300,3242.0900,3254.1040,3227.9430,6013063936,76481212416.0000,0.002229,0.170700
2018-09-17,3224.9260,3204.9220,3230.7870,3200.5090,5225954816,60650940928.0000,0.001937,-1.146400
2018-09-18,3193.6420,3269.4310,3270.1070,3193.6420,7042503424,83899138048.0000,0.002610,2.012800
2018-09-19,3261.9970,3312.4820,3335.9910,3258.3090,8917066496,109395423232.0000,0.003305,1.316800
2018-09-20,3314.8750,3310.1250,3332.3090,3303.0730,6456105728,76660846592.0000,0.002392,-0.071200
2018-09-21,3320.6950,3410.4850,3410.4850,3307.7670,10841600512,123573116928.0000,0.004014,3.031900
2018-09-25,3375.9710,3379.8040,3394.3770,3367.0250,6905469184,82870030336.0000,0.002556,-0.899600
2018-09-26,3388.5570,3417.2410,3448.2590,3383.2350,9317334272,119113318400.0000,0.003449,1.107700
2018-09-27,3415.9530,3403.5900,3423.7100,3394.7320,6976524032,87573299200.0000,0.002583,-0.399500
2018-09-28,3409.9590,3438.8640,3444.9880,3404.6970,8437775616,94880276480.0000,0.003124,1.036400
2018-10-08,3361.5590,3290.8980,3364.4640,3285.2530,9788898816,114164219904.0000,0.003623,-4.302800
2018-10-09,3290.1700,3288.6900,3309.7970,3276.1320,6672327424,78372941824.0000,0.002470,-0.067100
2018-10-10,3295.4280,3281.5970,3315.7310,3256.5810,6449282816,79166808064.0000,0.002387,-0.215700
2018-10-11,3179.5400,3124.1130,3209.5200,3099.0400,12094134272,125723082752.0000,0.004476,-4.799000
2018-10-12,3123.3710,3170.7260,3184.1220,3094.9650,9861115136,104423075840.0000,0.003650,1.492000
2018-10-15,3173.8460,3126.4510,3183.1290,3120.2300,6960502272,77137698816.0000,0.002576,-1.396400
2018-10-16,3128.5760,3100.9730,3166.0910,3089.3660,6888772096,75206471680.0000,0.002550,-0.814900
2018-10-17,3140.6830,3118.2460,3149.1340,3062.5540,7683713792,86132695040.0000,0.002844,0.557000
2018-10-18,3097.7900,3044.3910,3097.7900,3043.3810,7377196800,79703732224.0000,0.002731,-2.368500
2018-10-19,3017.7480,3134.9450,3137.7470,3009.4980,9883968768,110951370752.0000,0.003658,2.974500
2018-10-22,3159.5610,3270.2730,3297.3800,3159.5610,14586204416,170651308032.0000,0.005399,4.316800
2018-10-23,3273.1270,3183.4250,3276.0200,3163.5700,12101324032,142589177856.0000,0.004479,-2.655700
2018-10-24,3169.4570,3188.2010,3245.3970,3164.2930,11090974464,120954388480.0000,0.004105,0.150000
2018-10-25,3107.8400,3194.3080,3197.3210,3099.8880,10695181824,113291747328.0000,0.003956,0.191600
2018-10-26,3204.2840,3173.6350,3218.1020,3151.9240,10129935360,106070368256.0000,0.003746,-0.647200
2018-10-29,3157.4870,3076.8880,3158.8110,3062.5800,9183979008,108479492096.0000,0.003396,-3.048500
2018-10-30,3061.9300,3110.2600,3146.6270,3050.7700,11607010048,131767103488.0000,0.004288,1.084600
2018-10-31,3116.6580,3153.8230,3168.9180,3106.0270,11120745472,117099696128.0000,0.004108,1.400600
2018-11-01,3185.2020,3177.0330,3217.8030,3173.0990,13265337856,145919303680.0000,0.004899,0.735900
2018-11-02,3258.6090,3290.2450,3290.2450,3222.4350,15346610432,178340642816.0000,0.005663,3.563500
2018-11-05,3269.4690,3262.8350,3279.8780,3230.3630,10970668288,123630923776.0000,0.004048,-0.833100
2018-11-06,3254.9770,3243.1500,3254.9770,3213.8950,8386913792,91703898112.0000,0.003094,-0.603300
2018-11-07,3243.8770,3221.9100,3270.5000,3218.4210,9161552896,101814919168.0000,0.003378,-0.654900
2018-11-08,3251.7280,3212.7730,3253.5730,3207.7080,7641454080,85221666816.0000,0.002817,-0.283600
2018-11-09,3193.3030,3167.4440,3193.3030,3166.3100,8428276224,88194191360.0000,0.003108,-1.410900
2018-11-12,3160.2460,3205.1400,3206.5120,3152.4390,8806239232,97363050496.0000,0.003247,1.190100
2018-11-13,3164.9220,3237.3820,3254.7680,3161.0970,12649346304,125603045376.0000,0.004663,1.006000
2018-11-14,3233.6400,3204.9420,3239.2440,3200.2280,11380865792,105386565632.0000,0.004196,-1.002000
2018-11-15,3201.2810,3242.3710,3242.3830,3198.7810,9855880960,100119191552.0000,0.003633,1.167900
2018-11-16,3242.8790,3257.6730,3282.3900,3223.7210,12687683584,135379804160.0000,0.004677,0.471900
2018-11-19,3258.7910,3294.6030,3294.6030,3251.0660,11595659520,123188776960.0000,0.004275,1.133600
2018-11-20,3268.0760,3218.4070,3278.7840,3213.6830,10936115456,114155065344.0000,0.004032,-2.312800
2018-11-21,3187.1020,3226.4910,3230.2570,3185.2390,8411972608,87813275648.0000,0.003102,0.251200
2018-11-22,3232.9730,3214.4270,3235.4520,3199.6980,6509829120,70083371008.0000,0.002400,-0.373900
2018-11-23,3208.5930,3143.4750,3212.1950,3139.3850,8463825408,86864945152.0000,0.003121,-2.207300
2018-11-26,3148.6720,3141.2430,3169.4410,3131.6360,5937914112,61899479552.0000,0.002189,-0.071000
2018-11-27,3152.7740,3137.2410,3162.0120,3126.2890,5540783104,61946260992.0000,0.002043,-0.127400
2018-11-28,3137.7470,3178.9320,3179.4100,3126.6170,7488195584,77620551680.0000,0.002761,1.328900
2018-11-29,3198.8250,3137.6540,3204.8560,3137.6540,8049846528,86927613952.0000,0.002968,-1.298500
2018-11-30,3136.1960,3172.6900,3175.1540,3132.4230,7092104448,77297696768.0000,0.002615,1.116600
2018-12-03,3260.6860,3260.9500,3273.6390,3228.3610,12148715776,145828417536.0000,0.004479,2.781900
2018-12-04,3256.2280,3267.7090,3267.9400,3243.6950,7941504000,90543599616.0000,0.002927,0.207300
2018-12-05,3224.2550,3252.0040,3266.9030,3219.9780,7615305216,90909093888.0000,0.002807,-0.480600
2018-12-06,3218.1130,3181.6730,3223.5210,3179.8940,7632877056,95678881792.0000,0.002811,-2.162700
2018-12-07,3187.4910,3181.5640,3193.8190,3176.7060,5336192512,66323970560.0000,0.001965,-0.003400
2018-12-10,3153.5220,3144.7630,3170.1520,3134.3840,6343727360,73717202944.0000,0.002337,-1.156700
2018-12-11,3148.2250,3159.8150,3161.9550,3143.6070,5322387712,60014969856.0000,0.001960,0.478600
2018-12-12,3181.5660,3170.6090,3182.2100,3160.2780,5330991360,60536223488.0000,0.001964,0.341600
2018-12-13,3178.8910,3219.6920,3234.0810,3169.4230,9044275456,103375478784.0000,0.003331,1.548100
2018-12-14,3207.3480,3165.9100,3210.7220,3165.9100,8430125056,91576901632.0000,0.003105,-1.670400
2018-12-17,3158.2840,3161.1960,3167.5120,3134.3650,6649700608,77151490048.0000,0.002448,-0.148900
2018-12-18,3139.9490,3128.4260,3165.0010,3114.4680,6382031872,72035450880.0000,0.002381,-1.036600
2018-12-19,3133.7410,3091.1250,3137.0090,3086.7570,5552229888,67872922368.0000,0.002072,-1.192300
2018-12-20,3083.5440,3067.4160,3097.7200,3044.2920,6974946304,78181425152.0000,0.002602,-0.767000
2018-12-21,3055.3250,3029.3950,3057.4000,3007.6090,7675810048,84824064000.0000,0.002863,-1.239500
2018-12-24,3015.4970,3038.1980,3040.3520,3007.3290,5729961472,63880740608.0000,0.002137,0.290600
2018-12-25,3006.8780,3017.2810,3030.1410,2964.8750,7868942592,80413569024.0000,0.002935,-0.688500
2018-12-26,3012.8690,3002.0320,3029.0600,2996.4820,5564703232,58574969088.0000,0.207541,-0.505400
2018-12-27,3042.9490,2990.5050,3047.2340,2990.5050,8054178560,81159270400.0000,0.300387,-0.384000
2018-12-28,2994.7950,3010.6530,3024.3520,2984.8170,7105377792,78145310720.0000,0.264968,0.673700
2019-01-02,3017.0670,2969.5350,3018.7750,2958.4880,6866302208,76105572352.0000,0.256006,-1.365800
2019-01-03,2963.0180,2964.8420,3000.4410,2953.2540,7086710272,76664799232.0000,0.263269,-0.158000
2019-01-04,2940.1910,3035.8740,3036.8140,2935.8290,10331897088,107141038080.0000,0.383827,2.395800
2019-01-07,3055.1530,3054.3030,3061.7490,3035.9120,10116435968,105703940096.0000,0.375687,0.607000
2019-01-08,3049.8740,3047.7030,3055.5100,3038.5330,8617058560,79628881920.0000,0.320006,-0.216100
2019-01-09,3065.2300,3078.4750,3117.9610,3062.8470,10736434944,117129678848.0000,0.398705,1.009700
2019-01-10,3077.4810,3072.6860,3092.5410,3062.5720,8527175680,90206871552.0000,0.316663,-0.188000
2019-01-11,3082.2610,3094.7780,3102.8330,3071.0260,7178642432,77420240896.0000,0.266600,0.719000
2019-01-14,3092.4980,3067.7840,3097.4060,3064.3820,6612170240,68115969024.0000,0.245617,-0.872200
2019-01-15,3071.5180,3127.9900,3129.3700,3064.6700,8877296128,99976892416.0000,0.329623,1.962500
2019-01-16,3126.1340,3128.6510,3135.0110,3117.2920,8021434112,85781590016.0000,0.297836,0.021100
2019-01-17,3132.6280,3111.4160,3141.7090,3110.0600,8017487104,82888208384.0000,0.297690,-0.550900
2019-01-18,3124.5020,3168.1730,3171.6860,3120.3450,10396383488,106780659712.0000,0.386007,1.824200
2019-01-21,3170.8770,3185.6360,3199.2130,3170.8770,9391502336,105536987136.0000,0.348681,0.551200
2019-01-22,3181.9490,3143.3170,3181.9490,3135.3370,7299052800,78150877184.0000,0.270979,-1.328400
2019-01-23,3136.0960,3141.0530,3157.6260,3131.8670,5987047936,62669651968.0000,0.222264,-0.072000
2019-01-24,3146.6040,3158.7810,3165.6290,3125.3000,7293463552,80963878912.0000,0.270761,0.564400
2019-01-25,3165.1810,3184.4690,3203.1740,3164.4080,8396772864,93207953408.0000,0.311721,0.813200
2019-01-28,3203.1180,3183.7770,3228.8670,3174.7240,8262243072,97371496448.0000,0.306566,-0.021700
2019-01-29,3177.2610,3193.9690,3200.9890,3148.2340,7765833472,85943910400.0000,0.288147,0.320100
2019-01-30,3181.6550,3168.4820,3202.8960,3167.8930,6374651648,73005121536.0000,0.236528,-0.798000
2019-01-31,3182.6980,3201.6330,3216.0670,3178.0100,8624783872,97509924864.0000,0.320057,1.046300
2019-02-01,3225.7330,3247.3970,3247.4950,3207.7160,8201964032,94766411776.0000,0.304197,1.429400
2019-02-11,3239.8070,3306.4720,3307.0630,3239.8070,9881843456,114752356352.0000,0.366500,1.819100
2019-02-12,3306.3520,3330.3350,3335.3600,3298.6330,12223246336,122834100224.0000,0.453235,0.721700
2019-02-13,3337.7790,3397.0270,3405.5770,3329.1430,16382833152,168866263040.0000,0.607651,2.002600
2019-02-14,3392.8540,3402.1400,3415.3990,3381.9820,15112729088,138649288704.0000,0.560542,0.150500
2019-02-15,3391.2420,3338.7040,3395.0290,3335.8700,14366860288,141555060736.0000,0.532359,-1.864600
2019-02-18,3366.4230,3445.7440,3445.7440,3366.4230,18288609024,180449742848.0000,0.677677,3.206000
2019-02-19,3454.7210,3439.6070,3480.7930,3419.0730,17908378624,185762746368.0000,0.662874,-0.178100
2019-02-20,3449.9320,3451.9270,3463.7730,3421.5050,14739031040,145570263040.0000,0.545561,0.358200
2019-02-21,3450.1410,3442.7050,3500.2510,3431.6310,18014328832,185197154304.0000,0.666752,-0.267200
2019-02-22,3439.3780,3520.1180,3520.1180,3417.9780,18723797504,202869288960.0000,0.693011,2.248600
2019-02-25,3575.8520,3729.4830,3729.4830,3574.6880,34255712256,376382394368.0000,1.267882,5.947700
2019-02-26,3734.7050,3684.6930,3762.1120,3679.2700,35803869696,387632861184.0000,1.325183,-1.201000
2019-02-27,3682.8110,3678.3920,3737.6310,3638.3330,28623600640,307306147840.0000,1.059425,-0.171000
2019-02-28,3675.2640,3669.3700,3695.4640,3650.0530,18481021952,206010957824.0000,0.684025,-0.245300
2019-03-01,3699.2150,3749.7140,3749.7140,3668.7650,20471100416,235620622336.0000,0.757680,2.189600
2019-03-04,3783.0360,3794.1040,3886.5790,3764.7760,32349012736,376397283328.0000,1.197307,1.183800
2019-03-05,3785.3760,3816.0130,3816.1620,3770.7850,23085316608,261464121344.0000,0.854437,0.577400
2019-03-06,3822.8580,3848.0900,3855.1550,3787.5220,31807737088,331155615744.0000,1.177273,0.840600
2019-03-07,3841.1450,3808.8490,3845.1820,3778.8000,32984654848,359339151360.0000,1.220833,-1.019800
2019-03-08,3721.4010,3657.5790,3774.5430,3656.1910,31799007744,349296693248.0000,1.176950,-3.971500
2019-03-11,3663.9770,3729.9540,3731.9090,3650.8120,23091286528,268718460928.0000,0.854658,1.978800
2019-03-12,3758.3150,3755.3510,3804.7200,3723.6780,27492638208,325180620800.0000,1.017544,0.680900
2019-03-13,3758.7130,3724.1940,3763.0920,3708.8140,23368224768,286171049984.0000,0.864893,-0.829700
2019-03-14,3710.2930,3698.4850,3747.8190,3673.8500,19081723648,231820148736.0000,0.706243,-0.690300
2019-03-15,3713.9360,3745.0050,3782.2360,3713.9360,17517454336,224194363392.0000,0.648289,1.257800
2019-03-18,3753.6430,3851.7470,3851.7470,3733.6780,21692805888,276473450496.0000,0.802725,2.850300
2019-03-19,3856.5880,3833.9620,3868.3350,3815.2180,18172710912,224096890880.0000,0.672467,-0.461700
2019-03-20,3825.3350,3835.4390,3855.1460,3790.5110,17563208960,215406993408.0000,0.649913,0.038500
2019-03-21,3840.2780,3836.8910,3864.0690,3823.4660,19631031040,231993446400.0000,0.726431,0.037900
2019-03-22,3838.1250,3833.8010,3845.5800,3786.5910,17135699200,198518386688.0000,0.634026,-0.080500
2019-03-25,3776.4420,3742.8250,3807.1790,3741.6060,19858632960,223396564992.0000,0.734776,-2.373000
2019-03-26,3766.5280,3700.4380,3770.8430,3687.5470,17304657920,196547809280.0000,0.640159,-1.132500
2019-03-27,3724.4050,3743.3870,3750.2640,3703.4500,13875845376,177507528704.0000,0.513315,1.160600
2019-03-28,3731.0610,3728.3950,3755.7160,3710.0810,13327212800,172604391424.0000,0.493020,-0.400500
2019-03-29,3739.7730,3872.3410,3876.3790,3739.7730,21563910400,283022299136.0000,0.797508,3.860800
2019-04-01,3901.1690,3973.9280,3982.9090,3901.1690,27138270464,340799401984.0000,1.003493,2.623400
2019-04-02,3986.3440,3971.2850,3988.0970,3956.5050,22600034048,281892057088.0000,0.835603,-0.066500
2019-04-03,3947.8690,4022.1560,4026.4970,3939.7830,23191736832,284826497024.0000,0.857481,1.281000
2019-04-04,4039.7410,4062.2300,4072.1130,4021.7050,26041093888,313539432448.0000,0.962832,0.996300
2019-04-08,4097.1020,4057.2280,4122.6030,4017.4880,26750557696,324670451712.0000,0.989062,-0.123100
2019-04-09,4063.8130,4075.4300,4084.2430,4038.2820,18295680768,243187912704.0000,0.676456,0.448600
2019-04-10,4062.4420,4085.8470,4115.3780,4035.4740,19468761344,278282027008.0000,0.719824,0.255600
2019-04-11,4083.4610,3997.5770,4097.1240,3990.2390,16904964096,236259155968.0000,0.625032,-2.160400
2019-04-12,3986.7820,3988.6160,4006.9330,3961.4640,13586211840,178795937792.0000,0.502181,-0.224200
2019-04-15,4056.4910,3975.5240,4085.3880,3974.2260,18264557056,236298723328.0000,0.675009,-0.328200
2019-04-16,3958.0960,4085.7890,4085.7890,3943.4870,20204196608,250569207808.0000,0.745661,2.773600
2019-04-17,4080.7170,4087.2390,4106.6150,4057.5030,18036711680,228824428544.0000,0.665626,0.035500
2019-04-18,4085.1140,4072.0750,4094.0530,4056.2350,14656212224,187812687872.0000,0.540327,-0.371000
2019-04-19,4076.2950,4120.6070,4120.6350,4046.2040,15079491072,194701692928.0000,0.555932,1.191800
2019-04-22,4125.9710,4025.6100,4126.0900,4015.4740,18935374592,244380549120.0000,0.698062,-2.305400
2019-04-23,4021.6270,4019.0050,4061.0850,4005.2830,15561165056,204121505792.0000,0.573670,-0.164100
2019-04-24,4033.6290,4030.0880,4044.3370,3967.8050,14549869568,186497961984.0000,0.535033,0.275800
2019-04-25,4013.6020,3941.8160,4022.5630,3938.3250,15972207104,197530996736.0000,0.587317,-2.190300
2019-04-26,3921.8900,3889.2740,3943.8330,3887.2520,14200806912,186572136448.0000,0.522180,-1.332900
2019-04-29,3896.5820,3900.3330,3953.2280,3875.4520,15387092736,203946553344.0000,0.565806,0.284300
2019-04-30,3887.1790,3913.2110,3923.1080,3885.1470,11623337728,161665925120.0000,0.427407,0.330200
2019-05-06,3775.0760,3684.6160,3791.6110,3647.1400,19747288320,254115401728.0000,0.726055,-5.841600
2019-05-07,3702.2650,3720.6680,3738.1760,3671.8340,13284765440,183659159552.0000,0.488389,0.978400
2019-05-08,3648.5480,3667.4570,3722.9320,3642.4980,11286735616,145058488320.0000,0.414843,-1.430100
2019-05-09,3637.3460,3599.7000,3656.8960,3584.8220,10103739392,141829095424.0000,0.371278,-1.847500
2019-05-10,3643.0550,3730.4510,3732.9230,3589.2900,14800384768,195067170816.0000,0.543825,3.632300
2019-05-13,3675.7590,3668.7250,3702.9010,3658.0000,10339185920,135053926400.0000,0.379311,-1.654600
2019-05-14,3630.4380,3645.1500,3683.2610,3630.4380,10231345920,135262867456.0000,0.375354,-0.642600
2019-05-15,3674.9930,3727.0920,3741.0400,3674.9930,11016176896,152534548480.0000,0.404144,2.248000
2019-05-16,3720.0390,3743.9630,3745.1400,3707.9030,11625827328,139851939840.0000,0.426458,0.452700
2019-05-17,3744.8750,3648.7600,3745.3550,3637.5820,12845324544,154092351488.0000,0.471186,-2.542800
2019-05-20,3635.7350,3617.7920,3644.5000,3583.8320,10896347648,134194262016.0000,0.399660,-0.848700
2019-05-21,3619.4360,3666.7760,3690.0880,3610.6810,11102291968,133071380480.0000,0.407209,1.354000
2019-05-22,3663.1530,3649.3790,3679.2720,3634.7470,9834612736,121775243264.0000,0.360632,-0.474400
2019-05-23,3629.5280,3583.9640,3631.4740,3578.1120,9989778176,125611970560.0000,0.366199,-1.792500
2019-05-24,3584.9010,3593.9130,3623.3900,3580.7850,8093404928,101337497600.0000,0.296678,0.277600
2019-05-27,3592.6020,3637.1970,3648.0260,3556.2560,10883087104,133399052288.0000,0.398938,1.204400
2019-05-28,3633.0180,3672.2600,3683.2300,3627.7870,11788624128,148966334464.0000,0.431965,0.964000
2019-05-29,3642.5410,3663.9090,3693.2270,3637.3480,9335544064,120002035712.0000,0.342078,-0.227400
2019-05-30,3648.8490,3641.1830,3650.9710,3612.6240,9420256000,112864079872.0000,0.345182,-0.620300
2019-05-31,3640.9960,3629.7890,3668.1790,3627.5440,8922226688,108264202240.0000,0.326940,-0.312900
2019-06-03,3640.6120,3632.0120,3672.8130,3613.1270,10072317952,123902447616.0000,0.369082,0.061200
2019-06-04,3632.5600,3598.4660,3636.1280,3584.4610,8709709312,109467238400.0000,0.319151,-0.923600
2019-06-05,3627.7940,3597.1050,3634.4530,3593.9510,8864201984,114634227712.0000,0.324819,-0.037800
2019-06-06,3601.0350,3564.6770,3601.0350,3557.0160,8553440256,104367267840.0000,0.313201,-0.901500
2019-06-10,3578.0080,3610.7430,3623.7300,3568.2780,9237506048,117346607104.0000,0.337876,1.292300
2019-06-11,3617.5230,3719.2750,3723.1410,3617.5230,14348280576,180899074048.0000,0.524715,3.005800
2019-06-12,3706.8630,3691.0950,3711.8790,3683.9390,11917885184,132296097792.0000,0.435836,-0.757700
2019-06-13,3689.5830,3685.3930,3697.5910,3654.2740,9633171712,110459904000.0000,0.352235,-0.154500
2019-06-14,3690.4760,3654.8790,3709.6520,3650.9090,10181700352,116584259584.0000,0.372066,-0.828000
2019-06-17,3654.4430,3654.8240,3683.7740,3645.4980,7297667840,93092581376.0000,0.266676,-0.001500
2019-06-18,3661.1290,3667.6180,3675.6450,3638.7800,7069226496,89472839680.0000,0.261629,0.350100
2019-06-19,3761.3380,3715.9380,3771.3470,3715.1330,12559571456,172574179328.0000,0.464779,1.317500
2019-06-20,3718.9410,3828.5180,3845.7910,3717.1850,16887207424,227726983168.0000,0.624927,3.029700
2019-06-21,3832.7320,3833.9380,3856.0850,3817.3060,15363515392,199961616384.0000,0.568190,0.141600
2019-06-24,3836.3050,3841.2650,3853.5450,3819.7690,10008462080,143644733440.0000,0.370105,0.191100
2019-06-25,3837.4250,3801.3090,3838.0570,3755.0090,12407591168,169358794752.0000,0.458822,-1.040200
2019-06-26,3779.5120,3794.3310,3809.7580,3771.7160,8182028288,112106860544.0000,0.302565,-0.183600
2019-06-27,3807.5370,3834.8170,3854.0800,3805.8320,10531635712,156483420160.0000,0.389441,1.067000
2019-06-28,3832.0590,3825.5870,3835.2320,3803.0540,8476613888,116512051200.0000,0.313292,-0.240700
2019-07-01,3899.3310,3935.8110,3936.6680,3886.9090,15837033984,217470251008.0000,0.584664,2.881200
2019-07-02,3931.0480,3937.1690,3942.4250,3918.9370,13186349568,173997043712.0000,0.486776,0.034500
2019-07-03,3927.4360,3893.5340,3927.4360,3878.8400,11199260416,163145732096.0000,0.412604,-1.108300
2019-07-04,3895.1970,3873.1010,3906.8890,3854.6930,9934225664,142669254656.0000,0.365788,-0.524800
2019-07-05,3875.3730,3893.2020,3900.3090,3857.9280,7400652800,116236521472.0000,0.272503,0.519000
2019-07-08,3875.7540,3802.7890,3875.7540,3775.0250,10953908736,147198418944.0000,0.403156,-2.322300
2019-07-09,3798.0950,3793.1290,3811.0990,3774.7640,7484273152,113147604992.0000,0.275457,-0.254000
2019-07-10,3807.9490,3786.7390,3810.3960,3774.2300,7283394816,101355479040.0000,0.268064,-0.168500
2019-07-11,3806.1850,3785.2210,3830.7380,3774.4130,7531196416,113674616832.0000,0.277130,-0.040100
2019-07-12,3783.0730,3808.7310,3820.2350,3774.5220,7546596608,107007922176.0000,0.277685,0.621100
2019-07-15,3792.6400,3824.1870,3844.8680,3745.8540,10120522240,142493044736.0000,0.372433,0.405800
2019-07-16,3819.2470,3806.8440,3828.3250,3799.8660,8073095168,108449681408.0000,0.297091,-0.453500
2019-07-17,3800.1060,3804.6380,3820.2710,3787.8970,9518388480,116766781440.0000,0.350277,-0.057900
2019-07-18,3793.1890,3768.4010,3793.3910,3767.9950,8749644544,111669366784.0000,0.321960,-0.952400
2019-07-19,3787.5070,3807.9550,3828.1510,3787.5070,8808614912,117797527552.0000,0.324069,1.049600
2019-07-22,3813.5020,3781.6830,3816.5380,3765.4420,9210137600,117810446336.0000,0.338841,-0.689900
2019-07-23,3783.5410,3789.9130,3792.9640,3768.7610,7131334656,103866609664.0000,0.262362,0.217600
2019-07-24,3803.5860,3819.8320,3840.0570,3803.5730,9094068480,129940586496.0000,0.334571,0.789400
2019-07-25,3821.3890,3851.0660,3851.0660,3812.9530,9374041600,125899501568.0000,0.344870,0.817700
2019-07-26,3835.2280,3858.5680,3863.5870,3832.5220,8325929984,110929727488.0000,0.306303,0.194800
2019-07-29,3857.9390,3854.2700,3862.7460,3842.4260,8481436928,111679107072.0000,0.312024,-0.111400
2019-07-30,3861.5690,3870.3170,3890.7290,3861.5690,9412395520,120480280576.0000,0.346272,0.416300
2019-07-31,3856.7450,3835.3580,3856.7450,3830.0910,8215115520,111083892736.0000,0.302226,-0.903300
2019-08-01,3819.3240,3803.4690,3831.2640,3791.5460,8411418112,117649162240.0000,0.309310,-0.831400
2019-08-02,3729.1300,3747.4370,3754.5320,3720.0580,10833589760,141874786304.0000,0.398380,-1.473200
2019-08-05,3724.4090,3675.6880,3739.5030,3675.6880,10132598016,133061099520.0000,0.371714,-1.914600
2019-08-06,3609.1110,3636.3280,3649.8950,3575.8620,12983387136,167267479552.0000,0.476260,-1.070800
2019-08-07,3654.6320,3621.4310,3659.0770,3621.4310,8423871488,108667666432.0000,0.309004,-0.409700
2019-08-08,3651.3570,3669.2930,3675.4600,3646.9380,8845770752,114981617664.0000,0.324483,1.321600
2019-08-09,3686.7490,3633.5290,3689.1770,3628.1160,8529558016,116355690496.0000,0.312883,-0.974700
2019-08-12,3647.8660,3699.1040,3699.1040,3643.3160,8208305664,121129345024.0000,0.300797,1.804700
2019-08-13,3675.5860,3665.7510,3686.4300,3658.0120,7650030336,103764320256.0000,0.280339,-0.901700
2019-08-14,3712.0650,3682.4010,3717.5570,3680.6080,9120259072,128301670400.0000,0.334220,0.454200
2019-08-15,3618.0090,3694.0000,3694.2980,3612.1100,8859883264,119241080832.0000,0.324669,0.315000
2019-08-16,3697.9400,3710.5380,3738.0960,3687.0750,8831916800,132696911872.0000,0.323641,0.447700
2019-08-19,3736.0340,3791.0940,3791.0940,3720.6890,13932701184,195448938496.0000,0.510268,2.171000
2019-08-20,3786.0260,3787.7320,3799.8970,3778.7300,10860208896,149115342848.0000,0.397665,-0.088700
2019-08-21,3778.3090,3781.7570,3792.5950,3775.4470,8229988096,121688506368.0000,0.301290,-0.157700
2019-08-22,3793.8550,3793.5060,3797.3290,3771.2040,8580779264,120708136960.0000,0.314127,0.310700
2019-08-23,3796.8820,3820.8630,3829.3600,3788.0340,8795458304,137802153984.0000,0.321986,0.721200
2019-08-26,3756.3610,3765.9100,3778.8660,3753.1640,9385926912,142350987264.0000,0.343433,-1.438200
2019-08-27,3791.4580,3816.9450,3848.2350,3790.8730,12473147904,181748785152.0000,0.456395,1.355200
2019-08-28,3818.8120,3802.5840,3822.5880,3790.1380,8875081216,137667276800.0000,0.324748,-0.376200
2019-08-29,3805.4940,3790.1860,3808.5950,3774.3960,8408338688,126475677696.0000,0.307669,-0.326000
2019-08-30,3816.6780,3799.5860,3828.9690,3778.9180,9669515008,152408670208.0000,0.353811,0.248000
2019-09-02,3803.6890,3848.3190,3855.7760,3799.8160,11028934912,164994457600.0000,0.403645,1.282600
2019-09-03,3852.5790,3853.6100,3856.6810,3833.7570,9771463168,146270633984.0000,0.357623,0.137500
2019-09-04,3848.6480,3886.0010,3886.0010,3846.4210,12662861568,176839745536.0000,0.463444,0.840500
2019-09-05,3909.2080,3925.3230,3970.0030,3909.2080,18165623040,244681224192.0000,0.664840,1.011900
2019-09-06,3946.6850,3948.5070,3948.5390,3922.3360,12188237568,181718269952.0000,0.446046,0.590600
2019-09-09,3980.9570,3972.9480,3985.2390,3954.8750,14680975360,209545388032.0000,0.537271,0.619000
2019-09-10,3976.8690,3959.2650,3976.9220,3938.7440,13088938496,184494350336.0000,0.479008,-0.344400
2019-09-11,3969.6750,3930.0990,3971.2230,3922.9530,13159487488,190165008384.0000,0.481590,-0.736600
2019-09-12,3944.6910,3972.3790,3975.9310,3933.4360,11024127232,156750651392.0000,0.403435,1.075800
2019-09-16,3981.3610,3957.7150,3982.2040,3943.3730,11025980416,154736553984.0000,0.403502,-0.369100
2019-09-17,3947.1570,3891.2200,3947.1570,3879.4850,11369431808,154899300352.0000,0.416071,-1.680100
2019-09-18,3902.9940,3910.0830,3923.1460,3902.5100,8205615104,130159558656.0000,0.300099,0.484800
2019-09-19,3923.9630,3924.3820,3924.3820,3897.0660,8598423808,127421792256.0000,0.314465,0.365700
2019-09-20,3933.4590,3935.6510,3942.2240,3921.4120,10345595392,153162588160.0000,0.378363,0.287100
2019-09-23,3925.1850,3890.6610,3925.1850,3868.2140,9403622400,139223506944.0000,0.343744,-1.143100
2019-09-24,3895.8660,3901.0750,3927.0110,3886.1400,8778322944,142341398528.0000,0.320887,0.267700
2019-09-25,3887.5540,3870.9830,3889.8390,3867.2270,8952083456,133224464384.0000,0.327239,-0.771400
2019-09-26,3884.7020,3841.1380,3890.7450,3840.2470,10269830144,150806749184.0000,0.375740,-0.771000
2019-09-27,3843.4580,3852.6530,3859.5000,3832.2460,7400394752,109130485760.0000,0.270570,0.299800
2019-09-30,3842.0740,3814.5280,3857.2310,3813.5490,6593131264,100487270400.0000,0.241010,-0.989600
2019-10-08,3818.5890,3837.6790,3861.6420,3818.5890,7665786112,118365683712.0000,0.280010,0.606900
2019-10-09,3822.6060,3843.2390,3845.3400,3805.0670,7585451264,112406208512.0000,0.276981,0.144900
2019-10-10,3838.4860,3874.6390,3877.1420,3829.4320,7922269440,127474044928.0000,0.289276,0.817000
2019-10-11,3885.5190,3911.7250,3922.3690,3868.8410,9341257728,139817299968.0000,0.341090,0.957200
2019-10-14,3944.8590,3953.2410,3983.8110,3934.7320,12239361024,167857131520.0000,0.446904,1.061300
2019-10-15,3953.1640,3936.2490,3953.1640,3928.1510,8527394816,125117108224.0000,0.311359,-0.429800
2019-10-16,3939.2760,3922.6850,3964.0450,3919.0160,8322970624,128558534656.0000,0.303737,-0.344600
2019-10-17,3929.3860,3925.2210,3935.8120,3913.9170,6486374400,99991851008.0000,0.236701,0.064600
2019-10-18,3935.4190,3869.3770,3940.5400,3864.9650,8232113920,122186928128.0000,0.300383,-1.422700
2019-10-21,3865.3430,3880.8390,3884.7440,3856.0370,7418291712,110858235904.0000,0.270490,0.296200
2019-10-22,3896.3140,3895.8800,3897.4350,3870.5480,6891856640,102843371520.0000,0.251295,0.387600
2019-10-23,3892.6760,3871.0840,3901.4240,3862.1960,7019862528,99733598208.0000,0.255962,-0.636500
2019-10-24,3877.9230,3870.6670,3890.1950,3852.5820,7133457408,105096949760.0000,0.260104,-0.010800
2019-10-25,3871.7680,3896.7920,3899.7220,3849.0330,7745361920,126677483520.0000,0.282415,0.674900
2019-10-28,3904.9820,3926.5850,3927.7950,3897.8170,9740602112,150762201088.0000,0.355167,0.764600
2019-10-29,3929.7070,3910.2260,3932.3740,3910.2260,8225707520,139611418624.0000,0.299548,-0.416600
2019-10-30,3904.7170,3891.2250,3908.0990,3883.4460,7787292416,122610503680.0000,0.283581,-0.485900
2019-10-31,3906.8590,3886.7510,3907.1500,3878.8750,8671453952,135012425728.0000,0.315778,-0.115000
2019-11-01,3883.8080,3952.3870,3956.0790,3876.4160,10068961280,151471063040.0000,0.366653,1.688711
2019-11-04,3964.0050,3978.1210,3985.3570,3964.0050,10419385600,154485362688.0000,0.379414,0.651100
2019-11-05,3982.1150,4002.8120,4030.6380,3970.8660,11291187968,163317854208.0000,0.411160,0.620670
2019-11-06,4006.3270,3984.8810,4007.5010,3973.7760,9731295232,139859763200.0000,0.354357,-0.447960
2019-11-07,3984.5520,3991.8740,4005.3820,3975.5470,8725489920,117751554048.0000,0.317729,0.175488
2019-11-08,4017.6740,3973.0100,4022.0360,3971.5720,9710694912,139026673664.0000,0.353619,-0.472560
2019-11-11,3948.6180,3902.9780,3948.6180,3897.5500,9415561984,130330083328.0000,0.342824,-1.762694
2019-11-12,3905.9580,3903.6880,3914.8820,3877.7390,7654306816,108828237824.0000,0.278696,0.018191
2019-11-13,3905.2830,3899.9810,3908.4190,3882.4310,7674907904,112057147392.0000,0.279446,-0.094961
2019-11-14,3905.9280,3905.8570,3916.9450,3895.1410,8700844544,119791566848.0000,0.316800,0.150667
2019-11-15,3908.4890,3877.0890,3915.1040,3877.0890,8373091584,115423019008.0000,0.304866,-0.736535
2019-11-18,3874.4400,3907.9290,3913.1020,3868.3160,7664599296,107085819904.0000,0.279042,0.795442
2019-11-19,3904.0990,3947.0390,3947.0390,3902.3770,8216102400,123227172864.0000,0.297916,1.000786
2019-11-20,3940.1340,3907.8640,3943.2270,3901.9860,7681533184,118003064832.0000,0.278532,-0.992516
2019-11-21,3894.5390,3889.5980,3901.8260,3875.9680,6913053696,104147771392.0000,0.250613,-0.467416
2019-11-22,3894.1740,3849.9940,3918.8380,3833.5030,9104263936,146981163008.0000,0.330050,-1.018203
2019-11-25,3850.9660,3878.2060,3878.2500,3839.4200,10606628864,140851077120.0000,0.384514,0.732780
2019-11-26,3893.4340,3891.6530,3899.1090,3869.5940,11151353600,140213633024.0000,0.404284,0.346732
2019-11-27,3883.4290,3875.6180,3889.9780,3862.7010,7643730432,107238821888.0000,0.276881,-0.412036
2019-11-28,3877.9010,3862.3020,3887.6900,3852.0100,6523011840,87081787392.0000,0.236271,-0.343584
2019-11-29,3857.1880,3828.6700,3861.6580,3804.8290,7414433024,116200558592.0000,0.268556,-0.870776
2019-12-02,3835.5120,3836.0580,3854.7500,3829.3120,7741217280,109992591360.0000,0.280393,0.192965
2019-12-03,3829.2120,3851.0870,3851.1200,3811.6280,7361124096,108703715328.0000,0.266621,0.391782
2019-12-04,3841.6620,3849.8190,3852.9920,3831.0740,7968338432,109646344192.0000,0.288614,-0.032926
2019-12-05,3863.6080,3879.3630,3883.4030,3859.8220,8905119232,129357594624.0000,0.322544,0.767413
2019-12-06,3885.0580,3902.3850,3902.3850,3878.7000,7864888832,116424777728.0000,0.284864,0.593448
2019-12-09,3909.5290,3895.4460,3911.9680,3885.2500,9535380736,130873098240.0000,0.345369,-0.177814
2019-12-10,3886.4440,3900.3840,3900.9590,3882.0870,8626292736,121118412800.0000,0.312415,0.126763
2019-12-11,3907.1590,3902.7490,3909.3850,3890.3410,9976548096,127690403840.0000,0.361317,0.060635
2019-12-12,3908.4530,3891.0240,3908.4530,3886.1180,8470832896,117874315264.0000,0.306785,-0.300429
2019-12-13,3928.0040,3968.2210,3969.4560,3925.2750,14857134848,201018884096.0000,0.538079,1.983976
2019-12-16,3970.7090,3987.5460,3987.5860,3953.5120,14848667136,202154897408.0000,0.537773,0.486994
2019-12-17,3987.7420,4041.7990,4067.1350,3984.5190,20116293632,251637866496.0000,0.734353,1.360561
2019-12-18,4039.7240,4032.7820,4057.6400,4025.3430,15135176448,197620207616.0000,0.552515,-0.223094
2019-12-19,4034.6150,4027.1490,4038.5430,4014.8950,11790055936,152553807872.0000,0.430374,-0.139680
2019-12-20,4032.1510,4017.2520,4046.7260,4014.9290,12126766336,158460231680.0000,0.442665,-0.245757
2019-12-23,4014.6920,3967.0960,4032.1720,3964.3790,12281624576,162048262144.0000,0.448318,-1.248515
2019-12-24,3971.5600,3992.9580,3994.5090,3963.6650,9598904576,122499162112.0000,0.350389,0.651913
2019-12-25,3988.6570,3990.8670,4000.5550,3976.3550,9493889024,131896467456.0000,0.346356,-0.052367
2019-12-26,3993.6680,4025.9870,4025.9870,3993.5410,10886064128,140814966784.0000,0.397146,0.880009
2019-12-27,4029.2450,4022.0270,4066.7960,4019.7220,15092641024,195090415616.0000,0.550543,-0.098361
2019-12-30,4015.5190,4081.6330,4083.6900,4001.4950,15597148928,216814661632.0000,0.564102,1.481989
2019-12-31,4077.7510,4096.5820,4098.1440,4069.0080,12326425856,173119348736.0000,0.449242,0.366250
2020-01-02,4121.3480,4152.2400,4172.6550,4121.3480,18211677184,270105530368.0000,0.663713,1.358645
2020-01-03,4161.2180,4144.9640,4164.2980,4131.8640,14282624512,215216287744.0000,0.520521,-0.175231
2020-01-06,4120.5210,4129.2950,4170.6380,4102.3790,17530995200,250182070272.0000,0.638914,-0.378025
2020-01-07,4137.4010,4160.2270,4161.2500,4135.0970,13948903168,196389060608.0000,0.000000,0.749087
2020-01-08,4139.6310,4112.3170,4149.8130,4101.9800,16758585088,212406263808.0000,0.610714,-1.151620
2020-01-09,4145.5340,4164.3690,4165.6570,4143.5920,13688632320,200150351872.0000,0.498836,1.265758
2020-01-10,4177.5770,4163.1840,4180.9770,4148.4810,11303171840,177827414016.0000,0.411901,-0.028456
2020-01-13,4166.9250,4203.9880,4203.9880,4148.6000,11969198336,199795490816.0000,0.432111,0.980115
2020-01-14,4215.1570,4189.8860,4223.5070,4188.0800,12932078336,196221263872.0000,0.471268,-0.335443
2020-01-15,4186.8810,4166.7340,4193.8680,4150.8790,10463313664,163081932800.0000,0.381301,-0.552569
2020-01-16,4174.8170,4149.0430,4175.2930,4142.1790,10026764288,156242505728.0000,0.365390,-0.424577
2020-01-17,4162.1930,4154.8530,4177.0280,4141.6440,9872568320,166591590400.0000,0.359758,0.140032
2020-01-20,4170.7360,4185.8300,4185.9620,4149.4870,12240914688,202692288512.0000,0.441691,0.745562
2020-01-21,4165.0200,4114.3080,4165.0200,4113.3250,13052750592,204586881024.0000,0.474473,-1.708669
2020-01-22,4093.8000,4131.9310,4141.1770,4046.4860,12675876352,208136151040.0000,0.460456,0.428334
2020-01-23,4093.3220,4003.9010,4103.5240,3972.3930,16035760384,250409357312.0000,0.582502,-3.098551
2020-02-03,3639.9080,3688.3570,3732.1570,3639.9080,15755964672,243303104512.0000,0.565242,-7.880914
2020-02-04,3652.0030,3785.6370,3786.8620,3652.0030,21393332736,298165768192.0000,0.767481,2.637489
2020-02-05,3801.0990,3828.5270,3866.0100,3781.6130,17492552448,264042921984.0000,0.633324,1.132967
2020-02-06,3841.7530,3899.7750,3914.9150,3806.9600,17646223616,262820089856.0000,0.638887,1.860977
2020-02-07,3879.5530,3899.8690,3899.8830,3849.7120,15173175808,237508816896.0000,0.549350,0.002410
2020-02-10,3872.3730,3916.0050,3920.1660,3861.0060,14840696832,229625442304.0000,0.532407,0.413757
2020-02-11,3926.4200,3952.4640,3970.5220,3915.7070,14344167424,219307118592.0000,0.519315,0.931025
2020-02-12,3945.6660,3984.4320,3984.4320,3940.6660,12671032064,200776708096.0000,0.458741,0.808812
2020-02-13,3985.8750,3959.9180,3999.5490,3950.1420,14500184320,228605964288.0000,0.524962,-0.615245
2020-02-14,3954.2340,3987.7340,4001.5620,3954.0230,14323980288,222895075328.0000,0.518582,0.702439
2020-02-17,3999.6510,4077.4240,4077.4460,3999.6510,18277896960,273067819008.0000,0.661702,2.249147
2020-02-18,4069.8310,4057.5100,4076.3880,4027.7850,16323621888,242552516608.0000,0.589881,-0.488397
2020-02-19,4049.5860,4051.3100,4085.1700,4042.8450,16904644096,257554534400.0000,0.610874,-0.152803
2020-02-20,4062.8960,4144.6560,4148.5280,4055.8100,21223262464,310835589120.0000,0.766793,2.304094
2020-02-21,4134.8740,4149.4900,4184.4370,4130.1670,21721360384,326564003840.0000,0.784789,0.116632
2020-02-24,4131.8360,4132.8380,4149.0100,4097.1750,21286930432,326387802112.0000,0.769093,-0.401302
2020-02-25,4066.3020,4123.8540,4126.7070,4020.9070,24416783104,372213719040.0000,0.882174,-0.217381
2020-02-26,4070.0990,4073.0150,4132.7810,4061.1250,26109406208,366022418432.0000,0.943324,-1.232803
2020-02-27,4084.0780,4084.8750,4110.5270,4067.4400,18129097984,282050207744.0000,0.654497,0.291185
2020-02-28,3988.7270,3940.0480,4031.1450,3928.0660,23027509248,330358906880.0000,0.831123,-3.545445
2020-03-02,3968.8430,4069.6660,4092.5390,3968.8430,21931355904,317426204672.0000,0.791499,3.289757
2020-03-03,4125.1350,4091.3610,4147.6520,4067.9090,21936977664,330802585600.0000,0.791196,0.533090
2020-03-04,4078.4990,4115.0520,4115.2610,4060.7290,18242472960,281784864768.0000,0.657947,0.579049
2020-03-05,4150.2100,4206.7250,4215.8510,4127.0380,23182311424,362838831104.0000,0.836110,2.227748
2020-03-06,4158.2020,4138.5070,4181.3100,4135.3900,17247571712,253168631808.0000,0.622063,-1.621642
2020-03-09,4063.0760,3997.1325,4063.0760,3995.1313,20810203500,305428730303.8000,0.750549,-3.416080
2020-03-10,3975.2288,4082.7315,4093.0024,3954.7506,19741640200,296184435851.3000,0.711986,2.141510
2020-03-11,4090.9348,4028.4289,4091.2704,4028.3964,16165611100,244990872685.9000,0.582876,-1.330056
2020-03-12,3976.1139,3950.9111,3987.4336,3926.2704,15706045800,233152848759.1000,0.566306,-1.924269
2020-03-13,3771.0139,3895.3128,3937.1806,3765.1479,18829672200,280213453213.7000,0.678933,-1.407227
2020-03-16,3899.8598,3727.8398,3899.8598,3720.5127,18596826000,282836238271.2000,0.670537,-4.299347
2020-03-17,3739.7833,3709.6822,3786.8908,3618.3070,16624612900,250824025696.9000,0.599426,-0.487081
2020-03-18,3729.6853,3636.2565,3775.8506,3636.2565,15503754700,244127161535.3000,0.559052,-1.979299
2020-03-19,3623.7890,3589.0926,3647.9874,3503.1866,18080740700,271827467961.6000,0.651830,-1.297045
2020-03-20,3629.5126,3653.2239,3663.9517,3588.7766,13960300000,211223073323.1000,0.503158,1.786839
2020-03-23,3542.6837,3530.3058,3585.8014,3523.7877,13710879000,197669624970.1000,0.494019,-3.364647
2020-03-24,3598.6548,3625.1146,3627.7592,3545.4524,14310302100,208553840688.5000,0.515557,2.685569
2020-03-25,3711.4753,3722.5181,3732.6536,3685.9942,15349595800,231561518761.2000,0.552999,2.686908
2020-03-26,3692.6083,3698.0472,3736.2536,3681.2668,11231066500,169336311861.4000,0.404592,-0.657375
2020-03-27,3746.3914,3710.0605,3758.7827,3709.9213,12406099500,186103426334.7000,0.446574,0.324855
2020-03-30,3657.4624,3674.1108,3690.6388,3637.5853,12687667300,180640799409.3000,0.456709,-0.968979
2020-03-31,3708.1404,3686.1551,3716.0707,3676.2024,11145302500,161595510008.2000,0.401143,0.327815
2020-04-01,3682.2966,3675.0758,3731.7799,3670.9653,11935262000,170422568804.4000,0.429580,-0.300565
2020-04-02,3656.3225,3734.5306,3734.5306,3652.3167,11516820900,168893255656.6000,0.414496,1.617784
2020-04-03,3721.4815,3713.2183,3738.8323,3698.9822,9982508300,150132815028.5000,0.359275,-0.570682
2020-04-07,3779.9076,3798.0214,3803.6286,3772.2054,14277803000,207642820316.9000,0.513860,2.283817
2020-04-08,3776.4171,3780.3445,3793.0023,3767.2924,11138951300,161576772320.2000,0.400811,-0.465424
2020-04-09,3798.4879,3792.8105,3801.7245,3785.3116,10048503200,154595318812.8000,0.361574,0.329758
2020-04-10,3794.8429,3769.1782,3824.7441,3758.9599,10244495600,162251233800.7000,0.368586,-0.623081
2020-04-13,3751.7093,3753.2566,3769.8764,3740.1936,7905334300,119874303204.6000,0.284425,-0.422416
2020-04-14,3777.8343,3825.6991,3825.7599,3764.9838,11063758500,170612579792.4000,0.398028,1.930124
2020-04-15,3820.8506,3797.3623,3829.8009,3793.4402,10846198400,169700216633.0000,0.390201,-0.740696
2020-04-16,3777.7986,3802.3806,3807.3569,3774.5585,9594796500,147164302056.9000,0.345181,0.132152
2020-04-17,3831.9232,3839.4871,3863.4521,3821.4201,13200430100,203595267033.5000,0.474890,0.975875
2020-04-20,3845.4598,3853.4551,3853.7984,3831.5530,10001311500,151924090117.0000,0.359458,0.363799
2020-04-21,3838.2314,3808.0474,3838.2314,3779.9967,10292188800,155077454132.0000,0.369912,-1.178363
2020-04-22,3789.1297,3839.3834,3839.3834,3782.2149,8589946400,135547280790.0000,0.308729,0.822889
2020-04-23,3851.9132,3829.7525,3857.4709,3826.5565,9550845000,142122548831.8000,0.343260,-0.250845
2020-04-24,3826.3116,3796.9721,3827.2120,3787.0714,9484413500,138961200282.7000,0.340868,-0.855940
2020-04-27,3808.0171,3822.7690,3842.8706,3793.7655,9546273500,145301151875.0000,0.343064,0.679407
2020-04-28,3835.3480,3849.1465,3859.6754,3768.2000,12209347600,184179759240.3000,0.438709,0.690010
2020-04-29,3837.5135,3867.0320,3880.7444,3833.7164,9585459000,151282103744.2000,0.344422,0.464661
2020-04-30,3880.4094,3912.5772,3921.7004,3880.4094,13291712500,202268288802.3000,0.477593,1.177782
2020-05-06,3867.2587,3936.2539,3937.6909,3865.9875,13985567500,214935962364.4000,0.502530,0.605143
2020-05-07,3937.5918,3924.8946,3941.4833,3915.9048,10551464600,167207801840.2000,0.379135,-0.288581
2020-05-08,3942.9972,3963.6217,3979.6627,3935.9805,11694334100,190299584716.9000,0.420102,0.986704
2020-05-11,3974.7605,3960.1803,3998.0972,3944.5037,12267380300,193758093899.8000,0.440627,-0.086825
2020-05-12,3961.3427,3960.2378,3970.1115,3930.2108,9825055400,157465780059.9000,0.352827,0.001452
2020-05-13,3946.6428,3968.2529,3972.5254,3932.5711,8819066900,145563383275.8000,0.316698,0.202389
2020-05-14,3952.1986,3925.2177,3952.1986,3924.0452,8853000400,143499177719.8000,0.318111,-1.084487
2020-05-15,3941.1250,3912.8159,3945.1956,3907.4021,9261838200,153301505149.4000,0.332802,-0.315952
2020-05-18,3914.6602,3922.9117,3946.4312,3898.4041,11280176200,188528121367.6000,0.405302,0.258019
2020-05-19,3963.7754,3956.2495,3966.8518,3944.0715,9401529100,159886222402.2000,0.337796,0.849823
2020-05-20,3955.7145,3935.2220,3955.7145,3923.9213,10079115000,157102533276.1000,0.362045,-0.531501
2020-05-21,3950.5981,3913.7949,3951.7430,3907.5788,9486103300,149154142257.8000,0.340741,-0.544495
2020-05-22,3907.5761,3824.0640,3907.5761,3818.1488,10337836000,157286504986.3000,0.371170,-2.292683
2020-05-25,3828.3206,3829.3245,3835.6333,3800.1796,7903332600,127011917716.3000,0.283780,0.137563
2020-05-26,3850.0009,3872.7701,3874.7484,3844.4776,7744807600,125445619316.8000,0.278000,1.134550
2020-05-27,3873.6984,3845.6135,3873.6984,3838.4247,8371183100,123737501165.0000,0.300462,-0.701219
2020-05-28,3848.4892,3856.6324,3885.4211,3818.4318,9306405400,139108407792.0000,0.333846,0.286532
2020-05-29,3838.3769,3867.0232,3872.3031,3830.4185,9381383200,135658136028.2000,0.336535,0.269427
2020-06-01,3901.7263,3971.3402,3976.3151,3901.7263,13645665200,208436512945.1000,0.489334,2.697605
2020-06-02,3969.9521,3983.5677,3991.7761,3958.9774,14430306000,195563304256.3000,0.517472,0.307894
2020-06-03,4001.1708,3983.6477,4018.6759,3982.9299,13659748300,200882767676.9000,0.489835,0.002008
2020-06-04,3998.1636,3982.1851,3999.8051,3968.5723,10427773700,149057855837.5000,0.373841,-0.036715
2020-06-05,3988.2239,4001.2509,4001.2509,3967.9260,10244394200,154311342981.8000,0.366945,0.478777
2020-06-08,4023.6060,4021.9549,4050.2213,4016.1015,13792581300,193047518687.6000,0.493991,0.517438
2020-06-09,4027.5613,4047.0293,4052.1557,4016.3387,11530447900,166533966010.0000,0.412563,0.623438
2020-06-10,4046.2317,4039.7051,4046.2317,4024.4185,11226572800,166778642366.2000,0.401691,-0.180977
2020-06-11,4031.7396,3995.8846,4043.0123,3979.7522,12730894100,197079441861.1000,0.455463,-1.084745
2020-06-12,3931.6236,4003.0829,4011.0591,3927.2491,13416664900,193504046742.3000,0.479860,0.180143
2020-06-15,3982.9672,3954.9883,4007.1396,3954.9883,13129786000,211125336143.8000,0.469459,-1.201439
2020-06-16,3995.5786,4014.5702,4014.5702,3987.8637,11105153900,185104029158.9000,0.403935,1.506500
2020-06-17,4018.6094,4017.5941,4018.6094,3992.1339,10560579900,176977503611.2000,0.384127,0.075323
2020-06-18,4009.7831,4044.3842,4047.5566,4000.9008,13814876100,210192918146.2000,0.502112,0.666819
2020-06-19,4047.0483,4098.7095,4109.3602,4043.4925,15294699000,255549797299.6000,0.555896,1.343228
2020-06-22,4097.5071,4102.0459,4126.9421,4088.7822,15582946500,259200520725.7000,0.556750,0.081401
2020-06-23,4098.0373,4121.7944,4124.7250,4080.7533,12922951000,234806510834.5000,0.469658,0.481430
2020-06-24,4128.1003,4138.9895,4144.6782,4123.3582,12171246500,224551430008.0000,0.442326,0.417175
2020-06-29,4127.9348,4109.7164,4137.3696,4092.5352,13086585400,226522059762.9000,0.475579,-0.707252
2020-06-30,4130.0028,4163.9637,4174.4236,4129.7754,12593352100,227935704488.9000,0.457262,1.319977
2020-07-01,4172.6425,4247.7835,4247.7835,4163.4954,16999045600,305711799762.0000,0.617228,2.012981
2020-07-02,4239.4080,4335.8445,4340.1039,4238.1164,25293936800,399571526695.3000,0.918266,2.073105
2020-07-03,4353.1937,4419.5955,4419.5955,4348.4535,29048553900,442335024266.1000,1.054557,1.931596
2020-07-06,4465.8081,4670.0949,4678.1121,4465.8081,40582102500,597438217716.0000,1.472725,5.667926
2020-07-07,4739.6104,4698.1264,4796.3155,4688.0574,40600855300,635254742706.0000,1.472791,0.600234
2020-07-08,4692.8621,4774.0042,4803.3643,4670.6501,34807484700,532849825964.5000,1.262640,1.615065
2020-07-09,4770.0769,4840.7712,4854.1201,4757.2943,35104689300,556718732098.9000,1.273421,1.398553
2020-07-10,4796.0873,4753.1333,4821.3745,4734.4725,31694965100,510472055095.9000,1.149715,-1.810412
2020-07-13,4742.3738,4852.9612,4878.0773,4741.8743,32164544600,541105098721.0000,1.166369,2.100255
2020-07-14,4836.1655,4806.6902,4860.4404,4729.9258,29724198500,511211048184.9000,1.077610,-0.953459
2020-07-15,4821.5155,4744.4687,4837.4757,4723.3608,27238900600,486748347680.4000,0.987509,-1.294477
2020-07-16,4741.5295,4516.2532,4772.5638,4513.6537,28465713300,511237962884.2000,1.031907,-4.810138
2020-07-17,4524.7717,4544.7007,4601.3733,4485.8214,20737556300,372973887046.0000,0.751579,0.629892
2020-07-20,4597.2038,4680.3046,4681.9431,4534.2305,24606891400,416714222275.7000,0.891812,2.983781
2020-07-21,4697.5026,4691.0425,4714.2925,4661.4440,20041565900,356069805762.6000,0.725496,0.229427
2020-07-22,4682.6575,4714.4454,4790.4491,4675.3488,22419921100,386470859914.3000,0.811343,0.498885
2020-07-23,4668.7401,4712.4357,4731.4004,4607.6585,23431456900,405175268660.9000,0.847949,-0.042629
2020-07-24,4679.0273,4505.5906,4691.6980,4479.3928,24390520300,437726712279.7000,0.882656,-4.389346
2020-07-27,4535.0053,4528.4500,4558.1189,4482.4408,17142055100,301893370163.2000,0.620343,0.507356
2020-07-28,4567.6691,4568.2576,4590.2496,4537.6849,16276849800,292835785345.2000,0.589033,0.879056
2020-07-29,4559.1634,4679.0080,4680.5580,4548.8535,18669530500,350432649160.5000,0.675609,2.424347
2020-07-30,4689.7632,4656.1506,4704.6305,4649.7677,16696756600,324009242692.4000,0.604209,-0.488510
2020-07-31,4652.1824,4695.0462,4741.8084,4621.9635,18483902600,351119312415.0000,0.668881,0.835360
2020-08-03,4735.8985,4771.3108,4771.3694,4720.0250,21477623900,401914824928.3000,0.777215,1.624363
2020-08-04,4778.4866,4775.8024,4807.0782,4747.7748,23997498500,426411345935.8000,0.868387,0.094138
2020-08-05,4761.7637,4777.1089,4786.7031,4711.2723,19670054800,347407839399.1000,0.711787,0.027357
2020-08-06,4779.2377,4762.7642,4791.8565,4691.1569,22785440600,404323404006.9000,0.824517,-0.300280
2020-08-07,4742.2939,4707.9262,4749.0217,4637.8427,21351821600,397041212825.0000,0.772617,-1.151390
2020-08-10,4681.7553,4724.8697,4757.6634,4646.2885,20378883200,371297560017.6000,0.736827,0.359893
2020-08-11,4730.3748,4681.7837,4791.5337,4674.8642,20554651100,350828586241.1000,0.743182,-0.911898
2020-08-12,4668.8899,4647.6446,4681.6206,4566.2736,20288723900,347298673202.0000,0.733590,-0.729190
2020-08-13,4666.4901,4635.7126,4671.7689,4626.1033,15255009200,250945872578.9000,0.551571,-0.256732
2020-08-14,4627.6100,4704.6288,4708.0709,4617.6320,14729292100,254343934256.2000,0.532562,1.486637
2020-08-17,4727.1204,4815.2261,4838.0864,4721.3589,26800155600,416469154934.0000,0.953069,2.350819
2020-08-18,4816.5703,4812.7564,4825.3861,4788.8293,18913985400,314395904535.5000,0.683852,-0.051289
2020-08-19,4804.6655,4740.6784,4809.0499,4738.0086,19244294800,319403284708.3000,0.695743,-1.497645
2020-08-20,4708.1253,4679.1544,4721.4357,4662.8032,15836863900,260486563515.0000,0.572358,-1.297789
2020-08-21,4717.7874,4718.8431,4739.4836,4684.8101,14265786400,251775160233.8000,0.515546,0.848202
2020-08-24,4746.4035,4755.8491,4769.4673,4716.6054,15114351200,272428686418.6000,0.546202,0.784218
2020-08-25,4769.2107,4761.9507,4802.4122,4746.3130,14170135100,262308788275.0000,0.511926,0.128297
2020-08-26,4761.7186,4706.1302,4786.4249,4689.8810,15130518000,277456360643.0000,0.546622,-1.172219
2020-08-27,4718.0620,4731.3451,4731.9351,4679.3623,11904285000,223631511405.6000,0.430053,0.535788
2020-08-28,4727.2920,4844.2652,4850.4884,4719.3526,15939976500,305047882508.6000,0.574395,2.386638
2020-08-31,4870.9337,4816.2153,4901.2115,4816.2123,20256702900,357005064604.8000,0.729901,-0.579033
2020-09-01,4803.3922,4842.1223,4842.1350,4791.7829,13839540200,262018070577.3000,0.498565,0.537912
2020-09-02,4859.0754,4843.8870,4863.5509,4797.5204,15798952400,280778613751.4000,0.569131,0.036445
2020-09-03,4841.5020,4817.0952,4877.0117,4800.0577,14567120100,279411988792.3000,0.524755,-0.553105
2020-09-04,4737.2368,4770.2190,4778.2030,4726.5559,12003279600,238463337878.7000,0.432377,-0.973122
2020-09-07,4759.5213,4669.3677,4789.3031,4655.5600,14860779100,282316394067.8000,0.534997,-2.114186
2020-09-08,4683.8256,4694.3894,4707.8966,4639.0531,13919922700,249198138076.0000,0.501125,0.535869
2020-09-09,4634.2470,4584.5887,4645.1972,4558.0304,16227710700,244905191934.1000,0.584207,-2.338977
2020-09-10,4632.0994,4581.9775,4647.7505,4572.2058,15065287800,226146354804.6000,0.542331,-0.056956
2020-09-11,4572.2572,4627.2826,4630.8842,4563.1061,11530242400,198240927301.5000,0.415074,0.988767
2020-09-14,4652.0539,4651.0507,4666.9862,4625.9877,10723517900,211653411810.9000,0.386031,0.513651
2020-09-15,4649.4472,4688.4826,4691.4997,4630.5374,10191592500,194573684119.3000,0.366882,0.804805
2020-09-16,4683.0060,4657.3584,4690.6815,4638.4586,10875364100,196120184850.9000,0.391497,-0.663844
2020-09-17,4642.0542,4632.7142,4664.9491,4601.6390,10598363100,214146647269.6000,0.381525,-0.529145
2020-09-18,4636.6422,4737.0887,4737.8039,4631.7045,16042647500,281885944229.0000,0.577510,2.252988
2020-09-21,4750.7481,4691.4281,4752.9799,4688.7199,12453582700,224137912695.2000,0.448309,-0.963896
2020-09-22,4654.2179,4635.7608,4706.2096,4622.1111,11967294700,202909215534.6000,0.430396,-1.186575
2020-09-23,4639.6592,4652.3273,4665.9600,4623.5528,9582652800,190393472276.3000,0.344634,0.357363
2020-09-24,4623.9535,4563.0657,4631.9482,4562.2086,11259368300,193515873700.2000,0.404930,-1.918644
2020-09-25,4582.4820,4570.0216,4599.5387,4554.7199,9301515500,167457376964.0000,0.334518,0.152439
2020-09-28,4582.6471,4581.9085,4613.6324,4571.1507,8504838900,159314675407.1000,0.305866,0.260106
2020-09-29,4608.2926,4591.7993,4616.6767,4586.3537,8599385800,159937888502.2000,0.309245,0.215866
2020-09-30,4607.5753,4587.3953,4634.7239,4563.4108,8908120000,165532220885.2000,0.320265,-0.095910
2020-10-09,4663.6100,4681.1412,4695.4041,4655.0851,11133751200,229926731489.9000,0.400278,2.043554
2020-10-12,4705.1883,4823.1578,4823.2666,4704.1554,15578455800,307848558046.0000,0.560064,3.033803
2020-10-13,4812.8989,4839.2010,4845.9191,4795.3730,11651633800,242172567248.5000,0.418890,0.332629
2020-10-14,4830.4575,4807.1021,4830.4575,4795.9069,11190692300,229836207247.8000,0.402315,-0.663310
2020-10-15,4810.7821,4798.7361,4833.8925,4796.2647,10996496200,213878285047.0000,0.395155,-0.174034
2020-10-16,4798.9162,4791.6760,4825.5518,4765.9670,11671610200,204175130717.5000,0.419368,-0.147124
2020-10-19,4823.4944,4755.4879,4849.6050,4747.3356,12924636100,225392198225.0000,0.464311,-0.755228
2020-10-20,4751.3694,4793.4672,4793.4672,4739.4583,9804815600,185849198017.6000,0.352227,0.798642
2020-10-21,4801.6313,4792.8284,4801.6313,4758.8552,10380570300,189978697043.6000,0.372910,-0.013326
2020-10-22,4780.5954,4777.9845,4791.8078,4725.4993,10135089100,194614971169.8000,0.364066,-0.309711
2020-10-23,4775.4665,4718.4881,4802.4560,4717.0984,10682518400,200985821991.5000,0.383529,-1.245220
2020-10-26,4684.0465,4691.2359,4713.3945,4639.3019,10834327500,205518988284.4000,0.388979,-0.577562
2020-10-27,4680.1371,4699.2792,4708.4623,4671.8536,9265630400,186675545690.4000,0.332493,0.171454
2020-10-28,4703.0036,4737.2718,4753.3125,4685.6012,10846340200,226754264067.0000,0.389205,0.808477
2020-10-29,4683.6070,4772.9198,4803.0317,4679.2529,11711725000,252303504993.0000,0.420239,0.752501
2020-10-30,4776.4726,4695.3338,4778.5089,4683.4719,13980230300,280783321713.1000,0.501637,-1.625546
2020-11-02,4702.7457,4720.8313,4738.0239,4695.4436,14286769300,279027685157.1000,0.511702,0.543039
2020-11-03,4743.1742,4777.5608,4793.3963,4734.1748,13605540800,252390556313.5000,0.485667,1.201685
2020-11-04,4781.4480,4813.6564,4825.4638,4770.5582,11466180600,230513773046.3000,0.409300,0.755524
2020-11-05,4861.3377,4885.1118,4885.1118,4837.9996,13924459400,281951932371.0000,0.496777,1.484431
2020-11-06,4897.6295,4885.7178,4897.6295,4845.4293,15363903400,305365103652.9000,0.548131,0.012405
2020-11-09,4918.8609,4981.3497,4997.8017,4918.8609,19713198400,371923282063.4000,0.703228,1.957377
2020-11-10,4995.4126,4953.8756,4995.4126,4928.9319,17626721400,334271459964.0000,0.628795,-0.551539
2020-11-11,4937.7582,4904.8981,4957.5846,4901.7067,16447051500,303858557977.1000,0.586713,-0.988670
2020-11-12,4916.7736,4908.4630,4926.3422,4891.5100,11811461900,227645907147.2000,0.421348,0.072680
2020-11-13,4886.9778,4856.8513,4886.9778,4825.7578,13369307900,255353111737.8000,0.476920,-1.051484
2020-11-16,4880.9580,4904.1716,4904.1716,4848.6239,14877098000,266705031671.5000,0.530707,0.974300
2020-11-17,4903.1200,4894.7860,4909.2902,4865.3942,15148746400,288911408551.0000,0.540115,-0.191380
2020-11-18,4889.6749,4891.6716,4911.0876,4870.7162,16421661600,290727223227.2000,0.585499,-0.063627
2020-11-19,4880.9224,4927.9891,4939.7911,4870.2005,13368137800,247727135000.5000,0.476590,0.742435
2020-11-20,4928.2223,4943.2882,4947.4297,4922.5895,12940034100,229053679195.4000,0.461330,0.310453
2020-11-23,4954.5987,5005.0273,5029.6515,4940.4494,20591518700,333633826416.7000,0.734108,1.248948
2020-11-24,4997.0485,4974.2855,5001.0614,4960.9817,15663791100,264804443317.7000,0.558429,-0.614218
2020-11-25,4992.7466,4910.7000,5004.7732,4910.7000,17034052700,277070642970.7000,0.607280,-1.278284
2020-11-26,4908.3208,4919.5912,4925.2857,4867.8153,13720233800,239748145475.7000,0.489135,0.181058
2020-11-27,4930.5928,4980.7650,4980.7650,4917.3479,16295292200,253178971224.0000,0.580005,1.243473
2020-11-30,4994.1063,4960.2519,5055.1920,4960.2519,26263895000,396495834420.8000,0.934760,-0.411846
2020-12-01,4963.1302,5067.0983,5072.5494,4963.1302,20406563800,328451014444.2000,0.726286,2.154052
2020-12-02,5072.9755,5067.1447,5090.6084,5043.3091,19543547600,310609728842.5000,0.695555,0.000916
2020-12-03,5065.4531,5057.0603,5072.3046,5033.7887,17786574800,275335207429.1000,0.632982,-0.199015
2020-12-04,5049.5231,5065.9163,5072.3865,5017.8506,14434716700,257798820735.0000,0.513692,0.175122
2020-12-07,5065.7285,5022.2351,5067.8698,5014.6090,13989621700,264657773932.9000,0.497852,-0.862257
2020-12-08,5029.1063,5009.8786,5043.0605,4998.9218,12307302900,234880648439.1000,0.437983,-0.246036
2020-12-09,5022.3846,4942.6986,5033.6417,4942.5195,13891696500,260772774152.9000,0.494187,-1.340951
2020-12-10,4931.2933,4940.5249,4962.7433,4919.7696,12591427000,229651278357.4000,0.447931,-0.043978
2020-12-11,4957.8236,4889.6292,4957.8236,4849.3547,15935769700,275212730069.9000,0.565415,-1.030168
2020-12-14,4903.6270,4934.8352,4937.2601,4887.6599,12080155200,247878279711.0000,0.428611,0.924528
2020-12-15,4931.6019,4945.1000,4954.1885,4904.7926,11834263300,248093390249.2000,0.435745,0.208007
2020-12-16,4957.2971,4953.8670,4968.8558,4938.1932,10677896800,229696035696.9000,0.391858,0.177287
2020-12-17,4960.7290,5017.4784,5021.6171,4950.3713,13338547900,270180356109.3000,0.489496,1.284076
2020-12-18,5014.3211,4999.9678,5027.4446,4979.0051,12804961800,258938551535.8000,0.469364,-0.348992
2020-12-21,4995.7622,5046.8396,5048.5074,4969.9990,14081178200,298204296843.3000,0.516144,0.937442
2020-12-22,5034.9831,4964.7727,5055.1348,4960.9457,16234497000,326758817663.3000,0.594978,-1.626105
2020-12-23,4977.2994,5007.1235,5028.4506,4968.1509,14029281900,308729037473.7000,0.514149,0.853026
2020-12-24,5006.0051,5000.0154,5033.0380,4979.2371,11441866700,246674476188.8000,0.419318,-0.141960
2020-12-25,4985.7695,5042.0137,5042.0978,4973.6812,12100697900,243992268243.3000,0.443463,0.839963
2020-12-28,5042.9432,5064.4147,5089.3447,5037.8582,13691440700,281019254170.5000,0.483390,0.444287
2020-12-29,5071.4490,5042.9361,5077.4167,5034.3078,14119866200,279035233253.8000,0.000000,-0.424108
2020-12-30,5037.9848,5113.7105,5113.7105,5036.6288,14862644800,296577812603.0000,0.543755,1.403436
2020-12-31,5122.4799,5211.2885,5215.6178,5122.4799,17160250900,358731371834.7000,0.627887,1.908164
2021-01-04,5212.9313,5267.7181,5284.4343,5190.9372,21171138200,452796175554.0000,0.774643,1.082834
2021-01-05,5245.8355,5368.5049,5368.5049,5234.3775,22493115900,498041939761.0000,0.822977,1.913291
2021-01-06,5386.5144,5417.6677,5433.4694,5341.4304,19377344400,444434377137.3000,0.708976,0.915763
2021-01-07,5428.3944,5513.6568,5513.6568,5413.3526,21987208000,473385353695.8000,0.804359,1.771779
2021-01-08,5526.2876,5495.4306,5547.4733,5442.6939,20432495600,473567653978.6000,0.747483,-0.330565
2021-01-11,5504.2358,5441.1583,5555.6916,5412.5046,23183598300,522298482544.3000,0.817218,-0.987590
2021-01-12,5419.4996,5596.3525,5596.3525,5417.6272,22422018600,486233760739.8000,0.820091,2.852227
2021-01-13,5609.2637,5577.9711,5644.7195,5535.1435,26156988600,546959736365.5000,0.956692,-0.328453
2021-01-14,5556.2125,5470.4563,5568.0179,5458.6818,24368338000,501890111879.0000,0.891558,-1.927489
2021-01-15,5471.3910,5458.0812,5500.6348,5390.2737,23863743500,475709920372.3000,0.873076,-0.226217
2021-01-18,5438.1618,5518.5205,5541.4613,5410.7750,20705186900,422717209153.0000,0.757520,1.107336
2021-01-19,5525.9690,5437.5234,5532.4793,5415.7166,21104342500,433205176449.9000,0.771968,-1.467732
2021-01-20,5439.9111,5476.4336,5496.0493,5426.5357,17091326000,373770384496.4000,0.625177,0.715587
2021-01-21,5492.9587,5564.9693,5593.1058,5490.5626,20995019700,453183684478.9000,0.767342,1.616667
2021-01-22,5562.3790,5569.7760,5573.6594,5513.8769,19930002000,456622193435.6000,0.721999,0.086374
2021-01-25,5564.1237,5625.9232,5655.4795,5543.2663,19704701900,508166980802.0000,0.713837,1.008069
2021-01-26,5600.9017,5512.9678,5600.9017,5505.9962,17190459000,415008069865.0000,0.622754,-2.007766
2021-01-27,5505.7708,5528.0034,5534.9928,5449.6385,16019084100,376892605839.1000,0.580319,0.272732
2021-01-28,5450.3695,5377.1427,5462.2352,5360.3766,17048558500,376166523177.5000,0.617612,-2.729027
2021-01-29,5413.9684,5351.9646,5430.2015,5288.0955,18217878400,390287690019.0000,0.659955,-0.468243
2021-02-01,5356.8535,5417.6484,5422.2990,5342.0458,16631370600,346859083730.0000,0.602521,1.227284
2021-02-02,5429.7032,5501.0915,5503.2145,5411.5173,16521056500,380016716111.9000,0.597897,1.540209
2021-02-03,5499.2961,5485.2008,5532.8864,5473.1237,18805431700,404343602637.7000,0.680283,-0.288864
2021-02-04,5453.9764,5473.9475,5510.0535,5411.5749,18057565400,397995205379.9000,0.653223,-0.205157
2021-02-05,5494.7011,5483.4140,5550.7714,5477.6517,18969959800,395400134490.0000,0.686032,0.172937
2021-02-08,5506.1423,5564.5618,5576.4908,5479.8529,16403377500,367582771658.8000,0.571412,1.479877
2021-02-09,5584.1650,5686.2502,5686.2502,5555.0537,16488726000,378769121171.9000,0.595711,2.186846
2021-02-10,5709.6840,5807.7191,5823.4219,5707.3295,17016978600,417056463360.9000,0.614786,2.136186
2021-02-18,5922.0714,5768.3814,5930.9122,5747.6631,21884868600,507481235977.7000,0.761648,-0.677335
2021-02-19,5734.0193,5778.8420,5787.8871,5667.3209,21447578000,456433793702.1000,0.774504,0.181344
2021-02-22,5785.5097,5597.3327,5785.5097,5597.3327,28212438200,543633153216.5000,1.018702,-3.140929
2021-02-23,5542.6841,5579.6681,5644.7551,5541.1092,23380772700,424904470814.2000,0.844228,-0.315590
2021-02-24,5591.4795,5437.5683,5598.8284,5379.7278,22542861000,472369211004.2000,0.813972,-2.546743
2021-02-25,5494.4706,5469.5584,5527.6296,5444.1646,23073602800,412206157140.7000,0.833113,0.588316
2021-02-26,5343.9041,5336.7609,5416.3197,5318.8579,21226454300,405717700127.9000,0.766418,-2.427938
2021-03-01,5389.2499,5418.7837,5421.5550,5345.9449,17746352300,358146545967.0000,0.640491,1.536940
2021-03-02,5453.2847,5349.6301,5454.9687,5305.0545,19651111500,376444604695.3000,0.708441,-1.276183
2021-03-03,5327.3467,5452.2125,5452.3960,5316.4809,19470905400,337610313596.0000,0.701940,1.917561
2021-03-04,5388.4785,5280.7058,5392.3725,5254.7771,21277521100,384382456961.0000,0.767070,-3.145635
2021-03-05,5191.9699,5262.7958,5307.8203,5174.2458,20262795600,352539774294.9000,0.730470,-0.339159
2021-03-08,5299.7907,5080.0246,5326.2602,5079.7984,23023163500,407133802141.7000,0.799964,-3.472892
2021-03-09,5066.1546,4970.9994,5094.3110,4917.9090,23071100400,414415213806.0000,0.831712,-2.146155
2021-03-10,5047.0589,5003.6121,5055.2785,4981.6161,16992849000,309577408714.9000,0.612591,0.656059
2021-03-11,5024.5586,5128.2156,5138.4146,5020.5784,18960076600,333859199678.6000,0.683504,2.490271
2021-03-12,5153.6740,5146.3786,5153.6740,5086.8234,20102058900,323237751413.4000,0.724671,0.354178
2021-03-15,5116.1228,5035.5441,5120.8757,4992.3989,20415308400,330740513807.9000,0.709319,-2.153641
2021-03-16,5054.4089,5079.3624,5084.3085,5009.9510,16139005400,271755048563.6000,0.581782,0.870180
2021-03-17,5062.7706,5100.8581,5123.5452,5020.1255,14916237600,263492417709.0000,0.537703,0.423197
2021-03-18,5114.5872,5141.7681,5160.4566,5111.1294,14290151800,260930046844.7000,0.515134,0.802022
2021-03-19,5068.5319,5007.0907,5089.9175,4980.7609,16417484900,282974489237.2000,0.591820,-2.619282
2021-03-22,5008.3953,5057.1520,5071.3378,4996.5410,16740263200,264209098943.0000,0.603455,0.999808
2021-03-23,5057.0632,5009.2459,5064.0200,4966.5340,15801396700,255755377659.6000,0.569611,-0.947294
2021-03-24,4985.4013,4928.6853,5024.3274,4919.8932,15938598200,265970020152.0000,0.574556,-1.608238
2021-03-25,4904.0683,4926.3469,4950.7608,4883.6615,13294518900,219782049461.7000,0.479231,-0.047445
2021-03-26,4953.9453,5037.9899,5050.8292,4953.9453,14592669700,273901922431.0000,0.526022,2.266243
2021-03-29,5052.2634,5046.8773,5086.6543,5010.3902,14338821500,266176599970.5000,0.516871,0.176408
2021-03-30,5043.0952,5094.7291,5106.0365,5032.7950,13861856000,254928014461.3000,0.499678,0.948147
2021-03-31,5085.9497,5048.3607,5085.9497,5015.6070,14133574300,241058485554.4000,0.509322,-0.910125
2021-04-01,5059.9359,5110.7768,5115.4286,5056.8718,12032489000,211493324391.1000,0.433589,1.236364
2021-04-02,5129.8545,5161.5569,5169.8312,5116.3472,12700225400,248060376224.1000,0.457651,0.993589
2021-04-06,5178.6401,5140.3418,5181.1490,5125.3301,10983421000,213852444065.4000,0.395777,-0.411021
2021-04-07,5141.6556,5103.7428,5141.6556,5065.1932,14576374800,246271190296.5000,0.525246,-0.711995
2021-04-08,5078.2627,5112.2086,5129.1318,5062.0725,14177104700,228422004674.7000,0.510867,0.165874
2021-04-09,5100.0422,5035.3374,5100.0422,5022.0926,12841650900,221519791677.6000,0.462744,-1.503679
2021-04-12,5026.9791,4947.7459,5045.6018,4933.0126,15264431400,267218195772.7000,0.550005,-1.739536
2021-04-13,4949.8074,4939.6438,4994.5404,4924.1979,13291935800,225753230649.0000,0.478854,-0.163753
2021-04-14,4945.6857,4980.6279,4987.1191,4940.2686,12086083800,221036276090.0000,0.435412,0.829697
2021-04-15,4969.9099,4948.9741,4969.9099,4900.3033,10882938400,213820884103.5000,0.392067,-0.635538
2021-04-16,4966.8999,4966.1811,4979.1731,4917.9596,11123992400,213389173713.5000,0.400745,0.347688
2021-04-19,4966.4090,5087.0165,5088.2106,4940.7473,15476982400,307899776737.5000,0.557560,2.433165
2021-04-20,5065.7757,5083.3654,5119.8586,5058.9247,13654170000,276640588159.1000,0.491852,-0.071773
2021-04-21,5055.2398,5098.7449,5110.5623,5047.9916,12463727700,242574995256.0000,0.448816,0.302546
2021-04-22,5114.2799,5089.2435,5119.2246,5067.1382,12116764500,241488845756.1000,0.436322,-0.186348
2021-04-23,5088.8263,5135.4534,5149.9825,5086.4914,12205699100,264345183118.9000,0.439522,0.907992
2021-04-26,5156.5941,5077.2372,5181.1066,5072.9585,15138196700,325760384278.3000,0.544998,-1.133614
2021-04-27,5076.6415,5090.5195,5095.9842,5042.6099,12396183700,254738009833.6000,0.446281,0.261605
2021-04-28,5073.9728,5119.2421,5119.4455,5059.2628,12062031800,272182521893.2000,0.434245,0.564237
2021-04-29,5128.2795,5164.1692,5170.5852,5113.6484,14009248000,294112454366.3000,0.504335,0.877612
2021-04-30,5156.3557,5123.4890,5163.2517,5094.9285,16012162100,315075102884.9000,0.576390,-0.787739
2021-05-06,5098.8006,5061.1244,5132.8986,5037.4083,15882263000,323258264641.5000,0.571602,-1.217229
2021-05-07,5073.4554,4996.0527,5093.7471,4996.0370,17225832100,304638402155.0000,0.619949,-1.285716
2021-05-10,5001.4371,4992.4220,5019.3927,4953.6965,17082058500,282656808853.4000,0.614635,-0.072671
2021-05-11,4956.0794,5023.0595,5033.4938,4925.9152,15152649700,270931616512.9000,0.545074,0.613680
2021-05-12,5003.8171,5044.5481,5051.1682,4995.4048,12661908600,228344006493.0000,0.455440,0.427799
2021-05-13,4992.3519,4992.9738,5022.0836,4975.4462,13227940600,237821404345.3000,0.475588,-1.022377
2021-05-14,5007.6286,5110.5901,5112.9838,4981.2948,15942618000,318802786822.9000,0.573187,2.355636
2021-05-17,5115.3063,5184.9853,5206.6947,5115.3063,15388963400,335439913424.1000,0.553281,1.455707
2021-05-18,5190.9345,5187.6013,5201.6721,5156.7924,11840426100,238182265921.9000,0.425253,0.050453
2021-05-19,5173.1666,5172.2720,5193.5574,5151.6392,11872998300,250736278155.8000,0.426356,-0.295499
2021-05-20,5167.0546,5186.4120,5201.5935,5152.0358,13845477500,277088462047.3000,0.497182,0.273381
2021-05-21,5199.1285,5134.1483,5216.1615,5123.1171,12476848500,268053627530.6000,0.448035,-1.007704
2021-05-24,5138.8149,5155.5875,5155.5875,5092.3894,12674233600,278513133226.0000,0.455013,0.417580
2021-05-25,5165.0361,5318.4780,5324.3609,5161.5238,18299683900,404683305641.1000,0.656970,3.159494
2021-05-26,5326.1169,5320.5927,5344.2837,5308.7389,16960709600,346444644792.8000,0.608900,0.039761
2021-05-27,5311.3726,5338.2329,5378.4764,5286.0500,14846285500,311893705935.1000,0.532689,0.331546
2021-05-28,5338.7278,5321.0886,5360.2774,5288.6515,16460580600,330711896344.2000,0.590611,-0.321161
2021-05-31,5318.0825,5331.5696,5331.6294,5281.6851,14460326900,321450798233.5000,0.518841,0.196971
2021-06-01,5320.4745,5341.6798,5343.7529,5269.2590,14383147400,321845842153.4000,0.515462,0.189629
2021-06-02,5348.3440,5289.9736,5352.6404,5266.7852,13775431900,296176177153.5000,0.493668,-0.967976
2021-06-03,5285.7098,5255.2855,5314.3691,5255.0719,14196887800,285448632488.9000,0.508772,-0.655733
2021-06-04,5228.2761,5282.2772,5334.4899,5221.2291,14473208700,292326048775.5000,0.517986,0.513611
2021-06-07,5284.8907,5277.6271,5286.8424,5242.9481,12770497100,280463260583.2000,0.457045,-0.088032
2021-06-08,5276.9711,5232.1165,5319.0406,5201.1404,13055953200,304042218266.2000,0.467136,-0.862331
2021-06-09,5224.9496,5236.4493,5253.3555,5215.3506,12182032100,255075448703.0000,0.435848,0.082812
2021-06-10,5236.4691,5271.4661,5299.5299,5229.5182,13899196700,301454334609.8000,0.497096,0.668713
2021-06-11,5275.7456,5224.7030,5276.1039,5213.5991,18080717300,365363494541.8000,0.646645,-0.887099
2021-06-15,5218.5648,5166.5597,5225.5021,5137.4090,14288005800,330616618621.5000,0.524419,-1.112854
2021-06-16,5163.2493,5080.4909,5164.5192,5076.0222,12514798500,298286772933.4000,0.459293,-1.665882
2021-06-17,5074.3839,5101.8924,5123.3651,5073.8211,12045251800,281927280723.3000,0.442058,0.421249
2021-06-18,5104.9297,5102.4657,5128.0309,5064.9208,14858580500,356697096115.9000,0.544866,0.011237
2021-06-21,5088.0893,5090.3854,5123.7827,5058.5699,13218451600,331527114639.0000,0.484722,-0.236754
2021-06-22,5106.0743,5122.1583,5125.8186,5086.2776,13041675300,313690367125.4000,0.477776,0.624175
2021-06-23,5127.1910,5147.3938,5171.0330,5109.7571,13635605800,358765666329.7000,0.498788,0.492673
2021-06-24,5156.5638,5155.9738,5160.4346,5120.5844,12668562500,312607422609.3000,0.462957,0.166686
2021-06-25,5159.8017,5239.9684,5251.6076,5157.4758,15493106100,368265641241.1000,0.566176,1.629073
2021-06-28,5253.6081,5251.7604,5260.6372,5226.2201,13319378300,337452771675.6000,0.486717,0.225040
2021-06-29,5248.5249,5190.5445,5248.5249,5182.6771,12516299700,314896843024.3000,0.457202,-1.165626
2021-06-30,5189.3797,5224.0410,5231.4262,5186.6250,10375267100,281015504940.5000,0.378993,0.645337
2021-07-01,5241.2039,5229.6642,5252.2642,5190.8762,12724062000,324097400267.5000,0.464501,0.107641
2021-07-02,5186.6613,5081.1172,5186.6613,5074.3621,13042642400,342578961248.3000,0.476164,-2.840469
2021-07-05,5073.7787,5085.7924,5098.2305,5048.0040,13121158900,335197786629.8000,0.478960,0.092011
2021-07-06,5089.7780,5083.1043,5092.2066,5028.5058,14065522000,362828901848.9000,0.513432,-0.052855
2021-07-07,5052.4204,5140.4899,5152.7711,5045.4056,14854906000,336731403375.7000,0.542243,1.128948
2021-07-08,5149.3095,5088.2566,5151.2171,5078.9295,17390100800,397879869879.7000,0.634450,-1.016115
2021-07-09,5063.1480,5069.4361,5081.4086,5006.4115,16065322600,352845583768.9000,0.586033,-0.369881
2021-07-12,5108.3783,5132.7088,5159.4115,5070.3188,20621203900,437203145943.3000,0.752222,1.248121
2021-07-13,5128.6138,5142.0991,5154.0508,5114.9430,16648220900,361328491653.3000,0.607297,0.182950
2021-07-14,5130.7522,5083.0849,5130.7522,5075.1252,18835272000,372568110291.6000,0.686419,-1.147667
2021-07-15,5073.2634,5151.4626,5153.8056,5067.6767,18107710300,372484081122.6000,0.659904,1.345201
2021-07-16,5140.9040,5094.7727,5140.9040,5090.6321,16995598200,362594258079.0000,0.619238,-1.100462
2021-07-19,5083.7276,5113.4945,5120.8235,5047.6234,15319958900,340322623792.1000,0.558047,0.367471
2021-07-20,5080.2158,5108.9941,5114.0033,5067.8619,12930004400,283543130755.2000,0.470884,-0.088010
2021-07-21,5122.7843,5144.0428,5160.5447,5122.3046,16797646900,390275519305.4000,0.611733,0.686020
2021-07-22,5150.3859,5151.7517,5171.2096,5137.8795,18555686400,418221654806.0000,0.675747,0.149861
2021-07-23,5145.4308,5089.2282,5145.4308,5079.9973,21653684700,435521169695.0000,0.788566,-1.213636
2021-07-26,5067.3072,4925.2990,5067.3072,4859.6031,22811171000,495153655116.7000,0.830721,-3.221101
2021-07-27,4924.2816,4751.3130,4940.8600,4749.0327,23663122500,521146117041.1000,0.861561,-3.532496
2021-07-28,4714.2948,4760.4826,4785.6567,4663.9009,19263439300,419706155162.8000,0.701354,0.192991
2021-07-29,4845.7603,4850.2746,4857.9709,4800.0125,17332205400,415676120877.6000,0.631110,1.886195
2021-07-30,4825.7002,4811.1695,4825.7002,4761.0376,18234977600,420943935061.8000,0.663978,-0.806245
2021-08-02,4794.8192,4933.7360,4938.8154,4761.4593,22719491800,524659449295.5000,0.827024,2.547541
2021-08-03,4909.2325,4934.4583,4957.0291,4890.8495,20353336000,471194128401.9000,0.740892,0.014640
2021-08-04,4927.7358,4978.8479,4979.2911,4919.6569,17546646100,425801406611.8000,0.638471,0.899584
2021-08-05,4946.1668,4948.6703,4997.1397,4921.9382,16738182900,398772206808.2000,0.609041,-0.606116
2021-08-06,4943.0427,4921.5647,4944.3486,4891.7968,15417968800,371773603785.1000,0.561002,-0.547735
2021-08-09,4890.2573,4985.5627,5002.8944,4884.0392,18243687100,408897062935.4000,0.663800,1.300359
2021-08-10,4977.8164,5043.1480,5043.7608,4941.2399,16705190200,410098755610.3000,0.607695,1.155041
2021-08-11,5037.0819,5015.3406,5059.7887,5009.9782,18226607400,373386347207.4000,0.663040,-0.551390
2021-08-12,4998.0733,4973.3509,5016.2628,4962.9850,16822373300,361828381964.4000,0.611956,-0.837225
2021-08-13,4958.7577,4945.9829,4993.7432,4921.2812,15831432100,352459069035.5000,0.574981,-0.550293
2021-08-16,4935.9229,4941.0676,4973.3761,4931.3691,16195337300,340735120174.7000,0.588178,-0.099380
2021-08-17,4935.0044,4837.4034,4967.5648,4823.3923,18757347200,388457131504.0000,0.681223,-2.098012
2021-08-18,4838.4706,4894.2384,4909.5409,4818.9013,19747437800,395792165759.8000,0.717116,1.174907
2021-08-19,4886.5640,4862.1394,4893.4670,4839.5681,20171171900,397424964846.0000,0.732504,-0.655853
2021-08-20,4817.4937,4769.2678,4835.1530,4720.8257,17763581000,404938035667.4000,0.645073,-1.910097
2021-08-23,4777.7347,4835.8782,4843.8193,4764.0089,16757909300,389599126282.0000,0.608549,1.396659
2021-08-24,4844.5925,4888.3902,4906.2036,4842.7476,19788316300,417481426158.2000,0.718596,1.085883
2021-08-25,4890.5211,4898.1572,4899.7651,4865.7646,18944801600,371868197458.6000,0.687964,0.199800
2021-08-26,4892.2044,4801.6094,4892.2044,4798.6954,19761738700,368987718505.9000,0.717631,-1.971105
2021-08-27,4794.9740,4827.0433,4863.4692,4793.5908,18331021100,368421410281.2000,0.664411,0.529695
2021-08-30,4847.0348,4813.2703,4849.1598,4787.1999,21963575700,477182071719.8000,0.796051,-0.285330
2021-08-31,4803.0854,4805.6099,4821.7564,4740.7524,23511865800,460805653996.0000,0.852157,-0.159152
2021-09-01,4804.6863,4869.4587,4906.4024,4763.2992,32672108000,568819748405.8000,0.000000,1.328631
2021-09-02,4865.8218,4869.4113,4892.7049,4845.6246,26785801300,465954132797.1000,0.969481,-0.000973
2021-09-03,4875.0656,4843.0624,4886.5477,4828.6991,26809189600,466430119699.6000,0.970328,-0.541111
2021-09-06,4841.0623,4933.7262,4944.4497,4837.7859,24050724500,452756275291.9000,0.870488,1.872035
2021-09-07,4932.9759,4992.8294,5005.9606,4915.6119,24417851900,417759639120.9000,0.883776,1.197942
2021-09-08,4986.7953,4972.1324,5013.9764,4955.8876,26461531500,428591077708.1000,0.957744,-0.414534
2021-09-09,4952.4924,4970.0133,4970.1470,4929.9501,25653021700,401675689275.8000,0.928481,-0.042620
2021-09-10,4967.9759,5013.5219,5042.7994,4962.3707,28830435200,472762533239.2000,1.043443,0.875422
2021-09-13,5006.7748,4991.6598,5029.7237,4964.9599,24991529800,433329627421.1000,0.904504,-0.436063
2021-09-14,4989.8348,4917.1617,5000.9772,4907.3159,24559040200,417245830782.2000,0.888850,-1.492451
2021-09-15,4903.8471,4867.3187,4903.8471,4843.1158,18798473000,363256653878.3000,0.680361,-1.013654
2021-09-16,4866.7936,4807.6978,4879.5306,4806.1442,21675209900,393517267165.6000,0.784477,-1.224923
2021-09-17,4797.1129,4855.9402,4857.9580,4786.0876,20195812700,360397420086.7000,0.731340,1.003441
2021-09-22,4770.7323,4821.7675,4830.8496,4765.2301,19122037600,311952989432.1000,0.692035,-0.703730
2021-09-23,4848.2223,4853.1957,4877.3359,4837.5571,22815106400,362140919563.0000,0.825688,0.651798
2021-09-24,4845.6380,4849.4277,4897.0596,4838.5352,20769329000,361849453197.3000,0.751650,-0.077640
2021-09-27,4870.8482,4877.3698,4922.5626,4852.1997,21596703000,426083025417.5000,0.781392,0.576194
2021-09-28,4869.0845,4883.8280,4901.3114,4846.6306,17689088000,321272191534.0000,0.640066,0.132412
2021-09-29,4846.0212,4833.9281,4868.0678,4799.8770,18817136600,331841767748.9000,0.680883,-1.021737
2021-09-30,4843.9531,4866.3826,4876.0728,4843.9531,14611389600,283254685232.2000,0.528777,0.671390
2021-10-08,4915.7305,4929.9409,4937.0918,4891.6249,16896807700,343635835306.4000,0.611416,1.306069
2021-10-11,4941.2918,4936.1918,4983.7294,4930.7132,16351162400,315186321382.1000,0.591690,0.126795
2021-10-12,4920.6596,4883.8369,4925.4883,4840.7700,16807933700,299424238601.1000,0.608206,-1.060633
2021-10-13,4880.1440,4940.1089,4953.3749,4869.8307,13114281300,280044666628.4000,0.474548,1.152209
2021-10-14,4934.2575,4913.6123,4953.9231,4903.2498,11955701300,249151666554.2000,0.432624,-0.536357
2021-10-15,4896.5578,4932.1084,4939.8153,4881.0136,14282200100,300728491201.2000,0.516810,0.376426
2021-10-18,4922.5137,4874.7753,4922.5137,4844.9383,14124519900,302539444437.0000,0.511104,-1.162446
2021-10-19,4869.3907,4922.7232,4928.1433,4868.8106,13526649300,282928243806.8000,0.488970,0.983592
2021-10-20,4926.7727,4910.1846,4944.0216,4898.3651,14153318300,279747732455.1000,0.511625,-0.254709
2021-10-21,4914.7378,4928.0156,4946.1764,4893.8525,14889815400,274802962494.9000,0.538253,0.363143
2021-10-22,4934.8698,4959.7254,4989.8870,4934.8698,14392622800,289252612199.9000,0.520280,0.643460
2021-10-25,4940.8962,4979.5235,4981.6499,4930.1120,14186149000,299408232157.6000,0.512786,0.399177
2021-10-26,4983.2383,4963.0984,5002.5746,4953.4787,14088894300,301786229740.4000,0.509271,-0.329853
2021-10-27,4949.2269,4898.1644,4949.2269,4884.9418,14711159300,299460469414.7000,0.531430,-1.308336
2021-10-28,4882.5858,4864.1380,4898.6576,4846.2779,15664947200,316631709566.3000,0.565860,-0.694677
2021-10-29,4861.2667,4908.7701,4908.7701,4855.7593,15988735300,368731987310.2000,0.577136,0.917575
2021-11-01,4878.1276,4890.6851,4908.2056,4858.2485,17158397400,379730767559.0000,0.619357,-0.368422
2021-11-02,4886.1849,4839.8457,4911.2266,4797.8990,18543768800,385731879817.5000,0.669313,-1.039515
2021-11-03,4835.8093,4821.1119,4858.7133,4804.3657,14276382000,302269934656.2000,0.515288,-0.387074
2021-11-04,4841.0912,4868.7419,4873.9394,4834.7433,13259297000,308688054573.6000,0.478578,0.987946
2021-11-05,4858.8999,4842.3458,4889.6835,4841.7442,14778935900,312070841453.0000,0.533417,-0.542154
2021-11-08,4841.1527,4848.1795,4866.0822,4827.6892,13739826400,295893824000.4000,0.495911,0.120473
2021-11-09,4858.2525,4846.7444,4870.7905,4818.5386,11837552600,261645065376.2000,0.427252,-0.029601
2021-11-10,4832.8006,4821.1925,4832.8006,4753.9959,13511817900,301058966270.5000,0.487681,-0.527197
2021-11-11,4814.7655,4898.6529,4898.6529,4809.1109,16048486300,323624626069.0000,0.579152,1.606665
2021-11-12,4902.9289,4888.3749,4909.0839,4875.3492,13266296900,271773244503.0000,0.478750,-0.209813
2021-11-15,4894.4119,4882.3777,4906.3301,4863.3960,12182314900,272997748910.2000,0.439619,-0.122683
2021-11-16,4880.8964,4883.3206,4915.3717,4876.5004,12725440600,284094590893.0000,0.459215,0.019312
2021-11-17,4883.2481,4885.7544,4891.5232,4864.5198,10845922300,246177916948.6000,0.387610,0.049839
2021-11-18,4871.4216,4837.6185,4871.4216,4830.4123,11448056500,244484713797.1000,0.409128,-0.985230
2021-11-19,4832.0595,4890.0575,4892.8093,4829.5665,12719831200,266280681863.6000,0.454579,1.083984
2021-11-22,4895.3875,4912.3990,4918.9957,4893.2732,13809283600,316148811480.0000,0.493466,0.456876
2021-11-23,4905.7587,4913.3457,4927.5211,4896.8781,15430441100,301022146081.1000,0.551397,0.019272
2021-11-24,4914.0266,4916.6579,4935.4885,4899.6112,13715067300,289707337708.6000,0.490100,0.067412
2021-11-25,4917.6055,4896.4416,4921.3333,4891.7280,11598403100,255450994352.1000,0.414462,-0.411180
2021-11-26,4886.9516,4860.1265,4886.9516,4850.8114,12036897400,243041335647.2000,0.430131,-0.741663
2021-11-29,4820.0053,4851.4230,4858.5322,4818.7058,13362686200,285995221656.8000,0.477499,-0.179080
2021-11-30,4857.1830,4832.0260,4871.2528,4810.2192,12963059600,279268234018.0000,0.463219,-0.399821
2021-12-01,4831.8885,4843.8510,4844.5242,4823.9254,12308678900,255968912362.1000,0.439710,0.244721
2021-12-02,4839.9137,4856.1630,4866.8505,4830.3228,14808852100,278051726155.7000,0.529024,0.254178
2021-12-03,4856.9802,4901.0175,4901.0175,4853.3505,14405962600,300052698342.0000,0.514491,0.923661
2021-12-06,4909.4292,4892.6209,4943.9032,4888.6927,17361568300,333405791014.9000,0.620011,-0.171324
2021-12-07,4930.8261,4922.1015,4934.0973,4895.2178,17905346000,340617766237.8000,0.639430,0.602552
2021-12-08,4934.4056,4995.9298,4995.9298,4915.7898,15749055900,329064831238.9000,0.559087,1.499935
2021-12-09,5000.6871,5078.6901,5114.5012,4999.4097,22056877600,425680958779.1000,0.783013,1.656555
2021-12-10,5046.2677,5055.1172,5060.0554,5035.8087,19369515400,356917625379.5000,0.687613,-0.464153
2021-12-13,5090.0207,5083.8007,5143.8410,5079.7276,21180159600,426376532477.1000,0.751868,0.567415
2021-12-14,5066.3497,5049.6953,5075.2138,5038.8583,15910779000,318685538073.5000,0.572325,-0.670864
2021-12-15,5036.2840,5005.8991,5060.3680,5003.7776,15052975200,291072568760.8000,0.541465,-0.867304
2021-12-16,5006.6105,5034.7321,5034.7321,4987.2247,14405386700,291474766866.2000,0.518165,0.575980
2021-12-17,5021.3385,4954.7599,5022.1067,4954.7592,14900539900,297943311186.6000,0.535975,-1.588410
2021-12-20,4934.9662,4880.4178,4971.6727,4872.6846,16967569000,317536919390.0000,0.610326,-1.500418
2021-12-21,4876.5141,4913.4853,4917.7994,4872.9491,14333989800,259023177322.6000,0.515596,0.677555
2021-12-22,4924.5771,4914.4544,4936.6731,4903.1652,13325674000,244642450513.7000,0.479327,0.019723
2021-12-23,4924.2912,4948.7389,4948.7389,4906.7473,13955540600,263359754800.7000,0.501946,0.697626
2021-12-24,4953.0616,4921.3449,4964.9064,4905.9785,14267332300,290483663506.4000,0.513158,-0.553555
2021-12-27,4918.1462,4919.3238,4939.6890,4894.1598,12410095200,254421525172.7000,0.446319,-0.041068
2021-12-28,4923.6917,4955.9644,4959.1448,4913.5983,13045775700,276316732181.2000,0.469181,0.744830
2021-12-29,4958.6455,4883.4804,4958.6455,4883.4804,11358700200,273225467112.2000,0.408472,-1.462561
2021-12-30,4882.1561,4921.5109,4940.1780,4878.6478,12161717800,268022477311.8000,0.437350,0.778758
2021-12-31,4937.4630,4940.3733,4950.3639,4923.1392,12131373700,266975388723.2000,0.436276,0.383264
2022-01-04,4957.9835,4917.7653,4961.4527,4874.5337,15153477600,336516961627.0000,0.544952,-0.457617
2022-01-05,4907.9347,4868.1202,4916.2822,4851.9835,17881610000,363944528847.9000,0.643041,-1.009505
2022-01-06,4842.1560,4818.2318,4857.5596,4786.4330,15766582600,321750076549.2000,0.566981,-1.024798
2022-01-07,4824.3181,4822.3689,4856.6522,4818.1931,18713941300,332218950735.0000,0.672991,0.085863
2022-01-10,4812.2300,4844.0451,4844.3928,4780.8191,15621169600,305033816783.5000,0.000000,0.449493
2022-01-11,4840.0087,4797.7735,4850.8790,4791.8854,14692800400,286445756033.7000,0.528382,-0.955226
2022-01-12,4818.8902,4845.5787,4852.7314,4810.9190,14320020400,293153042845.2000,0.514975,0.996404
2022-01-13,4853.0314,4765.9191,4853.0632,4765.2416,14251965300,288799117043.3000,0.512059,-1.643965
2022-01-14,4743.9124,4726.7317,4764.0522,4723.9428,14686312600,281828448517.4000,0.527665,-0.822242
2022-01-17,4728.7595,4767.2762,4775.2385,4726.7083,11529569100,263788241676.0000,0.414195,0.857770
2022-01-18,4766.7811,4813.3472,4826.3003,4747.9200,15087080200,282749393138.7000,0.541992,0.966401
2022-01-19,4815.8106,4780.3784,4828.7522,4755.9301,13392736000,275534557468.5000,0.481122,-0.684945
2022-01-20,4778.2616,4823.5091,4845.0048,4777.5683,16497131500,304344267970.5000,0.592603,0.902244
2022-01-21,4808.7733,4779.3142,4818.3052,4762.5641,13895258500,274699155293.8000,0.499139,-0.916240
2022-01-24,4753.9413,4786.7377,4801.0976,4746.4479,11446388000,246261594852.9000,0.410957,0.155326
2022-01-25,4761.9500,4678.4511,4781.3908,4678.2472,13366758600,250555769168.0000,0.479887,-2.262221
2022-01-26,4697.0991,4712.3109,4718.9946,4648.1283,10707084200,226553448356.8000,0.384400,0.723740
2022-01-27,4708.0989,4619.8765,4708.4364,4616.0273,12126380400,250535654824.4000,0.435354,-1.961551
2022-01-28,4641.8137,4563.7720,4660.5190,4559.8331,12648011200,263967891828.3000,0.453829,-1.214416
2022-02-07,4638.5754,4634.0899,4672.6535,4615.0052,14484972000,266031793985.3000,0.512171,1.540785
2022-02-08,4626.4365,4608.7729,4626.4365,4522.4709,15583070800,281364873762.5000,0.558989,-0.546321
2022-02-09,4608.1491,4652.0609,4659.4611,4595.2826,14833554700,273771960506.0000,0.532102,0.939252
2022-02-10,4657.2107,4639.8625,4657.2107,4608.0905,15157666600,287224388085.6000,0.543717,-0.262215
2022-02-11,4617.8741,4601.3953,4662.5963,4595.8751,15597458400,307938016714.5000,0.559292,-0.829059
2022-02-14,4579.4202,4551.6878,4593.6324,4530.0566,14367389400,275737553466.7000,0.515096,-1.080270
2022-02-15,4553.8112,4600.1025,4601.4530,4550.5430,11502560000,249977008675.0000,0.412320,1.063665
2022-02-16,4619.8458,4617.9893,4643.1003,4607.2178,10725895500,210190931035.5000,0.384320,0.388835
2022-02-17,4616.8955,4629.1649,4650.1591,4606.9522,11001464300,227946249306.5000,0.394191,0.242001
2022-02-18,4604.5669,4651.2358,4651.3415,4598.1003,10455022800,195825700477.9000,0.374612,0.476779
2022-02-21,4646.0522,4634.3141,4646.6724,4613.2971,11251651200,215039182297.2000,0.402590,-0.363811
2022-02-22,4601.9184,4574.1527,4602.0660,4550.8040,12331723700,246872960668.1000,0.441235,-1.298173
2022-02-23,4582.0064,4623.0465,4625.2979,4579.2945,12295291600,259050146194.4000,0.439932,1.068915
2022-02-24,4592.0690,4529.3189,4610.8792,4488.4763,18440305800,342346666856.5000,0.659802,-2.027399
2022-02-25,4564.6321,4573.4247,4611.8602,4561.8964,14972258300,271727599672.0000,0.535696,0.973784
2022-02-28,4563.7427,4581.6459,4581.6459,4530.6764,13540697800,248363727482.7000,0.484475,0.179760
2022-03-01,4597.8550,4619.6862,4623.4312,4583.9170,12313922000,260431185063.7000,0.440578,0.830276
2022-03-02,4594.0170,4578.6007,4594.0170,4558.4416,11329832500,215299655365.1000,0.405369,-0.889357
2022-03-03,4595.0249,4551.6283,4599.3973,4544.4313,13828587700,242701771996.2000,0.494769,-0.589097
2022-03-04,4513.3636,4496.4301,4539.3925,4481.4927,12726680600,249970282271.0000,0.455342,-1.212713
2022-03-07,4462.5174,4352.7775,4462.5174,4338.3042,16219770600,306898527658.4000,0.580322,-3.194814
2022-03-08,4361.6424,4265.3910,4383.6467,4252.5386,16786327700,315176698370.9000,0.600597,-2.007603
2022-03-09,4280.9789,4226.3463,4304.4820,4068.1930,19423290000,341009391865.7000,0.694783,-0.915384
2022-03-10,4326.2035,4292.8374,4335.6731,4288.5078,14526638300,301636182195.2000,0.519465,1.573253
2022-03-11,4231.1961,4306.5217,4316.0440,4176.4522,15239992100,295008832432.0000,0.544892,0.318771
2022-03-14,4248.1526,4174.7577,4280.3609,4174.7577,13018723600,260691659460.8000,0.465472,-3.059639
2022-03-15,4125.4866,3983.8120,4163.4176,3983.8120,20252469900,346988947367.8000,0.724105,-4.573815
2022-03-16,4053.0990,4156.0810,4168.5853,3942.8610,19602198200,378883588290.3000,0.700855,4.324225
2022-03-17,4237.6722,4237.6956,4302.7426,4217.8038,17940734400,385039197285.7000,0.641460,1.963739
2022-03-18,4218.4736,4265.9017,4283.3679,4194.9402,14945830500,275791291072.6000,0.534379,0.665600
2022-03-21,4280.1397,4258.7459,4287.8166,4223.0240,12703636000,251214543321.0000,0.454195,-0.167744
2022-03-22,4252.5658,4255.2950,4283.3344,4236.6888,12638247000,226213533984.5000,0.451850,-0.081031
2022-03-23,4269.6088,4276.5174,4287.5771,4241.9570,11708907800,226390778403.3000,0.418660,0.498729
2022-03-24,4249.5328,4251.3061,4273.9568,4216.8506,10891827200,219594430540.4000,0.389205,-0.589529
2022-03-25,4249.0731,4174.5742,4254.8449,4173.9300,10880804600,217013187264.8000,0.388811,-1.804902
2022-03-28,4128.8379,4148.4663,4174.1206,4091.2978,11844902100,213468973997.5000,0.423222,-0.625403
2022-03-29,4155.4182,4134.1441,4177.2134,4124.7179,10026697200,199463853668.2000,0.358217,-0.345241
2022-03-30,4162.1666,4254.0989,4254.0989,4160.7351,13834602400,268869181171.3000,0.494262,2.901563
2022-03-31,4234.7159,4222.5968,4247.3602,4214.5352,13402918500,238877216805.6000,0.478837,-0.740512
2022-04-01,4198.8191,4276.1580,4290.6710,4190.0835,13380305300,244758870755.2000,0.478029,1.268442
2022-04-06,4258.8325,4263.8411,4277.5238,4236.7283,15906219500,253690929897.9000,0.568263,-0.288037
2022-04-07,4240.0237,4209.0998,4278.1127,4205.7430,13488035300,216996185503.7000,0.481870,-1.283849
2022-04-08,4213.2107,4230.7669,4237.8126,4175.5287,14284379300,229081764759.3000,0.510109,0.514768
2022-04-11,4203.7902,4100.0703,4203.7902,4089.0934,14819707100,265224932471.5000,0.529189,-3.089194
2022-04-12,4102.9711,4179.9727,4179.9727,4075.7960,14428568400,252830412756.4000,0.515028,1.948806
2022-04-13,4154.4121,4139.7370,4194.0374,4139.7370,12509748900,221281029559.7000,0.446535,-0.962583
2022-04-14,4172.6443,4191.5684,4217.0612,4155.5509,12479131600,245993822040.5000,0.445439,1.252046
2022-04-15,4162.3718,4188.7472,4211.3174,4152.9740,12476226300,226229740275.2000,0.445335,-0.067307
2022-04-18,4152.9306,4166.3844,4171.7427,4119.9941,11750461000,212855328186.8000,0.419429,-0.533878
2022-04-19,4161.9328,4134.9017,4186.9389,4115.4184,11021747100,208570579128.8000,0.393418,-0.755636
2022-04-20,4130.5427,4070.7889,4136.1661,4060.5044,11733165800,216536635695.2000,0.418535,-1.550528
2022-04-21,4048.7338,3995.8300,4086.4393,3978.3669,13278382800,227026679682.4000,0.473643,-1.841385
2022-04-22,3967.2016,4013.2498,4037.0840,3953.7217,12210181100,206371766715.6000,0.435536,0.435949
2022-04-25,3933.4459,3814.9127,3958.2102,3814.9127,16836450200,272889272275.2000,0.600550,-4.942057
2022-04-26,3822.4887,3784.1198,3871.8498,3773.8986,15757761100,259626354225.4000,0.562076,-0.807172
2022-04-27,3758.0835,3895.5361,3895.7310,3757.0859,17273404600,296924102939.0000,0.616135,2.944312
2022-04-28,3883.4196,3921.1073,3943.4349,3873.5781,15305658600,268502242452.9000,0.545947,0.656423
2022-04-29,3939.6238,4016.2410,4017.4281,3898.5701,17945837700,321414877428.2000,0.639684,2.426195
2022-05-05,3995.3533,4010.2102,4039.7000,3988.9312,15417071600,290538230662.9000,0.549487,-0.150160
2022-05-06,3928.8548,3908.8150,3947.2378,3902.0510,12300555100,214825174047.3000,0.438410,-2.528426
2022-05-09,3883.9514,3877.4364,3914.1116,3854.9353,9293669400,171756502863.8000,0.331240,-0.802765
2022-05-10,3820.6278,3919.8684,3932.6823,3808.5699,13641691800,239060211932.9000,0.486210,1.094331
2022-05-11,3917.9322,3976.4231,4033.3026,3916.5249,16563225600,309294912796.8000,0.590344,1.442770
2022-05-12,3949.9490,3958.7400,3985.9268,3935.5886,11337606600,202029156415.1000,0.404093,-0.444699
2022-05-13,3983.8201,3988.6002,4003.8539,3957.1392,10996835700,195727044922.1000,0.391947,0.754285
2022-05-16,4014.9955,3956.5378,4018.0283,3947.7461,11242529400,199717909541.0000,0.400565,-0.803851
2022-05-17,3961.7605,4005.8934,4005.8934,3955.1018,10966145400,210117539690.9000,0.390717,1.247444
2022-05-18,4015.0134,3991.9069,4017.3410,3964.7503,10807423300,201800666052.1000,0.384678,-0.349148
2022-05-19,3938.2964,3999.5984,3999.5984,3933.7452,11629342000,210206681641.5000,0.413835,0.192677
2022-05-20,4020.8162,4077.5998,4077.6016,4020.8162,14706917300,265609089942.6000,0.523352,1.950231
2022-05-23,4080.9694,4053.9823,4080.9694,4029.0846,13047781000,225981540919.1000,0.464307,-0.579201
2022-05-24,4052.8675,3959.1541,4055.7830,3959.1541,14555433600,247713039712.6000,0.517957,-2.339137
2022-05-25,3959.7672,3983.1784,3983.6236,3946.8083,10773401500,188700537391.3000,0.383265,0.606804
2022-05-26,3987.6815,3993.0446,4015.7468,3938.2389,12626368900,216987025401.0000,0.449065,0.247697
2022-05-27,4022.7095,4001.2988,4051.1428,3983.3838,11276933700,206944426227.2000,0.401066,0.206714
2022-05-30,4020.8584,4029.0179,4040.8190,4003.3768,11115224100,211144721615.5000,0.395315,0.692753
2022-05-31,4031.7621,4091.5176,4096.1971,4020.3781,13541551300,267770088726.0000,0.481606,1.551239
2022-06-01,4086.6177,4083.1772,4094.9008,4058.8468,11485087900,225416237873.3000,0.408368,-0.203846
2022-06-02,4063.9996,4089.5682,4091.1520,4057.9135,11389363800,222657537906.0000,0.404918,0.156520
2022-06-06,4090.5286,4166.0850,4166.6151,4063.9057,16787101100,324075626903.1000,0.596359,1.871024
2022-06-07,4165.6899,4179.1285,4198.0863,4155.1683,14299288100,285733722332.6000,0.507980,0.313088
2022-06-08,4187.1483,4219.8122,4224.8096,4158.0329,15737405700,319480252836.5000,0.558992,0.973497
2022-06-09,4211.7225,4175.6747,4227.4484,4160.8814,16844915400,285172804211.6000,0.598263,-1.045959
2022-06-10,4145.6505,4238.9936,4241.3541,4140.2203,18479621400,324091440663.3000,0.656280,1.516375
2022-06-13,4194.4574,4189.3527,4218.2327,4156.7146,16847562200,336585670508.0000,0.603981,-1.171054
2022-06-14,4143.2232,4222.3114,4224.0857,4102.9290,17138590400,335418557931.6000,0.614345,0.786725
2022-06-15,4228.2926,4278.2178,4348.4226,4228.2926,25704659000,459766820664.8000,0.921405,1.324071
2022-06-16,4282.0827,4250.0614,4302.9212,4241.0750,18407441600,337235911542.4000,0.659775,-0.658134
2022-06-17,4219.2339,4309.0444,4318.7655,4218.6817,15864909800,346675726828.8000,0.568562,1.387815
2022-06-20,4322.8324,4330.4328,4368.3555,4297.8912,16566638200,359569296859.8000,0.593674,0.496361
2022-06-21,4327.9159,4325.5657,4357.3396,4287.1406,16466761500,317163317740.3000,0.590094,-0.112393
2022-06-22,4331.9020,4270.6227,4333.1827,4269.2456,15856585400,298656263311.3000,0.568048,-1.270192
2022-06-23,4277.9555,4343.8781,4343.8781,4260.9002,17088236000,327144780543.7000,0.612171,1.715333
2022-06-24,4354.5530,4394.7723,4400.6852,4346.1221,16897219900,356054750521.5000,0.605328,1.171630
2022-06-27,4414.3321,4444.2639,4472.6948,4414.3321,17738567600,381432966327.9000,0.635069,1.126147
2022-06-28,4442.5811,4490.5166,4497.8949,4407.3519,17475648900,361685970663.6000,0.624813,1.040728
2022-06-29,4472.7346,4421.3570,4503.1307,4413.9961,18727668800,395926107698.5000,0.669577,-1.540126
2022-06-30,4418.0656,4485.0108,4514.9968,4418.0656,15666628900,354343886760.3000,0.560103,1.439689
2022-07-01,4489.5204,4466.7179,4500.9853,4449.2914,14477959900,318492130199.6000,0.517526,-0.407867
2022-07-04,4447.2159,4496.0303,4496.0338,4427.8232,14634565100,356968521261.0000,0.522813,0.656240
2022-07-05,4505.4572,4489.5383,4530.3245,4439.4511,15496241500,361891850839.3000,0.553155,-0.144394
2022-07-06,4475.4815,4423.9698,4484.3615,4393.4165,14980023500,344672707728.0000,0.534727,-1.460473
2022-07-07,4425.2814,4443.4736,4457.3431,4391.1938,13266090600,328133133656.5000,0.473595,0.440866
2022-07-08,4468.0627,4428.7810,4479.4937,4426.8856,12319573900,304031107302.5000,0.439796,-0.330656
2022-07-11,4406.1476,4354.6167,4406.1476,4330.5819,13444857800,299195233430.3000,0.479737,-1.674598
2022-07-12,4352.6456,4313.6184,4370.3411,4296.6215,13018783800,291072311850.2000,0.464489,-0.941490
2022-07-13,4313.3589,4321.4617,4341.4663,4284.9419,13111317900,286075545406.5000,0.467791,0.181826
2022-07-14,4308.8229,4322.0742,4352.0978,4292.7595,14525092600,301569861036.8000,0.518232,0.014173
2022-07-15,4299.4714,4248.5273,4344.8572,4248.5273,15021445300,316793192669.9000,0.535941,-1.701658
2022-07-18,4262.1539,4292.5858,4300.7777,4217.5064,12260119200,281055128639.5000,0.437310,1.037030
2022-07-19,4288.4441,4269.3401,4288.4441,4238.8238,10380573000,231117731807.1000,0.370271,-0.541531
2022-07-20,4291.2808,4283.8027,4303.3668,4269.9717,9449014400,212301881407.6000,0.337035,0.338755
2022-07-21,4270.3624,4236.0578,4283.1471,4236.0499,11715634400,239228146811.6000,0.417869,-1.114545
2022-07-22,4251.7867,4238.2341,4275.4696,4207.3135,10384062400,224295333457.3000,0.370259,0.051376
2022-07-25,4233.9277,4212.6441,4234.8448,4201.9190,8363666400,188136426672.8000,0.000000,-0.603789
2022-07-26,4220.0911,4245.9758,4259.9854,4214.5343,8582327400,197601406373.7000,0.306015,0.791230
2022-07-27,4236.1540,4225.0357,4242.0951,4217.2809,7890494000,194245303807.0000,0.281318,-0.493175
2022-07-28,4242.2743,4225.6733,4267.9181,4223.0290,10753193000,243871486472.0000,0.383343,0.015091
2022-07-29,4226.4245,4170.1019,4243.5143,4160.8735,11417928600,253198574647.5000,0.407040,-1.315090
2022-08-01,4160.6478,4188.6784,4196.5743,4129.4528,10774902900,251125308597.5000,0.000000,0.445469
2022-08-02,4144.3765,4107.0240,4144.3765,4071.4310,14222442500,281013555279.9000,0.506770,-1.949407
2022-08-03,4114.8251,4066.9754,4150.9804,4058.1792,11666612400,268695834765.4000,0.415701,-0.975125
2022-08-04,4089.4419,4101.5367,4108.1591,4064.6594,8953264400,216898674902.2000,0.319020,0.849804
2022-08-05,4109.6287,4156.9111,4159.4850,4097.8625,10257100400,247325902015.1000,0.365475,1.350089
2022-08-08,4142.1111,4148.0746,4155.7301,4135.0809,9020813800,224080812054.7000,0.321425,-0.212574
2022-08-09,4143.6660,4156.2907,4161.8086,4131.4252,8413695900,214223692260.1000,0.299766,0.198070
2022-08-10,4149.2071,4109.7373,4160.7871,4092.5455,8556583900,217447368470.0000,0.304857,-1.120071
2022-08-11,4130.7410,4193.5428,4193.8115,4116.0558,12138505100,269630998406.8000,0.432475,2.039194
2022-08-12,4185.4203,4191.1520,4202.4663,4175.0501,10680829500,219208055254.9000,0.380540,-0.057011
2022-08-15,4180.0006,4185.6794,4219.9183,4174.3000,10589849500,245539800985.4000,0.377270,-0.130575
2022-08-16,4190.5269,4177.8370,4208.8006,4170.5197,9390613900,233818584731.5000,0.334547,-0.187363
2022-08-17,4182.5668,4216.9586,4222.7866,4155.1734,11286465900,252044325051.7000,0.402088,0.936408
2022-08-18,4205.7851,4180.0996,4211.9141,4173.5410,10105265000,233115491389.8000,0.359950,-0.874066
2022-08-19,4174.5458,4151.0738,4185.6579,4151.0738,11740297800,262494128152.3000,0.417646,-0.694381
2022-08-22,4135.1623,4181.3965,4183.6498,4134.2008,11244272000,259747163698.2000,0.400009,0.730478
2022-08-23,4175.5314,4161.0823,4187.3875,4147.4127,10315351200,239101330833.1000,0.365127,-0.485823
2022-08-24,4168.5764,4082.4195,4174.1565,4079.0934,11906967900,262844309316.1000,0.421432,-1.890441
2022-08-25,4093.2949,4116.2396,4119.6196,4058.7454,11132074500,242149581477.5000,0.393728,0.828433
2022-08-26,4127.8142,4107.5455,4139.7879,4102.6818,9900049300,225519196800.4000,0.350179,-0.211215
2022-08-29,4063.8825,4089.5205,4092.9474,4059.5963,9435443200,203086114712.3000,0.330625,-0.438827
2022-08-30,4088.5262,4075.7937,4093.1356,4048.5244,9330166200,192649001277.8000,0.326776,-0.335658
2022-08-31,4057.1443,4078.8402,4112.8485,4046.6225,13244976500,292974665546.2000,0.463880,0.074746
2022-09-01,4066.1869,4043.7395,4090.8852,4041.1281,9738707100,210898503453.9000,0.341068,-0.860556
2022-09-02,4054.8423,4023.6131,4056.1805,4004.9110,8678927800,184468327005.7000,0.303953,-0.497718
2022-09-05,4010.4052,4015.4264,4016.9986,3982.7395,9376710900,201118696559.4000,0.328337,-0.203466
2022-09-06,4024.4726,4052.2802,4054.0040,4009.5826,11350626500,235921838118.4000,0.397478,0.917805
2022-09-07,4032.7231,4054.9830,4067.5437,4028.3740,10767805900,215147152182.0000,0.377069,0.066698
2022-09-08,4059.1689,4037.6839,4067.7580,4036.0226,10088604900,186889047980.8000,0.353284,-0.426613
2022-09-09,4050.5853,4093.7874,4099.0081,4042.2498,11842711400,221442547204.1000,0.414709,1.389497
2022-09-13,4112.0123,4111.1145,4128.1113,4097.1408,11178973700,218521062135.8000,0.391466,0.423254
2022-09-14,4058.0441,4065.3590,4089.0583,4047.9187,9079368100,185484965110.5000,0.317942,-1.112971
2022-09-15,4078.6495,4027.1186,4088.8078,3998.8564,12395119600,254367492776.0000,0.434054,-0.940640
2022-09-16,4013.5829,3932.6826,4019.4104,3932.6826,13719365500,241251840050.3000,0.480426,-2.345002
2022-09-19,3928.4239,3928.0001,3953.6494,3910.3106,9771957500,183574440581.8000,0.341741,-0.119066
2022-09-20,3945.6467,3932.8361,3957.5538,3921.6884,8482413400,179248153537.9000,0.296643,0.123116
2022-09-21,3921.3177,3903.7348,3924.3914,3884.2268,8645839100,168939074342.6000,0.302349,-0.739957
2022-09-22,3875.1771,3869.3440,3900.2736,3860.2308,8094691900,161134102784.4000,0.283075,-0.880972
2022-09-23,3865.1049,3856.0212,3888.3958,3829.6913,9434246200,172904807364.4000,0.329920,-0.344317
2022-09-26,3829.5958,3836.6773,3893.3186,3827.9498,10452603100,192906200253.8000,0.365146,-0.501654
2022-09-27,3844.0692,3892.2950,3893.0283,3827.9265,8886016000,185955247353.4000,0.310404,1.449632
2022-09-28,3879.4398,3828.7098,3879.4398,3828.0545,8659221300,172438042788.2000,0.302212,-1.633617
2022-09-29,3864.3160,3827.1434,3873.1823,3808.6496,8565414200,171635940007.5000,0.298701,-0.040912
2022-09-30,3833.3504,3804.8853,3848.6018,3801.2798,7855996600,158692748773.3000,0.273923,-0.581585
2022-10-10,3806.5596,3720.9365,3807.4574,3715.7142,10264759500,194635904094.3000,0.357901,-2.206342
2022-10-11,3732.0191,3727.6867,3739.8084,3706.0629,8394462500,166800394853.2000,0.292680,0.181411
2022-10-12,3722.8659,3784.3064,3784.3064,3661.5255,10808931900,210931362291.5000,0.376862,1.518896
2022-10-13,3756.4176,3752.6729,3783.5960,3749.6393,9901891500,198368891548.5000,0.345122,-0.835913
2022-10-14,3783.3160,3842.4698,3863.2265,3780.8415,11624229300,256551271975.0000,0.405152,2.392878
2022-10-17,3822.2428,3846.4119,3849.6207,3809.1196,10419201900,220488874406.8000,0.363138,0.102593
2022-10-18,3865.8258,3838.2667,3870.2155,3831.1723,8834690700,186556295765.5000,0.307913,-0.211761
2022-10-19,3827.4658,3776.5335,3840.4870,3776.5335,8157484400,186736408229.7000,0.284310,-1.608361
2022-10-20,3746.5793,3754.9269,3804.2468,3726.7925,9029089500,203781618922.2000,0.314688,-0.572128
2022-10-21,3753.8903,3742.8929,3768.6895,3724.6900,9875003800,180686357677.0000,0.000000,-0.320486
2022-10-24,3727.9150,3633.3733,3762.1580,3619.9876,13005686400,259450743134.0000,0.453278,-2.926068
2022-10-25,3621.9356,3627.4542,3670.7327,3594.7011,11095388200,219302759596.7000,0.386699,-0.162909
2022-10-26,3633.3107,3656.9027,3700.8797,3633.3107,12130154800,242453810571.9000,0.422762,0.811823
2022-10-27,3667.6645,3631.1448,3685.0837,3631.0639,11799867500,257473315676.0000,0.411250,-0.704364
2022-10-28,3605.1598,3541.3295,3618.8640,3533.4993,11877216200,245816451977.6000,0.413941,-2.473471
2022-10-31,3504.5070,3508.7034,3553.3871,3495.9509,13846565500,256574822102.2000,0.482516,-0.921295
2022-11-01,3519.8174,3634.1732,3634.1732,3517.6209,14928669800,295089928407.3000,0.520224,3.575959
2022-11-02,3620.3693,3677.8051,3703.4650,3610.8029,14159291900,291648245712.0000,0.492896,1.200600
2022-11-03,3645.0604,3647.8966,3670.1574,3628.4987,11056603500,215379297964.4000,0.384886,-0.813216
2022-11-04,3646.7709,3767.1746,3782.8823,3646.7709,14973494900,311145477555.0000,0.521234,3.269775
2022-11-07,3754.5227,3775.2971,3792.7942,3746.3715,12982637100,251195699936.5000,0.451914,0.215613
2022-11-08,3773.6612,3749.3251,3779.1156,3723.3415,9901645100,193351324896.7000,0.344668,-0.687946
2022-11-09,3750.7821,3714.2704,3760.4068,3711.2680,8943452500,172029529943.6000,0.311314,-0.934960
2022-11-10,3685.8274,3685.6885,3701.5306,3665.0585,10350930200,183155308702.9000,0.360296,-0.769516
2022-11-11,3787.7568,3788.4387,3828.9004,3747.0902,18968558600,344471326267.1000,0.660260,2.787816
2022-11-14,3818.1447,3794.0171,3848.4116,3781.7778,16966504800,315536856084.6000,0.590528,0.147248
2022-11-15,3788.9260,3865.9726,3871.6424,3775.4988,15151565000,296268142768.9000,0.527358,1.896552
2022-11-16,3860.8110,3834.3899,3877.6781,3829.3126,12061096400,235844588244.6000,0.419779,-0.816941
2022-11-17,3821.2709,3818.6640,3821.7419,3776.5739,10594063200,219540811334.9000,0.368719,-0.410128
2022-11-18,3823.8207,3801.5686,3840.3018,3801.5686,11507877700,224276131007.5000,0.400524,-0.447680
2022-11-21,3769.6270,3769.1269,3769.8731,3733.9954,9586696600,188230373665.4000,0.333658,-0.853377
2022-11-22,3766.0817,3769.5727,3809.8582,3751.0448,14448633400,203490828432.2000,0.502874,0.011828
2022-11-23,3760.2157,3773.5287,3791.1782,3753.2136,14452791100,201070601177.9000,0.503019,0.104946
2022-11-24,3791.5399,3756.8082,3804.8987,3751.3818,10107344700,160698921546.2000,0.351778,-0.443100
2022-11-25,3751.2822,3775.7764,3790.5660,3743.4138,14292971100,191711040706.5000,0.497456,0.504902
2022-11-28,3701.9020,3733.2424,3736.0813,3672.1306,12782574800,196305561705.9000,0.443390,-1.126497
2022-11-29,3766.5702,3848.4224,3854.7742,3766.5702,17870139200,289062336430.7000,0.619612,3.085254
2022-11-30,3836.5598,3853.0365,3867.6591,3833.8272,15751140000,250051468093.3000,0.545940,0.119896
2022-12-01,3921.2954,3894.7687,3944.5645,3893.8718,16996458500,306678195716.4000,0.589103,1.083099
2022-12-02,3886.4034,3870.9478,3898.1146,3865.8844,11678635000,201253166362.9000,0.404785,-0.611613
2022-12-05,3907.6375,3946.8759,3947.4760,3900.6742,20174722100,296615512326.6000,0.699261,1.961486
2022-12-06,3929.0063,3968.1979,3988.9007,3922.9969,15510832300,275583430840.8000,0.537606,0.540225
2022-12-07,3956.6722,3958.4409,3999.5864,3944.1831,14300135600,255490829027.1000,0.495645,-0.245880
2022-12-08,3953.1990,3959.1798,3971.4927,3941.2966,11519998600,198037690481.4000,0.399285,0.018666
2022-12-09,3961.9919,3998.2442,4003.3178,3944.4396,15377495400,268166789656.9000,0.532984,0.986679
2022-12-12,3976.1722,3953.4433,3983.4332,3950.3203,12593536800,227606300936.9000,0.440213,-1.120514
2022-12-13,3953.5482,3945.6813,3964.3957,3939.9795,10099410000,184020700110.0000,0.353030,-0.196335
2022-12-14,3952.7885,3954.8857,3972.7381,3935.7668,9852800600,196175108617.2000,0.344409,0.233278
2022-12-15,3954.6720,3951.9885,3963.5002,3926.4997,8886472500,181994889123.4000,0.310629,-0.073256
2022-12-16,3931.2318,3954.2270,3960.4705,3929.4873,9317856700,167488442588.9000,0.325680,0.056642
2022-12-19,3952.7707,3893.2207,3966.5679,3878.4367,10691907500,180801387702.4000,0.373346,-1.542812
2022-12-20,3881.2257,3829.0173,3881.2729,3811.4759,8309682200,164046440873.7000,0.290161,-1.649108
2022-12-21,3839.0009,3830.5384,3853.7272,3821.4037,6483921500,123450040359.8000,0.226403,0.039726
2022-12-22,3859.2041,3836.0280,3882.1263,3821.3418,8370517300,163970306950.9000,0.292278,0.143311
2022-12-23,3811.6164,3828.2188,3848.3436,3805.9487,6527814800,130559415565.7000,0.227935,-0.203575
2022-12-26,3830.5682,3843.4887,3856.8066,3827.5186,7300571200,148692832422.1000,0.254918,0.398877
2022-12-27,3860.9054,3887.8540,3891.8497,3856.5800,7751535000,152032206630.9000,0.270665,1.154298
2022-12-28,3874.9132,3871.2644,3884.7205,3854.9406,8442465600,160671122030.7000,0.294663,-0.426703
2022-12-29,3854.2363,3856.7007,3868.2933,3838.4803,7939481500,149011372437.3000,0.277108,-0.376200
2022-12-30,3873.9358,3871.6338,3887.5527,3868.7569,7877327200,148295049381.5000,0.274978,0.387199
2023-01-03,3864.8356,3887.8992,3893.9904,3831.2450,11505187500,207540165953.2000,0.401618,0.420117
2023-01-04,3886.2504,3892.9477,3905.9032,3873.6549,11066074300,198997711686.0000,0.386153,0.129852
2023-01-05,3913.4928,3968.5782,3974.8750,3912.2600,11650239500,256312608292.0000,0.406498,1.942757
2023-01-06,3969.5493,3980.8888,4000.4143,3966.4696,11095303800,235744305582.2000,0.387132,0.310202
2023-01-09,3998.5278,4013.1196,4023.0898,3990.7073,11705442500,233212426458.1000,0.408421,0.809638
2023-01-10,4014.7125,4017.4737,4030.4574,4002.2297,10175114100,214871166239.5000,0.355025,0.108497
2023-01-11,4019.8844,4010.0309,4043.3991,4008.0153,9999788900,203000262960.6000,0.348907,-0.185261
2023-01-12,4021.7547,4017.8692,4030.2876,4003.5079,9055262700,183686268106.8000,0.315384,0.195467
2023-01-13,4032.2906,4074.3772,4074.3772,4027.8864,9587189600,212173997498.4000,0.333907,1.406417
2023-01-16,4077.8793,4137.9643,4177.1035,4076.6394,15139545500,319007749371.3000,0.523262,1.560658
2023-01-17,4138.8433,4137.2422,4148.5838,4118.1570,9547904000,204381576523.4000,0.330004,-0.017451
2023-01-18,4140.1019,4130.3143,4151.4577,4125.7687,8420064500,172126171819.2000,0.291023,-0.167452
2023-01-19,4125.5772,4156.0077,4156.0077,4105.9797,9460839800,192699589774.1000,0.326965,0.622069
2023-01-20,4166.8444,4181.5267,4189.8310,4161.6698,12355380900,222342455100.7000,0.426960,0.614027
2023-01-30,4267.6248,4201.3450,4268.1522,4197.8596,16460706400,330193322092.2000,0.568751,0.473949
2023-01-31,4200.5813,4156.8578,4212.7347,4153.0484,12455083500,249365321627.1000,0.430348,-1.058880
2023-02-01,4170.1322,4195.9332,4195.9332,4137.7659,14100895400,265553944709.3000,0.487214,0.940023
2023-02-02,4207.4123,4181.1493,4207.4123,4170.5565,13382373600,262497434837.0000,0.462389,-0.352339
2023-02-03,4162.0258,4141.6319,4162.0258,4103.1654,11704122100,226914770043.9000,0.404401,-0.945132
2023-02-06,4103.8307,4086.8779,4105.9445,4065.2224,11019271700,226345113968.7000,0.380657,-1.322039
2023-02-07,4098.3117,4094.2335,4107.3438,4077.9623,9136007200,183537351577.1000,0.315600,0.179981
2023-02-08,4099.8573,4076.1411,4111.4745,4072.6474,8478609900,170591751817.3000,0.292890,-0.441900
2023-02-09,4067.5631,4130.8565,4130.8565,4064.7489,10228996100,211722604859.2000,0.353357,1.342333
2023-02-10,4124.0986,4106.3097,4125.2893,4092.3472,9671673300,195348320573.4000,0.334104,-0.594230
2023-02-13,4098.8795,4143.5740,4146.4500,4092.2729,12889257700,251990181553.9000,0.445249,0.907489
2023-02-14,4151.2470,4145.2902,4152.0487,4125.2583,10249989000,204915435749.9000,0.354078,0.041418
2023-02-15,4146.8547,4123.6893,4153.7159,4115.9671,12166450800,219855528966.4000,0.420280,-0.521095
2023-02-16,4125.4087,4093.4876,4167.9003,4068.8591,15931058500,281315625588.6000,0.550324,-0.732395
2023-02-17,4086.2237,4034.5070,4104.6398,4032.9285,11614258900,225737746955.0000,0.000000,-1.440840
2023-02-20,4039.9623,4133.4896,4134.8623,4035.4762,16179448100,280122962150.4000,0.558764,2.453400
2023-02-21,4130.0632,4144.3536,4151.7994,4116.2716,14577617300,249674201048.2000,0.503441,0.262829
2023-02-22,4118.9669,4106.9506,4134.8759,4101.8596,10429029500,191586158991.2000,0.360166,-0.902505
2023-02-23,4106.2136,4103.6463,4132.3896,4088.2073,10356490600,197193582430.1000,0.357661,-0.080456
2023-02-24,4100.9897,4061.0457,4102.6094,4048.2374,10098942500,191210465053.2000,0.348767,-1.038116
2023-02-27,4040.4571,4043.8444,4067.0296,4034.5237,9378763000,187959491145.3000,0.323797,-0.423568
2023-02-28,4058.1298,4069.4587,4074.2639,4026.4476,11032359100,198799712379.1000,0.380886,0.633415
2023-03-01,4068.7331,4126.9415,4135.4812,4061.2167,15601579400,255374791015.7000,0.538630,1.412542
2023-03-02,4119.9919,4117.7377,4137.2525,4113.8264,14821763700,235953764969.5000,0.511573,-0.223017
2023-03-03,4126.0183,4130.5513,4135.2116,4100.3827,16033174100,226914545628.4000,0.553384,0.311181
2023-03-06,4131.1525,4109.0102,4132.8367,4088.4484,16297180700,283079861971.5000,0.562487,-0.521507
2023-03-07,4103.6419,4048.8519,4124.9609,4046.5679,19591206800,272491994009.2000,0.676096,-1.464058
2023-03-08,4030.7387,4034.1077,4037.2870,4011.5231,11793649300,191659655190.9000,0.407001,-0.364158
2023-03-09,4035.8433,4019.8505,4043.8493,4000.8901,11653962900,201737990686.8000,0.402181,-0.353416
2023-03-10,3991.7959,3967.1352,4004.3612,3966.4280,12385540900,218286956131.0000,0.427418,-1.311375
2023-03-13,3962.6426,4008.6860,4008.6860,3962.6426,14356137000,242865516757.6000,0.495420,1.047375
2023-03-14,3999.8803,3984.6956,4001.9415,3946.9405,15054417400,267224848810.5000,0.519517,-0.598460
2023-03-15,4011.8444,3986.9020,4018.7495,3986.9020,14202600700,232101093978.6000,0.490121,0.055372
2023-03-16,3958.1962,3939.1505,3981.3210,3936.4758,15251564400,246264286428.0000,0.526320,-1.197709
2023-03-17,3971.1585,3958.8194,4004.2153,3945.2501,17743381800,305541015556.1000,0.612310,0.499318
2023-03-20,3962.6625,3939.0770,3979.5485,3935.0161,20526497000,319760032638.0000,0.707120,-0.498694
2023-03-21,3948.1573,3982.3782,3982.7047,3948.1573,14509067900,251631985016.9000,0.499825,1.099273
2023-03-22,3993.7849,3999.4427,4016.4495,3986.7093,14922897000,265180992104.1000,0.514081,0.428500
2023-03-23,3985.9928,4039.0895,4039.0895,3983.9986,15888742100,296479529467.0000,0.546412,0.991308
2023-03-24,4035.1564,4027.0457,4037.8417,4017.0028,15944233000,295785588943.1000,0.548315,-0.298181
2023-03-27,4023.3028,4012.4771,4023.3028,3987.0297,16848227900,315474696948.0000,0.579397,-0.361769
2023-03-28,4015.6973,3999.5147,4023.7834,3994.5999,13189511700,248736920971.8000,0.453577,-0.323052
2023-03-29,4013.5926,4006.1440,4017.7572,3992.6662,13374351000,263866922733.1000,0.459934,0.165753
2023-03-30,4009.5573,4038.5257,4040.5023,3983.8958,14990103700,280004715991.0000,0.515139,0.808301
2023-03-31,4045.4538,4050.9257,4063.5675,4039.9587,13884254600,279863685781.0000,0.476845,0.307043
2023-04-03,4059.6227,4090.5676,4094.9376,4059.0607,18212431300,382895558426.0000,0.625494,0.978589
2023-04-04,4089.2932,4103.1052,4103.1583,4080.0682,19714663100,394443175146.2000,0.677071,0.306500
2023-04-06,4084.1320,4096.6400,4098.8332,4078.4048,15070337400,328981851588.3000,0.517563,-0.157568
2023-04-07,4096.9009,4123.2799,4131.3126,4092.1848,12867673800,286567771883.1000,0.441916,0.650287
2023-04-10,4132.0096,4104.8118,4132.2952,4099.0519,15245300200,340822557207.6000,0.522997,-0.447898
2023-04-11,4108.5062,4100.1479,4116.1247,4083.4946,15390133300,324192951998.7000,0.527947,-0.113620
2023-04-12,4102.3968,4097.2876,4108.2451,4090.2784,16596527800,325425226403.2000,0.569331,-0.069761
2023-04-13,4081.3871,4068.9786,4088.8809,4059.5744,15644429500,300291020752.9000,0.536670,-0.690921
2023-04-14,4078.9703,4091.9988,4098.2151,4075.2049,15069568200,306201501438.7000,0.516947,0.565749
2023-04-17,4090.0719,4149.3836,4149.3836,4089.5090,18877309500,341831272792.7000,0.647568,1.402366
2023-04-18,4139.3088,4162.0320,4169.6678,4138.4618,17018413000,331545662315.6000,0.583800,0.304826
2023-04-19,4159.3938,4124.5589,4159.3938,4118.6261,16255459200,312219504522.6000,0.557165,-0.900356
2023-04-20,4122.9461,4113.0192,4125.8231,4094.0022,16270667700,332172409512.0000,0.557465,-0.279780
2023-04-21,4114.2642,4032.5672,4114.2642,4031.9123,18080243500,347852011602.5000,0.619445,-1.956033
2023-04-24,4031.3030,3982.6429,4033.6367,3967.9070,17009921700,328375614674.3000,0.582590,-1.238028
2023-04-25,3985.1055,3962.6658,3991.6868,3925.4360,17255540900,331110619767.7000,0.590811,-0.501604
2023-04-26,3950.2553,3959.2323,3975.6562,3934.6625,16270200600,322062811333.5000,0.556745,-0.086646
2023-04-27,3948.0313,3988.4185,3999.1302,3942.8152,15382819500,304804002557.4000,0.526379,0.737168
2023-04-28,3993.2561,4029.0858,4030.4469,3993.2561,17950848800,328936294025.2000,0.614253,1.019635
2023-05-04,4013.4713,4030.2471,4035.7832,4001.1259,22758284600,345492506049.3000,0.778534,0.028823
2023-05-05,4031.0946,4016.8774,4047.6015,3998.3920,20662692400,307694489937.0000,0.706846,-0.331734
2023-05-08,4028.1056,4062.6624,4070.7724,4018.9608,25558308500,359539954170.1000,0.873923,1.139816
2023-05-09,4065.4390,4027.8754,4092.8501,4026.3886,27930604800,396422120420.6000,0.954894,-0.856261
2023-05-10,4017.9358,3996.8695,4019.0587,3984.6287,20755270900,309484851741.1000,0.709583,-0.769783
2023-05-11,4005.7823,3990.6637,4018.0579,3988.4816,14480461900,241052071431.6000,0.494978,-0.155267
2023-05-12,3987.7690,3937.7622,3999.3831,3937.5274,14442172800,228992923388.1000,0.493669,-1.325632
2023-05-15,3938.8300,3998.8872,3998.8872,3923.0317,17625736200,279531163508.4000,0.602411,1.552278
2023-05-16,4002.5237,3978.2054,4005.0150,3966.9921,13683327100,234840652671.0000,0.467599,-0.517189
2023-05-17,3971.7017,3960.1650,3982.6044,3945.7137,11844818500,205195685976.4000,0.404772,-0.453481
2023-05-18,3965.5162,3956.0701,3982.7178,3939.5526,13653394700,229134184412.9000,0.466576,-0.103402
2023-05-19,3946.2215,3944.5403,3967.2816,3928.3160,12021247900,207094944781.3000,0.410800,-0.291446
2023-05-22,3941.0015,3969.3277,3985.4031,3935.8015,10911660500,202185550245.9000,0.372882,0.628398
2023-05-23,3968.2346,3913.1882,3971.9390,3913.1882,11868507700,189955815340.0000,0.405571,-1.414333
2023-05-24,3903.7818,3859.0935,3903.7818,3859.0935,13725826500,211768410520.2000,0.469057,-1.382369
2023-05-25,3851.4053,3850.4996,3861.3815,3817.8365,12415077000,213313620055.3000,0.424252,-0.222692
2023-05-26,3848.4174,3850.9511,3859.6291,3815.5701,10032643900,191537814872.5000,0.342775,0.011726
2023-05-29,3862.0838,3833.9416,3866.7238,3819.1822,13185996700,230095604813.4000,0.450513,-0.441696
2023-05-30,3827.7924,3837.7531,3844.0052,3789.2736,13761962900,244566265534.9000,0.470183,0.099415
2023-05-31,3827.1634,3798.5434,3827.1634,3781.4034,12638736800,235606123947.6000,0.431807,-1.021684
2023-06-01,3788.5902,3806.8679,3832.2051,3786.7344,13456188100,241829546409.4000,0.459566,0.219150
2023-06-02,3821.6198,3861.8337,3865.2843,3821.6198,12501511000,232696547130.8000,0.426929,1.443859
2023-06-05,3860.5557,3844.2492,3860.5557,3832.4578,11616398900,211144360143.7000,0.396457,-0.455341
2023-06-06,3840.4587,3808.1629,3867.8452,3802.8449,12578125800,222091722592.2000,0.429275,-0.938709
2023-06-07,3815.4823,3789.3418,3823.1124,3780.1021,9886243200,189879792179.6000,0.337428,-0.494230
2023-06-08,3791.0826,3820.1867,3834.3888,3777.7752,11870093400,199119300649.7000,0.404853,0.813991
2023-06-09,3822.4088,3836.7026,3836.7026,3811.2189,13431986300,247296087070.9000,0.458079,0.432332
2023-06-12,3827.3253,3844.4324,3859.7156,3813.8577,12675854300,240791270473.5000,0.421684,0.201470
2023-06-13,3838.1287,3864.9074,3867.3034,3833.4598,11092494600,225435215314.9000,0.369010,0.532588
2023-06-14,3872.7155,3864.0247,3891.6656,3862.0609,12495575900,243932581183.9000,0.415686,-0.022839
2023-06-15,3871.7746,3925.4994,3925.4994,3871.7746,12836993800,282635910894.2000,0.426773,1.590950
2023-06-16,3932.2114,3963.3509,3968.0128,3928.5419,13976007600,280374762837.8000,0.464356,0.964247
2023-06-19,3957.0327,3930.9079,3957.0327,3922.4742,13490584800,268213068579.8000,0.447863,-0.818575
2023-06-20,3926.0940,3924.2377,3937.4945,3918.4730,12252031800,266274081286.8000,0.406639,-0.169686
2023-06-21,3909.1044,3864.0323,3920.1276,3864.0323,11834657500,243630705591.5000,0.392613,-1.534194
2023-06-26,3833.4436,3809.6962,3841.2862,3801.0537,13399041900,247713845779.5000,0.444056,-1.406202
2023-06-27,3811.6872,3845.4334,3851.8957,3806.3242,11699268100,210097713687.6000,0.387610,0.938059
2023-06-28,3836.6086,3840.7986,3846.8516,3808.1607,10702154100,206187959876.8000,0.354575,-0.120527
2023-06-29,3836.7305,3821.8435,3840.7132,3817.3759,9828927400,204110031407.8000,0.325642,-0.493520
2023-06-30,3816.3345,3842.4516,3860.0311,3813.5520,10126842900,208146272909.0000,0.335512,0.539219
2023-07-03,3853.2919,3892.8821,3897.3273,3853.2919,13315805100,256876520211.7000,0.438266,1.312456
2023-07-04,3888.0328,3899.0133,3899.9755,3878.3978,10949452700,216335611421.8000,0.360279,0.157498
2023-07-05,3895.1945,3868.8054,3899.5188,3864.1301,9763638400,188400265050.6000,0.321257,-0.774758
2023-07-06,3857.0304,3842.7547,3876.8901,3836.4573,10012184200,184742420862.3000,0.329420,-0.673353
2023-07-07,3831.5955,3825.6988,3844.8438,3819.0772,10090692000,173918560673.0000,0.331981,-0.443846
2023-07-10,3841.5591,3844.3269,3865.4566,3831.9200,9203344100,185360813110.7000,0.302771,0.486920
2023-07-11,3853.7955,3869.4861,3870.6549,3844.5244,8651071600,177585694368.3000,0.284602,0.654450
2023-07-12,3864.6013,3843.4369,3874.0403,3838.5632,11152202400,214046519056.1000,0.366609,-0.673195
2023-07-13,3855.6620,3898.4229,3901.1023,3855.6620,12030023200,235278706834.5000,0.395195,1.430647
2023-07-14,3904.6033,3899.1027,3908.4871,3893.7862,12236484600,220230466522.9000,0.401977,0.017438
2023-07-17,3881.6225,3867.1749,3881.6225,3852.2626,9834014400,174623552807.4000,0.322785,-0.818850
2023-07-18,3871.0444,3854.9393,3871.0444,3844.5129,9143861500,167104315117.1000,0.300017,-0.316396
2023-07-19,3848.4826,3850.8663,3860.0092,3830.4073,7958570000,151311481029.8000,0.261120,-0.105657
2023-07-20,3857.7725,3823.6946,3875.6241,3818.7134,9204207600,174320872139.8000,0.301990,-0.705600
2023-07-21,3816.9835,3821.9100,3849.5109,3808.8030,7950756300,157144211209.3000,0.260864,-0.046672
2023-07-24,3803.3492,3805.2210,3828.7853,3798.8048,7548354500,151448369566.2000,0.247660,-0.436666
2023-07-25,3866.6445,3915.1153,3915.8148,3866.6445,16306632000,299853562168.1000,0.535001,2.887987
2023-07-26,3908.1740,3907.0128,3912.9834,3893.3987,10788171700,192912604792.0000,0.353945,-0.206954
2023-07-27,3914.2298,3902.3458,3935.3578,3894.6923,11066710900,196845425513.0000,0.363027,-0.119452
2023-07-28,3889.7929,3992.7376,4000.9190,3886.5535,17973548100,310092467404.5000,0.589595,2.316345
2023-07-31,4018.8895,4014.6301,4064.3621,4002.0784,19960683000,366544120003.6000,0.654776,0.548308
2023-08-01,4009.1831,3998.0010,4031.7008,3983.0273,14228685900,255620773637.6000,0.466748,-0.414213
2023-08-02,3985.6951,3969.8950,4008.3343,3958.5127,12585569000,204875690923.8000,0.412848,-0.703001
2023-08-03,3962.1296,4004.9839,4004.9996,3962.1296,12900664000,224809824820.3000,0.423184,0.883875
2023-08-04,4033.7239,4020.5792,4058.2431,4011.6202,17826718900,316529733837.7000,0.584767,0.389397
2023-08-07,4002.9677,3990.1531,4002.9677,3977.0173,12131066200,227090572750.9000,0.397885,-0.756759
2023-08-08,3980.0423,3979.7322,4002.2904,3963.4632,10987169900,202611335313.8000,0.360365,-0.261165
2023-08-09,3967.3566,3967.5652,3982.1091,3961.8434,9464026900,174394242765.3000,0.310401,-0.305724
2023-08-10,3962.8569,3975.7166,3976.4637,3945.3869,9717684900,175646730198.2000,0.318717,0.205451
2023-08-11,3977.9834,3884.2538,3977.9834,3884.2538,12608293100,203546314647.4000,0.413500,-2.300536
2023-08-14,3840.8872,3855.9061,3859.4718,3814.0711,11596633600,197623765246.4000,0.380265,-0.729811
2023-08-15,3858.3662,3846.5357,3865.2840,3811.6839,10309711100,177437071692.5000,0.338063,-0.243014
2023-08-16,3830.8274,3818.3338,3852.4198,3817.6324,9461694600,169323869027.6000,0.310256,-0.733177
2023-08-17,3801.1969,3831.1008,3836.1507,3782.4967,9841549300,174093848242.9000,0.322709,0.334361
2023-08-18,3832.4554,3784.0038,3844.1950,3784.0038,9554963800,168445686988.2000,0.313312,-1.229333
2023-08-21,3773.2250,3729.5550,3782.1112,3729.5550,9870836900,173379942906.6000,0.323670,-1.438920
2023-08-22,3748.0675,3758.2271,3770.0556,3704.6785,12031832700,203463879671.8000,0.394530,0.768781
2023-08-23,3751.7736,3696.6339,3756.1659,3695.0309,9708163800,160476231586.9000,0.318336,-1.638890
2023-08-24,3711.5403,3723.4293,3748.8567,3701.5717,11961452100,196257391083.7000,0.392220,0.724859
2023-08-25,3703.5136,3709.1517,3734.2185,3695.8442,10518261000,175601437172.9000,0.344883,-0.383453
2023-08-28,3911.5485,3752.6194,3911.5485,3740.5279,19799037900,335047670966.8000,0.649191,1.171904
2023-08-29,3743.0534,3790.1067,3810.3772,3742.0758,15248614600,262134936751.0000,0.499423,0.998964
2023-08-30,3803.1191,3788.5097,3813.7032,3780.2411,12967166100,226727480838.7000,0.424695,-0.042136
2023-08-31,3786.9261,3765.2678,3793.9972,3762.0046,11896164600,193577001342.0000,0.389625,-0.613484
2023-09-01,3778.9129,3791.4912,3808.5306,3778.9129,10531904500,172219141586.1000,0.344943,0.696455
2023-09-04,3812.9873,3848.9517,3854.2605,3804.5886,14238520100,237934727924.3000,0.466340,1.515512
2023-09-05,3839.5779,3820.3174,3839.5779,3814.3338,10405233300,181377877955.3000,0.340792,-0.743951
2023-09-06,3808.1000,3812.0283,3817.5239,3790.8949,9344239300,166081524007.0000,0.306042,-0.216974
2023-09-07,3802.2272,3758.4748,3802.2272,3756.8530,9510390300,164405748827.5000,0.311479,-1.404856
2023-09-08,3747.6509,3739.9927,3753.2630,3724.9870,7163816600,129197657303.1000,0.234614,-0.491745
2023-09-11,3740.5846,3767.5370,3788.3219,3734.7228,10535801600,186871759441.3000,0.345046,0.736480
2023-09-12,3764.3331,3760.6048,3775.0930,3755.4162,7938537800,140117510233.3000,0.259986,-0.183998
2023-09-13,3759.6091,3736.6513,3768.8162,3719.1114,8157690100,138238089912.5000,0.267164,-0.636959
2023-09-14,3736.9355,3733.5077,3748.8177,3717.3107,10038607500,151578100463.9000,0.328763,-0.084129
2023-09-15,3740.7853,3708.7766,3749.0247,3699.3806,10939568900,180398970938.3000,0.358270,-0.662409
2023-09-18,3698.9344,3727.7110,3737.5306,3691.1107,8672774100,156966973910.5000,0.283905,0.510530
2023-09-19,3723.4244,3720.5021,3724.0717,3702.6934,8319903800,135216895229.4000,0.272353,-0.193387
2023-09-20,3715.9578,3705.6898,3718.5207,3705.1274,7544820900,117691805957.0000,0.246981,-0.398126
2023-09-21,3698.3130,3672.4448,3708.4557,3672.4448,8303100500,135011796555.2000,0.271803,-0.897134
2023-09-22,3672.6402,3738.9327,3740.4183,3664.7661,11023116600,192236467362.8000,0.360843,1.810453
2023-09-25,3738.0622,3714.6037,3738.0622,3711.2049,9259647900,155793827361.5000,0.303096,-0.650694
2023-09-26,3711.7106,3692.8928,3723.8481,3692.6172,7804452500,137808437774.8000,0.255463,-0.584474
2023-09-27,3694.9607,3700.4950,3731.1405,3694.3938,9162921000,164790435265.8000,0.299930,0.205860
2023-09-28,3711.2117,3689.5172,3716.0569,3685.3001,8522171900,153500421344.0000,0.278956,-0.296658
2023-10-09,3678.9290,3684.7272,3694.1713,3641.9966,10214805800,178072374748.1000,0.334135,-0.129827
2023-10-10,3696.2542,3657.1259,3701.2562,3655.5890,9916373000,161938958924.8000,0.324343,-0.749073
2023-10-11,3674.7514,3667.5483,3689.5347,3658.3550,10209158700,187667554127.0000,0.333920,0.284989
2023-10-12,3697.9337,3702.3824,3711.4985,3682.8418,11436322500,194598219817.3000,0.374058,0.949793
2023-10-13,3677.9585,3663.4104,3678.1913,3652.3094,9828798700,170152309003.0000,0.321479,-1.052620
2023-10-16,3664.0390,3626.5972,3664.0390,3615.7686,9185311800,159537973598.4000,0.300431,-1.004889
2023-10-17,3635.2994,3639.4018,3645.5654,3619.1277,9074518800,147056233347.4000,0.296808,0.353075
2023-10-18,3631.0671,3610.5767,3632.0579,3608.9768,9454587900,158982356667.4000,0.309239,-0.792029
2023-10-19,3588.5154,3533.5445,3588.5154,3532.3059,11173752000,189194781843.9000,0.365469,-2.133515
2023-10-20,3518.3464,3510.5889,3535.6623,3501.7250,9851860500,169591289145.3000,0.322233,-0.649648
2023-10-23,3500.1990,3474.2438,3505.3468,3450.6456,9656165200,152054894179.0000,0.315793,-1.035299
2023-10-24,3481.7644,3487.1302,3495.0039,3453.1016,11554728900,186529203442.0000,0.377883,0.370912
2023-10-25,3524.2965,3504.4576,3531.8314,3500.9154,12800961700,203691741119.2000,0.418635,0.496896
2023-10-26,3484.7807,3514.1448,3515.5716,3478.0503,10514356600,176088467225.8000,0.343855,0.276425
2023-10-27,3501.1710,3562.3851,3576.5861,3494.5488,12022510800,224301960437.0000,0.393169,1.372747
2023-10-30,3554.1055,3583.7718,3592.7188,3554.0238,14401042600,242973328094.4000,0.470659,0.600348
2023-10-31,3581.6759,3572.5056,3581.6759,3554.5822,11258726700,196317658324.1000,0.367960,-0.314367
2023-11-01,3605.7576,3571.0268,3606.4126,3564.6421,9764553800,182943566435.3000,0.319127,-0.041394
2023-11-02,3580.0672,3554.1889,3597.1699,3553.7406,9035964300,149465055433.9000,0.295315,-0.471514
2023-11-03,3558.5303,3584.1364,3596.1010,3558.5303,9754210100,165865989200.0000,0.318789,0.842597
2023-11-06,3608.3187,3632.6084,3635.7897,3600.6304,15298246300,254465948110.4000,0.499976,1.352404
2023-11-07,3623.7849,3619.7593,3628.4615,3606.2975,11028859100,190433605311.0000,0.360383,-0.353716
2023-11-08,3610.6434,3611.0723,3627.0479,3591.8248,11059423000,192594372352.5000,0.361382,-0.239988
2023-11-09,3603.1082,3612.8263,3624.4141,3601.3744,11187205700,189355228591.7000,0.365554,0.048573
2023-11-10,3596.0688,3586.4893,3599.4519,3576.1011,10210703400,166924677328.0000,0.333646,-0.728986
2023-11-13,3593.9109,3579.4141,3599.3897,3562.7682,9670764900,164821249625.0000,0.316002,-0.197274
2023-11-14,3581.1034,3582.0584,3600.1483,3568.8820,10088415800,165935163426.0000,0.329649,0.073875
2023-11-15,3616.8765,3607.2454,3620.6007,3596.9158,10492921800,188932150501.0000,0.342867,0.703143
2023-11-16,3600.9813,3572.3641,3605.2898,3572.3636,8746478000,146629217157.8000,0.285800,-0.966979
2023-11-17,3561.3112,3568.0685,3573.6819,3547.0287,8731920700,139621898705.2000,0.285280,-0.120245
2023-11-20,3569.7314,3576.3233,3586.9731,3545.1038,9108044500,157449634694.0000,0.297568,0.231352
2023-11-21,3587.8779,3581.0674,3615.0569,3575.6820,10859431400,175922105929.9000,0.354788,0.132653
2023-11-22,3569.4389,3544.4162,3574.3782,3544.4162,8478438100,136041195538.9000,0.276999,-1.023471
2023-11-23,3541.4416,3561.5204,3562.0675,3529.9390,8480016700,141499811491.0000,0.277050,0.482567
2023-11-24,3560.6462,3538.0087,3560.6462,3533.9955,8501840300,140101998555.3000,0.277771,-0.660159
2023-11-27,3534.4445,3511.9424,3534.4445,3492.8623,9910231400,155975437035.7000,0.323758,-0.736751
2023-11-28,3510.6554,3518.5232,3521.0463,3501.1093,8933578900,147740535862.4000,0.291852,0.187383
2023-11-29,3518.8836,3488.3073,3519.1980,3482.2444,9884141200,155948235975.9000,0.322912,-0.858767
2023-11-30,3485.5171,3496.2028,3505.1273,3481.4515,10135082000,153790180653.3000,0.330893,0.226342
2023-12-01,3494.2234,3482.8813,3494.2234,3452.1728,10853094100,176078323469.4000,0.354335,-0.381028
2023-12-04,3481.0449,3460.1380,3488.1330,3459.6110,9715682600,164664395292.9000,0.317200,-0.653002
2023-12-05,3450.0898,3394.2571,3450.0898,3393.8139,10047200700,164840691112.1000,0.328027,-1.903996
2023-12-06,3387.8798,3399.5980,3420.2773,3382.9457,10580551900,172142987724.9000,0.345416,0.157351
2023-12-07,3394.3064,3391.2823,3404.4074,3369.7675,9771324800,160949948197.3000,0.000000,-0.244608
2023-12-08,3391.8585,3399.4618,3409.3845,3383.4479,12952205400,203034222561.1000,0.422835,0.241192
2023-12-11,3378.0517,3419.4548,3426.6106,3346.8902,13962624900,219761181423.1000,0.451770,0.588123
2023-12-12,3409.9976,3426.8030,3427.5456,3406.1013,10559001300,166979964779.7000,0.280559,0.214894
2023-12-13,3418.6413,3369.6050,3418.6413,3369.6050,9528536700,165455928375.6000,0.308301,-1.669136
2023-12-14,3387.3847,3351.9639,3399.1394,3350.7648,8365513500,150245775736.4000,0.270670,-0.523536
2023-12-15,3365.9388,3341.5517,3388.5047,3339.5190,9778778300,164907019372.1000,0.316394,-0.310630
2023-12-18,3329.1910,3329.3657,3352.3458,3314.9095,9052682600,142303319418.9000,0.292901,-0.364681
2023-12-19,3325.6596,3334.0412,3345.7795,3313.1874,8380811800,135293655396.1000,0.271162,0.140432
2023-12-20,3334.3320,3297.5022,3338.5434,3297.3652,9241286800,141290542802.3000,0.298980,-1.095937
2023-12-21,3285.6049,3330.8698,3339.3552,3283.9883,10254619800,171120780579.5000,0.331773,1.011905
2023-12-22,3329.4668,3337.2281,3359.0601,3315.8976,10522013300,167336342309.2000,0.340424,0.190890
2023-12-25,3330.3333,3347.4508,3348.8820,3330.3333,7454269300,121838327071.1000,0.241154,0.306323
2023-12-26,3345.3952,3324.7902,3345.4171,3315.9370,7473293500,121689997434.6000,0.241769,-0.676951
2023-12-27,3326.9267,3336.3572,3341.2659,3309.6731,9440392800,140924923674.8000,0.305455,0.347902
2023-12-28,3335.5572,3414.5403,3423.4018,3331.2082,14806485100,245855634464.3000,0.479081,2.343367
2023-12-29,3411.1094,3431.1099,3432.5412,3409.5795,11492893200,193573180515.1000,0.371867,0.485266
2024-01-02,3426.2684,3386.3522,3426.2684,3386.3522,11618072600,184096097448.7000,0.375897,-1.304467
2024-01-03,3379.7501,3378.2971,3392.8504,3362.6617,10561385100,165099018642.5000,0.341667,-0.237870
2024-01-04,3375.0207,3347.0519,3375.0207,3323.8647,10672101300,165512262698.6000,0.345235,-0.924880
2024-01-05,3341.3061,3329.1114,3372.5444,3313.5542,12640057400,182251664948.1000,0.408897,-0.536009
2024-01-08,3322.6051,3286.0564,3333.5160,3283.3421,11742948500,170761644873.4000,0.379561,-1.293288
2024-01-09,3286.7083,3292.4994,3304.6008,3273.8431,10933046500,172276323045.2000,0.353382,0.196071
2024-01-10,3281.6692,3277.1290,3312.9161,3268.2471,9419936600,159777649838.1000,0.304480,-0.466831
2024-01-11,3275.3086,3295.6717,3311.1137,3266.7911,10878973500,180978533555.5000,0.351652,0.565821
2024-01-12,3284.3580,3284.1667,3310.4704,3279.6987,9685355500,156536022291.9000,0.313069,-0.349094
2024-01-15,3270.1029,3280.9195,3306.9217,3261.2687,8885153000,144331722430.6000,0.287200,-0.098874
2024-01-16,3272.5710,3300.8762,3300.8762,3260.4362,11327666500,175650587488.9000,0.366149,0.608265
2024-01-17,3291.1392,3229.0820,3291.1392,3229.0820,10876972800,173516385174.7000,0.351579,-2.175004
2024-01-18,3214.2844,3274.7286,3279.2538,3171.6329,17490916800,256784536828.0000,0.565314,1.413609
2024-01-19,3261.2393,3269.7763,3286.9415,3251.8136,11850140800,191261807098.8000,0.383001,-0.151228
2024-01-22,3262.4685,3218.9016,3281.4205,3193.1776,14870562800,225510031844.3000,0.480611,-1.555908
2024-01-23,3208.4316,3231.9329,3249.5306,3188.1259,12201200000,193791168624.2000,0.394338,0.404837
2024-01-24,3245.9592,3277.1089,3281.4892,3190.4674,15437195400,219036341624.5000,0.498924,1.397801
2024-01-25,3274.3391,3342.9189,3344.2426,3269.7943,19683361400,265521114954.3000,0.636158,2.008173
2024-01-26,3326.6465,3333.8213,3351.9692,3315.1265,18066400500,238144899501.0000,0.583893,-0.272145
2024-01-29,3335.3936,3303.9604,3351.3715,3303.9604,18416479500,244698013593.3000,0.595207,-0.895696
2024-01-30,3283.8977,3245.0387,3300.2040,3244.9719,14364935000,199592929911.7000,0.464264,-1.783366
2024-01-31,3231.5425,3215.3518,3252.1475,3201.9264,15314346900,215333349921.2000,0.494947,-0.914840
2024-02-01,3202.2564,3217.7109,3251.7582,3191.8968,14551679200,203815063232.5000,0.470211,0.073370
2024-02-02,3219.8734,3179.6276,3235.4079,3108.3515,17375808900,234495151557.0000,0.561288,-1.183553
2024-02-05,3164.2500,3200.4218,3233.8485,3111.5184,20304297000,279713141507.2000,0.655858,0.653982
2024-02-06,3185.2498,3311.6922,3314.5120,3182.8216,20271309900,285042020945.9000,0.654793,3.476742
2024-02-07,3314.0306,3343.6303,3343.6303,3289.6704,21664793300,297997664575.2000,0.699802,0.964404
2024-02-08,3351.4052,3364.9297,3367.2101,3336.9779,18997757800,270239765211.0000,0.613653,0.637014
2024-02-19,3393.1916,3403.8078,3403.8078,3364.1418,18331980000,267674145147.3000,0.592126,1.155391
2024-02-20,3395.1916,3410.8542,3415.8943,3380.1030,14073458100,218459281946.0000,0.454507,0.207015
2024-02-21,3390.3619,3456.8713,3500.1338,3383.6911,18887936200,291823544608.2000,0.609993,1.349137
2024-02-22,3450.3518,3486.6747,3486.6826,3448.4135,14102078400,225098128872.7000,0.455431,0.862150
2024-02-23,3491.3367,3489.7416,3507.5592,3472.9680,14482127300,232926057113.9000,0.467697,0.087961
2024-02-26,3485.5427,3453.3585,3492.6061,3445.3889,15124833100,238951637715.0000,0.488448,-1.042573
2024-02-27,3440.0516,3494.7874,3494.7874,3437.4422,13952824600,244488721250.8000,0.450598,1.199670
2024-02-28,3499.8257,3450.2598,3521.6574,3450.2598,18983754800,328300591256.4000,0.613069,-1.274115
2024-02-29,3437.8984,3516.0826,3516.0826,3437.8984,15594453200,281971899288.2000,0.503612,1.907764
2024-03-01,3515.0587,3537.8038,3544.3595,3503.4590,16270957000,288575619224.5000,0.525459,0.617767
2024-03-04,3538.3660,3540.8686,3548.6901,3519.7599,16324461300,297719931809.3000,0.527187,0.086630
2024-03-05,3524.9644,3565.5143,3570.6935,3519.0816,16642238900,299895929709.1000,0.537436,0.696035
2024-03-06,3556.5323,3551.0481,3577.3883,3545.1013,14307661300,248294165707.4000,0.462044,-0.405725
2024-03-07,3548.1007,3529.7195,3569.9185,3522.8964,14811051000,251839533036.1000,0.478300,-0.600628
2024-03-08,3529.5509,3544.9099,3548.5055,3511.5770,12579266400,225379101014.0000,0.406223,0.430357
2024-03-11,3545.9427,3589.2635,3589.2635,3542.2789,14820282500,286418582154.6000,0.478590,1.251191
2024-03-12,3592.5826,3597.4939,3605.6976,3574.2117,18068556000,339997042337.1000,0.505569,0.229306
2024-03-13,3594.4211,3572.3610,3594.4211,3563.3685,14459059000,266898756379.8000,0.466923,-0.698622
2024-03-14,3571.7885,3562.2229,3597.4600,3545.6120,14096272200,263803609335.2000,0.455207,-0.283793
2024-03-15,3554.9068,3569.9930,3572.8091,3533.6798,13831604400,243991558366.2000,0.446661,0.218125
2024-03-18,3577.0564,3603.5280,3604.0519,3573.4040,16037943800,295314840611.0000,0.517909,0.939358
2024-03-19,3593.3396,3577.6303,3610.7389,3577.1880,14557178600,259553448413.4000,0.470116,-0.718676
2024-03-20,3568.7158,3585.3838,3589.5456,3568.4341,12952896600,223752103886.2000,0.418309,0.216722
2024-03-21,3593.0700,3581.0902,3601.1145,3575.0331,13074337700,233162492629.6000,0.422231,-0.119753
2024-03-22,3571.2736,3545.0023,3575.7171,3522.8404,13922735800,248850931022.2000,0.449623,-1.007735
2024-03-25,3536.7136,3525.7634,3564.9604,3525.7634,13701572400,233747256235.1000,0.442448,-0.542705
2024-03-26,3526.6818,3543.7467,3547.6461,3518.6018,12620953500,226730734844.1000,0.407552,0.510054
2024-03-27,3538.7244,3502.7866,3542.9624,3502.7866,12862676300,216404726565.9000,0.415358,-1.155842
2024-03-28,3498.4820,3520.9648,3551.2143,3489.3861,14333471700,232530806334.5000,0.462852,0.518964
2024-03-29,3516.8830,3537.4843,3538.2378,3516.8830,12864329000,201749384356.7000,0.415410,0.469175
2024-04-01,3551.5815,3595.6466,3600.9193,3551.5815,16277656100,251637272845.1000,0.525631,1.644171
2024-04-02,3593.2206,3580.6759,3596.1903,3568.7539,14127297200,220207515542.9000,0.455384,-0.416356
2024-04-03,3578.6835,3567.8031,3582.4324,3558.8740,13559233100,214222897580.1000,0.437073,-0.359508
2024-04-08,3553.5554,3536.4077,3567.8200,3535.7688,15530428300,243249251687.2000,0.500613,-0.879964
2024-04-09,3533.3849,3533.4871,3543.7141,3518.8601,12967094200,195893525574.7000,0.417986,-0.082587
2024-04-10,3528.9679,3504.7086,3531.2295,3490.0525,12879027400,199754768626.1000,0.415147,-0.814450
2024-04-11,3485.0294,3504.2447,3520.5893,3484.9252,12653439500,200293481885.7000,0.407862,-0.013236
2024-04-12,3505.7499,3475.8389,3516.6988,3470.0611,12892111600,208566204702.9000,0.415556,-0.810611
2024-04-15,3473.5047,3549.0759,3552.4125,3473.5047,18394125000,267472484531.0000,0.592905,2.107031
2024-04-16,3533.3636,3511.1146,3545.5034,3503.6158,17615306500,253315972272.3000,0.567792,-1.069611
2024-04-17,3509.1318,3565.4030,3565.9389,3498.0324,16846639800,244987812753.2000,0.543016,1.546187
2024-04-18,3550.5562,3569.8018,3602.7902,3547.5996,17857410500,261329927268.4000,0.575596,0.123375
2024-04-19,3550.6087,3541.6619,3560.9492,3529.3237,14728150500,226229520121.3000,0.474731,-0.788276
2024-04-22,3536.1844,3530.9045,3558.1642,3528.0186,15057904200,229511183118.0000,0.485224,-0.303739
2024-04-23,3525.6681,3506.2249,3533.7584,3499.9838,14311350400,213257232210.7000,0.461167,-0.698960
2024-04-24,3514.0108,3521.6219,3524.5370,3495.6494,12173985100,195299919746.2000,0.392189,0.439133
2024-04-25,3510.6396,3530.2813,3543.9699,3505.1999,11518772200,184524622000.7000,0.371081,0.245892
2024-04-26,3531.9647,3584.2686,3588.4003,3531.9647,19721613300,308045062250.7000,0.635130,1.529263
2024-04-29,3584.5427,3623.9124,3645.8229,3578.7597,22272138100,358709708837.6000,0.717249,1.106050
2024-04-30,3619.2586,3604.3943,3630.7092,3604.3943,19129689900,286674161757.8000,0.616049,-0.538592
2024-05-06,3654.0485,3657.8767,3668.2565,3645.7380,20801800700,333270472130.0000,0.669898,1.483811
2024-05-07,3657.0007,3659.0076,3665.6840,3648.3760,16483428600,247368347983.1000,0.530822,0.030917
2024-05-08,3650.7484,3630.2233,3650.9355,3628.6984,13003533600,199923460349.8000,0.418736,-0.786670
2024-05-09,3630.4142,3664.5610,3669.7593,3630.4142,14655901700,232694927940.9000,0.471940,0.945884
2024-05-10,3669.0869,3666.2771,3674.6088,3641.7639,15072053600,233730562074.5000,0.485341,0.046830
2024-05-13,3646.3491,3664.6907,3673.6211,3634.6049,15726745500,249688465072.9000,0.506422,-0.043270
2024-05-14,3668.2254,3657.0454,3675.7760,3646.7092,13340649000,214643548213.8000,0.429588,-0.208621
2024-05-15,3651.0536,3626.0559,3656.5277,3624.0020,12352276400,191480969435.1000,0.397761,-0.847392
2024-05-16,3636.6007,3640.3592,3657.4831,3626.3340,15463050300,240288953464.0000,0.497922,0.394459
2024-05-17,3638.5613,3677.9696,3677.9696,3627.4470,16457041700,247729525192.2000,0.529929,1.033151
2024-05-20,3682.0615,3690.9623,3703.0287,3677.4426,18460942300,279971341520.4000,0.594431,0.353257
2024-05-21,3682.2868,3676.1611,3684.6106,3665.1524,13067828300,196575354877.9000,0.420776,-0.401012
2024-05-22,3675.6471,3684.4510,3691.8804,3667.0885,15191460500,230839373504.9000,0.489156,0.225504
2024-05-23,3672.8403,3641.7917,3674.3654,3633.5051,14257299000,214205039030.7000,0.459067,-1.157820
2024-05-24,3630.8270,3601.4754,3650.8734,3599.6678,12479117700,195344742155.9000,0.401814,-1.107046
2024-05-27,3606.6450,3635.7079,3638.1514,3603.7131,13127264400,206143742535.6000,0.422552,0.950513
2024-05-28,3633.2535,3609.1724,3638.9703,3605.9213,12353223800,184381267979.1000,0.397636,-0.729858
2024-05-29,3609.0708,3613.5223,3633.1971,3602.8198,11590632100,179072813277.6000,0.373038,0.120523
2024-05-30,3607.0522,3594.3121,3624.0352,3586.7543,12260299500,193069647050.8000,0.394590,-0.531620
2024-05-31,3599.8196,3579.9247,3614.6439,3579.9247,11246201900,180707602931.7000,0.361952,-0.400282
2024-06-03,3577.3798,3588.7483,3600.6044,3567.8713,14105459100,222756928174.4000,0.453939,0.246474
2024-06-04,3583.8104,3615.6714,3622.5012,3580.2771,12454509600,195790966233.8000,0.400809,0.750209
2024-06-05,3610.3601,3594.7936,3623.3232,3594.1056,11090676600,182639598874.9000,0.356918,-0.577425
2024-06-06,3602.1554,3592.2454,3625.0109,3584.1710,13789351700,226764072639.2000,0.443664,-0.070886
2024-06-07,3594.6335,3574.1143,3603.0698,3552.0853,13110302600,213001530097.8000,0.421773,-0.504729
2024-06-11,3555.8186,3542.8771,3565.3113,3525.8945,13452230600,219282337214.0000,0.430695,-0.873984
2024-06-12,3539.0947,3544.1225,3551.1706,3531.5657,12281372900,200722600631.1000,0.393164,0.035152
2024-06-13,3548.2162,3526.1306,3551.0771,3520.1802,12324546200,214792338449.3000,0.394489,-0.507655
2024-06-14,3514.7998,3541.5331,3547.1473,3503.5233,17151694200,283768816845.0000,0.548947,0.436810
2024-06-17,3521.4365,3536.1986,3540.7932,3520.7381,13743343800,232293851893.9000,0.438927,-0.150627
2024-06-18,3533.4875,3545.5902,3551.7085,3532.7845,12367183800,208824124156.0000,0.394976,0.265585
2024-06-19,3543.3599,3528.7490,3543.3599,3524.8449,10664279700,184790298728.6000,0.340590,-0.474990
2024-06-20,3525.1687,3503.2817,3533.9865,3500.1310,11161739600,186515776574.7000,0.356435,-0.721709
2024-06-21,3496.3428,3495.6198,3505.5123,3473.8283,10918661500,182736735066.8000,0.348675,-0.218706
2024-06-24,3473.6392,3476.8102,3505.7752,3471.2164,11799018400,195787549313.6000,0.376687,-0.538091
2024-06-25,3475.1648,3457.9023,3483.2189,3440.6464,11844811800,190886336762.4000,0.378149,-0.543829
2024-06-26,3451.5389,3480.2648,3487.3964,3442.2982,10589886100,171538111702.3000,0.338085,0.646707
2024-06-27,3467.2888,3454.1175,3471.1423,3452.5775,11491810100,174112508796.1000,0.366879,-0.751302
2024-06-28,3443.6744,3461.6570,3484.6780,3443.6744,13540915300,205118806811.8000,0.432306,0.218276
2024-07-01,3458.2636,3478.1827,3479.9548,3443.8086,12182977000,188018227774.8000,0.388952,0.477393
2024-07-02,3472.4527,3471.7857,3488.3189,3464.5237,12165012100,186104752421.9000,0.388376,-0.183918
2024-07-03,3471.5556,3463.4141,3478.7047,3454.9942,10385710800,163035359363.1000,0.331515,-0.241132
2024-07-04,3468.2958,3445.8128,3483.3098,3444.9280,10442990900,159477153569.5000,0.288439,-0.508207
2024-07-05,3443.3588,3431.0605,3451.0386,3399.6693,11660965900,181416567402.8000,0.372221,-0.428123
2024-07-08,3420.8033,3401.7604,3428.0418,3395.9123,11552821800,177559765827.5000,0.368605,-0.853966
2024-07-09,3396.8044,3439.8111,3448.9279,3384.8086,13162944300,215048837819.8000,0.419962,1.118559
2024-07-10,3425.8818,3428.9657,3447.5050,3423.6483,12720345600,198149476849.1000,0.405841,-0.315291
2024-07-11,3451.0442,3468.1690,3473.9837,3438.1180,14589246600,237551298481.6000,0.465468,1.143298
2024-07-12,3459.9564,3472.4014,3479.0958,3457.3633,13087458900,205055553856.4000,0.417402,0.122036
2024-07-15,3462.6113,3476.2467,3481.4613,3460.7915,11851708300,171584915379.5000,0.377987,0.110739
2024-07-16,3466.8523,3498.2827,3500.2943,3464.3655,12065901700,200456285077.5000,0.384818,0.633902
2024-07-17,3494.2090,3501.5836,3514.4753,3486.2229,13180206200,222830802528.4000,0.420274,0.094358
2024-07-18,3483.2975,3520.9310,3522.7995,3475.7236,12376819900,215783795702.6000,0.394657,0.552533
2024-07-19,3500.8052,3539.0156,3545.3383,3493.0734,13244797500,228065104129.0000,0.422267,0.513631
2024-07-22,3538.4012,3514.9249,3540.1874,3494.0143,13212633700,217457320403.9000,0.421241,-0.680718
2024-07-23,3509.7887,3439.8779,3509.7887,3439.8779,12889766000,202857560168.7000,0.410947,-2.135095
2024-07-24,3432.3459,3418.1663,3451.4196,3408.4129,12703626300,184884499786.8000,0.405012,-0.631174
2024-07-25,3404.6110,3399.2716,3415.8557,3383.7991,13102224200,190131464834.7000,0.417705,-0.552773
2024-07-26,3403.7084,3409.2931,3420.8201,3388.6601,12419555800,187853329477.8000,0.395930,0.294813
2024-07-29,3404.3663,3390.7420,3408.5024,3388.8444,10978778600,166697103823.1000,0.349994,-0.544133
2024-07-30,3380.6893,3369.3821,3380.6893,3352.8043,10495216400,165442824490.2000,0.334578,-0.629948
2024-07-31,3364.0268,3442.0844,3445.0042,3364.0268,17195917700,258249147336.4000,0.548190,2.157734
2024-08-01,3443.1397,3419.2666,3448.3361,3419.1872,13632346400,206038002517.7000,0.434587,-0.662906
2024-08-02,3393.9167,3384.3919,3419.1023,3380.9645,11661525500,179671192427.6000,0.371749,-1.019947
2024-08-05,3362.1117,3343.3205,3409.0314,3343.3205,14281251600,223631266563.2000,0.455262,-1.213553
2024-08-06,3367.3517,3342.9789,3376.7956,3318.6251,11934027900,181724693847.5000,0.380437,-0.010217
2024-08-07,3338.5909,3341.4890,3362.3839,3329.9658,9508437700,145078975325.5000,0.303114,-0.044568
2024-08-08,3332.4281,3342.9369,3364.7855,3320.8432,9249569500,149482926226.5000,0.294828,0.043331
2024-08-09,3358.1280,3331.6274,3366.6688,3331.6274,9151162600,142852166559.2000,0.291692,-0.338310
2024-08-12,3327.5561,3325.8645,3338.0771,3319.8908,7993875400,117544892726.5000,0.254803,-0.172976
2024-08-13,3328.0138,3334.3903,3335.0140,3310.1909,8448967900,125259155343.0000,0.269309,0.256348
2024-08-14,3332.7866,3309.2389,3332.7866,3309.1000,7874240700,118181952004.2000,0.250990,-0.754303
2024-08-15,3301.4455,3341.9530,3356.7644,3297.9711,10476639900,149249335425.5000,0.333857,0.988569
2024-08-16,3342.0346,3345.6340,3356.9071,3335.6239,9651908300,135885323083.0000,0.307576,0.110145
2024-08-19,3344.2614,3356.9677,3375.9621,3343.7116,10557111000,143421671337.3000,0.336422,0.338761
2024-08-20,3361.6394,3332.7034,3362.3338,3321.6397,10166833100,137910585091.6000,0.323917,-0.722804
2024-08-21,3322.9134,3321.6350,3339.4430,3307.9917,8995475100,130005992563.3000,0.286598,-0.332115
2024-08-22,3322.8723,3313.1357,3327.6962,3305.2453,10036650400,147702791560.6000,0.319770,-0.255877
2024-08-23,3305.9307,3327.1905,3336.2414,3305.6403,8952577400,132680886499.7000,0.285233,0.424214
2024-08-26,3330.7184,3324.2231,3336.5271,3311.5701,9399077200,139070603958.0000,0.299458,-0.089186
2024-08-27,3315.6860,3305.3338,3320.5667,3299.5635,9580815700,129755962864.4000,0.305250,-0.568232
2024-08-28,3298.9089,3286.4956,3305.3496,3274.5881,9269665000,135982310964.6000,0.295336,-0.569933
2024-08-29,3273.5410,3277.6812,3290.7857,3269.5288,13070233300,174340106392.6000,0.416423,-0.268201
2024-08-30,3273.7532,3321.4323,3351.6254,3273.6496,18869544300,268376041210.9000,0.601191,1.334819
2024-09-02,3307.5432,3265.0110,3307.7627,3264.7565,14761235300,194409996348.3000,0.470295,-1.698704
2024-09-03,3261.7410,3273.4282,3281.5935,3261.1877,12289730600,155089488535.3000,0.391552,0.257800
2024-09-04,3253.8980,3252.1649,3272.9861,3249.9809,10483248200,140070063076.9000,0.333997,-0.649573
2024-09-05,3252.9600,3257.7578,3266.8820,3247.1725,9710945000,134618198893.7000,0.309403,0.171975
2024-09-06,3261.1542,3231.3457,3274.8144,3231.0685,8840041700,121541545905.7000,0.281655,-0.810745
2024-09-09,3214.7996,3192.9516,3222.9278,3180.9277,10867306900,146516054460.5000,0.346241,-1.188177
2024-09-10,3193.4557,3195.7552,3205.0972,3171.7932,9729007800,133610476131.5000,0.309980,0.087806
2024-09-11,3187.0508,3186.1299,3197.3363,3174.0343,10248211000,141513837135.3000,0.326421,-0.301190
2024-09-12,3189.4271,3172.4747,3201.5544,3171.8775,9286865700,136387244637.1000,0.295799,-0.428583
2024-09-13,3174.0344,3159.2470,3188.9145,3159.2470,8833667700,137448911397.4000,0.281364,-0.416952
2024-09-18,3158.8179,3171.0102,3179.9012,3145.7908,8472281400,123452147968.9000,0.269853,0.372342
2024-09-19,3178.3959,3196.0357,3213.8378,3149.7925,12543927200,181785109712.7000,0.399588,0.789196
2024-09-20,3192.4322,3201.0497,3207.9875,3173.2238,11806409800,163985054956.9000,0.376094,0.156882
2024-09-23,3200.8678,3212.7639,3230.1613,3198.0248,9534485500,143876166860.9000,0.303722,0.365949
2024-09-24,3244.6468,3351.9090,3351.9684,3222.4885,20407221700,307879526847.5000,0.650073,4.331009
2024-09-25,3403.7021,3401.5330,3465.4882,3393.4380,24156425500,356862584939.5000,0.769504,1.480470
2024-09-26,3399.3188,3545.3204,3545.3249,3391.6772,24313401000,373983643044.8000,0.774504,4.227135
2024-09-27,3617.9203,3703.6849,3708.4951,3596.5833,26548777400,466692757481.8000,0.845712,4.466860
2024-09-30,3846.6515,4017.8545,4038.6968,3796.5045,51021770700,862528807419.2000,1.615929,8.482622
2024-10-08,4450.3675,4256.0962,4450.3675,4094.3519,58986789400,1130387437130.1000,1.868171,5.929575
2024-10-09,4168.8436,3955.9839,4197.6000,3942.5118,48226929500,1029032062193.4000,1.527204,-7.051351
2024-10-10,3979.6116,3997.7879,4098.4967,3912.7708,39505309900,717952217512.6000,1.251015,1.056728
2024-10-11,3969.7576,3887.1670,3978.2389,3847.1228,27409650500,484998267295.6000,0.867953,-2.767053
2024-10-14,3915.2186,3961.3424,3979.5431,3868.7790,30757899300,534076602215.5000,0.973982,1.908212
2024-10-15,3942.5342,3855.9949,3967.8712,3855.9949,24248644800,434410916723.5000,0.767856,-2.659389
2024-10-16,3806.1373,3831.5890,3877.7483,3805.0868,21886640700,377301324426.4000,0.693063,-0.632934
2024-10-17,3853.8410,3788.2217,3882.0733,3787.7498,21231382000,369170521634.5000,0.672314,-1.131836
2024-10-18,3780.3143,3925.2340,3998.2140,3765.1615,31295883400,620673701894.1000,0.991015,3.616797
2024-10-21,3946.9016,3935.1974,3979.2638,3896.1650,29118563400,600109598949.1000,0.922077,0.253829
2024-10-22,3923.7443,3957.7755,3965.9084,3917.5218,22343339600,442881846813.7000,0.707515,0.573748
2024-10-23,3955.3191,3973.2089,4012.1795,3939.0986,24587394900,469120806272.1000,0.778574,0.389951
2024-10-24,3950.8987,3928.8334,3957.9832,3914.0887,17472406200,340486884485.3000,0.553250,-1.116868
2024-10-25,3931.3205,3956.4210,3992.8918,3921.9396,21069488500,412231378430.4000,0.667141,0.702183
2024-10-28,3953.1063,3964.1569,3964.1569,3917.2042,21616041500,390450182338.0000,0.684419,0.195528
2024-10-29,3970.0080,3924.6490,3991.3091,3921.5795,21729398400,429625020404.8000,0.688012,-0.996628
2024-10-30,3904.1595,3889.4487,3926.0581,3864.3051,21943662600,385010582233.2000,0.694796,-0.896903
2024-10-31,3888.4229,3891.0396,3923.8997,3859.1079,30063671800,515533818945.0000,0.951898,0.040903
2024-11-01,3882.4579,3890.0203,3933.2204,3879.9588,30798648100,476472952028.3000,0.975169,-0.026196
2024-11-04,3897.7144,3944.7619,3944.7619,3891.2109,22923906000,381048606068.1000,0.725820,1.407232
2024-11-05,3937.6228,4044.5725,4046.6977,3925.4138,31686279400,580971852723.7000,1.003207,2.530206
2024-11-06,4051.2891,4024.2831,4091.7031,4002.5027,33580793800,639124093911.8000,1.063092,-0.501645
2024-11-07,3987.2665,4145.6952,4146.1510,3984.6652,34143641400,658145920948.1000,1.080875,3.016987
2024-11-08,4192.0794,4104.0470,4200.9080,4094.1631,33235038500,688446559772.2000,1.052083,-1.004613
2024-11-11,4066.9336,4131.1312,4132.5111,4048.0390,28959422700,625605935910.0000,0.915963,0.659939
2024-11-12,4133.3528,4085.7430,4181.7096,4060.7936,29777808600,660380524820.6000,0.941875,-1.098687
2024-11-13,4059.5898,4110.8901,4121.0735,4059.5898,24048409900,512734303119.4000,0.760654,0.615484
2024-11-14,4101.2228,4039.6191,4118.1686,4034.9441,23015278400,464157560755.1000,0.727976,-1.733712
2024-11-15,4025.6482,3968.8308,4049.0710,3968.8308,24739946300,474079686588.2000,0.782527,-1.752351
2024-11-18,3982.1036,3950.3806,4034.0596,3931.1872,30677794600,472408054830.7000,0.970013,-0.464877
2024-11-19,3954.6038,3976.8912,3979.1505,3896.7493,24294646500,402610970340.1000,0.768159,0.671090
2024-11-20,3966.1238,3985.7727,4001.0847,3958.3383,18459937200,347577693099.5000,0.583672,0.223328
2024-11-21,3979.4554,3989.2979,3999.5693,3966.0658,16612592700,324235010779.0000,0.525230,0.088445
2024-11-22,3984.2435,3865.6989,3990.2647,3865.6989,21628580900,397566831847.8000,0.683818,-3.098264
2024-11-25,3875.6126,3848.0909,3889.7069,3812.3179,19070295300,349006773180.1000,0.602934,-0.455493
2024-11-26,3836.2590,3840.1847,3875.2290,3833.2842,14989244100,264403254830.0000,0.473901,-0.205458
2024-11-27,3829.3442,3907.0447,3907.1640,3817.9125,17413609600,320632355477.0000,0.550573,1.741062
2024-11-28,3904.2525,3872.5505,3908.3918,3866.0136,15011729100,286432871223.5000,0.474631,-0.882872
2024-11-29,3869.8903,3916.5832,3962.7002,3869.8903,18765671300,375262017919.2000,0.593320,1.137047
2024-12-02,3909.7029,3947.6320,3955.1252,3902.1697,19728978400,368591235990.8000,0.623160,0.792752
2024-12-03,3946.7034,3951.8912,3963.9474,3922.8425,18249686700,327295048700.8000,0.576434,0.107893
2024-12-04,3948.1300,3930.5568,3957.3650,3917.7467,17462631800,312040419081.5000,0.551573,-0.539853
2024-12-05,3916.5638,3921.5881,3936.3358,3910.0834,13853403800,257716297996.5000,0.437572,-0.228179
2024-12-06,3923.8954,3973.1405,3995.1168,3923.8954,19205790700,351751735425.0000,0.606632,1.314580
2024-12-09,3970.6628,3966.5708,3995.5116,3948.4206,17595995800,308227216702.9000,0.555699,-0.165353
2024-12-10,4094.0500,3995.6369,4098.3804,3988.9676,25346379500,487278042807.0000,0.800488,0.732777
2024-12-11,3988.0179,3988.8308,4005.3253,3977.3522,17725284600,310713317895.4000,0.559799,-0.170338
2024-12-12,3987.1525,4028.5048,4031.7441,3981.3485,18162177700,333667518401.4000,0.573597,0.994627
2024-12-13,4000.9854,3933.1808,4000.9854,3931.7392,23035307900,421478609274.0000,0.727462,-2.366238
2024-12-16,3930.7807,3911.8416,3938.7595,3901.6465,17851125100,327619081581.3000,0.560021,-0.542543
2024-12-17,3908.1263,3922.0334,3955.9450,3908.1263,16093909000,306037370846.7000,0.504897,0.260537
2024-12-18,3934.5425,3941.8900,3956.1441,3933.9693,15773832100,276825381224.3000,0.000000,0.506283
2024-12-19,3911.8901,3945.4635,3954.3491,3899.7479,16108104000,321771606933.4000,0.505333,0.090654
2024-12-20,3937.4722,3927.7441,3958.6336,3923.2562,15498649600,332143276397.7000,0.486213,-0.449108
2024-12-23,3928.1493,3933.5718,3965.8502,3928.1493,19006736200,354063425208.7000,0.596266,0.148373
2024-12-24,3934.9422,3983.6882,3985.8588,3934.7338,16149458900,310384873294.2000,0.506634,1.274069
2024-12-25,3987.9557,3985.6291,4007.7626,3969.4766,15939074700,299295145793.1000,0.500028,0.048721
2024-12-26,3981.7317,3987.4801,3991.5331,3965.5461,14342528600,305769929402.7000,0.449943,0.046442
2024-12-27,3987.0189,3981.0307,4007.1314,3970.9365,16926866600,345011075199.0000,0.530975,-0.161741
2024-12-30,3976.7004,3999.0549,4005.7780,3976.7004,16461248500,322699390191.8000,0.516369,0.452752
2024-12-31,3995.8705,3934.9109,4004.3462,3934.9109,18392839700,347880439530.4000,0.576957,-1.603979
2025-01-02,3931.8155,3820.3952,3934.2034,3796.3389,21789872400,388636586639.3000,0.683516,-2.910249
2025-01-03,3825.2426,3775.1648,3835.9353,3767.6653,17534267600,304322755435.9000,0.549876,-1.183919
2025-01-06,3775.9902,3768.9697,3788.8489,3743.0727,15094667000,262803541116.2000,0.473343,-0.164101
2025-01-07,3760.8660,3796.1055,3797.6020,3749.0581,14645577900,266855795347.4000,0.459281,0.719979
2025-01-08,3781.2610,3789.2153,3810.7355,3731.1887,16916696800,300965725432.7000,0.530502,-0.181507
2025-01-09,3780.7341,3779.8773,3795.2608,3768.6810,12979400200,251486002819.8000,0.407030,-0.246436
2025-01-10,3778.8928,3732.4806,3786.8069,3732.4806,13752317100,275354209064.3000,0.431255,-1.253922
2025-01-13,3704.4442,3722.5130,3737.8852,3704.1073,13644619900,247861953196.7000,0.427879,-0.267050
2025-01-14,3728.5561,3820.5395,3826.6399,3718.8768,17066465700,345461480063.6000,0.535183,2.633342
2025-01-15,3810.0353,3796.0260,3816.8284,3790.1655,14147552000,278850595531.7000,0.443650,-0.641624
2025-01-16,3812.1935,3800.3836,3842.9470,3776.2861,14450587100,305734630771.3000,0.453161,0.114794
2025-01-17,3788.3729,3812.3429,3831.6404,3780.2133,12662196100,265437489593.6000,0.397079,0.314687
2025-01-20,3835.3042,3829.6764,3858.6677,3821.9815,13958127700,292175449108.6000,0.437609,0.454668
2025-01-21,3850.3563,3832.6145,3850.9106,3817.1214,14121840600,285073351693.4000,0.442724,0.076719
2025-01-22,3823.9447,3797.0166,3823.9447,3783.1438,13725506200,298745637551.4000,0.430299,-0.928815
2025-01-23,3829.0462,3803.7439,3864.2585,3801.8531,18056955100,345198071113.9000,0.566054,0.177173
2025-01-24,3793.8498,3832.8637,3847.6003,3793.4836,14897172200,296474375469.1000,0.467001,0.765556
2025-01-27,3836.9578,3817.0802,3851.9969,3817.0802,14667077200,282940127540.6000,0.459112,-0.411794
2025-02-05,3844.6998,3795.0848,3844.6998,3785.1620,15716830800,346016202025.2000,0.490698,-0.576236
2025-02-06,3789.6086,3842.8314,3843.4942,3788.3196,16728817600,371891971101.4000,0.522283,1.258117
2025-02-07,3844.0574,3892.7028,3919.3499,3833.8685,22185770700,487381557078.2000,0.692659,1.297777
2025-02-10,3898.1023,3901.0618,3906.3678,3878.8314,18890304000,384968342874.3000,0.589773,0.214735
2025-02-11,3905.1594,3883.1352,3905.1594,3872.9087,16657490900,337866056115.9000,0.519991,-0.459531
2025-02-12,3875.9596,3919.8617,3920.7229,3867.3538,16422854000,354830596297.9000,0.512613,0.945795
2025-02-13,3913.9044,3905.1398,3939.1978,3904.9845,17248587400,376473453306.6000,0.538387,-0.375572
2025-02-14,3900.8274,3939.0085,3942.0356,3900.8274,17297645200,360974236854.4000,0.539867,0.867285
2025-02-17,3954.4147,3947.3983,3955.8959,3921.7017,21358824600,430929575563.2000,0.666618,0.212993
2025-02-18,3942.5761,3912.7829,3965.4232,3901.8675,20942510100,400186229940.7000,0.653621,-0.876917
2025-02-19,3906.2201,3940.1602,3943.6742,3904.1455,18282951700,363680372562.7000,0.570616,0.699689
2025-02-20,3934.6503,3928.8959,3940.6780,3916.1772,16389523600,325972429362.6000,0.511521,-0.285884
2025-02-21,3938.0518,3978.4440,3981.0480,3927.7874,22740033000,504645493577.1000,0.697237,1.261120
2025-02-24,3972.4831,3969.7169,3995.9456,3949.2309,22081061800,455088749684.5000,0.677032,-0.219360
2025-02-25,3933.6360,3925.6505,3955.4336,3915.6527,17810858000,377981451250.4000,0.546102,-1.110064
2025-02-26,3931.8420,3959.9413,3960.3298,3925.3664,19106250100,386458193762.6000,0.585820,0.873506
2025-02-27,3961.0635,3968.1159,3973.9323,3933.4611,20288796300,428272792667.6000,0.621989,0.206432
2025-02-28,3950.1866,3890.0487,3972.4813,3886.3994,19810414700,420308043450.1000,0.607323,-1.967362
2025-03-03,3899.6962,3888.4738,3930.0048,3872.5872,17762316600,356057735014.0000,0.544517,-0.040485
2025-03-04,3865.9939,3885.2208,3890.4235,3855.7254,14985096700,297739246802.3000,0.459380,-0.083658
2025-03-05,3887.7992,3902.5706,3906.4214,3877.0188,15865275100,290860484504.9000,0.487293,0.446559
2025-03-06,3923.3827,3956.2369,3964.4942,3917.0833,19396091500,397419427642.7000,0.595754,1.375153
2025-03-07,3944.9145,3944.0143,3967.0743,3935.0464,16673237500,340626700285.5000,0.512123,-0.308945
2025-03-10,3945.5795,3928.8018,3949.1448,3905.1270,15276523200,292574987480.9000,0.000000,-0.385711
2025-03-11,3890.4305,3941.4157,3941.4157,3889.4298,14475440200,287480453119.8000,0.444682,0.321062
2025-03-12,3946.8623,3927.2315,3953.6125,3921.4736,15673219000,309627267364.8000,0.481478,-0.359876
2025-03-13,3925.7439,3911.5793,3939.2854,3897.3758,15653644300,295173112579.6000,0.480876,-0.398556
2025-03-14,3919.6159,4006.5567,4014.1586,3919.6159,21613900300,450895278803.0000,0.662755,2.428109
2025-03-17,4020.6402,3996.7876,4021.7278,3992.2563,16220291100,318904417418.3000,0.497360,-0.243828
2025-03-18,4011.7794,4007.7229,4016.8730,3995.9602,14020849600,292739319544.6000,0.429918,0.273602
2025-03-19,4004.8251,4010.1680,4025.2990,3989.5120,14441942800,286075300795.3000,0.442831,0.061010
2025-03-20,4011.0588,3974.9918,4012.0416,3969.9259,13375467000,260020676825.8000,0.410130,-0.877175
2025-03-21,3966.5146,3914.6956,3983.1476,3904.7674,16590529400,309348613935.4000,0.508711,-1.516889
2025-03-24,3916.1136,3934.8486,3938.1826,3907.1999,15223467400,266051442612.7000,0.466800,0.514804
2025-03-25,3937.8975,3932.2951,3946.3574,3921.5287,14047539900,239246310985.8000,0.430743,-0.064894
2025-03-26,3930.2073,3919.3566,3942.0260,3916.8607,13116418700,220943164486.2000,0.402191,-0.329032
2025-03-27,3911.3841,3932.4117,3952.9852,3903.6520,12679373800,232173613774.0000,0.388788,0.333093
2025-03-28,3930.7763,3915.1662,3934.2336,3907.3840,12635621400,213379194289.3000,0.387446,-0.438548
2025-03-31,3905.9815,3887.3056,3928.4482,3872.4030,16679852300,268480316572.3000,0.511454,-0.711607
2025-04-01,3892.7794,3887.6841,3905.2622,3882.4045,14038027400,246041674670.2000,0.430440,0.009737
2025-04-02,3884.4181,3884.3858,3900.4949,3877.1599,11304317500,198267515342.4000,0.346588,-0.084840
2025-04-03,3843.4177,3861.5034,3883.7025,3843.4177,14259978900,263684681545.1000,0.437208,-0.589087
2025-04-07,3675.2017,3589.4406,3707.7771,3514.1165,31257858600,512971787744.6000,0.958360,-7.045515
2025-04-08,3597.9859,3650.7590,3650.7590,3583.8746,28019731200,464021087837.5000,0.858881,1.708300
2025-04-09,3606.1036,3686.7943,3686.7943,3587.3368,26230570800,455031069289.8000,0.804039,0.987063
2025-04-10,3749.1262,3735.1151,3756.1386,3708.8194,22725222700,403842564855.5000,0.696590,1.310645
2025-04-11,3730.3148,3750.5167,3762.3653,3708.4617,16875969100,318535141904.4000,0.517294,0.412346
2025-04-14,3772.0407,3759.1422,3776.6344,3754.0330,16446240300,292571297039.1000,0.504126,0.229982
2025-04-15,3756.4788,3761.2348,3764.4860,3737.8495,13400604000,228604621375.8000,0.410768,0.055667
2025-04-16,3757.8757,3772.8204,3775.1661,3721.6025,15635900600,261711094768.5000,0.479285,0.308027
2025-04-17,3755.0862,3772.2221,3779.1253,3749.5040,12237100200,209012323066.2000,0.375102,-0.015858
2025-04-18,3760.0425,3772.5230,3782.0443,3754.4072,10294850900,173109384097.2000,0.315563,0.007977
2025-04-21,3768.1421,3784.8806,3790.1782,3763.1383,12135573000,208085677382.1000,0.371985,0.327569
2025-04-22,3780.1122,3783.9522,3799.2295,3778.0791,12568825700,210200698793.7000,0.385197,-0.024529
2025-04-23,3803.4295,3786.8824,3807.9536,3780.5183,13198687000,247117386122.1000,0.404297,0.077438
2025-04-24,3787.4590,3784.3574,3807.2599,3775.2070,11716456000,205483051375.0000,0.358894,-0.066678
2025-04-25,3792.0838,3786.9937,3801.5765,3780.7772,12459113300,220535052619.3000,0.381643,0.069663
2025-04-28,3786.3867,3781.6188,3792.0082,3772.8029,12514509100,210635318523.2000,0.383340,-0.141931
2025-04-29,3776.0025,3775.0767,3785.3157,3768.0311,11151469400,197462744362.5000,0.341575,-0.172997
2025-04-30,3775.8306,3770.5705,3787.5639,3768.7573,14368165800,244820462217.6000,0.440098,-0.119367
2025-05-06,3794.3757,3808.5424,3809.0939,3782.7770,15852045900,267937090757.4000,0.485550,1.007060
2025-05-07,3861.5767,3831.6270,3863.6776,3814.9868,16117229900,286010735453.4000,0.493672,0.606127
2025-05-08,3820.5481,3852.8963,3867.3313,3816.2642,12495983300,246987280587.7000,0.382750,0.555098
2025-05-09,3848.6187,3846.1566,3853.6632,3836.5349,11938952600,216697939671.7000,0.365688,-0.174926
2025-05-12,3866.5305,3890.6096,3890.7342,3859.0346,15333246000,296122947807.8000,0.469624,1.155777
2025-05-13,3915.5924,3896.2583,3915.5924,3890.6855,14732029900,267586397719.9000,0.451209,0.145188
2025-05-14,3894.8386,3943.2108,3960.5228,3890.6504,17203377900,319465226850.5000,0.526901,1.205066
2025-05-15,3934.0273,3907.1992,3936.4653,3904.9068,13808174900,241464943553.6000,0.422921,-0.913256
2025-05-16,3898.6662,3889.0854,3903.8528,3874.8619,11840534500,208835664039.2000,0.362647,-0.463601
2025-05-19,3882.5677,3877.1453,3885.5889,3866.5695,9864341400,184888170553.8000,0.302121,-0.307016
2025-05-20,3883.1024,3898.1705,3911.4737,3881.7436,10488523400,201636702521.8000,0.321241,0.542286
2025-05-21,3899.4365,3916.3807,3928.6339,3899.4365,10979134300,217037739435.0000,0.336265,0.467147
2025-05-22,3912.6007,3913.8651,3923.0195,3903.0898,10759705200,197511410270.8000,0.329551,-0.064233
2025-05-23,3910.3739,3882.2741,3931.5514,3882.2741,12027741900,232945378294.8000,0.368389,-0.807156
2025-05-26,3875.7891,3860.1067,3884.5370,3849.0384,10960120700,208876792148.9000,0.335925,-0.570990
2025-05-27,3857.6271,3839.3969,3865.4291,3834.8455,9857242500,178466763540.9000,0.302122,-0.536508
2025-05-28,3843.0747,3836.2366,3849.7360,3833.9582,8903102600,162496372727.5000,0.272856,-0.082312
2025-05-29,3838.0092,3858.6998,3869.7909,3831.4577,10847188600,209459602501.2000,0.332421,0.585553
2025-05-30,3850.4930,3840.2323,3858.6128,3829.2542,11167222800,199389751071.1000,0.342234,-0.478594
2025-06-03,3833.4584,3852.0127,3863.2952,3832.7202,13140309000,226782772062.7000,0.402753,0.306763
2025-06-04,3855.4878,3868.7429,3875.8569,3855.4878,11680387300,211736178154.1000,0.358006,0.434324
2025-06-05,3872.6373,3877.5557,3883.1345,3861.2720,12287818400,231749275334.6000,0.376624,0.227795
2025-06-06,3878.1027,3873.9841,3889.4557,3869.3871,11098797100,202034736310.9000,0.340140,-0.092110
2025-06-09,3877.7977,3885.2459,3894.6517,3871.9917,13630629300,262023668465.5000,0.417635,0.290703
2025-06-10,3887.5512,3865.4652,3897.4573,3850.4663,14556385900,263647551794.8000,0.445605,-0.509124
2025-06-11,3870.6719,3894.6252,3911.6107,3870.6719,14241477200,257217704405.4000,0.435964,0.754372
2025-06-12,3885.5196,3892.1992,3900.0408,3870.3838,13399869700,260239581458.0000,0.410201,-0.062291
2025-06-13,3881.4923,3864.1822,3889.1602,3853.8186,17253953600,309172346179.9000,0.528136,-0.719824
2025-06-16,3853.6193,3873.7951,3876.1704,3853.6193,13734183500,246860982863.3000,0.418129,0.248769
2025-06-17,3875.1768,3870.3786,3880.4156,3860.4090,12234252600,220399818948.5000,0.372465,-0.088195
2025-06-18,3871.6502,3874.9708,3881.3460,3854.6575,12752862100,230553858263.6000,0.388253,0.118650
2025-06-19,3870.0490,3843.0912,3872.9425,3834.9512,13028065800,234840180805.5000,0.396632,-0.822706
2025-06-20,3839.7833,3846.6443,3856.4799,3839.7833,11815102000,213522822874.5000,0.359688,0.092454
2025-06-23,3831.1703,3857.9016,3867.5896,3827.0829,13380089200,232482215850.4000,0.407330,0.292652
2025-06-24,3862.3876,3904.0342,3914.1579,3862.3876,16365618800,294228720612.5000,0.498191,1.195795
2025-06-25,3907.0682,3960.0662,3963.0371,3902.1771,18721367100,361727254624.0000,0.569903,1.435233
2025-06-26,3953.1603,3946.0195,3964.4820,3945.2589,16531626300,328102847495.6000,0.503247,-0.354709
2025-06-27,3949.7879,3921.7578,3969.2626,3918.2041,19455791300,343468229813.8000,0.592262,-0.614840
2025-06-30,3920.3149,3936.0791,3940.3611,3911.6044,14517023600,288821434921.4000,0.441916,0.365176
2025-07-01,3935.9078,3942.7620,3946.2451,3924.7219,12895936200,236070338399.4000,0.392320,0.169786
2025-07-02,3943.3232,3943.6849,3952.1378,3929.6956,14706306200,246637847453.8000,0.447384,0.023407
2025-07-03,3949.3998,3968.0676,3971.6160,3945.1380,14100400600,269609569538.7000,0.428927,0.618272
2025-07-04,3967.4637,3982.2034,4013.8478,3958.3762,15719713300,290512992198.0000,0.478182,0.356239
2025-07-07,3977.2881,3965.1746,3979.7481,3956.5663,13113527300,225106992875.9000,0.398903,-0.427623
2025-07-08,3965.4260,3998.4527,4002.2690,3965.4260,15640289500,292089834223.8000,0.475767,0.839259
2025-07-09,3997.5044,3991.4006,4016.7434,3987.4267,17329379600,305398796562.7000,0.527148,-0.176371
2025-07-10,3993.4196,4010.0243,4032.9829,3992.5242,20977890400,347836703626.3000,0.638134,0.466596
2025-07-11,4011.4652,4014.8070,4065.9419,4010.1052,26205277300,443780794880.4000,0.797148,0.119269
2025-07-14,4021.2135,4017.6678,4034.9198,4017.6678,20791717500,321415945157.1000,0.632470,0.071256
2025-07-15,4023.9896,4019.0644,4042.6574,3994.2628,19104293100,353524574440.9000,0.581138,0.034761
2025-07-16,4019.3925,4007.2019,4027.8567,3993.9209,15102730800,300656795664.6000,0.459428,-0.295156
2025-07-17,4005.0670,4034.4910,4034.5935,4005.0670,16124904100,325516865722.7000,0.490522,0.681001
2025-07-18,4039.8712,4058.5486,4064.6378,4039.3181,18621106300,354244444629.7000,0.566452,0.596298
2025-07-21,4069.7685,4085.6072,4086.1171,4063.4427,22326847600,377938564877.6000,0.679143,0.666706
2025-07-22,4087.3354,4118.9582,4119.2021,4068.3383,25759698500,450874014479.4000,0.783595,0.816305
2025-07-23,4129.1476,4119.7685,4155.6783,4113.9085,30050615400,470330899420.8000,0.914122,0.019672
2025-07-24,4116.8312,4149.0368,4152.4265,4111.8849,31963239200,487000043884.1000,0.972303,0.710436
2025-07-25,4145.3195,4127.1634,4150.4994,4117.8005,27359496300,430445513470.9000,0.831857,-0.527192
2025-07-28,4128.1993,4135.8242,4146.1200,4112.9677,22275981500,406792873973.3000,0.677293,0.209849
2025-07-29,4132.6833,4152.0247,4153.3307,4117.5772,23080788000,428764310973.8000,0.701207,0.391712
2025-07-30,4148.9405,4151.2379,4185.2064,4127.4301,24985304800,445168467668.0000,0.759066,-0.018950
2025-07-31,4141.5612,4075.5912,4141.8243,4063.6662,26708740600,492142571738.8000,0.811339,-1.822268
2025-08-01,4069.9254,4054.9286,4085.3543,4040.4620,19622182600,359685164163.4000,0.596068,-0.506984
2025-08-04,4037.9378,4070.7023,4070.7023,4037.9378,16227590200,295976826632.4000,0.495430,0.389001
2025-08-05,4080.3877,4103.4500,4106.2969,4075.5836,17885199900,306934255765.6000,0.546037,0.804473
2025-08-06,4100.4283,4113.4852,4116.7085,4098.3544,17667615500,307674626124.8000,0.539395,0.244555
2025-08-07,4120.2822,4114.6660,4129.7382,4094.8214,19864190200,358108366983.7000,0.606447,0.028706
2025-08-08,4109.2734,4104.9669,4122.2104,4097.4157,17317120100,308507687634.7000,0.528522,-0.235720
2025-08-11,4110.2939,4122.5106,4134.2462,4103.6050,19044371600,360685826235.0000,0.581242,0.427377
2025-08-12,4123.5762,4143.8252,4153.2948,4121.2243,17728782300,383088423330.0000,0.540853,0.517030
2025-08-13,4150.5037,4176.5776,4186.7480,4147.1991,21393499900,462776745465.3000,0.658128,0.790390
2025-08-14,4179.9650,4173.3131,4220.3109,4165.9376,22110359500,485075642622.0000,0.680082,-0.078162
2025-08-15,4162.4205,4202.3533,4214.7291,4157.4950,26132756600,518686873500.8000,0.803806,0.695855
2025-08-18,4218.2471,4239.4125,4272.9602,4203.4191,30147910200,635365867184.5000,0.922555,0.881868
2025-08-19,4241.7651,4223.3741,4264.2303,4215.2075,25081877100,553536203259.6000,0.766471,-0.378317
2025-08-20,4208.4005,4271.3958,4272.1463,4190.5559,24648177300,538815306146.9000,0.753218,1.137046
2025-08-21,4284.3712,4288.0707,4308.4472,4273.6523,25903001400,558521268967.4000,0.791563,0.390385
2025-08-22,4287.3633,4377.9977,4378.3881,4287.3633,29043489700,675935075408.9000,0.887470,2.097144
2025-08-25,4416.2924,4469.2217,4472.6525,4404.7761,35809000600,823681964472.7000,1.094202,2.083692
2025-08-26,4453.3526,4452.5905,4476.8030,4435.5275,27062139500,627950450229.2000,0.826940,-0.372127
2025-08-27,4458.8399,4386.1266,4494.9126,4386.1266,33313389800,785098482973.5000,1.017978,-1.492702
2025-08-28,4378.0351,4463.7820,4464.8028,4364.1710,29683453600,739423602221.4000,0.906995,1.770478
2025-08-29,4455.8034,4496.7591,4516.8395,4452.3632,35193894700,831194066157.9000,1.075004,0.738770
2025-09-01,4516.8787,4523.7111,4528.1342,4487.5304,32036670800,770378288126.9000,0.983122,0.599365
2025-09-02,4521.9828,4490.4528,4548.8937,4454.4169,30393256600,777999297964.1000,0.932607,-0.735199
2025-09-03,4501.3388,4459.8296,4510.7303,4427.5176,25432021700,655697116709.1000,0.780395,-0.681962
2025-09-04,4461.2503,4365.2085,4465.4967,4327.5068,30793460900,773124596998.1000,0.944913,-2.121630
2025-09-05,4365.6083,4460.3249,4466.5603,4350.2974,24962565700,664166970946.5000,0.764719,2.178966
2025-09-08,4467.1693,4467.5733,4482.7630,4438.0698,26763838200,683630879769.1000,0.819769,0.162508
2025-09-09,4448.7390,4436.2584,4472.0930,4412.6914,22137546000,562861103958.4000,0.677654,-0.700938
2025-09-10,4438.2998,4445.3649,4466.6325,4414.5937,20359764600,535539349489.1000,0.623234,0.205274
2025-09-11,4438.8390,4548.0345,4548.0345,4427.9242,25326405100,693156671397.7000,0.775268,2.309588
2025-09-12,4544.5905,4521.9980,4564.6665,4517.7897,26644200300,689576075691.4000,0.815607,-0.572478
2025-09-15,4534.8866,4533.0557,4566.9053,4522.4958,23188567800,613314652419.1000,0.709826,0.244531
2025-09-16,4539.9217,4523.3367,4552.4190,4494.7875,24926920600,613728334805.9000,0.762263,-0.214403
2025-09-17,4517.2855,4551.0230,4556.0296,4503.7959,23571647200,608454200521.1000,0.720819,0.612077
2025-09-18,4546.0319,4498.1090,4573.8331,4454.9886,30985982600,839987127411.0000,0.947548,-1.162684
2025-09-19,4499.0906,4501.9195,4533.0919,4491.8437,22504400000,603887059817.1000,0.688182,0.084713
2025-09-22,4512.0251,4522.6080,4523.8695,4487.1299,19645995600,563149164266.0000,0.600734,0.459548
2025-09-23,4536.7569,4519.7781,4560.7319,4459.7281,25282706200,680513630695.8000,0.773062,-0.062572
2025-09-24,4495.2659,4566.0708,4567.4948,4494.1133,22048260800,629161495484.1000,0.674141,1.024225
2025-09-25,4563.9827,4593.4875,4613.9486,4558.8424,22982333300,669866986618.6000,0.702701,0.600444
2025-09-26,4576.9142,4550.0487,4597.8472,4550.0487,20848211400,598723903173.9000,0.637449,-0.945661
2025-09-29,4555.0342,4620.0528,4647.5691,4541.4252,27435887700,693395231241.2000,0.838867,1.538535
2025-09-30,4629.8987,4640.6935,4647.5031,4616.2243,24798035900,664624101862.0000,0.758201,0.446763
2025-10-09,4662.1133,4709.4820,4726.3449,4651.9895,34767869600,862208005908.4000,1.063028,1.482289
2025-10-10,4679.4983,4616.8341,4692.5858,4600.9646,31902089900,792743047250.5000,0.975060,-1.967263
2025-10-13,4490.8661,4593.9785,4601.8072,4490.8661,31501035400,714001634395.3000,0.962802,-0.495049
2025-10-14,4634.0543,4539.0644,4641.4492,4520.9258,37295403000,808959003201.4000,1.139736,-1.195350
2025-10-15,4544.2431,4606.2879,4608.8239,4526.8340,28477185500,607326345325.6000,0.870190,1.480999
2025-10-16,4588.9206,4618.4218,4645.0959,4586.2801,24823551800,560567191741.4000,0.758538,0.263420
2025-10-17,4610.6967,4514.2345,4618.5621,4509.3289,25690561700,559085965218.7000,0.784898,-2.255907
2025-10-20,4558.2421,4538.2201,4570.4376,4520.5024,21842040500,505798833703.2000,0.667253,0.531333
2025-10-21,4556.1224,4607.8715,4615.4630,4547.9283,21571117500,551390253215.9000,0.658977,1.534774
2025-10-22,4576.0277,4592.5700,4603.4884,4567.2361,18533396000,440935302747.4000,0.566178,-0.332073
2025-10-23,4578.7018,4606.3447,4611.3409,4541.6944,20046391700,420800208775.6000,0.612392,0.299934
2025-10-24,4622.7873,4660.6835,4660.6835,4622.7873,20881448300,551986648560.5000,0.637902,1.179651
2025-10-27,4699.3819,4716.0186,4720.4288,4687.6876,26220067400,672670372522.7000,0.800831,1.187274
2025-10-28,4697.7277,4691.9730,4734.3218,4679.2288,22090664500,571563257095.5000,0.674707,-0.509871
2025-10-29,4701.0362,4747.8378,4747.8378,4697.2680,24621132400,645898688765.2000,0.751994,1.190646
2025-10-30,4735.9807,4709.9110,4761.8339,4706.4520,27328911800,719956285438.0000,0.834703,-0.798823
2025-10-31,4702.4946,4640.6676,4706.1395,4640.6676,28146474000,680712251492.7000,0.859673,-1.470164
2025-11-03,4636.7323,4653.4028,4653.4028,4595.7339,23986980900,557602941095.9000,0.732628,0.274426
2025-11-04,4649.3481,4618.6990,4665.3230,4595.0660,23322403200,505177700976.6000,0.712330,-0.745773
2025-11-05,4562.1117,4627.2570,4642.6101,4558.7647,20304587100,468361161388.7000,0.620156,0.185290
2025-11-06,4642.0112,4693.4032,4698.0935,4642.0112,22424100800,553641780921.2000,0.684890,1.429491
2025-11-07,4673.7616,4678.7944,4701.3743,4666.0405,21249737700,507573849500.2000,0.649011,-0.311262
2025-11-10,4688.1240,4695.0507,4695.1794,4654.2103,23602676400,593977127605.0000,0.720875,0.347446
2025-11-11,4706.3374,4652.1655,4707.1275,4648.4896,18663885800,477629076357.0000,0.570054,-0.913413
2025-11-12,4643.5592,4645.9079,4669.6073,4620.9897,20946059200,492308866408.7000,0.639750,-0.134509
2025-11-13,4643.7862,4702.0738,4703.4897,4643.7862,20736747400,510060678210.4000,0.633351,1.208933
2025-11-14,4663.3175,4628.1398,4684.2578,4628.0242,19209267600,444720433578.5000,0.586698,-1.572370
2025-11-17,4616.8058,4598.0525,4624.8976,4580.2613,18895546600,438940097527.8000,0.577116,-0.650095
2025-11-18,4584.7896,4568.1928,4606.6167,4552.8038,17771318500,420150126547.0000,0.542772,-0.649399
2025-11-19,4568.0365,4588.2922,4607.8627,4568.0365,17292497400,385230481969.8000,0.528148,0.439986
2025-11-20,4619.5401,4564.9483,4620.6529,4560.1814,19456259300,415064817729.8000,0.594890,-0.508771
2025-11-21,4513.3858,4453.6076,4527.0436,4453.1819,22285101300,481295814462.6000,0.681350,-2.439035
2025-11-24,4473.1563,4448.0478,4478.8081,4421.8123,18583372900,425807469499.9000,0.568048,-0.124838
2025-11-25,4475.8359,4490.4047,4510.7729,4467.3529,16957192900,411523796962.4000,0.518340,0.952258
2025-11-26,4490.2021,4517.6255,4538.1361,4485.6984,15620036800,427361377738.4000,0.477466,0.606199
2025-11-27,4520.0140,4515.4027,4559.2183,4509.8635,15031177200,417789843567.7000,0.459466,-0.049203
2025-11-28,4511.4972,4526.6616,4531.7219,4492.4256,14290209600,341832317979.4000,0.436813,0.249344
2025-12-01,4539.1877,4576.4856,4576.9654,4531.2917,20038231700,463861587251.4000,0.612145,1.100679
2025-12-02,4571.9098,4554.3347,4575.4945,4539.4312,14849313200,364366426477.8000,0.453630,-0.484016
2025-12-03,4554.5894,4531.0486,4569.8210,4523.5017,16976279000,374486168902.9000,0.518606,-0.511295
2025-12-04,4533.6004,4546.5664,4557.4228,4514.1878,14719811000,348767399211.7000,0.449673,0.342477
2025-12-05,4547.9056,4584.5368,4593.8279,4535.0195,19679996800,412146806538.3000,0.601201,0.835145
2025-12-08,4593.1399,4621.7545,4640.6256,4592.7414,19962099000,496716196112.2000,0.609791,0.811809
2025-12-09,4611.3790,4598.2232,4628.7049,4584.2540,18416034400,452113884581.0000,0.562562,-0.509142
2025-12-10,4586.2540,4591.8273,4598.5366,4549.0798,16911110600,401452781497.6000,0.516590,-0.139095
2025-12-11,4597.1901,4552.1848,4610.2787,4547.1372,16841940500,432431093509.7000,0.514478,-0.863327
2025-12-12,4558.7375,4580.9500,4583.6753,4530.7841,21282652000,523863221651.9000,0.650129,0.631899
2025-12-15,4550.0028,4552.0596,4595.0463,4548.4382,16758996700,424383389792.3000,0.510544,-0.630664
2025-12-16,4542.4226,4497.5545,4553.0806,4484.2700,16516520100,390500134302.7000,0.503156,-1.197372
2025-12-17,4499.7729,4579.8750,4594.6556,4498.9304,17842483000,452504741114.1000,0.543550,1.830339
2025-12-18,4553.9788,4552.7926,4571.9683,4544.1416,15168132800,382102395684.6000,0.461589,-0.591335
2025-12-19,4561.3729,4568.1781,4591.0931,4546.8465,15487622000,371577144281.1000,0.471408,0.337935
2025-12-22,4587.6683,4611.6235,4615.8721,4587.6683,16525285600,448240599513.9000,0.502647,0.951044
2025-12-23,4616.0260,4620.7341,4644.5347,4607.7992,16925641200,433141326005.5000,0.514838,0.197557
2025-12-24,4623.6831,4634.0586,4639.4278,4602.1444,15371124100,406375640662.1000,0.467553,0.288363
2025-12-25,4629.3195,4642.5357,4651.1535,4621.9208,13943418600,385356060832.4000,0.424126,0.182930
2025-12-26,4639.7895,4657.2400,4676.1310,4635.1052,17539656500,460426934267.5000,0.533511,0.316730
2025-12-29,4658.2654,4639.3721,4672.0352,4629.0567,20039713300,482613536466.5000,0.609556,-0.383659
2025-12-30,4617.3163,4651.2818,4664.3305,4616.6323,18037497400,457185489036.8000,0.548685,0.256709
2025-12-31,4656.4800,4629.9395,4667.0467,4622.0988,17076022400,444491545749.0000,0.519437,-0.458848
2026-01-05,4661.6160,4717.7457,4721.6378,4661.6160,23414483900,630577351311.4000,0.711730,1.896487
2026-01-06,4719.2088,4790.6938,4790.6938,4718.0099,29697068600,725414566872.9000,0.902617,1.546249
2026-01-07,4796.9335,4776.6658,4802.6028,4751.0713,25909556400,664897929360.7000,0.787498,-0.292818
2026-01-08,4761.0105,4737.6536,4765.4863,4717.0091,23880495700,630655637961.6000,0.725809,-0.816725
2026-01-09,4725.9571,4758.9221,4771.4276,4719.1340,25468803800,668788811126.9000,0.774082,0.448925
2026-01-12,4769.6501,4789.9155,4795.9327,4737.5702,29483316500,799954082388.1000,0.896196,0.651269
2026-01-13,4798.0488,4761.0324,4836.9549,4745.5154,30144949700,801054979639.8000,0.916299,-0.602998
2026-01-14,4767.6956,4741.9306,4818.1008,4720.2460,36495102300,891334219174.3000,1.109321,-0.401211
2026-01-15,4721.7966,4751.4293,4769.5478,4720.9368,25400363600,674058683639.6000,0.771893,0.200313
2026-01-16,4778.4302,4731.8728,4792.5514,4715.3646,32527892900,785624166096.3000,0.988275,-0.411592
2026-01-19,4720.1945,4734.4556,4761.6317,4715.0867,26761249200,655149256235.7000,0.813068,0.054583
2026-01-20,4736.9096,4718.8782,4748.2297,4684.9684,28271957900,671960685391.4000,0.858696,-0.329022
2026-01-21,4714.5541,4723.0692,4758.2793,4714.2366,26635333200,665330511237.3000,0.808987,0.088813
2026-01-22,4741.7548,4723.7091,4757.7637,4700.4482,27419993200,690235248160.5000,0.832890,0.013548
2026-01-23,4729.5850,4702.4966,4734.7942,4684.6172,31463544500,755617735528.3000,0.955704,-0.449064
2026-01-26,4715.3753,4706.9640,4754.1777,4693.1577,36300448100,796832970315.2000,1.102624,0.095001
2026-01-27,4705.1744,4705.6918,4736.9857,4675.6409,30147569700,715267914840.3000,0.915731,-0.027028
2026-01-28,4725.6014,4717.9914,4739.6257,4697.9063,38225560200,829414067055.4000,1.161100,0.261377
2026-01-29,4733.0879,4753.8697,4770.9599,4696.0536,41551305500,917966160339.3000,1.262119,0.760457
2026-01-30,4723.0810,4706.3401,4738.8711,4645.4706,31978653100,750564885195.4000,0.971350,-0.999809
2026-02-02,4674.2759,4605.9799,4716.6069,4601.7603,30477350000,725920381252.0000,0.925027,-2.132447
2026-02-03,4648.3574,4660.1074,4662.1264,4578.2087,26554940500,666626842810.7000,0.805864,1.175157
2026-02-04,4647.9671,4698.6832,4701.4768,4641.8424,26488103200,636018589862.7000,0.803836,0.827788
2026-02-05,4664.7478,4670.4188,4687.0213,4639.4300,23785635100,550433167197.1000,0.721824,-0.601539
2026-02-06,4622.9747,4643.5959,4678.2618,4606.6379,20271647700,505759806237.8000,0.615488,-0.574315
2026-02-09,4693.6715,4719.0559,4719.9642,4679.9037,20725193800,522757267199.4000,0.629259,1.625034
2026-02-10,4718.2552,4724.2956,4732.0871,4713.8684,18700095800,450339578978.4000,0.567773,0.111033
2026-02-11,4715.6697,4713.8185,4723.7043,4703.6873,17339168100,433428613402.0000,0.526452,-0.221771
2026-02-12,4720.0085,4719.5780,4726.0426,4707.7359,19784143900,490473852275.1000,0.600687,0.122183
2026-02-13,4693.4106,4660.4056,4703.6332,4658.4038,18916775600,452878594068.8000,0.574352,-1.253765
2026-02-24,4727.2961,4707.5440,4727.3730,4698.3488,21848889000,526084235584.0000,0.662698,1.011466
2026-02-25,4713.5754,4735.8858,4766.5587,4713.3438,28426835400,596903872616.7000,0.863392,0.602051
2026-02-26,4741.3896,4726.8739,4742.1476,4706.6943,23484764400,599848915404.9000,0.713289,-0.190290
2026-02-27,4698.3000,4710.6469,4721.0141,4692.8910,26142086500,578820992510.3000,0.793999,-0.343292
2026-03-02,4681.0141,4728.6688,4735.4055,4667.2752,34926075200,752681937770.4000,1.060789,0.382578
2026-03-03,4737.3164,4655.8962,4744.5987,4651.4047,37062427200,801659243770.0000,1.125675,-1.538966
2026-03-04,4609.1918,4602.6247,4639.4204,4575.8249,30303566600,608923128590.3000,0.920392,-1.144173
2026-03-05,4651.9415,4647.6921,4671.5268,4630.3024,25931782500,570443777084.6000,0.787610,0.979167
2026-03-06,4621.4939,4660.4390,4671.7126,4612.7943,23852792600,487807080156.9000,0.724467,0.274263
2026-03-09,4600.2535,4615.4551,4625.9814,4548.9690,32278761700,665821508005.3000,0.980384,-0.965229
2026-03-10,4648.7851,4674.7562,4677.5958,4648.7851,26390374800,557607876148.6000,0.801539,1.284838
2026-03-11,4681.0316,4704.4959,4711.8671,4674.7088,27017544300,579564397580.3000,0.819467,0.636176
2026-03-12,4700.7205,4687.5601,4704.3791,4654.3147,30298681600,572105482463.8000,0.918987,-0.359992
2026-03-13,4669.0619,4669.1400,4707.4194,4659.4979,31077200900,580305608197.8000,0.942596,-0.392957
2026-03-16,4669.2241,4671.5591,4673.6929,4621.8118,29621507000,598799098356.4000,0.898444,0.051810
2026-03-17,4685.5697,4637.4392,4720.8608,4637.3680,26302191300,578501505807.6000,0.797695,-0.730375
2026-03-18,4648.7517,4658.3324,4662.2936,4604.5163,23469070500,524173911454.0000,0.711772,0.450533
2026-03-19,4611.4399,4583.2511,4634.5468,4570.3920,25413044900,547850295789.2000,0.770729,-1.611763
2026-03-20,4602.8205,4567.0179,4628.7118,4563.0687,25787370300,615463088557.8000,0.782097,-0.354185
2026-03-23,4499.1004,4417.9971,4514.7182,4397.5661,32808194500,671719761060.9000,0.995029,-3.262978
2026-03-24,4458.9074,4474.7224,4474.8250,4394.2943,25553251700,530149390314.2000,0.774996,1.283960
2026-03-25,4506.6247,4537.4656,4542.1806,4502.0265,26263927900,550428161188.3000,0.795244,1.402170
2026-03-26,4525.3291,4477.5343,4541.0502,4468.9571,21373678800,471127498414.3000,0.647164,-1.320810
2026-03-27,4431.5034,4502.5698,4519.8903,4431.4205,19240038800,440517561617.1000,0.582553,0.559136
2026-03-30,4461.7367,4491.9500,4496.4109,4447.1373,20929309200,444629519711.2000,0.633695,-0.235861
2026-03-31,4491.9209,4450.0493,4523.1745,4450.0493,22454158500,484558113011.2000,0.679868,-0.932795
2026-04-01,4517.2717,4526.0668,4532.1093,4492.0544,21648319600,503744056996.0000,0.655468,1.708240
2026-04-02,4514.4416,4478.9141,4519.6931,4459.6095,19099216100,429949131699.9000,0.578246,-1.041803
2026-04-03,4492.8461,4440.7889,4494.4571,4437.5952,16832170500,373234910157.7000,0.509606,-0.851215
2026-04-07,4445.8613,4440.6162,4458.9264,4420.6939,16263878700,378261695014.8000,0.492399,-0.003889
2026-04-08,4517.3403,4595.5560,4595.5560,4513.7705,25333921300,641779180969.5000,0.767000,3.489151
2026-04-09,4562.6696,4566.2237,4579.1970,4552.4244,18493978300,500445676660.7000,0.559916,-0.638275
2026-04-10,4594.9467,4636.5655,4655.0988,4590.1089,20867860500,625717995648.2000,0.631761,1.540481
2026-04-13,4615.1330,4646.1546,4653.3983,4615.1330,19671227700,556620945240.3000,0.595529,0.206815
2026-04-14,4676.1235,4701.2837,4701.2837,4654.8526,20470033200,605717793585.3000,0.619657,1.186553
2026-04-15,4726.6381,4685.2464,4731.2729,4672.5560,20168850000,604550556798.3000,0.610423,-0.341126
2026-04-16,4694.4309,4736.6077,4739.2208,4689.4140,19205760000,567611323592.2000,0.581274,1.096235
2026-04-17,4728.9951,4728.6716,4738.3236,4714.4669,18291533600,587622682307.9000,0.553604,-0.167548
2026-04-20,4727.1661,4757.4419,4763.0427,4720.6853,22163349400,626568410330.9000,0.672301,0.608422
2026-04-21,4750.5149,4767.9970,4776.8258,4722.0074,20561405800,580407995619.7000,0.623707,0.221865
2026-04-22,4751.2794,4799.6270,4801.4465,4750.3502,20448183000,619505670177.0000,0.620207,0.663381
2026-04-23,4816.0267,4786.3273,4823.4704,4759.8600,23286573600,693853775975.6000,0.706295,-0.277099
2026-04-24,4771.7348,4769.3688,4786.4440,4735.6060,19379831400,680097832547.3000,0.587804,-0.354311
2026-04-27,4776.3351,4770.9469,4795.1682,4762.6441,19279655000,648904814981.1000,0.584768,0.033088
2026-04-28,4757.0766,4758.2083,4778.1891,4743.4355,21672423300,631521664930.9000,0.657336,-0.267004
2026-04-29,4737.5755,4810.3468,4813.6104,4737.1139,23329811000,681020507300.6000,0.707606,1.095759
2026-04-30,4820.9716,4807.3069,4829.2715,4797.5445,25063337000,726665374516.3000,0.760520,-0.063195
2026-05-06,4857.6537,4877.0932,4892.7957,4834.2807,27444388000,881744311635.1000,0.832405,1.451671
2026-05-07,4895.8001,4900.5098,4901.8575,4866.8749,25783397200,787236200022.7000,0.780253,0.480134
2026-05-08,4871.1185,4871.9122,4887.2129,4849.9871,25172099600,716546104146.0000,0.761706,-0.583564
2026-05-11,4902.2775,4951.8366,4960.3975,4889.5659,30573480100,904479321902.1000,0.925162,1.640514
2026-05-12,4965.0175,4948.0465,4971.3026,4926.7897,27381200100,819351442664.4000,0.828563,-0.076539
2026-05-13,4919.4248,4998.3417,5001.1201,4919.4248,26845453700,823173197928.5000,0.812351,1.016466
2026-05-14,5027.6405,4914.5971,5030.5187,4913.6037,28069537900,857446326247.6000,0.849392,-1.675448
2026-05-15,4911.6223,4859.5927,4935.6173,4832.6899,27696776900,887687426984.5000,0.838112,-1.119205
2026-05-18,4836.3286,4833.5237,4868.6008,4806.1455,23907758700,733452822623.8000,0.723421,-0.536444
2026-05-19,4818.7051,4852.8832,4854.5247,4773.5340,23228085200,712401049984.5000,0.702854,0.400526
2026-05-20,4829.6129,4850.7000,4866.2121,4825.6430,22002320600,729653332839.0000,0.665764,-0.044988
2026-05-21,4886.2389,4783.0976,4937.9327,4780.7107,28734250700,891936347970.3000,0.869465,-1.393663
2026-05-22,4818.8435,4845.0956,4851.3489,4785.3486,28694043500,771823300850.7000,0.868152,1.296189
2026-05-25,4873.1962,4921.5974,4922.4375,4857.1345,26474323600,861179421899.8000,0.801010,1.578953
2026-05-26,4900.1152,4947.8493,4952.7412,4892.6830,30279947600,899094487856.9000,0.916153,0.533402
2026-05-27,4940.9454,4908.1714,4974.2108,4891.3428,30170917500,909011906950.0000,0.912895,-0.801922
2026-05-28,4889.2659,4914.2133,4922.3297,4843.2265,26743273100,819897918903.1000,0.809027,0.123099
2026-05-29,4937.5119,4892.1213,4954.0703,4878.7869,33251861000,942236490058.1000,1.005829,-0.449553
2026-06-01,4897.8968,4844.2556,4918.7935,4836.6851,29613405100,823984849000.1000,0.895761,-0.978424
2026-06-02,4860.6119,4914.5591,4930.2776,4831.9972,28173166200,806751344395.2000,0.852192,1.451276
2026-06-03,4921.3445,4938.8091,4991.8525,4904.8969,30403594700,906047729419.0000,0.919733,0.493432
2026-06-04,4897.3164,4904.7454,4938.7814,4889.7456,26480891000,736143410003.4000,0.801067,-0.689715
2026-06-05,4886.9645,4816.9199,4924.3438,4798.9103,30192933600,839863796395.6000,0.913356,-1.790623
2026-06-08,4703.7730,4713.6358,4779.8623,4677.5682,29964756500,761046395165.9000,0.906567,-2.144194
2026-06-09,4743.4505,4801.8106,4802.5047,4715.3907,25839160100,713286998820.9000,0.781207,1.870632
2026-06-10,4753.1154,4748.5932,4786.5162,4718.9946,25929710900,694628416057.3000,0.784176,-1.108278
2026-06-11,4730.0720,4722.4122,4766.1728,4685.5014,24717705900,653931756259.4000,0.747441,-0.551342
2026-06-12,4784.6396,4777.3206,4809.8606,4757.5574,33592206300,871477325201.4000,1.015702,1.162719
2026-06-15,4829.2886,4891.7126,4892.5502,4803.1836,33131607600,914145755804.7000,0.991613,2.394480
2026-06-16,4894.8785,4884.2322,4908.2817,4866.0613,28258474300,857202587478.1000,0.845760,-0.152920
2026-06-17,4859.7012,4931.3861,4933.9288,4859.7012,27605395000,850367581580.7000,0.826157,0.965431
2026-06-18,4916.0442,4941.5986,4976.8909,4916.0442,33445990200,1021710711056.1000,1.000949,0.207092
2026-06-22,4949.3457,5059.6582,5061.5105,4928.4582,37510012400,1145900296757.5000,1.122626,2.389097
2026-06-23,5048.0255,4919.3860,5064.2654,4892.0944,34271933600,1047052858821.3000,1.025714,-2.772365
2026-06-24,4900.3838,4943.0197,4953.2321,4892.2676,31224902500,964945849978.7000,0.934520,0.480420
2026-06-25,4950.9753,5020.1038,5031.9994,4944.8760,34666428900,1110040892256.1000,1.037486,1.559454
2026-06-26,4981.8251,4868.2205,4981.9830,4845.1921,34117923800,1068082662086.9000,1.021071,-3.025501
2026-06-29,4866.0432,4926.9210,4928.5987,4827.1490,32321613400,1053723822552.5000,0.967391,1.205790
2026-06-30,4914.4934,4979.4328,4987.5599,4914.4934,30615022600,985795205703.9000,0.916312,1.065814
2026-07-01,4972.6923,4958.9773,5017.3754,4925.6309,34293474700,1101717525968.7000,1.026409,-0.410800
2026-07-02,4865.1713,4812.2957,4896.9934,4800.4842,34324375800,1027796834232.7000,1.027344,-2.957900
2026-07-03,4809.4988,4842.1737,4890.9652,4809.4988,30106756800,942569894349.8000,0.901250,0.620868
2026-07-06,4868.5422,4841.9980,4878.3231,4789.7956,29405054300,907946016953.4000,0.880245,-0.003629
2026-07-07,4813.8707,4792.2624,4839.5098,4756.7250,24630599900,762617505588.8000,0.737320,-1.027171
2026-07-08,4804.4837,4755.5338,4830.0464,4751.4045,24392874900,783248978280.6000,0.730204,-0.766415
2026-07-09,4774.4021,4876.3125,4882.8477,4734.8666,28162770500,947119396813.8000,0.843056,2.539751
2026-07-10,4887.5355,4780.7867,4906.4898,4780.7468,30413028600,1083913073039.4000,0.909967,-1.958976
2026-07-13,4745.4383,4695.3830,4775.2355,4670.2496,27863485300,907944677889.0000,0.833613,-1.786394
2026-07-14,4691.1224,4796.5020,4796.5020,4649.0444,28325098600,924097145132.5000,0.847429,2.153584
2026-07-15,4797.9430,4786.7828,4826.8637,4772.0415,27869266900,858314510331.8000,0.833790,-0.202631
2026-07-16,4711.5320,4698.4344,4771.0573,4673.3503,25156097700,798830386821.1000,0.750929,-1.845674
2026-07-17,4661.6218,4529.0953,4663.5311,4492.0850,30262988600,920822412822.0000,0.903373,-3.604160
2026-07-20,4575.6712,4598.3208,4628.7985,4521.1808,33311605800,933403207740.6000,0.994375,1.528462
2026-07-21,4630.8532,4739.2287,4739.2326,4566.2810,34540359000,1016727269579.4000,1.031053,3.064334
2026-07-22,4710.6602,4717.2442,4772.0815,4692.8330,28555635700,921519272205.4000,0.852396,-0.463884
2026-07-23,4735.1706,4728.0018,4737.5092,4698.8717,24733167500,741818580560.1000,0.738290,0.228048
2026-07-24,4685.4082,4649.1917,4704.0843,4642.9387,22126121200,626378644367.9000,0.660380,-1.666880
2026-07-27,4656.0272,4702.4272,4702.5249,4615.5310,20478694100,604552358161.4000,0.611209,1.145049
2026-07-28,4623.7986,4569.5235,4646.4870,4552.2287,21570504500,652026893961.9000,0.643796,-2.826279
2026-07-29,4582.0949,4600.2624,4626.7058,4516.3162,24808235700,751545094170.8000,0.740333,0.672694
2026-07-30,4566.0467,4549.7201,4596.2056,4478.2093,27465113000,803696969760.2000,0.819620,-1.098683
2026-07-31,4623.8536,4588.1968,4635.5888,4588.1968,27924369800,832909109292.8000,0.833326,0.845694
