date,open,close,high,low,volume,amount,turn,pctChg
2007-03-01,15.4415500000,14.4502024900,15.7411160700,14.1444598000,197763351,9500302911.0000,34.393626,38.431960
2007-03-02,14.5150570000,14.3328467100,14.6509426400,14.1691662800,42504832,1981445189.0000,7.392145,-0.812142
2007-03-05,14.2000493800,13.7059197800,14.2587272700,13.4434134300,41919674,1880502808.0000,7.290378,-4.374055
2007-03-06,13.5885640000,13.9746027500,14.2062260000,13.5113562500,29772788,1337719318.0000,5.177876,1.960340
2007-03-07,13.9869559900,14.3544648800,14.4841739000,13.8696002100,28746378,1317764044.0000,4.999370,2.718231
2007-03-08,14.2371091000,14.1815195200,14.3081402300,14.1074000800,13098383,601904452.0000,2.277980,-1.204822
2007-03-09,14.1753429000,14.0610754300,14.2371091000,13.8047457000,16088779,729237345.0000,2.798049,-0.849302
2007-03-12,13.9900443000,13.8078340100,13.9900443000,13.7429795000,14535306,651218161.0000,2.527879,-1.801010
2007-03-13,13.8387171100,13.8634235900,13.9776910600,13.7800392200,10231968,459295478.0000,1.779473,0.402595
2007-03-14,13.6812133000,13.8788651400,13.9282781000,13.5237094900,17330656,767078398.0000,3.014027,0.111382
2007-03-15,14.0579871200,13.8850417600,14.3575531900,13.8356288000,15252190,693085265.0000,2.652555,0.044505
2007-03-16,13.8943066900,13.9622495100,14.1907844500,13.7120964000,22754724,1025880313.0000,3.957343,0.556050
2007-03-19,13.9622495100,13.9622495100,13.9622495100,13.9622495100,0,0.0000,,0.000000
2007-03-20,14.4532908000,14.1382831800,14.4903505200,14.0518105000,22202687,1022520826.0000,3.861337,1.260782
2007-03-21,14.1444598000,13.9282781000,14.2062260000,13.8665119000,13672832,618375507.0000,2.377884,-1.485366
2007-03-22,14.0363689500,14.0085741600,14.1815195200,13.9684261300,16750984,762792451.0000,2.913215,0.576501
2007-03-23,14.0023975400,13.9468079600,14.0610754300,13.8078340100,13981014,631651813.0000,2.431481,-0.440919
2007-03-26,13.9591612000,14.1876961400,14.2679922000,13.9529845800,22326679,1024315888.0000,3.882901,1.727190
2007-03-27,14.1413714900,14.1784312100,14.3174051600,14.0919585300,13933819,640740822.0000,2.423273,-0.065300
2007-03-28,14.1753429000,14.3853479800,14.4841739000,14.0765169800,25826369,1197347468.0000,4.491542,1.459381
2007-03-29,14.4563791100,14.6385894000,15.0678644900,14.3544648800,46198618,2209005944.0000,8.034542,1.760412
2007-03-30,14.5027037600,14.5304985500,14.7837399700,14.4285843200,14461720,683029951.0000,2.515082,-0.738401
2007-04-02,14.5304985500,14.9443320900,15.0400697000,14.5304985500,23144503,1118052954.0000,4.025131,2.848034
2007-04-03,14.9535970200,14.8887425100,15.0585995600,14.7930049000,13271204,640969005.0000,2.308035,-0.371978
2007-04-04,14.8918308200,14.7590334900,14.9783035000,14.6849140500,12245469,586499998.0000,2.129647,-0.871185
2007-04-05,14.7621218000,14.7991815200,14.8238880000,14.5768232000,12286538,584881789.0000,2.136789,0.272018
2007-04-06,14.7250620800,14.8269763100,15.1172774500,14.6694725000,19520852,944575927.0000,3.394931,0.187813
2007-04-09,14.8516827900,15.9387679100,16.0252405900,14.7312387000,46277021,2312736816.0000,8.048178,7.498443
2007-04-10,15.7503810000,16.3124534200,16.5780480800,15.7503810000,40782390,2154172426.0000,7.092590,2.344505
2007-04-11,16.3309832800,16.5348117400,17.0412945800,16.2445106000,24344650,1313817488.0000,4.233852,1.363122
2007-04-12,16.6706973800,16.5039286400,17.9121980000,16.3526014500,15927043,855188897.0000,2.769921,-0.186780
2007-04-13,16.7077571000,16.9949699300,17.4304216400,16.6768740000,26668945,1469293102.0000,4.638077,2.975300
2007-04-16,17.1895334600,17.4242450200,17.4643930500,17.1895334600,14697227,824203125.0000,2.556039,2.525894
2007-04-17,17.4335099500,17.0320296500,17.6095436200,16.5533416000,19724388,1091710060.0000,3.430328,-2.250969
2007-04-18,16.9795283800,16.6490792100,17.0134997900,16.4915754000,13032235,706209984.0000,2.266476,-2.248416
2007-04-19,16.5224585000,16.0530353800,16.7695233000,15.5064045100,20558670,1080238617.0000,3.575421,-3.580041
2007-04-20,16.2630404600,17.0907075400,17.4180684000,16.1734794700,18569028,1010523120.0000,3.229396,6.464026
2007-04-23,17.0999724700,17.5971903800,17.7794006700,16.9486452800,14693459,835307845.0000,2.555384,2.963497
2007-04-24,17.9091096900,17.2389464200,17.9152863100,17.2173282500,16047287,907541031.0000,2.790833,-2.035802
2007-04-25,17.0227647200,17.5138060100,17.8195487000,16.9579102100,14593847,823204105.0000,2.538060,1.594410
2007-04-26,17.4736579800,18.0697018100,18.1222030800,17.4736579800,18496132,1073286548.0000,3.216719,3.174042
2007-04-27,18.0820550500,19.6416516000,19.8763631600,18.0048473000,38983864,2404772081.0000,6.779802,8.699368
2007-04-30,19.5181192000,20.3365213500,20.9480067300,19.2648777800,20419044,1323232053.0000,3.551138,3.537736
2007-05-08,20.9387418000,20.2963733200,20.9943313800,20.0740150000,13232558,870776142.0000,2.301314,-0.197414
2007-05-09,19.9195995000,20.2963733200,20.6299108000,19.4563530000,11181270,727121809.0000,1.944569,0.000000
2007-05-10,20.3087265600,19.9134228800,20.3828460000,19.8578333000,8584459,557976168.0000,1.492949,-1.886789
2007-05-11,19.6107685000,19.3976751100,19.7343009000,18.8850156500,16059298,1003287173.0000,2.792921,-2.589953
2007-05-14,19.0857558000,19.7682723100,20.5959393900,18.5298600000,17174388,1104697676.0000,2.986850,1.910525
2007-05-15,19.8887164000,19.0023714300,19.9165111900,18.9776649500,11153398,698693032.0000,1.939721,-3.874400
2007-05-16,18.9931065000,19.2494362300,19.4501763800,18.7460417000,9884150,610776702.0000,1.718983,1.300184
2007-05-17,19.2494362300,19.4100283500,19.6972411800,19.1475220000,8432798,528182974.0000,1.466574,0.834264
2007-05-18,19.2988491900,19.2092882000,19.4069400400,18.8417793100,11177295,695617734.0000,1.943877,-1.034205
2007-05-21,18.8108962100,19.5984152600,19.9473942900,18.7769248000,16888872,1073946037.0000,2.937195,2.025721
2007-05-22,19.6107685000,19.7651840000,20.2716668400,19.5984152600,12437670,802527503.0000,2.163073,0.850931
2007-05-23,19.8053320300,19.8300385100,20.0740150000,19.6416516000,7632081,492199733.0000,1.327318,0.328124
2007-05-24,19.7651840000,19.2772310200,20.0740150000,18.9622234000,11420175,719624114.0000,1.986117,-2.787729
2007-05-25,19.1413453800,19.1228155200,19.5057659600,19.0270779100,8575450,534340450.0000,1.491383,-0.801025
2007-05-28,19.1722284800,19.9134228800,19.9504826000,19.1506103100,15834501,1008706502.0000,2.753826,4.134376
2007-05-29,19.9195995000,20.0678383800,20.2284305000,19.8269502000,9701795,629290052.0000,1.687269,0.775434
2007-05-30,18.9313403000,18.2117640700,19.8825397800,18.0697018100,20331650,1247435798.0000,3.535939,-9.249002
2007-05-31,18.5298600000,18.8201611400,19.3019375000,18.0820550500,14241313,861871371.0000,2.476750,3.340677
2007-06-01,18.5576547900,18.6997170500,19.3019375000,18.4001509800,38448659,2343594693.0000,4.776231,-0.639973
2007-06-04,18.6997170500,17.6064553100,18.8448676200,17.2327698000,21969818,1281793905.0000,2.729170,-5.846409
2007-06-05,17.4798346000,17.6002786900,18.0974966000,16.6398142800,20158374,1130197677.0000,2.504146,-0.035076
2007-06-06,17.6805747500,17.8195487000,18.2457354800,17.4520398100,14422252,834640152.0000,1.791584,1.245831
2007-06-07,17.8195487000,17.8195487000,17.8195487000,17.8195487000,0,0.0000,,0.000000
2007-06-08,18.3785328100,18.2766185800,18.5761846500,17.8288136300,16792394,988128111.0000,2.086012,2.564991
2007-06-11,18.2272056200,19.3112024300,19.4470880700,18.2272056200,18339017,1135021972.0000,2.278139,5.660694
2007-06-12,19.3945868000,19.8887164000,20.1604876800,19.3575270800,19390832,1246109089.0000,2.408799,2.990569
2007-06-13,19.9195995000,19.6632697700,20.2531369800,19.4470880700,15136874,971187229.0000,1.880357,-1.133546
2007-06-14,19.8578333000,19.8979813300,20.4137291000,19.6416516000,11515221,747474620.0000,1.430462,1.193658
2007-06-15,19.8887164000,20.1913707800,20.3426979700,19.7837138600,9382519,611347511.0000,1.165530,1.474464
2007-06-18,20.6144692500,22.2111255200,22.2111255200,20.5434381200,20530173,1426978778.0000,2.550332,10.003060
2007-06-19,22.2358320000,21.9795022700,22.7917278000,21.7725855000,14418695,1040830370.0000,1.791142,-1.042825
2007-06-20,21.9270010000,21.8219984600,22.8226109000,21.7972919800,13455449,972066733.0000,1.671484,-0.716586
2007-06-21,21.7725855000,22.8256992100,23.9313141900,21.7725855000,19822855,1473952551.0000,2.462466,4.599490
2007-06-22,22.8535763400,23.1664268700,23.7084946200,22.6119690000,14062857,1042675284.0000,1.746939,1.492738
2007-06-25,23.3863515000,23.0022577800,24.0213451500,22.5407258100,18673579,1408262705.0000,2.319699,-0.708649
2007-06-26,22.5500184000,22.6708220700,22.9774775400,22.1783148000,16657610,1211248877.0000,2.069268,-1.440883
2007-06-27,22.6801146600,23.5969835400,23.9129316000,22.6801146600,10895447,824020168.0000,1.353472,4.085255
2007-06-28,23.6434464900,22.6429443000,23.6930069700,22.6181640600,8816445,657443825.0000,1.095211,-4.043058
2007-06-29,22.1473395000,22.1504370300,22.6119690000,22.0544136000,9393647,675697696.0000,1.166913,-2.175098
2007-07-02,21.9924630000,21.5835890400,22.1783148000,21.1871052000,7023672,491042222.0000,0.872506,-2.559085
2007-07-03,21.6238569300,22.2650456400,22.4725801500,21.6238569300,4592913,328909773.0000,0.570548,3.157286
2007-07-04,22.1783148000,21.7756359000,22.4570925000,21.6827100000,4502426,323343838.0000,0.559308,-2.198100
2007-07-05,21.6827100000,21.7229778900,22.6119690000,21.4720779600,6611870,469580503.0000,0.821350,-0.241829
2007-07-06,21.6889050600,22.5562134600,22.5655060500,21.6362470500,6605293,472405667.0000,0.820533,3.835737
2007-07-09,22.7606504400,23.3398885500,23.5350329400,22.5747986400,5681463,425030824.0000,0.705772,3.474319
2007-07-10,23.5350329400,23.9501019600,24.2226846000,23.3553762000,8685304,670485894.0000,1.078920,2.614468
2007-07-11,23.9036390100,23.8292982900,23.9036390100,23.3553762000,3366564,257358473.0000,0.418207,-0.504397
2007-07-12,23.8695661800,24.7492647000,25.1953090200,23.5660082400,6741416,537985466.0000,0.837443,3.860654
2007-07-13,24.9041412000,24.6315585600,25.3006250400,24.3156105000,4406691,354681949.0000,0.547415,-0.475601
2007-07-16,24.7213869300,25.4585990700,26.2267865100,24.7213869300,9833913,813658370.0000,1.221604,3.357653
2007-07-17,25.4616966000,25.3904534100,25.4616966000,24.3249030900,13232222,1055721504.0000,1.643754,-0.267674
2007-07-18,25.0899930000,25.3068201000,26.1462507300,24.9413115600,10760852,887783301.0000,1.336752,-0.329394
2007-07-19,25.2107966700,24.4704870000,25.2107966700,24.3806586300,11113509,882862136.0000,1.380560,-3.304770
2007-07-20,24.7182894000,26.0719100100,26.4993691500,24.6563388000,12683396,1047423370.0000,1.575577,6.544302
2007-07-23,26.1121779000,25.8519853800,26.2391766300,25.2944299800,25700164,2124859243.0000,3.192567,-0.843530
2007-07-24,25.9263261000,25.5608175600,26.0192520000,25.1984065500,23598005,1946669247.0000,2.931429,-1.126291
2007-07-25,25.5608175600,25.4678916600,25.5608175600,24.7492647000,21289544,1724532296.0000,2.644664,-0.363543
2007-07-26,25.5174521400,25.0961880600,25.5855978000,24.8421906000,15066389,1216898629.0000,1.871601,-1.459504
2007-07-27,24.9196288500,24.8112153000,25.2138942000,24.4704870000,13013475,1042196374.0000,1.616581,-1.135520
2007-07-30,24.8174103600,25.1922114900,25.3563805800,24.8143128300,14346282,1162535816.0000,1.782147,1.535585
2007-07-31,25.1922114900,25.8643755000,25.9449112800,24.6563388000,17173223,1398703578.0000,2.133320,2.668140
2007-08-01,26.2360791000,24.8205078900,26.2360791000,24.7740449400,16501198,1359297243.0000,2.049838,-4.035932
2007-08-02,25.2138942000,25.3439904600,25.7714496000,24.8112153000,11276059,920404475.0000,1.400753,2.109076
2007-08-03,25.4307213000,27.5029688700,27.8746724700,25.4307213000,25693679,2188983768.0000,3.191761,8.518701
2007-08-06,27.5680170000,27.9583057800,28.5282513000,26.9485110000,19116877,1710026813.0000,2.374767,1.655593
2007-08-07,27.9397206000,27.4688960400,28.1565477000,27.3202146000,12432988,1112115105.0000,1.544471,-1.750500
2007-08-08,27.2427763500,27.3821652000,27.8405996400,26.9485110000,9806332,864527673.0000,1.218178,-0.315741
2007-08-09,27.5680170000,29.4110473500,30.0522360600,27.4688960400,17541589,1634846303.0000,2.179079,7.409497
2007-08-10,28.9619055000,29.5473386700,30.3526964700,28.5127636500,12291099,1170079470.0000,1.526845,0.463404
2007-08-13,29.4884856000,29.2654634400,30.1575520800,28.7450784000,11083348,1045588683.0000,1.376813,-0.953974
2007-08-14,29.2747560300,30.3495989400,30.4518174300,29.2716585000,10095164,978253648.0000,1.254058,3.704488
2007-08-15,30.3495989400,30.3526964700,30.8173259700,29.4575103000,9017251,879744788.0000,1.120155,0.010201
2007-08-16,30.0429434700,28.8565894800,30.3465014100,28.3454970300,15942553,1494643709.0000,1.980441,-4.929069
2007-08-17,29.7362880000,27.6206750100,29.7362880000,27.4905787500,16957132,1537406696.0000,2.106476,-4.282960
2007-08-20,28.5902019000,28.6614450900,29.1756350700,28.2494736000,12333960,1141660864.0000,1.532169,3.768084
2007-08-21,28.6583475600,28.7605660500,29.2097079000,28.4910809400,11580464,1079579950.0000,1.438567,0.345834
2007-08-22,28.4972760000,28.7636635800,29.2251955500,28.2866439600,10862205,1009474199.0000,1.349342,0.010772
2007-08-23,28.8813697200,28.9185400800,29.2251955500,28.4043501000,12152500,1127032305.0000,1.509627,0.538445
2007-08-24,29.1167820000,30.2628681000,30.7708630200,29.1167820000,11840770,1154308214.0000,1.470903,4.648668
2007-08-27,30.5726211000,30.7491803100,31.4894899800,30.5726211000,15039263,1510194580.0000,1.868231,1.606960
2007-08-28,30.7367901900,32.0408503200,32.8585982400,30.2628681000,16716055,1701634406.0000,2.076529,4.200671
2007-08-29,31.2231024000,30.7027173600,31.9045590000,30.6655470000,10948255,1102526042.0000,1.360032,-4.176333
2007-08-30,30.9907876500,31.2540777000,31.5638307000,30.7274976000,9689835,974763888.0000,1.203706,1.795802
2007-08-31,31.2478826400,31.6257813000,31.9974849000,30.9164469300,7996989,808894234.0000,0.993415,1.189293
2007-09-03,31.8275205500,31.9889082700,32.7958468700,31.8213133300,8399794,878639965.0000,1.043453,1.148183
2007-09-04,31.9609757800,30.9243700400,32.2775440000,30.8964375500,8844877,895212116.0000,1.098742,-3.327836
2007-09-05,30.7567751000,30.4495177100,31.4706054000,30.0429448000,6123432,602385764.0000,0.760675,-1.535527
2007-09-06,30.5705585000,31.0298927800,31.1943841100,30.2664047200,10255473,1017274095.0000,1.273972,1.906027
2007-09-07,30.8498834000,30.0398411900,31.3464610000,29.9994942600,11661337,1150073159.0000,1.448613,-3.190640
2007-09-10,29.7915523900,30.4091707800,30.6015946000,29.4873986100,7945794,770512332.0000,0.987055,1.229468
2007-09-11,30.1360531000,29.8784534700,31.3154249000,29.6394755000,11733459,1159497453.0000,1.457573,-1.745261
2007-09-12,30.1050170000,31.1105866400,31.1602444000,30.1050170000,10694981,1063524785.0000,1.328569,4.123820
2007-09-13,31.6195786800,32.0696021300,32.4637606000,31.3774971000,10923051,1129118039.0000,1.356901,3.082606
2007-09-14,32.2154718000,32.6406663700,32.7741216000,31.8430386000,9319836,971562930.0000,1.157744,1.780699
2007-09-17,32.6810133000,33.3513930600,34.1086739000,32.6810133000,13437887,1454022105.0000,1.669303,2.177428
2007-09-18,33.3638075000,32.5320400200,33.5438168800,32.3334089800,6594905,701250339.0000,0.819243,-2.456728
2007-09-19,33.1465548000,35.0614821700,35.4059828800,33.1093114800,18499538,2070804533.0000,2.298079,7.775235
2007-09-20,34.7914681000,36.6970846400,37.8609383900,34.7635356100,11862311,1388132734.0000,1.473579,4.664952
2007-09-21,36.5543185800,37.0943467200,37.5505773900,36.2687864600,6645925,794954585.0000,0.825581,1.082543
2007-09-24,36.7932965500,37.8423167300,38.4475206800,36.3122370000,7505868,910152279.0000,0.932406,2.016402
2007-09-25,38.4847640000,40.1762314500,41.5263018000,38.4785567800,9703188,1254845760.0000,1.205365,6.167470
2007-09-26,40.3531372200,39.0930715600,41.7063111800,38.7951250000,7713156,994526304.0000,0.958156,-2.696020
2007-09-27,39.1365221000,40.8124715000,40.9055798000,37.2991849800,5729017,732218333.0000,0.711679,4.398222
2007-09-28,42.3642765000,41.8832169500,42.5194570000,41.2780130000,7118644,961151100.0000,0.884304,2.623572
2007-10-08,42.5194570000,43.8819417900,45.2444265800,42.0228794000,9114569,1280236198.0000,1.132245,4.772140
2007-10-09,43.7609010000,44.6795695600,45.1575255000,43.1401790000,6584712,940525822.0000,0.817977,1.817673
2007-10-10,44.8782006000,43.7609010000,45.1202821800,43.4815761000,8083600,1151674343.0000,1.004174,-2.056131
2007-10-11,43.7609010000,44.7323309300,45.2506338000,42.8298180000,9647040,1372878286.0000,1.198390,2.219862
2007-10-12,44.7540562000,43.6739999200,44.7540562000,42.3642765000,10059227,1410036852.0000,1.249593,-2.365922
2007-10-15,43.4815761000,42.8298180000,43.9781537000,42.3642765000,10718677,1479850570.0000,1.331513,-1.932917
2007-10-16,42.8298180000,42.5194570000,43.8819417900,42.3642765000,7541106,1042070086.0000,0.936783,-0.724638
2007-10-17,42.5194570000,42.3549656700,43.2332873000,42.2028887800,6061667,831671181.0000,0.753002,-0.386860
2007-10-18,43.1401790000,42.2835826400,43.9471176000,41.8987350000,7909690,1088839413.0000,0.982570,-0.168532
2007-10-19,43.0781068000,41.8676989000,43.1091429000,41.2780130000,6650384,897357273.0000,0.826135,-0.983567
2007-10-22,41.1228325000,43.1184537300,43.2612197900,40.8124715000,8804716,1205542861.0000,1.093754,2.987397
2007-10-23,43.1153501200,43.9781537000,43.9874645300,42.8298180000,7684950,1073743175.0000,0.954652,1.993813
2007-10-24,44.3940374400,44.9992413900,46.3306900800,44.0712620000,9152394,1342395537.0000,1.136943,2.321813
2007-10-25,45.0023450000,43.4505400000,46.2437890000,42.8298180000,9461897,1356843294.0000,1.175391,-3.441620
2007-10-26,42.5194570000,43.5715807900,44.2264425000,42.5194570000,4638244,650037980.0000,0.576179,0.278571
2007-10-29,43.2953595000,43.6305493800,45.0023450000,42.5349750500,9125245,1294334784.0000,1.133571,0.135339
2007-10-30,43.6367566000,43.8074551500,44.3474832900,42.7987819000,6162483,860578396.0000,0.765526,0.405457
2007-10-31,44.4436952000,43.4070894600,44.8782006000,43.2953595000,7045329,994263217.0000,0.875196,-0.913917
2007-11-01,43.7298649000,42.5163533900,44.0091898000,42.4139342600,7658759,1059602457.0000,0.951399,-2.052049
2007-11-02,42.0539155000,40.8714400900,42.3642765000,40.7503993000,9507594,1266023954.0000,1.181068,-3.868898
2007-11-05,40.5331466000,39.4065361700,41.1631794300,38.9503055000,8790188,1130094006.0000,1.091949,-3.584176
2007-11-06,39.4096397800,39.3506711900,39.9993256800,38.7982286100,4892568,621556124.0000,0.607772,-0.141766
2007-11-07,39.7262080000,38.4723495600,39.8813885000,37.3302210800,6189287,767622482.0000,0.768856,-2.232038
2007-11-08,38.4847640000,36.6784629800,38.4847640000,36.5170752600,8923884,1066854581.0000,1.108557,-4.662794
2007-11-09,36.5605258000,36.8739904100,37.5598882200,36.4363814000,8357768,999140459.0000,1.038232,0.533083
2007-11-12,36.0018760000,36.3774128100,37.2433200000,35.3811540000,7026121,817929597.0000,0.872810,-1.346687
2007-11-13,37.0260673000,35.7473799800,37.8330059000,34.8690583500,8996742,1066576801.0000,1.117608,-1.731933
2007-11-14,36.8088146000,38.4909712200,38.5282145400,36.0049796100,10440627,1256596668.0000,1.296972,7.674941
2007-11-15,37.8640420000,38.4009665300,39.6268924800,37.8267986800,8578758,1075193095.0000,1.065684,-0.233828
2007-11-16,37.8640420000,37.8702492200,38.7889177800,37.1191756000,5409434,658277264.0000,0.671979,-1.382047
2007-11-19,37.8640420000,36.6784629800,38.1123308000,36.4301741800,4910802,585168260.0000,0.610038,-3.147022
2007-11-20,36.3122370000,36.7219135200,36.9236481700,35.3439106800,7469821,867130515.0000,0.927928,0.118463
2007-11-21,36.7157063000,35.9739435100,37.0477925700,35.9398038000,2971648,348596946.0000,0.369149,-2.036846
2007-11-22,35.0707930000,33.1744872900,35.5363345000,32.5879050000,8458691,930187946.0000,1.050769,-7.781903
2007-11-23,32.5879050000,33.7021009900,33.8231417800,32.5723869500,5536887,595811951.0000,0.687812,1.590417
2007-11-26,34.5121432000,32.8796443400,34.7635356100,32.6437699800,4059294,442202453.0000,0.504260,-2.440367
2007-11-27,32.7927432600,31.3402537800,33.0534465000,31.2843888000,6672569,686577604.0000,0.828891,-4.681895
2007-11-28,31.3930151500,31.7654483500,32.3706523000,31.3185285100,4984823,510963844.0000,0.619233,1.356699
2007-11-29,32.4172064500,34.1335027800,34.2638544000,32.0913274000,9939356,1065085930.0000,1.234703,7.454817
2007-11-30,34.1397100000,33.7455515300,34.4469673900,33.2396631000,6598487,720998063.0000,0.819688,-1.136570
2007-12-03,33.7983129000,35.2321807200,35.2570096000,33.3638075000,6482014,722276492.0000,0.805219,4.405402
2007-12-04,35.1018291000,36.2594756300,37.3053922000,35.0707930000,7871056,920686394.0000,0.977771,2.915791
2007-12-05,36.1570565000,36.9515806600,37.2836669300,36.0639482000,4316880,512724374.0000,0.536258,1.908753
2007-12-06,36.9702023200,36.9174409500,37.2433200000,36.6225980000,4518943,538069667.0000,0.561359,-0.092391
2007-12-07,36.6225980000,37.2278019500,37.9199069800,36.6225980000,2543527,307217401.0000,0.315966,0.840689
2007-12-10,36.6846702000,37.5567846100,37.6778254000,36.3432731000,6668944,798611836.0000,0.828440,0.883706
2007-12-11,37.5691990500,36.4239669600,37.6778254000,35.5363345000,10434055,1218162054.0000,1.296156,-3.016281
2007-12-12,36.0018760000,34.4842107100,36.0018760000,34.3973096300,17486736,1965043741.0000,2.172265,-5.325494
2007-12-13,34.0683269700,33.2179378300,34.9156125000,33.1620728500,8412311,926659366.0000,1.045008,-3.672038
2007-12-14,32.8982660000,33.6679612800,33.8541778800,32.5382472400,9404382,1003706515.0000,1.168246,1.354765
2007-12-17,33.6400287900,31.3992223700,33.6431324000,31.3774971000,14467928,1487590524.0000,1.797258,-6.738574
2007-12-18,30.9740278000,31.6413039500,32.2527151200,30.8809195000,8636922,880964262.0000,1.072910,0.770978
2007-12-19,32.2620259500,32.3799631300,32.7554999400,31.6568220000,4802175,499421504.0000,0.596543,2.334483
2007-12-20,32.6344591500,32.7058421800,33.0441356700,31.9609757800,5401228,566622512.0000,0.670960,1.006418
2007-12-21,32.7120494000,33.5810602000,34.1086739000,32.7120494000,6897517,746881613.0000,0.856834,2.676029
2007-12-24,34.0776378000,34.3662735300,34.8535403000,33.4320869200,10705492,1172274814.0000,1.329875,2.338269
2007-12-25,34.4128276800,33.4320869200,34.4531746100,32.9913743000,11344202,1226804458.0000,1.409218,-2.718326
2007-12-26,33.4227760900,32.7710179900,33.6741685000,31.9764938300,12951666,1358776432.0000,1.608903,-1.977353
2007-12-27,32.7710179900,33.5934746400,33.6741685000,31.6444075600,18397676,1927574220.0000,2.285426,2.509709
2007-12-28,33.5003663400,32.9293021000,33.5158843900,32.5258328000,14560268,1543183501.0000,1.808729,-1.977087
2008-01-02,32.8361938000,31.9640793900,32.8361938000,31.8802819200,20076001,2069966569.0000,2.493913,-2.931198
2008-01-03,31.8337277700,31.6040606300,31.8740747000,30.8436761800,37996867,3805596238.0000,4.720108,-1.126319
2008-01-04,31.5419884300,32.3458234200,32.4296208900,31.0361000000,18083753,1864281235.0000,2.246429,2.347048
2008-01-07,32.1223635000,31.7778627900,32.1223635000,31.0485144400,22428410,2285519494.0000,2.786138,-1.755903
2008-01-08,31.9051108000,32.9261984900,33.3141497400,31.9051108000,32460603,3423619777.0000,4.032373,3.613631
2008-01-09,32.7430855000,32.9634418100,33.2396631000,32.5258328000,15400734,1629227741.0000,1.913135,0.113114
2008-01-10,33.0534465000,33.2334558800,33.3638075000,32.1782284800,23953743,2529584935.0000,2.975620,0.819134
2008-01-11,33.3700147200,34.0434980900,34.3135121600,33.3700147200,27025819,2962030971.0000,3.357245,2.437430
2008-01-14,34.3073049400,33.9659078400,35.0397569000,33.8293490000,15451057,1710964392.0000,1.919386,-0.227915
2008-01-15,33.9845295000,32.6003194400,34.1024666800,32.2775440000,33247654,3515459874.0000,4.130143,-4.020469
2008-01-16,31.9671830000,31.2564563100,32.1161562800,31.0826541500,27164684,2755884772.0000,3.374495,-4.122241
2008-01-17,31.0361000000,30.9057483800,31.5016415000,30.0429448000,22315608,2212991078.0000,2.772125,-1.122031
2008-01-18,30.8964375500,30.4805538100,31.0298927800,30.0088050900,21406119,2090141841.0000,2.659145,-1.375781
2008-01-21,30.4805538100,27.4328087900,30.4805538100,27.4328087900,33201200,3008297368.0000,4.124373,-9.998981
2008-01-22,26.0703240000,24.6892175500,26.0703240000,24.6892175500,32894793,2656532797.0000,4.086310,-10.001130
2008-01-23,24.2112616100,24.9747496700,25.4496020000,23.7550309400,34561788,2737490663.0000,4.293390,1.156503
2008-01-24,25.4527056100,24.8071547300,25.5116742000,23.8357248000,23823061,1887231756.0000,2.959386,-0.671059
2008-01-25,24.6985283800,25.0119929900,25.4185659000,24.1771219000,25672586,2052799779.0000,3.189141,0.825718
2008-01-28,24.5185190000,22.5104833300,24.6736995000,22.5104833300,23976574,1791142556.0000,2.978456,-10.001240
2008-01-29,23.2770750000,22.4949652800,23.5626071200,22.0201129500,15083101,1103903293.0000,1.873677,-0.068931
2008-01-30,22.9636103900,22.0666671000,23.2398316800,21.4087017800,21895500,1569981328.0000,2.719938,-1.903980
2008-01-31,21.9642479700,22.2870234100,22.6718710500,21.7873422000,10476475,754271321.0000,1.301425,0.998592
2008-02-01,22.4670327900,22.9636103900,23.1994847500,22.1349465200,21384645,1572896048.0000,2.656478,3.035789
2008-02-04,23.5719179500,24.5681767600,24.7730150200,23.5563999000,25525005,1998071465.0000,3.170808,6.987439
2008-02-05,24.4812756800,24.0343558400,24.4843792900,23.7736526000,12134283,940250870.0000,1.507364,-2.172816
2008-02-13,22.9667140000,22.3211631200,23.1218945000,22.1908115000,14303597,1044104452.0000,1.776844,-7.128105
2008-02-14,22.5942808000,23.0908584000,23.2150028000,22.4825508400,10629110,783632681.0000,1.320386,3.448281
2008-02-15,22.8115335000,23.5750215600,23.5874360000,22.5942808000,10458465,775763158.0000,1.299188,2.096771
2008-02-18,23.8512428500,24.0529775000,24.2391941000,23.6743370800,11178898,862670591.0000,1.388683,2.027384
2008-02-19,24.0188377900,23.8605536800,24.0188377900,23.1218945000,15256396,1152814175.0000,1.895204,-0.800004
2008-02-20,23.8202067500,23.1032728400,23.8202067500,22.9605067800,10671296,799007405.0000,1.325627,-3.173771
2008-02-21,22.9511959500,22.5073797200,22.9511959500,22.0232165600,12889540,928855876.0000,1.601185,-2.579266
2008-02-22,22.0821851500,21.5452606200,22.2063295500,21.4149090000,12399091,866615302.0000,1.540260,-4.274681
2008-02-25,21.5856075500,20.2914021800,21.8152746900,20.1765686100,12315135,820838914.0000,1.529830,-5.819650
2008-02-26,21.5390534000,21.1169624400,21.7656169300,20.4838260000,16860449,1145794554.0000,2.094466,4.068528
2008-02-27,21.3683548500,22.2901270200,22.5011725000,21.1045480000,19946598,1414727680.0000,2.477838,5.555554
2008-02-28,22.0356310000,21.7252700000,22.2311584300,21.6290580900,11257434,792417163.0000,1.398439,-2.534113
2008-02-29,21.7283736100,22.0977032000,22.5011725000,21.5266389600,12355865,880921948.0000,1.534890,1.714281
2008-03-03,21.9114866000,21.7594097100,22.2652981400,21.0952371700,31756042,2218821125.0000,0.808744,-1.530894
2008-03-04,21.7221663900,20.8252231000,21.7594097100,20.7910833900,27400433,1869321376.0000,0.697818,-4.293257
2008-03-05,20.8252231000,20.8252231000,20.8252231000,20.8252231000,0,0.0000,,0.000000
2008-03-06,21.7190627800,22.4639291800,22.9077454100,20.9183314000,59280220,4249580834.0000,1.509714,7.868851
2008-03-07,21.8494144000,20.9990252600,21.8494144000,20.5458982000,57422411,3924186162.0000,1.462400,-6.521130
2008-03-10,20.6886642600,20.0182845000,20.7321148000,19.9437978600,27046890,1757976469.0000,0.688814,-4.670416
2008-03-11,19.8879328800,19.8165498500,20.1238072400,19.3944588900,20938576,1324324011.0000,0.533251,-1.007754
2008-03-12,20.5396909800,19.8041354100,20.6296956700,19.4596347000,27402934,1766061350.0000,0.697882,-0.062642
2008-03-13,19.7079235000,19.6737837900,19.7234415500,19.1958278500,24455862,1539602548.0000,0.622828,-0.658207
2008-03-14,19.6365404700,19.5682610500,19.7048198900,19.0406473500,20107888,1254243312.0000,0.512096,-0.536362
2008-03-17,19.2423820000,18.5657950200,19.2734181000,18.4664795000,22893867,1393650589.0000,0.583048,-5.122918
2008-03-18,18.5533805800,17.5074640100,18.8544307500,17.1877921800,30022582,1725324282.0000,0.764597,-5.700434
2008-03-19,18.0816318600,17.6719553400,18.0816318600,17.3181438000,54063607,3077069553.0000,1.376860,0.939547
2008-03-20,16.1387720000,17.3646979500,17.8147214000,15.9060012500,42113178,2306605027.0000,1.072514,-1.738669
2008-03-21,17.5043604000,17.3988376600,17.9667982900,17.0636477800,33457687,1892961784.0000,0.852081,0.196605
2008-03-24,17.5136712300,15.6918521600,17.5819506500,15.6577124500,51076158,2654029903.0000,1.300778,-9.810916
2008-03-25,15.2076890000,15.8532398800,16.3560247000,14.9904363000,50854617,2550741649.0000,1.295136,1.028482
2008-03-26,15.9246229100,16.1977405900,16.6043135000,15.6732305000,39838720,2083401415.0000,1.014589,2.173055
2008-03-27,15.6359871800,15.2045853900,16.0766998000,15.1425131900,27241762,1373622743.0000,0.693777,-6.131437
2008-03-28,15.3380406200,16.4925835400,16.5950026700,15.1114770900,67407997,3489953506.0000,1.716707,8.471112
2008-03-31,15.9773842800,16.4212005100,16.8432914700,15.8594471000,44656263,2372318470.0000,1.137279,-0.432818
2008-04-01,16.2939525000,16.5577593500,16.8215662000,15.8625507100,42632694,2265401817.0000,1.085744,0.831598
2008-04-02,16.9922647500,17.6440228500,18.2119834800,16.7905301000,81321368,4601466554.0000,2.071045,6.560450
2008-04-03,17.2560716000,18.3237134400,18.3733712000,17.1319272000,39608942,2280102857.0000,1.008737,3.852247
2008-04-07,18.5875202900,19.3044542000,19.4906708000,18.3237134400,52424165,3189365264.0000,1.335108,5.352303
2008-04-08,19.1430664800,19.0716834500,19.3354903000,18.5471733600,37150684,2260436193.0000,0.946132,-1.205788
2008-04-09,18.6216600000,17.7278203200,18.8389127000,17.6564372900,30189699,1777516430.0000,0.768854,-7.046382
2008-04-10,17.6036759200,18.1188751800,18.1499112800,17.0946838800,25304016,1439484039.0000,0.644428,2.205886
2008-04-11,18.3112990000,18.2337087500,18.5595878000,17.8705863800,16365264,961132455.0000,0.416781,0.633777
2008-04-14,17.6564372900,17.0357152900,17.7774780800,16.8215662000,39106764,2167218582.0000,0.995948,-6.570214
2008-04-15,17.0139900200,17.3678015600,17.5664326000,16.0766998000,27067714,1453044799.0000,0.689345,1.949353
2008-04-16,17.1629633000,16.8650167400,17.4702206900,16.8215662000,12051939,663965129.0000,0.306932,-2.894923
2008-04-17,16.9146745000,17.4764279100,17.8085141800,16.9146745000,37127083,2088069874.0000,0.945531,3.625324
2008-04-18,17.0698550000,17.1474452500,17.6905770000,16.8308770300,36244519,2023333470.0000,0.923054,-1.882439
2008-04-21,18.8358090900,17.6905770000,18.8358090900,17.2560716000,57971036,3351476523.0000,1.476372,3.167421
2008-04-22,17.3957340500,18.0412849300,18.1561185000,16.7346651200,24022929,1342605302.0000,0.611802,1.982458
2008-04-23,17.9388658000,18.8420163100,18.9320210000,17.6936806100,43869246,2623525865.0000,1.117236,4.438324
2008-04-24,20.6390065000,20.7259075800,20.7259075800,20.1610505600,95456558,6329122490.0000,2.431032,9.998353
2008-04-25,20.7941870000,20.8003942200,21.6600941900,20.6390065000,75435387,5156935057.0000,1.921144,0.359386
2008-04-28,20.0182845000,20.0803567000,20.4838260000,19.8382751200,30720090,1992712242.0000,0.782361,-3.461653
2008-04-29,19.9251762000,20.1889830500,20.3379563300,19.8475859500,21892386,1423186152.0000,0.557542,0.540968
2008-04-30,20.7941870000,21.4149090000,21.6600941900,20.5924523500,62862074,4319806880.0000,1.600934,6.072247
2008-05-05,21.7252700000,21.2938682100,21.8804505000,21.0114397000,35741392,2462026625.0000,0.910241,-0.565217
2008-05-06,21.1045480000,20.9586783300,21.1976563000,20.7941870000,21495450,1449960041.0000,0.547433,-1.574117
2008-05-07,20.9586783300,19.2672108800,21.1045480000,19.2299675600,56976412,3672399706.0000,1.451042,-8.070483
2008-05-08,19.0530617900,19.4534274800,19.6365404700,18.7799441100,28400729,1757427894.0000,0.723293,0.966492
2008-05-09,20.4217538000,19.8879328800,20.6886642600,19.5030852400,40065585,2590587675.0000,1.020367,2.233570
2008-05-12,19.2734181000,19.4968780200,19.9562123000,18.8947776800,22229543,1387968756.0000,0.566129,-1.966295
2008-05-13,19.4968780200,19.4968780200,19.4968780200,19.4968780200,0,0.0000,,0.000000
2008-05-14,18.7302863500,19.5217069000,19.5403285600,18.7302863500,41134363,2535600652.0000,1.047586,0.127351
2008-05-15,19.6427476900,19.1492737000,19.8631040000,19.0872015000,19767184,1242758878.0000,0.503419,-1.907791
2008-05-16,19.2423820000,19.0996159400,19.6148152000,18.8327054800,14019237,867215432.0000,0.357034,-0.259319
2008-05-19,19.1120303800,18.6899394200,19.1927242400,18.4044073000,13924711,837279560.0000,0.354626,-2.144946
2008-05-20,18.6899394200,17.7029914400,19.0251293000,17.6595409000,20339858,1198567596.0000,0.518004,-5.280638
2008-05-21,17.6843697800,17.9916271700,18.0071452200,17.1815849600,21818441,1232098677.0000,0.555659,1.630435
2008-05-22,17.7805816900,17.3740087800,17.7805816900,17.3026257500,12970885,731262345.0000,0.330335,-3.432813
2008-05-23,17.4742164000,17.4710848200,17.8437428400,17.3082426600,9529778,534812104.0000,0.242699,0.558762
2008-05-26,17.2236900000,16.5597950400,17.2236900000,16.5347424000,17587552,938855036.0000,0.447909,-5.215988
2008-05-27,16.6005055800,16.9230583200,16.9418478000,16.3217949600,13367217,715552087.0000,0.340428,2.193645
2008-05-28,17.0044794000,17.4742164000,17.7435322800,16.7696109000,18757404,1041060057.0000,0.477703,3.256844
2008-05-29,17.4429006000,16.8823477800,17.5055322000,16.8635583000,10908143,600800202.0000,0.277802,-3.387096
2008-05-30,17.0702425800,17.6307954000,17.6589796200,17.0671110000,20721292,1153410409.0000,0.527718,4.433314
2008-06-02,17.5055322000,17.8155586200,18.0097165800,17.2299531600,15833621,897476928.0000,0.403241,1.047958
2008-06-03,17.6777691000,17.4460321800,17.8938481200,17.3489532000,11557303,648479361.0000,0.294335,-2.074179
2008-06-04,17.3677426800,17.0076109800,17.5305848400,16.8666898800,12608831,687008079.0000,0.321114,-2.513010
2008-06-05,16.9136635800,17.0733741600,17.2487426400,16.8760846200,7552729,411761878.0000,0.192348,0.386667
2008-06-06,17.1767163000,17.0859004800,17.4366374400,16.9167951600,7563297,415888690.0000,0.192618,0.073369
2008-06-10,16.1276370000,15.6986105400,16.4314002600,15.5013210000,24254166,1240143231.0000,0.617691,-8.119502
2008-06-11,15.6109263000,15.7800316200,16.0180317000,15.5044525800,13401410,673213103.0000,0.341299,0.518648
2008-06-12,15.6579000000,15.4668736200,15.7048737000,15.1286629800,16409032,808472568.0000,0.417896,-1.984521
2008-06-13,15.4700052000,15.3603999000,15.7205316000,15.2821104000,9547625,470473293.0000,0.243153,-0.688399
2008-06-16,15.4324262400,15.6391105200,15.7267947600,15.1443208800,17752979,881642709.0000,0.452122,1.814474
2008-06-17,15.6516368400,15.3854525400,15.7487158200,15.2194788000,12220290,604973613.0000,0.311219,-1.621941
2008-06-18,15.3071630400,15.9929790600,16.1276370000,14.8750050000,31278546,1552193439.0000,0.796584,3.948704
2008-06-19,15.8395316400,14.9971366200,15.8457948000,14.9063208000,20315712,994999041.0000,0.517389,-6.226748
2008-06-20,15.0159261000,15.7706368800,16.3155318000,14.7309523200,35813930,1806074983.0000,0.912088,5.157656
2008-06-23,15.4386894000,15.2445314400,15.6923473800,15.1881630000,13720836,673843553.0000,0.349434,-3.335981
2008-06-24,15.2821104000,15.5545578600,15.8082158400,15.2194788000,19740577,980565786.0000,0.502741,2.033685
2008-06-25,15.5545578600,15.9647948400,16.1276370000,15.4418209800,19643779,997498080.0000,0.500276,2.637410
2008-06-26,15.9647948400,16.1840054400,16.3468476000,15.9084264000,19398338,1001492341.0000,0.494025,1.373089
2008-06-27,15.3917157000,15.3572683200,15.7205316000,15.3290841000,20257390,1002115990.0000,0.515903,-5.108358
2008-06-30,15.3603999000,15.4261630800,15.6735579000,15.2695840800,15993481,788115059.0000,0.407313,0.448608
2008-07-01,15.5013210000,14.9752155600,15.5138473200,14.8436892000,20541100,990289817.0000,0.523129,-2.923262
2008-07-02,14.8436892000,13.4783203200,15.0942156000,13.4783203200,45871642,2067868013.0000,1.168232,-9.995815
2008-07-03,12.8332148400,12.6985569000,13.2434518200,12.1380040800,109537165,4407402581.0000,2.789628,-5.785320
2008-07-04,12.4636884000,12.5795568600,12.6828990000,12.3227673000,29627948,1181362377.0000,0.754547,-0.937117
2008-07-07,12.5263200000,13.1432412600,13.2810307800,12.5231884200,34310244,1423440824.0000,0.873793,4.480964
2008-07-08,13.1432412600,12.6265305600,13.4062939800,12.4636884000,49322822,2027358954.0000,1.256125,-3.931383
2008-07-09,12.8927148600,13.7100572400,13.7194519800,12.8394780000,64223650,2745157311.0000,1.635610,8.581347
2008-07-10,13.3718466000,13.4783203200,13.8791625600,13.3123465800,51229240,2215342203.0000,1.304676,-1.690265
2008-07-11,13.4219518800,13.5158992800,13.5910572000,13.1056623000,27509760,1170719239.0000,0.700602,0.278808
2008-07-14,13.3248729000,13.5284256000,13.7319783000,13.3092150000,18720336,808939005.0000,0.476759,0.092681
2008-07-15,13.5346887600,12.7173463800,13.5753993000,12.6828990000,30140514,1254149274.0000,0.767601,-5.995370
2008-07-16,12.5263200000,12.3384252000,12.5263200000,12.1755830400,19944794,785319057.0000,0.507942,-2.979559
2008-07-17,12.3384252000,12.3384252000,12.3384252000,12.3384252000,0,0.0000,,0.000000
2008-07-18,12.5419779000,12.8613990600,12.9052411800,12.2131620000,28151744,1134090524.0000,0.716952,4.238574
2008-07-21,12.6828990000,13.4407413600,13.5284256000,12.6233989800,36458607,1540210938.0000,0.928506,4.504501
2008-07-22,13.3718466000,13.4657940000,13.5879256200,13.2966886800,24027789,1032330898.0000,0.611926,0.186398
2008-07-23,13.5597414000,13.7382414600,13.9981626000,13.5534782400,38109447,1673277658.0000,0.970549,2.023253
2008-07-24,13.9668468000,14.7121628400,14.8750050000,13.9668468000,50727204,2337915173.0000,1.291891,7.089128
2008-07-25,14.3770837800,14.3864785200,14.5430575200,14.0921100000,29601041,1352724855.0000,0.753862,-2.213710
2008-07-28,14.4209259000,14.0639257800,14.7497418000,13.9355310000,30827629,1406796996.0000,0.785100,-2.242052
2008-07-29,13.7476362000,13.7883467400,13.8666362400,13.5973203600,16779503,735490692.0000,0.427331,-1.959477
2008-07-30,14.1234258000,13.7726888400,14.1610047600,13.6474256400,11911484,527780630.0000,0.303355,-0.113557
2008-07-31,13.8728994000,13.4563992600,13.8885573000,13.4344782000,13237886,573917370.0000,0.337135,-2.296495
2008-08-01,13.3687150200,14.0294784000,14.1766626600,13.2841623600,18508321,815762581.0000,0.471359,4.258800
2008-08-04,13.7758204200,13.7507677800,14.1703995000,13.7163204000,11230819,499604827.0000,0.286020,-1.986600
2008-08-05,13.7789520000,13.8384520200,14.1359521200,13.7163204000,21278025,948115370.0000,0.541896,0.637700
2008-08-06,14.0012941800,14.3301100800,14.4616364400,13.9355310000,22418713,1020126671.0000,0.570947,3.552800
2008-08-07,14.3113206000,14.2768732200,14.4177943200,14.0607942000,16705508,757661683.0000,0.425446,-0.371500
2008-08-08,14.1735310800,13.5127677000,14.2768732200,13.4657940000,17545663,775830743.0000,0.446843,-5.352100
2008-08-11,13.4908466400,13.0524254400,13.7131888200,12.9021096000,18057704,769307423.0000,0.459883,-3.406700
2008-08-12,13.0023201600,13.1557675800,13.3092150000,12.9678727800,11765554,494362573.0000,0.299638,0.791700
2008-08-13,12.9960570000,12.8269516800,13.1213202000,12.6828990000,13248533,544288668.0000,0.337406,-2.499400
2008-08-14,12.7862411400,12.8645306400,13.1150570400,12.6860305800,8612222,355685301.0000,0.219331,0.293000
2008-08-15,12.8707938000,13.0993991400,13.2966886800,12.7737148200,8059510,337432339.0000,0.205255,1.825700
2008-08-18,13.1275833600,12.5294515800,13.1495044200,12.5263200000,15281627,626283508.0000,0.389183,-4.350900
2008-08-19,12.4887410400,12.8551359000,12.9146359200,12.3697410000,11717830,476825099.0000,0.298423,2.599400
2008-08-20,12.7423990200,14.0795836800,14.1390837000,12.6828990000,29375509,1297115678.0000,0.748118,9.525000
2008-08-21,13.7789520000,13.5033729600,13.9981626000,13.4939782200,17884980,785409282.0000,0.455484,-4.092500
2008-08-22,13.2465834000,13.4219518800,13.6129782600,13.1714254800,9176359,391525340.0000,0.233698,-0.603000
2008-08-25,13.4657940000,13.6129782600,13.9668468000,13.1902149600,11931424,522589791.0000,0.303862,1.423200
2008-08-26,13.4657940000,13.7601625200,13.8290572800,13.3436623800,11885068,518001092.0000,0.302682,1.081200
2008-08-27,13.8102678000,14.0075573400,14.2361626800,13.7476362000,25111536,1127113734.0000,0.639526,1.797900
2008-08-28,14.1390837000,14.2831363800,14.6338733400,14.1390837000,20365758,938047176.0000,0.518663,1.967400
2008-08-29,14.3363732400,14.3833469400,14.6182154400,14.3363732400,19200210,888435367.0000,0.488980,0.701600
2008-09-01,14.2486890000,13.9637152200,14.2518205800,13.7445046200,14084069,630412727.0000,0.358685,-2.917500
2008-09-02,13.9355310000,13.8948204600,14.1328205400,13.7726888400,10407586,462708313.0000,0.265054,-0.493400
2008-09-03,14.0075573400,13.7131888200,14.1077679000,13.4657940000,12080834,532568715.0000,0.307668,-1.307200
2008-09-04,13.5472150800,13.4689255800,13.7131888200,13.1526360000,12191581,523915839.0000,0.310488,-1.781200
2008-09-05,13.0900044000,13.0837412400,13.2309255000,12.9647412000,12263716,512722145.0000,0.312325,-2.859800
2008-09-08,13.2090044400,13.4156887200,13.4971098000,13.0023201600,19025450,809669911.0000,0.484529,2.537100
2008-09-09,13.4657940000,13.3781097600,13.4971098000,13.2340570800,11291156,482068708.0000,0.287557,-0.280100
2008-09-10,13.2152676000,13.2152676000,13.6223730000,13.0586886000,12475141,529134897.0000,0.317710,-1.217200
2008-09-11,13.1213202000,12.3384252000,13.3092150000,12.3165041400,16773539,678371649.0000,0.427179,-6.635100
2008-09-12,12.4386357600,12.6140042400,12.8175569400,12.3853989000,14685690,590320953.0000,0.374007,2.233500
2008-09-16,12.1348725000,11.5461354600,12.1348725000,11.3519775000,31763520,1169853953.0000,0.808935,-8.465700
2008-09-17,11.4302670000,10.5095824800,11.6275565400,10.3905824400,32624974,1137282003.0000,0.830874,-8.977500
2008-09-18,9.7642664400,9.6014242800,10.3028982000,9.4573716000,46652625,1431370483.0000,1.188122,-8.641200
2008-09-19,10.5628193400,10.5628193400,10.5628193400,10.4187666600,21060549,709932215.0000,0.536358,10.013000
2008-09-22,11.6181618000,11.6181618000,11.6181618000,11.1953985000,71377355,2637610629.0000,1.817797,9.991100
2008-09-23,11.2736880000,11.1515563800,11.5492670400,11.1421616400,50962478,1845260031.0000,1.297882,-4.016200
2008-09-24,10.9573984200,11.0983195200,11.1171090000,10.6818193800,32249343,1123851042.0000,0.821307,-0.477400
2008-09-25,11.1452932200,11.3551090800,12.2068988400,11.0983195200,79979843,2965202298.0000,2.036880,2.313800
2008-09-26,11.1797406000,10.4187666600,11.2611616800,10.2183455400,143417207,4795480748.0000,3.652465,-8.246000
2008-10-06,10.6802628000,10.5227368000,10.7936815200,10.3337056000,82883580,2797905084.0000,2.110830,0.997900
2008-10-07,9.7760635600,10.0627608800,10.3967160000,9.7540099200,38675802,1231665350.0000,0.984973,-4.371300
2008-10-08,9.6720964000,9.1365080000,9.8674286400,9.0797986400,51671139,1555022150.0000,1.315930,-9.204800
2008-10-09,9.2467762000,9.1522606000,9.4043022000,8.6324248000,48597195,1389566513.0000,1.237645,0.172400
2008-10-10,8.6324248000,8.7458435200,8.9600788800,8.5820164800,40517547,1129276164.0000,1.031877,-4.440600
2008-10-13,8.8183054800,9.4326568800,9.4673126000,8.5095545200,62948508,1792021403.0000,1.603136,7.853000
2008-10-14,10.0533093200,9.2971845200,10.0596103600,9.2688298400,69181978,2140130598.0000,1.761886,-1.436200
2008-10-15,8.8277570400,9.0325408400,9.1491100800,8.7773487200,32940158,935691840.0000,0.838901,-2.846500
2008-10-16,8.5379092000,8.2858676000,8.5883175200,8.1945025200,34870112,932908535.0000,0.888052,-8.266500
2008-10-17,8.4433936000,8.2606634400,8.4748988000,8.1913520000,20284207,537024611.0000,0.516586,-0.304200
2008-10-20,8.1535457600,8.4307915200,8.5064040000,7.7975370000,47091415,1207342624.0000,1.199296,2.059500
2008-10-21,8.4307915200,8.1945025200,8.4748988000,8.1692983600,48855342,1289685107.0000,1.244219,-2.802700
2008-10-22,7.9708156000,7.8826010400,8.1220405600,7.8447948000,34953493,883032687.0000,0.890175,-3.806200
2008-10-23,7.5612480000,7.5927532000,7.7187740000,7.4352272000,50125808,1197297590.0000,1.276575,-3.677100
2008-10-24,7.5990542400,7.1233257200,7.6526130800,7.1075731200,63698596,1479545616.0000,1.622238,-6.182600
2008-10-27,6.8807356800,6.5751352400,6.8838862000,6.4585660000,71709610,1515008454.0000,1.826258,-7.695700
2008-10-28,6.5467805600,6.5467805600,6.7484138400,6.2695348000,115036384,2398967108.0000,2.929679,-0.431200
2008-10-29,6.6791024000,6.7011560400,7.0508637600,6.5971888800,110737317,2374509241.0000,2.820193,2.358000
2008-10-30,6.5814362800,7.3722168000,7.3722168000,6.3735019600,114125611,2572545462.0000,2.906484,10.014100
2008-10-31,7.1674330000,7.1579814400,7.4163240800,7.0886700000,67854121,1553557558.0000,1.728069,-2.906000
2008-11-03,7.1453793600,7.4667324000,7.7345266000,7.1201752000,58760694,1403943753.0000,1.496483,4.313400
2008-11-04,7.3722168000,7.4887860400,7.5927532000,7.1989382000,44162391,1033909442.0000,1.124702,0.295400
2008-11-05,7.5612480000,7.9708156000,8.2386098000,7.5612480000,67194086,1703519141.0000,1.711259,6.436700
2008-11-06,7.6305594400,7.5643985200,7.8416442800,7.5486459200,43139633,1048345166.0000,1.098655,-5.098800
2008-11-07,7.3438621200,7.9235578000,8.0275249600,7.3249590000,43425671,1066507668.0000,1.105939,4.748000
2008-11-10,8.2543624000,8.3394264400,8.5379092000,8.0306754800,69559789,1832550084.0000,1.771508,5.248500
2008-11-11,8.1283416000,8.1377931600,8.3142222800,8.0369765200,47131708,1219981444.0000,1.200323,-2.417800
2008-11-12,8.0243744400,8.0464280800,8.3079212400,7.8447948000,43880421,1119910741.0000,1.117521,-1.122700
2008-11-13,7.8384937600,8.1819004400,8.4118884000,7.5864521600,81108477,2054685988.0000,2.065623,1.683600
2008-11-14,8.3961358000,8.3772326800,8.5064040000,8.2008035600,74954168,1993122589.0000,1.908889,2.387400
2008-11-17,8.3173728000,8.5662638800,8.6135216800,8.2260077200,60354243,1624659610.0000,1.537066,2.256500
2008-11-18,8.4433936000,7.7093224400,8.6576289600,7.7093224400,66918060,1734045473.0000,1.704230,-10.003700
2008-11-19,7.6305594400,8.0653312000,8.1787499200,7.2524970400,84755502,2075525016.0000,2.158503,4.617900
2008-11-20,7.6872688000,7.6022047600,7.9235578000,7.5234417600,76042078,1849636757.0000,1.936595,-5.742200
2008-11-21,7.2871527600,7.7061719200,7.9078052000,7.2083897600,69469534,1684875579.0000,1.769209,1.367600
2008-11-24,7.6400110000,7.3249590000,7.6746667200,7.3155074400,36835461,878121434.0000,0.938104,-4.946900
2008-11-25,7.5423448800,7.3942704400,7.5612480000,7.3092064000,26609801,628410912.0000,0.677683,0.946200
2008-11-26,7.3029053600,7.4572808400,7.5612480000,7.3029053600,19114182,452905301.0000,0.486789,0.852200
2008-11-27,7.9141062400,7.5297428000,8.0527291200,7.5045386400,62507017,1542260801.0000,1.591892,0.971700
2008-11-28,7.4352272000,7.0855194800,7.5139902000,7.0508637600,47236576,1085367286.0000,1.202993,-5.899600
2008-12-01,7.0792184400,7.1107236400,7.1642824800,6.8082737200,34370554,762838659.0000,0.875329,0.355700
2008-12-02,6.8366284000,7.1044226000,7.2871527600,6.8271768400,31570460,710917136.0000,0.804018,-0.088600
2008-12-03,7.2020887200,7.5454954000,7.5675490400,7.1894866400,46958570,1104813618.0000,1.195913,6.208400
2008-12-04,7.7502792000,8.1125890000,8.3016202000,7.7502792000,119526723,3090722379.0000,3.044036,7.515700
2008-12-05,8.0810838000,8.2732655200,8.3677811200,8.0464280800,62119731,1621431402.0000,1.582029,1.980600
2008-12-08,8.4811998400,8.6607794800,8.7048867600,8.3677811200,86906385,2365864751.0000,2.213281,4.683900
2008-12-09,8.6324248000,8.4055873600,8.7269404000,8.3394264400,55839939,1520647286.0000,1.422099,-2.946500
2008-12-10,8.3173728000,8.7678971600,8.8718643200,8.2417603200,55639023,1516758454.0000,1.416982,4.310300
2008-12-11,8.6670805200,8.7111878000,9.0230892800,8.6009196000,53785048,1509344199.0000,1.369766,-0.646800
2008-12-12,8.6103711600,8.1724488800,8.7111878000,8.0338260000,46684167,1231381249.0000,1.188925,-6.184400
2008-12-15,8.3803832000,8.5001029600,8.7741982000,8.3331254000,48163961,1304257738.0000,1.226611,4.009300
2008-12-16,8.3520285200,8.6009196000,8.6072206400,8.1913520000,27213890,727066361.0000,0.693067,1.186100
2008-12-17,8.7395424800,8.6859836400,8.9947346000,8.6639300000,48422639,1358975601.0000,1.233199,0.989000
2008-12-18,8.6891341600,9.3129371200,9.3349907600,8.5158555600,59869931,1712076822.0000,1.524732,7.218000
2008-12-19,9.1365080000,9.5586776800,9.8611276000,9.1050028000,64490485,1937730442.0000,1.642406,2.638700
2008-12-22,9.4767641600,9.0514439600,9.5964839200,8.9474768000,44351021,1292491399.0000,1.129506,-5.306500
2008-12-23,9.0419924000,8.5095545200,9.0419924000,8.5064040000,40980145,1130494213.0000,1.043658,-5.986800
2008-12-24,8.4433936000,8.5410597200,8.6765320800,8.4118884000,29309455,795832589.0000,0.746436,0.370200
2008-12-25,8.5064040000,8.4150389200,8.5914680400,8.2260077200,24661308,656966032.0000,0.628060,-1.475500
2008-12-26,8.3205233200,8.4465441200,8.6670805200,8.2543624000,19841368,536040641.0000,0.505308,0.374400
2008-12-29,8.3488780000,8.3394264400,8.4811998400,8.1598468000,21353865,562137314.0000,0.543828,-1.268200
2008-12-30,8.3394264400,8.2606634400,8.4843503600,8.2039540800,15304613,405107718.0000,0.389769,-0.944500
2008-12-31,8.2953191600,8.3772326800,8.5946185600,8.2606634400,18766301,502230338.0000,0.477929,1.411100
2009-01-05,8.7899508000,9.0892502000,9.1270564400,8.6954352000,35105350,990720326.0000,0.894042,8.499400
2009-01-06,9.0419924000,9.4074527200,9.5681292400,9.0199387600,45197571,1349920975.0000,1.151065,3.500900
2009-01-07,9.3790980400,9.4106032400,9.5177209200,9.2467762000,30627949,915325446.0000,0.780015,0.033500
2009-01-08,9.0734976000,8.9285736800,9.1522606000,8.8372086000,32927323,939824785.0000,0.838574,-5.122200
2009-01-09,8.9002190000,8.9506273200,9.1837658000,8.9002190000,23581568,676914662.0000,0.600562,0.247000
2009-01-12,8.8844664000,8.7931013200,9.0419924000,8.7584456000,32345902,913120132.0000,0.823766,-1.759900
2009-01-13,8.6324248000,8.6954352000,8.9285736800,8.6009196000,18956862,529097787.0000,0.482782,-1.110700
2009-01-14,8.8151549600,9.4043022000,9.4169042800,8.7647466400,41931424,1216318745.0000,1.067885,8.152200
2009-01-15,9.1995184000,9.2845824400,9.3727970000,9.0451429200,52201157,1518876867.0000,1.329428,-1.273000
2009-01-16,9.3570444000,9.2971845200,9.7540099200,9.1365080000,49182152,1496084668.0000,1.252542,0.135700
2009-01-19,9.4484094800,9.5586776800,9.7981172000,9.4452589600,45398590,1388320289.0000,1.156185,2.812600
2009-01-20,9.4515600000,9.5271724800,9.6342901600,9.2310236000,28571956,858052084.0000,0.727654,-0.329600
2009-01-21,9.2940340000,9.2247225600,9.5744302800,9.1365080000,54623651,1621465466.0000,1.391123,-3.174600
2009-01-22,9.3444423200,9.2404751600,9.4767641600,9.1144543600,26058261,767812125.0000,0.663636,0.170800
2009-01-23,9.1680132000,9.0924007200,9.3034855600,9.0608955200,23723948,688798766.0000,0.604188,-1.602452
2009-02-02,9.2940340000,9.2341741200,9.3853990800,9.1459595600,15422087,453144928.0000,0.392761,1.559300
2009-02-03,9.2121204800,9.4862157200,9.5618282000,9.1680132000,32747984,978321065.0000,0.834006,2.729400
2009-02-04,9.5460756000,9.7760635600,9.8296224000,9.5460756000,31862473,984313773.0000,0.811455,3.055500
2009-02-05,9.8359234400,10.2265879200,10.4754790000,9.8138698000,64604563,2104816877.0000,1.645311,4.608400
2009-02-06,10.3022004000,10.7023164400,10.8377888000,10.2990498800,45222860,1528707028.0000,1.151709,4.651900
2009-02-09,10.8692940000,10.7873804800,11.0772283200,10.7117680000,48083920,1663613187.0000,1.224573,0.794800
2009-02-10,10.6708112400,10.7999825600,10.9638096000,10.5888977200,24481590,839229290.0000,0.623483,0.116800
2009-02-11,10.5542420000,10.6802628000,11.0268200000,10.5006831600,52447712,1779943017.0000,1.335708,-1.108500
2009-02-12,10.7747784000,10.6456070800,10.8881971200,10.3652108000,30829386,1034716565.0000,0.785145,-0.324500
2009-02-13,10.6487576000,11.0551746800,11.1874965200,10.5227368000,46243928,1599429472.0000,1.177713,3.847300
2009-02-16,11.1213356000,11.3198183600,11.5624084000,11.1213356000,42328821,1528139312.0000,1.078006,2.393800
2009-02-17,11.3009152400,10.7590258000,11.3418720000,10.7117680000,37974707,1332457397.0000,0.967118,-4.954100
2009-02-18,10.4376727600,10.1667280400,10.5857472000,10.0722124400,39927507,1309500505.0000,1.016850,-5.505100
2009-02-19,10.2738457200,10.2864478000,10.4250706800,10.0879650400,34306902,1119473359.0000,0.873708,1.177600
2009-02-20,10.2927488400,10.4093180800,10.4628769200,10.1446744000,23491978,771266887.0000,0.598280,1.194500
2009-02-23,10.3274045600,10.7590258000,10.8031330800,10.0407072400,38804131,1284544369.0000,0.988241,3.359600
2009-02-24,10.5258873200,10.1667280400,10.6014998000,10.0186536000,49229018,1606423862.0000,1.253736,-5.505100
2009-02-25,10.3274045600,10.4849305600,10.5699946000,9.9587937200,60242162,1970692453.0000,1.534212,3.129800
2009-02-26,10.3904149600,10.1478249200,10.7464237200,10.0501588000,47302632,1571997983.0000,1.204676,-3.215100
2009-02-27,10.0501588000,10.0659114000,10.4817800400,9.8674286400,43195928,1398962705.0000,1.100089,-0.807198
2009-03-02,10.0596103600,9.8548265600,10.0596103600,9.5933334000,30612438,951011643.0000,0.779620,-2.097000
2009-03-03,9.4925167600,9.4988178000,9.6720964000,9.3948506400,39225861,1181899672.0000,0.998981,-3.612500
2009-03-04,9.5933334000,10.4502748400,10.4502748400,9.5933334000,51646024,1659377722.0000,1.315291,10.016580
2009-03-05,10.7747784000,10.8629929600,11.0583252000,10.5542420000,80373497,2767455459.0000,2.046905,3.949400
2009-03-06,10.5542420000,10.7054669600,10.9165518000,10.5353388800,42689135,1459966652.0000,1.087182,-1.450100
2009-03-09,10.8377888000,10.3746623600,11.0898304000,10.3494582000,51219110,1749593545.0000,1.304418,-3.090100
2009-03-10,10.2391900000,10.8755950400,10.9638096000,10.0375567200,35574085,1169776019.0000,0.905980,4.828400
2009-03-11,11.1843460000,10.7810794400,11.2977647200,10.7117680000,55397594,1945685667.0000,1.410833,-0.869100
2009-03-12,10.7495742400,11.3292699200,11.3418720000,10.4943821200,52705256,1825583861.0000,1.342266,5.084700
2009-03-13,11.2505069200,11.4332370800,11.6569240000,11.1874965200,68277404,2485311287.0000,1.738849,0.917700
2009-03-16,11.3891298000,11.5624084000,11.6065156800,11.0898304000,37791540,1366308785.0000,0.962453,1.129800
2009-03-17,11.5781610000,11.6474724400,11.7356870000,11.4710433200,58365510,2151754426.0000,1.486419,0.735700
2009-03-18,11.6884292000,11.5183011200,11.7514396000,11.4867959200,42840735,1577578714.0000,1.091043,-1.109000
2009-03-19,11.5309032000,11.8176005200,11.8711593600,11.4048824000,43633446,1612758280.0000,1.111231,2.598500
2009-03-20,11.7829448000,11.4489896800,11.8144500000,11.3418720000,34787520,1273903497.0000,0.885948,-3.119200
2009-03-23,11.4521402000,11.9814275600,12.1925124000,11.4489896800,53995118,2039109163.0000,1.375116,4.650500
2009-03-24,12.4445540000,12.1704587600,12.5107149200,12.0664916000,45564890,1774217443.0000,1.160420,1.577700
2009-03-25,12.0192338000,12.0979968000,12.4634571200,12.0034812000,35764138,1395847192.0000,0.910820,-0.595400
2009-03-26,12.1137494000,12.3689415200,12.5075644000,12.0192338000,32867117,1278078336.0000,0.837040,2.239600
2009-03-27,12.5107149200,12.2460712400,12.6335852000,12.1641577200,36316919,1429724334.0000,0.924898,-0.993400
2009-03-30,12.1925124000,11.8176005200,12.2177165600,11.7671922000,39213721,1480134159.0000,0.998672,-3.498800
2009-03-31,11.6317198400,12.3216837200,12.6020800000,11.6128167200,78823461,3042126849.0000,2.007430,4.265500
2009-04-01,12.2712754000,12.2177165600,12.5390696000,12.1263514800,53700055,2105371855.0000,1.367601,-0.843800
2009-04-02,12.2964795600,12.6083810400,12.9108309600,12.2964795600,69387890,2776737944.0000,1.767130,3.197500
2009-04-03,12.8415195200,12.6619398800,12.8698742000,12.5737253200,42430620,1714514876.0000,1.080598,0.424800
2009-04-07,12.7596060000,12.7942617200,12.9832929200,12.5075644000,24234776,982372680.0000,0.617197,1.045000
2009-04-08,12.6115315600,12.2303186400,12.7942617200,12.1988134400,31479397,1241395807.0000,0.801699,-4.407800
2009-04-09,12.4445540000,12.9580887600,13.0368517600,12.4130488000,56717159,2293837344.0000,1.444439,5.950500
2009-04-10,13.0998621600,13.3519037600,13.5031287200,13.0053465600,45816302,1938420318.0000,1.166823,3.039100
2009-04-13,13.5472360000,13.5566875600,13.7520198000,13.4212152000,34783432,1503761376.0000,0.885844,1.533700
2009-04-14,13.3897100000,13.4401183200,13.5472360000,13.3456027200,37023801,1579759497.0000,0.942900,-0.859900
2009-04-15,13.3771079200,13.3834089600,13.4621719600,13.0589054000,33253661,1398521027.0000,0.846885,-0.421900
2009-04-16,13.4212152000,13.2888933600,13.5440854800,13.1880767200,20448051,867779258.0000,0.520759,-0.706200
2009-04-17,13.1691736000,13.0998621600,13.3865594800,13.0746580000,22882308,956996060.0000,0.582753,-1.422500
2009-04-20,12.9990455200,13.2353345200,13.3487532400,12.9234330400,27299895,1137284199.0000,0.695258,1.034200
2009-04-21,13.0463033200,12.9139814800,13.1061632000,12.7911112000,33033595,1356314593.0000,0.841280,-2.428000
2009-04-22,13.0116476000,12.5485211600,13.2006788000,12.4445540000,41859582,1703126904.0000,1.066055,-2.830000
2009-04-23,12.4981128400,12.6461872800,12.7123482000,12.4760592000,22056057,882443553.0000,0.561711,0.778300
2009-04-24,12.7879606800,12.4571560800,12.8415195200,12.4130488000,18153945,727515992.0000,0.462334,-1.494800
2009-04-27,12.4792097200,12.2775764400,12.5863274000,11.9940296400,29273882,1131212573.0000,0.745530,-1.441600
2009-04-28,11.9782770400,11.8617078000,12.1767598000,11.7766437600,47716706,1808184122.0000,1.215221,-3.387200
2009-04-29,11.8648583200,12.3657910000,12.4760592000,11.8648583200,33757601,1309638632.0000,0.859719,4.249700
2009-04-30,12.4414034800,12.5075644000,12.6335852000,12.2712754000,32459130,1282697306.0000,0.826650,1.146500
2009-05-04,12.5327685600,12.8982288800,12.9265835600,12.4760592000,28216983,1144489179.0000,0.718614,3.123400
2009-05-05,12.9517877200,12.8887773200,13.2384850400,12.8226164000,25594216,1057086899.0000,0.651818,-0.073300
2009-05-06,12.8541216000,12.8257669200,12.8761752400,12.5327685600,30080831,1213573642.0000,0.766081,-0.488900
2009-05-07,12.9234330400,12.9454866800,13.2353345200,12.7596060000,33150940,1371616305.0000,0.844269,0.933400
2009-05-08,12.8698742000,12.9612392800,13.1250663200,12.7344018400,28922739,1183297655.0000,0.736587,0.121700
2009-05-11,13.1061632000,12.8667236800,13.4306667600,12.8478205600,49263257,2071931484.0000,1.254608,-0.729200
2009-05-12,12.8226164000,13.0021960400,13.0116476000,12.6965956000,20897188,851255467.0000,0.532197,1.052900
2009-05-13,13.0116476000,13.0778085200,13.2069798400,12.7659070400,36323062,1497741218.0000,0.925054,0.581500
2009-05-14,12.8698742000,12.7186492400,12.9675403200,12.6902945600,29552429,1201513310.0000,0.752624,-2.746300
2009-05-15,12.7312513200,12.6052305200,12.8635731600,12.5075644000,24278672,975901431.0000,0.618315,-0.891800
2009-05-18,12.5233170000,12.6808430000,12.6965956000,12.4792097200,17709227,708306133.0000,0.451008,0.599900
2009-05-19,12.8824762800,12.9486372000,13.0904106000,12.7596060000,29774081,1223928861.0000,0.758269,2.111800
2009-05-20,12.9769918800,12.7848101600,13.0746580000,12.7596060000,17212701,702783623.0000,0.438363,-1.265200
2009-05-21,12.6650904000,12.4161993200,12.6808430000,12.3437373600,30637397,1213215779.0000,0.780255,-2.883200
2009-05-22,12.3752425600,12.4256508800,12.4918118000,12.2460712400,26101802,1021619890.0000,0.664745,0.076100
2009-05-25,12.1610072000,12.3594899600,12.4256508800,12.0822442000,22642529,879908833.0000,0.576647,-0.532500
2009-05-26,12.3941456800,12.1232009600,12.4161993200,12.0979968000,19609607,762017813.0000,0.499406,-1.911800
2009-05-27,12.2271681200,12.4792097200,12.5768758400,12.2271681200,25149634,988360510.0000,0.640496,2.936600
2009-06-01,12.8226164000,13.7268156400,13.7268156400,12.7974122400,102776341,4375962636.0000,2.617447,9.997500
2009-06-02,13.8276322800,13.7299661600,14.0355666000,13.7047620000,59409561,2612707169.0000,1.513008,0.023000
2009-06-03,13.7299661600,13.7299661600,13.7299661600,13.7299661600,0,0.0000,,0.000000
2009-06-04,14.1269316800,14.2088452000,14.5396498000,14.0229645200,79279700,3602120913.0000,2.019049,3.487800
2009-06-05,14.3348660000,14.2088452000,14.3663712000,14.0733728400,25711871,1159482718.0000,0.654815,0.000000
2009-06-08,14.2088452000,14.2088452000,14.2088452000,14.2088452000,0,0.0000,,0.000000
2009-06-09,14.2088452000,14.2088452000,14.2088452000,14.2088452000,0,0.0000,,0.000000
2009-06-10,14.2088452000,14.2088452000,14.2088452000,14.2088452000,0,0.0000,,0.000000
2009-06-11,14.2088452000,14.2088452000,14.2088452000,14.2088452000,0,0.0000,,0.000000
2009-06-12,14.2088452000,14.2088452000,14.2088452000,14.2088452000,0,0.0000,,0.000000
2009-06-15,14.8704544000,14.5333487600,14.9649700000,14.1647379200,88318964,4066243861.0000,2.249255,2.283800
2009-06-16,14.2245978000,13.8150302000,14.3285649600,13.7677724000,57525721,2553742668.0000,1.465031,-4.942600
2009-06-17,13.7992776000,13.8654385200,13.9946098400,13.5409349600,34776462,1523013198.0000,0.885666,0.364900
2009-06-18,13.8780406000,14.0324160800,14.2718556000,13.7992776000,35730177,1597462064.0000,0.909955,1.204300
2009-06-19,14.0450181600,14.2340493600,14.5396498000,13.7677724000,39140044,1755244917.0000,0.996796,1.436900
2009-06-22,14.4923920000,14.7192294400,15.0405824800,14.3537691200,47864671,2237784120.0000,1.218989,3.408600
2009-06-23,14.3663712000,14.4451342000,14.8074440000,14.2970597600,41170232,1901336907.0000,1.048499,-1.862200
2009-06-24,14.5270477200,14.4167795200,14.6499180000,14.1773400000,30710604,1396377275.0000,0.782120,-0.196300
2009-06-25,14.3726722400,14.8200460800,15.0153783200,14.3726722400,39493240,1856874312.0000,1.005791,2.797200
2009-06-26,14.8231966000,14.7822398400,14.9744215600,14.6499180000,22030605,1036374999.0000,0.561063,-0.255100
2009-06-29,14.7759388000,15.1760548400,15.3902902000,14.7759388000,32504754,1561986841.0000,0.827812,2.664100
2009-06-30,15.1886569200,15.5824719200,16.0739530400,15.1886569200,42038691,2099516933.0000,1.070617,2.678000
2009-07-01,15.5635688000,16.4677680400,16.7292612000,15.5320636000,30783634,1594650013.0000,0.783980,5.681400
2009-07-02,16.5465310400,17.3215589600,17.3593652000,16.5465310400,51290307,2793985233.0000,1.306231,5.184600
2009-07-03,17.1545814000,17.4916870400,17.5956542000,17.0600658000,36395860,1997458149.0000,0.926908,0.982200
2009-07-06,17.4538808000,17.6429120000,18.1406941600,17.4255261200,36597236,2062401122.0000,0.932037,0.864600
2009-07-07,17.4853860000,17.1986886800,17.6429120000,17.0789689200,26843764,1471384214.0000,0.683641,-2.517857
2009-07-08,16.8867872000,16.9497976000,17.2175918000,16.3827040000,33035478,1758185933.0000,0.841328,-1.447200
2009-07-09,16.9277439600,17.7279760400,17.7374276000,16.7229601600,43024037,2357985443.0000,1.095711,4.591100
2009-07-10,17.7279760400,17.5830521200,17.8319432000,17.2963548000,26434586,1476147265.0000,0.673221,-0.817500
2009-07-13,17.3373115600,17.2270433600,17.8004380000,17.2018392000,17518527,969879623.0000,0.446152,-2.024700
2009-07-14,17.3940209200,18.7676476400,18.9031200000,17.3940209200,44171720,2589687107.0000,1.124939,8.942900
2009-07-15,18.9031200000,19.0102376800,19.5332240000,18.8999694800,33470792,2040542797.0000,0.852414,1.292600
2009-07-16,19.2370751200,18.9314746800,19.4544610000,18.8621632400,20566256,1245191970.0000,0.523769,-0.414300
2009-07-17,18.9283241600,18.8716148000,19.5269229600,18.7770992000,21622773,1311214257.0000,0.550676,-0.316200
2009-07-20,19.1394090000,19.1551616000,19.4229558000,18.6699815200,19318355,1176724653.0000,0.491989,1.502500
2009-07-21,19.6119870000,19.5080198400,20.3271550400,19.3756980000,31694369,1997894421.0000,0.807174,1.842100
2009-07-22,19.4985682800,19.5521271200,19.8482760000,19.0858501600,32713985,2020885459.0000,0.833141,0.226100
2009-07-23,19.6592448000,19.5552776400,19.6907500000,19.1551616000,25164859,1549468995.0000,0.640884,0.016100
2009-07-24,19.6907500000,19.5300734800,19.9427916000,19.2402256400,21749125,1353387735.0000,0.553894,-0.128900
2009-07-27,19.6781479200,20.1475754000,20.1948332000,19.2811824000,32370324,2029285158.0000,0.824388,3.161800
2009-07-28,20.1003176000,19.6781479200,20.1475754000,19.4387084000,24362889,1529747383.0000,0.620460,-2.329900
2009-07-29,19.6592448000,18.6290247600,19.9900494000,17.7405781200,35468296,2154431425.0000,0.903286,-5.331400
2009-07-30,18.9031200000,18.7897012800,19.5174714000,18.2730160000,38220052,2280162890.0000,0.973366,0.862500
2009-07-31,19.0606460000,19.2307740800,19.3599454000,18.8558622000,26790131,1625896926.0000,0.682275,2.347400
2009-08-03,19.3284402000,19.7821150800,19.8167708000,18.9913345600,31047603,1924112214.0000,0.790702,2.867000
2009-08-04,19.8829317200,19.1583121200,19.9081358800,18.9346252000,29088062,1780347275.0000,0.740798,-3.153400
2009-08-05,19.0921512000,18.4021873200,19.0921512000,18.3675316000,40328391,2383605317.0000,1.027060,-3.946700
2009-08-06,18.4147894000,17.8760504800,18.4147894000,17.3782683200,46548298,2631962681.0000,1.185465,-2.859100
2009-08-07,17.8760504800,17.8760504800,17.8760504800,17.8760504800,0,0.0000,,0.000000
2009-08-10,17.7059224000,17.5231922400,17.8256421600,17.1671834800,36816486,2043332031.0000,0.937621,-1.973900
2009-08-11,17.5263427600,17.4759344400,17.6334604400,17.2806022000,23759866,1318052220.0000,0.605102,-0.269700
2009-08-12,17.5105901600,16.7702179600,17.5799016000,16.6820034000,39930170,2155612650.0000,1.016918,-4.038200
2009-08-13,16.7639169200,16.9560986400,17.0222595600,16.5937888400,42140270,2251058827.0000,1.073204,1.108400
2009-08-14,16.8552820000,16.5780362400,17.1073236000,16.3511988000,31000661,1642359352.0000,0.789507,-2.229700
2009-08-17,16.3007904800,15.9290291200,16.9151418800,15.8439650800,54493062,2848387372.0000,1.387797,-3.914900
2009-08-18,15.8471156000,15.7809546800,16.0928561600,15.1224960000,53289753,2634992894.0000,1.357152,-0.929600
2009-08-19,15.7526000000,15.3839891600,15.9573838000,15.1256465200,35771785,1754237080.0000,0.911015,-2.515500
2009-08-20,15.4375480000,16.3259946400,16.5402300000,15.2201621200,50815197,2577851142.0000,1.294132,6.123300
2009-08-21,16.3196936000,16.2220274800,16.5150258400,15.9416312000,38670061,1988400201.0000,0.984826,-0.636800
2009-08-24,16.4236607600,16.2755863200,16.5087248000,15.9101260000,31644912,1633436286.0000,0.805914,0.330200
2009-08-25,16.2220274800,15.3808386400,16.2220274800,15.0783887200,47645160,2340740987.0000,1.213399,-5.497500
2009-08-26,15.3430324000,15.6360307600,15.8156104000,15.1224960000,32536429,1607130214.0000,0.828619,1.659200
2009-08-27,15.4911068400,15.3115272000,15.7147937600,15.1224960000,28653318,1403197674.0000,0.729726,-2.075400
2009-08-28,15.3587850000,14.6089612400,15.4848058000,14.4986930400,53526602,2513626418.0000,1.363184,-4.588500
2009-08-31,14.4293816000,13.6386010800,14.4482847200,13.5125802800,49367041,2173038503.0000,1.257251,-6.642200
2009-09-01,13.6670780400,14.2013681600,14.5586154000,13.5975254800,47930492,2142728949.0000,1.220666,4.126100
2009-09-02,13.9737416000,14.5775842800,14.6819131200,13.9105120000,35558568,1626511321.0000,0.905585,2.649200
2009-09-03,14.5744228000,15.4817675600,15.6145497200,14.3847340000,54987786,2632926512.0000,1.400397,6.202600
2009-09-04,15.4280224000,15.5513201200,15.8074000000,15.3331780000,28698022,1411933711.0000,0.730864,0.449300
2009-09-07,15.8074000000,15.8674681200,16.3416901200,15.7125556000,44872736,2269004065.0000,1.142792,2.032900
2009-09-08,15.7757852000,16.1014176400,16.1109020800,15.4280224000,24423745,1224784860.0000,0.622010,1.474400
2009-09-09,16.1867776000,16.1077406000,16.4491804400,15.9022444000,23411571,1198654771.0000,0.596232,0.039300
2009-09-10,16.0160576800,16.0128962000,16.2816220000,15.9180518000,17660461,901176496.0000,0.449766,-0.588800
2009-09-11,16.0287036000,16.6451922000,16.7811358400,16.0287036000,30002326,1563142457.0000,0.764082,3.948700
2009-09-14,16.6451922000,16.7431980800,16.8506884000,16.5345404000,20927176,1104607659.0000,0.532961,0.588800
2009-09-15,16.7558440000,16.5819626000,16.8190736000,16.3827893600,23044078,1208375896.0000,0.586873,-0.963000
2009-09-16,16.4460189600,16.1804546400,16.5598322400,16.0287036000,26729328,1375737450.0000,0.680727,-2.421400
2009-09-17,16.3132368000,16.8285580400,16.9328868800,16.3132368000,28002654,1481371212.0000,0.713155,4.005500
2009-09-18,16.7558440000,16.1077406000,16.8506884000,15.9939273200,28995743,1508465341.0000,0.738447,-4.283300
2009-09-21,15.9654740000,16.3480130800,16.4871182000,15.7504933600,27210663,1383231268.0000,0.692985,1.491700
2009-09-22,16.2658146000,16.0192191600,16.7811358400,15.9275362400,26644133,1383554349.0000,0.678557,-2.011200
2009-09-23,16.1804546400,15.7441704000,16.2974294000,15.6746178400,25500491,1288535938.0000,0.649432,-1.717000
2009-09-24,15.6019038000,16.0698028400,16.2974294000,15.2952402400,35140891,1763249314.0000,0.894948,2.068300
2009-09-25,15.8105614800,16.2911064400,16.5345404000,15.8074000000,28140972,1444307177.0000,0.716678,1.377100
2009-09-28,16.3195597600,15.6113882400,16.4396960000,15.4849290400,23288374,1171521532.0000,0.593095,-4.172300
2009-09-29,15.5860964000,15.8611451600,15.9623125200,15.5007364400,18957506,946504081.0000,0.482799,1.599800
2009-09-30,15.9528280800,16.0287036000,16.2183924000,15.8074000000,18183845,924772175.0000,0.463095,1.056400
2009-10-09,16.5408633600,16.8538498800,16.8823032000,16.3954352800,30588161,1614873085.0000,0.779001,5.147900
2009-10-12,16.8664958000,16.8222350800,17.2553578400,16.8190736000,29374242,1584031503.0000,0.748086,-0.187600
2009-10-13,16.8190736000,17.1984512000,17.2300660000,16.7337136400,23311907,1256447088.0000,0.593694,2.236400
2009-10-14,17.2616808000,17.4734999600,17.8465546000,17.1447060400,35334096,1964594042.0000,0.899868,1.599300
2009-10-15,17.8307472000,17.7706790800,18.0488893200,17.6252510000,22809488,1287087851.0000,0.580899,1.700700
2009-10-16,17.8149398000,17.7169339200,18.0678582000,17.4039474000,19103801,1067280998.0000,0.486524,-0.302400
2009-10-19,17.6695117200,18.2828388400,18.3049692000,17.6094436000,25903286,1484263146.0000,0.659690,3.194100
2009-10-20,18.3049692000,18.6147942400,18.6527320000,18.3049692000,23731464,1391879085.0000,0.604379,1.815700
2009-10-21,18.6147942400,18.3365840000,18.8108060000,18.3112921600,22151945,1296449703.0000,0.564153,-1.494600
2009-10-22,18.2575470000,18.1152804000,18.5104654000,18.0615352400,18695090,1075080894.0000,0.476116,-1.206900
2009-10-23,18.1816714800,18.4946580000,18.7033156800,18.1816714800,20340867,1190500729.0000,0.518029,2.094200
2009-10-26,18.6527320000,18.7665452800,18.9688800000,18.5736950000,24065217,1431466505.0000,0.612879,1.470100
2009-10-27,18.5578876000,18.6432475600,19.0068177600,18.3144536400,24758838,1469398062.0000,0.630544,-0.657000
2009-10-28,18.5895024000,18.2290936800,18.7128001200,17.9572064000,26313200,1516726085.0000,0.670129,-2.221471
2009-10-29,17.7991324000,17.5651828800,18.0457278400,17.4039474000,29688519,1660749491.0000,0.756090,-3.642000
2009-10-30,18.0520508000,17.6916420800,18.1785100000,17.6663502400,21173288,1203061721.0000,0.539229,0.719900
2009-11-02,17.2932956000,18.8771970800,19.0795318000,17.2553578400,35842043,2080859620.0000,0.912804,6.701200
2009-11-03,18.8771970800,19.2028295200,19.4178101600,18.7507378800,32798546,1991567969.0000,0.835294,1.725000
2009-11-04,19.1269540000,19.1269540000,19.3482576000,18.8266134000,18493954,1117571035.0000,0.470993,-0.395100
2009-11-05,19.1237925200,18.9593955600,19.2123139600,18.7159616000,18603096,1115581360.0000,0.473773,-0.876000
2009-11-06,19.2186369200,18.9720414800,19.3198042800,18.9593955600,15620298,946676325.0000,0.397809,0.066700
2009-11-09,19.0163022000,19.3703879600,19.3798724000,18.7791912000,21236701,1279726220.0000,0.540844,2.099700
2009-11-10,19.4431020000,19.2913509600,19.9078395600,19.2534132000,22848839,1417871929.0000,0.581901,-0.408000
2009-11-11,19.3419346400,19.3798724000,19.5758841600,19.2217984000,19895429,1218024353.0000,0.506685,0.458900
2009-11-12,19.5347849200,19.2407672800,19.6960204000,19.0605629200,17248979,1058510750.0000,0.439287,-0.717800
2009-11-13,19.1901836000,19.1364384400,19.2344443200,18.8708741200,24835114,1493365972.0000,0.632486,-0.542200
2009-11-16,19.2818665200,19.6074989600,19.6612441200,19.2470902400,24752033,1524912275.0000,0.630370,2.461600
2009-11-17,19.7877033200,19.5853686000,19.9078395600,19.4747168000,16113576,1000058626.0000,0.410371,-0.112900
2009-11-18,19.6896974400,19.3988412800,19.6896974400,19.3482576000,18536002,1142563891.0000,0.472064,-0.952400
2009-11-19,19.4146486800,19.1301154800,19.5347849200,19.0004948000,30182262,1830659385.0000,0.768664,-1.385300
2009-11-20,19.1206310400,18.8424208000,19.1206310400,18.6211172000,58033691,3452108488.0000,1.477968,-1.503900
2009-11-23,18.8582282000,18.6938312400,18.8582282000,18.4788506000,85973005,5053860593.0000,2.189510,-0.788600
2009-11-24,18.8297748800,18.6116327600,19.0953392000,18.4567202400,71896081,4285025791.0000,1.831007,-0.439700
2009-11-25,18.6242786800,19.1048236400,19.1332769600,18.4978194800,43193727,2564403074.0000,1.100032,2.649900
2009-11-26,19.0921777200,18.2986462400,19.2850280000,18.2038018400,59221559,3492293154.0000,1.508220,-4.219800
2009-11-27,18.1721870400,17.5051147600,18.1721870400,17.4798229200,56336246,3152308131.0000,1.434738,-4.336600
2009-11-30,17.6979650400,17.9635293600,18.0046286000,17.4798229200,37935681,2132779739.0000,0.966124,2.618700
2009-12-01,17.8560390400,18.0488893200,18.1943174000,17.6410584000,38771917,2191515790.0000,0.987420,0.475200
2009-12-02,18.1785100000,18.2512240400,18.3966521200,18.1627026000,31055982,1796368995.0000,0.790915,1.121000
2009-12-03,18.2101248000,17.9761752800,18.2101248000,17.8181012800,28706263,1629666363.0000,0.731074,-1.507000
2009-12-04,17.8908153200,18.9435881600,19.1554073200,17.7074494800,84068941,4930833838.0000,2.141018,5.381600
2009-12-07,18.8108060000,18.8866815200,19.0036562800,18.6211172000,38670973,2309371463.0000,0.984850,-0.300400
2009-12-08,18.9404266800,18.4092980400,19.0099792400,18.2986462400,33335200,1959188436.0000,0.848961,-2.527600
2009-12-09,18.2101248000,18.0046286000,18.2101248000,17.9730138000,28422555,1624260112.0000,0.723849,-2.198200
2009-12-10,18.1943174000,18.0457278400,18.2354166400,17.8402316400,23076168,1315365572.0000,0.587690,0.228300
2009-12-11,18.0520508000,18.0299204400,18.3934906400,17.9888212000,19674032,1128878877.0000,0.501047,-0.087600
2009-12-14,17.9572064000,18.1184418800,18.3049692000,17.5462140000,30647517,1732840144.0000,0.780513,0.491000
2009-12-15,18.0172745200,17.7801635200,18.0488893200,17.7042880000,23803779,1345975724.0000,0.606221,-1.867000
2009-12-16,17.7675176000,17.7295798400,17.9888212000,17.7011265200,17585231,990150306.0000,0.447850,-0.284500
2009-12-17,17.7390642800,17.2458734000,17.8465546000,17.1984512000,30601515,1687138440.0000,0.779341,-2.728200
2009-12-18,17.2458734000,17.2458734000,17.2458734000,17.2458734000,0,0.0000,,0.000000
2009-12-21,16.6293848000,16.5914470400,16.8348810000,16.3764664000,54278818,2842259103.0000,1.382341,-3.794700
2009-12-22,16.6546766400,16.0950946800,16.7242292000,16.0287036000,35982898,1859317175.0000,0.916391,-2.991600
2009-12-23,16.1330324400,16.1045791200,16.2816220000,15.8927599600,34788813,1770358655.0000,0.885981,0.058900
2009-12-24,16.0603184000,16.5282174400,16.5629937200,15.9654740000,46033228,2372930657.0000,1.172347,2.630500
2009-12-25,16.4396960000,16.4080812000,16.6230618400,16.3701434400,25840217,1345792900.0000,0.658083,-0.726900
2009-12-28,16.3827893600,16.5598322400,16.7716514000,16.3827893600,42639475,2242862370.0000,1.085917,0.924900
2009-12-29,16.6262233200,16.5471863200,16.6768070000,16.3733049200,29144275,1522089122.0000,0.742229,-0.076400
2009-12-30,16.5914470400,17.2521963600,17.4007859200,16.5819626000,71805988,3864178939.0000,1.828713,4.260600
2009-12-31,17.2901341200,17.4165933200,17.5746673200,17.1984512000,40473809,2232218026.0000,1.030763,0.952900
2010-01-04,17.5430525200,17.0372157200,17.5746673200,17.0182468400,29364012,1603219301.0000,0.747825,-2.178300
2010-01-05,17.0814764400,17.2521963600,17.4513696000,16.6957758800,36015762,1951983400.0000,0.917228,1.261800
2010-01-06,17.1984512000,16.8854646800,17.3565252000,16.8506884000,33204602,1791272562.0000,0.845635,-2.125700
2010-01-07,16.8823032000,16.5724781600,17.0119238800,16.3985967600,36541819,1927019007.0000,0.930626,-1.853600
2010-01-08,16.5724781600,16.4744722800,16.5724781600,16.2183924000,32302182,1672256054.0000,0.822653,-0.591400
2010-01-11,17.2300660000,16.5566707600,17.3565252000,16.4238886000,50140045,2670503696.0000,1.276937,0.498900
2010-01-12,16.4396960000,16.7115832800,16.7558440000,16.1583242800,37824995,1967296214.0000,0.963305,0.935700
2010-01-13,16.3448516000,15.9085673600,16.4396960000,15.8927599600,58478457,2982410724.0000,1.489295,-4.805100
2010-01-14,16.0603184000,16.1172250400,16.2816220000,15.7757852000,36926384,1864709187.0000,0.940419,1.311600
2010-01-15,16.1235480000,16.1488398400,16.2341998000,15.8390148000,25819286,1312113016.0000,0.657550,0.196200
2010-01-18,16.0508339600,15.9117288400,16.0508339600,15.7884311200,41756126,2096539352.0000,1.063420,-1.468300
2010-01-19,15.8927599600,15.9907658400,16.2183924000,15.8895984800,34086344,1728482241.0000,0.868091,0.496700
2010-01-20,16.0287036000,15.4786060800,16.0698028400,15.4533142400,39586583,1967789991.0000,1.008168,-3.202800
2010-01-21,15.5228668000,15.7852696400,15.9338592000,15.4627986800,30793657,1525533255.0000,0.784235,1.981200
2010-01-22,15.4912520000,15.7979155600,16.0128962000,15.3331780000,43798322,2168366968.0000,1.115430,0.080100
2010-01-25,15.6177112000,15.7283630000,16.0223806400,15.5608045600,22515220,1126487973.0000,0.573404,-0.440300
2010-01-26,15.7378474400,15.3774387200,15.8042385200,15.3331780000,22919241,1125299581.0000,0.583694,-2.231200
2010-01-27,15.4311838800,15.0518062800,15.4880905200,15.0170300000,24137878,1161090258.0000,0.614729,-2.117600
2010-01-28,15.0707751600,14.7925649200,15.0897440400,14.6819131200,31026483,1458396142.0000,0.790164,-1.722300
2010-01-29,14.7641116000,14.6913975600,15.0138685200,14.5428080000,30866175,1444063444.0000,0.786082,-0.683900
2010-02-01,14.8463100800,15.1276818000,15.1687810400,14.7230123600,53318936,2517581806.0000,1.357895,2.969700
2010-02-02,15.1751040000,15.0012226000,15.6271956400,14.9696078000,37989479,1835316032.0000,0.967494,-0.835900
2010-02-03,15.0960670000,15.7536548400,15.7599778000,14.9854152000,54863358,2685926550.0000,1.397228,5.015800
2010-02-04,15.5544816000,15.5860964000,15.7473318800,15.4469912800,26613181,1312359241.0000,0.677769,-1.063600
2010-02-05,15.2573024800,15.1972343600,15.3806002000,15.1751040000,23861429,1150527232.0000,0.607689,-2.494900
2010-02-08,15.1845884400,15.2035573200,15.3932461200,15.0518062800,17571005,847341947.0000,0.447488,0.041600
2010-02-09,15.2509795200,15.4058920400,15.5228668000,15.1751040000,18502701,900331181.0000,0.471216,1.330800
2010-02-10,15.5544816000,15.8137229600,15.8390148000,15.5544816000,31677455,1579479629.0000,0.806743,2.647200
2010-02-11,15.8010770400,15.7757852000,15.9496666000,15.7188785600,17018756,852491378.0000,0.433424,-0.239900
2010-02-12,15.8706296000,15.8326918400,15.9306977200,15.7663007600,15650370,784373958.0000,0.398574,0.360700
2010-02-22,15.8042385200,15.5165438400,15.8042385200,15.5070594000,19112190,947411987.0000,0.486738,-1.996800
2010-02-23,15.1403277200,14.1381385600,15.1403277200,13.9642571600,163390810,7326993689.0000,4.161141,-8.883500
2010-02-24,13.9737416000,14.1033622800,14.1571074400,13.9105120000,67223886,2987057854.0000,1.712018,-0.246000
2010-02-25,14.1792378000,14.2962125600,14.4068643600,14.1413000400,61458659,2775679972.0000,1.565193,1.367400
2010-02-26,14.2424674000,14.2329829600,14.4037028800,14.1729148400,48719160,2200839829.0000,1.240751,-0.442300
2010-03-01,14.5364850400,14.7641116000,14.8210182400,14.3246658800,56701376,2616181552.0000,1.184633,3.731700
2010-03-02,14.7641116000,14.7261738400,14.8526330400,14.6408138800,33599279,1564937643.0000,0.701972,-0.257000
2010-03-03,14.7419812400,14.6755901600,14.7957264000,14.5238391200,26000387,1200550511.0000,0.543213,-0.343500
2010-03-04,14.6882360800,14.2456288800,14.7546271600,14.2298214800,31642261,1452330382.0000,0.661086,-2.929800
2010-03-05,14.3215044000,14.3815725200,14.4479636000,14.2582748000,24915348,1131918722.0000,0.520544,0.954300
2010-03-08,14.4163488000,14.5933916800,14.6502983200,14.3594421600,22699556,1045515695.0000,0.474250,1.472900
2010-03-09,14.6028761200,14.8747634000,15.0802596000,14.4479636000,41912842,1966560972.0000,0.875663,1.928100
2010-03-10,14.8779248800,14.9348315200,15.0960670000,14.8115338000,30793102,1456470568.0000,0.643344,0.403800
2010-03-11,14.9379930000,14.8589560000,15.0834210800,14.7103664400,21858044,1027961522.0000,0.456669,-0.508000
2010-03-12,14.8526330400,14.7483042000,14.9759307600,14.7356582800,20661480,969590492.0000,0.431670,-0.744700
2010-03-15,14.7324968000,14.4195102800,14.7419812400,14.3088584800,26418067,1206486081.0000,0.551939,-2.229400
2010-03-16,14.4163488000,14.4353176800,14.5364850400,14.2329829600,18528421,842655216.0000,0.387105,0.109600
2010-03-17,14.4985472800,15.2762713600,15.3300165200,14.4827398800,54247172,2572077341.0000,1.133358,5.825700
2010-03-18,15.1751040000,15.1751040000,15.3900846400,15.1434892000,34250371,1654213818.0000,0.715575,-0.662300
2010-03-19,15.1909114000,15.3205320800,15.3331780000,15.0486448000,24653096,1185927248.0000,0.515064,0.958300
2010-03-22,15.3078861600,15.2984017200,15.4280224000,15.2098802800,22970086,1114155520.0000,0.479902,-0.144400
2010-03-23,15.3458239200,15.0707751600,15.3806002000,15.0170300000,18649227,894180177.0000,0.389629,-1.487900
2010-03-24,15.1466506800,15.1340047600,15.3331780000,15.0707751600,17473094,839938797.0000,0.365056,0.419600
2010-03-25,15.1308432800,14.9221856000,15.1308432800,14.8589560000,15714878,743771888.0000,0.328323,-1.399600
2010-03-26,14.9000552400,15.2509795200,15.4248609200,14.8905708000,28524667,1377169960.0000,0.595951,2.203400
2010-03-29,15.3964076000,15.8832755200,16.0223806400,15.3679542800,53440136,2674552882.0000,1.116497,4.145900
2010-03-30,15.8864370000,16.0729643200,16.1235480000,15.8421762800,34000813,1723131042.0000,0.710362,1.194300
2010-03-31,16.0128962000,15.9338592000,16.0919332000,15.8611451600,20379791,1028863829.0000,0.425785,-0.865500
2010-04-01,15.9338592000,16.2089079600,16.3132368000,15.9338592000,23915425,1221550156.0000,0.499653,1.726200
2010-04-02,16.2500072000,16.2847834800,16.3954352800,16.1235480000,17638506,907552880.0000,0.368512,0.468100
2010-04-06,16.4396960000,16.1014176400,16.4807952400,16.0002502800,20292431,1041034328.0000,0.423959,-1.126000
2010-04-07,16.0192191600,16.0698028400,16.2405227600,15.9054058800,16340651,829878863.0000,0.341397,-0.196300
2010-04-08,16.0508339600,15.7062326400,16.0508339600,15.6461645200,24534044,1229851543.0000,0.512577,-2.262400
2010-04-09,15.7915926000,16.0287036000,16.0666413600,15.7157170800,21574261,1084809883.0000,0.450740,2.053100
2010-04-12,16.0287036000,15.7821081600,16.1109020800,15.5260282800,30865449,1544584742.0000,0.644856,-1.538500
2010-04-13,15.8168844400,16.4049197200,16.5029256000,15.8168844400,60360278,3113389101.0000,1.261076,3.946300
2010-04-14,16.4428574800,16.5092485600,16.5471863200,16.2816220000,29644063,1543008689.0000,0.619338,0.636000
2010-04-15,16.4396960000,16.6072544400,16.7179062400,16.3005908800,30484880,1594987597.0000,0.636905,0.593600
2010-04-16,16.5029256000,16.1520013200,16.5503478000,16.1235480000,24250128,1248649221.0000,0.506645,-2.741300
2010-04-19,15.9654740000,15.5576430800,16.3132368000,15.5418356800,50076705,2519922622.0000,1.046227,-3.679800
2010-04-20,15.7441704000,16.0034117600,16.1045791200,15.5228668000,42372603,2125985096.0000,0.885269,2.865300
2010-04-21,16.0287036000,16.4460189600,16.5535092800,15.9654740000,45496056,2356458276.0000,0.950526,2.765700
2010-04-22,16.3448516000,16.3669819600,16.7084218000,16.2183924000,43291608,2257690525.0000,0.904469,-0.480600
2010-04-23,16.4555034000,16.3669819600,16.7400366000,16.1551628000,35542519,1852355344.0000,0.742572,0.000000
2010-04-26,16.3638204800,16.0255421200,16.4681493200,16.0223806400,22669544,1161687001.0000,0.473623,-2.086200
2010-04-27,15.9306977200,15.6935867200,15.9306977200,15.3363394800,38528833,1896412195.0000,0.804963,-2.071400
2010-04-28,15.4596372000,15.4880905200,15.7220400400,15.3964076000,19485414,958104408.0000,0.407099,-1.309400
2010-04-29,15.6493260000,15.3205320800,15.7663007600,15.3015632000,18382350,903803621.0000,0.384053,-1.081900
2010-04-30,15.3363394800,15.6177112000,15.6651334000,15.0802596000,30217441,1476549044.0000,0.631317,1.939700
2010-05-04,15.3647928000,15.5860964000,15.8390148000,15.3110476400,21769637,1076517165.0000,0.454822,-0.202400
2010-05-05,15.5102208800,15.4185379600,15.7062326400,14.9854152000,33452771,1619772464.0000,0.698912,-1.075100
2010-05-06,15.3616313200,14.6186835200,15.3616313200,14.5459694800,38359764,1808252940.0000,0.801431,-5.187600
2010-05-07,14.1982066800,14.6471368400,15.1434892000,14.1982066800,37770323,1758768510.0000,0.789116,0.194600
2010-05-10,14.8905708000,15.2414950800,15.3679542800,14.7166894000,36370084,1730791139.0000,0.759861,4.057800
2010-05-11,15.6019038000,14.8020493600,15.6113882400,14.7008820000,35435105,1701502569.0000,0.740327,-2.883200
2010-05-12,14.6977205200,15.3679542800,15.5070594000,14.6218450000,63487918,3062796962.0000,1.326420,3.823200
2010-05-13,15.4880905200,15.6113882400,15.6999096800,15.2383336000,52630153,2586801440.0000,1.099575,1.584000
2010-05-14,15.3015632000,15.2699484000,15.4691216400,15.2067188000,35407458,1715512888.0000,0.739750,-2.187100
2010-05-17,15.0423218400,14.3910569600,15.0423218400,14.3499577200,38439708,1778236779.0000,0.803101,-5.755700
2010-05-18,14.5048702400,14.7609501200,14.9696078000,14.2930510800,32797578,1517786006.0000,0.685223,2.570300
2010-05-19,14.5680998400,14.6408138800,14.8810863600,14.3626036400,23687939,1098912266.0000,0.494900,-0.813900
2010-05-20,14.5428080000,14.2045296400,14.7641116000,14.1634304000,30797903,1401077261.0000,0.643445,-2.979900
2010-05-21,13.9041890400,14.2835666400,14.3942184400,13.7745683600,26119978,1165840909.0000,0.545711,0.556400
2010-05-24,14.5617768800,14.8241797200,14.9696078000,14.4669324800,29952579,1399469935.0000,0.625784,3.784900
2010-05-25,14.6850746000,14.3056970000,14.7198508800,14.2898896000,26359309,1203608142.0000,0.550712,-3.497500
2010-05-26,14.4795784000,14.3594421600,14.6218450000,14.1634304000,18037141,819489543.0000,0.376841,0.375700
2010-05-27,14.3404732800,14.5744228000,14.6376524000,14.1002008000,24530379,1120033891.0000,0.512501,1.497100
2010-05-28,14.7483042000,14.5301620800,14.7894034400,14.4163488000,19439145,899503415.0000,0.406132,-0.303700
2010-05-31,14.4574480400,14.3404732800,14.6123605600,14.2930510800,19667819,899346097.0000,0.410910,-1.305500
2010-06-01,14.2898896000,14.5175161600,14.6692672000,14.1634304000,30405946,1391943396.0000,0.635256,1.234600
2010-06-02,14.4795784000,14.3847340000,14.4795784000,14.1634304000,20683348,935642636.0000,0.432127,-0.914600
2010-06-03,14.4795784000,14.4258332400,14.6376524000,14.3088584800,19361635,887133480.0000,0.404513,0.285700
2010-06-04,14.3278273600,14.4005414000,14.4448021200,14.2582748000,10949741,497194663.0000,0.228767,-0.175300
2010-06-07,14.2266600000,14.0812319200,14.3278273600,13.9294808800,19875313,889302063.0000,0.415245,-2.217300
2010-06-08,14.0843934000,13.9990334400,14.1823992800,13.8188290800,16634251,736749859.0000,0.347531,-0.583700
2010-06-09,14.0685860000,14.4384791600,14.5586154000,13.7840528000,39746223,1784266356.0000,0.830397,3.139113
2010-06-10,14.2203370400,14.1571074400,14.3215044000,14.1318156000,16798660,755136129.0000,0.350966,-1.948800
2010-06-11,14.3183429200,14.3246658800,14.5364850400,14.2266600000,18172830,828227643.0000,0.379676,1.183600
2010-06-17,14.4384791600,14.2393059200,14.5080317200,14.1823992800,16945756,769475462.0000,0.354039,-0.595900
2010-06-18,14.2424674000,14.2045296400,14.4574480400,14.1634304000,22998613,1040929333.0000,0.480498,-0.244200
2010-06-21,14.3373118000,14.8652789600,15.0170300000,14.3246658800,62914197,2941353196.0000,1.314434,4.651700
2010-06-22,14.8684404400,14.8937322800,14.9538004000,14.8115338000,20767984,977327930.0000,0.433895,0.191400
2010-06-23,14.8178567600,14.7830804800,14.9759307600,14.5902302000,21182052,988957503.0000,0.442546,-0.742900
2010-06-24,14.7483042000,14.9190241200,15.0960670000,14.7483042000,19365172,914646918.0000,0.404587,0.919600
2010-06-25,14.8273412000,15.0201914800,15.1498121600,14.7166894000,18098599,858193868.0000,0.378125,0.678100
2010-06-28,15.0138685200,14.7988878800,15.1624580800,14.7672730800,20353606,964185134.0000,0.425237,-1.473400
2010-06-29,14.7988878800,14.7988878800,14.7988878800,14.7988878800,0,0.0000,,0.000000
2010-06-30,14.7988878800,14.7988878800,14.7988878800,14.7988878800,0,0.0000,,0.000000
2010-07-01,14.7988878800,14.7988878800,14.7988878800,14.7988878800,0,0.0000,,0.000000
2010-07-02,14.7988878800,14.7988878800,14.7988878800,14.7988878800,0,0.0000,,0.000000
2010-07-05,14.7988878800,14.7988878800,14.7988878800,14.7988878800,0,0.0000,,0.000000
2010-07-06,14.7988878800,14.7988878800,14.7988878800,14.7988878800,0,0.0000,,0.000000
2010-07-07,14.7988878800,14.7988878800,14.7988878800,14.7988878800,0,0.0000,,0.000000
2010-07-08,14.7988878800,14.7988878800,14.7988878800,14.7988878800,0,0.0000,,0.000000
2010-07-09,14.7988878800,14.7988878800,14.7988878800,14.7988878800,0,0.0000,,0.000000
2010-07-12,14.7988878800,14.7988878800,14.7988878800,14.7988878800,0,0.0000,,0.000000
2010-07-13,14.7988878800,14.7988878800,14.7988878800,14.7988878800,0,0.0000,,0.000000
2010-07-14,14.7988878800,14.7988878800,14.7988878800,14.7988878800,0,0.0000,,0.000000
2010-07-15,14.7988878800,14.7988878800,14.7988878800,14.7988878800,0,0.0000,,0.000000
2010-07-16,14.7988878800,14.7988878800,14.7988878800,14.7988878800,0,0.0000,,0.000000
2010-07-19,14.7988878800,14.7988878800,14.7988878800,14.7988878800,0,0.0000,,0.000000
2010-07-20,14.7988878800,14.7988878800,14.7988878800,14.7988878800,0,0.0000,,0.000000
2010-07-21,14.7988878800,14.7988878800,14.7988878800,14.7988878800,0,0.0000,,0.000000
2010-07-22,14.7988878800,14.7988878800,14.7988878800,14.7988878800,0,0.0000,,0.000000
2010-07-23,14.7988878800,14.7988878800,14.7988878800,14.7988878800,0,0.0000,,0.000000
2010-07-26,14.7988878800,14.7988878800,14.7988878800,14.7988878800,0,0.0000,,0.000000
2010-07-27,14.7988878800,14.7988878800,14.7988878800,14.7988878800,0,0.0000,,0.000000
2010-07-28,14.7988878800,14.7988878800,14.7988878800,14.7988878800,0,0.0000,,0.000000
2010-07-29,14.7988878800,14.7988878800,14.7988878800,14.7988878800,0,0.0000,,0.000000
2010-07-30,14.7988878800,14.7988878800,14.7988878800,14.7988878800,0,0.0000,,0.000000
2010-08-02,14.7988878800,14.7988878800,14.7988878800,14.7988878800,0,0.0000,,0.000000
2010-08-03,14.7988878800,14.7988878800,14.7988878800,14.7988878800,0,0.0000,,0.000000
2010-08-04,14.7988878800,14.7988878800,14.7988878800,14.7988878800,0,0.0000,,0.000000
2010-08-05,14.7988878800,14.7988878800,14.7988878800,14.7988878800,0,0.0000,,0.000000
2010-08-06,14.7988878800,14.7988878800,14.7988878800,14.7988878800,0,0.0000,,0.000000
2010-08-09,14.7988878800,14.7988878800,14.7988878800,14.7988878800,0,0.0000,,0.000000
2010-08-10,14.7988878800,14.7988878800,14.7988878800,14.7988878800,0,0.0000,,0.000000
2010-08-11,14.7988878800,14.7988878800,14.7988878800,14.7988878800,0,0.0000,,0.000000
2010-08-12,14.7988878800,14.7988878800,14.7988878800,14.7988878800,0,0.0000,,0.000000
2010-08-13,14.7988878800,14.7988878800,14.7988878800,14.7988878800,0,0.0000,,0.000000
2010-08-16,14.7988878800,14.7988878800,14.7988878800,14.7988878800,0,0.0000,,0.000000
2010-08-17,14.7988878800,14.7988878800,14.7988878800,14.7988878800,0,0.0000,,0.000000
2010-08-18,14.7988878800,14.7988878800,14.7988878800,14.7988878800,0,0.0000,,0.000000
2010-08-19,14.7988878800,14.7988878800,14.7988878800,14.7988878800,0,0.0000,,0.000000
2010-08-20,14.7988878800,14.7988878800,14.7988878800,14.7988878800,0,0.0000,,0.000000
2010-08-23,14.7988878800,14.7988878800,14.7988878800,14.7988878800,0,0.0000,,0.000000
2010-08-24,14.7988878800,14.7988878800,14.7988878800,14.7988878800,0,0.0000,,0.000000
2010-08-25,14.7988878800,14.7988878800,14.7988878800,14.7988878800,0,0.0000,,0.000000
2010-08-26,14.7988878800,14.7988878800,14.7988878800,14.7988878800,0,0.0000,,0.000000
2010-08-27,14.7988878800,14.7988878800,14.7988878800,14.7988878800,0,0.0000,,0.000000
2010-08-30,14.7988878800,14.7988878800,14.7988878800,14.7988878800,0,0.0000,,0.000000
2010-08-31,14.7988878800,14.7988878800,14.7988878800,14.7988878800,0,0.0000,,0.000000
2010-09-01,14.7988878800,14.7988878800,14.7988878800,14.7988878800,0,0.0000,,0.000000
2010-09-02,15.2729760000,15.4670700700,15.7088921900,15.0820638000,92382931,4498031937.0000,1.930109,4.515200
2010-09-03,15.5275256000,15.5497986900,15.6229817000,15.2888853500,39502770,1922321514.0000,0.825311,0.534900
2010-09-06,15.7534383700,16.2466282200,16.3229931000,15.7184378000,44738379,2264538730.0000,0.934696,4.481300
2010-09-07,16.2593557000,16.1607177300,16.2657194400,15.9029862600,28578934,1440108047.0000,0.597085,-0.528800
2010-09-08,16.0843528500,15.8807131700,16.0843528500,15.7693477200,26724043,1333713818.0000,0.558332,-1.732627
2010-09-09,15.9541085400,15.4753895400,15.9636829200,15.3924115800,22986434,1126863232.0000,0.480244,-2.552300
2010-09-10,15.5264529000,15.6573027600,15.7498551000,15.4721980800,17326076,847604366.0000,0.361985,1.175500
2010-09-13,15.6732600600,15.8360245200,16.1168730000,15.6700686000,22164933,1106541988.0000,0.463081,1.141500
2010-09-14,15.9030451800,15.9955975200,16.1966595000,15.9030451800,22882186,1152375394.0000,0.478066,1.007700
2010-09-15,15.9892146000,15.7338978000,16.2445314000,15.7307063400,23935861,1202541915.0000,0.500080,-1.636100
2010-09-16,15.7338978000,15.6158137800,15.8934708000,15.4498578600,18035711,882336316.0000,0.376811,-0.750500
2010-09-17,15.7019832000,15.5615589600,15.7307063400,15.4594322400,13349975,649613622.0000,0.278914,-0.347400
2010-09-20,15.6381540000,15.9509170800,16.2126168000,15.4626237000,28273238,1405175232.0000,0.590698,2.502100
2010-09-21,16.1072986200,16.0338950400,16.2030424200,15.9317683200,16710261,843371000.0000,0.349119,0.520200
2010-09-27,16.0275121200,16.4392104600,16.4615506800,15.9892146000,28560429,1452196499.0000,0.596698,2.527900
2010-09-28,16.3849556400,16.2796374600,16.5158055000,16.1807022000,17637264,901276787.0000,0.368486,-0.970700
2010-09-29,16.2604887000,16.3019776800,16.5126140400,16.2126168000,15696086,804872966.0000,0.327930,0.137200
2010-09-30,16.2126168000,16.8796319400,17.0743110000,16.1583619800,38139584,2002691296.0000,0.796831,3.543500
2010-10-08,16.7551650000,17.6040933600,17.7157944600,16.7551650000,45647427,2494059989.0000,0.953688,4.291900
2010-10-11,17.7764322000,18.5742972000,18.9796126200,17.7764322000,70004374,4059817609.0000,1.462565,5.511200
2010-10-12,18.4721704800,18.6732324600,18.7657848000,18.3700437600,34951681,2036211934.0000,0.730228,0.532600
2010-10-13,18.6540837000,18.9253578000,19.0051443000,18.5742972000,38705718,2285876061.0000,0.808659,1.350200
2010-10-14,19.7870520000,19.4040768000,20.1381126000,19.3721622000,70254226,4354684837.0000,1.467785,2.529500
2010-10-15,19.3083330000,20.0104542000,20.1061980000,19.2508867200,60368908,3762361495.0000,1.261257,3.125000
2010-10-18,20.0104542000,19.3051415400,20.4891732000,19.1487600000,59721754,3716974364.0000,1.247736,-3.524700
2010-10-19,19.2604611000,19.9881139800,20.0679004800,19.2476952600,34166510,2111048702.0000,0.713823,3.537800
2010-10-20,19.9881139800,21.3763990800,21.4466112000,19.9785396000,93511187,6105907544.0000,1.953681,6.945600
2010-10-21,21.3795905400,20.9583178200,21.3795905400,20.7668302200,40407297,2660063223.0000,0.844209,-1.955800
2010-10-22,20.8402338000,20.7412985400,21.2232090000,20.5561938600,30974922,2025961514.0000,0.647143,-1.035500
2010-10-25,20.7349156200,21.3285271800,21.4466112000,20.2657710000,38999352,2554247525.0000,0.814793,2.831200
2010-10-26,21.2551236000,20.4317269200,21.2551236000,20.2657710000,54949172,3539792591.0000,1.148025,-4.204700
2010-10-27,20.1061980000,19.5572668800,20.3551318800,19.4647145400,60016574,3723672978.0000,1.253895,-4.279900
2010-10-28,19.2445038000,19.4072682600,19.5891814800,19.1487600000,44111196,2674745883.0000,0.921593,-0.767000
2010-10-29,19.4072682600,19.1232283200,19.4679060000,18.9987613800,36193034,2169903198.0000,0.756162,-1.463600
2010-11-01,19.1232283200,19.1232283200,19.1232283200,19.1232283200,0,0.0000,,0.000000
2010-11-02,19.8062007600,19.3051415400,19.8221580600,19.2317379600,53035231,3237673550.0000,1.108038,0.951300
2010-11-03,19.2445038000,19.2891842400,19.6593936000,18.7817421000,41702393,2509020426.0000,0.871267,-0.082700
2010-11-04,19.3338646800,19.6115217000,19.8764128800,19.2923757000,32529152,2004135745.0000,0.679615,1.671100
2010-11-05,19.9466250000,19.9434335400,20.1381126000,19.7615203200,31745404,1986586460.0000,0.663240,1.692400
2010-11-08,19.9466250000,19.6721594400,19.9625823000,19.4902462200,31575608,1948900278.0000,0.659693,-1.360200
2010-11-09,19.6785423600,19.1998233600,19.6785423600,19.1487600000,33681504,2034534276.0000,0.703690,-2.401000
2010-11-10,19.1328027000,19.4679060000,19.4838633000,18.8583371400,34058343,2054687033.0000,0.711563,1.396300
2010-11-11,19.5891814800,19.9434335400,20.3487489600,19.3530134400,54612125,3417606627.0000,1.140983,2.442600
2010-11-12,19.8859872600,19.3849280400,20.4891732000,19.1902489800,60449285,3759229627.0000,1.262936,-2.800400
2010-11-15,19.1806746000,18.9668467800,19.3657792800,18.5104680000,42599967,2525269206.0000,0.890019,-2.156700
2010-11-16,18.8934432000,18.0796209000,18.8934432000,17.8083468000,41286105,2374218989.0000,0.862569,-4.677800
2010-11-17,17.7349432200,18.1625988600,18.5902545000,17.6551567200,49882366,2832767814.0000,1.042167,0.459000
2010-11-18,18.4657875600,18.3987669000,18.5264253000,17.9743027200,30826573,1767075762.0000,0.644044,1.300300
2010-11-19,18.5583399000,18.4179156600,18.5838715800,17.7189859200,36633474,2087955493.0000,0.765364,0.104100
2010-11-22,18.3540864600,18.6285520200,18.9891870000,18.3189804000,35370133,2069311741.0000,0.738970,1.143600
2010-11-23,18.3860010600,17.9551539600,18.4466388000,17.8147297200,30773162,1744352265.0000,0.642928,-3.614900
2010-11-24,18.0126002400,18.6030203400,18.7306787400,18.0126002400,33988667,1971102345.0000,0.710108,3.608200
2010-11-25,18.5806801200,18.6668495400,18.8296140000,18.3062145600,24521136,1431165500.0000,0.512308,0.343100
2010-11-26,18.5455740600,18.2455768200,18.5711057400,18.1370671800,21308208,1224229468.0000,0.445181,-2.256800
2010-11-29,18.1945134600,18.4306815000,18.5742972000,18.1913220000,17862843,1030556754.0000,0.373199,1.014500
2010-11-30,18.3508950000,18.0923867400,18.5391911400,17.7764322000,25961901,1472657617.0000,0.542409,-1.835500
2010-12-01,17.9998344000,17.8721760000,18.0923867400,17.8083468000,14175262,796698753.0000,0.296156,-1.217100
2010-12-02,18.3508950000,18.1625988600,18.5264253000,18.1562159400,22266845,1282129654.0000,0.465210,1.625000
2010-12-03,18.3349377000,18.7083385200,18.7657848000,18.2870658000,33693494,1966304531.0000,0.703941,3.004700
2010-12-06,18.6668495400,19.0753564200,19.2891842400,18.6189776400,34157741,2033742091.0000,0.713640,1.961800
2010-12-07,18.9700382400,19.2700354800,19.4232255600,18.7913164800,24612353,1472475440.0000,0.514213,1.020600
2010-12-08,19.2093977400,18.8966346600,19.3498219800,18.8711029800,18289759,1094520707.0000,0.382119,-1.937700
2010-12-09,18.7976994000,18.8838688200,19.2604611000,18.7051470600,18081036,1073767938.0000,0.377758,-0.067600
2010-12-10,18.7976994000,19.4359914000,19.4934376800,18.7657848000,33182722,1998477961.0000,0.693270,2.923800
2010-12-13,19.4679060000,19.6210960800,19.6274790000,19.2349294200,39067989,2378679886.0000,0.816227,0.952400
2010-12-14,19.4679060000,19.4519487000,19.8349239000,19.4072682600,23033309,1414462365.0000,0.481223,-0.862100
2010-12-15,19.4487572400,18.9796126200,19.5317352000,18.9540809400,24819854,1490436740.0000,0.518548,-2.428200
2010-12-16,18.9285492600,18.4370644200,19.0753564200,18.3987669000,34337184,2008535520.0000,0.717389,-2.858600
2010-12-17,18.5040850800,18.3572779200,18.5136594600,18.2104707600,25878580,1486898959.0000,0.540668,-0.432800
2010-12-20,18.4562131800,17.9391966600,18.4977021600,17.7126030000,30422032,1717720575.0000,0.635592,-2.277500
2010-12-21,18.0285575400,18.6955726800,18.7211043600,17.9551539600,32782388,1884808481.0000,0.684906,4.216300
2010-12-22,18.6700410000,18.2838743400,18.7306787400,18.1625988600,20495658,1186543277.0000,0.428205,-2.202100
2010-12-23,18.2870658000,18.1689817800,18.5583399000,18.1019611200,16497704,943569681.0000,0.344678,-0.628400
2010-12-24,18.0828123600,18.1881305400,18.4147242000,17.9391966600,18612858,1063026027.0000,0.388869,0.105400
2010-12-27,18.7019556000,17.7987724200,18.8232310800,17.7126030000,31075708,1784328805.0000,0.649249,-2.140700
2010-12-28,17.7764322000,17.5881360600,18.0540892200,17.5530300000,21988615,1226590399.0000,0.459397,-1.183400
2010-12-29,17.6519652600,17.7221773800,17.7349432200,17.4892008000,12728114,702856126.0000,0.265922,0.762100
2010-12-30,17.7253688400,17.6200506600,17.8402614000,17.5083495600,18121954,1002551647.0000,0.378613,-0.576300
2010-12-31,17.7094115400,17.9232393600,18.0253660800,17.6423908800,16476099,921857602.0000,0.344227,1.720700
2011-01-04,18.1434501000,18.1625988600,18.3828096000,18.0317490000,24562682,1400499338.0000,0.513176,1.335500
2011-01-05,18.0604721400,17.5083495600,18.1274928000,17.4892008000,42755425,2368305774.0000,0.893267,-3.602200
2011-01-06,17.5338812400,16.7838881400,17.5338812400,16.4200617000,94707865,4971851955.0000,1.978683,-4.137800
2011-01-07,16.9051636200,16.9179294600,17.3136705000,16.5317628000,65901387,3494756547.0000,1.376844,0.798600
2011-01-10,16.8828234000,16.6051663800,17.2019694000,16.5636774000,28291936,1494174281.0000,0.591089,-1.848700
2011-01-11,16.5445286400,16.6338895200,16.7711223000,16.4998482000,25804733,1343674168.0000,0.539125,0.173000
2011-01-12,16.6817614200,16.9115465400,16.9785672000,16.5955920000,22555926,1189009625.0000,0.471249,1.669200
2011-01-13,16.9849501200,16.9083550800,17.0551622400,16.7711223000,19512049,1034239321.0000,0.407655,-0.018900
2011-01-14,16.8221856600,16.5892090800,16.8892063200,16.5317628000,15443985,806532104.0000,0.322663,-1.887500
2011-01-17,16.5158055000,15.9094281000,16.5860176200,15.8934708000,30856565,1561578586.0000,0.644670,-4.097700
2011-01-18,15.9126195600,15.9573000000,16.1328303000,15.8136843000,18054011,901698013.0000,0.377193,0.300900
2011-01-19,15.9573000000,16.1743192800,16.2062338800,15.8966622600,17834176,896464529.0000,0.372600,1.360000
2011-01-20,16.2094253400,15.5679418800,16.2253826400,15.5551760400,22174189,1106855829.0000,0.463274,-3.749000
2011-01-21,15.5934735600,15.7690038600,16.1328303000,15.4785810000,23804844,1176531357.0000,0.497342,1.291500
2011-01-24,15.8615562000,15.4307091000,15.8615562000,15.3190080000,25275911,1226944337.0000,0.528077,-2.145300
2011-01-25,15.4275176400,15.4785810000,15.6381540000,15.2870934000,20078098,973316668.0000,0.419481,0.310200
2011-01-26,15.5073041400,15.6158137800,15.7530465600,15.4945383000,14870662,727077978.0000,0.310685,0.886600
2011-01-27,15.4785810000,15.9349597800,16.0147462800,15.3381567600,25809644,1278763037.0000,0.539228,2.043700
2011-01-28,15.9349597800,15.7658124000,16.0051719000,15.6062394000,18170457,897234526.0000,0.379626,-1.061500
2011-01-31,15.7434721800,15.8615562000,15.9253854000,15.6221967000,17198006,851152074.0000,0.359309,0.607300
2011-02-01,15.8870878800,15.9413427000,15.9892146000,15.7945355400,14034772,697707971.0000,0.293221,0.503000
2011-02-09,15.8934708000,15.9253854000,16.1966595000,15.7817697000,21756436,1092232094.0000,0.454546,-0.100100
2011-02-10,15.8934708000,16.1392132200,16.1679363600,15.7530465600,24927476,1244606804.0000,0.520797,1.342700
2011-02-11,16.0211292000,15.9477256200,16.0849584000,15.8775135000,42511528,2125527418.0000,0.888172,-1.186500
2011-02-14,15.9573000000,16.6881443400,16.7551650000,15.9445341600,54854958,2822049324.0000,1.146056,4.642800
2011-02-15,16.6562297400,16.4806994400,16.7551650000,16.4679336000,33694088,1753103503.0000,0.703953,-1.243100
2011-02-16,16.4360190000,16.4328275400,16.5509115600,16.2764460000,27251076,1398832887.0000,0.569343,-0.290500
2011-02-17,16.4392104600,16.3594239600,16.5636774000,16.2764460000,25782513,1324705092.0000,0.538661,-0.446700
2011-02-18,16.3083606000,16.3338922800,16.4615506800,16.2030424200,24904558,1275690029.0000,0.520318,-0.156100
2011-02-21,16.2700630800,16.4551677600,16.4838909000,16.1743192800,21762436,1112791611.0000,0.454671,0.742500
2011-02-22,16.4679336000,15.7147490400,16.4966567400,15.7051746600,50703755,2537769280.0000,1.059328,-4.499600
2011-02-23,15.6477283800,15.6158137800,15.7530465600,15.5200699800,28417672,1389602861.0000,0.593716,-0.629600
2011-02-24,15.6062394000,15.5966650200,15.6381540000,15.3860286600,27132171,1318826028.0000,0.566859,-0.122600
2011-02-25,15.5998564800,15.7083661200,15.9190024800,15.5104956000,25306961,1245919723.0000,0.528725,0.716200
2011-02-28,15.7275148800,15.8807049600,15.9094281000,15.5679418800,25649577,1267223052.0000,0.535883,1.097100
2011-03-01,15.8902793400,16.0370865000,16.1902765800,15.8615562000,28229964,1417131149.0000,0.589794,0.984730
2011-03-02,15.9094281000,15.9924060600,16.1200644600,15.8360245200,22529205,1124773542.0000,0.470691,-0.278600
2011-03-03,16.0753840200,16.1870851200,16.6275066000,16.0658096400,65848944,3369414824.0000,1.375748,1.217300
2011-03-04,16.2636801600,16.6370809800,16.6753785000,16.1966595000,48122902,2481548294.0000,1.005407,2.780000
2011-03-07,16.7902710600,17.0743110000,17.1413316600,16.7519735400,54438880,2894907743.0000,1.137364,2.628000
2011-03-08,17.0423964000,16.9689928200,17.1700548000,16.7902710600,30245234,1610827658.0000,0.631898,-0.616800
2011-03-09,17.0743110000,17.0487793200,17.2370754600,16.9051636200,26817186,1436572836.0000,0.560278,0.470200
2011-03-10,16.9785672000,16.4806994400,16.9785672000,16.4551677600,43274276,2251457091.0000,0.904107,-3.332100
2011-03-11,16.3721898000,16.2317655600,16.4711250600,16.1360217600,30476000,1558931336.0000,0.636719,-1.510500
2011-03-14,16.2317655600,16.2317655600,16.2317655600,16.2317655600,0,0.0000,,0.000000
2011-03-15,16.2764460000,15.7817697000,16.3243179000,15.4817724600,55821626,2776165904.0000,1.166253,-2.772300
2011-03-16,15.9381512400,16.0051719000,16.1455961400,15.8934708000,23926928,1198791009.0000,0.499893,1.415600
2011-03-17,15.8455989000,15.5647504200,15.8455989000,15.5104956000,39541984,1938948145.0000,0.826130,-2.751700
2011-03-18,15.6860259000,15.6477283800,15.8136843000,15.6349625400,21779052,1072152565.0000,0.455019,0.533100
2011-03-21,15.7019832000,15.7019832000,15.8870878800,15.6636856800,17833595,880737788.0000,0.372588,0.346700
2011-03-22,15.7977270000,15.9860231400,16.0179377400,15.6668771400,22923006,1141356097.0000,0.478919,1.808900
2011-03-23,15.9253854000,16.0945327800,16.1679363600,15.8583647400,20263380,1017430945.0000,0.423352,0.678800
2011-03-24,16.0945327800,15.9604914600,16.1072986200,15.9253854000,15778796,790142582.0000,0.329658,-0.832800
2011-03-25,16.0019804400,16.1200644600,16.3051691400,15.9317683200,28220786,1427721207.0000,0.589602,0.999800
2011-03-28,16.1807022000,15.9796402200,16.3594239600,15.9573000000,31140245,1577431915.0000,0.650597,-0.871100
2011-03-29,15.9860231400,15.9126195600,16.2062338800,15.7466636400,35300579,1764101825.0000,0.737517,-0.419400
2011-03-30,15.9573000000,15.9541085400,16.1136815400,15.8647476600,19736523,989493843.0000,0.412345,0.260700
2011-03-31,15.9924060600,15.7849611600,16.0721925600,15.7721953200,18746739,933591009.0000,0.391666,-1.060200
2011-04-01,15.8296416000,16.3498495800,16.3594239600,15.8073013800,30588542,1541263192.0000,0.639071,3.578600
2011-04-06,16.5445286400,16.9881415800,17.0551622400,16.5030396600,77988659,4103732508.0000,1.629377,3.904000
2011-04-07,17.0583537000,16.9147380000,17.0615451600,16.7998454400,31742215,1681947267.0000,0.663174,-0.432100
2011-04-08,16.8828234000,16.8828234000,17.0455878600,16.7711223000,22070124,1167683834.0000,0.461100,-0.188700
2011-04-11,16.9147380000,16.5572944800,17.0136732600,16.5413371800,33648837,1775014903.0000,0.703008,-1.928200
2011-04-12,16.4998482000,16.5892090800,16.6658041200,16.4041044000,25647287,1327063086.0000,0.535836,0.192800
2011-04-13,16.4870823600,17.0775024600,17.1062256000,16.4647421400,34501395,1812102620.0000,0.720820,2.943400
2011-04-14,17.0328220200,16.9689928200,17.2657986000,16.9179294600,42294920,2267672016.0000,0.883646,-0.635400
2011-04-15,16.9498440600,17.2913302800,17.3392021800,16.8764404800,37810606,2034348741.0000,0.789958,1.899600
2011-04-18,17.2211181600,17.5179239400,17.7062200800,17.1636718800,51504579,2829349972.0000,1.076059,1.310400
2011-04-19,17.3551594800,16.8509088000,17.3870740800,16.8445258800,34442761,1841998065.0000,0.719595,-3.807600
2011-04-20,16.9626099000,16.7934625200,17.0360134800,16.6817614200,21967270,1158416562.0000,0.458951,-0.340900
2011-04-21,17.0009074200,16.9019721600,17.0998426800,16.8732490200,17426110,926247498.0000,0.364075,0.646100
2011-04-22,16.9147380000,16.6498468200,16.9147380000,16.6083578400,16789978,880622828.0000,0.350784,-1.491700
2011-04-25,16.6498468200,16.4934652800,16.6498468200,16.3562325000,20758672,1072991273.0000,0.433700,-0.939200
2011-04-26,16.4296360800,16.4583592200,16.6306980600,16.3977214800,19023963,982995525.0000,0.397458,-0.212800
2011-04-27,16.5572944800,16.4711250600,16.5860176200,16.3721898000,16760280,865222886.0000,0.350164,0.077600
2011-04-28,16.5955920000,16.6338895200,16.9211209200,16.5955920000,37385147,1961251656.0000,0.781069,0.988200
2011-04-29,16.5796347000,16.6689955800,16.7200589400,16.2445314000,22170626,1144894398.0000,0.463200,0.211100
2011-05-03,16.5955920000,16.7775052200,16.8126112800,16.4072958600,19659181,1027976860.0000,0.410729,0.651000
2011-05-04,16.5955920000,16.2094253400,16.6562297400,16.1487876000,30342864,1557728268.0000,0.633938,-3.386000
2011-05-05,16.1743192800,16.0562352600,16.2126168000,15.9381512400,22705575,1140945349.0000,0.474376,-0.945100
2011-05-06,15.8870878800,15.9828316800,16.1200644600,15.8519818200,17448296,873256910.0000,0.364538,-0.457200
2011-05-09,16.0466608800,15.8679391200,16.0785754800,15.8264501400,16247316,810857012.0000,0.339447,-0.718800
2011-05-10,15.8743220400,16.0243206600,16.0626181800,15.8743220400,10952009,547966892.0000,0.228815,0.985500
2011-05-11,16.0370865000,16.0338950400,16.1328303000,15.9094281000,10582191,531970475.0000,0.221088,0.059700
2011-05-12,15.8870878800,15.7051746600,16.0051719000,15.7019832000,15940475,792575496.0000,0.333036,-2.050200
2011-05-13,15.8009184600,15.9764487600,16.0115548200,15.6987917400,16461606,816278754.0000,0.343924,1.727300
2011-05-16,15.9573000000,15.7243234200,16.0083633600,15.7115575800,17112700,849319195.0000,0.357527,-1.578100
2011-05-17,15.7243234200,15.8966622600,16.0211292000,15.7019832000,15967371,793326232.0000,0.333598,1.096000
2011-05-18,15.8743220400,15.9924060600,16.1487876000,15.8073013800,19068139,956027106.0000,0.398381,0.602300
2011-05-19,16.0338950400,15.9221939400,16.1136815400,15.8647476600,11486756,574185651.0000,0.239987,-0.439000
2011-05-20,15.8966622600,15.9509170800,16.0179377400,15.8934708000,9870388,493234065.0000,0.206217,0.180400
2011-05-23,15.8934708000,15.3604969800,15.9253854000,15.3349653000,27534229,1341534279.0000,0.575259,-3.701500
2011-05-24,15.3636884400,15.3956030400,15.4753895400,15.3190080000,12146116,585692451.0000,0.253763,0.228500
2011-05-25,15.3604969800,15.2519873400,15.3604969800,15.2392215000,13988790,669703068.0000,0.292261,-0.932800
2011-05-26,15.3541140600,15.2296471200,15.4083688800,15.2200727400,14572537,697884002.0000,0.304457,-0.146500
2011-05-27,15.2296471200,15.3094336200,15.4498578600,15.2232642000,15778318,757549340.0000,0.329648,0.523900
2011-05-30,15.2807104800,15.3126250800,15.4179432600,15.2360300400,13305860,639592938.0000,0.277993,0.020800
2011-05-31,15.3253909200,15.5456016600,15.5711333400,15.2807104800,14413313,696637997.0000,0.301130,1.521500
2011-06-01,15.4785810000,15.4753895400,15.5679418800,15.4307091000,13498553,655567547.0000,0.282018,-0.451700
2011-06-02,15.3190080000,15.0828399600,15.3796457400,14.9456071800,21722655,1029299555.0000,0.453840,-2.536600
2011-06-03,15.0892228800,15.2168812800,15.2519873400,15.0317766000,13413214,636580906.0000,0.280235,0.888700
2011-06-07,15.1211374800,15.2998592400,15.3349653000,15.0541168200,11055683,526357191.0000,0.230981,0.545300
2011-06-08,15.2870934000,15.1977325200,15.2870934000,15.0668826600,11677931,553962267.0000,0.243981,-0.667500
2011-06-09,15.1753923000,15.0094363800,15.2392215000,14.9775217800,13935337,658333982.0000,0.291144,-1.239000
2011-06-10,15.0700741200,15.1370947800,15.1498606200,14.9679474000,11565451,545290728.0000,0.241631,0.850500
2011-06-13,14.9998620000,14.9296498800,15.0030534600,14.7700768800,11461277,533662857.0000,0.239455,-1.370400
2011-06-14,14.9136925800,15.0253936800,15.1179460200,14.8402890000,13082288,616264122.0000,0.273322,0.641300
2011-06-15,15.0413509800,14.8051829400,15.1083716400,14.7892256400,12700058,593268202.0000,0.265336,-1.465600
2011-06-16,14.8051829400,14.8051829400,14.8051829400,14.8051829400,0,0.0000,,0.000000
2011-06-17,14.6456099400,14.3998675200,14.7094391400,14.3839102200,22278519,1012345032.0000,0.465454,-2.737700
2011-06-20,14.4158248200,14.1573165600,14.4541223400,14.0296581600,20470190,909820728.0000,0.427673,-1.684400
2011-06-21,14.1700824000,14.2434859800,14.2690176600,14.1030617400,15097627,671342551.0000,0.315427,0.608700
2011-06-22,14.2977408000,14.3328468600,14.4668881800,14.2754005800,15240250,685388896.0000,0.318407,0.627400
2011-06-23,14.3232724800,14.6392270200,14.7445452000,14.2115713800,17306481,784718161.0000,0.361575,2.137600
2011-06-24,14.6136953400,15.2200727400,15.2870934000,14.6009295000,37010276,1745360749.0000,0.773237,3.967700
2011-06-27,15.1594350000,15.1562435400,15.4115603400,15.1019887200,13468282,643107249.0000,0.281386,-0.419400
2011-06-28,15.2679446400,15.0956058000,15.2870934000,14.9519901000,13322946,629352425.0000,0.278349,-0.400100
2011-06-29,15.1530520800,14.9136925800,15.2073069000,14.8977352800,14464443,683272911.0000,0.302198,-1.205100
2011-06-30,14.9839047000,15.4051774200,15.5870906400,14.9615644800,29800348,1434330263.0000,0.622603,3.295500
2011-07-01,15.4402834800,15.3636884400,15.4945383000,15.2647531800,15378543,740400818.0000,0.321296,-0.269300
2011-07-04,15.4594322400,15.6924088200,15.7498551000,15.4594322400,21986307,1079421152.0000,0.459349,2.139600
2011-07-05,15.6700686000,15.5424102000,15.7434721800,15.4466664000,16309223,795194706.0000,0.340740,-0.955900
2011-07-06,15.4721980800,15.6381540000,15.8615562000,15.2456044200,21670614,1047725570.0000,0.452753,0.616000
2011-07-07,15.8296416000,15.5104956000,15.8487903600,15.4019859600,23048061,1126324875.0000,0.481531,-0.816300
2011-07-08,15.5743248000,15.4753895400,15.6700686000,15.4147518000,14141535,687300578.0000,0.295452,-0.226331
2011-07-11,15.3668799000,15.2998592400,15.3668799000,15.1690093800,14456302,691891461.0000,0.302028,-1.134300
2011-07-12,15.1530520800,14.8658206800,15.1530520800,14.8498633800,21661284,1016356042.0000,0.452558,-2.836900
2011-07-13,14.9296498800,15.1339033200,15.1849666800,14.8817779800,18334643,866342489.0000,0.383056,1.803300
2011-07-14,15.1339033200,15.1211374800,15.2264556600,15.0349680600,14623135,692705631.0000,0.305514,-0.084400
2011-07-15,15.0987972600,15.2487958800,15.3509226000,14.9934790800,13608647,648143721.0000,0.284318,0.844200
2011-07-18,15.2839019400,15.1434777000,15.3636884400,15.0828399600,13954314,663725250.0000,0.291540,-0.690700
2011-07-19,15.0573082800,14.9711388600,15.0860314200,14.9360328000,11710352,550558466.0000,0.244658,-1.138000
2011-07-20,15.1115631000,15.0349680600,15.1498606200,14.9551815600,14392419,678642220.0000,0.300693,0.426300
2011-07-21,15.1154378400,14.7999964200,15.1186566300,14.7774648900,12564446,581318174.0000,0.262503,-1.562800
2011-07-22,14.8901225400,14.9319668100,15.0768123600,14.8160903700,12940788,600454892.0000,0.270365,0.891700
2011-07-25,14.8418406900,14.5457120100,14.8418406900,14.4845550000,19289213,878714411.0000,0.403000,-2.586800
2011-07-26,14.5457120100,14.6776824000,14.7066515100,14.5199616900,9504721,432660875.0000,0.198577,0.907300
2011-07-27,14.5746811200,14.4845550000,14.6004314400,14.3718973500,23101828,1038091213.0000,0.482655,-1.315800
2011-07-28,14.3461470300,14.1852075300,14.3461470300,14.1208317300,23426057,1033934131.0000,0.489429,-2.066700
2011-07-29,14.2431457500,14.3236155000,14.5167429000,14.1176129400,25417491,1129201860.0000,0.531035,0.975700
2011-08-01,14.3236155000,14.4555858900,14.4845550000,14.2785524400,12919968,578054148.0000,0.269930,0.921300
2011-08-02,14.2817712300,14.2817712300,14.2914276000,14.1304881000,10448316,461108180.0000,0.218291,-1.202400
2011-08-03,14.1594572100,14.1787699500,14.3332718700,14.1240505200,13551811,597705226.0000,0.283131,-0.721200
2011-08-04,14.2367081700,14.1723323700,14.3429282400,14.1626760000,12270806,542172737.0000,0.256368,-0.045400
2011-08-05,13.8407970000,13.6283568600,13.8665473200,13.5317931600,37255853,1588703740.0000,0.778367,-3.838300
2011-08-08,13.4545422000,13.1841638400,13.5768562200,13.1036940900,31936043,1320759014.0000,0.667223,-3.259300
2011-08-09,12.8300969400,13.0972565100,13.1616323100,12.7496271900,35845092,1443504086.0000,0.748893,-0.659200
2011-08-10,13.3451033400,13.1938202100,13.3901664000,13.1069128800,27234676,1122210974.0000,0.569000,0.737300
2011-08-11,13.0006928100,13.4126979300,13.4191355100,12.9202230600,28510756,1171015559.0000,0.595661,1.658900
2011-08-12,13.5124804200,13.2839463300,13.5189180000,13.1970390000,28036164,1159061752.0000,0.585745,-0.959900
2011-08-15,13.3354469700,13.7120454000,13.7377957200,13.1970390000,27843298,1166843919.0000,0.581716,3.222700
2011-08-16,13.6412320200,13.4770737300,13.7281393500,13.4545422000,18800631,794229665.0000,0.392792,-1.713600
2011-08-17,13.4770737300,13.4770737300,13.4770737300,13.4770737300,0,0.0000,,0.000000
2011-08-18,13.6412320200,13.2775087500,13.6798575000,13.2163517400,19358041,809163928.0000,0.404438,-1.480800
2011-08-19,13.0135679700,12.9749424900,13.1648511000,12.9105666900,16468311,665548653.0000,0.344064,-2.278800
2011-08-22,13.0200055500,13.0103491800,13.1487571500,12.8751600000,12944407,521686786.0000,0.270441,0.272900
2011-08-23,13.0200055500,13.1938202100,13.1970390000,12.9685049100,11525490,469445578.0000,0.240796,1.410200
2011-08-24,13.2742899600,13.0715061900,13.3032590700,13.0328807100,13428977,548191080.0000,0.280565,-0.927100
2011-08-25,13.1069128800,13.6669823400,13.6798575000,13.1036940900,36226149,1519226646.0000,0.756854,4.555500
2011-08-26,13.5768562200,13.5221367900,13.6315756500,13.4223543000,18579286,780558557.0000,0.388167,-1.059823
2011-08-29,13.3257906000,13.2195705300,13.3257906000,13.0940377200,18711959,767337832.0000,0.390939,-2.237600
2011-08-30,13.3129154400,13.1391007800,13.4963864700,13.1294444100,16528408,684287743.0000,0.345320,-0.608700
2011-08-31,13.1101316700,13.1101316700,13.1326632000,12.9974740200,18542297,751685532.0000,0.387395,-0.220500
2011-09-01,13.1970390000,13.2388832700,13.4320106700,13.1423195700,20310794,837405851.0000,0.424343,0.982100
2011-09-02,13.2356452900,13.2841038400,13.4004043600,13.0644250800,12062886,492888359.0000,0.252024,0.341600
2011-09-05,13.1516504700,13.0062748200,13.1516504700,12.9804302600,10805056,435817138.0000,0.225744,-2.091400
2011-09-06,13.0191971000,12.9028965800,13.0191971000,12.8285934700,14887047,595236721.0000,0.311027,-0.794800
2011-09-07,13.0224276700,13.0902696400,13.1484199000,12.9093577200,14466770,583739349.0000,0.302247,1.452200
2011-09-08,13.1322670500,12.9287411400,13.1354976200,12.9222800000,10858414,437819519.0000,0.226859,-1.233959
2011-09-09,13.0644250800,12.9739691200,13.2065701600,12.9190494300,13309903,536379974.0000,0.278077,0.349800
2011-09-13,12.7122929500,12.7542903600,12.8544380300,12.6832178200,13302368,524998299.0000,0.277920,-1.693200
2011-09-14,12.8512074600,12.7510597900,12.8899743000,12.4990753300,17758424,696986787.0000,0.371018,-0.025300
2011-09-15,12.7865960600,12.6961401000,12.8738214500,12.6832178200,11550396,457742497.0000,0.241316,-0.430700
2011-09-16,12.7930572000,12.7833654900,12.9319717100,12.7639820700,14229188,566076554.0000,0.297283,0.687000
2011-09-19,12.6767566800,12.5346116000,12.6961401000,12.5184587500,11233292,437905903.0000,0.234691,-1.945900
2011-09-20,12.5346116000,12.5927618600,12.6315287000,12.4700002000,8086413,314189519.0000,0.168945,0.463900
2011-09-21,12.6218369900,12.9642774100,13.0741167900,12.5669173000,21643439,864244711.0000,0.452185,2.950200
2011-09-22,12.8447463200,12.5636867300,12.9545857000,12.5055364700,17943483,707874400.0000,0.374884,-3.090000
2011-09-23,12.4053888000,12.2793965700,12.4441556400,12.0177204000,29380194,1113522262.0000,0.613825,-2.262800
2011-09-26,12.1114069300,11.1034690900,12.2438603000,11.0614716800,68082545,2413100121.0000,1.422414,-9.576400
2011-09-27,11.3069950000,11.3069950000,11.3974509600,11.2197696100,35214435,1232211972.0000,0.735717,1.833000
2011-09-28,11.4297566600,11.2036167600,11.4911374900,11.1616193500,18738150,658505936.0000,0.391487,-0.914300
2011-09-29,11.1357747900,11.0000908500,11.1357747900,10.9677851500,27714852,946404908.0000,0.579032,-1.816600
2011-09-30,11.0679328200,10.8450234900,11.0743939600,10.7868732300,30817888,1039951854.0000,0.643862,-1.409700
2011-10-10,10.9225571700,10.9516323000,11.0420882600,10.9096348900,19259462,653349174.0000,0.402378,0.983000
2011-10-11,11.3393007000,11.0937773800,11.4006815300,11.0420882600,32397339,1129032292.0000,0.676861,1.297900
2011-10-12,11.0808551000,11.7108162500,11.7269691000,11.0453188300,36633618,1301168648.0000,0.765367,5.562000
2011-10-13,11.6397437100,11.7301996700,11.9014198800,11.6138991500,31315992,1142706232.0000,0.654269,0.165500
2011-10-14,11.7205079600,11.7689665100,11.7980416400,11.6009768700,17248963,624849932.0000,0.360374,0.330500
2011-10-17,11.8432696200,12.0080286900,12.1404820600,11.8077333500,23859130,887419362.0000,0.498477,2.031300
2011-10-18,11.8594224700,11.4749846400,11.9143421600,11.4200649500,19986865,722649701.0000,0.417575,-4.439100
2011-10-19,11.5395960400,11.4975986300,11.7560442300,11.4232955200,20157124,721053180.0000,0.421132,0.197100
2011-10-20,11.3586841200,11.2068473300,11.3877592500,11.1002385200,18447364,642057085.0000,0.385411,-2.528800
2011-10-21,11.3069950000,11.3069950000,11.4523706500,11.2456141700,16665427,585179436.0000,0.348182,0.893600
2011-10-24,11.5008292000,11.9014198800,11.9466478600,11.3845286800,30905460,1120171202.0000,0.645692,5.257100
2011-10-25,11.8561919000,11.9789535600,12.1146375000,11.6978939700,28721735,1061970003.0000,0.600068,0.651500
2011-10-26,11.9595701400,12.1243292100,12.2697048600,11.9466478600,30587823,1149459532.0000,0.639056,1.213600
2011-10-27,11.9854147000,12.2729354300,12.2955494200,11.9724924200,38117545,1432252369.0000,0.796370,1.225700
2011-10-28,12.5023059000,12.5087670400,12.8415157500,12.4312333600,57929191,2267193036.0000,1.210285,1.921600
2011-10-31,12.5346116000,12.4958447600,12.6573732600,12.4183110800,23974737,930186908.0000,0.500892,-0.103300
2011-11-01,12.3504691100,12.6702955400,12.9804302600,12.3052411300,38949415,1535663205.0000,0.813750,1.396100
2011-11-02,12.4700002000,12.9481245600,12.9739691200,12.4053888000,33643349,1320501078.0000,0.702893,2.192800
2011-11-03,12.9739691200,13.0450416600,13.3422541000,12.9739691200,42091135,1717410286.0000,0.879388,0.748500
2011-11-04,13.2194924400,13.0482722300,13.3099484000,13.0418110900,30020499,1224249189.0000,0.627203,0.024800
2011-11-07,12.9675079800,12.8512074600,13.0515028000,12.8253629000,18567021,742311536.0000,0.387911,-1.510300
2011-11-08,12.9190494300,12.8932048700,13.0515028000,12.8253629000,13042176,522176901.0000,0.272483,0.326800
2011-11-09,12.9868914000,13.0967307800,13.1774950300,12.8544380300,21626883,870216549.0000,0.451839,1.578600
2011-11-10,12.8899743000,12.5475338800,12.8964354400,12.5378421700,28520594,1120274001.0000,0.595866,-4.193400
2011-11-11,12.5895312900,12.5378421700,12.6832178200,12.4376945000,12352516,480824690.0000,0.258075,-0.077200
2011-11-14,12.7155235200,12.9061271500,12.9448939900,12.7155235200,18275593,727625475.0000,0.381823,2.937400
2011-11-15,12.8802825900,12.7736737800,12.8964354400,12.6993706700,11620978,459848439.0000,0.242791,-1.026300
2011-11-16,12.7219846600,12.1889406100,12.7898266300,12.1081763600,31976324,1217798758.0000,0.668065,-4.577600
2011-11-17,12.2115546000,12.0306426800,12.2535520100,11.9531090000,23285834,869041751.0000,0.486499,-1.298700
2011-11-18,11.9111115900,11.7528136600,12.0112592600,11.6623577000,24610899,899809250.0000,0.514183,-2.309300
2011-11-21,11.7721970800,11.8303473400,11.8432696200,11.6138991500,16498998,599002711.0000,0.344705,0.659700
2011-11-22,11.7269691000,11.7398913800,11.8884976000,11.6752799800,19462990,708753128.0000,0.406630,-0.764600
2011-11-23,11.7560442300,11.5008292000,11.7851193600,11.4362178000,17378119,621658054.0000,0.363072,-2.036300
2011-11-24,11.4039121000,11.6752799800,11.8077333500,11.3748369700,18387222,659478734.0000,0.384155,1.516900
2011-11-25,11.6203602900,11.5460571800,11.6882022600,11.4943680600,9397116,336686214.0000,0.196329,-1.106800
2011-11-28,11.6268214300,11.6429742800,11.7754276500,11.5880545900,12611971,455603261.0000,0.263495,0.839400
2011-11-29,11.7980416400,11.8465001900,11.8626530400,11.6655882700,18001881,656216078.0000,0.376104,1.748100
2011-11-30,11.7786582200,11.3909898200,11.8077333500,11.3554535500,17593556,628748399.0000,0.367573,-3.845100
2011-12-01,11.9854147000,12.0112592600,12.3569302500,11.8788058900,53149947,1982210775.0000,1.110435,5.445300
2011-12-02,11.9208033000,11.9757229900,12.0112592600,11.8238862000,20276150,748966443.0000,0.423619,-0.295900
2011-12-05,12.1081763600,11.9821841300,12.2373991600,11.9111115900,21129571,789823985.0000,0.441449,0.054000
2011-12-06,11.9854147000,11.8949587400,12.0791012300,11.7948110700,14565221,538068552.0000,0.304304,-0.728000
2011-12-07,11.9531090000,12.2503214400,12.2600131500,11.9143421600,22204582,834760373.0000,0.463909,2.987500
2011-12-08,12.1501737700,12.2729354300,12.3989276600,12.0241815400,20514222,777229208.0000,0.428593,0.184600
2011-12-09,12.1469432000,12.2664742900,12.3375468300,12.1146375000,13306033,503597113.0000,0.277996,-0.052600
2011-12-12,12.2729354300,12.1178680700,12.3084717000,12.0694095200,12328400,465722015.0000,0.257571,-1.211500
2011-12-13,11.9498784300,11.6365131400,12.0177204000,11.5234431900,27795222,1008888021.0000,0.580711,-3.972300
2011-12-14,11.6300520000,11.6332825700,11.6946634000,11.5331349000,13423375,483441453.0000,0.280448,-0.027800
2011-12-15,11.5363654700,11.3780675400,11.6558965600,11.3069950000,19460261,691626975.0000,0.406573,-2.193800
2011-12-16,11.3716064000,11.6138991500,11.7528136600,11.3651452600,16144199,575893374.0000,0.337292,2.072700
2011-12-19,11.5008292000,11.6720494100,11.7011245400,11.2714587300,18221099,647362188.0000,0.380684,0.500700
2011-12-20,11.5815934500,11.7334302400,11.8561919000,11.5589794600,13182719,479690861.0000,0.275420,0.525900
2011-12-21,11.6300520000,11.1228525100,11.8723447500,11.0970079500,33339738,1185825546.0000,0.696550,-5.203700
2011-12-22,11.1099302300,10.9807074300,11.2100779000,10.8870209000,26017539,885704477.0000,0.543571,-1.278000
2011-12-23,10.9807074300,10.9807074300,11.1293136500,10.8094872200,21790275,739791255.0000,0.455253,0.000000
2011-12-26,10.8967126100,10.8450234900,11.0679328200,10.8127177900,16220119,547735139.0000,0.338879,-1.235700
2011-12-27,10.8385623500,10.9128654600,11.1616193500,10.8127177900,12919271,438174390.0000,0.269916,0.625600
2011-12-28,10.8547152000,11.0227048400,11.0485494000,10.8062566500,13599062,461081989.0000,0.284118,1.006500
2011-12-29,10.9903991400,10.9677851500,11.0808551000,10.8870209000,10586431,360330531.0000,0.221177,-0.498200
2011-12-30,11.0162437000,11.1260830800,11.1971556200,10.9968602800,14645458,503771923.0000,0.305980,1.443300
2012-01-04,11.2714587300,10.9516323000,11.3069950000,10.9225571700,14572200,502236997.0000,0.304449,-1.567900
2012-01-05,10.8385623500,10.9613240100,11.1777722000,10.8288706400,18167125,617600641.0000,0.379556,0.088500
2012-01-06,10.9387100200,10.9354794500,11.0485494000,10.8579457700,17081699,578494656.0000,0.356879,-0.235800
2012-01-09,10.9516323000,11.2197696100,11.2262307500,10.7739509500,33151929,1130256516.0000,0.692626,2.599700
2012-01-10,11.2423836000,11.7237385300,11.7560442300,11.2262307500,38512060,1375248786.0000,0.804613,4.491800
2012-01-11,11.6946634000,11.5751323100,11.7754276500,11.5169820500,26509268,952882458.0000,0.553845,-1.267600
2012-01-12,11.5622100300,11.7495830900,11.9531090000,11.5169820500,22828235,833020382.0000,0.476939,1.507100
2012-01-13,11.7528136600,11.6397437100,11.8626530400,11.5008292000,18864500,682191938.0000,0.394126,-0.934800
2012-01-16,11.5977463000,11.4975986300,11.7592748000,11.4943680600,13912955,500463861.0000,0.290676,-1.221200
2012-01-17,11.5589794600,12.2180157400,12.2503214400,11.4523706500,31229327,1147221756.0000,0.652458,6.265800
2012-01-18,12.1792489000,12.0984846500,12.4376945000,12.0435649600,22522858,852434651.0000,0.470559,-0.978300
2012-01-19,12.1178680700,12.4409250700,12.4861530500,12.1178680700,35622560,1365518922.0000,0.744244,2.830400
2012-01-20,12.5249198900,12.6315287000,12.7510597900,12.4570779200,39808633,1554842791.0000,0.831701,1.532100
2012-01-30,12.6347592700,12.4700002000,12.6961401000,12.4215416500,22008497,853106693.0000,0.459812,-1.278800
2012-01-31,12.4700002000,12.3860053800,12.6315287000,12.2115546000,24194358,933657077.0000,0.505480,-0.673600
2012-02-01,12.3504691100,12.0855623700,12.4829224800,11.9918758400,27020936,1023052594.0000,0.564535,-2.425700
2012-02-02,12.1630960500,12.8059794800,12.8253629000,12.1598654800,44039330,1700932067.0000,0.920091,5.961000
2012-02-03,12.7930572000,12.9707385500,13.1290364800,12.7122929500,44132249,1768196167.0000,0.922032,1.286600
2012-02-06,12.9965831100,12.7995183400,13.0353499500,12.6767566800,22420984,892917027.0000,0.468430,-1.320000
2012-02-07,12.7026012400,12.5701478700,12.7736737800,12.4376945000,26302343,1024186651.0000,0.549521,-1.792000
2012-02-08,12.5701478700,12.5701478700,12.5701478700,12.5701478700,0,0.0000,,0.000000
2012-02-09,12.9513551300,12.8835131600,13.0999613500,12.8253629000,40975379,1640170589.0000,0.856078,2.492900
2012-02-10,12.8576686000,12.9513551300,13.1548810400,12.8318240400,26111435,1053202388.0000,0.545533,0.526600
2012-02-13,12.7736737800,13.0127359600,13.1968784500,12.7445986500,20511706,824582159.0000,0.428541,0.473900
2012-02-14,13.0030442500,12.7865960600,13.0030442500,12.6606038300,23522951,933046503.0000,0.491453,-1.737800
2012-02-15,12.7445986500,12.9998136800,13.1161142000,12.7445986500,24226180,974863896.0000,0.506145,1.667500
2012-02-16,12.9804302600,12.8189017600,12.9868914000,12.7316763700,17299494,688168125.0000,0.361429,-1.391700
2012-02-17,12.9836608300,12.8415157500,13.0256582400,12.7445986500,17386493,693177977.0000,0.363247,0.176400
2012-02-20,13.0191971000,12.9513551300,13.2098007300,12.9319717100,31441493,1272813446.0000,0.656891,0.855300
2012-02-21,12.9675079800,13.1451893300,13.1613421800,12.8253629000,22839360,917769424.0000,0.477171,1.496600
2012-02-22,13.1064224900,13.2744121300,13.3519458100,12.9868914000,24066055,981869377.0000,0.502800,0.983000
2012-02-23,13.2421064300,13.2485675700,13.4036349300,13.1839561700,18668277,767904992.0000,0.390027,-0.194700
2012-02-24,13.2485675700,13.4650157600,13.4714769000,13.1613421800,25736637,1062374627.0000,0.537702,1.633700
2012-02-27,13.5134743100,13.4100960700,13.6330054000,13.3842515100,28320795,1189327444.0000,0.591692,-0.407900
2012-02-28,13.4327100600,13.4747074700,13.5651634300,13.3487152400,20016240,833680243.0000,0.418189,0.481800
2012-02-29,13.4294794900,13.1871867400,13.4391712000,13.1258059100,25646237,1049765237.0000,0.535814,-2.133800
2012-03-01,13.1484199000,13.0999613500,13.2776427000,13.0773473600,17749917,723342446.0000,0.370840,-0.661400
2012-03-02,13.1387281900,13.3261012500,13.3390235300,13.1387281900,21238550,870860573.0000,0.443726,1.726300
2012-03-05,13.3422541000,12.9545857000,13.3907126500,12.9416634200,35513935,1441936110.0000,0.741974,-2.787900
2012-03-06,12.9448939900,12.7413680800,12.9545857000,12.6735261100,40162666,1586289306.0000,0.839098,-1.645900
2012-03-07,12.6315287000,12.6444509800,12.8221323300,12.6089147100,21650016,851585765.0000,0.452323,-0.760600
2012-03-08,12.7058318100,12.8932048700,13.0385805200,12.7058318100,26888795,1073978278.0000,0.561774,1.967300
2012-03-09,12.9965831100,12.9448939900,13.0127359600,12.8124406200,13775886,550616241.0000,0.287813,0.400900
2012-03-12,12.9416634200,12.8512074600,12.9416634200,12.6315287000,24101661,952032317.0000,0.503544,-0.723700
2012-03-13,12.8350546100,13.1322670500,13.1354976200,12.8350546100,22512938,908771028.0000,0.470351,2.187000
2012-03-14,13.2453370000,12.8415157500,13.2905649800,12.7930572000,32263850,1300735128.0000,0.674072,-2.214000
2012-03-15,12.8092100500,12.7736737800,12.9836608300,12.7639820700,19604482,781101237.0000,0.409586,-0.528300
2012-03-16,12.8059794800,12.7736737800,12.8867437300,12.5346116000,22582074,885832232.0000,0.471796,0.000000
2012-03-19,12.7155235200,12.6024535700,12.7155235200,12.5023059000,25274406,984345806.0000,0.528045,-1.340400
2012-03-20,12.5669173000,12.5216893200,12.7122929500,12.5023059000,19862597,775517849.0000,0.414979,-0.640900
2012-03-21,12.6315287000,12.5766090100,12.6799872500,12.4215416500,17609077,685491666.0000,0.367897,0.438600
2012-03-22,12.6024535700,12.5830701500,12.6670649700,12.4409250700,13686538,531861832.0000,0.285946,0.051400
2012-03-23,12.5281504600,12.4118499400,12.5281504600,12.3375468300,15964835,612291221.0000,0.333545,-1.360700
2012-03-26,12.3795442400,12.3601608200,12.4409250700,12.2632437200,10879273,415824921.0000,0.227295,-0.416400
2012-03-27,12.4700002000,12.3795442400,12.4990753300,12.2793965700,19096733,731417735.0000,0.398978,0.156800
2012-03-28,12.3310856900,12.0758706600,12.3504691100,12.0371038200,22797022,858593636.0000,0.476286,-2.453000
2012-03-29,11.9886452700,11.7075856800,12.0500261000,11.6623577000,24979153,914966080.0000,0.521877,-3.049800
2012-03-30,11.7851193600,11.8174250600,11.8368084800,11.6720494100,19483204,709942488.0000,0.407053,0.938200
2012-04-05,11.8174250600,12.1986323200,12.2761660000,11.6752799800,28878271,1076687188.0000,0.603339,3.225800
2012-04-06,12.1954017500,12.3020105600,12.3860053800,12.1404820600,19232997,729717209.0000,0.401825,0.847500
2012-04-09,12.2050934600,12.1630960500,12.3084717000,12.0984846500,8465889,319807630.0000,0.176873,-1.129200
2012-04-10,12.1210986400,12.2987799900,12.3149328400,11.9369561500,12756779,477657130.0000,0.266521,1.115500
2012-04-11,12.1372514900,12.2438603000,12.3569302500,12.1146375000,14888632,564269434.0000,0.311061,-0.446500
2012-04-12,12.2567825800,12.6218369900,12.6573732600,12.1857100400,25236208,973939702.0000,0.527247,3.087100
2012-04-13,12.6702955400,12.8415157500,12.9384328500,12.6638344000,34289452,1364083088.0000,0.716392,1.740500
2012-04-16,12.7639820700,12.7542903600,12.8576686000,12.6638344000,10234169,404083835.0000,0.213817,-0.679200
2012-04-17,12.7445986500,12.5604561600,12.8059794800,12.5507644500,11996398,469252637.0000,0.250635,-1.519800
2012-04-18,12.6379898400,12.9190494300,12.9448939900,12.5927618600,21891067,869351209.0000,0.457359,2.854900
2012-04-19,12.8964354400,13.2485675700,13.4068655000,12.8608991700,56905543,2331285875.0000,1.188898,2.550600
2012-04-20,13.2130313000,13.3648680900,13.4068655000,13.1871867400,35207546,1453313665.0000,0.735573,0.877800
2012-04-23,13.3584069500,13.1258059100,13.5134743100,13.0773473600,27937810,1151790267.0000,0.583690,-1.788700
2012-04-24,13.0547333700,13.1774950300,13.5037826000,12.9868914000,42020021,1721290950.0000,0.877903,0.393800
2012-04-25,13.1484199000,13.1807256000,13.3390235300,13.0644250800,22478933,920170673.0000,0.469641,0.024500
2012-04-26,13.2421064300,13.3067178300,13.4391712000,13.2356452900,22400438,924361680.0000,0.468001,0.955900
2012-04-27,13.3099484000,13.1516504700,13.4068655000,13.0838085000,23419533,960478859.0000,0.489292,-1.165300
2012-05-02,13.4843991800,13.6233136900,13.7170002200,13.3874820800,36365345,1527200535.0000,0.759762,3.586300
2012-05-03,13.6297748300,13.9172955600,13.9625235400,13.6006997000,31863352,1364940644.0000,0.665705,2.157900
2012-05-04,13.8914510000,13.9172955600,14.0045209500,13.7654587700,26819798,1153548700.0000,0.560332,0.000000
2012-05-07,13.7622282000,13.5651634300,13.8429924500,13.4714769000,33230747,1400553446.0000,0.694273,-2.530200
2012-05-08,13.6265442600,13.4359406300,13.6620805300,13.3713292300,29373266,1225945909.0000,0.613681,-0.952600
2012-05-09,13.3261012500,13.3907126500,13.4585546200,13.2841038400,25938000,1075514907.0000,0.541909,-0.336600
2012-05-10,13.3745598000,13.3648680900,13.4617851900,13.3422541000,18233400,756210745.0000,0.380941,-0.193000
2012-05-11,13.3584069500,13.3034872600,13.5167048800,13.2130313000,17724017,732366216.0000,0.370299,-0.459300
2012-05-14,13.4100960700,13.1774950300,13.5263965900,12.9933525400,23924826,978054314.0000,0.499849,-0.947100
2012-05-15,13.2453370000,13.6297748300,13.6330054000,13.2453370000,47031366,1967590079.0000,0.982602,3.432200
2012-05-16,13.5683940000,13.3131789700,13.5910079900,13.2873344100,22180652,923956724.0000,0.463409,-2.322800
2012-05-17,13.3616375200,13.6976168000,13.7299225000,13.3293318200,29544634,1239888655.0000,0.617261,2.887600
2012-05-18,13.5587022900,13.3777903700,13.5587022900,13.2453370000,26236638,1088505776.0000,0.548149,-2.334900
2012-05-21,13.3131789700,13.4456323400,13.5877774200,13.3131789700,15580665,648974927.0000,0.325519,0.507100
2012-05-22,13.4973214600,13.7525364900,13.7622282000,13.4714769000,30048374,1267586285.0000,0.627785,2.282600
2012-05-23,13.6976168000,13.6362359700,13.7299225000,13.5037826000,23472616,991154903.0000,0.490401,-0.845700
2012-05-24,13.5716245700,13.5813162800,13.7848421900,13.5231660200,12527403,528260838.0000,0.261729,-0.402700
2012-05-25,13.5748551400,13.1322670500,13.6620805300,13.0515028000,22603948,932505815.0000,0.472253,-3.306400
2012-05-28,13.1064224900,13.2679509900,13.3099484000,12.9804302600,21509396,875621561.0000,0.449385,1.033200
2012-05-29,13.2744121300,13.6394665400,13.7622282000,13.1807256000,26023879,1089682968.0000,0.543704,2.800100
2012-05-30,13.6394665400,13.6491582500,13.7525364900,13.5748551400,18402378,778974803.0000,0.384471,0.071100
2012-05-31,13.5974691300,13.5328577300,13.6103914100,13.4650157600,17014739,713140321.0000,0.355480,-0.852100
2012-06-01,13.5360883000,13.6233136900,13.7266919300,13.5296271600,14294861,604801038.0000,0.298655,0.668400
2012-06-04,13.4714769000,13.1839561700,13.5457800100,13.1484199000,36666779,1509715039.0000,0.766060,-3.225000
2012-06-05,13.2291841500,13.1387281900,13.3261012500,13.0967307800,21314677,869045913.0000,0.445317,-0.343100
2012-06-06,13.2098007300,13.2453370000,13.3616375200,13.1904173100,15565706,640395778.0000,0.325206,0.811400
2012-06-07,13.4068655000,13.2711815600,13.6200831200,13.2130313000,15063533,625981312.0000,0.314715,0.195100
2012-06-08,13.5037826000,13.2776427000,13.5199354500,13.2291841500,26656238,1102711234.0000,0.556915,0.048700
2012-06-11,13.3810209400,13.6750028100,13.6814639500,13.3261012500,19408352,814977370.0000,0.405489,2.992700
2012-06-12,13.5910079900,13.7299225000,13.7783810500,13.5845468500,19819572,839561020.0000,0.414080,0.401600
2012-06-13,13.7363836400,14.6280209600,14.6861712200,13.7363836400,54293614,2409654611.0000,1.134329,6.541200
2012-06-14,14.6377126700,14.5795624100,14.7701660400,14.5181815800,34891006,1583032816.0000,0.728960,-0.331300
2012-06-15,14.6183292500,14.8800054200,15.0641479100,14.6183292500,39323991,1812596739.0000,0.821576,2.060700
2012-06-18,15.0156893600,14.8993888400,15.0867619000,14.7378603400,20114887,928630635.0000,0.420250,0.130300
2012-06-19,14.8606220000,14.8476997200,15.0544562000,14.8121634500,20279128,938135164.0000,0.423681,-0.346900
2012-06-20,14.8606220000,14.8735442800,15.0350727800,14.8444691500,13891949,641604885.0000,0.290237,0.174100
2012-06-21,14.7830883200,14.4632618900,14.7830883200,14.2985028200,27521340,1234013462.0000,0.574989,-2.758500
2012-06-25,14.3598836500,14.0659017800,14.4051116300,14.0432877900,18909716,831236799.0000,0.395071,-2.747400
2012-06-26,14.0497489300,14.2048162900,14.3598836500,13.9819069600,21178917,932215348.0000,0.442480,0.987600
2012-06-27,14.2048162900,14.2048162900,14.2048162900,14.2048162900,0,0.0000,,0.000000
2012-06-28,14.2145080000,14.4244950500,14.5698707000,14.2145080000,25344470,1134927218.0000,0.529509,1.546500
2012-06-29,14.3824976400,14.7766271800,14.9995365100,14.3760365000,33290737,1521515776.0000,0.695526,2.441200
2012-07-02,14.8929277000,14.8929277000,14.9123111200,14.6409432400,18592981,851036871.0000,0.388454,0.787100
2012-07-03,14.8929277000,14.7378603400,15.1190676000,14.6861712200,24308709,1122983251.0000,0.507869,-1.041200
2012-07-04,14.7669354700,14.5860235500,14.8380080100,14.5052593000,11049155,499825405.0000,0.230844,-1.030200
2012-07-05,14.4891064500,14.6506349500,14.7960106000,14.4180339100,14864410,668744298.0000,0.310554,0.443000
2012-07-06,14.7798577500,14.9381556800,15.0221505000,14.5860235500,33038165,1517030324.0000,0.690249,1.962500
2012-07-09,14.8573914300,14.7313992000,15.1352204500,14.6700183700,20836703,962394301.0000,0.435331,-1.384100
2012-07-10,14.7313992000,14.7055546400,14.9736919500,14.5666401300,16102497,735694463.0000,0.336421,-0.175400
2012-07-11,14.6021764000,14.7669354700,14.7960106000,14.5311038600,14338755,650864276.0000,0.299572,0.417400
2012-07-12,14.7313992000,14.5407955700,14.7313992000,14.3243473800,35104116,1577292031.0000,0.733412,-1.531400
2012-07-13,14.3889587800,14.5375650000,14.7313992000,14.3889587800,14877338,672160609.0000,0.310825,-0.022200
2012-07-16,14.6155413800,14.1542373400,14.6155413800,14.1152539000,20856297,915123963.0000,0.435740,-2.636900
2012-07-17,14.1314970000,14.3881379800,14.4238728000,14.0600273600,20801361,912292976.0000,0.434592,1.652500
2012-07-18,14.4303700400,14.3913866000,14.5700607000,14.0665246000,16654212,734187777.0000,0.347948,0.022600
2012-07-19,14.3426573000,14.9241602800,15.1060830000,14.2971766200,35300976,1615761269.0000,0.737525,3.702000
2012-07-20,14.8786796000,14.9339061400,14.9533978600,14.7519834200,18708427,855906518.0000,0.390866,0.065300
2012-07-23,14.7357403200,14.5505689800,14.7357403200,14.4563590000,17286797,776087256.0000,0.361164,-2.566900
2012-07-24,14.4368672800,14.5960496600,14.7487348000,14.4368672800,15740904,707539023.0000,0.328867,0.312600
2012-07-25,14.4596076200,14.5213314000,14.7422375600,14.4563590000,11238948,505485167.0000,0.234810,-0.511900
2012-07-26,14.5538176000,14.5213314000,14.8396961600,14.4563590000,16492337,742538462.0000,0.344566,0.000000
2012-07-27,14.6350331000,14.4531103800,14.6772651600,14.1314970000,24719249,1092836704.0000,0.516447,-0.469800
2012-07-30,14.4271214200,14.1672318200,14.5798065600,14.1347456200,15935878,700249541.0000,0.332940,-1.978000
2012-07-31,14.1672318200,14.3718948800,14.6577734400,14.1314970000,20982901,934470070.0000,0.438385,1.444600
2012-08-01,14.4271214200,14.6870110200,14.7422375600,14.3946352200,15461745,697046677.0000,0.323034,2.192600
2012-08-02,14.6512762000,14.5668120800,14.7422375600,14.4238728000,14692688,659389572.0000,0.306967,-0.818400
2012-08-03,14.5668120800,14.3101711000,14.5992982800,14.0990108000,22989002,1007850527.0000,0.480297,-1.761800
2012-08-06,14.2971766200,14.4888452000,14.5115855400,14.2711876600,14631067,648599981.0000,0.305679,1.248600
2012-08-07,14.4563590000,14.2679390400,14.4823479600,14.1964694000,18069267,794908672.0000,0.377512,-1.524700
2012-08-08,14.2809335200,14.4141269400,14.4336186600,14.2159611200,12718645,561573789.0000,0.265724,1.024600
2012-08-09,14.3101711000,14.5083369200,14.5180827800,14.2451987000,14239012,630526607.0000,0.297488,0.653600
2012-08-10,14.4563590000,14.5668120800,14.7065027400,14.4563590000,13709996,616938583.0000,0.286436,0.403000
2012-08-13,14.5505689800,13.6182150400,14.5538176000,13.5305023000,41444705,1780966720.0000,0.865883,-6.512000
2012-08-14,13.6182150400,13.5142592000,13.6766902000,13.2933530400,24576229,1016208128.0000,0.513459,-0.763400
2012-08-15,13.5142592000,13.4915188600,13.6279609000,13.4492868000,11192188,466583510.0000,0.233833,-0.168300
2012-08-16,13.4817730000,13.4882702400,13.5792316000,13.4005575000,8490582,353044801.0000,0.177389,-0.024100
2012-08-17,13.4655299000,13.5207564400,13.5467454000,13.3193420000,14250208,588279241.0000,0.297722,0.240800
2012-08-20,13.3518282000,13.3648226800,13.4492868000,13.1244248000,12715913,518433947.0000,0.265667,-1.153300
2012-08-21,13.3843144000,13.3388337200,13.5824802200,13.2608668400,14839704,612357737.0000,0.310038,-0.194500
2012-08-22,13.3453309600,13.2836071800,13.4492868000,13.1374192800,14641364,595758471.0000,0.305895,-0.414000
2012-08-23,13.2868558000,13.3290878600,13.3908116400,13.1926458200,14452394,592813418.0000,0.301946,0.342400
2012-08-24,13.3680713000,13.2771099400,13.4297950800,13.2316292600,11878532,486505159.0000,0.248172,-0.390000
2012-08-27,13.2673640800,12.6273859400,13.3128447600,12.6176400800,24556684,971097972.0000,0.513050,-4.893600
2012-08-28,12.6273859400,12.6306345600,12.8288003800,12.5559163000,12779813,498281528.0000,0.267002,0.025700
2012-08-29,12.5721594000,12.4844466600,12.6111428400,12.4324687400,10750322,414494394.0000,0.224601,-1.157400
2012-08-30,12.3122698000,12.7118500600,12.8482921000,12.3122698000,22526211,879957044.0000,0.470629,1.821496
2012-08-31,12.6728666200,12.6208887000,12.9295076000,12.5884025000,12995661,509109684.0000,0.271512,-0.715600
2012-09-03,12.5169328600,12.9457507000,13.0399606800,12.5136842400,19167647,761965764.0000,0.400460,2.574000
2012-09-04,12.9944800000,12.8093086600,13.0204689600,12.7540821200,10036469,398083040.0000,0.209687,-1.054000
2012-09-05,12.7768224600,12.7508335000,12.9554965600,12.7118500600,12155513,478991340.0000,0.253959,-0.456500
2012-09-06,12.8255517600,12.9360048400,13.0269662000,12.7963141800,9615674,381699358.0000,0.200895,1.452200
2012-09-07,13.1244248000,13.6604471000,13.8326239600,13.1244248000,40205115,1671411842.0000,0.839985,5.600200
2012-09-10,13.6766902000,13.6344581400,13.7611543200,13.5142592000,16195315,680194673.0000,0.338360,-0.190200
2012-09-11,13.5727343600,13.3908116400,13.5727343600,13.2966016600,13995333,577353425.0000,0.292397,-1.787000
2012-09-12,13.5467454000,13.3908116400,13.6766902000,13.3030989000,13384306,554101290.0000,0.279631,0.000000
2012-09-13,13.3908116400,13.2641154600,13.4330437000,13.2543696000,13544421,556022063.0000,0.282977,-0.946100
2012-09-14,13.4265464600,13.3290878600,13.5987233200,13.2543696000,19983968,826302886.0000,0.417515,0.489800
2012-09-17,13.2543696000,13.0042258600,13.4265464600,12.9944800000,15817025,641410224.0000,0.330457,-2.437200
2012-09-18,12.9132645000,13.0042258600,13.1146789400,12.7703252200,11393317,454682163.0000,0.238035,0.000000
2012-09-19,12.9977286200,13.1179275600,13.1504137600,12.9619938000,10492991,421523899.0000,0.219225,0.874300
2012-09-20,13.1081817000,12.9327562200,13.1081817000,12.9197617400,18721784,748104236.0000,0.391145,-1.411600
2012-09-21,12.8872755400,12.8580379600,13.0009772400,12.7670766000,10509783,416442280.0000,0.219576,-0.577700
2012-09-24,12.7735738400,13.0789441200,13.1276734200,12.6793638600,10467018,418219576.0000,0.218682,1.718000
2012-09-25,13.0594524000,13.1991430600,13.3908116400,13.0594524000,13825132,563952723.0000,0.288841,0.919000
2012-09-26,13.1567631000,13.1567631000,13.3002321400,13.1176351800,10248266,414546093.0000,0.214112,-0.321100
2012-09-27,13.1991516800,13.5773882400,13.7697671800,13.1991516800,25407016,1052444793.0000,0.530816,3.197000
2012-09-28,13.4502225000,13.6752080400,13.7143359600,13.4013126000,22546049,943154563.0000,0.471043,0.720500
2012-10-08,13.7143359600,13.5154357000,13.9458428200,13.4828291000,12027629,504857105.0000,0.251287,-1.168300
2012-10-09,13.5969522000,13.8088951000,13.9067149000,13.5969522000,17567486,744670982.0000,0.367028,2.171300
2012-10-10,13.7599852000,13.7599852000,13.8251984000,13.6947720000,8483187,358373315.0000,0.177235,-0.354200
2012-10-11,13.6947720000,13.5773882400,13.6947720000,13.5121750400,9508178,396414529.0000,0.198649,-1.327000
2012-10-12,13.6882506800,13.5349996600,13.8545443400,13.4893504200,11623820,485963066.0000,0.242851,-0.312200
2012-10-15,13.6262981400,13.6034735200,13.7925918000,13.5186963600,7305898,305704465.0000,0.152638,0.505900
2012-10-16,13.6034735200,13.6165161600,13.7730278400,13.5447816400,9364400,392888934.0000,0.195646,0.095900
2012-10-17,13.6947720000,13.5447816400,13.6947720000,13.3687060000,13076530,542950865.0000,0.273201,-0.526800
2012-10-18,13.5317390000,13.6262981400,13.6849900200,13.3719666600,17518535,725676930.0000,0.366006,0.601800
2012-10-19,13.5806489000,13.6947720000,13.6947720000,13.5806489000,9161206,383862918.0000,0.191400,0.502510
2012-10-22,13.6295588000,13.7665065200,13.7828098200,13.6067341800,10904098,459292820.0000,0.227814,0.523800
2012-10-23,13.8154164200,13.6165161600,13.8512836800,13.5676062600,9835520,412484950.0000,0.205488,-1.089500
2012-10-24,13.5773882400,13.5904308800,13.7012933200,13.5252176800,8912570,372150236.0000,0.186206,-0.191600
2012-10-25,13.5806489000,13.3165354400,13.6621654000,13.2937108200,12843360,529876705.0000,0.268330,-2.015400
2012-10-26,13.3230567600,12.9578628400,13.3850093000,12.8633037000,14748204,589547514.0000,0.308127,-2.693400
2012-10-29,12.9056922800,12.4100719600,12.9382988800,12.2600816000,34008844,1310110765.0000,0.710529,-4.227500
2012-10-30,12.4557212000,12.5470196800,12.7035313600,12.4557212000,21917167,847663569.0000,0.457904,1.103500
2012-10-31,12.6383181600,12.6513608000,12.6970100400,12.5209344000,10140528,392339834.0000,0.211861,0.831600
2012-11-01,12.6513608000,12.8241757800,12.9774268000,12.5861476000,39884199,1561850926.0000,0.833280,1.366000
2012-11-02,12.7263559800,12.7328773000,12.8339577600,12.5959295800,28174428,1097483238.0000,0.588634,-0.711900
2012-11-05,12.7165740000,12.6383181600,12.7654839000,12.4850671400,26609362,1027489602.0000,0.555936,-0.742600
2012-11-06,12.6350575000,12.7622232400,12.7948298400,12.4948491200,21302246,826047113.0000,0.445057,0.980400
2012-11-07,12.7622232400,12.6904887200,12.7622232400,12.6220148600,13419600,522278932.0000,0.280369,-0.562100
2012-11-08,12.5861476000,12.5894082600,12.7263559800,12.5633229800,16749294,648981156.0000,0.349934,-0.796500
2012-11-09,12.5698443000,12.5894082600,12.6383181600,12.5307163800,8162360,314720118.0000,0.170532,0.000000
2012-11-12,12.5959295800,12.4557212000,12.6317968400,12.3513800800,17485156,667309197.0000,0.365308,-1.061900
2012-11-13,12.4589818600,12.2535602800,12.4589818600,12.2274750000,12771795,481633895.0000,0.266835,-1.623000
2012-11-14,12.2763849000,12.3350767800,12.4068113000,12.2307356600,11549374,437176627.0000,0.241295,0.665200
2012-11-15,12.2926882000,12.3155128200,12.4818064800,12.2437783000,19779809,749813686.0000,0.413249,-0.158600
2012-11-16,12.2926882000,12.0937879400,12.3285554600,11.9764041800,16040754,595121917.0000,0.335131,-1.800400
2012-11-19,12.0416173800,11.8981483400,12.0774846400,11.2818836000,39350411,1410529885.0000,0.822128,-1.617700
2012-11-20,11.8296744800,11.5199117800,11.8329351400,11.4449166000,28155042,1000884503.0000,0.588229,-3.179000
2012-11-21,11.5101298000,11.8818450400,11.9014090000,11.5101298000,17475636,627328832.0000,0.365109,3.141800
2012-11-22,11.8264138200,11.9014090000,11.9177123000,11.7416366600,11062312,400940093.0000,0.231119,0.164700
2012-11-23,11.9242336200,12.1035699200,12.3383374400,11.8851057000,17513428,652016995.0000,0.365899,1.698600
2012-11-26,12.0774846400,12.0644420000,12.1394371800,11.9992288000,9098975,337023692.0000,0.190100,-0.323300
2012-11-27,12.0416173800,11.8133711800,12.1133519000,11.7872859000,13345263,488331060.0000,0.278816,-2.081100
2012-11-28,11.7807645800,11.6796841200,11.7938072200,11.6079496000,11952384,428744070.0000,0.249715,-1.131700
2012-11-29,11.6438168600,11.6340348800,11.7709826000,11.5916463000,11271531,404014375.0000,0.235490,-0.390800
2012-11-30,11.5981676200,11.8948876800,12.0285747400,11.5981676200,13137846,477398967.0000,0.274482,2.242200
2012-12-03,11.8688024000,11.9437975800,12.2926882000,11.8427171200,21681916,804512926.0000,0.452989,0.411200
2012-12-04,11.9698828600,12.1916077400,12.2829062200,11.9698828600,23192468,865541778.0000,0.484548,2.074800
2012-12-05,12.1785651000,12.6904887200,12.7687445600,12.1785651000,37833366,1460588250.0000,0.790433,4.092000
2012-12-06,12.6741854200,12.6839674000,12.8241757800,12.5861476000,20883709,813257082.0000,0.436313,-0.051400
2012-12-07,12.6448394800,12.8176544600,12.8698250200,12.5307163800,28115181,1101491558.0000,0.587396,1.054000
2012-12-10,12.8796070000,13.0393793400,13.1665450800,12.8796070000,31565980,1259664988.0000,0.659492,1.729800
2012-12-11,13.0067727400,12.9774268000,13.1013318800,12.9285169000,21425859,854600165.0000,0.447639,-0.475100
2012-12-12,12.9806874600,13.0035120800,13.0752466000,12.8600430400,17711023,704544642.0000,0.370027,0.201000
2012-12-13,12.9709054800,12.6709247600,12.9709054800,12.6350575000,23370652,918412335.0000,0.488271,-2.557700
2012-12-14,12.7133133400,13.6817293600,13.7599852000,12.7133133400,54804940,2252954479.0000,1.145011,7.977400
2012-12-17,13.6817293600,13.8610656600,14.0208380000,13.6556440800,37027297,1570591678.0000,0.773592,1.310800
2012-12-18,13.8251984000,13.7534638800,14.0925725200,13.6654260600,29215574,1240044408.0000,0.610386,-0.776300
2012-12-19,13.7110753000,13.6197768200,13.8578050000,13.5317390000,22721518,954376024.0000,0.474709,-0.972000
2012-12-20,13.5806489000,13.7795491600,13.8578050000,13.5317390000,17918215,753309745.0000,0.374356,1.173100
2012-12-21,13.8317197200,13.8219377400,14.1349611000,13.7273786000,21640282,922664530.0000,0.452119,0.307600
2012-12-24,13.4697864600,13.7338999200,13.7860704800,13.4045732600,30131331,1260087780.0000,0.629518,-0.636900
2012-12-25,13.6230374800,14.0208380000,14.2229989200,13.6002128600,45171417,1938747155.0000,0.943743,2.089300
2012-12-26,14.0240986600,14.1708283600,14.3110367400,13.9914920600,25546284,1110470602.0000,0.533725,1.069800
2012-12-27,14.2621268400,14.0958331800,14.3469040000,14.0371413000,18872597,817959179.0000,0.394295,-0.529200
2012-12-28,14.1806103400,14.2849514600,14.3632073000,13.9914920600,23385669,1018806453.0000,0.488585,1.341700
2012-12-31,14.3469040000,14.7675291400,14.9501261000,14.3469040000,32981463,1491927959.0000,0.689065,3.378200
2013-01-04,15.2305428600,15.3609692600,16.2413474600,15.1294624000,58713483,2794285589.0000,1.226671,4.018500
2013-01-07,15.3609692600,15.3968365200,15.5142202800,15.1881542800,28328430,1335455736.0000,0.591851,0.233500
2013-01-08,15.3707512400,14.8229603600,15.4261824600,14.7088372600,47143884,2159078541.0000,0.984953,-3.727200
2013-01-09,14.6892733000,14.6957946200,14.7870931000,14.4903730400,40820846,1833110551.0000,0.852849,-0.857900
2013-01-10,14.7251405600,14.6697093400,14.9599080800,14.6110174600,27237272,1233105315.0000,0.569054,-0.177500
2013-01-11,14.6990552800,14.4871123800,14.7838324400,14.4186385200,22861665,1024592045.0000,0.477637,-1.244700
2013-01-14,14.4936337000,15.2827134200,15.3283626600,14.4414631400,38876230,1779354469.0000,0.812221,5.491800
2013-01-15,15.2892347400,15.3185806800,15.6348647000,15.2338035200,42006866,1986075044.0000,0.877628,0.234700
2013-01-16,15.2761921000,14.9827327000,15.2761921000,14.6729700000,28925857,1325087546.0000,0.604333,-2.192400
2013-01-17,14.9273014800,14.6990552800,14.9729507200,14.6077568000,24705458,1117013789.0000,0.516158,-1.893400
2013-01-18,14.7903537600,15.1457657000,15.2859740800,14.6534060400,25987554,1194583893.0000,0.542945,3.039000
2013-01-21,15.0968558000,14.9240408200,15.1457657000,14.7707898000,23426222,1072127125.0000,0.489432,-1.463900
2013-01-22,14.9273014800,15.0707705200,15.4490070800,14.8457849800,40469331,1888244409.0000,0.845505,0.983200
2013-01-23,15.0642492000,15.1425050400,15.3022773800,14.9696900600,23513514,1089687855.0000,0.491256,0.476000
2013-01-24,15.1979362600,15.1751116400,15.6446466800,15.0870738200,45815323,2159807626.0000,0.957196,0.215300
2013-01-25,15.1816329600,14.8653489400,15.2924954000,14.6762306600,26519070,1216359821.0000,0.554049,-2.041300
2013-01-28,14.8033964000,15.2142395600,15.3740119000,14.7707898000,47375908,2197146304.0000,0.989801,2.347000
2013-01-29,15.3577086000,15.2338035200,15.5403055600,14.9370834600,40676264,1905912377.0000,0.849828,0.128600
2013-01-30,15.4294431200,15.5142202800,15.8435469400,15.3120593600,55516988,2660551859.0000,1.159888,1.840800
2013-01-31,15.5794334800,15.7229025200,15.8142010000,15.4033578400,54176028,2601389509.0000,1.131872,1.345100
2013-02-01,15.6544286600,16.5543708200,16.6554512800,15.5207416000,110589937,5485863059.0000,2.310499,5.288300
2013-02-04,17.0499911400,16.7891383400,17.3695358200,16.6293660000,94964472,4943605455.0000,1.984044,1.418200
2013-02-05,16.5315462000,16.5152429000,16.7923990000,16.2511294400,42794570,2167432497.0000,0.894085,-1.631400
2013-02-06,16.6000200600,17.2097634800,17.3630145000,16.5967594000,48598849,2555428242.0000,1.015351,4.205300
2013-02-07,17.0891190600,17.1119436800,17.3075832800,16.7206644800,47137467,2460549223.0000,0.984819,-0.568400
2013-02-08,17.0793370800,16.9195647400,17.2065028200,16.6098020400,30815640,1599329753.0000,0.643815,-1.124200
2013-02-18,16.9717353000,16.1533096400,17.0369485000,16.0946177600,42748753,2149762947.0000,0.893128,-4.528800
2013-02-19,16.1565703000,15.9054994800,16.2185228400,15.6479073400,45534906,2209322027.0000,0.951337,-1.534100
2013-02-20,15.8794142000,15.9054994800,15.9674520200,15.6609499800,26191653,1268412120.0000,0.547209,0.000000
2013-02-21,15.6609499800,15.2403248400,15.6837746000,14.9599080800,53822724,2518578155.0000,1.124491,-4.182000
2013-02-22,15.1620690000,14.9859933600,15.2272822000,14.9338228000,20476539,946281304.0000,0.427806,-1.668800
2013-02-25,15.0903344800,14.9370834600,15.3348839800,14.7707898000,22512603,1033440799.0000,0.470344,-0.326400
2013-02-26,14.7805717800,14.6631880200,15.1066377800,14.6240601000,42680097,1942069450.0000,0.891693,-1.833700
2013-02-27,14.7544865000,14.7381832000,14.9990360000,14.6729700000,31344636,1424719052.0000,0.654867,0.511500
2013-02-28,14.9175195000,15.3479266200,15.3544479400,14.7381832000,52286076,2426699019.0000,1.092386,4.137200
2013-03-01,15.3479266200,14.9827327000,15.3740119000,14.7055766000,47742744,2197137935.0000,0.997465,-2.379400
2013-03-04,14.6729700000,13.9164968800,14.7381832000,13.7273786000,80587240,3487465176.0000,1.683668,-7.116400
2013-03-05,14.0045347000,14.3306007000,14.3795106000,13.8154164200,48319082,2088374527.0000,1.009506,2.975600
2013-03-06,14.4447238000,14.5164583200,14.5621075600,14.3175580600,46295749,2052847082.0000,0.967233,1.296900
2013-03-07,14.3469040000,14.2197382600,14.4088565400,14.0045347000,32442239,1416654048.0000,0.677799,-2.044000
2013-03-08,14.2914727800,14.3208187200,14.4968943600,14.1480037400,29024344,1272216171.0000,0.606391,0.710800
2013-03-11,14.2556055200,14.0860512000,14.3958139000,14.0469232800,35494948,1547103046.0000,0.741578,-1.639300
2013-03-12,14.0567052600,14.1023545000,14.3045154200,13.9556248000,45213154,1955580998.0000,0.944615,0.115700
2013-03-13,14.0860512000,13.9001935800,14.1349611000,13.8382410400,29128217,1248979577.0000,0.608561,-1.433500
2013-03-14,13.9458428200,13.9491034800,14.0273593200,13.8023737800,22549023,961661490.0000,0.471105,0.351900
2013-03-15,13.6980326600,13.6686867200,14.2816908000,13.5513029600,42304753,1799505043.0000,0.883851,-2.010300
2013-03-18,13.5317390000,13.2480615800,13.6686867200,13.2317582800,36168766,1485986432.0000,0.755655,-3.077300
2013-03-19,13.2611042200,13.5610849400,13.5741275800,13.2611042200,22498867,926758784.0000,0.470057,2.362800
2013-03-20,13.5480423000,14.0501839400,14.1056151600,13.5447816400,37051930,1585396096.0000,0.774107,3.606600
2013-03-21,14.0501839400,14.0730085600,14.2393022200,13.9947527200,23363984,1010336128.0000,0.488132,0.162400
2013-03-22,14.0860512000,14.0567052600,14.2425628800,13.9980133800,21663552,936558528.0000,0.452605,-0.115800
2013-03-25,14.1936529800,13.9686674400,14.2784301400,13.8610656600,19585073,844404352.0000,0.409181,-0.626300
2013-03-26,13.9067149000,13.6947720000,14.0012740400,13.6915113400,37432000,1585416832.0000,0.782048,-1.960800
2013-03-27,13.7599852000,13.7371605800,13.9393215000,13.7143359600,26231433,1113100032.0000,0.548040,0.309500
2013-03-28,13.4013126000,13.3850093000,13.4176159000,13.0426400000,37070087,1515292032.0000,0.774486,-2.563500
2013-03-29,13.3947912800,13.6197768200,13.7241179400,13.2219763000,18215469,746665728.0000,0.380566,1.754000
2013-04-01,13.4567438200,13.3654453400,13.5447816400,13.3295780800,25089494,1030421056.0000,0.524182,-1.867400
2013-04-02,13.2937108200,13.2154549800,13.5154357000,13.1274171600,26957786,1100214784.0000,0.563215,-1.122200
2013-04-03,13.2382796000,13.2904501600,13.4860897600,13.2056730000,20246771,827290112.0000,0.423005,0.567500
2013-04-08,13.0426400000,13.0426400000,13.1241565000,12.8078724800,46340966,1843481472.0000,0.968178,-1.864600
2013-04-09,13.0915499000,13.4143552400,13.4795684400,13.0882892400,45543116,1858032384.0000,0.951509,2.850000
2013-04-10,13.4013126000,13.4273978800,13.5871702200,13.3132747800,37672668,1558442240.0000,0.787076,0.097200
2013-04-11,13.4828291000,13.4437011800,13.6882506800,13.3850093000,16864634,701093952.0000,0.352344,0.121400
2013-04-12,13.4339192000,13.4176159000,13.5447816400,13.3687060000,11529113,475648864.0000,0.240872,-0.194029
2013-04-15,13.3850093000,13.2089336600,13.5121750400,13.1698057400,16532950,674594048.0000,0.345414,-1.555300
2013-04-16,13.0459006600,13.5415209800,13.5447816400,13.0198153800,25035017,1024555200.0000,0.523044,2.517898
2013-04-17,13.5480423000,13.6328194600,13.6849900200,13.4665258000,39149547,1635908736.0000,0.817931,0.674200
2013-04-18,13.5317390000,13.7795491600,13.7991131200,13.4828291000,30663629,1286138368.0000,0.640639,1.076300
2013-04-19,13.7925918000,13.9882314000,14.0534446000,13.7925918000,56854870,2432912640.0000,1.187840,1.514442
2013-04-22,13.8251984000,13.6784687000,13.8708476400,13.6458621000,31786381,1342350976.0000,0.664097,-2.214500
2013-04-23,13.7306392600,13.0165547200,13.7436819000,12.9969907600,36657677,1482881792.0000,0.765870,-4.839100
2013-04-24,13.0589433000,13.1665450800,13.4176159000,13.0100334000,33627614,1359322880.0000,0.702564,1.152300
2013-04-25,13.1698057400,13.0882892400,13.3034928000,12.9546021800,22794997,914544384.0000,0.476244,-0.594400
2013-04-26,13.1241565000,12.9806874600,13.1763270600,12.9643841600,18863711,753781248.0000,0.394110,-0.822118
2013-05-02,13.0426400000,13.0524219800,13.2219763000,13.0132940600,20910266,840357568.0000,0.436867,0.552600
2013-05-03,13.1404598000,13.3980519400,13.5154357000,13.1078532000,32882502,1348970496.0000,0.686997,2.648018
2013-05-06,13.5154357000,13.5415209800,13.6915113400,13.4013126000,27369226,1137589120.0000,0.571811,1.070800
2013-05-07,13.4991324000,13.4730471200,13.6067341800,13.4176159000,19021849,787990144.0000,0.397414,-0.505700
2013-05-08,13.5741275800,13.5904308800,13.7599852000,13.5252176800,24775242,1034719744.0000,0.517616,0.871200
2013-05-09,13.6262981400,13.4045732600,13.6393407800,13.3393600600,20997851,865838336.0000,0.438697,-1.367600
2013-05-10,13.3230567600,13.4013126000,13.5056537200,13.3002321400,19522736,802355904.0000,0.407879,-0.024300
2013-05-13,13.3197961000,13.1045925400,13.3947912800,13.0426400000,25170479,1017121024.0000,0.525874,-2.214100
2013-05-14,13.0426400000,12.7296166400,13.0426400000,12.6350575000,47111923,1846386048.0000,0.984285,-2.861400
2013-05-15,12.7589625800,12.6154935400,12.8046118200,12.5046311000,32587356,1259083264.0000,0.680831,-0.896500
2013-05-16,12.6057115600,12.9969907600,13.0426400000,12.5274557200,30963956,1221551488.0000,0.646914,3.024000
2013-05-17,13.0035120800,13.1893697000,13.2578435600,12.9513415200,33990636,1365271936.0000,0.710149,1.480200
2013-05-20,13.2681957800,13.4225917200,13.5802726800,13.2287755400,32404166,1323470336.0000,0.677004,1.768400
2013-05-21,13.4357318000,13.3207561000,13.5112872600,13.2090654200,24493908,995129088.0000,0.511739,-0.758691
2013-05-22,13.3207561000,13.3338961800,13.4652969800,13.2386306000,16396047,666845376.0000,0.342554,0.098600
2013-05-23,13.3043310000,12.9692589600,13.3043310000,12.9659739400,31888053,1270369664.0000,0.666221,-2.734700
2013-05-24,13.0710945800,13.0053941800,13.1400800000,12.8444282000,22211836,877411392.0000,0.464060,0.278600
2013-05-27,12.9791140200,12.9659739400,13.1203698800,12.9166986400,17261047,683649216.0000,0.360626,-0.303100
2013-05-28,12.9758290000,13.3766014400,13.4028816000,12.9265537000,34407106,1379016576.0000,0.718850,3.167000
2013-05-29,13.4225917200,13.2189204800,13.4882921200,13.1959253400,33040795,1342168064.0000,0.690304,-1.178800
2013-05-30,13.1696451800,13.1335099600,13.2879059000,13.0678095600,24605238,986420416.0000,0.514065,-0.646100
2013-05-31,13.1729302000,13.0119642200,13.2484856600,12.9988241400,18514341,739504128.0000,0.386811,-0.925460
2013-06-03,13.0218192800,13.0185342600,13.1729302000,12.9725439800,21033662,834589120.0000,0.439446,0.050500
2013-06-04,13.0218192800,12.8575682800,13.0251043000,12.7984379200,21193864,830327040.0000,0.442793,-1.236400
2013-06-05,12.8641383200,12.8411431800,12.9002735400,12.7721577600,13036943,508968448.0000,0.272374,-0.127700
2013-06-06,12.8017229400,12.6900322600,12.8280031000,12.6571820600,17561769,680622784.0000,0.366909,-1.176800
2013-06-07,12.6900322600,12.4173756000,12.7524476400,12.4009505000,23726804,906185472.0000,0.495712,-2.148600
2013-06-13,12.2498395800,11.9870379800,12.2498395800,11.9246226000,69556313,2562483712.0000,1.453204,-3.465600
2013-06-14,12.1085837200,12.1085837200,12.1512889800,12.0198881800,36941849,1361277312.0000,0.771807,1.014000
2013-06-17,12.2202744000,12.3451051600,12.4338007000,12.1151537600,31914826,1192731520.0000,0.666780,1.953300
2013-06-18,12.3385351200,12.5422063600,12.5652015000,12.3221100200,39695453,1506128768.0000,0.829337,1.596600
2013-06-19,12.4929310600,12.3910954400,12.4929310600,12.3385351200,39116502,1476570752.0000,0.817241,-1.204800
2013-06-20,12.3516752000,11.9509027600,12.3516752000,11.9180525600,29369460,1081139840.0000,0.613601,-3.552500
2013-06-21,11.7932218000,12.1907092200,12.3155399800,11.7110963000,34347751,1258891904.0000,0.717610,2.006600
2013-06-24,12.0231732000,11.3333190000,12.0395983000,11.3234639400,47483705,1671782400.0000,0.992053,-7.033100
2013-06-25,11.2938987600,11.3727392400,11.4450096800,10.6763150000,51536951,1738755072.0000,1.076735,0.347800
2013-06-26,11.3760242600,11.3398890400,11.3990194000,10.9424016200,37116892,1254200320.0000,0.775464,-0.288900
2013-06-27,11.2676186000,11.2971837800,11.4252995600,11.0540923000,33313687,1139695232.0000,0.696006,-0.376600
2013-06-28,11.1690680000,11.4187295200,11.6585359800,11.1099376400,26405625,914313600.0000,0.551679,1.075900
2013-07-01,11.3004688000,11.3333190000,11.3727392400,11.0081020200,22136553,754669952.0000,0.462488,-0.748000
2013-07-02,11.2938987600,11.3070388400,11.3333190000,11.0705174000,26967307,918626624.0000,0.563414,-0.231900
2013-07-03,11.2183433000,11.1723530200,11.2183433000,11.0048170000,24214777,818103488.0000,0.505907,-1.191200
2013-07-04,11.0573773200,11.2446234600,11.2774736600,10.9719668000,30184604,1026072256.0000,0.630631,0.646900
2013-07-05,11.2610485600,11.3366040200,11.3661692000,11.1756380400,29034272,996044672.0000,0.606598,0.818000
2013-07-08,11.1690680000,11.1592129400,11.1986331800,11.0048170000,25654448,866577152.0000,0.535985,-1.564800
2013-07-09,11.1066526200,11.0836574800,11.1526429000,11.0376672000,11750489,396751488.0000,0.245497,-0.677100
2013-07-10,11.0475222600,11.2807586800,11.2873287200,10.8668461600,38907868,1312675200.0000,0.812882,1.778300
2013-07-11,11.3004688000,11.9049124800,12.2564096200,11.2610485600,71012116,2540619008.0000,1.483620,5.532900
2013-07-12,11.8786323200,11.5008550200,11.8786323200,11.4975700000,40838187,1453146880.0000,0.853211,-3.394000
2013-07-15,11.5961206000,11.5764104800,11.9081975000,11.4581497600,33752657,1198658304.0000,0.705177,0.657000
2013-07-16,11.5304202000,11.5008550200,11.5928355800,11.3727392400,22238579,776350784.0000,0.464619,-0.652700
2013-07-17,11.5139951000,11.2938987600,11.5796955000,11.2807586800,24350861,847230720.0000,0.508750,-1.799500
2013-07-18,11.1887781200,11.0146720600,11.2643335800,11.0048170000,25507755,859679040.0000,0.532920,-2.472400
2013-07-19,11.0179570800,10.9686817800,11.1624979600,10.7321603400,40416334,1342264832.0000,0.844398,-0.417500
2013-07-22,10.8175708600,10.9686817800,11.0048170000,10.7518704600,30121053,993681152.0000,0.629304,0.000000
2013-07-23,10.9719668000,11.1066526200,11.2511935000,10.8931263200,37166598,1256995584.0000,0.776503,1.257900
2013-07-24,11.0048170000,10.8307109400,11.0573773200,10.7354453600,37807870,1248824704.0000,0.789900,-2.484500
2013-07-25,10.8734162000,10.7387303800,10.9456866400,10.7255903000,32049761,1054219136.0000,0.669599,-0.849300
2013-07-26,10.6763150000,10.7091652000,10.7453004200,10.5252040800,37655592,1217043200.0000,0.786719,-0.275300
2013-07-29,10.5843344400,10.5383441600,10.6566048800,10.4102283800,38287450,1226199168.0000,0.799920,-1.595100
2013-07-30,10.4956389000,10.5547692600,10.7321603400,10.4792138000,35770771,1154109312.0000,0.747340,0.155900
2013-07-31,10.6106146000,10.5383441600,10.7255903000,10.5054939600,27732879,894872128.0000,0.579409,-0.155600
2013-08-01,10.5679093400,10.7288753200,10.7715805800,10.5481992200,31279122,1016547328.0000,0.653499,1.808000
2013-08-02,10.8011457600,10.6171846400,10.8537060800,10.6106146000,25865357,843921024.0000,0.540392,-1.041000
2013-08-05,10.6566048800,10.8372809800,10.8405660000,10.5876194600,29746186,970679040.0000,0.621472,2.073000
2013-08-06,10.8307109400,10.8405660000,10.9259765200,10.6763150000,32981243,1084263424.0000,0.689060,0.030300
2013-08-07,10.8011457600,10.7715805800,10.9489716600,10.7420154000,30375664,1003169024.0000,0.634623,-0.636400
2013-08-08,10.7584405000,10.8110008200,10.9621117400,10.7058801800,20401251,672838528.0000,0.426233,0.366000
2013-08-09,10.8898413000,10.8471360400,10.9226915000,10.7354453600,17799931,586681728.0000,0.371885,0.334200
2013-08-12,10.9194064800,11.3366040200,11.3464590800,10.8734162000,50822107,1724531968.0000,1.061800,4.512400
2013-08-13,11.4154445000,11.4417246600,11.5369902400,11.3168939000,38360758,1337022592.0000,0.801452,0.927300
2013-08-14,11.4154445000,11.4581497600,11.6848161400,11.4023044200,36919160,1299436672.0000,0.771333,0.143600
2013-08-15,11.4055894400,11.3825943000,11.6092606800,11.3661692000,23147992,809020288.0000,0.483619,-0.659400
2013-08-16,11.3333190000,11.2971837800,11.9706128800,11.1362178000,65188888,2293604864.0000,1.361958,-0.750400
2013-08-19,11.1854931000,11.3464590800,11.3924493600,11.0573773200,35295982,1205377792.0000,0.737421,0.436200
2013-08-20,11.2709036200,11.2347684000,11.5369902400,11.1690680000,29167495,1007540544.0000,0.609382,-0.984400
2013-08-21,11.2511935000,11.2511935000,11.3858793200,11.1263627400,17938691,614730048.0000,0.374784,0.146200
2013-08-22,11.2150582800,11.2052032200,11.4121594800,11.2019182000,19826932,681739136.0000,0.414234,-0.408800
2013-08-23,11.3201789200,11.0967975600,11.3333190000,10.9719668000,25212293,855945600.0000,0.526747,-0.967500
2013-08-26,11.1559279200,11.3201789200,11.3694542200,11.0409522200,25913879,886728320.0000,0.541405,2.013000
2013-08-27,11.3168939000,11.2709036200,11.3201789200,11.1920631400,19473252,667766080.0000,0.406845,-0.435300
2013-08-28,11.1624979600,11.0672323800,11.1920631400,11.0113870400,28238756,953353792.0000,0.589978,-1.807100
2013-08-29,11.1427878400,11.0935125400,11.1986331800,11.0212421000,17236378,581781760.0000,0.360111,0.237500
2013-08-30,11.2019182000,11.4515797200,11.6716760600,11.1854931000,58628339,2048316800.0000,1.224892,3.227700
2013-09-02,11.4975700000,11.5501303200,11.7143813200,11.4975700000,47681490,1683714048.0000,0.996185,0.860600
2013-09-03,11.6224007600,11.8523521600,11.8950574200,11.6092606800,49621837,1781200384.0000,1.036724,2.616600
2013-09-04,11.8523521600,11.7373764600,11.8589222000,11.6979562200,27804130,996799872.0000,0.580897,-0.970100
2013-09-05,11.7603716000,11.7439465000,11.8457821200,11.6946712000,22316883,799020736.0000,0.466255,0.056000
2013-09-06,11.6946712000,11.7505165400,11.8326420400,11.6519659400,26352713,941919232.0000,0.550574,0.055900
2013-09-09,11.7636566200,12.3549602200,12.4797909800,11.7636566200,93337527,3471564544.0000,1.950053,5.144000
2013-09-10,12.4837524000,12.6026452800,12.6257633400,12.3780698400,48363464,1829668096.0000,1.010433,2.004800
2013-09-11,12.7644717000,12.5828298000,13.1442684000,12.5762246400,68142576,2651649664.0000,1.423668,-0.157200
2013-09-12,12.5498040000,12.7611691200,13.0451910000,12.3912801600,73927591,2843784400.0000,1.544531,1.417300
2013-09-13,12.6686968800,12.4177008000,12.8074052400,12.3945827400,49504275,1880734864.0000,1.034267,-2.691500
2013-09-16,12.5663169000,12.5299885200,12.6356710800,12.3186234000,38072124,1437206784.0000,0.795421,0.904300
2013-09-17,12.5167782000,12.4771472400,12.9163903800,12.4177008000,56553179,2171413520.0000,1.181537,-0.421700
2013-09-18,12.4507266000,12.4474240200,12.6059478600,12.4143982200,27910578,1054772032.0000,0.583121,-0.238200
2013-09-23,12.5299885200,12.6125530200,12.7182355800,12.5101730400,29077997,1109720864.0000,0.607512,1.326600
2013-09-24,12.5498040000,12.1898227800,12.5828298000,12.0544170000,44321492,1648410448.0000,0.925986,-3.351700
2013-09-25,12.1567969800,12.1237711800,12.2822950200,12.0511144200,22242313,817021712.0000,0.464697,-0.541900
2013-09-26,12.0544170000,11.7571848000,12.0544170000,11.7208564200,35854494,1284634224.0000,0.749090,-3.023700
2013-09-27,11.7604873800,11.8265389800,11.8826828400,11.7505796400,20885096,746720096.0000,0.436342,0.589900
2013-09-30,11.8694725200,11.7902106000,11.9388267000,11.7406719000,19554519,700921328.0000,0.408543,-0.307200
2013-10-08,11.6944357800,11.8595647800,11.9223138000,11.6481996600,28517699,1019089328.0000,0.595806,0.588200
2013-10-09,11.8067235000,11.9487344400,11.9916679800,11.7241590000,28220390,1015845264.0000,0.589594,0.751900
2013-10-10,11.9883654000,11.7439744800,11.9949705600,11.6779228800,27721252,991499584.0000,0.579166,-1.713700
2013-10-11,11.8397493000,12.0213912000,12.0246937800,11.7869080200,38754486,1401284528.0000,0.809678,2.362200
2013-10-14,12.0379041000,12.1898227800,12.3615569400,11.9190112200,48790391,1795003168.0000,1.019353,1.401100
2013-10-15,12.2195460000,12.1700073000,12.2525718000,12.0907453800,25621188,943602496.0000,0.535290,-0.162600
2013-10-16,12.1600995600,11.8430518800,12.1600995600,11.7571848000,29400191,1058521152.0000,0.614243,-2.686600
2013-10-17,11.9355241200,11.7505796400,11.9619447600,11.7439744800,16201322,580860800.0000,0.338486,-0.780800
2013-10-18,11.7670925400,11.7935131800,11.9190112200,11.7340667400,20325378,727460016.0000,0.424648,0.365400
2013-10-21,11.7902106000,11.9289189600,11.9619447600,11.6581074000,28549475,1021574704.0000,0.596470,1.148100
2013-10-22,11.8892880000,11.7703951200,11.9091034800,11.7175538400,25813737,920862320.0000,0.539313,-1.328900
2013-10-23,11.8034209200,11.7604873800,11.9850628200,11.7208564200,30836229,1106668272.0000,0.644246,-0.084200
2013-10-24,11.7439744800,11.5557274200,11.7439744800,11.5425171000,26711460,938648496.0000,0.558069,-1.741100
2013-10-25,11.6085687000,11.6448970800,11.7043435200,11.4896758200,30346280,1065980928.0000,0.634009,0.771600
2013-10-28,11.8529596200,11.7571848000,11.8859854200,11.6746203000,22399263,797965600.0000,0.467976,0.964300
2013-10-29,11.8067235000,12.1402840800,12.2657821200,11.7604873800,61957078,2263004400.0000,1.294437,3.258400
2013-10-30,12.1501918200,12.3483466200,12.3747672600,12.0874428000,42079010,1563245072.0000,0.879135,1.713800
2013-10-31,12.3120182400,12.1600995600,12.3285311400,12.1369815000,31939815,1182592384.0000,0.667302,-1.524500
2013-11-01,12.1600995600,12.4044904800,12.5465014200,12.1600995600,38348980,1439537376.0000,0.801206,2.009800
2013-11-04,12.4507266000,12.2624795400,12.5299885200,12.2228485800,22381317,835595264.0000,0.467601,-1.144800
2013-11-05,12.2162434200,12.1336789200,12.2162434200,11.9091034800,27848661,1015809312.0000,0.581828,-1.050400
2013-11-06,12.0610221600,12.0907453800,12.2162434200,12.0379041000,17959522,658581712.0000,0.375219,-0.353800
2013-11-07,12.1501918200,12.0709299000,12.2096382600,11.9883654000,20998197,768318432.0000,0.438705,-0.163900
2013-11-08,11.9652473400,11.9157086400,12.1171660200,11.9091034800,25455374,924112656.0000,0.531826,-1.285900
2013-11-11,11.8892880000,11.9718525000,12.0379041000,11.8727751000,27608129,998063792.0000,0.576802,0.471200
2013-11-12,12.0577195800,12.3417414600,12.3780698400,12.0577195800,46965638,1744029456.0000,0.981229,3.089700
2013-11-13,12.1865202000,11.9784576600,12.2525718000,11.9553396000,38116068,1393636832.0000,0.796339,-2.943500
2013-11-14,12.0246937800,12.1336789200,12.2162434200,12.0114834600,32088832,1178420976.0000,0.670415,1.295800
2013-11-15,12.1468892400,12.6092504400,12.6951175200,12.1468892400,82168829,3117019136.0000,1.716711,3.919400
2013-11-18,12.8437336200,13.5868141200,13.6726812000,12.6984201000,149287230,5945323776.0000,3.118981,7.752700
2013-11-19,13.5736038000,13.4679212400,13.8312050400,13.4084748000,96120599,3967969344.0000,2.008198,-0.875100
2013-11-20,13.6033270200,13.5405780000,13.6627734600,13.3424232000,77864487,3182879504.0000,1.626783,0.539500
2013-11-21,13.4712238200,13.2136225800,13.4877367200,13.0451910000,79850117,3199031328.0000,1.668268,-2.414600
2013-11-22,13.2466483800,13.2367406400,13.3457257800,13.0617039000,73294760,2930366912.0000,1.531310,0.175000
2013-11-25,13.2103200000,13.3457257800,13.8179947200,13.1046374400,63382597,2579498880.0000,1.324220,0.823400
2013-11-26,13.4084748000,13.3919619000,13.5075522000,13.2631612800,32191470,1307139504.0000,0.672560,0.346400
2013-11-27,13.3919619000,13.6858915200,13.8642308400,13.3160025600,55493978,2291154080.0000,1.159407,2.194800
2013-11-28,13.7354302200,13.7024044200,13.9963340400,13.6891941000,50612479,2128670384.0000,1.057421,0.120700
2013-11-29,13.7387328000,13.7255224800,13.8047844000,13.6066296000,32164552,1335674800.0000,0.671997,0.168700
2013-12-02,13.6825889400,14.1647656200,14.3001714000,13.6825889400,80272294,3420510784.0000,1.677088,3.200200
2013-12-03,14.0689908000,14.1977914200,14.3166843000,13.8411127800,54610731,2328808048.0000,1.140954,0.233200
2013-12-04,14.1449501400,14.6139165000,14.7493222800,14.1119243400,62873503,2765999152.0000,1.313584,2.930900
2013-12-05,14.6007061800,14.5379571600,14.6964810000,14.4917210400,42504856,1878393904.0000,0.888032,-0.519800
2013-12-06,14.5709829600,14.1713707800,14.6964810000,14.0161495200,65192123,2816558816.0000,1.362026,-2.521600
2013-12-09,14.3992488000,14.1713707800,14.5016287800,14.0359650000,66335057,2859269920.0000,1.385904,0.000000
2013-12-10,14.1944888400,14.2638430200,14.3662230000,14.1548578800,36897009,1591880336.0000,0.770870,0.652500
2013-12-11,14.1416475600,13.7816663400,14.1416475600,13.6957992600,46015292,1929705392.0000,0.961374,-3.380400
2013-12-12,13.7024044200,13.7123121600,13.8576256800,13.5405780000,35011851,1451964176.0000,0.731485,-0.503200
2013-12-13,13.5405780000,13.9633082400,13.9930314600,13.4613160800,38910335,1618480928.0000,0.812934,1.830400
2013-12-16,13.9302824400,13.8774411600,14.0954114400,13.7882715000,38338456,1617612640.0000,0.800986,-0.614900
2013-12-17,13.8774411600,13.8675334200,13.9434927600,13.5934192800,24724238,1032062896.0000,0.516551,-0.071400
2013-12-18,13.7915740800,13.8080869800,13.9368876000,13.7552457000,21377088,895880000.0000,0.446621,-0.428700
2013-12-19,13.9368876000,13.5075522000,14.0029392000,13.4910393000,31293934,1295231328.0000,0.653808,-2.176500
2013-12-20,13.4778289800,12.8701542600,13.6132347600,12.7512613800,54131235,2154867600.0000,1.130936,-4.718800
2013-12-23,12.9296007000,13.0517961600,13.1838993600,12.7941949200,22804222,899402848.0000,0.476437,1.411300
2013-12-24,13.1244529200,13.1673864600,13.3424232000,13.0550987400,24547274,980978832.0000,0.512854,0.885600
2013-12-25,13.1706890400,13.2433458000,13.3193051400,13.0451910000,14544582,580728160.0000,0.303872,0.576900
2013-12-26,13.1805967800,13.0716116400,13.2136225800,13.0121652000,17026031,675525136.0000,0.355716,-1.296800
2013-12-27,13.1442684000,13.4877367200,13.6066296000,13.0782168000,33922647,1380285440.0000,0.708728,3.183400
2013-12-30,13.6132347600,13.4778289800,13.7057070000,13.4712238200,24809419,1020986960.0000,0.518330,-0.073500
2013-12-31,13.4415006000,13.7816663400,13.8245998800,13.4084748000,35053103,1450633136.0000,0.732346,2.254300
2014-01-02,13.7354302200,13.6396554000,13.7387328000,13.4282902800,22814639,936823024.0000,0.476655,-1.030400
2014-01-03,13.4415006000,13.3060948200,13.5075522000,13.2367406400,26082114,1053912864.0000,0.544920,-2.445500
2014-01-06,13.2697664400,13.3060948200,13.5306702600,12.8470362000,48383924,1909951312.0000,1.010860,0.000000
2014-01-07,13.0881245400,13.2400432200,13.3060948200,13.0881245400,21964072,878371296.0000,0.458884,-0.496400
2014-01-08,13.2730690200,13.4183825400,13.5009470400,13.1673864600,27507270,1113444992.0000,0.574695,1.347000
2014-01-09,13.3754490000,13.2004122600,13.5042496200,13.1112426000,26908520,1084249936.0000,0.562186,-1.624400
2014-01-10,13.1971096800,13.0683090600,13.2598587000,13.0385858400,19439362,773447936.0000,0.406137,-1.000800
2014-01-13,13.1211503400,13.0286781000,13.2499509600,12.8734568400,24769163,976761040.0000,0.517489,-0.303300
2014-01-14,13.0451910000,13.2070174200,13.2829767600,12.8998774800,21516184,855605632.0000,0.449527,1.368800
2014-01-15,13.1872019400,13.1178477600,13.2202277400,12.9791394000,14635820,580176624.0000,0.305779,-0.675200
2014-01-16,13.1310580800,13.6132347600,13.7552457000,13.1013348600,53423828,2190339856.0000,1.116157,3.776400
2014-01-17,13.5504857400,13.4943418800,13.6297476600,13.3754490000,29841967,1217140864.0000,0.623473,-0.873400
2014-01-20,13.4084748000,13.4481057600,13.6396554000,13.3820541600,20240573,827661968.0000,0.422876,-0.342600
2014-01-21,13.4745264000,13.6561683000,13.8444153600,13.4745264000,26650072,1103429408.0000,0.556786,1.547200
2014-01-22,13.6429579800,13.8080869800,13.9170721200,13.5934192800,33532100,1400458688.0000,0.700569,1.112500
2014-01-23,13.7387328000,13.5405780000,13.7915740800,13.4745264000,31827839,1310444832.0000,0.664963,-1.937300
2014-01-24,13.4150799600,13.3853567400,13.6693786200,13.3754490000,30177383,1232077664.0000,0.630481,-1.146300
2014-01-27,13.2037148400,12.8800620000,13.2037148400,12.7743794400,59556355,2329906416.0000,1.244280,-3.775000
2014-01-28,12.9130878000,12.9329032800,12.9890471400,12.8074052400,27296320,1066160800.0000,0.570288,0.410300
2014-01-29,12.9791394000,12.9725342400,13.0088626200,12.8899697400,19039590,746311872.0000,0.397784,0.306400
2014-01-30,12.8800620000,12.9262981200,12.9329032800,12.7578665400,27163894,1057973616.0000,0.567521,-0.356400
2014-02-07,12.7512613800,12.6191581800,12.7578665400,12.5167782000,38035843,1447592000.0000,0.794663,-2.376100
2014-02-10,12.6587891400,12.9031800600,12.9395084400,12.6554865600,41508771,1613659152.0000,0.867221,2.250700
2014-02-11,12.8734568400,13.0650064800,13.2103200000,12.7842871800,42499441,1677228848.0000,0.887919,1.254200
2014-02-12,13.1112426000,12.9527187600,13.1574787200,12.8899697400,24802434,975862928.0000,0.518185,-0.859500
2014-02-13,12.9626265000,12.8635491000,13.0352832600,12.7149330000,31810434,1238136656.0000,0.664599,-0.688400
2014-02-14,12.8470362000,12.9031800600,12.9791394000,12.8404310400,18375937,718232400.0000,0.383919,0.308100
2014-02-17,13.0782168000,13.0451910000,13.1376632400,12.9064826400,27639261,1089687200.0000,0.577453,1.100600
2014-02-18,13.0055600400,12.7776820200,13.0088626200,12.7479588000,32972842,1280423312.0000,0.688885,-2.050600
2014-02-19,12.7710768600,12.9163903800,13.0187703600,12.6885123600,33636796,1307398832.0000,0.702756,1.085600
2014-02-20,12.9560213400,12.7413536400,13.0914271200,12.7149330000,29219559,1140525088.0000,0.610469,-1.355200
2014-02-21,12.7479588000,12.8899697400,12.8998774800,12.6719994600,29967111,1159437744.0000,0.626087,1.166400
2014-02-24,12.7182355800,12.8272207200,12.8800620000,12.5894349600,44350517,1708814944.0000,0.926593,-0.486800
2014-02-25,12.7809846000,12.4309111200,12.8041026600,12.3351363000,50761162,1925348928.0000,1.060527,-3.089600
2014-02-26,12.3384388800,12.3846750000,12.4507266000,12.2988079200,27174924,1016538192.0000,0.567752,-0.371900
2014-02-27,12.4441214400,12.5498040000,12.6455788200,12.2955053400,35110133,1324255600.0000,0.733538,1.333300
2014-02-28,12.5167782000,12.7149330000,12.7314459000,12.4837524000,33231360,1270226000.0000,0.694286,1.315800
2014-03-03,12.6389736600,12.5431988400,12.6653943000,12.4540291800,29593584,1123111376.0000,0.618284,-1.350600
2014-03-04,12.5233833600,12.5398962600,12.6786046200,12.3978853200,22592582,859059264.0000,0.472015,-0.026300
2014-03-05,12.5993427000,12.4375162800,12.5993427000,12.3912801600,22937355,867715008.0000,0.479218,-0.816400
2014-03-06,12.3846750000,12.5002653000,12.5993427000,12.2360589000,25618731,963086832.0000,0.535239,0.504500
2014-03-07,12.4077930600,12.3978853200,12.5795272200,12.3186234000,18944504,713812320.0000,0.395798,-0.819000
2014-03-10,12.2459666400,11.9487344400,12.2459666400,11.9157086400,27685448,1009906848.0000,0.578418,-3.622800
2014-03-11,11.8991957400,11.9553396000,12.0478118400,11.8826828400,18049893,652383904.0000,0.377107,0.055300
2014-03-12,11.9223138000,12.0015757200,12.1105608600,11.9223138000,18881278,687002048.0000,0.394477,0.386700
2014-03-13,12.0610221600,12.1336789200,12.2558743800,11.9982731400,20498438,753703232.0000,0.428263,1.100700
2014-03-14,12.0874428000,12.1138634400,12.2129408400,12.0577195800,21875818,803724912.0000,0.457040,-0.163300
2014-03-17,12.1997305200,12.1667047200,12.2525718000,12.0940479600,26004887,958046352.0000,0.543307,0.436200
2014-03-18,12.1799150400,12.0048783000,12.1799150400,11.9982731400,14119110,516547504.0000,0.294983,-1.330100
2014-03-19,11.9619447600,11.8892880000,12.0081808800,11.7274615800,19862872,711971216.0000,0.414985,-0.962900
2014-03-20,11.8892880000,11.9190112200,12.2030331000,11.7935131800,35190864,1283729920.0000,0.735225,0.250000
2014-03-21,11.8595647800,12.3846750000,12.4507266000,11.8562622000,50812459,1878615584.0000,1.061599,3.906900
2014-03-24,12.4177008000,12.4672395000,12.5332911000,12.3351363000,41137054,1551185760.0000,0.859455,0.666700
2014-03-25,12.4044904800,12.2690847000,12.5101730400,12.2360589000,24377964,913280544.0000,0.509316,-1.589400
2014-03-26,12.3285311400,12.2789924400,12.4077930600,12.2360589000,22982324,856257728.0000,0.480158,0.080800
2014-03-27,12.2591769600,12.2789924400,12.3648595200,12.1072582800,28592227,1059418928.0000,0.597363,0.000000
2014-03-28,12.2195460000,12.3417414600,12.3846750000,12.2030331000,20789504,773606432.0000,0.434344,0.511000
2014-03-31,12.3813724200,12.4044904800,12.4738446600,12.3120182400,21641112,812676176.0000,0.452137,0.508400
2014-04-01,12.4011879000,12.4507266000,12.6257633400,12.3681621000,33534094,1267899264.0000,0.700611,0.372700
2014-04-02,12.4738446600,12.7116304200,12.7215381600,12.4210033800,42833089,1631778304.0000,0.894890,2.095500
2014-04-03,12.7776820200,12.7347484800,13.0220729400,12.7281433200,41720369,1628826816.0000,0.871642,0.181900
2014-04-04,12.6521839800,12.8536413600,12.8800620000,12.6158556000,19091180,741151312.0000,0.398862,0.933600
2014-04-08,12.8140104000,13.1739916200,13.2598587000,12.7974975000,53444753,2117590048.0000,1.116594,2.492300
2014-04-09,13.1739916200,13.0352832600,13.2070174200,12.9692316600,35712913,1415512928.0000,0.746132,-1.052900
2014-04-10,13.0451910000,13.9633082400,14.2638430200,12.9163903800,133202646,5515285248.0000,2.782935,7.119300
2014-04-11,13.9699134000,13.6099321800,13.9798211400,13.5240651000,90286788,3745722400.0000,1.886316,-2.530700
2014-04-14,13.6033270200,13.4778289800,13.6891941000,13.3820541600,35163660,1433729808.0000,0.734656,-0.970600
2014-04-15,13.4018696400,13.2334380600,13.4415006000,13.1772942000,33616802,1348010912.0000,0.702339,-1.813300
2014-04-16,13.2070174200,13.2730690200,13.3688438400,13.1508735600,19363197,777138352.0000,0.404545,0.299500
2014-04-17,13.3226077200,13.0782168000,13.3589361000,13.0650064800,18433703,733348224.0000,0.385126,-1.468000
2014-04-18,13.0055600400,13.0683090600,13.1541761400,12.9031800600,16338794,643972896.0000,0.341358,-0.075800
2014-04-21,12.9626265000,12.8503387800,13.1442684000,12.8206155600,19617364,771596208.0000,0.409856,-1.667900
2014-04-22,12.8437336200,12.9659290800,12.9791394000,12.7644717000,18544772,722371056.0000,0.387446,0.899500
2014-04-23,12.9130878000,12.8701542600,13.0385858400,12.8371284600,17409579,680513344.0000,0.363729,-0.738700
2014-04-24,12.8767594200,13.0517961600,13.0914271200,12.8470362000,36549745,1436533840.0000,0.763615,1.411300
2014-04-25,13.0286781000,12.8833645800,13.0716116400,12.8569439400,17276781,676973952.0000,0.360955,-1.290500
2014-04-28,12.8173129800,12.5795272200,12.9362058600,12.5531065800,20237332,777744320.0000,0.422808,-2.358400
2014-04-29,12.7182355800,12.9097852200,12.9989548800,12.7182355800,20273434,789071792.0000,0.423562,2.625400
2014-04-30,12.9956523000,12.9262981200,12.9989548800,12.8734568400,12971739,507872176.0000,0.271012,0.127900
2014-05-05,12.8734568400,12.9461136000,13.0220729400,12.8074052400,29412977,1149093824.0000,0.614510,0.153300
2014-05-06,12.8965749000,13.0550987400,13.1409658200,12.8866671600,18569982,731941200.0000,0.387973,0.841800
2014-05-07,12.9725342400,12.9989548800,13.0881245400,12.9262981200,28101954,1108399360.0000,0.587120,-0.430000
2014-05-08,12.9791394000,12.9956523000,13.3193051400,12.9329032800,20032076,795427920.0000,0.418520,-0.025400
2014-05-09,13.0451910000,12.9659290800,13.0683090600,12.9229955400,11124732,437882592.0000,0.232423,-0.228700
2014-05-12,13.0848219600,13.2268329000,13.3060948200,13.0484935800,28014632,1121069344.0000,0.585295,2.012200
2014-05-13,13.2367406400,13.1838993600,13.3424232000,13.1244529200,15196804,608601728.0000,0.317499,-0.324600
2014-05-14,13.2037148400,13.1673864600,13.2928845000,13.1442684000,15819949,633411120.0000,0.330518,-0.125200
2014-05-15,13.1938071000,13.0881245400,13.2301354800,13.0484935800,13550441,538856032.0000,0.283102,-0.602000
2014-05-16,13.1112426000,13.0550987400,13.1178477600,12.8800620000,13909764,548452128.0000,0.290610,-0.252300
2014-05-19,13.0451910000,12.7842871800,13.0550987400,12.7215381600,24629075,954027824.0000,0.514563,-2.074400
2014-05-20,12.8701542600,12.8074052400,12.9031800600,12.7677742800,16032390,621977488.0000,0.334956,0.180800
2014-05-21,12.7743794400,12.9362058600,12.9593239200,12.7083278400,16850039,655273888.0000,0.352039,1.005700
2014-05-22,12.9362058600,12.9229955400,13.1211503400,12.9163903800,18508738,728941168.0000,0.386694,-0.102100
2014-05-23,12.9229955400,13.0088626200,13.0121652000,12.9229955400,17945656,704306656.0000,0.374929,0.664400
2014-05-26,13.0716116400,12.9659290800,13.1343606600,12.8800620000,15560554,612038640.0000,0.325099,-0.330000
2014-05-27,12.9461136000,12.9692316600,13.0385858400,12.9130878000,21858314,859641088.0000,0.456675,0.025500
2014-05-28,12.9626265000,13.1541761400,13.1772942000,12.9064826400,25471164,1004351408.0000,0.532156,1.426000
2014-05-29,13.1805967800,13.2037148400,13.3391206200,13.0484935800,26923361,1079497584.0000,0.562496,0.376600
2014-05-30,13.2400432200,13.1706890400,13.2532535400,13.1145451800,18096197,721990704.0000,0.378075,-0.250100
2014-06-03,13.1971096800,13.1772942000,13.3060948200,13.1739916200,26767632,1071015184.0000,0.559242,0.050200
2014-06-04,13.1607813000,12.9857445600,13.1607813000,12.9064826400,24646289,969574928.0000,0.514922,-1.453600
2014-06-05,12.9626265000,13.1409658200,13.1739916200,12.9395084400,34013648,1342415984.0000,0.710630,1.195300
2014-06-06,13.1376632400,13.0319806800,13.1607813000,12.9560213400,21208431,837134448.0000,0.443097,-0.829400
2014-06-09,12.9659290800,13.1112426000,13.2202277400,12.9626265000,26749435,1064090768.0000,0.558862,0.608200
2014-06-10,13.1277555000,13.3589361000,13.3688438400,13.1277555000,43108056,1733954688.0000,0.900634,1.889200
2014-06-11,13.2928845000,13.2532535400,13.3358180400,13.1607813000,30271711,1211594896.0000,0.632451,-0.791100
2014-06-12,13.2367406400,13.2004122600,13.3126999800,13.1706890400,38069331,1522006592.0000,0.795363,-0.398700
2014-06-13,13.2070174200,13.4844341400,13.5405780000,13.1772942000,47046525,1911536016.0000,0.982919,2.151600
2014-06-16,13.4745264000,13.5075522000,13.5901167000,13.4282902800,38705030,1583979120.0000,0.808644,0.171400
2014-06-17,13.4877367200,13.3358180400,13.4910393000,13.2565561200,30148903,1219885008.0000,0.629886,-1.271400
2014-06-18,13.3589361000,13.2928845000,13.4084748000,13.2664638600,20414012,823747360.0000,0.426499,-0.321900
2014-06-19,13.3424232000,13.1475709800,13.3622386800,13.1178477600,24324428,974346336.0000,0.508198,-1.093200
2014-06-20,13.1838993600,13.2202277400,13.2532535400,13.1211503400,15285591,609779136.0000,0.319354,0.552600
2014-06-23,13.2103200000,13.1046374400,13.3556335200,13.0815193800,22536379,901579712.0000,0.470841,-0.874300
2014-06-24,13.1046374400,13.1244529200,13.1541761400,12.9824419800,24928188,988451072.0000,0.520812,0.151200
2014-06-25,13.1277555000,13.0187703600,13.1277555000,12.9626265000,17659030,696759664.0000,0.368941,-0.805200
2014-06-26,13.0418884200,13.1112426000,13.1178477600,13.0220729400,13430540,531507392.0000,0.280597,0.710300
2014-06-27,13.1246280500,12.9843291500,13.1246280500,12.9409033000,23819712,926940480.0000,0.497652,-0.968200
2014-06-30,12.9976909500,13.1413303000,13.2081393000,12.9943505000,16822250,661385696.0000,0.351458,1.209200
2014-07-01,13.1981179500,13.1212876000,13.2448842500,13.0644999500,15530862,610969568.0000,0.324478,-0.152500
2014-07-02,13.1313089500,13.1747348000,13.2348629000,13.0945640000,17981084,708289152.0000,0.375669,0.407300
2014-07-03,13.1914370500,13.2114797500,13.2782887500,13.1513516500,18707826,740119808.0000,0.390852,0.278900
2014-07-04,13.2114797500,13.3217146000,13.4018854000,13.2114797500,20575018,821672096.0000,0.429863,0.834400
2014-07-07,13.3217146000,13.3751618000,13.4319494500,13.2682674000,16422342,657129344.0000,0.343103,0.401200
2014-07-08,13.3551191000,13.3885236000,13.3952045000,13.3050123500,12198725,487939120.0000,0.254861,0.099900
2014-07-09,13.3651404500,13.2649269500,13.5154607000,13.2615865000,24142308,966101088.0000,0.504392,-0.923200
2014-07-10,13.3217146000,13.1613730000,13.3584595500,13.1012449000,27753843,1096040768.0000,0.579846,-0.780700
2014-07-11,13.2215011000,13.1647134500,13.2549056000,13.1279685000,12646057,499353360.0000,0.264207,0.025400
2014-07-14,13.1713943500,13.3484382000,13.3584595500,13.1680539000,15303296,608817312.0000,0.319723,1.395600
2014-07-15,13.3484382000,13.3384168500,13.4453112500,13.2749483000,23321034,931300400.0000,0.487234,-0.075100
2014-07-16,13.3350764000,13.2682674000,13.4620135000,13.2248415500,20639700,822271632.0000,0.431214,-0.525900
2014-07-17,13.2615865000,13.3317359500,13.3450977500,13.2248415500,18779557,748084992.0000,0.392351,0.478300
2014-07-18,13.2782887500,13.2983314500,13.4286090000,13.2114797500,23755075,947994480.0000,0.496302,-0.250600
2014-07-21,13.3083528000,13.3150337000,13.4119067500,13.2782887500,19222459,767665760.0000,0.401604,0.125600
2014-07-22,13.2448842500,13.4352899000,13.5087798000,13.2448842500,43894965,1763678928.0000,0.917074,0.903200
2014-07-23,13.4286090000,13.7225686000,13.8361439000,13.4286090000,55736739,2287062368.0000,1.164478,2.138200
2014-07-24,13.7526326500,14.0933585500,14.1868911500,13.7526326500,68085810,2862822832.0000,1.422480,2.702000
2014-07-25,14.1301035000,14.1768698000,14.2804237500,14.0733158500,35466240,1503282160.0000,0.740977,0.592600
2014-07-28,14.2804237500,14.6411923500,14.7280440500,14.2704024000,83604167,3646279840.0000,1.746697,3.275200
2014-07-29,14.5977665000,14.6745968500,14.7514272000,14.4808507500,36931643,1614937872.0000,0.771593,0.228200
2014-07-30,14.5977665000,14.6712564000,14.8015339500,14.5309575000,56664079,2493688368.0000,1.183852,-0.022800
2014-07-31,14.6879586500,14.9050879000,14.9318115000,14.4908721000,45192287,1991991232.0000,0.944178,1.593800
2014-08-01,14.8850452000,14.6044474000,14.9919396000,14.5977665000,42690771,1893369216.0000,0.891915,-2.017000
2014-08-04,14.6645755000,15.0654295000,15.0787913000,14.5543406500,49773564,2211098816.0000,1.039892,3.156400
2014-08-05,15.0353654500,14.8583216000,15.0654295000,14.7313845000,36817528,1639555216.0000,0.769209,-1.374700
2014-08-06,14.7581081000,14.5877451500,14.7581081000,14.4441058000,42484647,1853697616.0000,0.887609,-1.821000
2014-08-07,14.6144687500,14.3605945500,14.6311710000,14.3271900500,40058392,1730474352.0000,0.836918,-1.557100
2014-08-08,14.4107013000,14.3038069000,14.4507867000,14.2336574500,37242705,1596601008.0000,0.778092,-0.395400
2014-08-11,14.3639350000,14.5476597500,14.6178092000,14.3405518500,45379355,1967603072.0000,0.948086,1.704800
2014-08-12,14.5075743500,14.3605945500,14.5109148000,14.2704024000,35304849,1517989520.0000,0.737605,-1.285900
2014-08-13,14.3639350000,14.6144687500,14.6311710000,14.3138282500,46458143,2009058640.0000,0.970625,1.767800
2014-08-14,14.6979800000,14.4140417500,14.7581081000,14.3806372500,44197412,1929774576.0000,0.923393,-1.371400
2014-08-15,14.4474462500,14.6478732500,14.7146822500,14.3939990500,40257857,1756666112.0000,0.841086,1.622200
2014-08-18,14.6645755000,14.5977665000,14.7380654000,14.5309575000,31568537,1381429808.0000,0.659544,-0.342100
2014-08-19,14.6311710000,14.4875316500,14.6645755000,14.3539136500,35149897,1525429664.0000,0.734368,-0.755200
2014-08-20,14.4274035500,14.3338709500,14.4541271500,14.2770833000,42636081,1833440672.0000,0.890773,-1.060600
2014-08-21,14.3338709500,14.2069338500,14.4107013000,14.0632945000,37008019,1575156192.0000,0.773189,-0.885600
2014-08-22,14.2002529500,14.3138282500,14.3305305000,14.1902316000,32519567,1389450112.0000,0.679414,0.752400
2014-08-25,14.2937855500,14.1134012500,14.3138282500,14.0933585500,25279533,1072734624.0000,0.528152,-1.400200
2014-08-26,14.1067203500,14.1568271000,14.2202956500,14.0499327000,20610847,873976816.0000,0.430611,0.307700
2014-08-27,14.2102743000,14.1701889000,14.2403383500,14.1301035000,17167140,728996192.0000,0.358664,0.094400
2014-08-28,14.1835507000,14.0632945000,14.2403383500,14.0499327000,18853436,798339376.0000,0.393895,-0.754400
2014-08-29,14.1501462000,14.1969125000,14.2169552000,14.0666349500,20221619,857811200.0000,0.422479,0.950100
2014-09-01,14.2303170000,14.2403383500,14.2971260000,14.1802102500,25952292,1106389904.0000,0.542207,0.305900
2014-09-02,14.2804237500,14.3639350000,14.3706159000,14.1501462000,39233656,1675495200.0000,0.819688,0.867900
2014-09-03,14.3806372500,14.4975530000,14.5643620000,14.3772968000,45658958,1981781712.0000,0.953917,0.930200
2014-09-04,14.5342979500,14.6912991000,14.7146822500,14.4841912000,46722757,2040962304.0000,0.976142,1.336400
2014-09-05,14.7414058500,14.7447463000,14.8883856500,14.6144687500,43423932,1915977664.0000,0.907222,0.363800
2014-09-09,14.7247036000,14.5710429000,14.8483002500,14.5443193000,32123487,1411217536.0000,0.671131,-1.178100
2014-09-10,14.4808507500,14.4173822000,14.4808507500,14.3305305000,28717132,1238482816.0000,0.599964,-1.054600
2014-09-11,14.3939990500,14.3706159000,14.6144687500,14.2971260000,38506325,1662807200.0000,0.804482,-0.324400
2014-09-12,14.3470719000,14.4075513600,14.4176312700,14.2899524100,23142777,988507728.0000,0.483504,0.257200
2014-09-15,14.2966723500,14.1992332200,14.3168321700,14.1286738500,46011169,1943557936.0000,0.961275,-1.445900
2014-09-16,14.2261129800,14.0547545100,14.2563527100,14.0446746000,41926139,1765021648.0000,0.875930,-1.017500
2014-09-17,14.1454737000,14.0816342700,14.1454737000,14.0446746000,26278733,1102840336.0000,0.549021,0.191200
2014-09-18,14.0614744500,14.1118740000,14.1790734000,14.0177948400,26350892,1106155568.0000,0.550528,0.214700
2014-09-19,14.1219539100,14.2429128300,14.2664326200,14.0950741500,32176422,1357212400.0000,0.672237,0.928600
2014-09-22,14.1790734000,13.7859569100,14.1790734000,13.7758770000,48215115,1994107696.0000,1.007320,-3.208300
2014-09-23,13.7993967900,13.8699561600,13.8968359200,13.7456372700,28243947,1162372464.0000,0.590079,0.609300
2014-09-24,13.7960368200,14.2294729500,14.2462728000,13.7960368200,51878558,2168325904.0000,1.083858,2.592100
2014-09-25,14.2832324700,14.0950741500,14.3437119300,14.0614744500,32738763,1386488016.0000,0.683985,-0.944500
2014-09-26,14.0648344200,14.0480345700,14.0950741500,13.9337955900,23414159,976107392.0000,0.489174,-0.333700
2014-09-29,14.1051540600,13.9774752000,14.1085140300,13.9001958900,36957980,1539767872.0000,0.772134,-0.502300
2014-09-30,14.0043549600,13.8901159800,14.0110749000,13.8766761000,44418132,1839470240.0000,0.927992,-0.625000
2014-10-08,13.9438755000,14.0681943900,14.0715543600,13.8699561600,38460944,1600320016.0000,0.803533,1.282000
2014-10-09,14.0749143300,14.0782743000,14.2093131300,14.0446746000,35522181,1491923344.0000,0.742136,0.071700
2014-10-10,14.0211548100,13.9035558600,14.0211548100,13.8766761000,35148945,1457395696.0000,0.734338,-1.241100
2014-10-13,13.8262765500,13.7355573600,13.8397164300,13.6549180800,40180381,1639546368.0000,0.839456,-1.208300
2014-10-14,13.7288374200,13.6918777500,13.8262765500,13.6582780500,28329678,1157294368.0000,0.591869,-0.318000
2014-10-15,13.7355573600,13.8934759500,13.9001958900,13.6649979900,35422931,1453750000.0000,0.740063,1.472400
2014-10-16,13.7725170300,13.8195566100,13.9976350200,13.7221174800,36904511,1522616352.0000,0.771016,-0.532000
2014-10-17,13.8598762500,13.8296365200,13.9270756500,13.7120375700,31940696,1312956928.0000,0.667311,0.072900
2014-10-20,13.9069158300,13.8665961900,14.0278747500,13.8195566100,34812863,1440513200.0000,0.727317,0.267300
2014-10-21,13.8531563100,13.7624371200,13.9539554100,13.7489972400,31216101,1286186320.0000,0.652173,-0.751200
2014-10-22,13.8229165800,13.9169957400,14.0782743000,13.7825969400,51464068,2137413408.0000,1.075197,1.123000
2014-10-23,13.8800360700,13.8229165800,14.0581144800,13.8027567600,49541833,2056290912.0000,1.035037,-0.676000
2014-10-24,13.8128366700,13.7993967900,13.8867560100,13.7825969400,29992383,1235723872.0000,0.626607,-0.170100
2014-10-27,13.6280383200,13.4768396700,13.6549180800,13.4264401200,41326209,1662990304.0000,0.863395,-2.337500
2014-10-28,13.4936395200,13.6784378700,13.6885177800,13.4902795500,42280499,1709016144.0000,0.883332,1.495900
2014-10-29,13.9438755000,14.1286738500,14.1790734000,13.8833960400,85159340,3554130192.0000,1.779165,3.291600
2014-10-30,14.1051540600,14.1253138800,14.1656335200,13.9774752000,46241621,1937595008.0000,0.966089,-0.023800
2014-10-31,14.1958732500,14.4478710000,14.6024296200,14.1689934900,96690333,4145504512.0000,2.020073,2.283500
2014-11-03,14.5150704000,14.4075513600,14.6427492600,14.3470719000,54946942,2367823904.0000,1.147962,-0.279100
2014-11-04,14.4277111800,14.2933123800,14.4310711500,14.2529927400,40530684,1727865520.0000,0.846775,-0.792900
2014-11-05,14.3067522600,14.2832324700,14.3504318700,14.1925132800,30046881,1276868384.0000,0.627745,-0.070500
2014-11-06,14.2933123800,14.1589135800,14.3403519600,14.0950741500,50245652,2122305488.0000,1.049742,-0.870400
2014-11-07,14.1589135800,14.1589135800,14.1589135800,14.1589135800,0,0.0000,,0.000000
2014-11-10,14.5184303700,14.4243512100,14.6158695000,14.2496327700,107856407,4623239936.0000,2.253357,1.874700
2014-11-11,14.4982705500,14.4646708500,14.8947470100,14.3974714500,216478800,9434588928.0000,4.522716,0.279500
2014-11-12,14.4411510600,14.7200285700,14.7435483600,14.3638717500,79238772,3442942592.0000,1.655472,1.765400
2014-11-13,14.8241876400,14.8846671000,15.0795453600,14.7435483600,133335046,5920831488.0000,2.785661,1.118500
2014-11-14,14.8174677000,14.9619464100,14.9854662000,14.6393892900,78755898,3468785936.0000,1.645383,0.519200
2014-11-17,15.4054624500,14.5957096800,15.4189023300,14.5688299200,97067610,4307114752.0000,2.027955,-2.447800
2014-11-18,14.5721898900,14.3067522600,14.6326693500,14.2496327700,61479126,2632486688.0000,1.284434,-1.979700
2014-11-19,14.3134722000,14.3033922900,14.4176312700,14.2597126800,36798506,1570102448.0000,0.768801,-0.023500
2014-11-20,14.2630726500,14.4176312700,14.5923497100,14.2059531600,53372569,2287494528.0000,1.115070,0.798700
2014-11-21,14.3806716000,14.7771480600,14.8544273700,14.2462728000,91004535,3943284688.0000,1.901284,2.493600
2014-11-24,15.0795453600,15.4054624500,15.6574602000,14.9854662000,227750274,10392812544.0000,4.758202,4.251900
2014-11-25,15.3853026300,15.4121823900,15.5062615500,15.3281831400,88308205,4051188320.0000,1.844952,0.043600
2014-11-26,15.4592219700,16.0875363600,16.1782555500,15.4222623000,162206159,7624394752.0000,3.388842,4.382000
2014-11-27,16.3630539000,16.4100934800,16.6990509000,16.1950554000,191617808,9380797952.0000,4.003316,2.005000
2014-11-28,16.4235333600,16.6755311100,16.7763302100,16.1648156700,169648706,8317107200.0000,3.544333,1.617500
2014-12-01,17.8078410000,17.0518477500,18.0934384500,17.0014482000,238664579,12377362176.0000,4.986226,2.256700
2014-12-02,16.9678485000,18.2412771300,18.6075138600,16.9208089200,212976402,11223116544.0000,4.449544,6.975400
2014-12-03,18.3790359000,18.4831949700,19.2223883700,18.0598387500,245428861,13671461376.0000,5.127547,1.326200
2014-12-04,18.4932748800,20.1564600300,20.2404592800,18.3387162600,243403640,13895520512.0000,5.085235,9.052900
2014-12-05,20.4353375400,19.8675026100,21.1678110000,19.1585489400,311211440,18700315136.0000,6.501889,-1.433600
2014-12-08,19.8574227000,21.7826855100,21.8330850600,19.4911859700,298542624,18681899008.0000,6.237201,9.639800
2014-12-09,20.9662128000,19.9313420400,22.5521186400,19.6054249500,416654496,26335273984.0000,8.704813,-8.499200
2014-12-10,20.1598200000,20.0388610800,20.4958170000,18.9670306500,270621968,15882920704.0000,5.653878,0.539400
2014-12-11,19.4878260000,19.0913495400,19.9649417400,19.0207901700,171429869,9929330944.0000,3.581541,-4.728400
2014-12-12,19.1921486400,19.1753487900,19.8742225500,19.0913495400,152824627,8843986432.0000,3.192837,0.440000
2014-12-15,19.1451090600,19.4844660300,19.5550254000,18.9871904700,128657717,7383431680.0000,2.687938,1.612100
2014-12-16,19.7163039600,21.2014107000,21.2316504300,19.5550254000,261185146,15700680960.0000,5.456723,8.811900
2014-12-17,21.3862090500,21.4097288400,21.7726056000,20.7343748700,256227013,16256978688.0000,5.353136,0.982600
2014-12-18,21.8398050000,22.0884427800,22.8410760600,21.5038080000,255141331,16846542336.0000,5.330454,3.170100
2014-12-19,22.4714793600,21.8230051500,22.4714793600,20.9998125000,174748274,11318540544.0000,3.650869,-1.201700
2014-12-22,21.9070044000,22.1254024500,22.9485951000,21.7054062000,217875500,14553053184.0000,4.551890,1.385700
2014-12-23,21.7356459300,21.9641238900,23.5869894000,21.3425294400,229502236,15262607360.0000,4.794798,-0.728900
2014-12-24,21.9943636200,20.3983778700,22.1388423300,20.1262203000,234441537,14589029888.0000,4.897991,-7.128700
2014-12-25,20.5630164000,21.3055697700,21.4634883600,20.2606191000,219051947,13613792512.0000,4.576469,4.447400
2014-12-26,21.5004480300,22.7839565700,22.8847556700,21.3694092000,264782606,17480711168.0000,5.531881,6.939000
2014-12-29,23.6945084400,23.8490670600,24.9376973400,22.8813957000,364226784,26099691264.0000,7.609485,4.674800
2014-12-30,23.5735495200,24.4538616600,24.8570580600,23.4357907500,218054301,15697265408.0000,4.555626,2.535900
2014-12-31,24.6957795000,25.1023358700,25.1594553600,24.2892231300,199544918,14700787200.0000,3.860878,2.651800
2015-01-05,26.1405666000,25.5895315200,26.4765636000,25.2837742500,243571773,18752043264.0000,4.712728,1.940800
2015-01-06,24.9914568600,24.7730588100,25.7944896900,24.1951439700,234227969,17438633728.0000,4.531940,-3.190700
2015-01-07,24.6285801000,24.6655397700,25.3677735000,24.3597825000,170386884,12565953536.0000,3.296717,-0.434000
2015-01-08,25.0317765000,23.8826667600,25.1728952400,23.7885876000,178880915,12883821056.0000,3.461063,-3.174000
2015-01-09,23.9229864000,24.4740214800,26.2682454600,23.7617078400,311873408,23164177408.0000,5.758018,2.476100
2015-01-12,24.8570580600,25.2568944900,25.6164112800,24.2925831000,265627145,19758885632.0000,4.904189,3.198800
2015-01-13,25.3005741000,25.2400946400,25.8650490600,24.8671379700,150924355,11390279680.0000,2.786468,-0.066500
2015-01-14,25.2871342200,24.8133784500,25.4954523600,24.5546607600,145910572,10853946880.0000,2.693900,-1.690600
2015-01-15,24.8637780000,26.5000833900,26.6916016800,24.7629789000,257903786,19788348416.0000,4.761595,6.797600
2015-01-16,26.6781618000,26.3052051300,27.3501558000,26.1775262700,231750863,18476457216.0000,4.278742,-0.735400
2015-01-19,23.6777085900,23.6743486200,24.6789796500,23.6743486200,290034944,20841210368.0000,5.354822,-10.001300
2015-01-20,23.6205891000,23.7281081400,24.2287436700,23.0157945000,265116392,18667133696.0000,4.894759,0.227100
2015-01-21,23.9565861000,25.9927279200,26.0599273200,23.8860267300,292580064,21775561472.0000,5.401812,9.544000
2015-01-22,25.9692081300,25.3576935900,26.1069669000,25.0351364700,214704423,16325804032.0000,3.964019,-2.443100
2015-01-23,25.5357720000,25.8045696000,26.7453612000,25.3644135300,234373207,18082145792.0000,4.327157,1.762300
2015-01-26,25.6365711000,25.4047331700,25.6836106800,25.0989759000,138860635,10484377088.0000,2.563739,-1.549500
2015-01-27,25.5760916400,24.8503381200,26.0229676500,24.1346645100,218560605,16231932160.0000,4.035214,-2.182300
2015-01-28,24.4908213300,24.2892231300,24.7293792000,24.1581843000,128035499,9286066688.0000,2.363878,-2.258000
2015-01-29,23.8591469700,23.7045883500,24.0775450200,23.4559505700,156306718,11034677504.0000,2.885841,-2.407000
2015-01-30,23.7549879000,23.2812321300,24.1413844500,23.1199535700,139388270,9784587008.0000,2.573481,-1.786000
2015-02-02,22.2766011000,22.2497213400,22.7637967500,22.1590021500,152220255,10171400192.0000,2.810394,-4.430700
2015-02-03,22.5722784600,23.2073127900,23.6877885000,22.1758020000,190717204,12937941504.0000,3.521150,4.303800
2015-02-04,23.2745121900,22.6797975000,23.6239490700,22.6394778600,127880615,8815905280.0000,2.361019,-2.273100
2015-02-05,23.5197900000,22.1556421800,23.5197900000,22.1086026000,182953806,12526322944.0000,3.377817,-2.311100
2015-02-06,22.1422023000,22.2799610700,22.8713157900,22.0111634700,148683594,9905947648.0000,2.745097,0.561100
2015-02-09,22.2430014000,22.8477960000,23.2173927000,22.1758020000,141165997,9578811136.0000,2.606302,2.548600
2015-02-10,22.6797975000,23.0124345300,23.1737130900,22.5823583700,98062231,6688282624.0000,1.810491,0.720600
2015-02-11,23.1501933000,23.5701895500,23.7381880500,23.0057145900,106204573,7382467328.0000,1.960821,2.423700
2015-02-12,23.5533897000,23.4861903000,23.6877885000,23.0594741100,83702171,5833771520.0000,1.545366,-0.356400
2015-02-13,23.6340289800,23.4929102400,23.9666660100,23.4391507200,109227391,7688143872.0000,2.016630,0.028600
2015-02-16,23.5869894000,23.6239490700,24.0036256800,23.4391507200,96166454,6771606272.0000,1.775490,0.557800
2015-02-17,23.7146682600,23.7146682600,24.0036256800,23.6474688600,94984648,6738798848.0000,1.753671,0.384000
2015-02-25,23.6441088900,22.9015555200,23.6541888000,22.7402769600,104046202,7157733632.0000,1.920972,-3.428700
2015-02-26,22.8477960000,23.4761103900,23.5735495200,22.5084390300,117863558,8113328128.0000,2.176077,2.508800
2015-02-27,23.5701895500,23.6138691600,23.9263463700,23.4290708100,95432615,6730967808.0000,1.761942,0.586800
2015-03-02,23.8591469700,23.4861903000,23.9061865500,23.2341925500,133869571,9373873152.0000,2.471591,-0.540700
2015-03-03,23.2812321300,22.5521186400,23.2845921000,22.4949991500,140995651,9598020096.0000,2.603157,-3.977100
2015-03-04,22.5655585200,22.4916391800,22.7469969000,22.3438005000,104601775,7002145024.0000,1.931229,-0.268200
2015-03-05,22.1758020000,21.8935645200,22.2262015500,21.7726056000,148376607,9706138112.0000,2.739430,-2.659100
2015-03-06,21.9238042500,21.8330850600,22.0716429300,21.8062053000,79405443,5187303936.0000,1.466037,-0.276200
2015-03-09,21.6281268900,22.2833210400,22.4345196900,21.2081306400,144350137,9339642368.0000,2.665090,2.062200
2015-03-10,22.1086026000,22.0750029000,22.2161216400,21.8162852100,83035762,5439821568.0000,1.533063,-0.934900
2015-03-11,22.1758020000,22.2497213400,22.7167571700,22.1220424800,107078557,7145484544.0000,1.976957,0.791500
2015-03-12,22.5789984000,23.1165936000,23.3417115900,22.3471604700,157758881,10760326656.0000,2.912651,3.896100
2015-03-13,23.2577123400,23.1636331800,23.7549879000,22.9721148900,128161911,8911162880.0000,2.366212,0.203500
2015-03-16,23.4727504200,24.6856995900,24.7024994400,23.1871529700,220733485,15776029952.0000,4.075331,6.570900
2015-03-17,25.1997750000,25.0989759000,25.4114531100,24.8301783000,225118769,16816774144.0000,4.156295,1.674100
2015-03-18,25.4114531100,26.0128877400,26.0364075300,25.1628153300,191144404,14529583616.0000,3.529038,3.641200
2015-03-19,25.7877697500,25.4450528100,25.7877697500,25.1661753000,157869405,11932803840.0000,2.914692,-2.182900
2015-03-20,26.4765636000,26.3455247700,26.8797600000,26.0061678000,297613088,23409266944.0000,5.494735,3.538900
2015-03-23,26.5941625500,26.1909661500,26.7117615000,25.9994478600,192748127,15057700352.0000,3.558647,-0.586700
2015-03-24,26.1775262700,25.4484127800,26.1876061800,25.3173739500,211245300,16120827136.0000,3.900154,-2.835100
2015-03-25,25.3341738000,25.2266547600,25.7709699000,24.9981768000,166476946,12546319104.0000,3.073610,-0.871400
2015-03-26,25.1325756000,26.2548055800,26.8394403600,24.8133784500,258337229,20049003776.0000,4.769597,4.075600
2015-03-27,26.2581655500,25.7776898400,26.2884052800,25.6365711000,121951468,9386634496.0000,2.251551,-1.817200
2015-03-30,26.2010460600,26.8663201200,26.9469594000,25.8717690000,235028996,18581459968.0000,4.339265,4.223100
2015-03-31,27.6122334600,26.2884052800,27.8205516000,26.1708063300,243115836,19568282624.0000,4.488569,-2.151100
2015-04-01,26.5941625500,26.5941625500,26.9234396100,26.3085651000,182511062,14456611840.0000,3.369643,1.163100
2015-04-02,26.8394403600,26.2144859400,26.8528802400,25.8852088800,169020999,13243173888.0000,3.120580,-1.427700
2015-04-03,26.1036069300,26.4463238700,26.5370430600,26.0061678000,129000856,10094320384.0000,2.381701,0.884400
2015-04-07,26.6109624000,27.2258369100,27.3098361600,26.3757645000,214798278,17190330368.0000,3.965752,2.947500
2015-04-08,27.3098361600,27.6895127700,28.2069481500,26.7117615000,277207808,22668268800.0000,5.117999,1.703100
2015-04-09,27.7936718400,27.3635956800,28.7042237100,27.2594366100,253739670,21076518144.0000,4.684714,-1.177000
2015-04-10,27.4106352600,28.9427815800,28.9898211600,27.3199160700,256251069,21438684160.0000,4.731081,5.771100
2015-04-13,29.4971766300,28.9663013700,29.8298136600,28.9293417000,229668184,19980660992.0000,4.240290,0.081300
2015-04-14,28.9663013700,28.4488659900,28.9663013700,28.1565486000,157844912,13401869056.0000,2.914240,-1.786300
2015-04-15,28.3951064700,28.4119063200,29.3157382500,28.1935082700,164214757,14022191616.0000,3.031844,-0.129900
2015-04-16,28.2237480000,30.5085276000,30.5454872700,28.1229489000,264251609,23258231808.0000,4.878792,7.379400
2015-04-17,31.0461228000,30.2128502400,31.3821198000,29.9944521900,228910347,20812376320.0000,4.226298,-0.969200
2015-04-20,29.6416553400,28.7411833800,30.2128502400,28.6101445500,239200544,20984046336.0000,4.416283,-4.871000
2015-04-21,29.0637405000,29.5643760300,29.6685351000,28.5731848800,184476397,16006429440.0000,3.405928,2.864200
2015-04-22,29.8331736300,30.2766896700,30.4682079600,29.6786150100,176685852,15769400576.0000,3.262094,2.409400
2015-04-23,30.3203692800,29.6013357000,30.3405291000,29.3829376500,175507053,15516360448.0000,3.240330,-2.230600
2015-04-24,28.9629414000,28.5160653900,29.1611796300,28.1901483000,234005637,19935778048.0000,4.320371,-3.666300
2015-04-27,28.7949429000,29.0032610400,29.2216590900,28.6135045200,174539405,15016164608.0000,3.222465,1.708500
2015-04-28,28.9629414000,28.9192617900,29.6046956700,28.4354261100,204085955,17572161536.0000,3.767973,-0.289600
2015-04-29,29.1645396000,29.4333372000,29.7189346500,28.8890220600,183026613,15971963136.0000,3.379161,1.777600
2015-04-30,29.9037330000,29.7894940200,30.3338091600,29.5677360000,234097774,20912652288.0000,4.322072,1.210100
2015-05-04,29.9373327000,30.3976485900,30.4178084100,29.1309399000,183985944,16296696576.0000,3.396873,2.041500
2015-05-05,30.4211683800,28.9461415500,30.5051676300,28.8755821800,199475806,17584557824.0000,3.682858,-4.775100
2015-05-06,29.1645396000,29.7592542900,31.5030787200,29.0671004700,348926752,31441769216.0000,6.442122,2.809100
2015-05-07,29.2317390000,29.2485388500,29.7323745300,28.8487024200,168260640,14653216256.0000,3.106542,-1.716200
2015-05-08,29.6080556400,29.1981393000,29.7021348000,28.5664649400,158205720,13689688320.0000,2.920901,-0.172300
2015-05-11,29.2317390000,29.8096538400,30.1893304500,28.9058219100,182729596,16041853184.0000,3.373678,2.094400
2015-05-12,29.5845358500,29.8869331500,30.1590907200,29.3997375000,146960102,13015558656.0000,2.713277,0.259200
2015-05-13,29.8869331500,29.2384589400,30.0515716800,29.1175000200,147044496,12907387904.0000,2.714835,-2.169800
2015-05-14,29.2149391500,28.9999010700,29.5677360000,28.9024619400,132072528,11458809344.0000,2.438413,-0.815900
2015-05-15,28.9965411000,28.3615067700,28.9965411000,28.1229489000,156070902,13235769088.0000,2.881487,-2.201400
2015-05-18,28.1565486000,27.6895127700,28.2405478500,27.6559130700,123565452,10291284992.0000,2.281349,-2.369400
2015-05-19,27.7365523500,28.7075836800,28.9360616400,27.7331923800,154372257,13106099968.0000,2.850125,3.676700
2015-05-20,28.8554223600,28.7512632900,29.2115791800,28.4555859300,143283123,12284896768.0000,2.645390,0.152200
2015-05-21,28.7882229600,29.0973402000,29.3258181600,28.6605441000,112747011,9730935296.0000,2.081612,1.203700
2015-05-22,29.3459779800,30.0918913200,30.1154111100,29.2989384000,185336705,16451203328.0000,3.421812,3.418000
2015-05-25,30.5757270000,30.7706052600,31.0730025600,30.4278883200,184724246,16869031168.0000,3.410504,2.255500
2015-05-26,31.5165186000,31.3048404900,31.6845171000,30.5757270000,171911157,15920094976.0000,3.173940,1.736200
2015-05-27,31.1469219000,30.5958868200,31.3753998600,30.3405291000,136055091,12450450688.0000,2.511941,-2.264700
2015-05-28,30.4917277500,28.6336643400,30.5958868200,28.5261453000,196262588,17326032384.0000,3.623533,-6.413400
2015-05-29,28.8352625400,28.7075836800,29.0469406500,28.2304679400,147776223,12621933568.0000,2.728345,0.258200
2015-06-01,28.4925456000,29.3694977700,29.6685351000,28.1229489000,179792900,15476336640.0000,3.319458,2.305700
2015-06-02,29.3997375000,29.0234208600,29.4938166600,28.5597450000,137917966,11868036608.0000,2.546335,-1.178400
2015-06-03,29.0301408000,28.7411833800,29.2283790300,28.5631049700,118672818,10174241792.0000,2.191018,-0.972400
2015-06-04,28.7680631400,29.5710959700,29.6618151600,28.1565486000,183339093,15815866880.0000,3.384931,2.887500
2015-06-05,29.9810123100,29.2149391500,30.1658106600,28.5933447000,162530438,14266631936.0000,3.000747,-1.204400
2015-06-08,29.4030974700,30.9083640300,31.0998823200,29.1376598400,283773248,25510154752.0000,5.239214,5.796400
2015-06-09,30.8445246000,30.0347718300,30.9722034600,29.7962139600,168452421,15184125952.0000,3.110083,-2.826400
2015-06-10,29.6685351000,29.7189346500,30.1322109600,29.3930175600,109904635,9745165312.0000,2.029134,-1.051600
2015-06-11,29.7290145600,30.3270892200,31.0360428900,29.3291781300,213607813,19230908416.0000,3.943772,2.046400
2015-06-12,30.4715679300,30.3002094600,30.7941250500,30.1254910200,137524986,12439728384.0000,2.539080,-0.088600
2015-06-15,30.3842087100,29.2250190600,30.5757270000,29.1578196600,153941816,13597187072.0000,2.842178,-3.548500
2015-06-16,28.8957420000,29.0637405000,29.6886949200,28.7613432000,124997510,10863828224.0000,2.307789,-0.551900
2015-06-17,29.2317390000,29.2317390000,29.4635769300,28.8957420000,102648200,8911609856.0000,1.895161,0.578000
2015-06-18,29.1645396000,28.2103081200,29.1645396000,28.1834283600,125555340,10721249280.0000,2.318088,-3.494300
2015-06-19,27.9549504000,27.0275986800,28.4253462000,26.9066397600,143201987,11879403008.0000,2.643892,-4.192500
2015-06-23,27.2157570000,28.3682267100,28.4219862300,27.1015180200,168421645,13952398080.0000,3.109515,4.960200
2015-06-24,28.4421460500,28.5160653900,28.6605441000,27.8911109700,123696945,10420815616.0000,2.283777,0.521100
2015-06-25,28.6000646400,27.6962327100,28.7210235600,27.6861528000,108422329,9102724096.0000,2.001767,-2.875000
2015-06-26,27.2157570000,26.0196076800,28.1632685400,25.0116166800,234595118,18677212672.0000,4.331254,-6.053600
2015-06-29,26.5437630000,25.7104904400,26.8394403600,24.2690633100,251962206,19409615104.0000,4.651897,-1.188000
2015-06-30,25.8717690000,27.5315941800,27.5517540000,25.5424919400,233286343,18510189312.0000,4.307091,7.083100
2015-07-01,27.2157570000,26.4295240200,27.3837555000,26.1103268700,147044564,11798499328.0000,2.714836,-4.002900
2015-07-02,26.5370430600,26.1439265700,26.8428003300,25.2669744000,188888901,14718706176.0000,3.487395,-1.080600
2015-07-03,25.8717690000,25.0250565600,26.5404030300,24.3026630100,202088745,15365030656.0000,3.731099,-4.279600
2015-07-06,26.9805591000,26.2783253700,27.1149579000,25.2333747000,383552432,29963993856.0000,7.081405,5.008000
2015-07-07,25.7810498100,28.9058219100,28.9058219100,23.8927466700,843328128,67941284096.0000,15.570096,9.998700
2015-07-08,26.0431274700,26.0263276200,27.3165561000,26.0162477100,369352352,28955189760.0000,6.819234,-9.961600
2015-07-09,26.0263276200,27.0141588000,28.1565486000,24.1985039400,346342032,27318205952.0000,6.394402,3.795500
2015-07-10,26.5471229700,27.6155934300,28.8957420000,26.3421648000,336162688,27958277888.0000,6.206464,2.226400
2015-07-13,27.1955971800,27.0914381100,27.8037517500,26.6781618000,205099182,16580197376.0000,3.786680,-1.898000
2015-07-14,26.7218414100,26.4194441100,27.2157570000,26.1405666000,154676658,12262032384.0000,2.855745,-2.480500
2015-07-15,26.2111259700,26.5538429100,26.8797600000,25.9725681000,138493996,10862620928.0000,2.556970,0.508700
2015-07-16,26.4765636000,26.3656845900,26.7050415600,26.0397675000,79580693,6232885760.0000,1.469273,-0.708600
2015-07-17,26.5437630000,27.0343186200,27.3165561000,26.3690445600,113951807,9119144960.0000,2.103856,2.536000
2015-07-20,27.5349541500,27.2459967300,27.6827928300,27.0477585000,123990895,10086003968.0000,2.289204,0.783000
2015-07-21,27.0477585000,27.0645583500,27.2930363100,26.8092006300,87015852,6996517120.0000,1.606546,-0.665900
2015-07-22,27.0343186200,26.6277622500,27.0645583500,26.3757645000,88455953,7041853696.0000,1.633134,-1.613900
2015-07-23,26.8629601500,27.7432722900,27.8138316600,26.7050415600,154523046,12638572800.0000,2.852909,4.189300
2015-07-24,27.7835919300,27.0880781400,27.7835919300,27.0645583500,118178200,9618558464.0000,2.181886,-2.361600
2015-07-27,26.9731393200,24.7214332800,27.1016150400,24.6064813200,171259599,6577247744.0000,1.580955,-8.736900
2015-07-28,23.6733418800,23.7341988000,24.8363852400,23.3825810400,339771040,12044033024.0000,3.136542,-3.993400
2015-07-29,24.1804828800,23.6260087200,24.3292442400,22.8551544000,296485248,10259996416.0000,2.736956,-0.455800
2015-07-30,23.5989612000,23.2000102800,24.3968630400,23.0580108000,234107360,8248156928.0000,2.161124,-1.803100
2015-07-31,22.9971538800,22.5643935600,23.2743909600,22.3885846800,203641357,6851989504.0000,1.879882,-2.739700
2015-08-03,22.3142040000,22.5576316800,22.5779173200,21.8273486400,232199395,7598281216.0000,2.143511,-0.030000
2015-08-04,22.3818228000,23.1323914800,23.1932484000,22.2803946000,154959144,5215803392.0000,1.430480,2.548000
2015-08-05,22.9903920000,22.5102985200,23.0512489200,22.4562034800,129319492,4354845440.0000,1.193792,-2.689300
2015-08-06,22.1586807600,22.2398233200,22.7469643200,22.0504906800,96170786,3181754688.0000,0.887785,-1.201600
2015-08-07,22.5441079200,22.9160113200,23.1526771200,22.4156322000,152416244,5156939264.0000,1.407006,3.040400
2015-08-10,22.9903920000,23.7274369200,23.9641027200,22.6996311600,219839332,7595855360.0000,2.029411,3.540900
2015-08-11,23.5989612000,23.5786755600,24.1331497200,23.4637236000,166487100,5851436032.0000,1.536899,-0.627000
2015-08-12,23.3284860000,22.8483925200,23.5042948800,22.8348687600,133346307,4575516416.0000,1.230965,-3.097200
2015-08-13,22.7942974800,23.0377251600,23.1797246400,22.6522980000,110002958,3730365392.0000,1.015475,0.828600
2015-08-14,23.1121058400,22.9160113200,23.1662008800,22.8551544000,115595672,3923707184.0000,1.067103,-0.528300
2015-08-17,22.5914410800,22.2939183600,22.6455361200,22.0437288000,152170414,5013929984.0000,1.404737,-2.714700
2015-08-18,22.3344896400,21.1579225200,22.7402024400,21.1241131200,210389448,6836216832.0000,1.942176,-5.095500
2015-08-19,20.9280186000,21.2390650800,21.3945883200,20.6237340000,161453342,5026061312.0000,1.490431,0.383500
2015-08-20,20.9618280000,20.6575434000,21.2323032000,20.6372577600,109864022,3401177552.0000,1.014192,-2.738000
2015-08-21,20.5966864800,19.8731653200,21.0632562000,19.8123084000,205858189,6216774144.0000,1.900347,-3.797100
2015-08-24,19.2645961200,17.8851726000,19.2713580000,17.8851726000,403296224,10916009728.0000,3.722964,-10.003400
2015-08-25,17.1075564000,16.9790806800,18.6289794000,16.6680342000,431616160,11301806080.0000,3.984395,-5.066200
2015-08-26,17.0399376000,17.8243156800,18.4599324000,16.9858425600,382669152,10024843776.0000,3.532549,4.978100
2015-08-27,18.5275512000,19.6094520000,19.6094520000,18.2367903600,393998432,11001233920.0000,3.637133,10.015200
2015-08-28,19.9475460000,20.0489742000,20.5493533200,19.4674525200,331933952,9860535552.0000,3.064195,2.241400
2015-08-31,19.5147856800,20.4817345200,20.5223058000,19.2848817600,289466608,8509542144.0000,2.672164,2.158500
2015-09-01,19.9678316400,20.3938300800,20.4073538400,19.3727862000,369091184,10980646912.0000,3.407206,-0.429200
2015-09-02,19.7108802000,20.2721162400,20.4479251200,19.6297376400,373505872,11157121536.0000,3.447959,-0.596800
2015-09-07,20.0489742000,19.5283094400,20.4749726400,19.3389768000,136313308,4019719040.0000,1.258354,-3.669100
2015-09-08,19.5147856800,20.1233548800,20.1977355600,19.5147856800,125528629,3694428960.0000,1.158797,3.047100
2015-09-09,20.3138475800,20.5587566600,20.8580899800,20.1437718300,143050164,4321472512.0000,1.320545,2.163600
2015-09-10,20.4635142400,20.5927718100,20.6539990800,20.2798324300,87888881,2647099744.0000,0.811332,0.165500
2015-09-11,20.5179384800,20.3002415200,20.7288324100,20.1437718300,70826201,2128174256.0000,0.653821,-1.420500
2015-09-14,20.3886809100,20.5043324200,20.5451506000,19.5451051900,220674688,6496888064.0000,2.037123,1.005400
2015-09-15,20.1369688000,20.0417263800,20.2662263700,19.7287870000,118329733,3476001216.0000,1.092342,-2.256100
2015-09-16,19.9532869900,20.7832566500,21.2050445100,19.7764082100,114814688,3443174704.0000,1.059893,3.699900
2015-09-17,20.7424384700,20.5859687800,21.2118475400,20.4771203000,101606967,3114574112.0000,0.937968,-0.949300
2015-09-18,20.6948172600,20.7968627100,21.1574233000,20.6539990800,85643882,2632220480.0000,0.790608,1.024500
2015-09-21,20.5519536300,21.0621808800,21.1914384500,20.4431051500,81031920,2497646224.0000,0.748033,1.275800
2015-09-22,21.1574233000,21.6132263100,21.8105141800,20.9737414900,120072574,3807237312.0000,1.108431,2.616300
2015-09-23,21.2866808700,20.9329233100,21.4839687400,20.8921051300,101241517,3147688976.0000,0.934595,-3.147600
2015-09-24,21.0281657300,21.1846354200,21.3138929900,20.9805445200,63852786,1986333952.0000,0.589447,1.202500
2015-09-25,21.0961960300,21.2458626900,21.3615142000,20.8036657400,71148577,2207160544.0000,0.656797,0.289000
2015-09-28,21.1234081500,21.0213627000,21.1778323900,20.8716960400,27179227,840411104.0000,0.250901,-1.056700
2015-09-29,20.7356354400,20.3614687900,20.7356354400,20.1845900100,64059048,1923779664.0000,0.591351,-3.139200
2015-09-30,20.4431051500,20.3138475800,20.5315445400,20.2526203100,36554916,1094588096.0000,0.337451,-0.233900
2015-10-08,21.7696960000,20.8853021000,21.8717414500,20.7832566500,174729254,5480154112.0000,1.612985,2.813100
2015-10-09,21.1574233000,21.5519990400,21.6540444900,21.0893930000,82081673,2590000096.0000,0.757724,3.192200
2015-10-12,21.5043778300,22.2050899200,22.4023777900,21.4703626800,102692258,3332610800.0000,0.947987,3.030300
2015-10-13,21.9737869000,21.9057566000,22.2254990100,21.8377263000,48784540,1576258160.0000,0.450347,-1.348000
2015-10-14,21.8173172100,21.5519990400,21.9669838700,21.5383929800,47156844,1506355376.0000,0.435321,-1.614900
2015-10-15,21.6336354000,22.0826353800,22.1030444700,21.5519990400,64521081,2074667600.0000,0.595616,2.462100
2015-10-16,22.2118929500,22.3071353700,22.5520444500,22.1098475000,68363054,2242800704.0000,0.631083,1.016600
2015-10-19,22.3139384000,22.5656505100,22.7085141400,22.1982868900,88096211,2906550800.0000,0.813246,1.158900
2015-10-20,22.4159838500,22.3887717300,22.4840141500,22.1098475000,54658545,1789614928.0000,0.504572,-0.783800
2015-10-21,22.4227868800,22.3479535500,22.8989989800,21.8173172100,133704957,4401719040.0000,1.234276,-0.182300
2015-10-22,22.1098475000,22.3547565800,22.4840141500,22.0078020500,71371479,2333752528.0000,0.658854,0.030400
2015-10-23,22.4499990000,22.9466201900,23.1303020000,22.4227868800,99386427,3324918288.0000,0.917470,2.647600
2015-10-26,23.1439080600,22.8377717100,24.1575595300,22.8105595900,212648098,7308216576.0000,1.963027,-0.474400
2015-10-27,22.8649838300,23.3820141100,23.9058474200,22.4568020300,126733683,4262137632.0000,1.169922,2.383100
2015-10-28,23.2663626000,22.8241656500,23.3684080500,22.7901505000,67072585,2272148528.0000,0.619170,-2.385800
2015-10-29,22.9330141300,22.7085141400,23.0282565500,22.5928626300,52017325,1740836384.0000,0.480190,-0.506700
2015-10-30,22.7221202000,22.7833474700,23.0962868500,22.6132717200,47407089,1593297856.0000,0.437631,0.329500
2015-11-02,22.5452414200,22.4636050600,22.7629383800,22.3887717300,56104771,1859836272.0000,0.517922,-1.403400
2015-11-03,22.5724535400,22.4636050600,22.6336808100,22.3819687000,38103234,1259373728.0000,0.351744,0.000000
2015-11-04,22.5112262700,23.8106050000,24.0623171100,22.5112262700,192253306,6626688000.0000,1.774755,5.996400
2015-11-05,23.4772565300,24.0283019600,25.4977564400,23.4500444100,442103024,15937374208.0000,4.081203,0.914300
2015-11-06,23.9806807500,24.6201655700,24.8310595000,23.8310140900,214827617,7711812864.0000,1.983147,2.463200
2015-11-09,24.7018019300,24.7970443500,25.4637412900,24.5997564800,233123714,8558319360.0000,2.152044,0.718400
2015-11-10,24.4909080000,24.6609837500,25.1303928200,24.3548474000,142819589,5184340736.0000,1.318416,-0.548700
2015-11-11,24.5249231500,24.3820595200,24.6541807200,24.1303474100,111438113,3992233808.0000,1.028723,-1.131000
2015-11-12,24.5453322400,24.1031352900,24.5453322400,24.0691201400,91357791,3245969376.0000,0.843355,-1.144000
2015-11-13,23.8446201500,23.8446201500,24.1371504400,23.7493777300,76458303,2691602784.0000,0.705813,-1.072500
2015-11-16,23.4976656200,23.8922413600,23.9126504500,23.4364383500,74745954,2609229840.0000,0.690005,0.199700
2015-11-17,24.0487110500,23.9874837800,24.7494231400,23.8922413600,96838961,3461375056.0000,0.893953,0.398600
2015-11-18,23.9806807500,23.7289686400,24.0623171100,23.6405292500,69300139,2428026592.0000,0.639733,-1.077700
2015-11-19,23.8242110600,24.0214989300,24.0555140800,23.7765898500,50583227,1775583744.0000,0.466951,1.232800
2015-11-20,24.0146959000,23.8378171200,24.0691201400,23.8038019700,50097068,1760322096.0000,0.462463,-0.764700
2015-11-23,23.8582262100,23.7901959100,24.0010898400,23.7425747000,60898386,2134080480.0000,0.562174,-0.199800
2015-11-24,23.7493777300,23.7901959100,23.9398625700,23.5248777400,65254433,2280565312.0000,0.602386,0.000000
2015-11-25,23.7765898500,23.8378171200,23.8718322700,23.7153625800,48336266,1689881296.0000,0.446208,0.200200
2015-11-26,23.9398625700,23.8310140900,24.0963322600,23.8106050000,54916243,1931733520.0000,0.506950,-0.028500
2015-11-27,23.8106050000,23.0214535200,23.8650292400,22.7153171700,116454446,3976312832.0000,1.075030,-3.397100
2015-11-30,22.9194080700,22.9942414000,23.1303020000,22.4159838500,84030498,2818935968.0000,0.775714,-0.118200
2015-12-01,22.9874383700,23.2119383600,23.7425747000,22.8649838300,83519647,2848757360.0000,0.770998,0.946700
2015-12-02,23.2663626000,24.4977110300,24.6269686000,23.1166959400,182813266,6485780992.0000,1.687611,5.539300
2015-12-03,24.1711655900,24.4704989100,24.8990898000,24.0283019600,142305933,5124732672.0000,1.313674,-0.111100
2015-12-04,24.1235443800,23.7765898500,24.2732110400,23.6745444000,87368217,3067572576.0000,0.806526,-2.835700
2015-12-07,23.8106050000,23.6337262200,23.9126504500,23.4908625900,48751673,1695057840.0000,0.450043,-0.600900
2015-12-08,23.4704535000,23.4160292600,23.7085595500,23.3616050200,57354970,1980308832.0000,0.529463,-0.921100
2015-12-09,23.4296353200,23.4296353200,23.7153625800,23.3616050200,41609639,1436700096.0000,0.384113,0.058100
2015-12-10,23.4092262300,23.4636504700,23.9806807500,23.3956201700,55345796,1924457024.0000,0.510916,0.145200
2015-12-11,23.3956201700,23.5180747100,23.5793019800,23.2527565400,52799774,1818472160.0000,0.487413,0.231900
2015-12-14,23.2323474500,24.2323928600,24.4568928500,23.1439080600,94982292,3319950896.0000,0.876814,3.037300
2015-12-15,24.1507565000,23.9874837800,24.2255898300,23.8446201500,63275218,2232001216.0000,0.584115,-1.010700
2015-12-16,24.0146959000,23.9534686300,24.1711655900,23.8922413600,38051697,1343651168.0000,0.351268,-0.141800
2015-12-17,24.1915746800,24.1575595300,24.4092716400,23.9942868100,58593058,2086099664.0000,0.540892,0.852000
2015-12-18,24.0895292300,24.3480443700,24.6813928400,24.0555140800,83940922,3012056336.0000,0.774887,0.788500
2015-12-21,24.3480443700,25.1031807000,25.3276806900,24.2528019500,138613465,5083964416.0000,1.279588,3.101400
2015-12-22,25.0691655500,25.1235897900,25.2460443300,24.7698322300,72390841,2660120720.0000,0.668264,0.081300
2015-12-23,25.1167867600,25.1576049400,25.7698776400,25.0351504000,118840026,4448049152.0000,1.097053,0.135400
2015-12-24,25.2120291800,25.1167867600,25.5725897700,24.8038473800,81236313,3003984960.0000,0.749920,-0.162300
2015-12-25,25.1031807000,25.1031807000,25.2868625100,24.9739231300,35244314,1300920864.0000,0.325352,-0.054200
2015-12-28,25.1371958500,24.2868171000,25.2392413000,24.2596049800,63939139,2315140688.0000,0.590244,-3.252000
2015-12-29,24.2868171000,24.5929534500,24.6201655700,24.2664080100,30801923,1106025120.0000,0.284343,1.260500
2015-12-30,24.6677867800,24.3276352800,24.6813928400,24.1099383200,49397553,1766140272.0000,0.456006,-1.078800
2015-12-31,24.3480443700,24.4909080000,24.6201655700,24.0963322600,51927675,1858174592.0000,0.479362,0.671100
2016-01-04,24.3820595200,23.1643171500,24.3820595200,23.0622717000,70997199,2468127280.0000,0.655399,-5.416700
2016-01-05,22.9126050400,23.4704535000,23.6813474300,22.7901505000,87498507,3002728336.0000,0.807728,1.321600
2016-01-06,23.3343929000,23.4908625900,23.5793019800,23.1303020000,48012110,1648967872.0000,0.443216,0.087000
2016-01-07,23.1303020000,22.9738323100,23.4840595600,22.4499990000,23647605,796250800.0000,0.218299,-2.201000
2016-01-08,23.1303020000,23.0894838200,23.4364383500,22.3819687000,98239660,3319542176.0000,0.906884,0.503400
2016-01-11,22.4499990000,21.7901050900,22.6744989900,21.7696960000,99355700,3259413152.0000,0.917186,-5.627600
2016-01-12,21.9533778100,21.9125596300,22.1506656800,21.6472414600,74380914,2393261856.0000,0.686635,0.562000
2016-01-13,22.2935293100,21.7628929700,22.3003323400,21.6676505500,62533019,2021310640.0000,0.577264,-0.683000
2016-01-14,21.0213627000,21.7628929700,21.8105141800,20.9533324000,79722712,2501041136.0000,0.735947,0.000000
2016-01-15,21.5247869200,21.2254536000,21.6812566100,21.0213627000,59140260,1852786048.0000,0.545944,-2.469500
2016-01-18,20.9057111900,21.1370142100,21.2730748100,20.8104687700,48369367,1499292432.0000,0.446514,-0.416700
2016-01-19,21.2390596600,21.4363475300,21.5519990400,20.9193172500,67392536,2110985232.0000,0.622123,1.416200
2016-01-20,21.2390596600,20.7696505900,21.3955293500,20.6063778700,100704268,3093888704.0000,0.929635,-3.110100
2016-01-21,20.6608021100,20.5111354500,20.9601354300,20.3206506100,68190102,2062908480.0000,0.629486,-1.244700
2016-01-22,20.6608021100,20.5587566600,20.7424384700,20.1913930400,49310407,1483455600.0000,0.455201,0.232200
2016-01-25,20.6063778700,20.5859687800,20.6539990800,20.3342566700,37474472,1128901680.0000,0.345940,0.132400
2016-01-26,20.3478627300,19.8852566900,20.4771203000,19.7151809400,76680981,2257692352.0000,0.707868,-3.403800
2016-01-27,19.9668930500,19.8784536600,20.0553324400,19.5927264000,70385326,2053855392.0000,0.649751,-0.034200
2016-01-28,19.8648476000,19.9328779000,20.1437718300,19.5723173100,48441759,1415213664.0000,0.447182,0.273800
2016-01-29,19.8648476000,20.5315445400,20.6676051400,19.8104233600,64439144,1926485792.0000,0.594860,3.003400
2016-02-01,20.5179384800,20.0893475900,20.5179384800,19.9396809300,34048457,1010608896.0000,0.314313,-2.153700
2016-02-02,20.0893475900,20.3886809100,20.4771203000,20.0689385000,37513430,1121692992.0000,0.346299,1.490000
2016-02-03,20.0689385000,20.1641809200,20.2730294000,19.7968173000,39035211,1146446848.0000,0.360347,-1.101100
2016-02-04,20.2526203100,20.2118021300,20.4499081800,20.0621354700,36657042,1092202368.0000,0.338394,0.236200
2016-02-05,20.2049991000,20.1777869800,20.4090900000,20.1437718300,33330201,993430368.0000,0.307682,-0.168300
2016-02-15,19.5246961000,20.0213172900,20.2662263700,19.4702718600,43993725,1285788944.0000,0.406121,-0.775500
2016-02-16,20.1029536500,20.4907263600,20.6267869600,20.0417263800,39757869,1196447904.0000,0.367018,2.344500
2016-02-17,20.4975293900,20.4363021200,20.6335899900,20.3546657600,46163466,1391102848.0000,0.426151,-0.265600
2016-02-18,20.5995748400,20.3478627300,20.7424384700,20.2730294000,48458572,1463151184.0000,0.447338,-0.432800
2016-02-19,20.3478627300,20.3546657600,20.5111354500,20.2254081900,26092199,780758768.0000,0.240866,0.033400
2016-02-22,20.5995748400,21.0689839100,21.5315899500,20.4294990900,78908600,2431155408.0000,0.728432,3.509400
2016-02-23,21.0621808800,20.7492415000,21.0689839100,20.5723627200,43458444,1328534704.0000,0.401180,-1.517600
2016-02-24,20.6131809000,20.6880142300,20.8172718000,20.4294990900,30491050,923163840.0000,0.281473,-0.295100
2016-02-25,20.6608021100,19.7015748800,20.6608021100,19.6335445800,59059774,1748561040.0000,0.545201,-4.768200
2016-02-26,19.9532869900,19.7968173000,20.0009082000,19.6879688200,33211134,969727472.0000,0.306583,0.483400
2016-02-29,19.7628021500,19.7355900300,19.8308324500,18.9192264300,66763176,1905354128.0000,0.616314,-0.309300
2016-03-01,19.6607567000,19.9056657800,20.1981960700,19.4294536800,40682753,1182768080.0000,0.375556,0.861800
2016-03-02,19.9668930500,20.5315445400,20.6131809000,19.9668930500,62335409,1866957712.0000,0.575439,3.144200
2016-03-03,20.5791657500,20.6676051400,20.7424384700,20.3954839400,53494887,1617317664.0000,0.493829,0.662700
2016-03-04,20.5995748400,21.4635596500,21.4975748000,20.4975293900,178976573,5572673536.0000,1.652193,3.851200
2016-03-07,21.3479081400,21.1234081500,21.4839687400,20.9601354300,54440341,1695365200.0000,0.502557,-1.584800
2016-03-08,21.0757869400,21.2934839000,21.3274990500,20.4022869700,67391212,2063557424.0000,0.622111,0.805200
2016-03-09,20.9669384600,21.3479081400,21.3955293500,20.5859687800,80090596,2476074416.0000,0.739343,0.255600
2016-03-10,21.0757869400,20.9125142200,21.2866808700,20.8853021000,33110889,1024457376.0000,0.305658,-2.039500
2016-03-11,20.7968627100,21.1166051200,21.1574233000,20.7288324100,35792982,1104131776.0000,0.330417,0.975900
2016-03-14,21.0825899700,21.1642263300,21.4771657100,21.0213627000,55579715,1737635744.0000,0.513075,0.225500
2016-03-15,21.1234081500,21.3343020800,21.4227414700,20.8512869500,61981843,1934428496.0000,0.572175,0.803600
2016-03-16,21.1574233000,21.8581353900,21.9465747800,21.1234081500,159647657,5110207488.0000,1.473762,2.455400
2016-03-17,21.8377263000,21.7696960000,22.0214081100,21.6880596400,57078597,1831613488.0000,0.526912,-0.404600
2016-03-18,21.9873929600,21.8513323600,22.0554232600,21.6880596400,87408324,2814665232.0000,0.806896,0.375000
2016-03-21,22.0350141700,22.3343474900,22.9942414000,21.9329687200,113879011,3765399056.0000,1.051256,2.210500
2016-03-22,22.2118929500,21.8377263000,22.4772111200,21.7696960000,60362722,1955171904.0000,0.557229,-2.223600
2016-03-23,21.9669838700,21.9465747800,22.2867262800,21.8241202400,36047297,1165680608.0000,0.332765,0.498400
2016-03-24,21.8173172100,21.6336354000,21.8309232700,21.5996202500,35109688,1119205600.0000,0.324109,-1.425900
2016-03-25,21.6404384300,21.8105141800,22.3139384000,21.5247869200,35717568,1148277648.0000,0.329721,0.817600
2016-03-28,21.8377263000,21.4023323800,22.0078020500,21.3274990500,37797307,1202848144.0000,0.348920,-1.871500
2016-03-29,21.5043778300,21.2594687500,21.6064232800,21.1846354200,34128188,1072037056.0000,0.315049,-0.667500
2016-03-30,21.4975748000,21.7628929700,21.8105141800,21.4431505600,43205823,1375893936.0000,0.398848,2.368000
2016-03-31,21.8309232700,21.6404384300,21.8921505400,21.5724081300,29797952,951119696.0000,0.275075,-0.562700
2016-04-01,21.6540444900,21.7152717600,21.7424838800,21.2322566300,38552936,1221251120.0000,0.355895,0.345800
2016-04-05,21.5656051000,21.7696960000,21.9057566000,21.4295445000,42978997,1370034032.0000,0.396754,0.250600
2016-04-06,21.6200293400,21.5928172200,21.7424838800,21.5247869200,27232796,865676880.0000,0.251395,-0.812500
2016-04-07,21.6948626700,21.3411051100,21.7424838800,21.3343020800,36211146,1139929920.0000,0.334277,-1.165700
2016-04-08,21.2254536000,21.1982414800,21.2730748100,21.1166051200,36175893,1126007856.0000,0.333952,-0.669400
2016-04-11,21.3070899600,21.4363475300,21.6608475200,21.3070899600,35165894,1110979408.0000,0.324628,1.123200
2016-04-12,21.4227414700,21.4635596500,21.5996202500,21.3615142000,21968838,693090528.0000,0.202802,0.126900
2016-04-13,21.6336354000,21.7084687300,21.9465747800,21.5792111600,75568173,2423542992.0000,0.697595,1.141000
2016-04-14,21.8241202400,21.7833020600,22.0282111400,21.6880596400,42270343,1356507312.0000,0.390212,0.344700
2016-04-15,21.7901050900,21.7628929700,21.8377263000,21.6880596400,53566943,1712994976.0000,0.494495,-0.093700
2016-04-18,21.6336354000,21.6268323700,21.8309232700,21.4363475300,56266307,1794611328.0000,0.519413,-0.625200
2016-04-19,21.7696960000,21.7220747900,21.7969081200,21.5996202500,47555191,1516349056.0000,0.438998,0.440400
2016-04-20,21.7288778200,21.9125596300,21.9397717500,21.1642263300,119379681,3800706464.0000,1.102034,0.876900
2016-04-21,21.7288778200,21.9193626600,22.1098475000,21.6744535800,65119594,2098390480.0000,0.601141,0.031100
2016-04-22,21.7696960000,22.0554232600,22.1438626500,21.6880596400,43078020,1393530944.0000,0.397668,0.620700
2016-04-25,21.9737869000,21.9873929600,22.1098475000,21.7492869100,30729800,991754400.0000,0.283677,-0.308400
2016-04-26,21.9873929600,22.0350141700,22.1302565900,21.9125596300,30804864,995628144.0000,0.284370,0.216600
2016-04-27,22.1574687100,21.9465747800,22.1914838600,21.9125596300,32926140,1068295664.0000,0.303952,-0.401400
2016-04-28,21.9465747800,21.8989535700,22.0282111400,21.7764990300,22743653,732724448.0000,0.209954,-0.217000
2016-04-29,21.8309232700,21.7969081200,22.0418172000,21.7356808500,25951148,834574464.0000,0.239564,-0.466000
2016-05-03,21.7764990300,21.7084687300,22.0622262900,21.6744535800,50917961,1635287968.0000,0.470041,-0.405700
2016-05-04,21.7220747900,21.7220747900,21.7901050900,21.6948626700,26426416,844057424.0000,0.243951,0.062700
2016-05-05,21.7220747900,21.7356808500,21.8037111500,21.6812566100,21140060,675334528.0000,0.195151,0.062600
2016-05-06,21.7696960000,21.3615142000,21.7764990300,21.3547111700,49181874,1559939776.0000,0.454015,-1.721400
2016-05-09,21.3547111700,21.1982414800,21.3615142000,21.1234081500,49046546,1533979360.0000,0.452765,-0.764300
2016-05-10,21.1438172400,21.2186505700,21.2662717800,21.1029990600,27645278,861819328.0000,0.255203,0.096300
2016-05-11,21.2526657200,21.2594687500,21.3411051100,21.1982414800,27763942,867490736.0000,0.256298,0.192400
2016-05-12,21.2254536000,21.5724081300,21.6676505500,21.0553778500,56869642,1792517808.0000,0.524983,1.472000
2016-05-13,21.4635596500,21.5792111600,21.6676505500,21.4227414700,39265080,1246185696.0000,0.362469,0.031500
2016-05-16,21.4703626800,21.5043778300,21.5656051000,21.4363475300,24118291,762062336.0000,0.222644,-0.346800
2016-05-17,21.4975748000,21.4363475300,21.5315899500,21.3955293500,20691674,652435936.0000,0.191012,-0.316400
2016-05-18,21.3683172300,21.6404384300,21.6948626700,21.3411051100,60201782,1907811600.0000,0.555743,0.952100
2016-05-19,21.5724081300,21.6540444900,21.7016657000,21.5656051000,28517053,906817504.0000,0.263251,0.062900
2016-05-20,21.6472414600,21.6472414600,21.7492869100,21.5792111600,17539236,558615504.0000,0.161911,-0.031400
2016-05-23,21.6064232800,21.6540444900,21.7424838800,21.5724081300,27738544,883239664.0000,0.256064,0.031400
2016-05-24,21.5792111600,21.5247869200,21.6540444900,21.4295445000,18552099,586424048.0000,0.171261,-0.596900
2016-05-25,21.6540444900,21.5043778300,21.6880596400,21.4907717700,13712500,435270016.0000,0.126585,-0.094800
2016-05-26,21.5043778300,21.5179838900,21.6268323700,21.4295445000,20356139,643568208.0000,0.187914,0.063300
2016-05-27,21.5656051000,21.4975748000,21.5724081300,21.4839687400,14098751,445752176.0000,0.130150,-0.094800
2016-05-30,21.5996202500,21.7084687300,21.7288778200,21.4295445000,22097500,702233600.0000,0.203990,0.981000
2016-05-31,21.7288778200,22.2595141600,22.7901505000,21.7288778200,75882589,2494611168.0000,0.700498,2.538400
2016-06-01,22.2391050700,21.9669838700,22.3275444600,21.9397717500,42343352,1375741824.0000,0.390886,-1.314200
2016-06-02,21.9805899300,21.9125596300,22.1098475000,21.8377263000,28989196,934538928.0000,0.267609,-0.247800
2016-06-03,22.0758323500,22.0009990200,22.0758323500,21.7833020600,35163822,1132898064.0000,0.324609,0.403600
2016-06-06,22.0418172000,21.8445293300,22.0758323500,21.8037111500,23686984,763007280.0000,0.218663,-0.711200
2016-06-07,21.9193626600,21.8649384200,21.9329687200,21.8241202400,23960661,770372464.0000,0.221189,0.093400
2016-06-08,21.8513323600,21.8717414500,21.9261656900,21.7833020600,26460999,849574224.0000,0.244270,0.031100
2016-06-13,21.7356808500,21.6336354000,21.7901050900,21.5656051000,47023964,1501822512.0000,0.434094,-1.088700
2016-06-14,21.5588020700,21.7560899400,21.7833020600,21.4295445000,35573877,1133505408.0000,0.328395,0.566000
2016-06-15,21.5111808600,21.7560899400,21.8241202400,21.5043778300,38314316,1221903680.0000,0.353692,0.000000
2016-06-16,21.6540444900,21.7492869100,21.8513323600,21.6540444900,32940156,1053956480.0000,0.304082,-0.031300
2016-06-17,21.7492869100,21.7560899400,21.8989535700,21.7152717600,29510558,946009808.0000,0.272422,0.031300
2016-06-20,21.9057566000,21.8513323600,21.9057566000,21.7492869100,25713526,823482128.0000,0.237370,0.437800
2016-06-21,21.8921505400,21.8105141800,22.0962414400,21.7764990300,22864166,736611584.0000,0.211067,-0.186800
2016-06-22,21.8037111500,21.8241202400,21.8717414500,21.7492869100,16359312,524609232.0000,0.151018,0.062400
2016-06-23,21.8309232700,21.7696960000,21.8649384200,21.7492869100,25361741,812060928.0000,0.234123,-0.249400
2016-06-24,21.7560899400,21.4635596500,21.8581353900,21.2322566300,42936222,1362051840.0000,0.396359,-1.406300
2016-06-27,21.4295445000,21.5519990400,21.5928172200,21.3955293500,23863950,754744912.0000,0.220296,0.412000
2016-06-28,21.4771657100,21.6676505500,21.6744535800,21.4023323800,23766593,752102128.0000,0.219397,0.536600
2016-06-29,21.7016657000,21.8785444800,21.8921505400,21.6676505500,26351146,843595392.0000,0.243256,0.973300
2016-06-30,21.8853475100,21.7969081200,21.9737869000,21.7764990300,17779547,570756944.0000,0.164129,-0.373100
2016-07-01,21.8649384200,21.8921505400,21.9601808400,21.8105141800,18235058,586600864.0000,0.168334,0.437000
2016-07-04,21.8513323600,22.0690293200,22.2186959800,21.8105141800,40321889,1308665344.0000,0.372225,0.808000
2016-07-05,22.1446806000,22.0552766100,22.1790667500,22.0071360000,22093835,708723120.0000,0.203956,-0.062300
2016-07-06,22.0071360000,22.0002587700,22.0621538400,21.8695914000,24949967,795789552.0000,0.230322,-0.249500
2016-07-07,21.9727498500,21.9727498500,22.0002587700,21.8695914000,22363060,712756096.0000,0.206441,-0.125000
2016-07-08,21.9727498500,21.8558369400,21.9796270800,21.8420824800,19295029,613694896.0000,0.178119,-0.532100
2016-07-11,21.8764686300,21.8627141700,21.9865043100,21.8420824800,23128423,737189872.0000,0.213506,0.031500
2016-07-12,21.8764686300,22.2891024300,22.3234885800,21.8695914000,42598577,1370988832.0000,0.393242,1.950300
2016-07-13,22.4197698000,22.3234885800,22.5573144000,22.2134529000,42203460,1373499792.0000,0.389594,0.154300
2016-07-14,22.3097341200,22.3441202700,22.3509975000,22.2065756700,20651738,668453808.0000,0.190643,0.092400
2016-07-15,22.3509975000,22.4128925700,22.4885421000,22.2959796600,35206349,1146376128.0000,0.325002,0.307800
2016-07-18,22.4679104100,22.4816648700,22.6948590000,22.4335242600,38033581,1247791264.0000,0.351101,0.306800
2016-07-19,22.4816648700,22.2684707400,22.4816648700,22.1515578300,26362017,853931056.0000,0.243357,-0.948300
2016-07-20,22.2959796600,22.2203301300,22.3166113500,22.0965399900,18557332,599404448.0000,0.171309,-0.216200
2016-07-21,22.2203301300,22.3853836500,22.4541559500,22.2203301300,24834404,807123488.0000,0.229255,0.742800
2016-07-22,22.3509975000,22.2134529000,22.3785064200,22.1653122900,21162492,685426384.0000,0.195358,-0.768000
2016-07-25,22.2134529000,22.2134529000,22.2822252000,22.1584350600,17490184,565477120.0000,0.161458,0.000000
2016-07-26,22.2134529000,22.3647519600,22.4472787200,22.1790667500,40607690,1315811008.0000,0.374863,0.681100
2016-07-27,22.3853836500,22.5504371700,22.5573144000,21.8902230900,80288281,2601958944.0000,0.741168,0.830300
2016-07-28,22.3716291900,22.3166113500,22.4747876400,22.2891024300,28491225,927273008.0000,0.263012,-1.036900
2016-07-29,22.3441202700,22.2615935100,22.4197698000,22.2203301300,22929963,744105408.0000,0.211674,-0.246500
2016-08-01,22.2134529000,22.1996984400,22.2822252000,22.1446806000,22213897,717235904.0000,0.205064,-0.278000
2016-08-02,22.2134529000,22.1996984400,22.2684707400,22.1446806000,17685932,570712736.0000,0.163265,0.000000
2016-08-03,22.0965399900,22.1309261400,22.1996984400,22.0759083000,18652513,600429968.0000,0.172188,-0.309800
2016-08-04,22.1309261400,22.1102944500,22.1446806000,22.0140132300,20772929,666430064.0000,0.191762,-0.093200
2016-08-05,22.1171716800,22.1309261400,22.1790667500,22.0827855300,27213137,875728864.0000,0.251214,0.093300
2016-08-08,22.1653122900,22.1928212100,22.2134529000,22.0759083000,30356935,978456144.0000,0.280235,0.279700
2016-08-09,22.2340845900,22.3785064200,22.4610331800,22.2340845900,41065840,1334273440.0000,0.379093,0.836700
2016-08-10,22.3853836500,22.3785064200,22.5435599400,22.3647519600,34781458,1134553584.0000,0.321079,0.000000
2016-08-11,22.3509975000,22.5504371700,22.9699482000,22.3509975000,77933585,2572039040.0000,0.719431,0.768300
2016-08-12,22.5641916300,23.0249660400,23.0387205000,22.5298054800,69438198,2300089392.0000,0.641008,2.104300
2016-08-15,23.0731066500,23.7677068800,24.2284812900,23.0249660400,122157230,4208217328.0000,1.127675,3.225800
2016-08-16,23.9327604000,23.3275641600,24.0152871600,23.3069324700,91604428,3137874784.0000,0.845632,-1.851900
2016-08-17,23.4169681500,23.3619503100,23.4719859900,23.1625106400,42967525,1457681728.0000,0.396648,0.147400
2016-08-18,23.5888989000,23.6783028900,24.0015327000,23.4719859900,85035533,2938789952.0000,0.784992,1.354100
2016-08-19,23.7126890400,23.7401979600,23.8364791800,23.4994949100,35481775,1221887632.0000,0.327544,0.261400
2016-08-22,23.8020930300,23.6989345800,23.8502336400,23.5407582900,31956946,1100976016.0000,0.295005,-0.173800
2016-08-23,23.6714256600,23.9602693200,24.1940951400,23.6714256600,55894872,1946633408.0000,0.515985,1.102700
2016-08-24,23.9946554700,23.6095305900,24.0152871600,23.5957761300,37369379,1289666912.0000,0.344969,-1.463800
2016-08-25,23.3894592300,23.4444770700,23.4926176800,23.2450374000,38835272,1319356032.0000,0.358502,-0.699100
2016-08-26,23.4926176800,23.4444770700,23.6645484300,23.4100909200,21051990,720707376.0000,0.194338,0.000000
2016-08-29,23.3894592300,23.5613899800,23.5957761300,23.1900195600,23735599,807731248.0000,0.219111,0.498700
2016-08-30,23.5751444400,23.5270038300,23.6989345800,23.4238453800,30022326,1028897888.0000,0.277146,-0.145900
2016-08-31,23.5132493700,23.5338810600,23.6439167400,23.4032136900,19265567,659454544.0000,0.177847,0.029200
2016-09-01,23.5270038300,23.6370395100,23.7539524200,23.4926176800,24342696,836324256.0000,0.224716,0.438300
2016-09-02,23.6164078200,23.9740237800,23.9946554700,23.5407582900,51030170,1766218368.0000,0.471077,1.425700
2016-09-05,23.9947607900,24.0431791600,24.1746004500,23.8633395000,40332699,1401611040.0000,0.372325,0.288513
2016-09-06,24.0155115200,24.3060217400,24.5066121300,23.9601762400,56432581,1979904976.0000,0.520948,1.093214
2016-09-07,24.3406062900,24.3544401100,24.6726179700,24.3336893800,47062029,1667528064.0000,0.434446,0.199202
2016-09-08,24.3475232000,24.4720275800,24.6103657800,24.2991048300,33539618,1185177584.0000,0.309616,0.482823
2016-09-09,24.5066121300,24.5273628600,24.7902054400,24.4028584800,44040730,1566197984.0000,0.406555,0.226111
2016-09-12,24.1469328100,24.2921879200,24.3129386500,23.6558322000,86602441,3013336336.0000,0.799457,-0.958827
2016-09-13,24.1953511800,24.0155115200,24.1953511800,23.7941704000,31744459,1101218256.0000,0.293044,-1.138946
2016-09-14,23.8633395000,23.7250013000,23.9325086000,23.6350814700,35213691,1209854976.0000,0.325070,-1.209683
2016-09-19,23.7941704000,24.1884342700,24.2921879200,23.7941704000,37266601,1299423504.0000,0.344021,1.953359
2016-09-20,24.1884342700,24.1054313500,24.1884342700,24.0708468000,14666356,511357136.0000,0.135390,-0.343159
2016-09-21,24.1330989900,23.9809269700,24.1953511800,23.8495056800,35247928,1221792400.0000,0.325386,-0.516500
2016-09-22,24.0777637100,24.2161019100,24.4651106700,24.0777637100,54132989,1900551184.0000,0.499720,0.980675
2016-09-23,24.2437695500,24.1330989900,24.3475232000,24.0155115200,31439120,1098490192.0000,0.290225,-0.342756
2016-09-26,24.0431791600,23.7803365800,24.0570129800,23.7457520300,32852645,1136732880.0000,0.303274,-1.461732
2016-09-27,23.6765829300,23.7665027600,23.7941704000,23.6489152900,45825170,1570164480.0000,0.423028,-0.058175
2016-09-28,23.7803365800,23.6143307400,23.7803365800,23.6004969200,31733236,1085617184.0000,0.292940,-0.640283
2016-09-29,23.6904167500,23.6489152900,23.8218380400,23.6212476500,23086975,791168928.0000,0.213124,0.146453
2016-09-30,23.5866631000,23.6281645600,23.7042505700,23.5589954600,19403198,663564704.0000,0.179118,-0.087741
2016-10-10,23.8356718600,23.9325086000,24.0708468000,23.7250013000,34119412,1178163520.0000,0.314968,1.288052
2016-10-11,23.9463424200,23.7803365800,24.0362622500,23.6904167500,49375218,1701605536.0000,0.455799,-0.635831
2016-10-12,23.6973336600,23.7250013000,23.8218380400,23.6558322000,30854074,1058073376.0000,0.284824,-0.232699
2016-10-13,23.6696660200,23.6004969200,23.7388351200,23.5244109100,34546745,1179218576.0000,0.318913,-0.524782
2016-10-14,23.6074138300,23.5935800100,23.6419983800,23.5520785500,23156048,789617888.0000,0.213761,-0.029303
2016-10-17,23.6004969200,23.4759925400,23.6419983800,23.4344910800,30921443,1051714368.0000,0.285446,-0.498393
2016-10-18,23.4344910800,23.6558322000,23.7180843900,23.4344910800,28336027,967199040.0000,0.261579,0.766064
2016-10-19,23.6834998400,23.6004969200,23.7042505700,23.5866631000,20515200,700734096.0000,0.189383,-0.233924
2016-10-20,23.6281645600,23.6143307400,23.6834998400,23.5935800100,12768281,436313664.0000,0.117868,0.058618
2016-10-21,23.6004969200,23.6696660200,23.7111674800,23.5520785500,28003163,955961696.0000,0.258507,0.234335
2016-10-24,23.6696660200,23.8564225900,24.0639298900,23.6212476500,42090949,1451824784.0000,0.388556,0.789014
2016-10-25,23.9048409600,23.8979240500,23.9463424200,23.7941704000,23971961,826719824.0000,0.221293,0.173956
2016-10-26,23.9048409600,23.8080042200,23.9601762400,23.7872534900,19737703,680587632.0000,0.182205,-0.376269
2016-10-27,23.8080042200,23.6489152900,23.8149211300,23.5866631000,21764326,744556016.0000,0.200914,-0.668215
2016-10-28,23.7941704000,23.8840902300,24.0224284300,23.7665027600,32514938,1123315936.0000,0.300156,0.994443
2016-10-31,23.7941704000,23.9394255100,23.9670931500,23.6558322000,23435296,808674416.0000,0.216339,0.231688
2016-11-01,23.9532593300,24.2506864600,24.2783541000,23.8633395000,36719126,1282156416.0000,0.338967,1.300204
2016-11-02,24.1330989900,23.9394255100,24.1953511800,23.8910071400,25676031,892639552.0000,0.237024,-1.283516
2016-11-03,23.9255916900,24.1884342700,24.2714371900,23.8771733200,40514435,1412764016.0000,0.374002,1.040164
2016-11-04,24.1261820800,24.1607666300,24.3198555600,24.1192651700,26447974,925529776.0000,0.244150,-0.114386
2016-11-07,24.1953511800,24.2022680900,24.2437695500,24.1261820800,21516692,752624560.0000,0.198628,0.171776
2016-11-08,24.2852710100,24.2091850000,24.3336893800,24.1261820800,28683168,1005144720.0000,0.264784,0.028575
2016-11-09,24.2091850000,24.0085946100,24.2161019100,23.7457520300,68834550,2389583088.0000,0.635435,-0.828574
2016-11-10,24.1538497200,24.1676835400,24.3475232000,24.1054313500,35280334,1235297824.0000,0.325685,0.662632
2016-11-11,24.1746004500,24.2022680900,24.3751908400,24.1123482600,52390695,1836030752.0000,0.483636,0.143111
2016-11-14,24.1538497200,24.1746004500,24.2991048300,24.1261820800,68357166,2393598912.0000,0.631028,-0.114321
2016-11-15,24.1953511800,24.1815173600,24.2161019100,24.1400159000,28690403,1002698048.0000,0.264851,0.028608
2016-11-16,24.2091850000,24.2230188200,24.2783541000,24.1469328100,24386997,853899376.0000,0.225125,0.171629
2016-11-17,24.2022680900,24.2091850000,24.2230188200,24.0708468000,23871563,835013728.0000,0.220366,-0.057112
2016-11-18,24.2091850000,24.2161019100,24.2506864600,24.1676835400,32069691,1122418016.0000,0.296046,0.028567
2016-11-21,24.1746004500,24.8317069000,25.1429678500,24.1746004500,108903560,3918207056.0000,1.005326,2.542140
2016-11-22,24.7694547100,24.9838789200,25.2052200400,24.7694547100,73702179,2668070768.0000,0.680370,0.612806
2016-11-23,25.0530480200,24.8870421800,25.1429678500,24.8732083600,44013312,1589604832.0000,0.406302,-0.387595
2016-11-24,24.8870421800,25.1913862200,25.3366413300,24.8870421800,52076453,1891778688.0000,0.480735,1.222898
2016-11-25,25.1913862200,25.4403949800,25.4542288000,25.0184634700,45833079,1670622688.0000,0.423101,0.988470
2016-11-28,25.5994839100,25.3228075100,25.8484926700,25.2743891400,68897851,2545372848.0000,0.636019,-0.462203
2016-11-29,25.3228075100,25.4334780700,25.8000743000,25.2121369500,66538624,2455023680.0000,0.614241,0.437039
2016-11-30,25.4611457100,25.1291340300,25.6548191900,25.0599649300,50803984,1860542544.0000,0.468989,-1.196624
2016-12-01,25.1429678500,25.1913862200,25.4058104300,25.0668818400,47438609,1728939216.0000,0.437922,0.247719
2016-12-02,25.1913862200,25.0876325700,25.1983031300,24.8801252700,63371507,2290250432.0000,0.585004,-0.411855
2016-12-05,24.8732083600,25.0807156600,25.1014663900,24.8109561700,62209526,2244795952.0000,0.574277,-0.027577
2016-12-06,25.0322972900,25.0184634700,25.2259707700,24.9907958300,37612545,1365476592.0000,0.347214,-0.248208
2016-12-07,25.0184634700,25.2190538600,25.3435582400,24.9492943700,31067029,1127984000.0000,0.286790,0.801772
2016-12-08,25.3228075100,25.2467215000,25.4058104300,25.1983031300,29516834,1079442256.0000,0.272480,0.109712
2016-12-09,25.3435582400,25.4957302600,25.6963206500,25.2328876800,48703347,1793610608.0000,0.449597,0.986303
2016-12-12,25.6755699200,25.5233979000,26.1182521600,25.3850597000,106934394,3969638960.0000,0.987148,0.108521
2016-12-13,25.4542288000,25.3504751500,25.5510655400,25.2743891400,39559741,1452198320.0000,0.365189,-0.677507
2016-12-14,25.3366413300,25.6133177300,25.9384125000,25.3228075100,58644985,2176302848.0000,0.541372,1.036827
2016-12-15,25.4403949800,24.6241996000,25.5164809900,24.5066121300,78608340,2830157184.0000,0.725660,-3.861735
2016-12-16,24.5273628600,24.5411966800,24.7417870700,24.4858614000,34099443,1212632672.0000,0.314784,-0.337076
2016-12-19,24.5411966800,24.4858614000,24.6241996000,24.4236092100,29559617,1047994448.0000,0.272875,-0.225473
2016-12-20,24.4996952200,23.9740100600,24.5204459500,23.8287549500,62695062,2184834560.0000,0.578759,-2.090400
2016-12-21,24.1054313500,24.0293453400,24.2437695500,23.9394255100,37625980,1311462976.0000,0.347338,0.230819
2016-12-22,23.9740100600,24.0500960700,24.1607666300,23.7941704000,29500931,1022385360.0000,0.272333,0.086352
2016-12-23,23.9947607900,24.0224284300,24.0500960700,23.7941704000,30192121,1045239280.0000,0.278714,-0.115044
2016-12-26,23.8979240500,24.2921879200,24.3198555600,23.7595858500,35131252,1222688976.0000,0.324309,1.122947
2016-12-27,24.2091850000,24.3890246600,24.4443599400,24.1953511800,21780273,767053568.0000,0.201061,0.398632
2016-12-28,24.3475232000,24.4097753900,24.4305261200,24.2022680900,38631869,1356675456.0000,0.356624,0.085090
2016-12-29,24.3129386500,24.2991048300,24.4097753900,24.2299357300,29042037,1021548128.0000,0.268097,-0.453386
2016-12-30,24.3959415700,24.5066121300,24.5204459500,24.2852710100,27076331,955339328.0000,0.249951,0.853969
2017-01-03,24.4443599400,24.6795348800,24.9077929100,24.4305261200,29697799,1062134992.0000,0.274150,0.705617
2017-01-04,24.6864517900,24.6587841500,24.7556208900,24.5619474100,25257405,900817696.0000,0.233160,-0.084077
2017-01-05,24.7141194300,24.7141194300,24.8593745400,24.6795348800,28691033,1027949504.0000,0.264857,0.224398
2017-01-06,24.7141194300,24.5135290400,24.8247899900,24.4512768500,36286227,1290794304.0000,0.334970,-0.811646
2017-01-09,24.5342797700,24.4996952200,24.5896150500,24.3959415700,27061697,958713472.0000,0.249816,-0.056435
2017-01-10,24.5135290400,24.3682739300,24.5481135900,24.3475232000,20535090,725447488.0000,0.189566,-0.536416
2017-01-11,24.3821077500,24.3682739300,24.5066121300,24.2783541000,20996349,740408784.0000,0.193824,0.000000
2017-01-12,24.4166923000,24.3544401100,24.4996952200,24.3129386500,18718703,660770336.0000,0.172799,-0.056771
2017-01-13,24.3682739300,24.5965319600,24.8317069000,24.3406062900,33073897,1177624288.0000,0.305316,0.994042
2017-01-16,24.5965319600,25.0322972900,25.0945494800,24.3544401100,112917227,4058898512.0000,1.042377,1.771646
2017-01-17,24.9492943700,24.8870421800,25.1360509400,24.8247899900,34949314,1261227200.0000,0.322629,-0.580268
2017-01-18,24.9492943700,25.0461311100,25.2052200400,24.9423774600,26686911,968675232.0000,0.246356,0.639243
2017-01-19,24.9907958300,24.9354605500,25.1568016700,24.8455407200,19962834,721764752.0000,0.184284,-0.441866
2017-01-20,24.9354605500,25.0807156600,25.0945494800,24.9077929100,26033277,940875008.0000,0.240322,0.582522
2017-01-23,25.0807156600,25.0392142000,25.1913862200,24.9285436400,39800128,1440993200.0000,0.367408,-0.165465
2017-01-24,25.0392142000,25.0253803800,25.1291340300,24.9700451000,26866560,973085792.0000,0.248014,-0.055250
2017-01-25,25.0392142000,25.1983031300,25.2121369500,24.9631281900,35892232,1301946752.0000,0.331333,0.690990
2017-01-26,25.2121369500,25.2536384100,25.4542288000,25.2052200400,27720542,1014531008.0000,0.255898,0.219594
2017-02-03,25.2467215000,24.6380334200,25.2467215000,24.6241996000,48926754,1754524976.0000,0.451659,-2.437687
2017-02-06,24.7210363400,24.8593745400,24.9216267300,24.5757812300,64891420,2322670720.0000,0.599035,0.898371
2017-02-07,24.9008760000,24.9423774600,25.0668818400,24.8455407200,48618000,1754121744.0000,0.448809,0.333898
2017-02-08,24.9285436400,24.9147098200,24.9562112800,24.6933687000,39628863,1425349440.0000,0.365827,-0.110929
2017-02-09,24.9492943700,24.9769620100,25.1568016700,24.9008760000,52756885,1908930704.0000,0.487017,0.249862
2017-02-10,25.0461311100,25.0392142000,25.1360509400,24.9700451000,39921900,1444897056.0000,0.368533,0.249239
2017-02-13,25.1014663900,25.1153002100,25.1844693100,25.0184634700,69354090,2517882528.0000,0.640231,0.303869
2017-02-14,25.1775524000,24.9700451000,25.1775524000,24.8662914500,49092275,1774534256.0000,0.453187,-0.578361
2017-02-15,25.0876325700,25.1222171200,25.2328876800,25.0461311100,67285226,2442350208.0000,0.621133,0.609422
2017-02-16,25.1913862200,25.1083833000,25.1983031300,25.0322972900,34781714,1261768672.0000,0.321082,-0.055067
2017-02-17,25.1498847600,25.0807156600,25.3573920600,25.0392142000,52550389,1915834768.0000,0.485110,-0.110195
2017-02-20,25.1153002100,25.4680626200,25.5164809900,25.0737987500,74144223,2715553504.0000,0.684450,1.544405
2017-02-21,25.4749795300,25.4334780700,25.7170713800,25.3850597000,54833169,2024707040.0000,0.506184,-0.135794
2017-02-22,25.5095640800,25.4680626200,25.5372317200,25.3643089700,38041992,1400124080.0000,0.351179,0.135978
2017-02-23,25.4334780700,25.2605553200,25.5164809900,25.2052200400,45952080,1681434624.0000,0.424199,-0.814773
2017-02-24,25.2674722300,25.2882229600,25.2951398700,25.1498847600,25683349,936256080.0000,0.237092,0.109532
2017-02-27,25.2536384100,25.1222171200,25.3435582400,25.0461311100,40140682,1461978560.0000,0.370552,-0.656460
2017-02-28,25.1222171200,25.0599649300,25.2052200400,25.0322972900,26846910,973920016.0000,0.247833,-0.247798
2017-03-01,25.0807156600,25.0115465600,25.1222171200,24.9907958300,35508177,1286566448.0000,0.327788,-0.193209
2017-03-02,25.1360509400,24.8040392600,25.1360509400,24.7902054400,46565680,1677956496.0000,0.429864,-0.829644
2017-03-03,24.7625378000,24.7971223500,24.8593745400,24.7002856100,25135446,900105328.0000,0.232034,-0.027892
2017-03-06,24.7694547100,24.7832885300,24.8593745400,24.7279532500,28671714,1027741360.0000,0.264678,-0.055779
2017-03-07,24.7832885300,24.8732083600,24.8801252700,24.7625378000,23721119,851204576.0000,0.218978,0.362817
2017-03-08,24.8317069000,24.7763716200,24.8455407200,24.7417870700,22285684,798679792.0000,0.205727,-0.389320
2017-03-09,24.7417870700,24.7487039800,24.7625378000,24.5550305000,37796652,1347204352.0000,0.348914,-0.111672
2017-03-10,24.7002856100,24.6241996000,24.7417870700,24.6103657800,20744676,739538480.0000,0.191501,-0.503075
2017-03-13,24.6241996000,24.8801252700,24.9285436400,24.5965319600,35999002,1291416192.0000,0.332319,1.039334
2017-03-14,24.8939590900,24.8593745400,24.9907958300,24.7694547100,27696420,995908960.0000,0.255675,-0.083410
2017-03-15,24.8178730800,24.8732083600,24.9008760000,24.7348701600,26872050,964386176.0000,0.248065,0.055650
2017-03-16,24.9700451000,24.9492943700,25.0668818400,24.8801252700,39164100,1412921472.0000,0.361537,0.305897
2017-03-17,24.9838789200,24.7279532500,25.0530480200,24.6380334200,54262154,1951604320.0000,0.500912,-0.887163
2017-03-20,24.7348701600,24.7832885300,24.8732083600,24.6657010600,42458939,1518417728.0000,0.391953,0.223781
2017-03-21,24.9216267300,25.0876325700,25.1014663900,24.8109561700,97008407,3497702320.0000,0.895518,1.228017
2017-03-22,24.9631281900,24.9008760000,25.0599649300,24.7694547100,52790683,1900860432.0000,0.487329,-0.744418
2017-03-23,25.0253803800,25.2951398700,25.5441486300,24.9977127400,120905943,4423300096.0000,1.116124,1.583333
2017-03-24,25.3504751500,25.2813060500,25.6686530100,25.0392142000,94401638,3453351568.0000,0.871454,-0.054691
2017-03-27,25.2536384100,25.4127273400,25.7862404800,25.2467215000,122860195,4533273344.0000,1.134164,0.519842
2017-03-28,25.4334780700,25.4058104300,25.5718162700,25.3228075100,52334690,1923728608.0000,0.483119,-0.027224
2017-03-29,25.5164809900,25.4403949800,25.6202346400,25.3781427900,52522665,1933615712.0000,0.484855,0.136126
2017-03-30,25.3919766100,25.4196442500,25.4473118900,25.1775524000,49288130,1804688800.0000,0.454995,-0.081563
2017-03-31,25.3712258800,25.5994839100,25.6894037400,25.3020567800,63799619,2355407328.0000,0.588956,0.707479
2017-04-05,25.6617361000,25.6617361000,25.8000743000,25.5856500900,61349985,2276342320.0000,0.566343,0.243178
2017-04-06,25.6686530100,25.5648993600,25.6824868300,25.4403949800,52331352,1932690704.0000,0.483088,-0.377357
2017-04-07,25.5510655400,25.3158906000,25.5994839100,25.2882229600,64760921,2376814016.0000,0.597830,-0.974028
2017-04-10,25.2882229600,25.2121369500,25.3919766100,25.1637185800,48441796,1768312464.0000,0.447183,-0.409830
2017-04-11,25.2121369500,25.0322972900,25.3158906000,24.7902054400,63322577,2289209328.0000,0.584552,-0.713312
2017-04-12,25.0184634700,24.9077929100,25.1222171200,24.1400159000,66507762,2390144176.0000,0.613956,-0.497376
2017-04-13,24.7625378000,24.8317069000,24.9631281900,24.7625378000,38759046,1393274816.0000,0.357798,-0.305462
2017-04-14,24.8317069000,24.8247899900,24.9285436400,24.6657010600,37091529,1329735392.0000,0.342404,-0.027861
2017-04-17,24.7694547100,24.9147098200,24.9492943700,24.6726179700,37660299,1351965568.0000,0.347655,0.362221
2017-04-18,24.9008760000,24.6933687000,24.9631281900,24.6726179700,35523028,1274754656.0000,0.327925,-0.888394
2017-04-19,24.6795348800,24.5619474100,24.7971223500,24.5342797700,48705008,1734152448.0000,0.449612,-0.532220
2017-04-20,24.6657010600,24.7625378000,24.8386238100,24.5965319600,41604810,1486331408.0000,0.384068,0.816674
2017-04-21,24.7694547100,24.9631281900,25.0807156600,24.6587841500,52520305,1897448400.0000,0.484833,0.810058
2017-04-24,24.9631281900,25.0184634700,25.0807156600,24.8939590900,54992292,1989033152.0000,0.507652,0.221663
2017-04-25,25.0184634700,25.2328876800,25.2882229600,24.9838789200,61281318,2230735120.0000,0.565709,0.857068
2017-04-26,25.2951398700,25.9453294100,26.2289227200,25.2259707700,160935910,6010681344.0000,1.485654,2.823462
2017-04-27,25.9314955900,26.1597536200,26.4640976600,25.8969110400,125005458,4732657408.0000,1.153968,0.826450
2017-04-28,26.2150889000,26.2565903600,26.3326763700,26.0144985100,67866387,2568647824.0000,0.626498,0.370173
2017-05-02,26.1459198000,26.2220058100,26.5471005800,26.1459198000,61932539,2359210192.0000,0.571720,-0.131716
2017-05-03,26.2496734500,26.2842580000,26.4779314800,26.1597536200,50538386,1920918768.0000,0.466537,0.237405
2017-05-04,26.2496734500,26.1597536200,26.3534271000,26.0975014300,54857355,2080732896.0000,0.506407,-0.473685
2017-05-05,26.0767507000,25.7724066600,26.1874212600,25.7309052000,62397960,2337681712.0000,0.576017,-1.480702
2017-05-08,25.7724066600,26.1390028900,26.3672609200,25.7585728400,95293243,3609995312.0000,0.879684,1.422444
2017-05-09,26.0836676100,26.2773410900,26.3395932800,26.0836676100,59518293,2258188096.0000,0.549434,0.529242
2017-05-10,26.3050087300,27.5569694400,27.7022245500,26.2911749100,158920371,6249692928.0000,1.467048,4.869699
2017-05-11,27.5293018000,27.5085510700,27.7298921900,27.3632959600,82779446,3296766912.0000,0.764165,-0.175702
2017-05-12,27.4601327000,28.3247464500,28.5668383000,27.4601327000,120017119,4897614080.0000,1.107919,2.967061
2017-05-15,28.5115030200,28.2901619000,29.0233543600,28.0964884200,71622420,2960377184.0000,0.661171,-0.122098
2017-05-16,28.2901619000,28.4215831900,28.5668383000,28.1379898800,62986281,2582208688.0000,0.581448,0.464544
2017-05-17,28.3593310000,27.9581502200,28.4215831900,27.7990612900,77910638,3156764512.0000,0.719220,-1.630572
2017-05-18,27.7091414600,28.0964884200,28.4146662800,27.7091414600,58167880,2368295168.0000,0.536967,0.494806
2017-05-19,28.0757376900,28.3662479100,28.5875890300,28.0757376900,42046764,1727706880.0000,0.388148,0.960117
2017-05-22,28.3800817300,29.6320424400,29.7565468200,28.3800817300,102557092,4349843968.0000,0.946739,4.462331
2017-05-23,29.7427130000,29.8603004700,30.5589083800,29.6389593500,106099037,4628619008.0000,0.979436,0.770304
2017-05-24,29.7427130000,29.7634637300,30.1162261400,29.0302712700,81351957,3491155440.0000,0.750988,-0.324298
2017-05-25,29.7427130000,31.4650235900,31.5134419600,29.7081284500,138989996,6178137344.0000,1.283064,5.716949
2017-05-26,31.4027714000,31.2505993800,31.7140323500,31.0292582600,78361301,3547666752.0000,0.723380,-0.681472
2017-05-31,31.1260950000,31.1745133700,32.5993968300,31.0015906200,100997789,4624877824.0000,0.932345,-0.243472
2017-06-01,31.4027714000,31.7970352700,31.8177860000,31.0569259000,77236116,3513398064.0000,0.712993,1.996897
2017-06-02,31.7416999900,31.0984273600,32.0737116700,30.8701693300,82633357,3734938416.0000,0.762817,-2.197090
2017-06-05,31.0707597200,30.8978369700,31.2298486500,30.4897392800,78000274,3468933936.0000,0.720047,-0.645020
2017-06-06,30.8494186000,31.8385367300,31.8869551000,30.8494186000,96716968,4383686400.0000,0.892827,3.044550
2017-06-07,31.9561242000,31.8039521800,32.4264740800,31.6171956100,78820064,3645872256.0000,0.727615,-0.108623
2017-06-08,31.7486169000,32.9383254200,32.9590761500,31.6932816200,83217137,3899227568.0000,0.768206,3.566767
2017-06-09,32.9936607000,33.2980047400,33.7337700700,32.8553225000,92567674,4462205696.0000,0.854524,1.091979
2017-06-12,33.2150018200,33.8444406300,34.3355412400,33.2150018200,85959680,4199730272.0000,0.793523,1.641049
2017-06-13,33.7199362500,33.5055120400,34.0311972000,33.1319989000,67046122,3245558608.0000,0.618925,-1.001434
2017-06-14,33.6369333300,32.6547321100,33.7821884400,32.5094770000,83401397,3974060288.0000,0.769907,-2.539223
2017-06-15,32.6408982900,31.9422903800,32.8345717700,31.7555338100,104198333,4833899776.0000,0.961890,-2.181739
2017-06-16,31.8869551000,32.3019697000,32.6339813800,31.8869551000,80723142,3777604448.0000,0.745183,1.126029
2017-06-19,32.4818093600,33.5885149600,33.6369333300,32.2950527900,80848191,3869638240.0000,0.746337,3.982871
2017-06-20,33.7337700700,33.2703371000,33.8444406300,32.9729099700,61635533,2962329664.0000,0.568979,-0.947288
2017-06-21,33.4086753000,34.1902861300,34.2802059600,32.8968239600,84975718,4147969136.0000,0.784440,2.765077
2017-06-22,34.0311972000,33.9896957400,34.9096447700,33.9274435500,114646405,5715913216.0000,1.058340,-0.586690
2017-06-23,34.0588648400,34.3908765200,34.5153809000,33.7476038900,87371964,4310012160.0000,0.806560,1.180305
2017-06-26,34.5776330900,34.3908765200,35.1171520700,34.1349508500,95319255,4760578560.0000,0.879924,0.000000
2017-06-27,34.3770427000,34.5292147200,34.5499654500,33.8444406300,78083585,3855524448.0000,0.720816,0.402247
2017-06-28,34.3770427000,33.6230995100,34.4047103400,33.5815980500,69132247,3393564256.0000,0.638183,-2.624194
2017-06-29,33.7545208000,34.5568823600,34.6191345500,33.4640105800,75322875,3715241200.0000,0.695331,2.777203
2017-06-30,34.4462118000,34.3147905100,34.7228882000,34.0865324800,59863098,2974857808.0000,0.552617,-0.700557
2017-07-03,34.4462118000,33.8513575400,34.4462118000,33.5815980500,56319918,2755923280.0000,0.519908,-1.350538
2017-07-04,33.7545208000,33.1458327200,33.7821884400,33.1389158100,68392065,3299813376.0000,0.631350,-2.084186
2017-07-05,33.2011680000,34.8750602200,35.0687337000,33.2011680000,127253722,6293926144.0000,1.174722,5.217029
2017-07-06,34.8750602200,35.5460004900,35.9679320000,34.6329683700,113781480,5793924096.0000,1.050355,1.923842
2017-07-07,35.3799946500,35.2831579100,35.7050894200,34.9511462300,53392598,2727331056.0000,0.492885,-0.739446
2017-07-10,35.2900748200,35.3661608300,35.9402643600,35.0618167900,57077601,2938274368.0000,0.526903,0.235253
2017-07-11,35.5270125300,35.8206819900,36.3660681300,35.3871699300,69953963,3600296752.0000,0.645769,1.285088
2017-07-12,35.9115796800,35.3871699300,36.7086825000,35.2543194600,87011734,4490986496.0000,0.803235,-1.210226
2017-07-13,35.6458787400,36.1003671900,36.2611861800,35.5409967900,66534298,3418210960.0000,0.614201,2.015413
2017-07-14,36.1423199700,36.8974700100,36.9114542700,35.8696269000,70779162,3681295008.0000,0.653386,2.208017
2017-07-17,37.0652811300,37.6875807000,38.5196441700,36.6527454600,140879134,7585579264.0000,1.300503,2.141370
2017-07-18,37.4778168000,37.3869191100,37.9392973800,36.7156746300,87902953,4697173760.0000,0.811462,-0.797774
2017-07-19,37.5337538400,37.6456279200,38.0931242400,37.1352024300,77118069,4138848112.0000,0.711903,0.691975
2017-07-20,37.4428561500,37.7644941300,37.8623839500,36.9324306600,65919874,3528872928.0000,0.608529,0.315747
2017-07-21,37.1981316000,36.3311074800,37.2540686400,36.2891547000,129479193,6811105792.0000,1.195266,-3.795592
2017-07-24,36.4150130400,36.7855959300,37.1282103000,36.1353278400,90459593,4749136640.0000,0.835063,1.250965
2017-07-25,36.7925880600,36.5758320300,37.0932496500,36.4849343400,50683483,2670578608.0000,0.467876,-0.570232
2017-07-26,36.4289973000,36.2821625700,36.7086825000,35.8556426400,65761087,3403982464.0000,0.607063,-0.802910
2017-07-27,36.2541940500,36.6107926800,36.8764936200,35.7227921700,66713294,3456657888.0000,0.615853,0.905765
2017-07-28,36.4989186000,36.2821625700,36.6807139800,36.2192334000,49129473,2557067856.0000,0.453531,-0.897634
2017-07-31,36.2751704400,36.3730602600,36.8065723200,35.9465403300,61600507,3210189248.0000,0.568655,0.250532
2017-08-01,36.4989186000,38.3518330500,38.3867937000,36.4989186000,114793661,6170850560.0000,1.059699,5.440211
2017-08-02,38.3238645300,37.7854705200,38.3308566600,37.6735964400,72381745,3925861504.0000,0.668180,-1.476750
2017-08-03,37.7854705200,37.0023519600,38.0931242400,36.9743834400,56531164,3036337552.0000,0.521858,-2.072544
2017-08-04,37.0512968700,36.3171232200,37.1911394700,36.2541940500,66608738,3494563808.0000,0.614888,-1.851851
2017-08-07,36.2961468300,36.5828241600,36.9464149200,36.0304458900,52385217,2738587952.0000,0.483586,0.731615
2017-08-08,36.5688399000,36.6737218500,36.7506352800,36.2961468300,36732251,1917168048.0000,0.339088,0.248473
2017-08-09,36.6038005500,36.4010287800,36.9464149200,36.3590760000,41073411,2149503760.0000,0.379163,-0.743564
2017-08-10,36.4080209100,35.4710754900,36.6737218500,35.3172486300,84642315,4333370624.0000,0.781362,-2.554748
2017-08-11,35.1004926000,34.6669805400,35.4710754900,34.6320198900,82814563,4147670928.0000,0.764489,-2.266899
2017-08-14,34.9536578700,35.3032643700,35.6598630000,34.7089333200,79149496,3992982208.0000,0.730656,1.835417
2017-08-15,35.5200204000,35.5899417000,36.0514222800,35.3801778000,68084953,3482968112.0000,0.628515,0.812042
2017-08-16,35.5549810500,35.8066977300,35.8626347700,35.3312328900,34085106,1735515856.0000,0.314651,0.609032
2017-08-17,35.9884931100,35.7297843000,36.2402097900,35.5689653100,37471148,1922044256.0000,0.345909,-0.214803
2017-08-18,36.6387612000,37.1771552100,37.6596121800,36.0933750600,117642875,6204026624.0000,1.086001,4.050880
2017-08-21,37.3379742000,37.0792653900,37.9532816400,36.9044621400,71615254,3834637728.0000,0.661105,-0.263305
2017-08-22,37.3449663300,38.5965576000,38.6385103800,37.2820371600,100989678,5503927296.0000,0.932270,4.092027
2017-08-23,38.4637071300,38.7364002000,39.0370617900,38.3308566600,56488435,3124559296.0000,0.521464,0.362320
2017-08-24,38.8412821500,38.5406205600,39.3517076400,38.4217543500,56065476,3111185232.0000,0.517559,-0.505420
2017-08-25,38.3867937000,39.0370617900,39.3097548600,38.3448409200,74310600,4147141456.0000,0.685986,1.288104
2017-08-28,39.1419437400,39.2957706000,40.3795507500,39.1419437400,80329569,4571588864.0000,0.741549,0.662724
2017-08-29,39.2258493000,39.8970937800,40.0299442500,39.0720224400,41677419,2365449408.0000,0.384738,1.530250
2017-08-30,39.8551410000,39.4426053300,40.2956451900,39.3377233800,47027718,2668794016.0000,0.434129,-1.139154
2017-08-31,39.3866682900,39.1769043900,39.6174085800,38.8412821500,48095720,2694501056.0000,0.443988,-0.673641
2017-09-01,39.1908886500,39.2747942100,39.8831095200,38.8762428000,57108347,3213848064.0000,0.527187,0.249865
2017-09-04,39.1619164300,38.9079389500,39.1971910800,38.6680713300,48405138,2668523952.0000,0.446844,-0.934070
2017-09-05,39.0843122000,39.7122009700,39.9309038000,38.8797192300,56376990,3153737504.0000,0.520435,2.067089
2017-09-06,39.5428826500,39.0843122000,39.7756953400,38.8656093700,42406310,2354829568.0000,0.391467,-1.581097
2017-09-07,39.2254108000,38.7386206300,39.3806192600,38.6821811900,32974056,1818266128.0000,0.304395,-0.884480
2017-09-08,38.7315657000,38.8162248600,39.1689713600,38.6821811900,29032223,1601029312.0000,0.268006,0.200329
2017-09-11,38.9502685300,38.0895670700,39.4934981400,38.0401825600,80409842,4405694720.0000,0.742291,-1.872044
2017-09-12,38.4352586400,38.6680713300,38.7104009100,37.8214797300,55595400,3018230917.0000,0.513220,1.518799
2017-09-13,38.6610164000,38.8514995100,39.0560924800,38.3294346900,39806983,2188825236.0000,0.367472,0.474363
2017-09-14,38.8726643000,38.1107318600,38.9784882500,38.0260727000,51019115,2769164300.0000,0.470975,-1.906663
2017-09-15,38.1601163700,37.6592163400,38.2377206000,37.4969529500,75425944,4035496824.0000,0.696282,-1.184745
2017-09-18,37.5816121100,37.6027769000,38.4352586400,37.5816121100,75400296,4045828546.0000,0.696046,-0.149872
2017-09-19,37.8779191700,37.7156557800,38.1248417200,37.4687332300,62150655,3322570961.0000,0.573734,0.300187
2017-09-20,37.7015459200,37.4475684400,37.8849741000,37.3911290000,58718913,3132558755.0000,0.542054,-0.710807
2017-09-21,37.5040078800,37.9696332600,38.2659403200,37.3981839300,72709201,3909123212.0000,0.671203,1.394118
2017-09-22,37.7791501500,38.1248417200,38.3435445500,37.7579853600,54947182,2965926964.0000,0.507236,0.408772
2017-09-25,38.1318966500,38.2095008800,38.6116318900,37.9696332600,65794494,3572267811.0000,0.607371,0.222056
2017-09-26,38.0895670700,38.2729952500,38.3294346900,38.0613473500,42795845,2317837253.0000,0.395063,0.166175
2017-09-27,38.1671713000,37.8144248000,38.2659403200,37.7156557800,46898447,2525092409.0000,0.432935,-1.198160
2017-09-28,37.8144248000,37.9131938200,38.0754572100,37.6168867600,39773746,2134157815.0000,0.367165,0.261200
2017-09-29,37.8990839600,38.2095008800,38.3435445500,37.6944909900,43417231,2345094281.0000,0.400799,0.781537
2017-10-09,39.5781573000,38.6327966800,39.8603545000,38.5975220300,88236199,4894508072.0000,0.814538,1.107826
2017-10-10,38.7033459800,38.7456755600,39.1689713600,37.9625783300,96068320,5234374162.0000,0.886839,0.292184
2017-10-11,38.7315657000,39.0208178300,39.3100699600,38.4846431500,66452795,3671752167.0000,0.613448,0.710130
2017-10-12,38.9432136000,40.2907052300,40.3471446700,38.8867741600,89855011,5060866914.0000,0.829482,3.254383
2017-10-13,40.1496066300,40.2695404400,40.5164629900,40.0226178900,50815330,2898031536.0000,0.469094,-0.052528
2017-10-16,40.5658475000,40.3330348100,41.3066151500,40.2765953700,74976923,4336232571.0000,0.692137,0.157667
2017-10-17,40.5023531300,40.8762644200,41.1020221800,40.3541996000,63781573,3687434212.0000,0.588789,1.346861
2017-10-18,40.9609235800,41.6099771400,41.6452517900,40.8268799100,71037948,4156056201.0000,0.655775,1.794962
2017-10-19,41.6664165800,42.0403278700,42.2943053500,41.4829884000,74113891,4412200243.0000,0.684170,1.034250
2017-10-20,41.6240870000,41.6381968600,41.9415588500,41.3701095200,45688147,2696601759.0000,0.421763,-0.956536
2017-10-23,42.1390968900,42.2449208400,42.4565687400,41.7651856000,51239175,3066104021.0000,0.473006,1.457134
2017-10-24,42.1673166100,42.4706786000,43.0774025800,42.0685475900,70533642,4268526176.0000,0.651120,0.534402
2017-10-25,42.4001293000,42.3860194400,42.6399969200,42.1249870300,38645697,2322425400.0000,0.356752,-0.199334
2017-10-26,42.3295800000,43.3102152700,43.9239941800,42.2308109800,83684094,5137430623.0000,0.772516,2.180422
2017-10-27,43.3878195000,45.1021674900,45.1374421400,43.3737096400,87686093,5509478165.0000,0.809460,4.137483
2017-10-30,45.1515520000,45.1938815800,46.0686929000,44.5377730900,118383153,7608700684.0000,1.092835,0.203343
2017-10-31,44.7988055000,45.4055294800,45.5042985000,44.6647618300,51366189,3284189902.0000,0.474179,0.468316
2017-11-01,45.4831337100,45.2362111600,46.7600760400,44.9540139600,100111909,6497719273.0000,0.924167,-0.372899
2017-11-02,45.2926506000,45.2503210200,45.4266942700,44.4460590000,82494651,5249507427.0000,0.761536,0.031186
2017-11-03,45.1515520000,45.4690238500,45.7441661200,44.7846956400,68143978,4374187708.0000,0.629060,0.483314
2017-11-06,45.6383421700,45.1586069300,45.6453971000,44.3896195600,90857015,5784912562.0000,0.838732,-0.682692
2017-11-07,45.3631999000,46.1180774100,46.9646690100,45.3631999000,117356586,7697028238.0000,1.083358,2.124669
2017-11-08,46.1392422000,45.5819027300,46.8094605500,45.3773097600,86782083,5669830793.0000,0.801115,-1.162616
2017-11-09,45.5042985000,46.7953506900,46.8376802700,45.4337492000,70866925,4620472310.0000,0.654197,2.662128
2017-11-10,46.5625380000,49.3069057700,49.3492353500,46.5131534900,125406037,8577347652.0000,1.157666,5.367100
2017-11-13,49.4550593000,49.4903339500,49.7866410100,49.0176536400,75220717,5267340967.0000,0.694388,0.372016
2017-11-14,49.8713001700,49.6808170600,50.2945959700,49.2222466100,80174828,5652540362.0000,0.740121,0.384885
2017-11-15,49.3704001400,48.8201156000,49.6878719900,48.3897648700,100945992,6990987895.0000,0.931867,-1.732464
2017-11-16,48.5379184000,51.5080439300,51.5785932300,48.5026437500,116376446,8269151220.0000,1.074310,5.505788
2017-11-17,51.2893411000,53.1024581100,53.1377327600,50.6543974000,158039374,11680087761.0000,1.458915,3.095459
2017-11-20,52.7567665400,53.4128750300,53.9631595700,52.2558665100,114128113,8583176574.0000,1.053555,0.584565
2017-11-21,53.0036890900,55.3388709200,56.2136822400,53.0036890900,144556937,11268384879.0000,1.334454,3.605869
2017-11-22,56.0866935000,54.6404328500,56.4112202800,54.0266539400,129348799,10124738589.0000,1.194063,-1.262118
2017-11-23,54.0407638000,52.4322397600,55.3388709200,51.9948341000,157621088,11946905532.0000,1.455054,-4.041314
2017-11-24,52.3123059500,52.6438876600,53.2365017800,51.2963960300,131784376,9752487038.0000,1.216546,0.403664
2017-11-27,52.7003271000,51.8890101500,52.8414257000,50.4780241500,163723233,11979068075.0000,1.511385,-1.433931
2017-11-28,51.2893411000,51.3105058900,51.8819552200,50.7108368400,78646962,5710613283.0000,0.726017,-1.114887
2017-11-29,51.8819552200,51.0918030600,52.3405256700,50.2734311800,87500464,6358820396.0000,0.807746,-0.426241
2017-11-30,50.3510354100,49.3280705600,50.5626833100,49.0670381500,116373317,8210562529.0000,1.074282,-3.452085
2017-12-01,49.1375874500,48.0440733000,49.5114987400,47.9100296300,139304603,9600520278.0000,1.285968,-2.602974
2017-12-04,47.6913268000,48.9541592700,49.6314325500,47.5290634100,115928317,8019893921.0000,1.070174,1.894275
2017-12-05,48.6084677000,50.2311016000,50.4427495000,48.5238085400,169253953,11943537965.0000,1.562441,2.608442
2017-12-06,50.0194537000,48.9612142000,50.1605523000,47.9735240000,124560752,8683330184.0000,1.149863,-2.528084
2017-12-07,48.9259395500,48.4250395200,49.2504663300,47.6913268000,85970358,5882969802.0000,0.793622,-1.095104
2017-12-08,48.6366874200,50.4356945700,50.6967269800,48.4391493800,109563228,7706090993.0000,1.011415,4.152096
2017-12-11,50.2311016000,51.6773622500,51.7196918300,49.9630142600,113992734,8230209835.0000,1.052306,2.461886
2017-12-12,51.6773622500,50.2381565300,51.8960650800,50.2099368100,77790078,5624415243.0000,0.718107,-2.784984
2017-12-13,50.2381565300,50.8801551600,51.2329016600,49.5256086000,86511781,6180930487.0000,0.798620,1.277916
2017-12-14,50.8801551600,50.0970579300,50.9083748800,49.8078058000,67618694,4821543307.0000,0.624211,-1.539102
2017-12-15,49.8713001700,49.6525973400,50.4004199200,49.4197846500,73554722,5203043803.0000,0.679009,-0.887206
2017-12-18,49.5326635300,49.8571903100,50.7461114900,49.5326635300,67911699,4819171120.0000,0.626916,0.412050
2017-12-19,50.0265086300,51.9101749400,51.9454495900,49.8854100300,127058305,9235563922.0000,1.172918,4.117735
2017-12-20,51.8466805700,52.1641524200,52.6227228700,51.5574284400,93938288,6929166001.0000,0.867176,0.489264
2017-12-21,51.9525045200,52.8484806300,53.3211609400,51.6491425300,93470766,6973083823.0000,0.862860,1.311876
2017-12-22,52.7708764000,52.2205918600,53.0530736000,51.9454495900,71952658,5340481047.0000,0.664219,-1.188102
2017-12-25,52.2488115800,52.3193608800,53.7374018100,51.7620214100,110997896,8271645257.0000,1.024659,0.189148
2017-12-26,52.2840862300,52.1641524200,52.6015580800,51.4163298400,83228950,6125332824.0000,0.768315,-0.296658
2017-12-27,51.8184608500,49.6314325500,51.8184608500,49.3986198600,150683445,10782720389.0000,1.391010,-4.855293
2017-12-28,49.5961579000,49.8007508700,50.3863100600,49.1516973100,113088642,7984386864.0000,1.043960,0.341148
2017-12-29,50.1534973700,49.3704001400,50.4639142900,49.0317635000,104001801,7316476634.0000,0.960076,-0.864135
2018-01-02,49.5326635300,51.2117368700,51.3598904000,49.5114987400,123616317,8873521553.0000,1.141144,3.729627
2018-01-03,51.7831862000,50.0688382100,52.1359327000,49.4621142300,179405492,12887286352.0000,1.656153,-2.231706
2018-01-04,50.1041128600,50.2169917400,50.9365946000,49.7725311500,106115784,7558632047.0000,0.979591,0.295898
2018-01-05,50.5062438700,50.0123987700,50.7108368400,49.7019818500,77207581,5478422385.0000,0.712729,-0.407419
2018-01-08,49.9418494700,49.3915649300,49.9418494700,48.9047747600,122872953,8582728348.0000,1.134282,-1.241356
2018-01-09,49.5961579000,50.7037819100,50.8519354400,49.4056747900,123949115,8846740744.0000,1.144216,2.656764
2018-01-10,50.5132988000,50.5979579600,50.7037819100,49.8854100300,82812301,5908131847.0000,0.764468,-0.208712
2018-01-11,50.1252776500,51.2540664500,51.5856481600,50.0900030000,109628895,7942591596.0000,1.012022,1.296710
2018-01-12,51.2611213800,52.4957341300,52.5592285000,51.0283086900,128266294,9412700286.0000,1.184070,2.422577
2018-01-15,53.1588975500,54.7815314500,55.3812005000,53.1588975500,200659866,15506926306.0000,1.852359,4.354250
2018-01-16,54.8026962400,54.8944103300,56.0725836400,54.4640596000,150164317,11730259422.0000,1.386218,0.206048
2018-01-17,55.0990033000,54.5628286200,55.9808695500,53.9702145000,141357416,11007901753.0000,1.304918,-0.604037
2018-01-18,55.4235300800,54.7533117300,56.5170442300,54.3794004400,207447138,16276293928.0000,1.915015,0.349113
2018-01-19,55.2401019000,54.7392018700,55.7762765800,54.2453567700,155380912,12121952907.0000,1.434374,-0.025775
2018-01-22,54.4005652300,55.5505188200,55.8750456000,54.3582356500,121588286,9519920005.0000,1.122423,1.482152
2018-01-23,56.6510879000,55.5646286800,57.3424710400,55.2330469700,191989840,15307309842.0000,1.772323,0.025405
2018-01-24,55.7339470000,53.9278849200,56.0443639200,53.8855553400,168914104,13089919947.0000,1.559303,-2.945657
2018-01-25,53.5680834900,53.1165679700,53.6104130700,52.7708764000,123439652,9292249846.0000,1.139513,-1.504450
2018-01-26,53.1236229000,53.6880173000,54.2171370500,53.0601285300,112554650,8558720967.0000,1.039030,1.075837
2018-01-29,54.0830933800,51.7549664800,54.1113131000,51.4233847700,151784351,11341796885.0000,1.401173,-3.600523
2018-01-30,51.4304397000,51.7690763400,52.4604594800,51.3598904000,86781693,6389286977.0000,0.801111,0.027258
2018-01-31,51.2540664500,52.9684144400,53.0177989500,51.1623523600,93472629,6959739461.0000,0.862878,2.316714
2018-02-01,52.9119750000,53.2506116400,53.3352708000,52.2417566500,141576291,10624480475.0000,1.306939,0.532767
2018-02-02,52.8202609100,53.6245229300,53.8855553400,52.2981960900,100758337,7592895872.0000,0.930134,0.702171
2018-02-05,52.4886792000,53.4128750300,53.5821933500,52.4181299000,94805442,7124096934.0000,0.875181,-0.394689
2018-02-06,52.1006580500,52.0442186100,52.7003271000,51.1482425000,204966683,15035748671.0000,1.892117,-2.562413
2018-02-07,52.6297778000,50.3580903400,52.6650524500,49.7372565000,174784083,12632931016.0000,1.613491,-3.239799
2018-02-08,49.8148607300,48.6719620700,50.4427495000,48.2345564100,153010890,10664335041.0000,1.412495,-3.348276
2018-02-09,46.9152845000,45.4549139900,47.2468662100,43.8816646000,249202978,16087878594.0000,2.300477,-6.609650
2018-02-12,45.6171773800,45.8288252800,46.3156154500,45.1515520000,102961177,6677189824.0000,0.950470,0.822596
2018-02-13,46.7036366000,47.2821408600,48.2204465500,46.6048675800,114795720,7736172612.0000,1.059718,3.171179
2018-02-14,47.6207775000,48.6014127700,48.8130606700,47.4091296000,64650188,4399687785.0000,0.596808,2.790216
2018-02-22,49.5467733900,49.2222466100,49.6808170600,48.8412803900,78364999,5477772497.0000,0.723414,1.277395
2018-02-23,49.5608832500,49.8360255200,50.4145297800,49.2645761900,55601107,3929000289.0000,0.513273,1.246958
2018-02-26,50.0829480700,49.9489044000,50.4991889400,49.1023128000,69384092,4900094210.0000,0.640508,0.226506
2018-02-27,50.1041128600,49.2504663300,50.2240466700,49.0105987100,78099482,5485814912.0000,0.720963,-1.398313
2018-02-28,48.8201156000,47.8042056800,48.8483353200,47.7618761000,78217046,5354288636.0000,0.722048,-2.936536
2018-03-01,47.3950197400,48.6296324900,48.9471043400,47.1833718400,66329617,4535163832.0000,0.612311,1.726680
2018-03-02,47.9735240000,47.7477662400,48.4391493800,47.5855028500,58143932,3950841316.0000,0.536746,-1.813434
2018-03-05,47.7336563800,47.8888648400,48.3897648700,47.2680310000,60982380,4123448692.0000,0.562949,0.295504
2018-03-06,48.2557212000,48.9047747600,48.9541592700,47.5502282000,65707723,4498428233.0000,0.606570,2.121394
2018-03-07,48.6649071400,48.5238085400,49.5114987400,48.1005127400,59055501,4086838910.0000,0.545161,-0.778997
2018-03-08,48.7213465800,49.7654762200,49.9771241200,48.5096986800,69268165,4847200944.0000,0.639438,2.558887
2018-03-09,50.0900030000,50.0123987700,50.4145297800,49.6032128300,47622200,3371832639.0000,0.439617,0.496170
2018-03-12,50.5132988000,50.1746621600,50.6967269800,49.8078058000,58335147,4159385529.0000,0.538512,0.324451
2018-03-13,50.2311016000,48.9753240600,50.3369255500,48.8060057400,60949227,4270300750.0000,0.562643,-2.390332
2018-03-14,48.5731930500,48.5520282600,48.8201156000,48.1569521800,51476079,3538649610.0000,0.475193,-0.864302
2018-03-15,48.2627761300,49.7302015700,49.8783551000,48.2557212000,62711086,4389005513.0000,0.578907,2.426618
2018-03-16,49.8783551000,49.7443114300,50.7602213500,49.7019818500,70132623,4999966474.0000,0.647418,0.028379
2018-03-19,50.0123987700,52.0724383300,52.1218228400,49.7231466400,92449982,6687346253.0000,0.853437,4.680181
2018-03-20,51.5715383000,52.2699763700,52.3405256700,51.2893411000,65977835,4847776967.0000,0.609064,0.379351
2018-03-21,54.1113131000,52.0794932600,54.1183680300,51.5221537900,136748593,10277152012.0000,1.262373,-0.364417
2018-03-22,51.8607904300,51.4163298400,52.3264158100,50.5697382400,90287752,6578006315.0000,0.833477,-1.273371
2018-03-23,49.3845100000,49.5961579000,49.9277396100,48.9753240600,148695492,10435410981.0000,1.372659,-3.540058
2018-03-26,48.8201156000,48.1710620400,49.3633452100,47.2539211400,138098519,9441425605.0000,1.274834,-2.873406
2018-03-27,49.0882029400,48.0864028800,49.1446423800,47.6207775000,103992027,7111483067.0000,0.959986,-0.175740
2018-03-28,47.2680310000,46.1392422000,47.7477662400,45.7723858400,142078782,9380984826.0000,1.311577,-4.049299
2018-03-29,46.1533520600,46.8376802700,47.4655690400,44.8058604300,146254573,9514381379.0000,1.350126,1.513758
2018-03-30,46.5695929300,46.0757478300,46.7530211100,45.7159464000,84202251,5499095858.0000,0.777300,-1.626754
2018-04-02,45.3279252500,45.6171773800,46.7389112500,45.3067604600,80555909,5242356770.0000,0.743639,-0.995244
2018-04-03,45.1162773500,45.5113534300,45.8217703500,45.0386731200,60407068,3885145804.0000,0.557638,-0.231985
2018-04-04,45.7864957000,45.5395731500,46.2662309400,45.1374421400,67998953,4414551485.0000,0.627721,0.062007
2018-04-09,45.8499900700,46.5343182800,46.5554830700,45.1868266500,71614285,4679345562.0000,0.661096,2.184347
2018-04-10,46.3438351700,48.1498972500,48.2557212000,46.1321872700,90513972,6064986129.0000,0.835565,3.471802
2018-04-11,48.1851719000,47.7407113100,48.3756550100,47.6066676400,72092432,4894354063.0000,0.665510,-0.849819
2018-04-12,47.9100296300,47.0704929600,47.9523592100,47.0493281700,54450250,3659539916.0000,0.502649,-1.403867
2018-04-13,47.5713929900,46.6895267400,47.5855028500,46.5978126500,46638574,3114028929.0000,0.430536,-0.809354
2018-04-16,46.5695929300,45.3631999000,47.0281633800,45.0668928400,80963957,5244687540.0000,0.747406,-2.840733
2018-04-17,45.4619689200,44.5377730900,45.7582759800,44.3261251900,83167288,5312790696.0000,0.767745,-1.819599
2018-04-18,44.9963435400,44.8058604300,45.1162773500,44.1638618000,76484549,4841197668.0000,0.706055,0.601928
2018-04-19,45.0810027000,45.4901886400,45.8217703500,44.9116843800,72647375,4680959624.0000,0.670633,1.527326
2018-04-20,45.2926506000,45.2573759500,45.7653309100,44.8058604300,60334073,3871514930.0000,0.556964,-0.511789
2018-04-23,45.2573759500,45.8499900700,45.9699238800,44.9963435400,54446666,3516175405.0000,0.502616,1.309425
2018-04-24,46.1392422000,46.9576140800,47.3103605800,46.0545830400,90695407,6024928823.0000,0.837240,2.415756
2018-04-25,46.5907577200,46.2097915000,46.8870647800,46.0757478300,47782761,3141687154.0000,0.441099,-1.592544
2018-04-26,46.3367802400,44.5307181600,46.4849337700,44.3120153300,84155382,5364614954.0000,0.776867,-3.633589
2018-04-27,44.8340801500,42.9574687700,44.9610688900,41.1584616200,260286257,15747812239.0000,2.402791,-3.532953
2018-05-02,43.2890504800,43.2749406200,43.5924124700,42.8586997500,70890842,4341690751.0000,0.654417,0.739039
2018-05-03,42.9504138400,43.3454899200,43.4442589400,42.2590307000,62912538,3831120277.0000,0.580767,0.163023
2018-05-04,43.2678856900,42.8304800300,43.4865885200,42.7810955200,44158675,2694568405.0000,0.407644,-1.188150
2018-05-07,42.7176011500,43.1691166700,43.3666547100,42.1249870300,82944783,5035372512.0000,0.765691,0.790643
2018-05-08,43.2890504800,44.5024984400,45.0668928400,43.2043913200,117472062,7388303870.0000,1.084424,3.088745
2018-05-09,44.5166083000,44.4107843500,44.7282562000,44.1074223600,48443100,3048008852.0000,0.447195,-0.206089
2018-05-10,44.6577069000,44.5730477400,44.9751787500,44.1709167300,49817832,3143778292.0000,0.459885,0.365369
2018-05-11,44.8552449400,44.5166083000,44.9116843800,44.3120153300,45210551,2859210137.0000,0.417354,-0.126625
2018-05-14,44.9399041000,45.2221013000,45.5607379400,44.7988055000,68370916,4387898493.0000,0.631155,1.584786
2018-05-15,45.5042985000,45.1303872100,45.5677928700,44.7282562000,52952916,3376776321.0000,0.488826,-0.202804
2018-05-16,44.9257942400,44.3120153300,45.0951125600,44.1850265900,55951439,3539081154.0000,0.516507,-1.813350
2018-05-17,44.5095533700,43.7405660000,44.5801026700,43.6982364200,47778223,2981258093.0000,0.441057,-1.289606
2018-05-18,43.6559068400,44.4742787200,44.5307181600,43.4513138700,56625326,3532704058.0000,0.522728,1.677421
2018-05-21,44.8340801500,44.9116843800,45.2573759500,44.6365421100,70506571,4492367179.0000,0.650870,0.983501
2018-05-22,44.8552449400,44.4531139300,45.0386731200,44.0933125000,43769214,2757950408.0000,0.404048,-1.021052
2018-05-23,44.4107843500,43.5712476800,44.4107843500,43.5077533100,56915452,3531232659.0000,0.525406,-1.983812
2018-05-24,43.7123462800,43.1902814600,43.9310491100,43.1479518800,44151327,2725820768.0000,0.407576,-0.874348
2018-05-25,43.3031603400,43.4089842900,43.8675547400,43.2749406200,35392969,2183913985.0000,0.326725,0.506367
2018-05-28,43.5994674000,44.0933125000,44.3613998400,43.4230941500,45894875,2861428758.0000,0.423671,1.576469
2018-05-29,43.9663237600,44.0086533400,44.2061913800,43.2467209000,63647446,3944873803.0000,0.587551,-0.191998
2018-05-30,43.2537758300,42.7881504500,43.5289181000,42.7387659400,49083664,2998177225.0000,0.453108,-2.773324
2018-05-31,43.1126772300,43.8322800900,43.8675547400,42.8304800300,66538831,4096852001.0000,0.614243,2.440230
2018-06-01,43.6770716300,43.4865885200,43.8746096700,43.2326110400,40800764,2516195954.0000,0.376646,-0.788672
2018-06-04,43.8111153000,44.8199702900,44.9469590300,43.6700167000,85889740,5418564799.0000,0.792877,3.066190
2018-06-05,44.8622998700,45.5607379400,45.8570450000,44.5942125300,88517255,5683935967.0000,0.817133,1.652767
2018-06-06,45.4549139900,45.0175083300,45.4690238500,44.9469590300,49022028,3140622782.0000,0.452539,-1.192320
2018-06-07,45.4920157800,45.4704453600,46.4051635600,45.3122622800,74626679,4763077383.0000,0.688904,1.006231
2018-06-08,45.2763115800,44.8592834600,45.4704453600,44.5429173000,57939137,3617103478.0000,0.534856,-1.344090
2018-06-11,44.7586215000,45.3194524200,45.4416848000,44.4710159000,51280313,3204236377.0000,0.473386,1.025804
2018-06-12,45.4416848000,45.9449946000,46.1966495000,45.1684594800,76355925,4866437060.0000,0.704867,1.380299
2018-06-13,45.8730932000,45.8371425000,45.9521847400,45.5495369000,45905326,2922589416.0000,0.423768,-0.234744
2018-06-14,45.7149101200,46.3332621600,46.9875649000,45.6214383000,79848471,5164445267.0000,0.737108,1.082357
2018-06-15,46.0887974000,46.4698748200,46.8509522400,46.0312762800,66658272,4315505697.0000,0.615345,0.294840
2018-06-19,45.8730932000,44.6435792600,46.1606988000,44.4350652000,127826360,8087342652.0000,1.180008,-3.930059
2018-06-20,44.5069666000,44.4710159000,44.9671355600,43.7016709200,74319522,4589333023.0000,0.686069,-0.386538
2018-06-21,44.4782060400,43.9245652600,44.9815158400,43.8598540000,60549396,3743256874.0000,0.558952,-1.228777
2018-06-22,43.5722484000,43.9101849800,44.2193610000,43.5722484000,46537639,2837582693.0000,0.429605,-0.032739
2018-06-25,44.0611779200,42.9898470600,44.1115089000,42.8532344000,60749672,3673033330.0000,0.560801,-2.095953
2018-06-26,42.4937274000,42.5943893600,42.8604245400,41.5590092000,71792764,4222114929.0000,0.662743,-0.919885
2018-06-27,42.4937274000,41.3433050000,42.7453823000,41.3001641600,69708410,4051818403.0000,0.643502,-2.937207
2018-06-28,41.0628895400,40.8615656200,41.6668613000,40.6458614200,73599124,4196752214.0000,0.679418,-1.165214
2018-06-29,41.0700796800,42.1198401200,42.1557908200,41.0556994000,64511204,3729377800.0000,0.595525,3.079360
2018-07-02,41.9041359200,39.7039530800,41.9041359200,39.2941151000,90018916,5082587156.0000,0.830995,-5.735747
2018-07-03,39.9771784000,40.5092487600,40.6674318400,39.0640306200,94916701,5276896813.0000,0.876208,2.028249
2018-07-04,40.4301572200,39.9196572800,40.8975163200,39.8118051800,51949368,2909529851.0000,0.479562,-1.455449
2018-07-05,40.0490798000,39.9268474200,40.4589177800,39.6751925200,54843432,3054478672.0000,0.506278,0.018009
2018-07-06,40.2504037200,40.9406571600,41.4511571000,39.9340375600,82431119,4674671786.0000,0.760950,2.539168
2018-07-09,41.4152064000,42.3355443200,42.3571147400,41.1276008000,69604304,4054246964.0000,0.642541,3.407099
2018-07-10,42.4218260000,41.8322345200,42.4577767000,41.3792557000,55562743,3233279752.0000,0.512919,-1.188860
2018-07-11,40.8040445000,41.0485092600,41.3504951400,40.6674318400,47378185,2701645194.0000,0.437364,-1.873496
2018-07-12,41.1563613600,41.9760373200,42.3427344600,41.1563613600,64770763,3777942008.0000,0.597921,2.259592
2018-07-13,42.2564527800,42.0910795600,42.3643048800,41.9041359200,39378546,2307228865.0000,0.363517,0.274066
2018-07-16,41.9185162000,41.5014880800,42.2636429200,41.2570233200,43194208,2494024299.0000,0.398740,-1.400751
2018-07-17,41.6309106000,41.7171922800,41.8897556400,41.2857838800,37994302,2195501138.0000,0.350738,0.519749
2018-07-18,41.9041359200,41.5661993400,42.5009175400,41.5230585000,46448505,2717273919.0000,0.428782,-0.361943
2018-07-19,41.9616570400,42.2133119400,42.6375302000,41.9544669000,70369903,4143173505.0000,0.649608,1.556820
2018-07-20,42.1342204000,43.7448117600,44.2984525400,41.8681852200,106935078,6433573521.0000,0.987154,3.628004
2018-07-23,43.3924949000,43.9173751200,44.2912624000,43.3205935000,80457337,4898411219.0000,0.742729,0.394480
2018-07-24,43.9029948400,44.3919243600,45.2978820000,43.8814244200,83684707,5207884860.0000,0.772522,1.080550
2018-07-25,44.7442412200,44.6939102400,44.7514313600,44.1474596000,40900624,2529701219.0000,0.377568,0.680269
2018-07-26,44.7801919200,43.7160512000,44.9239947200,43.6297695200,48259331,2960086715.0000,0.445498,-2.187903
2018-07-27,43.8454737200,43.7663821800,44.0971286200,43.5506779800,33417159,2037644574.0000,0.308485,0.115131
2018-07-30,43.7879526000,44.2625018400,44.5213468800,43.6801005000,37637018,2303730924.0000,0.347440,1.133567
2018-07-31,44.2912624000,44.2912624000,44.4997764600,43.7304314800,26069859,1600697232.0000,0.240660,0.064973
2018-08-01,44.4350652000,42.9251358000,44.8736637400,42.8676146800,56343432,3440050571.0000,0.520125,-3.084412
2018-08-02,42.7166217400,41.8897556400,42.7741428600,41.5590092000,64680428,3782255927.0000,0.597087,-2.412064
2018-08-03,42.0119880200,41.5733894800,42.2492626400,41.5446289200,36208330,2109021439.0000,0.334251,-0.755233
2018-08-06,41.5661993400,41.5805796200,42.3211640400,41.2426430400,41978566,2438442832.0000,0.387518,0.017299
2018-08-07,41.7819035400,42.8244738400,42.8532344000,41.6740514400,56186121,3306492624.0000,0.518673,2.991526
2018-08-08,42.8172837000,41.9760373200,42.9251358000,41.8394246600,41210911,2426952929.0000,0.380432,-1.981196
2018-08-09,41.9760373200,43.5866286800,43.8526638600,41.8322345200,63543307,3820214646.0000,0.586590,3.836927
2018-08-10,43.5434878400,43.4572061600,43.8310934400,43.0186076200,34904151,2108590693.0000,0.322212,-0.296932
2018-08-13,42.9970372000,42.8172837000,43.0329879000,42.1773612400,45464948,2692879775.0000,0.419702,-1.472534
2018-08-14,42.8244738400,42.4577767000,42.9395160800,42.1198401200,30874067,1824184784.0000,0.285009,-0.839631
2018-08-15,42.4433964200,41.0053684200,42.4577767000,40.7465233800,61374792,3531927672.0000,0.566572,-3.420830
2018-08-16,40.5380093200,40.9694177200,41.6668613000,40.1785023200,47507498,2710351662.0000,0.438558,-0.087672
2018-08-17,41.4871078000,40.6818121200,41.5733894800,40.5955304400,35136005,2009697401.0000,0.324352,-0.701997
2018-08-20,40.9406571600,41.5661993400,41.5733894800,40.8112346400,46214266,2653996237.0000,0.426620,2.173912
2018-08-21,41.6021500400,42.7238118800,42.8891851000,41.6021500400,63665064,3768112543.0000,0.587714,2.784980
2018-08-22,44.0611779200,43.8095230200,44.2193610000,43.4068751800,104185714,6355540682.0000,0.961774,2.541236
2018-08-23,43.8670441400,44.6723398200,44.8520933200,43.8670441400,75611130,4682981908.0000,0.697992,1.969474
2018-08-24,44.3631638000,44.9168045800,45.5351566200,44.2193610000,57263151,3574475333.0000,0.528616,0.547240
2018-08-27,45.3554031200,45.6358185800,45.7868115200,45.0965580800,58579343,3706028568.0000,0.540766,1.600768
2018-08-28,45.8730932000,45.2259806000,45.9018537600,45.0102764000,42494421,2683512093.0000,0.392280,-0.898062
2018-08-29,45.0677975200,45.3050721400,45.5135862000,45.0462271000,27892679,1757300920.0000,0.257487,0.174876
2018-08-30,45.6573890000,45.4129242400,46.0528467000,45.3122622800,45849633,2916938041.0000,0.423254,0.238060
2018-08-31,44.8664736000,45.2835017200,45.6070580200,44.7226708000,52111400,3273908661.0000,0.481058,-0.284991
2018-09-03,45.0102764000,45.1037482200,45.2978820000,44.6579595400,32379059,2027395425.0000,0.298902,-0.396951
2018-09-04,45.1900299000,46.5921072000,46.6855790200,44.9671355600,65837878,4208358192.0000,0.607772,3.299862
2018-09-05,46.3116917400,45.1540792000,46.4770649600,45.1540792000,50743718,3235414305.0000,0.468432,-3.086426
2018-09-06,45.0960264000,44.5296028800,45.4010236800,44.3044858400,45742629,2827435706.0000,0.422266,-1.383082
2018-09-07,44.9362659200,45.5898315200,46.1126840000,44.7329344000,49471165,3105514558.0000,0.456685,2.380951
2018-09-10,45.4591184000,45.0451935200,45.6551880800,44.7329344000,32339001,2008532822.0000,0.298532,-1.194648
2018-09-11,45.0234080000,44.7910291200,45.4445947200,44.4787700000,34707057,2147831325.0000,0.320393,-0.564241
2018-09-12,44.5223410400,44.0067504000,44.6312686400,43.7743715200,43546028,2644081431.0000,0.401988,-1.750976
2018-09-13,44.8636475200,45.3138816000,45.3138816000,44.3044858400,53884697,3328513240.0000,0.497428,2.970302
2018-09-14,45.4373328800,45.9674472000,46.3014918400,45.3284052800,55837041,3529776705.0000,0.515451,1.442304
2018-09-17,45.2412632000,45.3937618400,45.8803051200,45.2049540000,26959587,1686602295.0000,0.248873,-1.248027
2018-09-18,45.1323356000,46.5629180800,46.6936312000,45.0960264000,63556933,4033820471.0000,0.586716,2.575595
2018-09-19,46.5411325600,47.3108876000,47.7829072000,46.3378010400,83470507,5411874454.0000,0.770545,1.606361
2018-09-20,47.3471968000,47.0567232000,47.6086230400,46.9187482400,41892378,2721332741.0000,0.386723,-0.537219
2018-09-21,47.4052915200,49.0101581600,49.0174200000,47.1801744800,81043109,5386807332.0000,0.748136,4.151226
2018-09-25,48.5817096000,48.7923029600,49.1844423200,48.2767123200,57810389,3878568209.0000,0.533667,-0.444503
2018-09-26,48.8213503200,49.3514646400,50.1066960000,48.5308767200,90852551,6186718195.0000,0.838691,1.145999
2018-09-27,49.1844423200,48.7995648000,49.1989660000,48.5526622400,62357433,4190581061.0000,0.575643,-1.118308
2018-09-28,49.0174200000,49.7436040000,50.1793144000,48.9738489600,73952387,5052835863.0000,0.682680,1.934528
2018-10-08,48.5090912000,47.0421995200,48.5381385600,46.9913666400,112844471,7402497487.0000,1.041706,-5.430658
2018-10-09,46.9332719200,47.2019600000,47.4779099200,46.7154167200,48631908,3155728031.0000,0.448938,0.339613
2018-10-10,47.2673165600,46.9477956000,47.6231467200,46.6210128000,58279902,3780647727.0000,0.538002,-0.538459
2018-10-11,45.0960264000,44.9144804000,45.8948288000,44.5731739200,114532745,7141404125.0000,1.057291,-4.331017
2018-10-12,45.3865000000,46.3813720800,46.6573220000,45.2412632000,77461671,4901391148.0000,0.715075,3.265967
2018-10-15,46.4031576000,45.8948288000,46.7952969600,45.8149485600,53974326,3437483874.0000,0.498255,-1.049003
2018-10-16,46.0037564000,46.4757760000,47.3326731200,45.9892327200,58403499,3761333740.0000,0.539143,1.265822
2018-10-17,47.3254112800,46.5919654400,47.4343388800,45.3211434400,76140192,4861851849.0000,0.702876,0.250006
2018-10-18,46.1054221600,45.3501908000,46.1272076800,45.2049540000,60301984,3788520129.0000,0.556668,-2.665216
2018-10-19,45.0161461600,47.6521940800,48.0007624000,44.9362659200,113881516,7314843218.0000,1.051279,5.076064
2018-10-22,47.9354058400,49.3296791200,50.4116932800,47.6521940800,161688174,10961620260.0000,1.492598,3.520264
2018-10-23,49.3805120000,47.5723138400,49.6128908800,47.1148179200,117213446,7814653832.0000,1.082037,-3.562488
2018-10-24,47.7683835200,48.1096900000,49.2715844000,47.6086230400,81063205,5398315014.0000,0.748322,1.129595
2018-10-25,46.6210128000,48.4074254400,48.4074254400,46.6210128000,73620253,4816111122.0000,0.679614,0.618873
2018-10-26,48.1459992000,47.5940993600,48.4873056800,46.7517259200,79741104,5212551961.0000,0.736117,-1.680172
2018-10-29,47.8337400800,45.0234080000,47.9208821600,44.9507896000,121641942,7666491234.0000,1.122918,-5.401283
2018-10-30,43.5710400000,45.6043552000,46.9332719200,43.2079480000,126920829,7969650420.0000,1.171649,1.290321
2018-10-31,45.7568538400,46.2070879200,46.4394668000,45.1395974400,78283525,4948893033.0000,0.722662,1.321659
2018-11-01,46.6355364800,46.6936312000,47.5650520000,46.5338707200,68987109,4463737106.0000,0.636843,1.052966
2018-11-02,48.5962332800,48.9084924000,48.9084924000,47.6013612000,117394937,7821171766.0000,1.083712,4.743383
2018-11-05,48.2912360000,48.3493307200,48.6906372000,47.7102888000,54713186,3634382539.0000,0.505076,-1.143276
2018-11-06,48.0733808000,48.5090912000,48.5090912000,47.7829072000,38508185,2553280683.0000,0.355482,0.330431
2018-11-07,48.5744477600,48.0152860800,48.9012305600,47.8555256000,51065843,3393066441.0000,0.471406,-1.017964
2018-11-08,48.6034951200,48.1459992000,48.7777792800,47.9281440000,50494617,3364558944.0000,0.466133,0.272233
2018-11-09,47.7465980000,46.9260100800,47.9136203200,46.7517259200,54468970,3544347557.0000,0.502822,-2.533937
2018-11-12,46.7662496000,46.9550574400,47.3036257600,46.2942300000,45851164,2956910272.0000,0.423268,0.061902
2018-11-13,46.3160155200,47.2092218400,47.6158848800,46.1126840000,52099795,3362080743.0000,0.480951,0.541291
2018-11-14,47.2382692000,46.4394668000,47.2673165600,46.1853024000,57381407,3680152361.0000,0.529707,-1.630520
2018-11-15,46.4757760000,47.2745784000,47.3036257600,46.3087536800,50057986,3231462676.0000,0.462102,1.798276
2018-11-16,47.2019600000,47.3835060000,48.2113557600,46.9768429600,61987908,4063786057.0000,0.572231,0.230417
2018-11-19,47.3835060000,47.7248124800,48.0733808000,47.0567232000,50762891,3324370817.0000,0.468609,0.720308
2018-11-20,47.2019600000,46.5483944000,47.5214809600,46.4104194400,59176258,3810974173.0000,0.546276,-2.465007
2018-11-21,46.1344695200,46.4830378400,46.5774417600,46.1344695200,38524931,2459066015.0000,0.355637,-0.140400
2018-11-22,46.6064891200,45.8512577600,46.6210128000,45.6188788800,44368353,2803339519.0000,0.409579,-1.359167
2018-11-23,45.8585196000,45.4881657600,46.1780405600,45.4010236800,37233517,2339115029.0000,0.343715,-0.791891
2018-11-26,45.7495920000,45.8948288000,46.3813720800,45.6043552000,36998907,2340406531.0000,0.341549,0.894000
2018-11-27,45.9747090400,45.8294722400,46.3886339200,45.6842354400,37559684,2377828917.0000,0.346726,-0.142405
2018-11-28,45.8367340800,46.3087536800,46.4467286400,45.7568538400,41169032,2616356268.0000,0.380045,1.045793
2018-11-29,46.6936312000,45.7859012000,46.7517259200,45.7495920000,38665389,2460470881.0000,0.356933,-1.129060
2018-11-30,45.7931630400,46.1054221600,46.2216116000,45.6769736000,34917109,2212885743.0000,0.322332,0.697863
2018-12-03,47.3471968000,47.1946981600,47.9644532000,47.0349376800,112194302,7325910545.0000,1.035704,2.362571
2018-12-04,47.1656508000,47.1220797600,47.2600547200,46.5919654400,56247314,3640115194.0000,0.519238,-0.153867
2018-12-05,46.5120852000,46.6573220000,46.9114864000,46.4612523200,45020712,2892938998.0000,0.415601,-0.986283
2018-12-06,46.2288734400,45.7495920000,46.3886339200,45.6697117600,58586513,3710782048.0000,0.540832,-1.945525
2018-12-07,45.9819708800,45.7495920000,46.1344695200,45.7350683200,27029717,1709048611.0000,0.249520,0.000000
2018-12-10,45.3865000000,45.1541211200,45.5172131200,44.8926948800,49465059,3075386868.0000,0.456629,-1.301587
2018-12-11,45.1541211200,45.1468592800,45.4373328800,44.8926948800,41994888,2605529172.0000,0.387669,-0.016086
2018-12-12,45.6043552000,45.3574526400,45.6261407200,45.0524553600,38739232,2415069230.0000,0.357615,0.466464
2018-12-13,45.5317368000,45.8948288000,46.1126840000,45.3138816000,78275417,4938706633.0000,0.722587,1.184761
2018-12-14,45.6769736000,44.9798369600,45.7060209600,44.8273383200,75075554,4664205074.0000,0.693048,-1.993674
2018-12-17,44.9290040800,44.4932936800,45.2122158400,44.3190095200,71213138,4372511195.0000,0.657393,-1.081689
2018-12-18,44.2246056000,44.1882964000,44.7910291200,43.9123464800,53230206,3244689448.0000,0.491386,-0.685494
2018-12-19,44.2972240000,43.6581820800,44.4860318400,43.4838979200,51553816,3118190766.0000,0.475911,-1.199671
2018-12-20,43.5347308000,42.8448560000,43.7017531200,42.5398587200,80695579,4779472466.0000,0.744928,-1.862939
2018-12-21,42.6633100000,42.3655745600,42.7359284000,41.7192708000,73912789,4287044788.0000,0.682314,-1.118644
2018-12-24,42.1186720000,42.3002180000,42.3365272000,41.9371260000,35874842,2084472986.0000,0.331173,-0.154268
2018-12-25,41.7846273600,42.2711706400,42.6850955200,41.3053459200,66463319,3837466568.0000,0.613545,-0.068671
2018-12-26,42.2421232800,41.6103432000,42.3002180000,41.5377248000,39782133,2293584057.0000,0.367242,-1.563305
2018-12-27,42.3220035200,41.3198696000,42.3946219200,41.3198696000,75189050,4329636520.0000,0.694096,-0.698076
2018-12-28,41.3924880000,40.7389224000,41.5595103200,40.7389224000,91498805,5177718206.0000,0.844657,-1.405981
2019-01-02,40.6953513600,40.0708331200,40.7970171200,39.8965489600,82554243,4573024812.0000,0.762086,-1.639925
2019-01-03,40.0490476000,40.4339251200,40.9059447200,39.9836910400,69271124,3864646451.0000,0.639465,0.906125
2019-01-04,40.1434515200,41.0947525600,41.3924880000,40.1071423200,112985585,6376773583.0000,1.043008,1.634339
2019-01-07,41.4578445600,40.8841592000,41.5159392800,40.5936856000,76593007,4326151604.0000,0.707056,-0.512460
2019-01-08,40.7026132000,40.5210672000,40.7316605600,40.0853568000,55992092,3116381576.0000,0.516882,-0.888100
2019-01-09,40.8115408000,41.3561788000,41.8281984000,40.6372566400,81914613,4673997766.0000,0.756182,2.060935
2019-01-10,41.2980840800,41.7555800000,41.9879588800,41.0657052000,67328223,3858446844.0000,0.621530,0.965758
2019-01-11,42.1186720000,42.1695048800,42.3292653600,41.7555800000,45756973,2650921529.0000,0.422398,0.991304
2019-01-14,41.9298641600,41.4796300800,42.0823628000,41.3198696000,47532651,2723611890.0000,0.438790,-1.635958
2019-01-15,41.5812958400,42.5471205600,42.6197389600,41.4360590400,58626487,3413728308.0000,0.541201,2.573532
2019-01-16,42.4236692800,42.6560481600,42.8158086400,42.1259338400,40411183,2368178488.0000,0.373049,0.256019
2019-01-17,42.8811652000,42.6487863200,43.4258032000,42.5253350400,53505039,3168128862.0000,0.493923,-0.017028
2019-01-18,43.0118783200,43.5129452800,43.5855636800,42.6197389600,56175665,3350801454.0000,0.518577,2.026219
2019-01-21,43.5202071200,44.1447253600,44.3771042400,43.4621124000,55984277,3395168935.0000,0.516810,1.451941
2019-01-22,44.0067504000,43.6218728800,44.0357977600,43.3822321600,41950761,2524729521.0000,0.387262,-1.184407
2019-01-23,43.4403268800,43.2006861600,43.8615136000,43.1716388000,37493263,2243882420.0000,0.346113,-0.965537
2019-01-24,43.2878282400,43.8832991200,43.9486556800,43.0046164800,44940618,2694967118.0000,0.414862,1.580095
2019-01-25,43.9341320000,44.5078173600,44.8636475200,43.8832991200,67245911,4129885331.0000,0.620770,1.423135
2019-01-28,44.8781712000,44.6748396800,45.3211434400,44.4424608000,58164884,3603129774.0000,0.536940,0.375264
2019-01-29,44.5731739200,44.7692436000,44.9507896000,44.2827003200,39519294,2428493652.0000,0.364816,0.211315
2019-01-30,44.2100819200,44.4787700000,44.9217422400,44.1374635200,31000323,1904411131.0000,0.286174,-0.648826
2019-01-31,44.8781712000,45.7350683200,45.8875669600,44.6966252000,69226532,4336690723.0000,0.639054,2.824489
2019-02-01,46.1126840000,45.9020906400,46.3160155200,45.6406644000,43792470,2771783993.0000,0.404263,0.365195
2019-02-11,45.6624499200,46.7589877600,46.8461298400,45.6624499200,54181551,3456061479.0000,0.500168,1.866794
2019-02-12,46.7662496000,46.6718456800,46.7807732800,46.2506589600,38519306,2468628211.0000,0.355585,-0.186369
2019-02-13,46.9550574400,47.2164836800,47.4924336000,46.4975615200,57865813,3743367744.0000,0.534179,1.166952
2019-02-14,47.1148179200,47.2745784000,47.4924336000,47.0421995200,39620277,2577578444.0000,0.365748,0.123042
2019-02-15,47.0567232000,45.9311380000,47.2092218400,45.9093524800,53401148,3418044695.0000,0.492964,-2.841780
2019-02-18,46.4031576000,47.4125533600,47.5069572800,46.3160155200,72136106,4677674823.0000,0.665913,3.225298
2019-02-19,47.6231467200,47.6957651200,48.8503976800,47.4052915200,78595146,5198252133.0000,0.725538,0.597334
2019-02-20,48.1459992000,47.8410019200,48.2040939200,47.3399349600,39350882,2592496357.0000,0.363261,0.304502
2019-02-21,47.7829072000,47.4851717600,48.4219491200,47.2673165600,54369401,3588406874.0000,0.501902,-0.743773
2019-02-22,47.4633862400,48.6688516800,48.7051608800,47.0567232000,76221888,5022163621.0000,0.703630,2.492732
2019-02-25,49.5402724800,53.0114320000,53.0114320000,49.4821777600,222238240,15601216189.0000,2.051557,8.922715
2019-02-26,52.0746546400,50.8401418400,52.7209584000,50.7747852800,155563881,11039492176.0000,1.436063,-4.095887
2019-02-27,51.0507352000,50.8183563200,51.8713231200,50.0994341600,101766358,7169557279.0000,0.939440,-0.042849
2019-02-28,50.8183563200,50.8401418400,51.5227548000,50.4044314400,59888970,4212441293.0000,0.552855,0.042868
2019-03-01,51.3339469600,52.5684597600,52.7209584000,51.0144260000,92075183,6586194402.0000,0.849977,3.399510
2019-03-04,53.0114320000,52.7064347200,54.5364184000,52.4377466400,126327504,9279004181.0000,1.166172,0.262471
2019-03-05,52.6338163200,52.3360808800,52.8226241600,51.9729888800,65968035,4759711070.0000,0.608973,-0.702676
2019-03-06,52.5684597600,52.4014374400,52.6338163200,51.6389442400,78465361,5640683407.0000,0.724340,0.124884
2019-03-07,52.3941756000,51.0434733600,52.3941756000,50.8328800000,101347308,7171432249.0000,0.935571,-2.591467
2019-03-08,49.8597934400,49.8888408000,50.9781168000,49.5620580000,91325604,6295287173.0000,0.843058,-2.262063
2019-03-11,49.9614592000,49.9541973600,50.6077629600,49.5402724800,75185765,5173828938.0000,0.694065,0.131010
2019-03-12,50.5424064000,50.2882420000,51.5009692800,50.0776486400,96921901,6776280865.0000,0.894719,0.668701
2019-03-13,51.8350139200,51.9512033600,52.3578664000,51.0289496800,140546408,10026174511.0000,1.297432,3.306860
2019-03-14,52.1182256800,52.8661952000,53.1566688000,52.0673928000,105597033,7670039178.0000,0.974802,1.761255
2019-03-15,53.0840504000,53.6286884000,54.8268920000,53.0695267200,125524638,9342867722.0000,1.158761,1.442301
2019-03-18,54.0498751200,54.4638000000,54.7107025600,53.3382148000,115639210,8622875430.0000,1.067505,1.557213
2019-03-19,54.9939143200,54.7179644000,55.8072404000,54.4347526400,101209656,7669753047.0000,0.934301,0.466665
2019-03-20,54.5073710400,55.5893852000,56.2647363200,54.2822540000,107843910,8223832015.0000,0.995544,1.592574
2019-03-21,55.9161680000,55.0447472000,56.0977140000,54.8995104000,84625878,6432258633.0000,0.781210,-0.979752
2019-03-22,55.0156998400,54.2604684800,55.3787918400,53.7811870400,77200428,5793145970.0000,0.712663,-1.424804
2019-03-25,53.3091674400,52.4958413600,53.7303541600,52.4159611200,99105240,7240888365.0000,0.914874,-3.252141
2019-03-26,53.0041701600,52.7863149600,53.1784543200,52.3941756000,63447472,4610495784.0000,0.585705,0.553329
2019-03-27,53.1566688000,53.8973764800,54.1951119200,52.7935768000,75981776,5612313473.0000,0.701400,2.104800
2019-03-28,53.3019056000,53.3019056000,53.6940449600,52.9242899200,48420875,3553347624.0000,0.446990,-1.104823
2019-03-29,53.8102344000,55.9887864000,55.9887864000,53.8102344000,142935526,10870048907.0000,1.319486,5.040868
2019-04-01,56.6423520000,57.0780624000,57.5355583200,56.2792600000,116811347,9182647666.0000,1.078325,1.945525
2019-04-02,57.0344913600,57.3394886400,57.3685360000,56.6786612000,77117540,6059549184.0000,0.711898,0.458016
2019-04-03,56.9909203200,57.9930542400,58.2036476000,56.9110400800,76021980,6045909504.0000,0.701785,1.139820
2019-04-04,58.1528147200,58.2399568000,58.7918566400,57.5500820000,79562603,6378852748.0000,0.734469,0.425741
2019-04-08,58.6030488000,58.5231685600,59.7286340000,58.1092436800,91612230,7448621190.0000,0.845704,0.486284
2019-04-09,58.3851936000,58.8935224000,59.5470880000,58.3634080800,60173789,4887104136.0000,0.555485,0.632836
2019-04-10,58.6756672000,59.5688735200,59.6269682400,57.8478174400,78362038,6347140293.0000,0.723387,1.146733
2019-04-11,60.0191076000,58.6103106400,60.7235060800,58.2109094400,75662885,6180144016.0000,0.698470,-1.609167
2019-04-12,58.3488844000,58.4142409600,58.9370934400,58.0221016000,52677940,4235942763.0000,0.486288,-0.334527
2019-04-15,59.7141103200,59.3001854400,60.9123139200,59.2566144000,98995302,8203396924.0000,0.913859,1.516660
2019-04-16,58.9806644800,61.7329018400,61.8200439200,58.7482856000,103622277,8642148123.0000,0.956572,4.102374
2019-04-17,61.6675452800,61.3480243200,61.9798044000,60.8542192000,63191560,5350101242.0000,0.583343,-0.623455
2019-04-18,61.5005229600,61.2173112000,61.7401636800,60.9123139200,39728704,3354513849.0000,0.366749,-0.213068
2019-04-19,61.9217096800,63.1780080000,63.1780080000,61.1446928000,78913196,6768190588.0000,0.728474,3.202843
2019-04-22,63.3377684800,61.6965926400,63.9695485600,61.3625480000,93211520,8032960471.0000,0.860467,-2.344829
2019-04-23,61.5440940000,62.4953950400,63.4539579200,61.3625480000,67811637,5833032636.0000,0.625992,1.294725
2019-04-24,62.5099187200,61.7474255200,63.0908659200,60.6726732000,81285189,6916666438.0000,0.750371,-1.196838
2019-04-25,61.2536204000,60.5637456000,61.7183781600,60.3821996000,65576928,5505578220.0000,0.605363,-1.916967
2019-04-26,60.2732720000,60.3531522400,61.3117151200,60.1280352000,64895907,5424636666.0000,0.599076,-0.347723
2019-04-29,60.9123139200,62.7640831200,63.2724119200,60.4911272000,94657603,8097224931.0000,0.873816,3.994705
2019-04-30,62.8149160000,62.5244424000,63.5265763200,61.3843335200,91790202,7894165649.0000,0.847346,-0.381814
2019-05-06,60.1280352000,58.9661408000,60.7089824000,57.8478174400,180860945,14725465894.0000,1.669589,-5.691059
2019-05-07,59.3873275200,58.9443552800,59.7504195200,58.0148397600,97495129,7910860379.0000,0.900011,-0.036944
2019-05-08,57.1724663200,57.2087755200,58.4941212000,56.9183019200,86837572,6904377645.0000,0.801627,-2.944437
2019-05-09,56.8311598400,55.6692654400,56.8311598400,55.2698642400,112572186,8689046105.0000,1.039192,-2.691032
2019-05-10,56.6060428000,59.0968539200,59.4526840800,56.1340232000,139209828,11083158281.0000,1.285093,6.157048
2019-05-13,57.5500820000,57.1143716000,58.2254331200,57.0054440000,84235081,6668703693.0000,0.777603,-3.354627
2019-05-14,56.6133046400,56.8602072000,57.6590096000,56.5334244000,78278137,6165448232.0000,0.722612,-0.445008
2019-05-15,57.3322268000,58.4868593600,59.0895920800,57.2959176000,80330024,6430783480.0000,0.741554,2.860789
2019-05-16,58.6901908800,58.7991184800,59.2057815200,58.0947200000,63083136,5101228351.0000,0.582342,0.533897
2019-05-17,58.8644750400,57.4411544000,58.9661408000,57.3540123200,68580202,5464921484.0000,0.633087,-2.309501
2019-05-20,57.0054440000,56.5479480800,57.5718675200,56.0541429600,74500390,5810214619.0000,0.687738,-1.554988
2019-05-21,56.6786612000,56.7875888000,57.5500820000,56.4099731200,63019796,4945455898.0000,0.581757,0.423776
2019-05-22,56.8021124800,56.3809257600,57.0054440000,56.0614048000,51673193,4013374792.0000,0.477013,-0.716109
2019-05-23,56.3514300000,55.5706128000,56.5945146000,55.2833310000,64567076,4884305938.0000,0.596041,-1.437155
2019-05-24,55.9094580000,56.3514300000,56.9186274000,55.8357960000,51235315,3923969868.0000,0.472971,1.405087
2019-05-27,56.1672750000,56.8523316000,57.2059092000,55.5043170000,58973173,4515690456.0000,0.544401,0.888889
2019-05-28,57.0438528000,57.5963178000,58.0235574000,56.8744302000,89383992,6978721843.0000,0.825134,1.308632
2019-05-29,57.0880500000,58.7675436000,59.6514876000,56.8523316000,96827316,7677708159.0000,0.893846,2.033503
2019-05-30,58.4876280000,58.2592758000,58.7454450000,57.8909658000,48847670,3863896327.0000,0.450929,-0.864881
2019-05-31,58.3034730000,58.1929800000,59.3494734000,58.1929800000,49666990,3960219553.0000,0.458493,-0.113790
2019-06-03,58.7601774000,58.3771350000,59.0769240000,57.9646278000,52130833,4135810656.0000,0.481237,0.316456
2019-06-04,58.3255716000,57.4342614000,58.5465576000,57.3532332000,51212147,4016614538.0000,0.472757,-1.615140
2019-06-05,58.0088250000,57.0880500000,58.1193180000,57.0585852000,48717131,3810584967.0000,0.449724,-0.602797
2019-06-06,57.2722050000,56.8007682000,57.3826980000,56.6313456000,42252296,3268509624.0000,0.390045,-0.503225
2019-06-10,57.3016698000,58.2666420000,58.4728956000,57.0806838000,64574804,5078787335.0000,0.596112,2.580726
2019-06-11,58.3845012000,60.1818540000,60.3365442000,58.2887406000,94131765,7598394618.0000,0.868962,3.286977
2019-06-12,59.7398820000,59.3126424000,59.9756004000,59.1726846000,47795293,3861456619.0000,0.441215,-1.444309
2019-06-13,59.5188960000,59.2905438000,59.6662200000,58.7822760000,46145583,3708068738.0000,0.425986,-0.037256
2019-06-14,59.3052762000,58.7454450000,59.7030510000,58.6865154000,40873298,3280402761.0000,0.377315,-0.919366
2019-06-17,58.7822760000,58.8706704000,59.4231354000,58.5612900000,36388172,2914253957.0000,0.335912,0.213164
2019-06-18,59.0179944000,59.6441214000,59.7988116000,58.8191070000,46407362,3741319743.0000,0.428402,1.313818
2019-06-19,61.8834462000,61.5372348000,62.2959534000,61.5077700000,111871582,9389806918.0000,1.032725,3.174015
2019-06-20,61.8171504000,65.1908700000,65.1908700000,61.8171504000,153321332,13312984390.0000,1.415361,5.937274
2019-06-21,64.7857290000,64.8004614000,65.2350672000,64.2553626000,85806014,7534703117.0000,0.792104,-0.598869
2019-06-24,64.7488980000,64.9772502000,65.2203348000,64.2479964000,59405200,5226583057.0000,0.548390,0.272818
2019-06-25,64.8962220000,63.8133906000,64.9551516000,62.8484184000,105193653,9119809214.0000,0.971078,-1.791182
2019-06-26,63.9017850000,63.6439680000,64.3069260000,63.6439680000,45763035,3973049206.0000,0.422454,-0.265492
2019-06-27,64.0859400000,64.8593910000,65.1687714000,64.0785738000,81454553,7159650023.0000,0.751935,1.909724
2019-06-28,64.7930952000,65.2718982000,65.7948984000,64.5500106000,59553439,5265100136.0000,0.549758,0.636000
2019-07-01,66.7377720000,67.6511808000,68.1152514000,66.7377720000,92609753,8488849611.0000,0.854912,3.645182
2019-07-02,67.5406878000,67.0766172000,67.5406878000,66.9440256000,60649656,5535115699.0000,0.559878,-0.849302
2019-07-03,67.1502792000,66.7819692000,67.4743920000,66.1484760000,65098801,5908542213.0000,0.600949,-0.439264
2019-07-04,66.8114340000,66.2221380000,67.1355468000,65.8169970000,59366727,5341056830.0000,0.548034,-0.838299
2019-07-05,66.2958000000,66.9219270000,67.1355468000,66.1705746000,51052242,4623825137.0000,0.471281,1.056726
2019-07-08,66.2884338000,65.2571658000,66.2884338000,64.6605036000,78776550,6981871334.0000,0.727213,-2.487619
2019-07-09,65.3234616000,64.4763486000,65.4486870000,64.0785738000,55703430,4890272738.0000,0.514217,-1.196521
2019-07-10,64.9625178000,64.7341656000,64.9772502000,64.4689824000,35616458,3128598068.0000,0.328788,0.399861
2019-07-11,65.1835038000,64.8078276000,65.7801660000,64.5942078000,51486886,4553497823.0000,0.475293,0.113798
2019-07-12,64.9330530000,65.3750250000,65.9053914000,64.9330530000,57671774,5130242055.0000,0.532388,0.875195
2019-07-15,64.8962220000,64.8814896000,65.3897574000,63.8060244000,59452589,5209370935.0000,0.548827,-0.754927
2019-07-16,64.8004614000,64.0491090000,64.9551516000,64.0122780000,43086922,3758156348.0000,0.397750,-1.282930
2019-07-17,64.0491090000,64.0785738000,64.5131796000,63.6439680000,43834956,3808604487.0000,0.404655,0.046004
2019-07-18,63.7912920000,63.8870526000,64.3732218000,63.5924046000,37781666,3283524659.0000,0.348775,-0.298879
2019-07-19,64.3142922000,65.0803770000,65.3381940000,64.3142922000,60359099,5322866936.0000,0.557195,1.867860
2019-07-22,65.0582784000,64.5868416000,65.5444476000,64.5868416000,42622726,3763713785.0000,0.393465,-0.758345
2019-07-23,64.7562642000,64.4542500000,64.9698840000,64.1596020000,38182988,3342183667.0000,0.352480,-0.205292
2019-07-24,64.8004614000,65.4486870000,65.8980252000,64.6752360000,59457876,5285935227.0000,0.548876,1.542855
2019-07-25,65.6328420000,65.8611942000,65.9643210000,65.2203348000,45606184,4065314394.0000,0.421006,0.630282
2019-07-26,65.4265884000,66.3694620000,66.4210254000,65.4265884000,46153438,4145210524.0000,0.426100,0.771700
2019-07-29,66.1779408000,65.8906590000,66.3547296000,65.5960110000,36824643,3294553172.0000,0.339941,-0.721422
2019-07-30,66.5536170000,66.2810676000,66.9587580000,66.0600816000,46479947,4198043686.0000,0.429100,0.592500
2019-07-31,65.8611942000,64.8888558000,65.9274900000,64.7341656000,59275484,5249081796.0000,0.547200,-2.100500
2019-08-01,64.4542500000,64.4616162000,65.0730108000,64.0933062000,42759682,3743916591.0000,0.394700,-0.658400
2019-08-02,63.4229820000,63.3714186000,63.7102638000,62.9810100000,72897093,6268998438.0000,0.672900,-1.691200
2019-08-05,62.6568972000,62.3254182000,63.2461932000,62.3033196000,68484703,5821899847.0000,0.632200,-1.650600
2019-08-06,61.2131220000,62.2517562000,62.5243056000,60.5133330000,101034081,8429945011.0000,0.932700,-0.118200
2019-08-07,62.4727422000,61.4856714000,62.5758690000,61.3972770000,53235572,4470107316.0000,0.491400,-1.230600
2019-08-08,61.8687138000,62.2517562000,62.2812210000,61.4341080000,56726429,4770686076.0000,0.523700,1.246000
2019-08-09,62.6863620000,62.1338970000,62.8189536000,61.8908124000,44936180,3800362685.0000,0.414800,-0.189300
2019-08-12,62.2149252000,63.7176300000,63.9165174000,62.2149252000,59423858,5084372810.0000,0.548600,2.548900
2019-08-13,63.3124890000,62.6200662000,63.5334750000,62.4432774000,51501773,4401472137.0000,0.475400,-1.722500
2019-08-14,63.6292356000,62.6421648000,63.7691934000,62.6200662000,53336342,4576817836.0000,0.492400,0.035300
2019-08-15,61.7287560000,63.5776722000,63.5997708000,61.5298686000,70227378,5987124720.0000,0.648300,1.493400
2019-08-16,64.0859400000,64.4247852000,65.0435460000,63.6071370000,93231155,8148943124.0000,0.860600,1.332400
2019-08-19,65.0435460000,65.1540390000,65.1614052000,64.2700950000,83735472,7360284611.0000,0.773000,1.131900
2019-08-20,65.0435460000,64.7783628000,65.0656446000,64.5426444000,50439359,4435790961.0000,0.465600,-0.576600
2019-08-21,64.5647430000,64.6236726000,64.9477854000,64.3437570000,33532073,2943814928.0000,0.309500,-0.238800
2019-08-22,64.7194332000,64.8078276000,64.8814896000,64.3805880000,36503738,3202804688.0000,0.337000,0.285000
2019-08-23,64.7857290000,66.2147718000,66.4873212000,64.6899684000,88568977,7930036407.0000,0.817600,2.170900
2019-08-26,65.0435460000,64.4542500000,65.2645320000,64.1964330000,99026844,8701773329.0000,0.914200,-2.658800
2019-08-27,64.8593910000,64.5868416000,65.4118560000,64.5058134000,76782700,6765874677.0000,0.708800,0.205700
2019-08-28,64.5352782000,64.0122780000,64.7636304000,63.9754470000,51609230,4497895399.0000,0.476400,-0.889600
2019-08-29,64.1964330000,63.8649540000,64.4395176000,63.4745454000,46433200,4028377004.0000,0.428600,-0.230200
2019-08-30,64.6015740000,64.3216584000,64.9330530000,63.6513342000,56465513,4932841956.0000,0.521300,0.715100
2019-09-02,64.0859400000,65.1908700000,65.4707856000,63.9975456000,63580615,5619499370.0000,0.586900,1.351400
2019-09-03,65.2645320000,65.0067150000,65.4855180000,64.6678698000,51275196,4525884596.0000,0.473300,-0.282500
2019-09-04,65.2518932200,65.6010722000,65.6753656000,64.7987034800,60595398,5325414023.0000,0.559400,0.914300
2019-09-05,65.9725392000,66.2920008200,67.0943695400,65.6085015400,100756554,9016307901.0000,0.930100,1.053200
2019-09-06,66.8269133000,67.3841138000,67.3841138000,66.3291475200,68875243,6204699653.0000,0.635800,1.647400
2019-09-09,67.8818795800,67.1612336000,68.0007490200,66.8492013200,70240149,6374337298.0000,0.648400,-0.330800
2019-09-10,67.2280976600,66.4480169600,67.2726737000,66.0468326000,48454825,4336398320.0000,0.447300,-1.061900
2019-09-11,66.7154732000,66.5371690400,66.9234947200,65.9353925000,45586002,4081637789.0000,0.420800,0.134200
2019-09-12,66.9309240600,68.6025255600,68.7213950000,66.6783265000,79304852,7231017511.0000,0.732100,3.104100
2019-09-16,68.5728082000,67.8670209000,68.5950962200,67.6961460800,54841299,5026202112.0000,0.506300,-1.072100
2019-09-17,67.5327006000,66.5074516800,67.5475592800,66.2845714800,64033353,5773323708.0000,0.591100,-2.003300
2019-09-18,66.7303318800,66.8640600000,67.2206683200,66.5520277200,41977115,3778486404.0000,0.387500,0.536200
2019-09-19,67.2355270000,66.5668864000,67.3246790800,66.1285553400,42158001,3773996564.0000,0.389200,-0.444400
2019-09-20,66.7823372600,66.7526199000,67.0795108600,66.4554463000,45692318,4105057124.0000,0.421800,0.279000
2019-09-23,66.4480169600,66.0542619400,66.4480169600,65.4896321000,51366718,4548689259.0000,0.474200,-1.046200
2019-09-24,66.1211260000,66.0839793000,66.4257289400,65.6753656000,40535098,3607588863.0000,0.374200,0.045000
2019-09-25,65.6679362600,65.9576805200,66.2474247800,65.4896321000,38858400,3446057682.0000,0.358700,-0.191100
2019-09-26,66.2697128000,65.6382189000,66.6931851800,65.6233602200,48637079,4330579276.0000,0.449000,-0.484300
2019-09-27,65.7719470200,65.6010722000,65.8833871200,65.2890399200,32955411,2904720762.0000,0.304200,-0.056600
2019-09-30,65.3336159600,64.6649753600,65.5193494600,64.6426873400,46078453,4034487316.0000,0.425400,-1.427000
2019-10-08,64.7392687600,65.3781920000,65.9131044800,64.7095514000,40531309,3569131700.0000,0.374200,1.102900
2019-10-09,64.9621489600,65.5119201200,65.8239524000,64.8804262200,36058049,3172233255.0000,0.332900,0.204500
2019-10-10,65.5193494600,65.7496590000,65.8610991000,65.0141543400,34092732,3007521492.0000,0.314700,0.362900
2019-10-11,66.0394032600,66.7897666000,67.0646521800,65.7496590000,60047559,5375760781.0000,0.554300,1.581900
2019-10-14,67.4584072000,67.1983803000,67.9413143000,66.9977881200,63044309,5727381883.0000,0.582000,0.611800
2019-10-15,67.4584072000,67.0126468000,67.4584072000,66.8194839600,35087394,3166954955.0000,0.323900,-0.276400
2019-10-16,67.3841138000,67.2949617200,68.2161998800,67.2206683200,49907711,4545146043.0000,0.460700,0.421300
2019-10-17,67.7555808000,68.1419064800,68.4762267800,67.3098204000,61942504,5676854079.0000,0.571800,1.258600
2019-10-18,68.5728082000,66.6783265000,68.6842483000,66.6263211200,59091288,5362644272.0000,0.545500,-2.147800
2019-10-21,66.4703049800,66.9160653800,67.1983803000,66.0691206200,36089979,3244118888.0000,0.333200,0.356500
2019-10-22,67.4509778600,67.0795108600,67.4509778600,66.5520277200,31078867,2799494104.0000,0.286900,0.244300
2019-10-23,67.0126468000,66.4925930000,67.3321084200,66.2771421400,31879766,2865170064.0000,0.294300,-0.875000
2019-10-24,66.7526199000,66.7154732000,66.8937773600,66.0839793000,36053744,3227250654.0000,0.332800,0.335200
2019-10-25,65.3781920000,65.3781920000,65.7273709800,64.7095514000,112919539,9913999269.0000,1.042400,-2.004500
2019-10-28,65.6679362600,65.8536697600,66.0245445800,65.2816105800,65103168,5752480357.0000,0.601000,0.727300
2019-10-29,65.8759577800,65.5267788000,66.1508433600,65.3484746400,43155769,3820534875.0000,0.398400,-0.496400
2019-10-30,65.3781920000,65.3410453000,65.6530775800,65.1330237800,43651663,3841077900.0000,0.403000,-0.283400
2019-10-31,65.2296052000,65.4673440800,65.9056751400,65.2296052000,37368766,3300159121.0000,0.345000,0.193300
2019-11-01,65.4673440800,66.8937773600,66.9086360400,65.3856213400,65094033,5816594688.0000,0.600900,2.178800
2019-11-04,67.1240869000,67.0795108600,67.3395377600,66.7971959400,50570567,4563537529.0000,0.466800,0.277700
2019-11-05,67.0869402000,66.9086360400,67.8001568400,66.6114624400,65484954,5916481105.0000,0.604500,-0.254700
2019-11-06,66.8937773600,66.8640600000,67.1612336000,66.6188917800,38630541,3474136442.0000,0.356600,-0.066600
2019-11-07,66.8640600000,66.6931851800,66.9383534000,66.3291475200,31983102,2868909390.0000,0.295200,-0.255600
2019-11-08,67.2280976600,66.2474247800,67.2726737000,66.2474247800,43627487,3913709229.0000,0.402700,-0.668400
2019-11-11,65.7496590000,65.5342081400,65.8165230600,65.3038986000,44256217,3907738378.0000,0.408500,-1.076600
2019-11-12,65.6679362600,65.5416374800,65.7868057000,65.2667519000,39545362,3484083834.0000,0.365100,0.011300
2019-11-13,65.3559039800,65.3781920000,65.6307895600,65.0290130200,38087162,3347570705.0000,0.351600,-0.249400
2019-11-14,65.7348003200,65.4004800200,65.7422296600,65.2296052000,32350997,2851209745.0000,0.298600,0.034100
2019-11-15,65.2370345400,65.3038986000,65.5639255000,65.1553118000,36402686,3201969893.0000,0.336000,-0.147700
2019-11-18,65.2890399200,65.9056751400,66.1062673200,65.1404531200,34481063,3049046341.0000,0.318300,0.921500
2019-11-19,65.6010722000,66.0394032600,66.1954194000,65.5416374800,30202126,2680997207.0000,0.278800,0.202900
2019-11-20,65.8090937200,65.4153387000,65.9725392000,65.3261866200,33229090,2931878778.0000,0.306700,-0.945000
2019-11-21,65.1701704800,64.1449215600,65.1924585000,63.8997533400,75738164,6568187721.0000,0.699200,-1.942100
2019-11-22,64.2043562800,63.0676672600,64.5981113000,62.9116511200,74746383,6400035302.0000,0.690000,-1.679400
2019-11-25,63.2236834000,63.5208570000,63.5728623800,62.6144775200,54652722,4642913865.0000,0.504500,0.718600
2019-11-26,63.8923240000,63.4465636000,63.9071826800,63.1271019800,50928255,4348204545.0000,0.470100,-0.117000
2019-11-27,63.4168462400,63.0825259400,63.4168462400,62.7779230000,39425692,3344756236.0000,0.364000,-0.573800
2019-11-28,63.1493900000,62.7036296000,63.2682594400,62.5773308200,35809513,3029939624.0000,0.330600,-0.600600
2019-11-29,62.6962002600,62.1241410800,62.9562271600,61.4332124600,57094415,4773939408.0000,0.527100,-0.924200
2019-12-02,62.1761464600,61.8789728600,62.3915973200,61.6709513400,38600756,3225038202.0000,0.356300,-0.394600
2019-12-03,61.7972501200,62.6070481800,62.6144775200,61.5075058600,39427024,3297499810.0000,0.364000,1.176600
2019-12-04,62.1092824000,62.4584613800,62.5030374200,61.9384075800,26202447,2197127278.0000,0.241900,-0.237300
2019-12-05,62.7853523400,62.9042217800,63.1493900000,62.4658907200,34253468,2897557384.0000,0.316200,0.713700
2019-12-06,63.0750966000,62.9562271600,63.1122433000,62.6516242200,27211003,2301323965.0000,0.251200,0.082700
2019-12-09,62.9710858400,62.1464291000,63.0676672600,61.9161195600,46046040,3862862587.0000,0.425100,-1.286300
2019-12-10,62.0424183400,62.1018530600,62.3173039200,61.8864022000,29554057,2467176771.0000,0.272800,-0.071700
2019-12-11,62.2578692000,62.4361733600,62.5476134600,61.9606956000,36793322,3082011941.0000,0.339700,0.538300
2019-12-12,62.7259176200,62.4361733600,62.8819337600,62.4064560000,36646647,3086211341.0000,0.338300,0.000000
2019-12-13,63.2831181200,64.4643831800,64.4643831800,63.2088247200,77473290,6646262465.0000,0.715200,3.248400
2019-12-16,63.5951504000,63.6248677600,63.7808839000,63.0750966000,77967327,6661554489.0000,0.719700,-1.302300
2019-12-17,63.6545851200,63.9889054200,64.5163885600,63.3351235000,75824561,6525266421.0000,0.700000,0.572200
2019-12-18,63.9591880600,63.8774653200,64.2266443000,63.7511665400,45375271,3907877181.0000,0.418900,-0.174100
2019-12-19,63.9814760800,63.6694438000,64.0260521200,63.3574115200,33082215,2836413146.0000,0.305400,-0.325700
2019-12-20,63.7214491800,63.5431450200,64.1226335400,63.5208570000,35830917,3075038037.0000,0.330800,-0.198400
2019-12-23,63.8551773000,62.6219068600,63.8700359800,62.5921895000,45718175,3886531049.0000,0.422000,-1.449800
2019-12-24,62.5773308200,62.7482056400,62.8522164000,62.4436027000,29220445,2463248181.0000,0.269700,0.201700
2019-12-25,62.7036296000,62.3544506200,62.7853523400,62.2652985400,31623037,2658560274.0000,0.291900,-0.627500
2019-12-26,62.4064560000,62.7259176200,62.7259176200,62.3321626000,28652808,2411801765.0000,0.264500,0.595700
2019-12-27,62.7333469600,62.9413684800,63.6397264400,62.7184882800,49282919,4188069162.0000,0.454900,0.343500
2019-12-30,62.9710858400,63.8106012600,63.9071826800,62.3470212800,67618763,5768577656.0000,0.624200,1.381000
2019-12-31,63.7065905000,63.4911396400,63.8254599400,63.1568193400,43203635,3687624713.0000,0.398800,-0.500600
2020-01-02,63.8180306000,63.9814760800,64.4792418600,63.8031719200,77825207,6712531637.0000,0.718400,0.772300
2020-01-03,64.4941005400,64.0409108000,64.5461059200,63.8180306000,59498001,5137311989.0000,0.549200,0.092900
2020-01-06,63.8328892800,63.5951504000,64.5386765800,63.5208570000,63644804,5487967678.0000,0.587500,-0.696100
2020-01-07,63.8997533400,64.0037641000,64.2340736400,63.6471557800,45218832,3886450097.0000,0.417400,0.642500
2020-01-08,63.8774653200,63.1493900000,63.8774653200,62.7779230000,62805311,5347387392.0000,0.579800,-1.334900
2020-01-09,63.5802917200,63.1791073600,63.6025797400,62.9190804600,59871202,5090240023.0000,0.552700,0.047100
2020-01-10,63.4094169000,62.9859445200,63.4391342600,62.8596457400,52586461,4460689400.0000,0.485400,-0.305700
2020-01-13,63.1568193400,64.2266443000,64.2415029800,62.9859445200,81058866,6944781684.0000,0.748300,1.969800
2020-01-14,64.7838448000,64.5089592200,65.2444638800,64.3975191200,71668182,6246205825.0000,0.661600,0.439600
2020-01-15,64.4941005400,63.7511665400,64.7244100800,63.6545851200,52621657,4530511031.0000,0.485800,-1.174700
2020-01-16,64.1226335400,63.5580037000,64.1672095800,63.5580037000,49857909,4283072147.0000,0.460300,-0.303000
2020-01-17,64.0037641000,64.0780575000,64.5609646000,63.7808839000,55537018,4786520184.0000,0.512700,0.818200
2020-01-20,65.6010722000,65.0810184000,65.8982458000,64.8952849000,93605062,8248578935.0000,0.864100,1.565200
2020-01-21,64.6352580000,63.5951504000,64.8507088600,63.5951504000,72757941,6273908588.0000,0.671700,-2.283100
2020-01-22,63.1493900000,63.3128354800,63.5059983200,62.2801572200,73657688,6235779993.0000,0.680000,-0.443900
2020-01-23,62.4138853400,62.0275596600,62.8224990400,61.2771963200,108002062,9019354016.0000,0.997000,-2.030000
2020-02-03,56.8418803400,57.7334011400,58.8775195000,56.7601576000,203149868,15779335422.0000,1.875300,-6.923000
2020-02-04,58.1717322000,59.7541816200,60.1553659800,58.0974388000,121348050,9661568316.0000,1.120200,3.500200
2020-02-05,59.8507630400,59.7170349200,60.4228222200,59.2564158400,75319694,6062969630.0000,0.695300,-0.062200
2020-02-06,60.3113821200,60.5639796800,60.8982999800,59.7170349200,67218969,5451123737.0000,0.620500,1.418300
2020-02-07,59.8804804000,60.1999420200,60.3262408000,59.7467522800,49163056,3968082289.0000,0.453800,-0.601100
2020-02-10,59.6947469000,59.6576002000,59.9101977600,59.3604266000,59360447,4759660453.0000,0.548000,-0.900900
2020-02-11,60.0959312600,60.2742354200,60.8165772400,59.8061870000,58432220,4748597561.0000,0.539400,1.033600
2020-02-12,60.2519474000,60.3262408000,60.5194036400,59.8433337000,44433902,3595991660.0000,0.410200,0.086300
2020-02-13,60.3262408000,59.7690403000,60.3262408000,59.7021762400,56260392,4532120660.0000,0.519400,-0.923600
2020-02-14,59.7096055800,60.1776540000,60.3708168400,59.5907361400,42876535,3460459250.0000,0.395800,0.683700
2020-02-17,60.1776540000,61.2103322600,61.2846256600,59.9547738000,67811881,5545284407.0000,0.626000,1.716000
2020-02-18,60.7794305400,60.5862677000,61.0023107400,60.5045449600,51320023,4192774607.0000,0.473800,-1.019500
2020-02-19,60.1999420200,60.6977078000,61.0988921600,60.1850833400,46047417,3760231172.0000,0.425100,0.183900
2020-02-20,60.9205880000,61.8715435200,62.1167117400,60.4376809000,83304258,6866907972.0000,0.769000,1.933900
2020-02-21,61.2920550000,61.2029029200,61.8343968200,60.9205880000,109390584,9020541385.0000,1.009800,-1.080700
2020-02-24,60.1776540000,59.9696324800,60.4005342000,59.8061870000,103510293,8361285867.0000,0.955500,-2.015000
2020-02-25,59.2861332000,59.5758774600,59.6724588800,59.0706823400,86900094,6948570625.0000,0.802200,-0.656600
2020-02-26,59.0261063000,59.3084212200,59.9993498400,58.7735087400,84416650,6737173090.0000,0.779300,-0.448900
2020-02-27,59.1375464000,59.2787038600,59.7318936000,58.9146662000,66679316,5318013519.0000,0.615500,-0.050100
2020-02-28,58.3946124000,57.7408304800,58.9072368600,57.7334011400,98392314,7697148541.0000,0.908300,-2.594300
2020-03-02,58.1865908800,59.1226877200,59.5833068000,58.1865908800,71232340,5669190141.0000,0.657600,2.393200
2020-03-03,59.7913283200,59.0558236600,59.8581923800,58.8849488400,67823840,5418803178.0000,0.626100,-0.113100
2020-03-04,59.3604266000,59.8656217200,59.9919205000,59.3604266000,67757456,5443423591.0000,0.625500,1.371200
2020-03-05,60.1850833400,61.2549083000,61.4852178400,59.8953390800,96064271,7866801864.0000,0.886800,2.320700
2020-03-06,60.6011263800,60.1107899400,60.8611532800,60.0290672000,58418607,4739601763.0000,0.539300,-1.867800
2020-03-09,58.6249219400,58.0528627600,58.6917860000,57.9637106800,105508261,8277312802.0000,0.974000,-3.423600
2020-03-10,58.0528627600,58.8255141200,59.2712745200,57.8225532200,71700649,5645289830.0000,0.661900,1.330900
2020-03-11,58.8255141200,58.0602921000,58.8775195000,58.0602921000,59140393,4645175644.0000,0.545900,-1.300800
2020-03-12,57.3916515000,56.9458911000,57.5625263200,56.8567390200,90129053,6925926414.0000,0.832000,-1.919400
2020-03-13,53.5952587600,55.5045991400,56.4481253200,53.5655414000,116615744,8615758935.0000,1.076500,-2.531000
2020-03-16,55.3485830000,53.4912480000,55.3634416800,53.3426612000,97917345,7135463717.0000,0.903900,-3.627400
2020-03-17,53.2312211000,53.5952587600,54.2341820000,52.6665912600,95092287,6841593561.0000,0.877800,0.194400
2020-03-18,53.8850030200,51.9087985800,54.1450299200,51.8939399000,85218111,6077848896.0000,0.786700,-3.146700
2020-03-19,51.3367394000,50.3783545400,51.9087985800,49.2713828800,123676064,8385522982.0000,1.141700,-2.948300
2020-03-20,51.0469951400,51.2624460000,51.5596196000,50.0366049000,88726935,6081161074.0000,0.819100,1.754900
2020-03-23,49.0336440000,49.5982738400,50.1480450000,49.0336440000,68407966,4566662467.0000,0.631500,-3.246400
2020-03-24,50.4823653000,51.2252993000,51.2995927000,50.3857838800,79163320,5419438569.0000,0.730800,3.280400
2020-03-25,52.4511404000,52.2654069000,52.9191888200,51.9162279200,92818620,6547779490.0000,0.856800,2.030500
2020-03-26,51.6190543200,52.1465374600,52.7483140000,51.5224729000,54986973,3859228586.0000,0.507600,-0.227400
2020-03-27,52.9340475000,51.7973584800,52.9637648600,51.7973584800,60308423,4246255802.0000,0.556700,-0.669600
2020-03-30,50.9652724000,51.3738861000,51.5521902600,50.8538323000,46795596,3222983516.0000,0.432000,-0.817600
2020-03-31,52.0871027400,51.3887447800,52.2654069000,51.2698753400,42536786,2967824565.0000,0.392700,0.028900
2020-04-01,51.2624460000,51.5001848800,52.3545589800,51.1881526000,55692869,3887226530.0000,0.514100,0.216900
2020-04-02,50.8166856000,51.7602117800,51.7602117800,50.3412078400,51202929,3512800754.0000,0.472700,0.504900
2020-04-03,51.3367394000,51.1584352400,51.4556088400,50.8241149400,42025417,2892833242.0000,0.388000,-1.162600
2020-04-07,52.0648147200,51.9830919800,52.2282602000,51.6784890400,61934765,4330830271.0000,0.571700,1.612000
2020-04-08,51.6859183800,51.5521902600,51.8567932000,51.5001848800,36245867,2521691766.0000,0.334600,-0.828900
2020-04-09,51.7453531000,51.7379237600,51.9756626400,51.5447609200,36830815,2567770387.0000,0.340000,0.360300
2020-04-10,51.7453531000,52.7408846600,53.8107096200,51.5447609200,76624962,5445247152.0000,0.707400,1.938500
2020-04-13,52.3397003000,52.1019614200,52.5922978600,52.0053800000,35516987,2495812251.0000,0.327900,-1.211400
2020-04-14,52.5105751200,52.7631726800,52.8746127800,52.1911135000,42969677,3041154493.0000,0.396700,1.269100
2020-04-15,52.8003193800,52.6368739000,53.0306289200,52.4882871000,38151523,2707408704.0000,0.352200,-0.239400
2020-04-16,52.3768470000,52.2876949200,52.5328631400,52.1242494400,28294260,1992746679.0000,0.261200,-0.663400
2020-04-17,52.8226074000,53.7884216000,54.4719208800,52.5922978600,90367948,6519197379.0000,0.834200,2.870100
2020-04-20,54.1524592600,54.6056490000,54.8285292000,53.5655414000,65419398,4785645886.0000,0.603900,1.519300
2020-04-21,54.2713287000,53.7661335800,54.5907903200,53.1272103400,56898431,4118269231.0000,0.525200,-1.537400
2020-04-22,53.4912480000,53.5432533800,53.5432533800,53.1049223200,37767315,2709336486.0000,0.348600,-0.414500
2020-04-23,53.7809922600,53.6101174400,54.0855952000,53.3575198800,32966612,2379812928.0000,0.304300,0.124900
2020-04-24,52.7706020200,52.3768470000,52.7706020200,52.2282602000,66711619,4705918849.0000,0.615800,-2.300400
2020-04-27,52.4659990800,52.8969008000,53.2015037400,52.4659990800,48152784,3433518802.0000,0.444500,0.992900
2020-04-28,53.1197810000,53.7735629200,53.9964431200,52.7260259800,61387427,4420134600.0000,0.566700,1.657300
2020-04-29,53.7735629200,54.9771160000,55.1257028000,53.7735629200,53115638,3917886431.0000,0.490300,2.238200
2020-04-30,55.3188656400,55.3188656400,55.9429302000,55.1331321400,48625473,3635525684.0000,0.448900,0.621600
2020-05-06,54.4570622000,54.8359585400,54.9622573200,54.1598886000,62916787,4613009932.0000,0.580800,-0.873000
2020-05-07,54.7542358000,54.4050568200,54.7542358000,54.0930245400,40312289,2946802572.0000,0.372100,-0.785800
2020-05-08,55.0554368000,55.1840003200,55.4260022400,54.4958073600,40471960,2944390962.0000,0.373600,1.431700
2020-05-11,55.2898761600,55.8873184000,56.5679488000,55.2898761600,49575731,3677832430.0000,0.457700,1.274500
2020-05-12,55.8873184000,55.9100060800,56.2125084800,55.5621283200,41545036,3071895578.0000,0.383500,0.040600
2020-05-13,55.6604416000,55.4638150400,55.9100060800,54.9419984000,28897035,2118699108.0000,0.266800,-0.798100
2020-05-14,55.2066880000,54.6243708800,55.2066880000,54.5789955200,34971511,2535717394.0000,0.322800,-1.513500
2020-05-15,54.9117481600,54.6243708800,55.2823136000,54.5865580800,31750730,2301777679.0000,0.293100,0.000000
2020-05-18,54.6016832000,54.6016832000,55.1915628800,54.2159926400,30846266,2228956647.0000,0.284800,-0.041500
2020-05-19,55.3428140800,55.1310624000,55.6604416000,54.9117481600,34158323,2493797102.0000,0.315300,0.969500
2020-05-20,55.2066880000,55.1688752000,55.3503766400,54.8285600000,27483484,2000585096.0000,0.253700,0.068600
2020-05-21,55.3579392000,54.7378092800,55.4335648000,54.7226841600,31268623,2277526278.0000,0.288700,-0.781400
2020-05-22,54.4958073600,53.0286707200,54.5260576000,53.0135456000,57719422,4091224714.0000,0.532800,-3.122400
2020-05-25,52.9379200000,52.9606076800,52.9984204800,52.1816640000,41710115,2901602627.0000,0.385000,-0.128400
2020-05-26,53.6866134400,53.3236105600,53.6941760000,53.1799219200,27112848,1912577654.0000,0.250300,0.685400
2020-05-27,53.4824243200,53.4294864000,54.1328044800,53.3311731200,28715214,2036204894.0000,0.265100,0.198600
2020-05-28,53.4521740800,54.0798665600,54.4428694400,53.4521740800,41426045,2961421771.0000,0.382400,1.217300
2020-05-29,53.6185504000,53.4748617600,53.9210528000,53.3009228800,26844115,1901686644.0000,0.247800,-1.118700
2020-06-01,53.9966784000,54.5714329600,54.6243708800,53.8681148800,45767284,3296218949.0000,0.422500,2.050600
2020-06-02,54.4655571200,56.1746956800,56.3637596800,54.4579945600,81052327,5968449049.0000,0.748200,2.937900
2020-06-03,56.7192000000,56.7267625600,57.9972726400,56.7192000000,99148840,7515763784.0000,0.915300,0.982800
2020-06-04,57.0368275200,56.8250758400,57.2561417600,56.4015724800,45388022,3410379332.0000,0.419000,0.173300
2020-06-05,56.8250758400,56.9460768000,57.0519526400,56.2654464000,34980754,2618665525.0000,0.322900,0.212900
2020-06-08,57.2485792000,58.0199603200,58.3980883200,57.2485792000,76697448,5884341883.0000,0.708000,1.885800
2020-06-09,58.0275228800,57.8535840000,58.3678380800,57.7174579200,38851680,2977854246.0000,0.358700,-0.286800
2020-06-10,57.9140844800,57.1578284800,58.0048352000,57.0746403200,34545292,2619976605.0000,0.318900,-1.202600
2020-06-11,56.8780137600,56.1293203200,57.0746403200,55.8116928000,58611342,4367908974.0000,0.541100,-1.799400
2020-06-12,55.2823136000,56.0763824000,56.0763824000,55.1840003200,48825871,3587207261.0000,0.450700,-0.094300
2020-06-15,55.7209420800,54.8588102400,55.7965676800,54.7907472000,55130379,4024617717.0000,0.508900,-2.171300
2020-06-16,55.6604416000,55.5545657600,55.7209420800,55.3125638400,34190511,2510329760.0000,0.315600,1.268300
2020-06-17,55.3579392000,55.2142505600,55.4940652800,54.9041856000,32589579,2375228580.0000,0.300800,-0.612600
2020-06-18,55.0932496000,55.5091904000,55.7890051200,54.7378092800,41863201,3062399434.0000,0.386500,0.534200
2020-06-19,55.5394406400,55.5243155200,56.0310070400,55.2066880000,63598984,4672211605.0000,0.587100,0.027200
2020-06-22,55.2066880000,55.0327491200,55.9024435200,54.9117481600,67183145,4908549057.0000,0.620200,-0.885300
2020-06-23,54.8285600000,54.4201817600,54.9041856000,54.2008675200,77963604,5610392717.0000,0.719700,-1.113100
2020-06-24,54.6394960000,54.6470585600,55.0932496000,54.4579945600,60513632,4380602931.0000,0.558600,0.416900
2020-06-29,54.5033699200,53.7017385600,54.6470585600,53.5429248000,71483781,5089513072.0000,0.659900,-1.729900
2020-06-30,53.9664281600,53.9966784000,54.2840556800,53.6941760000,45150315,3222061872.0000,0.416800,0.549200
2020-07-01,54.1403670400,55.5848160000,55.5848160000,53.8454272000,96755992,7027221949.0000,0.893200,2.941200
2020-07-02,55.4184396800,57.4754560000,57.4830185600,55.2066880000,147446692,11001772289.0000,1.361100,3.401400
2020-07-03,57.5888944000,58.9577177600,59.3585334400,57.5813318400,170382002,13197963062.0000,1.572900,2.578900
2020-07-06,59.8349747200,63.6162547200,64.1910092800,59.8349747200,280669456,23106295707.0000,2.591000,7.901500
2020-07-07,65.7942720000,62.9356243200,66.2480256000,62.9204992000,222204141,18920029728.0000,2.051200,-1.069900
2020-07-08,63.6086921600,64.8035766400,65.7942720000,63.4120656000,169638993,14486522558.0000,1.566000,2.968000
2020-07-09,65.2648928000,64.9775155200,65.6430208000,64.2061344000,142459727,12240651395.0000,1.315100,0.268400
2020-07-10,64.2893225600,62.2701190400,64.5615747200,62.0961801600,146661958,12251530199.0000,1.353900,-4.166700
2020-07-13,61.9449289600,62.2852441600,63.2683769600,61.6424265600,117951579,9725535191.0000,1.088900,0.024300
2020-07-14,62.2928067200,61.4836128000,62.9431868800,60.9617961600,98855793,8093687566.0000,0.912600,-1.287000
2020-07-15,62.1264304000,60.6668563200,62.3079318400,60.5912307200,92276793,7478183762.0000,0.851800,-1.328400
2020-07-16,61.4836128000,59.1543443200,61.9903043200,59.0635936000,131817000,10546372452.0000,1.216800,-2.493100
2020-07-17,59.7442240000,59.0030931200,60.0391638400,58.4661513600,87503528,6849600333.0000,0.807800,-0.255700
2020-07-20,59.7820368000,62.6179968000,62.6331219200,59.7820368000,137754779,11212026913.0000,1.271700,6.126600
2020-07-21,62.7314352000,61.0752345600,62.9204992000,60.7802947200,90477483,7340189248.0000,0.835200,-2.463800
2020-07-22,60.6592937600,60.4475420800,61.8995536000,60.0769766400,87751322,7056923502.4300,0.810100,-1.027700
2020-07-23,59.7442240000,59.7442240000,60.4097292800,59.0030931200,78210045,6158187276.3700,0.722000,-1.163500
2020-07-24,59.6534732800,58.2317120000,59.6610358400,57.7628332800,107269340,8306516311.2700,0.990200,-2.531600
2020-07-27,58.4434636800,57.8006460800,58.8291542400,57.2485792000,73479899,5615185667.0300,0.678300,-0.740300
2020-07-28,58.2241494400,57.7628332800,58.4585888000,57.4376432000,63985871,4893527504.8100,0.590700,-0.065400
2020-07-29,57.4754560000,58.4585888000,58.9879680000,57.2863920000,70286526,5415279237.6800,0.648800,1.204500
2020-07-30,58.5266518400,57.4981436800,58.5569020800,57.4905811200,64624326,4940867628.3200,0.596600,-1.642900
2020-07-31,57.4754560000,57.3998304000,58.4207760000,56.8704512000,74852042,5701005305.4600,0.691000,-0.171000
2020-08-03,57.7401456000,57.8082086400,57.9897100800,57.3090796800,85524765,6513674698.5800,0.789500,0.711500
2020-08-04,58.0880233600,59.4946595200,60.0089136000,57.6267072000,148146165,11554011370.7500,1.367600,2.917300
2020-08-05,58.9425926400,58.3300252800,58.9501552000,57.9292096000,78780592,6075388455.5900,0.727300,-1.957500
2020-08-06,58.2317120000,58.3451504000,58.9047798400,57.6342697600,64756303,4979623105.3700,0.597800,0.025900
2020-08-07,58.2014617600,57.7250204800,58.7384035200,57.4830185600,54980898,4215768273.1800,0.507500,-1.062900
2020-08-10,57.4905811200,58.2392745600,58.7535286400,57.3393299200,70007323,5396774600.8600,0.646300,0.890900
2020-08-11,58.5720272000,58.0577731200,59.5022220800,57.8611465600,77530900,6036019283.6600,0.715700,-0.311600
2020-08-12,58.0804608000,58.3527129600,58.5795897600,57.7779584000,58601265,4513022465.7800,0.541000,0.508000
2020-08-13,58.6098400000,57.9292096000,58.6854656000,57.8611465600,42135547,3236112230.1100,0.389000,-0.725800
2020-08-14,57.8308963200,59.1316566400,59.3585334400,57.7325830400,63247371,4893057493.2000,0.583900,2.075700
2020-08-17,59.1619068800,61.3323616000,62.4440579200,59.1619068800,173940016,14077887672.5900,1.605700,3.721700
2020-08-18,61.1054848000,60.3114160000,61.1811104000,60.0467264000,84250596,6735058126.3200,0.777700,-1.664600
2020-08-19,60.1979776000,59.1165315200,60.5836681600,59.1165315200,56473384,4458976787.7900,0.521300,-1.981200
2020-08-20,59.0635936000,58.6854656000,59.0635936000,58.3451504000,49842248,3863022133.2200,0.460100,-0.729200
2020-08-21,59.2148448000,59.1770320000,59.5627225600,58.6476528000,42445930,3315620079.5800,0.391800,0.837600
2020-08-24,59.7064112000,58.8367168000,59.7442240000,58.7081532800,47280441,3698163542.5900,0.436500,-0.575100
2020-08-25,58.9879680000,59.0711561600,59.6534732800,58.6854656000,53047942,4149072333.8700,0.489700,0.398500
2020-08-26,58.9879680000,58.0804608000,59.0257808000,57.9292096000,54277509,4191632778.0000,0.501100,-1.677100
2020-08-27,58.3451504000,57.8838342400,58.3602755200,57.4754560000,44883359,3425207258.8500,0.414300,-0.338500
2020-08-28,57.8308963200,58.9047798400,59.1467817600,57.3620176000,76502813,5893644072.3600,0.706200,1.763800
2020-08-31,58.9047798400,57.9443347200,59.5929728000,57.9140844800,72312973,5624026414.4800,0.667500,-1.630500
2020-09-01,57.5359564800,57.7628332800,57.9216470400,57.4754560000,47125055,3593513069.6900,0.435000,-0.313200
2020-09-02,57.9367721600,57.4225180800,58.0804608000,57.1729536000,55637670,4229574502.9300,0.513600,-0.589200
2020-09-03,57.4678934400,57.0141398400,57.7930835200,56.8326384000,59983664,4540579466.9300,0.553700,-0.711200
2020-09-04,56.5679488000,56.5830739200,56.7948256000,56.3788848000,47825576,3575937386.1500,0.441500,-0.756100
2020-09-07,56.5830739200,56.7645753600,57.6645200000,56.5301360000,63325076,4787525506.4400,0.584600,0.320800
2020-09-08,57.4603308800,58.3375878400,58.5795897600,57.2485792000,86603009,6642255588.2100,0.799500,2.771100
2020-09-09,57.7628332800,57.8384588800,58.6476528000,57.7250204800,52398217,4026858723.8900,0.483700,-0.855600
2020-09-10,58.2014617600,57.8687091200,58.4888390400,57.7779584000,53035437,4078037119.4600,0.489600,0.052300
2020-09-11,57.7855209600,58.3905257600,58.6098400000,57.5964569600,46217823,3557564883.5500,0.426700,0.901700
2020-09-14,58.7005907200,59.4039088000,59.8198496000,58.7005907200,72999187,5730571509.4100,0.673900,1.735500
2020-09-15,59.4039088000,60.4324169600,60.8634828800,58.6476528000,101435044,8095818926.6100,0.936400,1.731400
2020-09-16,60.5699481600,60.0428544000,60.7227289600,59.9206297600,46794754,3693757688.6900,0.432000,-0.644700
2020-09-17,60.4324454400,60.3484160000,60.9442611200,60.1192448000,66830642,5303741281.7700,0.616900,0.508900
2020-09-18,60.8067584000,63.3200025600,63.4498662400,60.7150899200,177600775,14522782208.0100,1.639500,4.924100
2020-09-21,63.3276416000,61.8227507200,63.4651443200,61.8227507200,84531359,6909679018.4500,0.780300,-2.364600
2020-09-22,60.8831488000,60.4018892800,61.6699699200,60.3484160000,67938147,5407048621.6800,0.627200,-2.298300
2020-09-23,60.7303680000,60.0122982400,60.7838412800,59.9206297600,36211616,2855189686.1200,0.334300,-0.645000
2020-09-24,59.7296537600,58.8740812800,59.9664640000,58.8206080000,60837288,4720617558.4800,0.561600,-1.896600
2020-09-25,59.4775654400,59.2713113600,59.4928435200,58.8206080000,35668375,2760347917.8500,0.329300,0.674700
2020-09-28,59.2713113600,59.5463168000,60.0352153600,59.1338086400,37177371,2897251524.2500,0.343200,0.464000
2020-09-29,59.9588249600,58.6678272000,59.9664640000,58.5914368000,51992004,4014297164.6200,0.480000,-1.475300
2020-09-30,58.7442176000,58.2553190400,59.1567257600,58.0643430400,47625773,3652745796.0600,0.439600,-0.703100
2020-10-09,59.0268620800,59.5081216000,59.9282688000,59.0192230400,47428848,3700952922.8900,0.437800,2.150500
2020-10-12,59.8518784000,61.7692774400,61.9908096000,59.8213222400,86992879,7002973824.3100,0.803100,3.799700
2020-10-13,61.6241356800,62.1665075200,62.5255424000,61.0817638400,56442934,4572861833.4000,0.521000,0.643100
2020-10-14,62.2581760000,62.1665075200,62.2658150400,61.4942720000,50039556,4060079461.9000,0.461900,0.000000
2020-10-15,62.1817856000,62.1817856000,63.2970854400,62.1053952000,55502187,4555169176.0700,0.512400,0.024600
2020-10-16,62.4873472000,62.6401280000,63.3200025600,62.2581760000,60703280,4992393587.5700,0.560400,0.737100
2020-10-19,63.1519436800,62.5255424000,64.4582195200,62.4949862400,91742376,7642713658.0100,0.846900,-0.182900
2020-10-20,62.4491520000,62.0519219200,62.6401280000,61.9602534400,41318580,3363220838.6200,0.381400,-0.757500
2020-10-21,62.4491520000,62.9456896000,63.0831923200,62.0824780800,49249162,4040506422.7400,0.454600,1.440400
2020-10-22,63.0373580800,62.7165184000,63.3123635200,61.3262131200,46697087,3811833387.3700,0.431100,-0.364100
2020-10-23,62.7317964800,63.7859840000,64.8019763200,62.7317964800,93880947,7885042870.1500,0.866600,1.705200
2020-10-26,63.8623744000,62.7929088000,64.4505804800,62.0137267200,59632529,4915201799.0100,0.550500,-1.556900
2020-10-27,62.4720691200,61.9296972800,62.7929088000,61.8762240000,55925690,4554557428.8900,0.516300,-1.374700
2020-10-28,61.5019110400,60.7914803200,61.9220582400,60.3942502400,76979681,6137912536.3100,0.710600,-1.837900
2020-10-29,59.6456243200,60.0886886400,61.0282905600,59.5997900800,72755430,5723421438.8800,0.671600,-1.156100
2020-10-30,60.0810496000,59.4546483200,60.6921728000,59.3095065600,76459869,5985865621.2000,0.705800,-1.055200
2020-11-02,59.9664640000,58.9963059200,60.2032742400,58.8282470400,63872032,4955636566.5000,0.589600,-0.770900
2020-11-03,59.4088140800,60.4706406400,60.6081433600,59.1261696000,61543284,4838929214.8700,0.568100,2.499000
2020-11-04,60.1803571200,60.7303680000,60.9977344000,60.0428544000,43467076,3448542091.6900,0.401300,0.429500
2020-11-05,61.3796864000,61.8303897600,62.3956787200,61.2651008000,53709524,4346336859.1300,0.495800,1.811300
2020-11-06,61.9526144000,62.1053952000,62.4491520000,61.5095500800,51038925,4140944230.7100,0.471200,0.444800
2020-11-09,63.0220800000,63.3887539200,63.7859840000,62.8692992000,80996545,6726290347.5400,0.747700,2.066400
2020-11-10,64.3512729600,63.5568128000,64.7408640000,63.4422272000,78900305,6624999076.9400,0.728400,0.265100
2020-11-11,63.5568128000,63.8012620800,64.1908531200,63.1366656000,54282531,4534083952.5800,0.501100,0.384600
2020-11-12,63.9769600000,62.8463820800,64.5269708800,62.4873472000,49054364,4048788617.5900,0.452800,-1.496600
2020-11-13,61.9373363200,61.3720473600,62.4109568000,60.8296755200,70794237,5675497103.9000,0.653500,-2.345900
2020-11-16,61.6394137600,63.4804224000,63.6026470400,61.6394137600,70143403,5775792598.7400,0.647500,3.435400
2020-11-17,63.4804224000,64.1908531200,64.7179468800,63.4040320000,82506392,6945950433.6200,0.761600,1.119100
2020-11-18,64.4734976000,65.2144844800,65.8332467200,64.4200243200,96965774,8293242271.9400,0.895100,1.594700
2020-11-19,65.0846208000,65.2526796800,65.5047680000,64.5575270400,54900519,4675267716.8600,0.506800,0.058600
2020-11-20,65.1610112000,64.5804441600,65.1686502400,64.0915456000,45298594,3824038756.8800,0.418200,-1.030200
2020-11-23,64.9318400000,65.8638028800,66.0318617600,64.6644736000,78377584,6717179289.2500,0.723500,1.987200
2020-11-24,65.9249152000,64.9318400000,66.4520089600,64.6950297600,49992972,4284342940.9600,0.461500,-1.415000
2020-11-25,65.6881049600,66.6506240000,67.6436992000,65.6728268800,122368908,10732748795.0700,1.129600,2.647100
2020-11-26,66.4672870400,68.1020416000,68.2853785600,66.1922816000,90924011,8027343289.1700,0.839400,2.177700
2020-11-27,68.3694080000,68.8277504000,68.9499750400,67.6131430400,74795473,6694377072.4200,0.690500,1.065600
2020-11-30,69.5152640000,68.7742771200,72.2805964800,68.7742771200,153919637,14316071593.8600,1.420900,-0.077700
2020-12-01,69.2860928000,71.3333555200,71.3333555200,68.4839936000,85420603,7840114574.1600,0.788500,3.721000
2020-12-02,71.3333555200,70.9284864000,71.6923904000,70.3479193600,65068818,6049580162.0900,0.600700,-0.567600
2020-12-03,70.8826521600,70.1798604800,71.3715507200,69.6756838400,50991723,4689461116.9300,0.470700,-1.055500
2020-12-04,70.3173632000,70.4243097600,70.6840371200,68.8965017600,48929502,4464927572.5400,0.451700,0.348300
2020-12-07,70.8750131200,69.0416435200,71.0277939200,68.0027340800,62778839,5675145574.6800,0.579500,-1.963300
2020-12-08,68.7513600000,67.2617472000,69.3242880000,67.0707712000,86333963,7655879133.5900,0.797000,-2.578000
2020-12-09,67.6055040000,67.1242444800,68.3541299200,67.0631321600,52500504,4650557072.1400,0.484600,-0.204400
2020-12-10,67.2235520000,66.9791027200,67.7506457600,66.5742336000,40575298,3569375603.8000,0.374600,-0.216200
2020-12-11,67.6055040000,65.7721344000,67.9110656000,65.2832358400,71494237,6185908146.8100,0.660000,-1.802000
2020-12-14,66.1922816000,66.9867417600,67.3457766400,66.0776960000,58386154,5104281273.3500,0.539000,1.846700
2020-12-15,66.4520089600,65.9249152000,66.4520089600,65.2144844800,63310377,5440988906.2400,0.584400,-1.585100
2020-12-16,66.1540864000,66.3374233600,66.8263219200,65.6575488000,47070489,4082011353.3300,0.434500,0.625700
2020-12-17,66.4290918400,67.9721779200,68.0332902400,66.1006131200,68546267,6030510870.8800,0.632800,2.464300
2020-12-18,67.8346752000,67.0631321600,68.1784320000,66.5513164800,49981599,4395183091.6000,0.461400,-1.337400
2020-12-21,66.4596480000,66.4978432000,67.0325760000,65.7033830400,59973257,5206712773.2400,0.553600,-0.842900
2020-12-22,66.4902041600,64.2825216000,66.4902041600,63.9769600000,98595963,8391031071.5200,0.910200,-3.331400
2020-12-23,64.3359948800,64.8172544000,65.2297625600,63.9922380800,55037110,4650859410.1200,0.508100,0.831800
2020-12-24,65.1610112000,64.3207168000,65.1992064000,63.9311257600,52479068,4424690021.6100,0.484500,-0.766100
2020-12-25,63.8623744000,63.5568128000,63.8623744000,62.5331814400,69140797,5712810723.8800,0.638300,-1.187600
2020-12-28,63.7477888000,64.6415564800,65.0769817600,63.2894464000,63519948,5351448826.8200,0.586400,1.706700
2020-12-29,64.8936448000,65.3137920000,65.7568563200,64.6950297600,51931564,4440460409.8600,0.479400,1.039900
2020-12-30,65.0846208000,65.6040755200,65.6040755200,64.3054387200,56570726,4803060806.4400,0.522200,0.444400
2020-12-31,65.3825433600,66.4443699200,66.9791027200,65.3825433600,79580939,6906071808.6500,0.734600,1.280900
2021-01-04,66.3908966400,65.0693427200,66.4214528000,64.2443264000,103643104,8814286886.1600,0.956800,-2.069400
2021-01-05,64.5498880000,64.3741900800,64.5498880000,63.2894464000,105478627,8795809651.6900,0.973700,-1.068300
2021-01-06,64.3894681600,65.4971289600,65.4971289600,63.8241792000,93759848,7950362262.5000,0.865500,1.744400
2021-01-07,65.5964364800,65.8943590400,66.2763110400,64.3971072000,106968724,9137580589.1500,0.987500,0.606500
2021-01-08,65.8638028800,65.7721344000,66.6582630400,65.0922598400,116936795,10069057405.0400,1.079500,-0.185500
2021-01-11,65.8485248000,64.1908531200,66.1540864000,64.1679360000,109860234,9329271307.3800,1.014200,-2.404200
2021-01-12,64.0762675200,67.0860492800,67.0860492800,63.6561203200,146755609,12534640503.8000,1.354800,4.510300
2021-01-13,67.8346752000,66.8721561600,68.2013491200,66.3297843200,139094339,12223230668.7100,1.284000,-0.318800
2021-01-14,67.5291136000,65.1380940800,67.6207820800,64.8401715200,137927380,11920236040.3900,1.273300,-2.593100
2021-01-15,65.6499097600,66.3832576000,67.7200896000,65.1380940800,158708501,13814609039.6100,1.465100,1.911600
2021-01-18,66.4596480000,66.6124288000,66.9561856000,65.1610112000,116241991,10058906404.3600,1.073100,0.345200
2021-01-19,66.9027123200,66.3068672000,67.3381376000,65.7263001600,110332831,9590457419.9600,1.018500,-0.458700
2021-01-20,66.5513164800,65.0846208000,66.7117363200,64.8630886400,131977553,11316059444.3200,1.218300,-1.843300
2021-01-21,65.2068454400,64.5040537600,65.2450406400,64.0151552000,139305540,11761468221.7500,1.286000,-0.892000
2021-01-22,64.9318400000,64.0151552000,65.0464256000,63.8012620800,116275248,9781081768.7300,1.073400,-0.757900
2021-01-25,63.9387648000,64.8401715200,64.8401715200,63.0831923200,127980118,10711676899.1400,1.181400,1.288800
2021-01-26,64.5498880000,63.4040320000,64.8401715200,63.3123635200,105139741,8787960589.5700,0.970600,-2.214900
2021-01-27,63.3887539200,63.4345881600,64.0991846400,63.0831923200,68273775,5679886868.6600,0.630300,0.048200
2021-01-28,62.7929088000,61.8151116800,63.0831923200,61.6088576000,106108731,8642469570.2400,0.979500,-2.553000
2021-01-29,61.7998336000,60.4095283200,62.2123417600,59.9664640000,126980032,10098743883.4100,1.172200,-2.273900
2021-02-01,60.4248064000,60.5546700800,60.9137049600,59.8671564800,72490144,5729483191.8200,0.669200,0.240300
2021-02-02,60.5623091200,59.7220147200,60.6921728000,59.5463168000,98836447,7742175158.8300,0.912400,-1.375000
2021-02-03,59.3858969600,58.4692121600,59.3858969600,57.5219712000,134384298,10255482626.3200,1.240500,-2.097700
2021-02-04,59.5845120000,60.8220364800,61.3567692800,59.3553408000,141654771,11200715085.8100,1.307700,4.024000
2021-02-05,61.1123200000,60.8984268800,61.3262131200,60.0504934400,84557225,6724535241.4000,0.780600,0.125600
2021-02-08,60.9060659200,60.0199372800,61.4407987200,59.7984051200,79654699,6286929302.5100,0.735300,-1.442500
2021-02-09,60.0122982400,59.6838195200,60.0122982400,58.6678272000,91412187,7082935952.6600,0.843900,-0.560000
2021-02-10,59.5081216000,60.5393920000,60.9671782400,59.1949209600,91968674,7280622421.5500,0.849000,1.433500
2021-02-18,62.2581760000,62.9304115200,63.2970854400,61.7921945600,146678205,12007277012.0900,1.354000,3.949500
2021-02-19,62.6401280000,64.3207168000,64.5957222400,62.3956787200,124061762,10401612526.2900,1.145300,2.209300
2021-02-22,64.3589120000,63.4040320000,65.1533721600,63.0831923200,113034110,9477375165.1200,1.043500,-1.425200
2021-02-23,63.0373580800,64.4123852800,65.0769817600,63.0220800000,101660045,8580570535.4900,0.938500,1.590400
2021-02-24,63.7859840000,63.9998771200,65.5124070400,63.0220800000,117355482,9899984124.5300,1.083300,-0.640400
2021-02-25,64.5651660800,66.5665945600,67.4374451200,63.6713984000,189748955,16396558899.9800,1.751600,4.010500
2021-02-26,65.5429632000,65.0693427200,66.5589555200,65.0693427200,118045513,10161431933.7600,1.089700,-2.249300
2021-03-01,65.6957440000,64.8096153600,65.9860275200,64.0457113600,82300801,6965448429.3100,0.759700,-0.399200
2021-03-02,64.8096153600,63.5797299200,64.8936448000,63.0984704000,85227395,7125570282.1400,0.786800,-1.897700
2021-03-03,63.1748608000,66.2686720000,66.4138137600,63.1213875200,116697147,10011295959.3300,1.077300,4.229200
2021-03-04,65.6957440000,65.9249152000,66.8034048000,65.5429632000,94974599,8227101595.2900,0.876700,-0.518700
2021-03-05,65.3061529600,64.5498880000,65.9172761600,63.6637593600,81417603,6869464665.9600,0.751600,-2.085700
2021-03-08,65.0846208000,64.8936448000,67.0554931200,64.7408640000,105035653,9048690307.3000,0.969600,0.532500
2021-03-09,65.3137920000,64.2061312000,65.8943590400,64.0151552000,98217495,8338463778.2600,0.906700,-1.059400
2021-03-10,64.6415564800,63.6179251200,64.6491955200,63.4957004800,64800135,5431067986.1900,0.598200,-0.916100
2021-03-11,64.0915456000,65.9707494400,65.9707494400,64.0151552000,91252098,7777368999.2000,0.842400,3.698400
2021-03-12,66.0853350400,65.3519872000,66.1540864000,65.0311475200,64681200,5539349037.4800,0.597100,-0.937900
2021-03-15,65.2068454400,65.0158694400,65.3137920000,64.3283558400,54551255,4629849997.4700,0.503600,-0.514300
2021-03-16,65.1610112000,65.2374016000,65.3901824000,64.4811366400,54353955,4624281660.2100,0.501800,0.340700
2021-03-17,64.9318400000,63.0526361600,64.9318400000,62.9533286400,106478452,8863828593.4200,0.982900,-3.348900
2021-03-18,62.8692992000,62.1970636800,63.2359731200,61.9296972800,80312095,6548492030.9700,0.741400,-1.356900
2021-03-19,62.0290048000,60.8373145600,62.1053952000,60.7380070400,96102381,7701437283.5100,0.887200,-2.186200
2021-03-22,61.1046809600,60.9748172800,61.3185740800,60.7532851200,54273091,4336966849.2100,0.501000,0.226000
2021-03-23,61.0282905600,61.1505152000,61.5706624000,60.4400844800,51116947,4079350322.5400,0.471900,0.288100
2021-03-24,61.1046809600,60.3560550400,61.3414912000,60.1268838400,63315814,5017219138.7100,0.584500,-1.299200
2021-03-25,60.5241139200,60.5011968000,60.8525926400,60.3407769600,43650615,3463493421.9500,0.403000,0.240500
2021-03-26,60.7914803200,61.1199590400,61.3414912000,60.7762022400,45348477,3630749606.4600,0.418600,1.022700
2021-03-29,61.1123200000,60.4477235200,61.1887104000,60.1956352000,63234490,5001522654.7600,0.583700,-1.099900
2021-03-30,60.5011968000,60.6310604800,60.6310604800,60.0428544000,51106025,4035933797.6800,0.471800,0.303300
2021-03-31,60.7303680000,60.1192448000,60.7685632000,60.0275763200,48358484,3810104160.2600,0.446400,-0.844100
2021-04-01,60.1956352000,60.5011968000,60.5623091200,60.1574400000,36071335,2849514882.3900,0.333000,0.635300
2021-04-02,60.5011968000,60.2567475200,60.5011968000,60.0275763200,46931855,3694882980.3000,0.433200,-0.404000
2021-04-06,60.2873036800,60.3713331200,60.6921728000,60.1116057600,35173602,2778107893.8600,0.324700,0.190200
2021-04-07,60.6310604800,59.9282688000,60.6310604800,59.7220147200,47501172,3729878594.4600,0.438500,-0.733900
2021-04-08,59.9129907200,60.0657715200,60.3407769600,59.5921510400,37404801,2937859211.9000,0.345300,0.229400
2021-04-09,60.0504934400,58.9428326400,60.0581324800,58.8053299200,68801127,5322377558.4100,0.635100,-1.869500
2021-04-12,58.9351936000,58.9428326400,59.2025600000,58.5303244800,45336602,3488299460.8000,0.418500,0.000000
2021-04-13,59.1796428800,58.4844902400,59.4470092800,58.2094848000,55250310,4254139272.8200,0.510000,-0.777600
2021-04-14,58.8129689600,58.9351936000,59.1872819200,58.6678272000,38078954,2936032853.5700,0.351500,0.770600
2021-04-15,58.1712896000,57.9115622400,58.3622656000,57.4303027200,79358244,6004162227.6900,0.732600,-1.736900
2021-04-16,57.8962841600,57.8275328000,57.9650355200,57.2928000000,55174264,4158750980.3200,0.509300,-0.145100
2021-04-19,57.6365568000,58.1942067200,58.2018457600,57.2928000000,65367596,4949470613.8300,0.603400,0.634100
2021-04-20,58.0948992000,58.0567040000,58.1712896000,57.6594739200,49248467,3730599989.6500,0.454600,-0.236300
2021-04-21,57.7587814400,57.7664204800,57.9497574400,57.5066931200,41754851,3156222890.7000,0.385500,-0.500000
2021-04-22,58.2877792000,57.8753289600,58.3111254400,57.5718278400,56065363,4167214249.8700,0.517600,0.188600
2021-04-23,57.8753289600,57.7897260800,58.8169606400,57.4940070400,86784514,6466806593.4800,0.801100,-0.147900
2021-04-26,57.6029561600,56.7235811200,57.6107382400,56.6224140800,106192950,7769915592.2400,0.980300,-1.844900
2021-04-27,56.5912857600,57.0193001600,57.1671596800,56.0543222400,75969268,5520922252.6200,0.701300,0.521300
2021-04-28,56.8091840000,56.6613244800,56.8947868800,56.3344771200,57062742,4147666503.3400,0.526800,-0.627800
2021-04-29,56.6613244800,57.4473145600,57.5562636800,56.4667724800,54441616,4003254829.0900,0.502600,1.387200
2021-04-30,57.5718278400,56.4200800000,57.5718278400,56.3111308800,52463043,3825446895.4500,0.484300,-1.788100
2021-05-06,55.4084096000,54.8870102400,55.8753344000,54.7547148800,92009492,6525763344.0100,0.849400,-2.717200
2021-05-07,55.0582160000,54.5523808000,55.3228067200,54.4901241600,56146188,3961363207.1600,0.518300,-0.609700
2021-05-10,54.6146374400,54.4979062400,54.8558819200,54.0854560000,52456956,3669862807.7300,0.484200,-0.099900
2021-05-11,54.3578288000,54.6924582400,54.8870102400,53.9842889600,50953234,3559079174.7100,0.470400,0.357000
2021-05-12,54.4745600000,54.4200854400,54.8792281600,54.2099692800,40995688,2870375901.8500,0.378400,-0.498000
2021-05-13,54.0776739200,53.8053011200,54.3422646400,53.6029670400,50644837,3506048010.0000,0.467500,-1.129700
2021-05-14,54.0076352000,55.3928454400,55.3928454400,53.7274803200,81877185,5771742191.4300,0.755800,2.950500
2021-05-17,54.7858432000,54.7624969600,55.1126905600,54.4745600000,63300366,4455919018.7800,0.584300,-1.138000
2021-05-18,55.0037414400,55.1749472000,55.5562691200,54.8247536000,41807341,2965118195.1500,0.385900,0.753200
2021-05-19,55.0193056000,54.4512137600,55.0193056000,54.3889571200,46584951,3262720506.7200,0.430000,-1.311700
2021-05-20,54.4745600000,55.0348697600,55.2294217600,54.1788409600,42247209,2973914637.8500,0.390000,1.071900
2021-05-21,55.2527680000,54.5134704000,55.5484870400,54.4823420800,41383646,2914326900.7800,0.382000,-0.947400
2021-05-24,54.4745600000,54.4278675200,54.7624969600,54.2021872000,35092199,2457923779.0600,0.323900,-0.157000
2021-05-25,54.5445987200,56.3889516800,56.6068499200,54.2488796800,121383184,8699286543.6700,1.120500,3.603100
2021-05-26,56.8792227200,56.3266950400,56.9959539200,56.1710534400,71239561,5172565986.6100,0.657600,-0.110400
2021-05-27,56.3111308800,56.7313632000,56.9103510400,55.8753344000,58100823,4208094448.5400,0.536300,0.718400
2021-05-28,56.6535424000,56.7858377600,57.1982880000,56.4200800000,51011335,3719019607.7000,0.470900,0.096000
2021-05-31,56.5368112000,55.8753344000,56.6535424000,55.6185257600,62483434,4481120143.9400,0.576800,-1.603400
2021-06-01,55.7897315200,55.3539350400,55.7897315200,55.1749472000,59372658,4219115465.8000,0.548100,-0.933100
2021-06-02,55.5484870400,55.1516009600,55.5562691200,54.7158044800,48109829,3404859399.5700,0.444100,-0.365500
2021-06-03,55.1749472000,55.0037414400,55.6418720000,54.8636640000,40951584,2905789644.4000,0.378000,-0.268100
2021-06-04,54.7858432000,55.1360368000,55.7041286400,54.7391507200,51486786,3647302263.7600,0.475300,0.240500
2021-06-07,54.9414848000,54.6924582400,55.0037414400,54.5212524800,38673941,2716404171.6700,0.357000,-0.804500
2021-06-08,54.6846761600,54.7936252800,55.1982934400,54.4356496000,40701681,2862378172.2900,0.375700,0.185000
2021-06-09,54.7080224000,54.7080224000,55.2138576000,54.6302016000,40195812,2835797953.3600,0.371100,-0.156200
2021-06-10,54.6846761600,54.4823420800,55.0893443200,54.4745600000,52461130,3686772006.6700,0.484300,-0.412500
2021-06-11,54.4823420800,54.0076352000,54.6146374400,53.8986860800,63032364,4392612851.2000,0.581900,-0.871300
2021-06-15,53.7041340800,52.1944105600,53.7430444800,52.1010256000,107755687,7263765616.1300,0.994700,-3.357300
2021-06-16,52.1477180800,52.1399360000,52.7235920000,51.9920764800,52726975,3540192781.4800,0.486700,-0.104400
2021-06-17,52.1477180800,51.5562800000,52.2877955200,51.3772921600,54804038,3649035812.2800,0.505900,-1.119400
2021-06-18,51.3617280000,50.6613408000,51.3617280000,50.5835200000,85707220,5593424920.4800,0.791200,-1.735800
2021-06-21,50.1866339200,49.9298252800,50.3111472000,49.6185420800,81085363,5198754493.5200,0.748500,-1.443900
2021-06-22,50.1944160000,50.3734038400,50.8169824000,49.9376073600,62012704,4014245115.4300,0.572500,0.888400
2021-06-23,50.3889680000,51.2216505600,51.3383817600,50.3734038400,58687335,3847510813.8000,0.541800,1.683900
2021-06-24,51.2372147200,51.3305996800,51.6574470400,50.9570598400,41789971,2758134576.7500,0.385800,0.212700
2021-06-25,51.3850742400,51.8909094400,51.9687302400,51.1360476800,53565358,3555544932.2600,0.494500,1.091600
2021-06-28,51.8909094400,51.0504448000,51.8986915200,50.7391616000,51013404,3342960298.4900,0.470900,-1.619700
2021-06-29,50.8558928000,50.1010310400,50.8948032000,50.0387744000,54966804,3554647982.2800,0.507400,-1.859800
2021-06-30,49.9609536000,50.0232102400,50.3811859200,49.6496704000,47636890,3053959406.0700,0.439800,-0.155300
2021-07-01,50.0076460800,50.3967500800,50.7158153600,49.4784646400,69261735,4449223158.1300,0.639400,0.746700
2021-07-02,49.8286582400,48.4823584000,49.8597865600,48.3267168000,102808162,6464701802.0400,0.949100,-3.798600
2021-07-05,48.2411139200,48.1788572800,48.4667942400,47.5718550400,75064675,4629283874.8900,0.692900,-0.626000
2021-07-06,48.5757433600,48.9492832000,49.1360531200,48.1321648000,68581285,4296674949.0000,0.633100,1.599100
2021-07-07,48.7858595200,48.5368329600,49.3461692800,48.3189347200,52316754,3272128188.2500,0.483000,-0.842600
2021-07-08,48.5368329600,47.2994822400,48.5368329600,47.0971481600,83755851,5109707957.7100,0.773200,-2.549300
2021-07-09,47.0660198400,46.7625187200,47.5874192000,46.5446204800,70761585,4267722638.2900,0.653200,-1.135200
2021-07-12,46.9337244800,46.2255552000,47.0660198400,46.1632985600,81898922,4899580737.1100,0.756000,-1.148300
2021-07-13,46.2255552000,46.4590176000,46.5990950400,45.9531824000,51333745,3058865430.4300,0.473900,0.505100
2021-07-14,46.4201072000,45.0660252800,46.4201072000,44.9648582400,106561835,6199867459.2400,0.983700,-2.998300
2021-07-15,45.3617443200,46.6769158400,46.8403395200,45.1282819200,108588585,6439233470.0900,1.002400,3.574500
2021-07-16,46.4512355200,46.4590176000,46.9181603200,45.8208870400,57820403,3441570856.9900,0.533800,-0.466800
2021-07-19,46.5990950400,46.1866448000,46.5990950400,45.1749744000,66650056,3912636302.2800,0.615300,-0.586300
2021-07-20,45.7508483200,45.4940396800,46.0699136000,45.2372310400,44931031,2629530313.8900,0.414800,-1.499600
2021-07-21,45.2527952000,45.1983206400,45.7897587200,45.0582432000,58704444,3414125947.5700,0.541900,-0.650000
2021-07-22,45.0193328000,45.5562963200,45.9687465600,44.7547420800,63661381,3727361014.2100,0.587700,0.792000
2021-07-23,45.5251680000,44.8559091200,45.7352841600,44.8403449600,59325514,3438617481.9800,0.547700,-1.537400
2021-07-26,44.4278947200,42.4123360000,44.4278947200,42.2800406400,117486467,6496203840.1000,1.084600,-5.447600
2021-07-27,42.4123360000,40.9882153600,42.5524134400,40.7469708800,93901074,5031582117.2600,0.866800,-3.357800
2021-07-28,41.0115616000,41.3306268800,41.7041667200,40.8637020800,83836567,4457853454.7300,0.773900,0.835400
2021-07-29,41.7508592000,41.4395760000,41.7742054400,41.0504720000,76800442,4078215601.2500,0.709000,0.263600
2021-07-30,41.3461910400,41.7664233600,42.1399632000,40.9337408000,65088842,3480202766.8000,0.600900,0.788700
2021-08-02,41.6341280000,42.0310140800,42.7858758400,40.8481379200,97161064,5244071665.6600,0.896900,0.633500
2021-08-03,41.9298470400,42.2100019200,42.3422972800,41.6963846400,65820268,3558132760.1200,0.607600,0.425800
2021-08-04,42.2566944000,41.7119488000,42.2566944000,41.5018326400,64665951,3470521725.6500,0.597000,-1.179900
2021-08-05,41.6419100800,42.1788736000,43.1905440000,41.5173968000,84322088,4596909874.0700,0.778400,1.119400
2021-08-06,41.5952176000,41.7664233600,41.8987187200,41.2839344000,50241086,2685679365.6900,0.463800,-0.977900
2021-08-09,41.4006656000,42.8948249600,43.4706988800,41.3228448000,91882127,5048464776.3300,0.848200,2.701700
2021-08-10,42.6847088000,43.3695318400,43.4940451200,42.1633094400,76365642,4201861226.7800,0.705000,1.106700
2021-08-11,43.3695318400,43.4240064000,44.1944323200,43.1438515200,82202018,4613172522.5200,0.758800,0.125600
2021-08-12,43.3695318400,42.5991059200,43.4940451200,42.5212851200,57306968,3157627499.2600,0.529000,-1.899600
2021-08-13,42.2411302400,42.2644764800,42.7780937600,42.0232320000,48471805,2633761393.8800,0.447500,-0.785500
2021-08-16,42.0232320000,42.7469654400,43.0349024000,41.9454112000,46009551,2522890290.2400,0.424700,1.141600
2021-08-17,42.5601955200,42.1866556800,43.3461856000,42.1633094400,69026207,3790616958.6100,0.637200,-1.310800
2021-08-18,42.0387961600,43.6107763200,43.6652508800,41.8442441600,96366560,5322900807.9700,0.889600,3.375800
2021-08-19,43.2605827200,41.7975516800,43.3928780800,41.7586412800,114860603,6231137141.5500,1.060300,-4.157700
2021-08-20,41.3306268800,41.2528060800,41.7586412800,41.0971644800,67560655,3585422086.2400,0.623700,-1.303300
2021-08-23,41.2528060800,41.0115616000,41.6029996800,40.9337408000,59491185,3146935844.4200,0.549200,-0.584800
2021-08-24,40.7002784000,40.3111744000,41.0426899200,39.9921091200,94659663,4915208404.8100,0.873800,-1.707800
2021-08-25,40.4045593600,40.1399686400,40.6380217600,40.0465836800,61059554,3156821226.6400,0.563700,-0.424700
2021-08-26,40.0777120000,39.1438624000,40.0777120000,39.1360803200,88681394,4490652616.9600,0.818600,-2.481600
2021-08-27,39.7275184000,40.4668160000,40.7236246400,39.7197363200,101781872,5267788079.6200,0.939600,3.379700
2021-08-30,40.4668160000,39.4629276800,40.4668160000,39.1827728000,95948717,4877480460.6800,0.885700,-2.480800
2021-08-31,39.0660416000,38.8325792000,39.2761577600,38.0388070400,158678325,7870703426.1000,1.464800,-1.597300
2021-09-01,38.7391942400,40.0699299200,40.5057264000,38.6068988800,163160036,8348618929.4700,1.506200,3.186400
2021-09-02,39.6963900800,40.1166224000,40.2644819200,39.4317993600,87858567,4502512755.9400,0.811100,0.116500
2021-09-03,40.1244044800,40.2411356800,40.8637020800,39.4551456000,90260347,4667297729.4800,0.833200,0.310400
2021-09-06,40.2255715200,40.1399686400,40.5835472000,39.8286854400,88301950,4554856268.5600,0.815100,-0.251400
2021-09-07,40.1710969600,40.7314067200,40.8870483200,39.7508646400,94737441,4916249825.9000,0.874600,1.473400
2021-09-08,40.4668160000,40.4279056000,40.9570870400,40.2177894400,84399193,4395561676.2300,0.779100,-0.745100
2021-09-09,39.9998912000,40.1710969600,40.2489177600,39.6963900800,73490775,3776998807.5200,0.678400,-0.635200
2021-09-10,39.9609808000,40.2411356800,40.8559200000,39.9065062400,84549097,4382584447.2300,0.780500,0.174400
2021-09-13,40.0621478400,39.7819929600,40.1477507200,39.7353004800,66980000,3430907757.1200,0.618300,-1.141000
2021-09-14,40.0310195200,38.8014508800,40.1399686400,38.7625404800,108266166,5452993892.7000,0.999400,-2.464800
2021-09-15,38.5212960000,38.4979497600,38.8170150400,38.3656544000,64542318,3197409970.4500,0.595800,-0.782200
2021-09-16,38.3812185600,38.5290780800,38.8948358400,38.2956156800,59115597,2930501964.8100,0.545700,0.080900
2021-09-17,38.4434752000,37.8831654400,38.7391942400,37.5251897600,92721442,4523289513.6500,0.855900,-1.676400
2021-09-22,36.9648800000,37.1827782400,37.4162406400,36.8092384000,72393010,3447060473.7200,0.668300,-1.848800
2021-09-23,37.7430880000,37.5251897600,38.4045648000,37.3617660800,75804482,3676425703.2300,0.699800,0.920900
2021-09-24,37.5329718400,37.4162406400,38.0388070400,37.2761632000,84358359,4074494916.6800,0.778700,-0.290300
2021-09-27,37.2761632000,38.1321920000,38.3189619200,37.2139065600,99008099,4812486506.0700,0.914000,1.913500
2021-09-28,38.1244099200,38.3345260800,38.6224630400,37.7586521600,77950696,3832059452.4500,0.719600,0.530600
2021-09-29,37.9532041600,38.2800515200,38.5524243200,37.7586521600,63129533,3095105433.4100,0.582800,-0.142100
2021-09-30,38.3656544000,37.6341388800,38.3656544000,37.5329718400,68007025,3300543923.2500,0.627800,-1.687300
2021-10-08,39.2995040000,40.5446368000,40.5446368000,38.9960028800,218002823,11199501310.4000,2.012500,7.733700
2021-10-11,40.5446368000,41.0426899200,41.5485251200,40.4201235200,150449954,7944560508.6400,1.388900,1.228400
2021-10-12,40.5057264000,40.6691500800,41.2761523200,40.2177894400,94465572,4939402091.0700,0.872000,-0.910100
2021-10-13,40.5446368000,40.2722640000,40.6146755200,39.6107872000,64988916,3345977424.7300,0.599900,-0.975900
2021-10-14,40.2333536000,40.0076732800,40.4668160000,39.8442496000,42700600,2198216041.6200,0.394200,-0.657000
2021-10-15,39.7897750400,39.5952230400,40.1399686400,39.3928889600,73301699,3738306563.0800,0.676700,-1.030900
2021-10-18,39.7508646400,38.8014508800,39.8753779200,38.6613734400,77197137,3862682042.3700,0.712600,-2.004700
2021-10-19,38.7936688000,40.0388016000,40.3500848000,38.6769376000,84752705,4332898990.0600,0.782400,3.188900
2021-10-20,40.2333536000,39.9765449600,40.4979443200,39.5251843200,66823896,3429513908.0100,0.616900,-0.155500
2021-10-21,40.1166224000,42.2411302400,42.7080550400,40.0854940800,211005833,11318517616.1200,1.947900,5.664800
2021-10-22,42.5524134400,42.2489123200,42.6847088000,41.7119488000,102633032,5559123302.7900,0.947400,0.018400
2021-10-25,42.0749224000,42.0828312200,42.2093723400,41.4817609000,75444693,3999143837.9500,0.696500,-0.393100
2021-10-26,42.0828312200,41.2603139400,42.6918103600,41.2049522000,74882514,3939605236.3000,0.691300,-1.954500
2021-10-27,41.1021375400,40.8490553000,41.6399373000,40.7620582800,58905249,3060201711.5200,0.543800,-0.996700
2021-10-28,40.1214438600,40.5722466000,40.6592436200,39.5836441000,85061904,4309021231.6900,0.785200,-0.677600
2021-10-29,40.1926232400,39.2040207400,40.5168848600,38.9430296800,146662660,7317467292.4700,1.353900,-3.372300
2021-11-01,38.7532180000,39.6390058400,39.8999969000,38.5554975000,62876101,3132879985.4100,0.580400,1.109500
2021-11-02,39.7101852200,39.5520088200,40.0739909400,38.9272120400,78272461,3909158858.9700,0.722600,-0.219500
2021-11-03,39.5441000000,39.5836441000,40.1372615000,39.4254677000,47676290,2394903860.6900,0.440100,0.080000
2021-11-04,39.4650118000,39.3068354000,39.6548234800,39.1723854600,53205267,2651047241.8400,0.491200,-0.699300
2021-11-05,39.3068354000,39.4887382600,39.8129998800,39.2198383800,41665467,2082833762.6200,0.384600,0.462800
2021-11-08,39.4571029800,39.8604528000,40.0977174000,39.0458443400,53172448,2672600378.2000,0.490900,0.941300
2021-11-09,39.9237233600,39.2989265800,40.2005320600,39.2277472000,64051070,3197023016.7900,0.591300,-1.408700
2021-11-10,39.1486590000,38.8560326600,39.1961119200,38.2233270600,81604856,3984320340.6600,0.753300,-1.127000
2021-11-11,38.8402150200,40.4536143000,40.4615231200,38.7532180000,111085845,5599660442.0500,1.025500,4.111500
2021-11-12,40.4377966600,40.0265380200,40.4377966600,39.6627323000,58595861,2959880934.3600,0.540900,-1.055700
2021-11-15,40.2163497000,40.0186292000,40.4931584000,39.7260028600,44209113,2234792751.3300,0.408100,-0.019800
2021-11-16,40.0186292000,39.8288175200,40.2875290800,39.5441000000,47743813,2408299421.8400,0.440700,-0.474300
2021-11-17,39.5361911800,39.5836441000,39.9632674600,39.4491941600,35153171,1761772273.5500,0.324500,-0.615600
2021-11-18,39.4650118000,39.1565678200,39.4729206200,39.1565678200,42332467,2100629356.1800,0.390800,-1.078900
2021-11-19,39.0695708000,39.5124647200,39.6310970200,38.9509385000,42829007,2129834610.3800,0.395400,0.908900
2021-11-22,39.4254677000,39.3147442200,39.4966470800,39.1882031000,34005123,1689972482.2800,0.313900,-0.500400
2021-11-23,39.2910177600,39.2435648400,39.6785499400,39.1407501800,40224098,1998608177.7200,0.371300,-0.181100
2021-11-24,39.2435648400,39.3463795000,39.5441000000,39.0300267000,36196146,1797538854.7800,0.334100,0.262000
2021-11-25,39.3542883200,39.0695708000,39.3542883200,39.0379355200,40741147,2015604610.0300,0.376100,-0.703500
2021-11-26,38.9430296800,38.5317710400,38.9588473200,38.5238622200,58902348,2877589396.6700,0.543700,-1.376500
2021-11-29,38.3498681800,38.4843181200,38.6345857000,38.2154182400,40427298,1962257345.2700,0.373200,-0.123200
2021-11-30,38.3656858200,38.1363300400,38.6187680600,38.0967859400,46694734,2261836624.8100,0.431100,-0.904200
2021-12-01,38.1758741400,38.6504033400,38.7374003600,38.1758741400,42213672,2056563216.4000,0.389700,1.348000
2021-12-02,38.4447740200,38.6583121600,38.8639414800,38.2945064400,38330050,1872134786.9700,0.353800,0.020500
2021-12-03,38.7374003600,38.7453091800,38.9509385000,38.3419593600,42748910,2084975989.2500,0.394600,0.225000
2021-12-06,38.8323062000,38.8718503000,39.3463795000,38.8323062000,61036902,3015007470.4100,0.563500,0.326600
2021-12-07,39.1486590000,39.8525439800,39.9395410000,38.9193032200,101150186,5055319580.4400,0.933800,2.522900
2021-12-08,39.8525439800,39.8129998800,39.8604528000,39.4650118000,65354434,3276622572.5500,0.603300,-0.099200
2021-12-09,39.8288175200,40.5801554200,40.9914140600,39.6469146600,124929614,6402621864.1100,1.153300,1.926900
2021-12-10,40.3349820000,40.5089760400,40.7225141800,40.2558938000,73770661,3780503004.9600,0.681000,-0.175400
2021-12-13,40.8569641200,40.4536143000,41.5213050000,40.4298878400,91858148,4747262449.6900,0.848000,-0.136700
2021-12-14,40.2558938000,40.2163497000,40.6117907000,40.0977174000,58733411,2990682219.2100,0.542200,-0.586500
2021-12-15,40.1688967800,40.0977174000,40.3982525600,39.9632674600,36383253,1846757807.0500,0.335900,-0.295000
2021-12-16,40.1688967800,40.4931584000,40.5643377800,39.9395410000,51436592,2622388752.4800,0.474800,0.986200
2021-12-17,40.3507996400,39.9711762800,40.6513348000,39.8446351600,53967033,2741367544.3400,0.498200,-1.289100
2021-12-20,39.7339116800,39.7655469600,40.2163497000,39.7022764000,42844182,2164397413.8000,0.395500,-0.514400
2021-12-21,39.7734557800,40.2084408800,40.4457054800,39.7655469600,39397878,2004481926.9800,0.363700,1.113800
2021-12-22,40.2796202600,39.6864587600,40.3349820000,39.6469146600,42540466,2143777013.5700,0.392700,-1.298200
2021-12-23,39.6943675800,39.7180940400,39.8604528000,39.3463795000,40497888,2027860561.2000,0.373800,0.079700
2021-12-24,39.6943675800,39.4017412400,39.7022764000,39.3226530400,31293517,1560671249.2800,0.288900,-0.796500
2021-12-27,39.5124647200,39.5282823600,39.7022764000,39.4412853400,27470106,1373481524.1800,0.253600,0.321200
2021-12-28,39.7813646000,40.2321673400,40.4377966600,39.6231882000,61735856,3137430543.7500,0.569900,1.780700
2021-12-29,40.4140702000,40.1847144200,40.4615231200,39.9553586400,37646906,1913669684.7200,0.347500,-0.117900
2021-12-30,40.2558938000,39.8683616200,40.3270731800,39.8683616200,42787989,2167180059.7800,0.395000,-0.787200
2021-12-31,39.8841792600,39.8683616200,40.2163497000,39.6627323000,35800024,1805071299.1200,0.330500,0.000000
2022-01-04,39.8604528000,40.3349820000,40.3824349200,39.6231882000,63583763,3221366643.3100,0.587000,1.170400
2022-01-05,40.4219790200,41.1812257400,41.4422168000,40.3112555400,118124669,6124173627.6600,1.090400,2.098000
2022-01-06,41.1179551800,40.5722466000,41.1416816400,40.5089760400,66165825,3408947587.6300,0.610800,-1.478800
2022-01-07,40.7225141800,41.8692930800,42.1777370600,40.6908789000,123075974,6481039300.2800,1.136200,3.196900
2022-01-10,41.9088371800,41.9800165600,42.3596399200,41.5213050000,76113442,4033301414.6200,0.702600,0.264500
2022-01-11,42.0511959400,41.8060225200,42.5019986800,41.5529402800,68092028,3612879173.7400,0.628600,-0.414500
2022-01-12,41.6003932000,41.5213050000,41.7664784200,41.0151405200,57292274,2998981426.7600,0.528900,-0.681000
2022-01-13,41.5608491000,41.3631286000,42.4545457600,41.3631286000,72866329,3862897677.6600,0.672700,-0.381000
2022-01-14,41.4026727000,40.4140702000,41.5213050000,40.3824349200,77939676,4014279655.6100,0.719500,-2.294500
2022-01-17,40.4219790200,40.2875290800,40.6750612600,40.1372615000,46056724,2348769408.5400,0.425200,-0.313100
2022-01-18,40.2875290800,40.5168848600,40.8016023800,40.0186292000,63697991,3252038698.2100,0.588000,0.569300
2022-01-19,40.5722466000,40.6908789000,40.9993228800,40.4219790200,48331572,2488231273.2200,0.446200,0.429400
2022-01-20,40.7304230000,42.2330988000,42.3280046400,40.6908789000,144835941,7661793651.1000,1.337000,3.790100
2022-01-21,42.3121870000,42.3517311000,42.5494516000,41.9167460000,104189534,5564930631.0100,0.961800,0.280900
2022-01-24,42.3359134600,42.0195606600,42.3359134600,41.5450314600,54264076,2873364828.6100,0.500900,-0.784300
2022-01-25,41.6003932000,40.4931584000,41.8376578000,40.4140702000,77666210,4032087601.8200,0.717000,-3.632600
2022-01-26,40.8727817600,40.9914140600,41.2761315800,40.5089760400,48327488,2502203699.9300,0.446100,1.230500
2022-01-27,40.7304230000,40.1688967800,40.7304230000,40.1530791400,58650221,2992952668.7500,0.541400,-2.006600
2022-01-28,40.3507996400,39.5203735400,40.6117907000,39.3859236000,72935539,3688023391.4500,0.673300,-1.614500
2022-02-07,40.6038818800,41.1100463600,41.4975785400,40.0977174000,94041650,4858781709.9000,0.868100,4.022400
2022-02-08,40.9360523200,41.9167460000,41.9404724600,40.9044170400,86611569,4567112317.0200,0.799500,1.962300
2022-02-09,42.1065576800,41.9483812800,42.7076280000,41.8218401600,88043453,4695366257.2100,0.812800,0.075500
2022-02-10,42.0591047600,42.8499867600,42.8499867600,41.7585696000,96278716,5186085981.0900,0.888800,2.149300
2022-02-11,42.9844367000,43.9651303800,44.4712948600,42.7708985600,158377687,8759711015.4700,1.462000,2.602400
2022-02-14,43.5064188200,42.6285398000,43.7357746000,42.4545457600,94465413,5121073204.6900,0.872000,-3.040100
2022-02-15,42.3517311000,42.1381929600,42.6285398000,41.8455666200,63540572,3385015077.4500,0.586600,-1.150300
2022-02-16,42.3121870000,42.5810868800,42.8499867600,42.1381929600,52320987,2818960513.0600,0.483000,1.051100
2022-02-17,42.7867162000,42.4308193000,43.2058836600,42.2014635200,50490447,2723626777.4900,0.466100,-0.352900
2022-02-18,42.3912752000,43.1030690000,43.1821572000,42.2647340800,48422611,2621179790.3800,0.447000,1.584300
2022-02-21,42.7867162000,42.8341691200,42.9053485000,42.3200958200,38792845,2089115305.5200,0.358100,-0.623900
2022-02-22,42.3280046400,41.9721077400,42.3912752000,41.6873902200,57749929,3064280601.3400,0.533100,-2.012600
2022-02-23,41.9958342000,41.8297489800,42.1540106000,41.6715725800,46360166,2449763788.5700,0.428000,-0.339200
2022-02-24,41.2444963000,40.6987877200,41.3235845000,40.4061613800,97539602,5039207432.7100,0.900400,-2.703700
2022-02-25,40.8885994000,40.6513348000,41.1733169200,40.5010672200,54441639,2808109116.4300,0.502600,-0.116600
2022-02-28,40.4140702000,40.1451703200,40.4140702000,39.7418205000,73188326,3707888592.0000,0.675600,-1.245100
2022-03-01,40.3428908200,40.6434259800,40.6513348000,39.9949027400,56803579,2895181120.0000,0.524400,1.241100
2022-03-02,40.2558938000,40.1451703200,40.5168848600,40.0977174000,43692256,2222138928.0000,0.403300,-1.225900
2022-03-03,40.1768056000,40.2717114400,40.4852495800,40.0977174000,35267571,1795901328.0000,0.325600,0.315200
2022-03-04,39.9158145400,39.6231882000,39.9237233600,39.5124647200,70086471,3510136272.0000,0.647000,-1.610400
2022-03-07,39.2435648400,38.6583121600,39.2435648400,38.4843181200,78459673,3847577920.0000,0.724300,-2.435100
2022-03-08,38.5317710400,37.5431685400,38.8006709200,37.4087186000,83440296,4021028000.0000,0.770300,-2.884600
2022-03-09,37.6538920200,37.1081834400,37.9069742600,35.9851310000,82554495,3878723584.0000,0.762100,-1.158600
2022-03-10,37.9227919000,37.1002746200,37.9939712800,37.0607305200,58775280,2783372912.0000,0.542600,-0.021300
2022-03-11,36.3805720000,37.2821774800,37.4878068000,36.1433074000,66707823,3085709552.0000,0.615800,0.490300
2022-03-14,36.3805720000,36.2303044200,36.8313747400,36.1986691400,59257848,2734567248.0000,0.547000,-2.821400
2022-03-15,35.6292341000,33.7311173000,35.7478664000,33.6520291000,126937879,5571772416.0000,1.171800,-6.898100
2022-03-16,34.2372817800,35.0281637800,35.3128813000,33.4780350600,100969426,4391918336.0000,0.932100,3.845300
2022-03-17,35.9851310000,35.9851310000,36.5387484000,35.3919695000,109572199,4982734592.0000,1.011500,2.732000
2022-03-18,35.6292341000,37.9069742600,38.2628711600,35.5264194400,155232341,7308943910.1000,1.433000,5.340700
2022-03-21,37.7804331400,37.2030892800,37.7804331400,36.8788276600,94951866,4472952774.8700,0.876500,-1.856900
2022-03-22,36.7760130000,37.8041596000,37.8516125200,36.7364689000,74211155,3516558053.6300,0.685100,1.615600
2022-03-23,37.6143479200,37.8832478000,38.0888771200,37.2900863000,57702918,2748027969.7500,0.532700,0.209200
2022-03-24,37.5906214600,38.1600565000,38.5317710400,37.4878068000,61075714,2943276289.0700,0.563800,0.730700
2022-03-25,37.9702448200,37.6697096600,38.5871327800,37.6301655600,55993803,2696644332.9000,0.516900,-1.285000
2022-03-28,37.4878068000,37.8437037000,38.0572418400,37.1160922600,39368626,1872940910.8100,0.363400,0.461900
2022-03-29,37.9227919000,37.3375392200,38.1205124000,37.2900863000,32235684,1532063819.9600,0.297600,-1.337500
2022-03-30,37.6064391000,38.5159534000,38.6187680600,37.5273509000,57542713,2776948845.1000,0.531200,3.156100
2022-03-31,38.2786888000,38.3182329000,38.9509385000,38.1996006000,42349781,2063589520.4700,0.390900,-0.513300
2022-04-01,38.1996006000,38.7215827200,38.8402150200,38.0493330200,47367667,2307234644.4000,0.437300,1.052600
2022-04-06,38.7927621000,39.1802942800,39.4808294400,38.7532180000,64005275,3166678385.0000,0.590900,1.184600
2022-04-07,38.9113944000,38.3419593600,39.1644766400,38.1916917800,50112992,2447803110.4600,0.462600,-2.139700
2022-04-08,38.2391447000,38.9430296800,38.9509385000,38.2391447000,43473184,2124961295.2100,0.401300,1.567700
2022-04-11,38.6820386200,37.6618008400,38.7374003600,37.5827126400,50640496,2433396185.5600,0.467500,-3.290000
2022-04-12,37.8516125200,38.3340505400,38.6583121600,37.5510773600,46739555,2251825857.2700,0.431500,1.785000
2022-04-13,38.1600565000,37.8199772400,38.2628711600,37.7092537600,31775137,1524357800.9100,0.293300,-1.341000
2022-04-14,38.2549623400,38.1126035800,38.3735946400,37.8832478000,35884891,1731655002.6900,0.331300,0.773700
2022-04-15,37.9623360000,38.1996006000,38.5475886800,37.8832478000,31411511,1520937850.5200,0.290000,0.228300
2022-04-18,37.9544271800,37.1714540000,37.9544271800,37.0370040600,40537521,1912485738.1100,0.374200,-2.691500
2022-04-19,37.2109981000,36.7285600800,37.3849921400,36.4833866600,36954300,1723558436.0700,0.341100,-1.191500
2022-04-20,36.8946453000,36.3093926200,37.0053687800,36.2461220600,38060988,1755500125.4100,0.351400,-1.141300
2022-04-21,36.2856661600,36.5545660400,37.3138127600,36.2303044200,54904356,2554919426.4900,0.506800,0.675200
2022-04-22,36.3884808200,36.7443777200,37.1477275400,36.3093926200,39732577,1851934816.2600,0.366800,0.519300
2022-04-25,35.5896900000,35.4710577000,36.5229307600,35.3524254000,67392037,3063041721.9200,0.622100,-3.465300
2022-04-26,35.4631488800,34.4745463800,35.7320487600,34.4112758200,63892364,2826379496.3100,0.589800,-2.809400
2022-04-27,34.3321876200,34.7276286200,34.9569844000,34.1502847600,53108352,2325674730.2300,0.490300,0.734100
2022-04-28,34.6327227800,34.5299081200,34.7276286200,34.1344671200,52599939,2288623795.6200,0.485600,-0.569300
2022-04-29,34.6406316000,35.2417019200,35.6845958400,34.4824552000,51638636,2285939805.0400,0.476700,2.061400
2022-05-05,35.4236047800,35.6055076400,36.0484015600,35.3919695000,42878154,1935547320.5500,0.395800,1.032300
2022-05-06,35.1547049000,34.8462609200,35.5738723600,34.7988080000,37231482,1649081440.2600,0.343700,-2.132400
2022-05-09,34.8620785600,35.0756167000,35.1230696200,34.6959933400,25611950,1131162025.8100,0.236400,0.658200
2022-05-10,34.6801757000,35.1705225400,35.3366077600,34.5615434000,40469305,1788324114.4700,0.373600,0.270600
2022-05-11,35.1467960800,35.3761518600,35.5975988200,34.9648932200,60728482,2710550319.7900,0.560600,0.584700
2022-05-12,35.0756167000,34.7988080000,35.2575195600,34.6801757000,42773836,1889495299.0100,0.394900,-1.632000
2022-05-13,34.9411667600,34.7671727200,35.1942490000,34.4745463800,41233483,1813781043.8500,0.380600,-0.090900
2022-05-16,34.9174403000,34.2926435200,34.9648932200,34.1502847600,46886281,2039402750.5500,0.432800,-1.364900
2022-05-17,34.4033670000,34.6564492400,34.7039021600,34.2214641400,40137298,1750419695.8200,0.370500,1.060900
2022-05-18,34.7908991800,34.5061816600,34.8778962000,34.2926435200,35234171,1534485032.0600,0.325300,-0.433600
2022-05-19,34.0870142000,34.2372817800,34.3559140800,34.0316524600,28281629,1221097064.4100,0.261100,-0.779300
2022-05-20,34.3242788000,35.0439814200,35.0835255200,34.3242788000,54975115,2416391969.2500,0.507500,2.356200
2022-05-23,34.9174403000,34.7118109800,35.0123461400,34.5536345800,35909822,1576944732.9100,0.331500,-0.947900
2022-05-24,34.6406316000,34.1186494800,34.8858050200,34.0949230200,39342426,1713116639.6800,0.363200,-1.708800
2022-05-25,34.0316524600,34.1898288600,34.4033670000,34.0237436400,26374891,1140221232.9600,0.243500,0.208600
2022-05-26,34.2530994200,34.1265583000,34.4429111000,33.9683819000,40099222,1731580780.7500,0.370200,-0.185100
2022-05-27,34.3321876200,34.4270934600,34.6801757000,34.3242788000,38790063,1691969134.9500,0.358100,0.880600
2022-05-30,34.7434462600,34.9174403000,35.0835255200,34.5773610400,52217489,2305387119.7500,0.482000,1.424300
2022-05-31,34.9807108600,34.9569844000,35.4156959600,34.7988080000,54065261,2405912876.9000,0.499100,0.113300
2022-06-01,34.9965285000,34.9332579400,35.2337931000,34.7276286200,32852073,1451299033.2500,0.303300,-0.067900
2022-06-02,34.6406316000,34.7988080000,34.8225344600,34.4429111000,34082891,1492824853.0800,0.314600,-0.384900
2022-06-06,34.7908991800,35.0044373200,35.0123461400,34.2689170600,54326745,2379234042.9200,0.501500,0.590900
2022-06-07,35.0044373200,34.9174403000,35.0993431600,34.7592639000,43157460,1905453944.0100,0.398400,-0.248500
2022-06-08,34.9965285000,35.2654283800,35.3603342200,34.8462609200,52956201,2348846220.9800,0.488900,0.996600
2022-06-09,35.3524254000,35.2891548400,35.6134164600,35.1705225400,53243046,2381813808.6400,0.491500,0.067300
2022-06-10,35.0756167000,35.5422370800,35.5896900000,34.8620785600,56531953,2516496822.9400,0.521900,0.717200
2022-06-13,35.1942490000,34.9095314800,35.2733372000,34.8146256400,53712124,2376099097.5500,0.495800,-1.780200
2022-06-14,34.7197198000,35.7636840400,35.7874105000,34.6406316000,62895792,2792817385.8500,0.580600,2.446800
2022-06-15,35.5896900000,37.6855273000,38.4052299200,35.5185106200,198589228,9379923905.9800,1.833200,5.373700
2022-06-16,37.4719891600,36.7760130000,37.5668950000,36.7760130000,84493103,3962136640.0000,0.780000,-2.413400
2022-06-17,36.6731983400,37.1951804600,37.3770833200,36.5782925000,56670396,2653020562.9200,0.523100,1.139800
2022-06-20,37.3422214800,37.0481882400,37.4484001500,36.7949929500,57061489,2589929720.8400,0.526800,-0.395300
2022-06-21,37.3095511200,37.6770926700,38.2079860200,37.1216965500,68456932,3156745208.7300,0.631900,1.697500
2022-06-22,37.7342658000,37.0808586000,37.8322768800,37.0808586000,43690689,2001539979.7100,0.403300,-1.582500
2022-06-23,37.2687131700,37.7751037500,37.9792935000,37.2687131700,49426523,2279310521.0900,0.456300,1.872200
2022-06-24,37.9221203700,38.1916508400,38.2651591500,37.7506009800,53672389,2498586724.9100,0.495500,1.102700
2022-06-27,38.2651591500,38.2243212000,38.4693489000,37.9792935000,44985821,2106674710.6600,0.415300,0.085500
2022-06-28,38.2406563800,38.3059971000,38.5428572100,37.8567796500,35170689,1642425116.7100,0.324700,0.213700
2022-06-29,38.2978295100,38.2161536100,38.7470469600,38.0446342200,41277246,1939726830.3000,0.381000,-0.234500
2022-06-30,38.2243212000,38.1344777100,38.5510248000,37.9466231400,39185266,1837626219.3200,0.361700,-0.213700
2022-07-01,38.1426453000,37.8241092900,38.3713378200,37.6689250800,35756842,1657492966.0900,0.330100,-0.813900
2022-07-04,37.7342658000,37.9466231400,37.9792935000,37.4075622000,40712960,1877564068.6800,0.375800,0.323900
2022-07-05,37.9629583200,38.0691369900,38.8368904500,37.8812824200,45256850,2123843408.8600,0.417800,0.322900
2022-07-06,38.0773045800,37.4484001500,38.0854721700,37.3667242500,38956093,1790455442.3900,0.359600,-1.630600
2022-07-07,37.2850483500,37.2442104000,37.6852602600,37.2360428100,29372210,1344724699.7200,0.271100,-0.545300
2022-07-08,37.4974056900,37.4238973800,37.8812824200,37.3095511200,29228342,1342052753.7900,0.269800,0.482500
2022-07-11,37.2523779900,37.0645234200,37.3830594300,36.9338419800,28113511,1278575006.2500,0.259500,-0.960300
2022-07-12,37.0645234200,37.1707020900,37.3585566600,36.8521660800,25405548,1155657116.9300,0.234500,0.286500
2022-07-13,37.0971937800,36.8194957200,37.2687131700,36.7541550000,29658829,1343407215.8400,0.273800,-0.944800
2022-07-14,36.6724791000,35.6106924000,36.7868253600,35.4718433700,90304414,3963303834.9400,0.833600,-3.283100
2022-07-15,35.6188599900,34.8837768900,36.0109043100,34.8756093000,69404157,3006689109.1500,0.640700,-2.041300
2022-07-18,34.9164472500,35.4881785500,35.6842007100,34.8919444800,35524425,1539005270.6900,0.327900,1.732600
2022-07-19,35.4636757800,35.4473406000,35.7495414300,35.0389611000,35610607,1540543118.6200,0.328700,-0.115100
2022-07-20,35.7577090200,35.4473406000,35.7985469700,35.4146702400,24956569,1086228779.2100,0.230400,0.000000
2022-07-21,35.3084915700,34.9082796600,35.3248267500,34.8347713500,40556770,1740841568.4200,0.374400,-1.520700
2022-07-22,34.9572852000,35.1614749500,35.4146702400,34.9409500200,29435598,1268468017.3400,0.271700,0.725300
2022-07-25,35.1206370000,35.0552962800,35.2186480800,34.8919444800,22513504,965101818.4900,0.207800,-0.302000
2022-07-26,35.0797990500,35.2839888000,35.3574971100,35.0552962800,22847447,986279479.3500,0.210900,0.652400
2022-07-27,35.1696425400,34.9491176100,35.2676536200,34.8756093000,29639869,1269990090.9300,0.273600,-0.949100
2022-07-28,35.0389611000,34.8919444800,35.3248267500,34.8837768900,34874952,1497610794.9700,0.321900,-0.163600
2022-07-29,34.9491176100,34.4018890800,35.2431508500,34.3855539000,46070387,1954616264.8000,0.425300,-1.404500
2022-08-01,34.3937214900,34.1731965600,34.4018890800,34.0996882500,30655094,1283322796.9900,0.283000,-0.664800
2022-08-02,33.9200012700,33.6259680300,33.9363364500,33.1032422700,60400823,2476611786.0000,0.557600,-1.601300
2022-08-03,33.6014652600,33.3482699700,33.8138226000,33.2747616600,40785171,1673612767.9800,0.376500,-0.825800
2022-08-04,33.5851300800,33.5524597200,33.7321467000,33.4054431000,25116335,1032245453.0000,0.231900,0.612300
2022-08-05,33.7239791100,33.9281688600,34.0425151200,33.4707838200,29671019,1224704136.0000,0.273900,1.119800
2022-08-08,33.7321467000,33.6341356200,33.9281688600,33.4871190000,30159403,1242870500.0000,0.278400,-0.866600
2022-08-09,33.6259680300,33.4544486400,33.6586383900,33.4217782800,25139703,1031147757.0000,0.232100,-0.534200
2022-08-10,33.4544486400,32.9970636000,33.5524597200,32.9643932400,46008881,1866972936.0000,0.424700,-1.367200
2022-08-11,33.1522478100,33.8628281400,34.0425151200,33.0133987800,61070138,2510973870.0000,0.563800,2.623800
2022-08-12,33.6994763400,33.9853419900,34.1078558400,33.6014652600,35993337,1493312068.0000,0.332300,0.361800
2022-08-15,33.8383253700,33.6014652600,34.1078558400,33.5932976700,33276942,1373975116.5300,0.307200,-1.129500
2022-08-16,33.7648170600,33.4789514100,33.8709957300,33.4054431000,27739045,1140974334.1200,0.256100,-0.364600
2022-08-17,33.5279569500,33.7239791100,33.8791633200,33.2584264800,37572182,1546602943.6100,0.346800,0.731900
2022-08-18,33.6096328500,33.3319347900,33.6341356200,33.2910968400,29407958,1202109471.0700,0.271500,-1.162500
2022-08-19,33.2420913000,33.4626162300,33.6994763400,33.1767505800,32462874,1333438492.1800,0.299700,0.392100
2022-08-22,33.3646051500,33.6096328500,33.8056550100,33.3237672000,33971901,1399254503.8500,0.313600,0.439300
2022-08-23,33.5034541800,33.2584264800,33.6096328500,33.2257561200,33148018,1352611307.5700,0.306000,-1.045000
2022-08-24,33.7729846500,33.9853419900,34.6632519600,33.7729846500,115732982,4847936957.6900,1.068400,2.185700
2022-08-25,34.1813641500,35.2023129000,35.3084915700,34.0425151200,110572586,4693638177.3200,1.020700,3.580900
2022-08-26,35.2104804900,35.2186480800,35.3819998800,34.7285926800,72672640,3125914707.2600,0.670900,0.046400
2022-08-29,34.9572852000,35.1778101300,35.3003239800,34.7040899100,44989303,1928428298.5900,0.415300,-0.116000
2022-08-30,35.1043018200,35.0307935100,35.3574971100,34.7204250900,38892928,1667749812.0100,0.359000,-0.417900
2022-08-31,34.8837768900,35.8067145600,36.1579209300,34.8429389400,84223803,3683929174.6000,0.777500,2.215000
2022-09-01,35.6106924000,35.6515303500,36.0435746700,35.4555081900,45521324,1994635784.0400,0.420200,-0.433400
2022-09-02,35.8475525100,35.6923683000,36.1660885200,35.3329943400,44914485,1962968879.5500,0.414600,0.114500
2022-09-05,35.5290165000,35.7740442000,35.8557201000,35.1369721800,41749075,1817090269.4900,0.385400,0.228800
2022-09-06,35.8557201000,35.8557201000,36.3049375500,35.5453516800,44977165,1978062625.3600,0.415200,0.228300
2022-09-07,35.6106924000,35.6106924000,35.7822117900,35.2513184400,37641074,1635174365.1000,0.347500,-0.683400
2022-09-08,35.8067145600,35.8067145600,36.1415857500,35.6596979400,32129830,1412332843.6900,0.296600,0.550500
2022-09-09,35.9292284100,36.5009597100,36.5744680200,35.8148821500,57786668,2574448405.6100,0.533400,1.938900
2022-09-13,36.4927921200,36.8031605400,37.0563558300,36.2232616500,52966319,2382977236.3900,0.489000,0.827900
2022-09-14,36.3702782700,36.4682893500,36.9011716200,36.3539430900,35508365,1588553120.7800,0.327800,-0.909900
2022-09-15,36.4846245300,36.8276633100,37.2442104000,36.4764569400,59444223,2686935858.9500,0.548700,0.985400
2022-09-16,36.6071383800,35.8802228700,36.7296522300,35.8312173300,62492037,2762703828.5200,0.576900,-2.572600
2022-09-19,35.8720552800,35.8802228700,36.3294403200,35.5780220400,40538305,1781779182.0200,0.374200,0.000000
2022-09-20,36.0599098500,35.3166591600,36.0925802100,35.2186480800,35764951,1553335669.1500,0.330200,-1.570700
2022-09-21,35.2023129000,35.2431508500,35.4963461400,35.0389611000,30353672,1310421740.9000,0.280200,-0.208100
2022-09-22,34.7939334000,34.6959223200,34.9817879700,34.6387491900,37622972,1602976215.5500,0.347300,-1.552700
2022-09-23,34.6387491900,35.1369721800,35.4800109600,34.6387491900,37532565,1617285955.2600,0.346500,1.271200
2022-09-26,34.9082796600,34.7040899100,35.3819998800,34.6469167800,30712391,1314360554.6300,0.283500,-1.232000
2022-09-27,34.6550843700,34.6632519600,34.9082796600,34.5244029300,31229142,1325580710.1700,0.288300,-0.117700
2022-09-28,34.4672298000,34.2140345100,34.7122575000,34.1813641500,42204372,1776629020.9900,0.389600,-1.295900
2022-09-29,34.4917325700,33.7484818800,34.5815760600,33.6096328500,42655827,1779041935.5100,0.393800,-1.360700
2022-09-30,33.7729846500,33.9608392200,34.2875428200,33.7729846500,33161940,1383518533.4200,0.306100,0.629200
2022-10-10,33.9608392200,33.8383253700,34.4508946200,33.7974874200,41387647,1727384869.8800,0.382100,-0.360800
2022-10-11,34.0343475300,33.6504708000,34.1976993300,33.5851300800,26931732,1114241528.3400,0.248600,-0.555200
2022-10-12,33.6586383900,34.2385372800,34.3038780000,33.3237672000,36247330,1501647669.5300,0.334600,1.747600
2022-10-13,34.1405262000,33.7811522400,34.2222021000,33.6504708000,38384620,1588577622.6500,0.354300,-1.335900
2022-10-14,34.0996882500,34.2548724600,34.5734084700,33.9935095800,43441714,1827652558.8200,0.401000,1.402300
2022-10-17,34.0670178900,34.3855539000,34.4263918500,33.9445040400,34142518,1430847500.4700,0.315200,0.381500
2022-10-18,34.6305816000,34.0996882500,34.6632519600,34.0343475300,41635680,1742913095.7600,0.384400,-0.831400
2022-10-19,34.0180123500,33.7076439300,34.2875428200,33.6994763400,36436126,1509504643.0700,0.336400,-1.149700
2022-10-20,33.7410296000,33.4153117400,33.8161952600,33.3234426000,45021418,1807514975.5700,0.415600,-0.867200
2022-10-21,33.4904774000,33.1146491000,33.6157535000,32.9893730000,45737748,1824460317.2600,0.422200,-0.899800
2022-10-24,33.1230008400,31.4860598000,33.3484978200,31.4108941400,95125183,3662221955.3000,0.878100,-4.918000
2022-10-25,31.3858389200,31.5027632800,32.0539781200,31.0350658400,55354891,2086575116.5800,0.511000,0.053100
2022-10-26,31.3524319600,31.4610045800,31.8618881000,31.3273767400,49839519,1881859736.2800,0.460100,-0.132600
2022-10-27,31.4944115400,31.4526528400,31.8117776600,31.3607837000,45749726,1730022256.4600,0.422300,-0.026500
2022-10-28,31.3273767400,30.6759410200,31.4860598000,30.6759410200,50769159,1886380447.7700,0.468700,-2.469500
2022-10-31,30.3919818600,30.1915401000,30.6258305800,29.9827466000,56203354,2037108321.2000,0.518800,-1.579100
2022-11-01,30.4420923000,31.2856180400,31.3023215200,30.3752783800,56566488,2091019366.1700,0.522200,3.623800
2022-11-02,31.1436384600,31.2355076000,31.4025424000,31.0100106200,45038490,1680470476.3600,0.415800,-0.160200
2022-11-03,31.0517693200,30.8429758200,31.1519902000,30.6508858000,34933463,1290754485.3100,0.322500,-1.256700
2022-11-04,30.8429758200,31.9955159400,32.2794751000,30.8262723400,69205474,2627221798.4500,0.638900,3.736800
2022-11-07,31.7366120000,32.3963994600,32.7221173200,31.6697980800,57480970,2221943095.5500,0.530600,1.252900
2022-11-08,32.3963994600,32.3128820600,32.5717860000,32.0539781200,37048271,1430329888.0600,0.342000,-0.257800
2022-11-09,32.3963994600,32.0456263800,32.4799168600,31.9788124600,26768675,1031501782.2400,0.247100,-0.827100
2022-11-10,31.7366120000,32.1207920400,32.3212338000,31.5528737200,32317534,1236147200.5900,0.298300,0.234600
2022-11-11,32.9392625600,33.6825674200,34.2170787800,32.8390416800,104667558,4184006245.8500,0.966200,4.862200
2022-11-14,34.7933488400,34.7432384000,35.1775288800,34.4175205400,121668038,5070952841.0600,1.123200,3.149000
2022-11-15,34.6430175200,35.4865432600,35.8707233000,34.5010379400,93442402,3962244632.5500,0.862600,2.139400
2022-11-16,35.5951158800,35.3278602000,35.7621506800,35.3028049800,59652791,2535605301.5300,0.550700,-0.447200
2022-11-17,35.3195084600,35.5450054400,35.7036885000,35.0355493000,50398025,2132247153.5000,0.465200,0.614700
2022-11-18,35.6452263200,35.2109358400,35.7537989400,35.1274184400,39246432,1662329884.7500,0.362300,-0.939800
2022-11-21,34.8685145000,34.4175205400,34.8685145000,33.9581748400,51118530,2095472926.4600,0.471900,-2.253300
2022-11-22,34.4091688000,35.0522527800,35.3946741200,34.2421340000,47181359,1972258355.4200,0.435500,1.844200
2022-11-23,35.0940114800,34.8852179800,35.4447845600,34.8768662400,44962046,1891828116.8400,0.415100,-0.476500
2022-11-24,35.2526945400,34.9102732000,35.3946741200,34.8017005800,24907646,1045792694.6200,0.229900,0.071800
2022-11-25,34.8935697200,35.7036885000,35.8707233000,34.8685145000,59795984,2548257668.2800,0.552000,2.272700
2022-11-28,34.7682936200,34.5845553400,34.9436801600,34.2337822600,51031527,2109183792.2200,0.471100,-3.134500
2022-11-29,35.3445636800,37.3990917200,37.4993126000,35.3445636800,175320480,7711820166.7100,1.618400,8.138100
2022-11-30,37.4324986800,37.5410713000,38.5599835800,37.2487604000,116501586,5275015084.0400,1.075500,0.379600
2022-12-01,38.4013005200,37.4408504200,38.6602044600,37.3155743200,85932650,3903629717.5100,0.793300,-0.267000
2022-12-02,37.4324986800,37.2654638800,37.5828300000,36.7476560000,60778715,2706020114.6900,0.561100,-0.468400
2022-12-05,38.0421757000,39.4870267200,39.5120819400,37.8751409000,138043595,6429395575.7500,1.274300,5.961500
2022-12-06,39.4870267200,39.6206545600,39.8210963200,39.0360327600,87827308,4150406717.1600,0.810800,0.338400
2022-12-07,39.6206545600,39.0026258000,39.6540615200,38.7270183800,83145478,3892709694.5500,0.767500,-1.559900
2022-12-08,38.7353701200,39.3784541000,39.4202128000,38.6685562000,44836406,2105302840.9600,0.413900,0.963600
2022-12-09,39.3116401800,39.7542824000,39.9881311200,39.0026258000,70957885,3366745982.0100,0.655000,0.954400
2022-12-12,39.4202128000,38.5599835800,39.4870267200,38.4848179200,65647053,3059653870.9300,0.606000,-3.004200
2022-12-13,38.8021840400,39.0026258000,39.3283436600,38.6685562000,42366316,1979657202.8600,0.391100,1.147900
2022-12-14,39.3199919200,39.1613088600,39.3450471400,38.5349283600,34697318,1619354234.9800,0.320300,0.406900
2022-12-15,39.0861432000,38.7771288200,39.3283436600,38.2509692000,40402095,1868384990.8100,0.373000,-0.981000
2022-12-16,38.5098731400,39.1696606000,39.2615297400,38.4764661800,42134762,1968605781.4300,0.389000,1.012300
2022-12-19,39.1696606000,38.2259139800,39.4786749800,37.9586583000,50589649,2332626031.8500,0.467000,-2.409400
2022-12-20,38.0505274400,37.5243678200,38.3177831200,37.2320569200,49524516,2234976304.6800,0.457200,-1.835300
2022-12-21,37.6663474000,37.7999752400,38.0839344000,37.5327195600,29789568,1349879759.4200,0.275000,0.734500
2022-12-22,38.4180040000,38.3177831200,38.5683353200,38.1256931000,35346187,1622741420.7300,0.326300,1.369900
2022-12-23,38.0254722200,38.1173413600,38.4263557400,37.8500856800,30647249,1399528669.8000,0.282900,-0.523100
2022-12-26,38.1173413600,37.2988708400,38.3177831200,37.2988708400,40328181,1814152592.9500,0.372300,-2.147200
2022-12-27,37.8083269800,38.0672309200,38.3762453000,37.6078852200,34779327,1583385185.3800,0.321100,2.060000
2022-12-28,37.9419548200,38.6518527200,38.7938323000,37.8333822000,45626696,2106156212.5400,0.421200,1.535800
2022-12-29,38.3762453000,38.2676726800,38.4263557400,37.6746991400,46957620,2138459930.4100,0.433500,-0.993900
2022-12-30,38.4180040000,39.2531780000,39.4202128000,38.4180040000,55300540,2594030159.9000,0.510500,2.575300
2023-01-03,38.9107566600,39.3784541000,39.4703232400,38.4681144400,60230443,2815200403.8500,0.556000,0.319100
2023-01-04,39.5037302000,40.5309942200,40.6145116200,39.5037302000,86949610,4183124625.3300,0.802700,2.926800
2023-01-05,41.0905608000,40.8650638200,41.3411130000,40.5059390000,73704809,3608715198.0200,0.680400,0.824200
2023-01-06,41.3411130000,41.5415547600,41.6167204200,40.9652847000,78034581,3867148878.0800,0.720400,1.655400
2023-01-09,41.7587000000,42.5187083400,42.5521153000,41.5081478000,88185743,4446813320.9200,0.814100,2.352200
2023-01-10,42.5103566000,41.0989125400,42.5187083400,41.0404503600,83794865,4173814429.2300,0.773500,-3.339200
2023-01-11,41.3411130000,42.3433218000,42.5938740000,41.2910025600,96689497,4881812303.7900,0.892600,3.027800
2023-01-12,42.5103566000,42.5187083400,42.6857431400,42.1178248200,60025574,3057087227.8600,0.554100,0.414200
2023-01-13,42.7609088000,43.7213589000,43.7213589000,42.6356327000,89625747,4644412350.3600,0.827400,2.828500
2023-01-16,43.8633384800,43.5042136600,44.6651055200,43.0031092600,122979440,6455990322.7500,1.135300,-0.496700
2023-01-17,43.3956410400,43.0114610000,43.4875101800,42.5938740000,69887253,3592536755.5200,0.645200,-1.132700
2023-01-18,43.0114610000,43.0532197000,43.3204753800,42.7275018400,41960296,2162689505.6100,0.387300,0.097100
2023-01-19,42.9279436000,43.2703649400,43.3204753800,42.7191501000,51046054,2627239788.1400,0.471200,0.504400
2023-01-20,43.5125654000,43.5125654000,43.6294897600,43.0114610000,49706934,2584605516.2600,0.458900,0.559700
2023-01-30,44.7569746600,42.9947575200,44.7653264000,42.9947575200,85757885,4495653729.4200,0.791700,-1.190000
2023-01-31,43.2286062400,42.5771705200,43.6628967200,42.4685979000,61241827,3152658911.1800,0.565300,-0.971300
2023-02-01,43.0532197000,42.8861849000,43.2202545000,42.1011213400,56530105,2882194846.0400,0.521800,0.725800
2023-02-02,43.0949784000,42.4518944200,43.0949784000,42.0927696000,63621734,3228009417.3400,0.587300,-1.012700
2023-02-03,42.1762870000,41.4246304000,42.2180457000,40.8400086000,92731026,4582149777.4800,0.856000,-2.419800
2023-02-06,40.7564912000,40.2219798400,40.8066016400,39.8545032800,92159525,4431728035.6200,0.850800,-2.903200
2023-02-07,40.5059390000,40.6729738000,40.7898981600,40.2553868000,44436330,2159384253.6200,0.410200,1.121300
2023-02-08,40.7147325000,40.5059390000,41.0822090600,40.4057181200,34718961,1690893371.1800,0.320500,-0.410700
2023-02-09,40.5059390000,41.1907816800,41.3828717000,40.4140698600,56490688,2781766992.6200,0.521500,1.690700
2023-02-10,41.3077060400,41.1740782000,41.3828717000,40.9318777400,30917292,1523061150.7600,0.285400,-0.040600
2023-02-13,41.0822090600,41.1323195000,41.1740782000,40.3305524600,45797264,2238401665.2200,0.422800,-0.101400
2023-02-14,41.1740782000,41.6751826000,41.6751826000,41.0655055800,37040170,1835463536.4000,0.341900,1.319800
2023-02-15,41.6250721600,40.8233051200,41.6668308600,40.6813255400,46102667,2259845454.5000,0.425600,-2.044100
2023-02-16,40.9903399200,41.0905608000,41.8004587000,40.9235260000,57689131,2860716311.3100,0.532500,0.654700
2023-02-17,41.0905608000,40.7564912000,41.6167204200,40.6813255400,41751901,2060475453.0500,0.385400,-0.813000
2023-02-20,40.7982499000,41.7169413000,41.7503482600,40.7147325000,66428495,3282290632.6400,0.613200,2.356600
2023-02-21,41.6417756400,41.7670517400,41.8589208800,41.2993543000,42665990,2125602115.6500,0.393900,0.120100
2023-02-22,41.3411130000,41.0738573200,41.7252930400,41.0153951400,44604615,2203189302.4300,0.411800,-1.659700
2023-02-23,40.9235260000,40.9068225200,41.5081478000,40.7648429400,38525359,1892251718.1600,0.355600,-0.406700
2023-02-24,40.8316568600,40.2553868000,40.9318777400,40.1802211400,44654799,2161452475.6700,0.412200,-1.592500
2023-02-27,40.0883520000,39.9213172000,40.4140698600,39.9046137200,46791711,2244410610.8400,0.432000,-0.829900
2023-02-28,40.0967037400,40.2553868000,40.3222007200,39.6791167400,38041710,1823303792.6400,0.351200,0.836800
2023-03-01,40.1050554800,41.7503482600,41.7587000000,40.0967037400,72432311,3581072360.8800,0.668600,3.713700
2023-03-02,41.7336447800,41.9257348000,42.1428800400,41.5248512800,38088855,1909221050.4800,0.351600,0.420100
2023-03-03,42.1595835200,41.9925487200,42.3099148400,41.6334239000,28413325,1427339464.8100,0.262300,0.159400
2023-03-06,41.7587000000,40.5727529200,41.9006795800,40.4641803000,77323721,3780641354.0800,0.713800,-3.381100
2023-03-07,40.5476977000,40.0131863400,41.0905608000,39.8795585000,58730233,2843224085.5500,0.542200,-1.379200
2023-03-08,39.7125237000,39.4452680200,39.7626341400,39.2448262600,52741684,2488962344.7500,0.486900,-1.419300
2023-03-09,39.5705441200,38.9525153600,39.5705441200,38.8105357800,51832490,2426875267.3100,0.478500,-1.249200
2023-03-10,38.4681144400,38.4180040000,38.9608671000,38.4180040000,45709202,2110237421.5200,0.422000,-1.372200
2023-03-13,38.4180040000,38.8355910000,39.0777914600,38.3428383400,39948280,1851804404.8700,0.368800,1.087000
2023-03-14,38.6017422800,37.9670100400,38.6017422800,37.9085478600,49073263,2241541531.1300,0.453000,-2.236600
2023-03-15,38.4430592200,38.3762453000,38.9692188400,38.2342657200,44364320,2047438825.1200,0.409500,1.077900
2023-03-16,37.4993126000,37.7749200200,38.2760244200,37.3740365000,78960922,3568856007.0400,0.728900,-1.566900
2023-03-17,38.2593209400,38.5850388000,39.2197710400,38.2593209400,95019092,4408443468.6500,0.877200,2.144600
2023-03-20,38.4180040000,38.0672309200,38.9024049200,38.0505274400,71924435,3301843809.1300,0.664000,-1.342000
2023-03-21,38.3261348600,38.4263557400,38.7520736000,38.2342657200,44665895,2056710351.7800,0.412300,0.943400
2023-03-22,38.6267975000,38.8355910000,39.0610879800,38.6017422800,55225117,2572426395.5400,0.509800,1.065000
2023-03-23,38.6685562000,39.1529571200,39.1613088600,38.6685562000,55427358,2584644862.0700,0.511700,0.817200
2023-03-24,39.0861432000,38.5850388000,39.0861432000,38.4681144400,43769382,2023789516.0300,0.404100,-1.450500
2023-03-27,38.6351492400,38.4096522600,38.6936114200,38.0004170000,36217267,1658727909.9100,0.334300,-0.454500
2023-03-28,38.4931696600,38.3177831200,38.7353701200,38.1507483200,28332434,1300822901.5000,0.261500,-0.239200
2023-03-29,38.6936114200,37.9336030800,38.9024049200,37.9168996000,40902005,1872693108.9600,0.377600,-1.002600
2023-03-30,38.0087687400,37.9837135200,38.1674518000,37.5327195600,45003047,2035988418.5900,0.415400,0.132100
2023-03-31,38.0839344000,38.0839344000,38.6685562000,37.9001961200,52453993,2401305125.0000,0.484200,0.263900
2023-04-03,38.0421757000,38.1507483200,38.3344866000,37.8250304600,45121453,2056827917.3000,0.416500,0.175400
2023-04-04,38.1423965800,38.0588791800,38.3010796400,37.7749200200,47348640,2156604419.5200,0.437100,-0.240800
2023-04-06,38.0421757000,37.6496439200,38.0421757000,37.6078852200,36162706,1634323042.9800,0.333800,-1.075300
2023-04-07,37.8250304600,38.1089896200,38.2342657200,37.7081061000,32633630,1487335020.8300,0.301300,1.220100
2023-04-10,38.1925070200,38.4681144400,38.6435009800,38.0004170000,52736929,2426394064.2700,0.486800,0.942400
2023-04-11,38.4347074800,38.1340448400,38.6685562000,38.1089896200,54309402,2495273529.1200,0.501300,-0.868400
2023-04-12,38.2509692000,38.0839344000,38.4848179200,37.9586583000,46093797,2107727787.7000,0.425500,-0.131400
2023-04-13,37.8333822000,37.6830508800,37.8918443800,37.4241469400,56947936,2561593685.6400,0.525700,-1.052600
2023-04-14,37.8751409000,37.9920652600,38.3929487800,37.7498648000,42891917,1954054640.3200,0.395900,0.820000
2023-04-17,37.8584374200,39.6540615200,39.6540615200,37.5995334800,103616133,4813786756.7000,0.956500,4.374600
2023-04-18,39.4202128000,40.6061598800,40.9903399200,39.3617506200,131027522,6375510317.0400,1.209600,2.401000
2023-04-19,40.5476977000,40.4224216000,40.8400086000,40.3138489800,49716461,2414735650.7300,0.458900,-0.452500
2023-04-20,40.4307733400,40.7481394600,40.8817673000,40.1885728800,47673429,2314705513.6000,0.440100,0.805800
2023-04-21,40.5894564000,39.0360327600,40.6646220600,38.9441636200,81197565,3837366387.3000,0.749600,-4.201700
2023-04-24,39.1529571200,38.7520736000,39.8795585000,38.5850388000,58748216,2760342071.9700,0.542300,-0.727400
2023-04-25,38.8689979600,38.4931696600,39.3199919200,38.3177831200,61758322,2862045073.1400,0.570100,-0.668100
2023-04-26,38.3010796400,38.2426174600,38.6267975000,38.1340448400,50514702,2320864198.7100,0.466300,-0.650900
2023-04-27,39.2364745200,42.0677143800,42.0677143800,39.0944949400,257064456,12656922047.6300,2.373000,10.002200
2023-04-28,42.2681561400,43.2620132000,43.9719111000,41.9925487200,214950248,11104959198.0000,1.984300,2.839000
2023-05-04,42.4017839800,44.8488438000,45.3917069000,42.2514526600,183764085,9743135594.4100,1.696400,3.668000
2023-05-05,45.0993960000,44.9574164200,45.9345700000,44.4646637600,126410712,6829552783.6800,1.166900,0.242100
2023-05-08,45.0910442600,45.8677560800,46.0013839200,44.6901607400,150405384,8223158231.0000,1.388400,2.024900
2023-05-09,45.8677560800,44.6651055200,46.7697440000,44.5732363800,146158707,7986736175.6000,1.349200,-2.622000
2023-05-10,44.6651055200,43.6879519400,44.9824716400,43.5209171400,105561049,5557565460.6400,0.974500,-2.187700
2023-05-11,44.1807046000,43.7213589000,44.6567537800,43.5626758400,59388396,3128956426.5100,0.548200,0.076500
2023-05-12,43.7046554200,42.8193709800,43.8466350000,42.7358535800,62668147,3238681436.3300,0.578500,-2.063000
2023-05-15,42.8277227200,44.8571955400,44.9908233800,42.4101357200,111375355,5846884590.8500,1.028100,4.759100
2023-05-16,44.8237885800,44.4312568000,44.9490646800,44.0971872000,64496860,3436268825.6800,0.595400,-0.949500
2023-05-17,44.0888354600,43.3538823400,44.1389459000,43.0782749200,64255230,3344510652.2600,0.593200,-2.424800
2023-05-18,43.2620132000,43.2787166800,44.1389459000,43.0365162200,55516636,2891022410.1200,0.512500,-0.173400
2023-05-19,42.7692605400,42.6272809600,43.1784958000,42.4268392000,55423641,2831437767.6300,0.511600,-1.505200
2023-05-22,42.5938740000,42.9446470800,43.3037719000,42.4268392000,49881234,2562556971.7400,0.460500,0.744500
2023-05-23,42.9279436000,41.6751826000,43.1534405800,41.6751826000,68538645,3460781262.6500,0.632700,-2.956000
2023-05-24,41.6417756400,40.4808837800,41.6751826000,40.4224216000,71313356,3491629222.2100,0.658300,-2.865700
2023-05-25,40.4057181200,40.4224216000,40.7147325000,40.0048346000,52552892,2535605262.4600,0.485100,-0.144400
2023-05-26,40.4140698600,40.4558285600,40.8233051200,39.9296689400,40336573,1953764069.0200,0.372400,0.082600
2023-05-29,40.6145116200,40.1217589600,40.7147325000,39.9213172000,48434379,2333255082.4600,0.447100,-0.825800
2023-05-30,40.1301107000,40.0800002600,40.3639594200,39.6039510800,57029059,2728137415.2400,0.526500,-0.104100
2023-05-31,39.8377998000,39.2531780000,39.9129654600,39.2531780000,61068932,2880503904.0900,0.563700,-2.062900
2023-06-01,39.2949367000,39.6290063000,40.0298898200,39.1696606000,51807430,2460498428.8200,0.478300,0.957400
2023-06-02,39.9881311200,41.0070434000,41.0905608000,39.9463724200,83284040,4054040688.9400,0.768800,3.477300
2023-06-05,40.7230842400,40.5142907400,40.8650638200,40.2804420200,46645590,2261940200.9200,0.430600,-1.201600
2023-06-06,40.3723111600,40.7230842400,41.7002378200,40.2971455000,64450197,3172322393.8500,0.595000,0.515400
2023-06-07,41.2575956000,40.9318777400,41.4997960600,40.7314359800,42543624,2093897750.9300,0.392700,0.512700
2023-06-08,40.8567120800,41.4830925800,41.7252930400,40.6562703200,57228383,2830351412.3000,0.528300,1.346700
2023-06-09,41.4830925800,41.3244095200,41.7169413000,41.2659473400,42804318,2124674673.4900,0.395100,-0.382500
2023-06-12,41.3077060400,41.3995751800,41.7085895600,40.8316568600,47645727,2358494748.1300,0.439800,0.181900
2023-06-13,41.3244095200,41.4496856200,41.5081478000,40.7147325000,44002891,2170452732.2000,0.406200,0.121000
2023-06-14,41.8112416500,41.3636022500,42.1039289500,41.2086501500,55366411,2677031202.2900,0.511100,-0.207700
2023-06-15,41.5788135000,41.6821149000,42.2674895000,41.2086501500,47343980,2293626704.4900,0.437000,0.770000
2023-06-16,41.9231515000,41.8370670000,42.0436698000,41.4066445000,53414223,2589379832.8900,0.496300,0.371700
2023-06-19,41.7165487000,40.8901375000,41.7337656000,40.7437938500,64216367,3062228886.8100,0.596700,-2.263400
2023-06-20,40.8901375000,40.3650220500,41.1053487500,40.2875460000,61533324,2893024196.6700,0.571700,-1.284200
2023-06-21,40.1239854500,40.1498108000,40.6749262500,40.0120756000,38103052,1785547514.9100,0.354000,-0.533200
2023-06-26,39.8571235000,39.5386108500,39.9173826500,39.3406165000,48535023,2227206703.4200,0.451000,-1.522300
2023-06-27,39.5300024000,39.8571235000,40.1412023500,39.3836587500,48093273,2220104954.6900,0.446900,0.805600
2023-06-28,39.7279967500,40.0637263000,40.0723347500,39.5386108500,35606961,1648840079.2600,0.330800,0.518400
2023-06-29,40.0723347500,39.8571235000,40.2789375500,39.7107798500,26573548,1233566768.4500,0.246900,-0.515700
2023-06-30,39.7710390000,39.9432080000,40.3478051500,39.7624305500,32697104,1522887807.2500,0.303800,0.216000
2023-07-03,39.9776418000,41.4755121000,41.6218557500,39.9259911000,69778059,3323222199.7700,0.648300,3.836200
2023-07-04,41.4841205500,41.2775177500,41.5185543500,41.0623065000,29744073,1424573050.9000,0.276400,-0.477400
2023-07-05,41.2258670500,40.7610107500,41.3119515500,40.7007516000,26406125,1253667348.3800,0.245300,-1.251300
2023-07-06,40.4855403500,40.7179685000,41.4582952000,40.4769319000,40258040,1912826286.9500,0.374100,-0.105600
2023-07-07,40.4597150000,40.6404924500,41.0536980500,40.4424981000,36442103,1723937253.5500,0.338600,-0.190300
2023-07-10,41.0020473500,40.1239854500,41.0536980500,40.0379009500,36816433,1728446565.7700,0.342100,-1.270900
2023-07-11,40.2875460000,40.6318840000,40.8212699000,40.2875460000,26888644,1267580412.3700,0.249800,1.265800
2023-07-12,40.6318840000,40.7093600500,41.2775177500,40.5285826000,35439345,1683737592.0000,0.329300,0.190700
2023-07-13,41.0795234000,41.8542839000,41.9661937500,41.0192642500,64876826,3132588330.3800,0.602800,2.812400
2023-07-14,42.1986219000,41.8715008000,42.2588810500,41.6735064500,36635843,1784466104.3200,0.340400,0.041100
2023-07-17,41.6390726500,41.3636022500,41.7079402500,41.2172586000,30470667,1465498863.4200,0.283100,-1.213000
2023-07-18,41.5615966000,40.9762220000,41.5702050500,40.8557037000,28318272,1348936541.6500,0.263100,-0.936500
2023-07-19,40.7179685000,41.1225656500,41.2000417000,40.7179685000,32111579,1526345245.7200,0.298400,0.357100
2023-07-20,41.2344755000,40.8212699000,41.4927290000,40.7351854000,30137754,1438728105.0300,0.280000,-0.732700
2023-07-21,40.7265769500,40.4338896500,41.1053487500,40.2875460000,44679142,2108640104.4800,0.415100,-0.949000
2023-07-24,40.2875460000,40.1325939000,40.4511065500,40.0292925000,31598004,1475830597.2600,0.293600,-0.745200
2023-07-25,41.0623065000,42.6548697500,42.7667796000,41.0623065000,141327902,6907459692.6400,1.313100,6.284900
2023-07-26,42.3363571000,42.5773937000,42.7323458000,42.1641881000,51544065,2541380228.1800,0.478900,-0.181600
2023-07-27,42.6893035500,42.9389486000,43.5415401000,42.5343514500,70373493,3523202970.2800,0.653900,0.849200
2023-07-28,42.6118275000,44.7036808500,45.0738442000,42.5343514500,127790846,6564761757.3700,1.187400,4.109900
2023-07-31,45.6075681000,45.2804470000,46.2101596000,45.0221935000,127485466,6750702391.3200,1.184500,1.290200
2023-08-01,45.1943625000,44.5401203000,45.6247850000,44.2818668000,67061372,3493879470.9500,0.623100,-1.635000
2023-08-02,44.4196020000,44.2560414500,45.2460132000,43.8428358500,60879817,3136350131.9500,0.565700,-0.637800
2023-08-03,44.2560414500,45.1168864500,45.2804470000,43.9977879500,65494421,3398760968.4200,0.608500,1.945100
2023-08-04,45.8227793500,44.6778555000,46.3565032500,44.6778555000,105165284,5566174314.1600,0.977100,-0.973100
2023-08-07,44.2302161000,44.5056865000,44.5659456500,44.0752640000,43689613,2246940970.1200,0.405900,-0.385400
2023-08-08,44.3076921500,44.1269147000,44.4970780500,43.4382387000,52326342,2671294849.6400,0.486200,-0.851100
2023-08-09,43.9719626000,44.1269147000,44.4023851000,43.8600527500,37285264,1911450575.7800,0.346400,0.000000
2023-08-10,43.9461372500,44.2129992000,44.3076921500,43.7997936000,29926322,1531979640.9000,0.278100,0.195100
2023-08-11,44.1613485000,42.4999176500,44.2560414500,42.4827007500,74892093,3751696962.8500,0.695900,-3.874600
2023-08-14,41.5788135000,41.7768078500,42.0264529000,41.5615966000,60472146,2935327039.0900,0.561900,-1.701400
2023-08-15,41.7681994000,41.9059346000,42.2502726000,41.3377769000,52183684,2535572143.0200,0.484900,0.309100
2023-08-16,41.5960304000,41.6218557500,42.1297543000,41.4324698500,47660376,2306795547.9300,0.442800,-0.677900
2023-08-17,41.3291684500,41.2430839500,41.4755121000,40.7437938500,59827368,2853723205.7100,0.555900,-0.910000
2023-08-18,41.2344755000,40.9073544000,42.1814050000,40.9073544000,63666255,3066293939.6700,0.591500,-0.814000
2023-08-21,40.8040530000,40.1756361500,40.8815290500,40.1756361500,62808090,2950143136.0500,0.583600,-1.788700
2023-08-22,40.3736305000,40.4597150000,40.7179685000,40.0034671500,51849548,2430766794.5200,0.481800,0.707100
2023-08-23,40.2186784000,39.9948587000,40.5457995000,39.9345995500,47623949,2224411613.9300,0.442500,-1.148900
2023-08-24,40.0551178500,40.0292925000,40.4683234500,39.7624305500,41863720,1949333013.8800,0.389000,0.086100
2023-08-25,39.8657319500,40.4683234500,40.7868361000,39.8140812500,41763549,1953754067.7000,0.388000,1.096800
2023-08-28,43.4726725000,41.4152529500,43.4984978500,41.1311741000,109010819,5323339312.0400,1.012900,2.339900
2023-08-29,41.3549938000,41.8026332000,42.1555796500,41.2258670500,57380614,2780674848.5500,0.533100,0.935400
2023-08-30,42.0781036000,41.5357712500,42.1727965500,41.2344755000,60012297,2904476280.2200,0.557600,-0.638400
2023-08-31,41.8628923500,42.0006275500,42.6548697500,41.7595909500,63953783,3135187118.7000,0.594200,1.119200
2023-09-01,42.4827007500,43.1283345000,43.4726725000,42.4052247000,85575649,4287440106.1600,0.795100,2.685000
2023-09-04,43.4296302500,44.2904752500,44.6778555000,43.4210218000,92193109,4732753256.6700,0.856600,2.694600
2023-09-05,44.0752640000,43.2144190000,44.0752640000,43.1541598500,50624376,2555382801.9800,0.470400,-2.429500
2023-09-06,43.0422500000,43.9289203500,44.0666555500,42.9389486000,51436224,2604588523.3300,0.477900,1.653400
2023-09-07,43.6534499500,43.2316359000,43.7997936000,43.1799852000,40329071,2033442988.3200,0.374700,-1.587300
2023-09-08,43.0680753500,43.1455514000,43.4296302500,42.8700810000,27366737,1370400982.2500,0.254300,-0.199100
2023-09-11,43.3693711000,43.3521542000,43.7051006500,42.9131232500,49151466,2471560949.5900,0.456700,0.478900
2023-09-12,43.1283345000,42.9992077500,43.1713767500,42.6032190500,36114393,1801339429.0300,0.335600,-0.814100
2023-09-13,43.1627683000,42.6118275000,43.2316359000,42.3707909000,43398924,2152354986.0100,0.403200,-0.900900
2023-09-14,42.7323458000,42.3449655500,42.8700810000,42.1727965500,39131218,1929515958.1800,0.363600,-0.626300
2023-09-15,42.6032190500,42.3535740000,43.1455514000,42.1814050000,55753191,2760877161.3100,0.518000,0.020300
2023-09-18,42.1125374000,42.4396585000,42.5946106000,41.9231515000,29526746,1452498883.3800,0.274300,0.203300
2023-09-19,42.4224416000,42.4224416000,42.4827007500,42.1986219000,26652448,1311117789.8800,0.247600,-0.040600
2023-09-20,42.4052247000,42.0867120500,42.4052247000,41.8198501000,32873261,1605058394.2800,0.305400,-0.791400
2023-09-21,41.9231515000,41.7423740500,42.0608867000,41.6390726500,33547988,1629890838.5900,0.311700,-0.818200
2023-09-22,41.7509825000,43.3263288500,43.3263288500,41.6390726500,66300617,3282334329.9000,0.616000,3.794600
2023-09-25,43.0508584500,42.2330557000,43.1283345000,42.2072303500,49975869,2465962385.2500,0.464300,-2.523300
2023-09-26,42.2244472500,41.8026332000,42.4740923000,41.7681994000,40093026,1955893351.9400,0.372500,-1.019200
2023-09-27,41.8370670000,41.8887177000,42.1727965500,41.7509825000,32486342,1582256040.8700,0.301800,0.205900
2023-09-28,42.0350613500,41.5788135000,42.0781036000,41.4496867500,42146617,2042226679.8400,0.391600,-0.739800
2023-10-09,41.3205600000,41.3808191500,41.5529881500,40.9073544000,39401224,1887773034.3600,0.366100,-0.476200
2023-10-10,41.5615966000,40.9762220000,41.7768078500,40.9073544000,33077739,1584290863.8600,0.307300,-0.977700
2023-10-11,41.1914332500,41.0536980500,41.2947346500,40.8987459500,32529671,1552566989.8100,0.302200,0.189100
2023-10-12,42.0694951500,41.6907233500,42.0867120500,41.5013374500,44871017,2176954487.8900,0.416900,1.551700
2023-10-13,41.2086501500,41.2947346500,41.5615966000,41.0364811500,26126959,1254265938.0600,0.242800,-0.949800
2023-10-16,41.1914332500,40.9245713000,41.4324698500,40.8126614500,31900293,1522168840.4200,0.296400,-0.896400
2023-10-17,41.1483910000,41.0450896000,41.3033431000,40.8557037000,27014187,1289169549.2100,0.251000,0.294500
2023-10-18,40.8987459500,40.7954445500,41.1225656500,40.7868361000,32569044,1547535570.2700,0.302600,-0.608200
2023-10-19,40.5544079500,39.6419122500,40.5974502000,39.6074784500,69408534,3224679421.9600,0.644900,-2.827600
2023-10-20,39.2545320000,39.4611348000,39.6763460500,39.2114897500,48177617,2205802926.2900,0.447600,-0.456000
2023-10-23,39.4180925500,39.5472193000,39.7710390000,39.1684475000,38706820,1775040622.5500,0.359600,0.218200
2023-10-24,39.6246953500,39.6849545000,40.0292925000,39.3233996000,43231065,1992106370.6400,0.401700,0.348300
2023-10-25,40.3876365200,39.9748007400,40.4052040000,39.9045308200,37446279,1709171805.1800,0.347900,0.730400
2023-10-26,39.7903422000,40.1416918000,40.2295292000,39.7464235000,28098553,1279980547.6000,0.261100,0.417500
2023-10-27,39.6937210600,39.6849373200,40.0011519600,39.1315617000,61884971,2785588427.1300,0.575000,-1.137900
2023-10-30,39.6937210600,39.7991259400,39.9572332600,39.3599389400,45549795,2055903968.5700,0.423200,0.287700
2023-10-31,39.8957470800,39.9308820400,40.3437178200,39.6849373200,42308883,1926939393.9400,0.393100,0.331100
2023-11-01,40.2207454600,39.6234511400,40.2997991200,39.5443974800,37801226,1709309023.7800,0.351200,-0.769900
2023-11-02,39.7112885400,39.5795324400,40.0450706600,39.5356137400,29224760,1321477077.9700,0.271500,-0.110800
2023-11-03,39.6937210600,39.7376397600,39.7991259400,39.4302088600,38640687,1744002549.0500,0.359000,0.399500
2023-11-06,40.0538544000,40.4579064400,40.5545275800,39.9748007400,56246319,2582604547.2900,0.522600,1.812600
2023-11-07,40.2997991200,39.7903422000,40.3173666000,39.7376397600,52054346,2364701854.6600,0.483700,-1.650000
2023-11-08,39.7903422000,39.2018316200,39.9045308200,39.1315617000,70373392,3162886205.2500,0.653900,-1.479000
2023-11-09,38.6484560000,38.0160267200,38.8241308000,37.6471096400,150454180,6539441759.7600,1.397900,-3.024900
2023-11-10,37.6822446000,37.1991389000,37.6822446000,36.9180592200,104996471,4446008162.1900,0.975600,-2.148800
2023-11-13,37.1552202000,37.2342738600,37.2781925600,36.9444104400,49309112,2085416496.9400,0.458100,0.094500
2023-11-14,37.3748137000,37.4275161400,37.6031909400,37.2342738600,55819964,2377325635.6400,0.518600,0.519000
2023-11-15,37.8754868800,38.0862966400,38.3058901400,37.6646771200,72870581,3155332501.3600,0.677100,1.760200
2023-11-16,37.8842706200,37.6558933800,38.0775129000,37.5680559800,38608889,1658667534.0100,0.358700,-1.130100
2023-11-17,37.4450836200,37.4714348400,37.6119746800,37.1815714200,40472847,1720654033.4500,0.376000,-0.489900
2023-11-20,37.5153535400,37.6910283400,37.8140007000,37.3133275200,32498748,1390487105.1900,0.302000,0.586000
2023-11-21,37.6910283400,37.8315681800,38.2531877000,37.6910283400,43250272,1871504437.9200,0.401900,0.372900
2023-11-22,37.7261633000,37.5329210200,37.8140007000,37.5153535400,24925121,1068361649.6300,0.231600,-0.789400
2023-11-23,37.4977860600,37.8140007000,37.8140007000,37.3396787400,26380342,1128882328.0900,0.245100,0.748900
2023-11-24,37.7700820000,37.4977860600,37.7964332200,37.4450836200,28044927,1200283581.2100,0.260600,-0.836200
2023-11-27,37.4187324000,36.7599519000,37.4538673600,36.5491421400,58546041,2449183476.9100,0.544000,-1.967700
2023-11-28,36.7160332000,36.6018445800,36.9444104400,36.5227909200,37226073,1554714840.4500,0.345900,-0.430100
2023-11-29,36.6018445800,35.7937405000,36.6545470200,35.5741470000,67904702,2771007262.0600,0.630900,-2.207800
2023-11-30,35.7234705800,35.8376592000,36.0748201800,35.6795518800,38857196,1586034771.6400,0.361000,0.122700
2023-12-01,35.7059031000,36.0309014800,36.1714413200,35.3984722000,48696135,1986489504.8600,0.452500,0.539200
2023-12-04,35.8815779000,35.4687421200,36.2504949800,35.4072559400,39986970,1627394427.8000,0.371500,-1.560200
2023-12-05,35.2403648800,34.7221242200,35.2842835800,34.7045567400,50642832,2020199567.7500,0.470500,-2.105000
2023-12-06,34.6957730000,34.7221242200,34.9153665000,34.5113144600,43332396,1713862406.0300,0.402600,0.000000
2023-12-07,34.5728006400,34.5552331600,34.8890152800,34.1511811200,50100389,1967357706.5800,0.465500,-0.480600
2023-12-08,34.4761795000,34.4234770600,34.8099616200,34.4234770600,37891237,1491734068.8800,0.352100,-0.381300
2023-12-11,34.2565860000,34.7836104000,34.8802315400,33.8701014400,55511392,2166289979.3000,0.515800,1.046200
2023-12-12,34.6255030800,34.9505014600,34.9680689400,34.4761795000,35821324,1419146471.3400,0.332800,0.479800
2023-12-13,34.8714478000,34.1599648600,34.8714478000,34.1599648600,41285632,1618686295.1000,0.383600,-2.261900
2023-12-14,34.4586120200,33.9930738000,34.6694217800,33.9842900600,33236772,1297220103.1200,0.308800,-0.488600
2023-12-15,34.3883421000,34.0721274600,34.7484754400,34.0194250200,50791156,1983188835.5400,0.471900,0.232600
2023-12-18,33.7295616000,33.9140201400,34.1248299000,33.6505079400,32998671,1273512227.2200,0.306600,-0.464000
2023-12-19,33.8876689200,34.0018575400,34.2390185200,33.7295616000,33224870,1284615540.1200,0.308700,0.259000
2023-12-20,34.0018575400,33.7734803000,34.1687486000,33.7559128200,29948177,1158590096.4200,0.278300,-0.671700
2023-12-21,33.6065892400,34.0809112000,34.2302347800,33.4924006200,42416262,1640116584.0900,0.394100,0.910300
2023-12-22,34.0457762400,34.3444234000,34.5903681200,33.9755063200,42473652,1656449050.1300,0.394600,0.773200
2023-12-25,34.3005047000,34.4146933200,34.5025307200,34.1775323400,20325509,795171657.8200,0.188900,0.204600
2023-12-26,34.4146933200,34.3444234000,34.4146933200,34.0984786800,19914583,776002047.4800,0.185000,-0.204200
2023-12-27,34.3444234000,34.2565860000,34.3971258400,33.9755063200,29593783,1150904275.0700,0.275000,-0.255800
2023-12-28,34.2565860000,35.3633372400,35.4423909000,34.1248299000,60952573,2429611849.7900,0.566300,3.230800
2023-12-29,35.1876624400,35.3984722000,35.5214445600,35.1788787000,34107753,1372848495.5600,0.316900,0.099400
2024-01-02,35.3984722000,34.6694217800,35.4072559400,34.6606380400,43759204,1740486365.3200,0.406600,-2.059600
2024-01-03,34.6694217800,34.6079356000,34.8363128400,34.4234770600,36382151,1432855498.6300,0.338000,-0.177300
2024-01-04,34.5728006400,34.1687486000,34.7660429200,33.9579388400,46739190,1819793956.9600,0.434300,-1.269000
2024-01-05,34.1248299000,34.2302347800,34.7660429200,33.9755063200,49920187,1955115159.5400,0.463800,0.179900
2024-01-08,34.2302347800,33.7734803000,34.4059095800,33.5714542800,51473197,1983794142.0000,0.478300,-1.334400
2024-01-09,33.7734803000,33.7119941200,33.8876689200,33.5538868000,37065054,1423188301.1400,0.344400,-0.182100
2024-01-10,33.6329404600,33.2201046800,33.7734803000,33.2201046800,44130380,1677706637.6000,0.410000,-1.459100
2024-01-11,33.2025372000,33.7559128200,33.9579388400,33.0444298800,38157129,1457906650.7700,0.354500,1.612900
2024-01-12,33.5451030600,33.4045632200,33.8525339600,33.4045632200,30300054,1158392102.6100,0.281500,-1.040900
2024-01-15,33.2640233800,33.5275355800,33.8086152600,33.1146998000,32702181,1244858223.3300,0.303800,0.368100
2024-01-16,33.4133469600,33.9930738000,34.0457762400,33.3255095600,54496285,2095337501.2500,0.506300,1.388500
2024-01-17,33.7822640400,33.3869957400,33.8613177000,33.3869957400,56122897,2148072059.8300,0.521500,-1.782900
2024-01-18,33.1586185000,34.2478022600,34.2829372200,33.0619973600,86154364,3289028900.7300,0.800500,2.578300
2024-01-19,34.0809112000,34.4322608000,34.5552331600,33.8613177000,63974391,2493579882.1900,0.594400,0.538600
2024-01-22,34.3180721800,34.6782055200,35.0734738200,34.2302347800,96109863,3800265430.8600,0.893000,0.714300
2024-01-23,34.4322608000,34.5728006400,34.8802315400,33.9930738000,60172097,2363927977.2900,0.559100,-0.304000
2024-01-24,34.8363128400,35.2842835800,35.3984722000,34.3268559200,76115099,3023883703.2000,0.707200,2.057900
2024-01-25,35.2667161000,36.1450901000,36.4613047400,35.1349600000,98658100,4022141715.2500,0.916700,2.439600
2024-01-26,36.0572527000,36.2329275000,36.3119811600,35.7059031000,78592524,3225824129.2300,0.730200,0.243000
2024-01-29,36.2417112400,35.9957665200,36.6194120600,35.9430640800,62078477,2560232020.1200,0.576800,-0.654500
2024-01-30,35.6619844000,35.3018510600,35.9342803400,35.2842835800,57063998,2308550032.8600,0.530200,-1.927800
2024-01-31,35.2667161000,35.5829307400,35.8815779000,35.1261762600,55701366,2253897731.1100,0.517500,0.796200
2024-02-01,35.2403648800,35.3984722000,35.6883356200,35.0734738200,49092479,1980485848.9400,0.456100,-0.518400
2024-02-02,35.3984722000,35.2227974000,35.6180657000,34.2565860000,69077347,2771398286.3100,0.641800,-0.496300
2024-02-05,35.1349600000,35.7322543200,36.0045502600,34.8538803200,80614793,3247211014.4100,0.749000,1.446400
2024-02-06,35.7234705800,36.5052234400,36.6106283200,35.4599583800,82383496,3381216758.7000,0.765500,2.163200
2024-02-07,36.6194120600,37.2254901200,37.2430576000,36.3207649000,91615404,3833614844.2800,0.851200,1.973100
2024-02-08,37.3484624800,37.5768397200,37.7261633000,37.0234641000,76874651,3274133648.9100,0.714300,0.943800
2024-02-19,37.7612982600,37.5329210200,37.8403519200,37.3484624800,54413427,2324847504.0700,0.505600,-0.116900
2024-02-20,37.4626511000,37.1991389000,37.4802185800,36.9795454000,46935509,1989976125.0500,0.436100,-0.889300
2024-02-21,37.0498153200,38.2883226600,38.9119682000,36.9092754800,111249194,4827664819.2600,1.033700,2.928000
2024-02-22,38.0862966400,38.3849438000,38.4200787600,37.9545405400,51745219,2252345679.8900,0.480800,0.252400
2024-02-23,38.3673763200,38.7099421800,39.0437243000,38.2971064000,64421676,2843810762.7500,0.598600,0.846700
2024-02-26,38.5606186000,37.7261633000,38.5694023400,37.6822446000,61619568,2667499279.4900,0.572500,-2.541400
2024-02-27,37.6119746800,37.8754868800,37.9018381000,37.5065698000,42901252,1840668677.6100,0.398600,0.395800
2024-02-28,37.9369730600,37.4626511000,38.0160267200,37.4626511000,53576359,2298186002.0700,0.497800,-1.090000
2024-02-29,37.3484624800,37.6822446000,37.8315681800,37.3308950000,45509167,1948642485.4400,0.422800,0.586200
2024-03-01,37.5944072000,37.7612982600,37.8491356600,37.3484624800,44577376,1908395624.0100,0.414200,0.209800
2024-03-04,37.5329210200,37.1903551600,37.6119746800,37.0673828000,54504680,2311470911.3000,0.506400,-1.512000
2024-03-05,37.0234641000,37.6031909400,37.6646771200,36.9356267000,62343723,2650564784.4600,0.579300,1.110100
2024-03-06,37.5856234600,37.3308950000,37.6910283400,37.2957600400,34276283,1461294746.3500,0.318500,-0.724100
2024-03-07,37.5680559800,37.8227844400,38.1741340400,37.5329210200,64896213,2796783750.6700,0.603000,1.317600
2024-03-08,37.6558933800,37.6646771200,37.9457568000,37.3748137000,37249362,1595770014.2600,0.346100,-0.418000
2024-03-11,37.5768397200,37.9106218400,38.0160267200,37.5417047600,43597274,1877454174.2200,0.405100,0.653000
2024-03-12,37.9194055800,38.4815649400,38.5430511200,37.6646771200,67920636,2952502139.2300,0.631100,1.506000
2024-03-13,38.4112950200,37.4450836200,38.4376462400,37.3923811800,70121585,3008059272.0900,0.651500,-2.693400
2024-03-14,37.2167063800,37.2869763000,37.6734608600,37.1552202000,36088956,1535653343.0400,0.335300,-0.422200
2024-03-15,37.3396787400,37.3133275200,37.4538673600,36.9092754800,39867511,1687264408.9400,0.370400,0.070700
2024-03-18,37.1991389000,37.3835974400,37.4714348400,36.9531941800,41626271,1764489757.4800,0.386800,0.188300
2024-03-19,37.2430576000,36.7423844200,37.2430576000,36.7160332000,48601533,2045765039.3800,0.451600,-1.715200
2024-03-20,36.6721145000,36.8214380800,36.9356267000,36.6106283200,28361668,1187979289.1200,0.263500,0.215200
2024-03-21,36.9707616600,36.9180592200,37.2694088200,36.7248169400,41497624,1745351698.6800,0.385600,0.262400
2024-03-22,36.0396852200,35.6268494400,36.1275226200,35.3545535000,112550368,4569953332.7700,1.045700,-3.497500
2024-03-25,35.5302283000,35.5214445600,35.9079291200,35.4423909000,43760130,1775455395.8100,0.406600,-0.295900
2024-03-26,35.5214445600,35.9254966000,35.9694153000,35.5214445600,40299063,1640298639.5400,0.374400,1.137500
2024-03-27,35.8200917200,35.7059031000,35.9957665200,35.7059031000,34619025,1411539594.3300,0.321700,-0.611200
2024-03-28,35.6619844000,35.7410380600,36.2417112400,35.5302283000,43233995,1764795886.2900,0.401700,0.098400
2024-03-29,35.8200917200,35.8464429400,36.2241437600,35.7410380600,33512184,1370420386.5800,0.311400,0.294900
2024-04-01,35.9694153000,36.2329275000,36.2329275000,35.9254966000,38706274,1592229351.6900,0.359600,1.078200
2024-04-02,36.1802250600,36.0133340000,36.4173860400,35.9342803400,39996585,1644606101.7200,0.371600,-0.606100
2024-04-03,35.9254966000,35.5741470000,36.0572527000,35.5741470000,46364011,1886029049.2600,0.430800,-1.219500
2024-04-08,35.3809047200,35.3282022800,35.5126608200,35.0295551200,43590246,1752003234.9000,0.405000,-0.691400
2024-04-09,35.3721209800,35.2315811400,35.5565795200,35.2227974000,29392411,1183293256.8900,0.273100,-0.273500
2024-04-10,35.1261762600,34.4322608000,35.1964461800,34.3444234000,66754496,2638684982.9800,0.620200,-2.268800
2024-04-11,34.2829372200,34.2126673000,34.3795583600,33.9140201400,44321365,1724750105.0800,0.411800,-0.637800
2024-04-12,34.0809112000,33.1849697200,34.2478022600,33.0883485800,91894711,3503437973.0800,0.853800,-3.003900
2024-04-15,33.1849697200,33.6944266400,33.8173990000,33.0971323200,77160909,2953703722.4400,0.716900,1.535200
2024-04-16,33.6944266400,33.6241567200,34.0721274600,33.4484819200,62674707,2408876665.2500,0.582300,-0.208600
2024-04-17,33.6153729800,34.2126673000,34.2741534800,33.3869957400,59458529,2294242964.7400,0.552500,1.750300
2024-04-18,34.1687486000,34.8714478000,35.3984722000,34.0896949400,84608897,3365907681.4200,0.786100,1.925500
2024-04-19,34.6694217800,34.6255030800,34.9417177200,34.4322608000,36839491,1454378302.4400,0.342300,-0.705300
2024-04-22,34.6869892600,34.9856364200,35.2140136600,34.6869892600,39122784,1559348108.9900,0.363500,1.040100
2024-04-23,34.9768526800,35.0383388600,35.2227974000,34.7923941400,34265310,1367522866.1800,0.318400,0.150600
2024-04-24,35.4775258600,35.6619844000,35.7498218000,35.2315811400,54996437,2226040004.9900,0.511000,1.779900
2024-04-25,35.5917144800,36.0660364400,36.2592787200,35.3984722000,58217790,2379394080.7800,0.540900,1.133000
2024-04-26,36.0045502600,36.4788722200,36.6984657200,35.8464429400,69427606,2866574032.8300,0.645100,1.144700
2024-04-29,36.4525210000,36.9619779200,37.6646771200,36.3734673400,87545482,3696991239.7000,0.813400,1.324300
2024-04-30,36.9619779200,36.3295486400,37.0322478400,36.2944136800,51819014,2157456541.3300,0.481500,-1.711000
2024-05-06,37.9018381000,37.3221112600,38.0160267200,37.2167063800,106274704,4554760126.5700,0.987400,2.732100
2024-05-07,37.3308950000,37.4099486600,37.5856234600,37.0585990600,52815226,2249302992.5800,0.490700,0.235300
2024-05-08,37.2869763000,36.8477893000,37.5065698000,36.7863031200,44733513,1888701756.0400,0.415600,-1.502700
2024-05-09,36.7775193800,37.1903551600,37.4011649200,36.7687356400,41354149,1749774912.0800,0.384200,0.929700
2024-05-10,37.4187324000,37.7085958200,37.9281893200,37.3484624800,67767018,2906706220.3700,0.629600,1.393500
2024-05-13,37.3396787400,37.4626511000,37.6734608600,37.0410315800,49348084,2098243663.8300,0.458500,-0.652200
2024-05-14,37.4626511000,37.1640039400,37.5944072000,37.0234641000,39651152,1679884655.9400,0.368400,-0.797200
2024-05-15,37.1376527200,36.7511681600,37.1552202000,36.5930608400,39911880,1673203919.1700,0.370800,-1.110800
2024-05-16,37.0673828000,37.8140007000,38.1126478600,36.8565730400,93478227,4003945956.1800,0.868500,2.892000
2024-05-17,38.2971064000,39.7025048000,39.7025048000,38.1653503000,189457995,8380485072.8100,1.760300,4.994200
2024-05-20,40.1416918000,39.9308820400,40.4666901800,39.3775064200,147945253,6725122982.1300,1.374600,0.575200
2024-05-21,39.5970999200,39.8781796000,40.0011519600,39.5443974800,55109616,2495802387.9200,0.512000,-0.132000
2024-05-22,39.7903422000,39.8781796000,40.4491227000,39.6585861000,75133666,3432737425.7100,0.698100,0.000000
2024-05-23,39.4565600800,39.3335877200,39.6761535800,39.1052104800,63592313,2847873001.0300,0.590900,-1.365600
2024-05-24,39.1315617000,38.5518348600,39.3511552000,38.5254836400,54128575,2397751034.4900,0.502900,-1.987500
2024-05-27,38.6484560000,38.7362934000,38.9910218600,38.5430511200,41274221,1820441915.1700,0.383500,0.478500
2024-05-28,38.7889958400,38.4376462400,38.9558869000,38.3146738800,42192179,1853750116.1100,0.392000,-0.771000
2024-05-29,38.2883226600,38.1829177800,38.7626446200,38.0862966400,43942250,1921502308.3700,0.408300,-0.662700
2024-05-30,38.0423779400,37.9018381000,38.3498088400,37.6822446000,39395493,1702193305.0500,0.366000,-0.736100
2024-05-31,38.1214316000,37.8315681800,38.7362934000,37.8227844400,48249218,2100267340.7100,0.448300,-0.185400
2024-06-03,37.7612982600,37.8842706200,38.1741340400,37.4275161400,44651840,1922692312.4300,0.414900,0.139300
2024-06-04,37.8403519200,38.0072429800,38.2180527400,37.7788657400,39817760,1723254938.5500,0.370000,0.324600
2024-06-05,37.9984592400,37.8403519200,38.0160267200,37.7173795600,36188007,1559233049.6500,0.336200,-0.439100
2024-06-06,37.9457568000,37.2869763000,38.0599454200,37.2167063800,54262089,2313057245.1200,0.504200,-1.462400
2024-06-07,37.4187324000,36.9971128800,37.5768397200,36.8917080000,42139379,1781350640.1700,0.391500,-0.777400
2024-06-11,36.8126543400,36.7423844200,37.0585990600,36.5403584000,42236279,1767535002.9800,0.392400,-0.688500
2024-06-12,36.7423844200,36.3646836000,36.8038706000,36.3295486400,39834017,1653283609.3600,0.370100,-1.028000
2024-06-13,36.5227909200,36.2768462000,36.5930608400,36.1802250600,32042801,1323757553.9600,0.297700,-0.241500
2024-06-14,36.1802250600,36.7775193800,37.0585990600,36.1538738400,63562438,2651178961.9300,0.590600,1.380100
2024-06-17,36.5403584000,36.5227909200,36.7423844200,36.3471161200,38472747,1600335662.5800,0.357500,-0.692600
2024-06-18,36.6281958000,36.6545470200,36.9356267000,36.5140071800,35345219,1476476517.6400,0.328400,0.360800
2024-06-19,36.6633307600,36.8917080000,37.0585990600,36.5491421400,41063957,1721419835.2100,0.381500,0.647000
2024-06-20,36.8829242600,36.4613047400,36.9531941800,36.4613047400,36478992,1525392591.0400,0.338900,-1.166700
2024-06-21,36.4437372600,36.6018445800,36.7336006800,36.2944136800,38505452,1600502330.3100,0.357800,0.385400
2024-06-24,36.4788722200,36.7160332000,36.9356267000,36.2065762800,44592791,1856756643.5700,0.414300,0.312000
2024-06-25,36.7072494600,36.4964397000,36.9971128800,36.3998185600,38283591,1598362559.0900,0.355700,-0.598100
2024-06-26,36.4349535200,36.5842771000,36.7336006800,36.2680624600,26506064,1100552480.6300,0.246300,0.240700
2024-06-27,36.4613047400,36.3822510800,36.5754933600,36.2329275000,36797498,1525115714.9100,0.341900,-0.552200
2024-06-28,36.3207649000,36.3295486400,36.8038706000,36.2417112400,39934516,1661152477.7900,0.371000,-0.144900
2024-07-01,36.3734673400,36.5579258800,36.6018445800,35.6971193600,47419754,1949715776.5200,0.440600,0.628600
2024-07-02,36.3734673400,37.0410315800,37.5504885000,36.3646836000,56885747,2404908550.7300,0.528500,1.321500
2024-07-03,37.0498153200,37.1288689800,37.2694088200,36.8126543400,29574788,1248330594.7500,0.274800,0.237100
2024-07-04,37.1200852400,36.8741405200,37.3835974400,36.8565730400,32485145,1369924728.9700,0.301800,-0.686100
2024-07-05,36.8477893000,36.1187388800,37.1200852400,35.9957665200,52671766,2180477666.2900,0.489400,-2.048600
2024-07-08,35.9254966000,35.8727941600,36.3295486400,35.7322543200,33954844,1388961718.8800,0.315500,-0.680900
2024-07-09,35.8640104200,36.4700884800,36.5315746600,35.5390120400,38140275,1565430221.5900,0.354400,1.665000
2024-07-10,36.0748201800,36.7687356400,36.8302218200,36.0748201800,36127314,1507496306.7000,0.335700,0.818900
2024-07-11,37.1288689800,36.8390055600,37.3221112600,36.8126543400,37556984,1582861429.2200,0.349000,0.191100
2024-07-12,36.8917080000,37.4890023200,37.6471096400,36.8917080000,49569726,2110496360.6600,0.460600,1.764400
2024-07-15,37.4187324000,37.3572462200,37.7525145200,37.3133275200,35484792,1513495679.1500,0.329700,-0.351500
2024-07-16,36.8917080000,36.1802250600,36.9883291400,35.7322543200,93998504,3870524306.9400,0.873400,-3.150700
2024-07-17,36.2329275000,37.1464364600,37.2606250800,36.2329275000,77840627,3268159910.8800,0.723200,2.670600
2024-07-18,37.0585990600,37.2167063800,37.4538673600,36.8565730400,51362418,2175992699.2000,0.477200,0.189200
2024-07-19,37.2167063800,37.7964332200,37.9018381000,37.0673828000,61077539,2610070264.8100,0.567500,1.557700
2024-07-22,37.8579194000,37.7700820000,37.9633242800,37.4538673600,44056204,1890312952.5600,0.409300,-0.069700
2024-07-23,37.7349470400,37.5856234600,37.9721080200,37.5768397200,45978967,1978447934.5600,0.427200,-0.488400
2024-07-24,37.5944072000,37.3835974400,37.7964332200,37.1991389000,38609543,1644933089.8100,0.358700,-0.537500
2024-07-25,37.3221112600,37.3923811800,37.6119746800,37.0937340200,44047429,1874557285.1100,0.409300,0.023500
2024-07-26,37.4561291000,37.4015150600,37.9567578000,37.0920355000,51037796,2099407783.5700,0.474200,0.024300
2024-07-29,37.3924127200,37.6108688800,37.8930414200,37.3286963400,30564969,1264082989.5400,0.284000,0.559700
2024-07-30,37.5744595200,37.6199712200,37.7291993000,37.3742080400,29692239,1224450780.9600,0.275900,0.024200
2024-07-31,37.6290735600,38.7395590400,38.7759684000,37.5471525000,58087783,2450880159.9600,0.539700,2.976000
2024-08-01,38.6121262800,38.6940473400,39.0035269000,38.4664888400,32514038,1383461986.9700,0.302100,-0.117500
2024-08-02,38.4391818200,38.0659858800,38.6030239400,37.9567578000,33137257,1392534223.8600,0.307900,-1.623100
2024-08-05,37.9567578000,38.2298280000,38.7213543600,37.9476554600,43050914,1813319978.5400,0.400000,0.430400
2024-08-06,38.5666145800,37.2285706000,38.6667403200,36.9919097600,63434323,2614553598.4800,0.589400,-2.619000
2024-08-07,37.2467752800,37.0465238000,37.4197197400,37.0283191200,29978095,1225524961.3000,0.278500,-0.489000
2024-08-08,37.0920355000,37.1557518800,37.4561291000,36.7825559400,23643241,964682590.7600,0.219700,0.294800
2024-08-09,37.3104916600,36.9646027400,37.5380501600,36.9646027400,26178496,1069136978.6800,0.243200,-0.514500
2024-08-12,36.8917840200,36.9737050800,37.0738308200,36.6915325400,15219904,617325021.7900,0.141400,0.024600
2024-08-13,36.9737050800,37.1193425200,37.1466495400,36.8735793400,16650599,677002645.7400,0.154700,0.393900
2024-08-14,37.1466495400,36.8553746600,37.2649799600,36.8553746600,20650428,838935305.8600,0.191900,-0.711100
2024-08-15,36.8735793400,37.6108688800,37.9294507800,36.6096114800,53416705,2202784576.0200,0.496300,2.049900
2024-08-16,37.6108688800,37.8748367400,38.0022695000,37.5471525000,26957357,1119345318.4700,0.250500,0.701800
2024-08-19,37.8748367400,38.2935443800,38.3845677800,37.8566320600,28791203,1209599525.5200,0.267500,1.105500
2024-08-20,38.3663631000,38.1570092800,38.3845677800,37.9567578000,29376286,1230963340.5100,0.272900,-0.356500
2024-08-21,38.2116233200,38.2025209800,38.3026467200,37.6927899400,23617412,989256296.7500,0.219400,0.119300
2024-08-22,38.1934186400,37.9658601400,38.4573865000,37.9021437600,30497656,1275507521.7200,0.283400,-0.619500
2024-08-23,38.2662373600,39.4586439000,39.5587696400,38.1661116200,99423443,4271882125.8700,0.923800,3.931900
2024-08-26,39.5587696400,39.4586439000,39.7226117600,39.1855737000,47580560,2059591116.3100,0.442100,0.000000
2024-08-27,39.3949275200,39.2765971000,39.6406907000,39.1036526400,33964677,1467947188.7800,0.315600,-0.461400
2024-08-28,39.3585181600,39.3130064600,39.4859509200,39.0763456200,34839474,1502990666.4400,0.323700,0.092700
2024-08-29,39.3039041200,38.7941730800,39.6497930400,38.6485356400,47694548,2045077628.8300,0.443100,-1.319700
2024-08-30,38.8760941400,40.0776030200,40.5327200200,38.8760941400,110000601,4830979921.4900,1.022100,3.308300
2024-09-02,39.9410679200,39.5496673000,40.2050357800,39.5496673000,51317124,2243546045.2700,0.476800,-1.317300
2024-09-03,39.6953047400,39.3312111400,39.7044070800,39.2128807200,36821975,1593821144.0300,0.342100,-0.552400
2024-09-04,39.3403134800,38.8123777600,39.7226117600,38.6394333000,40994906,1759519238.6900,0.380900,-1.319100
2024-09-05,38.8032754200,39.5223602800,39.6042813400,38.7850707400,46651108,2014905549.2700,0.433500,1.829300
2024-09-06,39.5223602800,39.3676205000,40.0320913200,39.2856994400,39025775,1699389016.9500,0.362600,-0.391500
2024-09-09,39.2128807200,38.8487871200,39.3676205000,38.7304567000,40172454,1720343645.6700,0.373300,-1.317900
2024-09-10,38.9125035000,38.8305824400,39.1855737000,38.4937958600,29365589,1251507268.8800,0.272800,-0.046900
2024-09-11,38.8123777600,38.7031496800,39.0672432800,38.5666145800,27407424,1167516314.9900,0.254700,-0.328200
2024-09-12,38.8942988200,38.7759684000,38.9307081800,38.0659858800,41083853,1739432818.7500,0.381700,0.188100
2024-09-13,38.7395590400,39.0399362600,39.5041556000,38.6849450000,34439648,1484769941.3500,0.320000,0.680800
2024-09-18,39.1400620000,39.7772258000,39.8591468600,39.0763456200,43263824,1883001068.2400,0.402000,1.888600
2024-09-19,39.7954304800,40.0776030200,40.1413194000,39.4313368800,46650032,2046412473.0100,0.433400,0.755100
2024-09-20,40.0320913200,40.1868311000,40.3142638600,39.8136351600,53292373,2347055960.5500,0.495200,0.272500
2024-09-23,40.1686264200,40.1322170600,40.4143896000,39.9228632400,29524048,1302373908.5800,0.274300,-0.135900
2024-09-24,40.5964364000,42.3258810000,42.3258810000,40.4781059800,120899198,5518430623.2400,1.123300,5.466100
2024-09-25,43.3271384000,43.1086822400,43.8732788000,43.0085565000,138298492,6594953850.7700,1.285000,1.849500
2024-09-26,43.3180360600,45.8939982800,45.9122029600,42.9630448000,163765259,8023977091.6500,1.521600,6.461100
2024-09-27,47.2411446000,47.2411446000,47.4778054400,46.1488638000,139487740,7197182303.7600,1.296000,2.935300
2024-09-30,49.5895483200,51.9652590600,51.9652590600,49.5167296000,262125405,14733344152.8000,2.435500,10.000000
2024-10-08,57.1626952000,56.1887448200,57.1626952000,53.7948294000,396104253,24440888194.8000,3.680400,8.127500
2024-10-09,54.6140400000,50.7000338000,54.6140400000,50.6545221000,285509557,16431475144.1100,2.652800,-9.768300
2024-10-10,51.5465514200,53.2486890000,55.1510780600,51.2552765400,222672969,12981664827.1800,2.068900,5.026900
2024-10-11,52.6115252000,52.3748643600,54.4866072400,51.9106450200,131212381,7645831882.4400,1.219100,-1.641000
2024-10-14,53.1485632600,53.4034287800,53.9222621600,52.3839667000,117773767,6884203094.5700,1.094300,1.963900
2024-10-15,53.3215077200,52.0562824600,53.9586715200,51.9652590600,102790028,5988622376.5300,0.955100,-2.522600
2024-10-16,51.6830865200,52.2292269200,52.6388322200,51.5283467400,85501630,4894961073.6900,0.794400,0.332200
2024-10-17,52.7025486000,51.8833380000,53.5217592000,51.8560309800,78357477,4529673855.1100,0.728000,-0.662300
2024-10-18,51.8833092800,52.9009918800,53.9834361000,50.6528385000,149466236,8417973824.1400,1.388700,1.961500
2024-10-21,53.1045284000,52.6419454000,53.1692900200,51.9758258800,87531258,4966469517.0300,0.813300,-0.489700
2024-10-22,52.5494288000,52.7899719600,53.8446612000,52.3458922800,84601119,4835443519.8700,0.786100,0.281200
2024-10-23,52.9194952000,53.9464294600,54.8623438000,52.6419454000,119192651,6939592003.7800,1.107500,2.190700
2024-10-24,53.5671114000,53.7521446000,54.1037076800,53.3173165800,51273005,2976336248.6000,0.476400,-0.360100
2024-10-25,53.6688796600,53.3820782000,54.1037076800,53.2525549600,53944541,3122695351.9600,0.501200,-0.688500
2024-10-28,53.4560914800,53.1970450000,53.7151379600,52.8084752800,57880987,3325855084.3600,0.537800,-0.346600
2024-10-29,53.1970450000,53.3173165800,54.0852043600,53.1415350400,62010028,3591688617.5200,0.576200,0.226100
2024-10-30,53.1877933400,51.7815410200,53.5763630600,51.5132428800,90747926,5123310916.6100,0.843200,-2.880400
2024-10-31,51.7722893600,51.7352827200,52.5494288000,51.2541964000,75763009,4236922731.5400,0.703900,-0.089300
2024-11-01,51.9480709000,51.9480709000,52.7344620000,51.8092960000,65013925,3676222858.2800,0.604100,0.411300
2024-11-04,51.9665742200,52.7067070200,52.7067070200,51.7445343800,53073970,2993285083.1000,0.493100,1.460400
2024-11-05,52.5679321200,54.3535025000,54.4737740800,52.0683424800,120114422,6976690582.1000,1.116000,3.124500
2024-11-06,54.4830257400,53.1877933400,54.6310523000,52.6882037000,126251828,7311429314.4700,1.173100,-2.144700
2024-11-07,52.7344620000,56.2870994400,56.4351260000,52.6419454000,186426320,11055869272.2500,1.732200,5.827100
2024-11-08,56.6201592000,54.6958139200,56.8884573400,54.5940456600,132299025,7922272847.2600,1.229200,-2.827100
2024-11-11,53.7798995800,54.0296944000,54.1407143200,53.2155483200,91716007,5320862805.1700,0.852200,-1.217900
2024-11-12,54.0296944000,52.7437136600,54.5570390200,52.6234420800,96289275,5557347301.4900,0.894700,-2.380100
2024-11-13,52.4569122000,52.9102435400,53.1970450000,52.3828989200,61824493,3532487702.1700,0.574400,0.315700
2024-11-14,52.9102435400,52.7344620000,53.7428929400,52.6419454000,66323183,3815907812.2000,0.616200,-0.332200
2024-11-15,52.6419454000,51.6242628000,53.1785416800,51.6242628000,78059714,4413936479.8600,0.725300,-2.105300
2024-11-18,51.9018126000,51.5872561600,52.8824885600,51.2356930800,68429646,3851412801.7900,0.635800,-0.071700
2024-11-19,51.8092960000,51.4484812600,51.9203159200,50.9766466000,52819300,2934893273.5300,0.490800,-0.269000
2024-11-20,51.4577329200,51.3097063600,51.6242628000,51.0691632000,46997145,2605295419.5200,0.436700,-0.269700
2024-11-21,51.3374613400,51.3374613400,51.5039912200,50.9951499200,41024489,2269302644.3700,0.381200,0.054100
2024-11-22,51.3189580200,49.0615529800,51.3189580200,49.0337980000,100680813,5439029186.9100,0.935500,-4.433200
2024-11-25,49.0337980000,48.6359766200,49.2650895000,48.2381552400,70269826,3704922204.5900,0.652900,-0.867400
2024-11-26,48.5712150000,49.0800563000,49.2835928200,48.4509434200,40761823,2156122895.2700,0.378700,0.913100
2024-11-27,49.0893079600,49.5426393000,49.5888976000,48.8395131400,44446366,2366194482.9700,0.413000,0.942500
2024-11-28,49.5611426200,49.1910762200,49.9497123400,48.8765197800,42550213,2268917373.3800,0.395400,-0.709600
2024-11-29,49.1725729000,49.2650895000,50.3475337200,49.0708046400,56357055,3018761403.4200,0.523600,0.150500
2024-12-02,49.2188312000,49.9682156600,50.1717521800,49.2003278800,44960590,2420512863.9400,0.417700,1.427200
2024-12-03,49.8201891000,50.3567853800,50.5233152600,49.5426393000,47005763,2544434590.6400,0.436700,0.777600
2024-12-04,50.1254938800,49.8942023800,50.2735204400,49.6906658600,38188736,2059281653.6800,0.354800,-0.918600
2024-12-05,49.6721625400,49.6629108800,50.0052223000,49.4871293400,29588882,1589274038.2600,0.274900,-0.463600
2024-12-06,49.7646791400,50.9951499200,51.5224945400,49.7554274800,78983681,4338822601.6800,0.733900,2.682600
2024-12-09,50.8378717000,50.7268517800,51.1616798000,50.3752887000,51046345,2801288362.2700,0.474300,-0.526100
2024-12-10,52.6419454000,51.4577329200,52.9009918800,51.3467130000,100098350,5649587634.7100,0.930100,1.440800
2024-12-11,51.4484812600,50.7916134000,51.7445343800,50.7731100800,50478424,2790301409.6500,0.469000,-1.294500
2024-12-12,50.8471233600,51.4207262800,51.6705211000,50.6065802000,52633585,2909611957.1100,0.489000,1.238600
2024-12-13,51.0691632000,49.7184208400,51.0784148600,49.6629108800,88709588,4798656728.8200,0.824200,-3.310500
2024-12-16,49.6906658600,49.1448179200,49.9497123400,48.9690363800,65859184,3512263333.8300,0.611900,-1.153700
2024-12-17,48.9412814000,49.0430496600,49.4686260200,48.7932548400,53769372,2853899355.1900,0.499600,-0.207100
2024-12-18,49.3391027800,48.9782880400,49.6629108800,48.9227780800,50446143,2683105293.2600,0.468700,-0.132100
2024-12-19,48.6637316000,48.9320297400,48.9782880400,48.4324401000,40549628,2136614146.6200,0.376800,-0.094400
2024-12-20,48.9320297400,48.6822349200,49.2465861800,48.5897183200,46196543,2437090038.0100,0.429200,-0.510500
2024-12-23,48.6822349200,49.1263146000,49.4778776800,48.6822349200,55550547,2954746191.0800,0.516100,0.912200
2024-12-24,49.1078112800,49.7554274800,49.8016857800,49.0337980000,49560916,2654767330.4200,0.460500,1.280600
2024-12-25,49.7831824600,49.8664474000,50.2457654600,49.5611426200,41739896,2249897990.3500,0.387800,0.223100
2024-12-26,49.8571957400,49.4501227000,49.9034540400,49.3668577600,37922170,2031175519.1500,0.352300,-0.834900
2024-12-27,49.4501227000,49.2835928200,49.7276725000,48.7654998600,53775719,2862446916.8900,0.499700,-0.336800
2024-12-30,49.2373345200,49.8664474000,49.8664474000,49.2280828600,53343783,2865180504.4600,0.495600,1.182700
2024-12-31,49.7646791400,48.7099899000,49.9774673200,48.7099899000,67711790,3607846473.5600,0.629100,-2.319100
2025-01-02,48.7562482000,46.9151678600,48.7840031800,46.6191147400,94857917,4877807223.2500,0.881400,-3.684700
2025-01-03,47.1834660000,46.5358498000,47.2667309400,46.3323132800,55135185,2788346286.5400,0.512300,-0.808500
2025-01-06,46.7671413000,46.5728564400,46.8319029200,46.1010217800,41348951,2077171909.2700,0.384200,0.079500
2025-01-07,46.4340815400,46.4155782200,46.5913597600,46.0825184600,39278717,1967557697.7300,0.365000,-0.337700
2025-01-08,46.4248298800,46.5358498000,46.7948962800,45.8419753000,51038304,2555823166.6400,0.474200,0.259100
2025-01-09,46.4988431600,46.0825184600,46.6376180600,46.0732668000,40082112,2005089617.4700,0.372400,-0.974200
2025-01-10,46.0917701200,45.2868757000,46.3323132800,45.2406174000,52270371,2576373865.9300,0.485700,-1.726600
2025-01-13,44.8520476800,44.9538159400,45.1481008000,44.5004846000,51139315,2474824395.9000,0.475200,-0.735400
2025-01-14,44.9538159400,45.6661937600,45.8697302800,44.8705510000,61577440,3024006483.5100,0.572100,1.584700
2025-01-15,45.5644255000,45.4349022600,45.9437435600,45.2498690600,45802852,2251226874.2500,0.425600,-0.506500
2025-01-16,45.6106838000,45.5644255000,46.0270085000,45.2683723800,41576107,2052212528.8300,0.386300,0.285100
2025-01-17,45.4256506000,45.6846970800,45.8604786200,45.1203458200,46074666,2273441157.2400,0.428100,0.264000
2025-01-20,45.9992535200,46.0825184600,46.5358498000,45.9437435600,49173607,2458746693.9000,0.456900,0.870800
2025-01-21,46.4433332000,46.1657834000,46.6191147400,45.9437435600,40995081,2049216697.8500,0.380900,0.180700
2025-01-22,45.9992535200,45.2868757000,46.1842867200,45.1943591000,53078046,2606595141.9300,0.493200,-1.903800
2025-01-23,46.0917701200,46.6006114200,47.5997907000,46.0547634800,96910455,4910872824.5700,0.900400,2.900900
2025-01-24,46.4248298800,47.0539427600,47.5257774200,46.3508166000,61677886,3140198840.4300,0.573100,0.972800
2025-01-27,47.2112209800,47.0446911000,47.7570689200,47.0076844600,52454748,2681560915.9300,0.487400,-0.019700
2025-02-05,47.1649626800,45.9992535200,47.1834660000,45.9529952200,58307230,2921528574.6800,0.541800,-2.222200
2025-02-06,46.0085051800,46.4895915000,46.7208830000,45.9622468800,41503724,2078321190.8600,0.385600,1.066000
2025-02-07,46.4248298800,47.0724460800,47.5905390400,46.1102734400,72581202,3679372001.3500,0.674400,1.253700
2025-02-10,47.0816977400,47.0909494000,47.5165257600,46.9984328000,43181484,2203839896.2200,0.401200,0.039300
2025-02-11,47.3684992000,46.7393863200,47.4055058400,46.6006114200,38184400,1931993468.3600,0.354800,-0.746600
2025-02-12,46.7393863200,47.2574792800,47.2944859200,46.4248298800,44699378,2261445451.4600,0.415300,1.108500
2025-02-13,47.1094527200,47.2019693200,47.9050954800,47.0076844600,59036332,3019334997.7000,0.548500,-0.117500
2025-02-14,47.1742143400,47.8310822000,47.9791087600,46.9984328000,59977161,3080098769.8400,0.557300,1.332800
2025-02-17,47.9513537800,47.9606054400,48.4601950800,47.5627840600,62571044,3245003133.1900,0.581400,0.270800
2025-02-18,47.8033272200,47.4702674600,48.2751618800,47.3684992000,65008234,3362664790.8100,0.604000,-1.022400
2025-02-19,47.3592475400,47.5997907000,47.9513537800,47.2019693200,46442576,2388611400.6800,0.431500,0.272900
2025-02-20,47.3962541800,46.9799294800,47.4702674600,46.8689095600,51538478,2620444373.8100,0.478900,-1.302200
2025-02-21,47.1742143400,47.3684992000,47.6460490000,46.6838763600,66876093,3415352330.9900,0.621400,0.827100
2025-02-24,47.3684992000,48.1086320000,48.5527116800,47.2297243000,83582274,4341042759.8200,0.776600,1.562500
2025-02-25,47.6460490000,47.1649626800,48.2011486000,47.0446911000,64242944,3298896561.6500,0.596900,-1.961500
2025-02-26,47.2759826000,47.7570689200,47.9050954800,47.2112209800,53657805,2758370361.5000,0.498600,1.255400
2025-02-27,47.9050954800,47.7570689200,47.9235988000,47.2944859200,54724008,2813972256.6600,0.508500,0.000000
2025-02-28,47.5535324000,46.6098630800,47.7848239000,46.6098630800,80526753,4102825271.7600,0.748200,-2.402200
2025-03-03,46.7671413000,46.5636047800,47.0169361200,46.3138099600,42316083,2135730015.3900,0.393200,-0.099200
2025-03-04,46.3323132800,46.3323132800,46.5265981400,46.2583000000,37243163,1867141470.8700,0.346000,-0.496700
2025-03-05,46.4248298800,46.6098630800,46.7671413000,46.2675516600,45507176,2287766875.6500,0.422800,0.599000
2025-03-06,46.9706778200,47.7755722400,48.0438703800,46.7486379800,104582101,5369202398.9400,0.971700,2.501000
2025-03-07,47.7385656000,47.6460490000,47.9606054400,47.4795191200,48147872,2481121736.0000,0.447400,-0.271100
2025-03-10,47.6553006600,47.4147575000,47.7940755600,46.9799294800,61128342,3121852670.2400,0.568000,-0.485400
2025-03-11,46.9151678600,47.6460490000,47.6460490000,46.8133996000,52914740,2702757543.5700,0.491700,0.487800
2025-03-12,47.6460490000,47.3222409000,47.7385656000,47.1927176600,47057801,2410921164.2400,0.437200,-0.679600
2025-03-13,47.3222409000,47.3129892400,47.6923073000,47.1187043800,41144830,2107254551.8400,0.382300,-0.019600
2025-03-14,47.4887707800,49.4686260200,49.8571957400,47.3777508600,150244865,7945017156.2900,1.396000,4.556100
2025-03-17,49.4686260200,49.3853610800,49.6074009200,49.1263146000,60517176,3229662145.1500,0.562300,-0.168300
2025-03-18,49.6814142000,49.7369241600,50.1347455400,49.6259042400,58774002,3164655446.6500,0.546100,0.711900
2025-03-19,49.6629108800,50.0237256200,50.2365138000,49.5611426200,50987421,2751845206.4800,0.473700,0.576600
2025-03-20,50.0052223000,48.5619633400,50.0144739600,48.3214201800,114072346,6007424559.0400,1.059900,-2.922100
2025-03-21,48.4786984000,47.8773405000,48.7192415600,47.8125788800,79571468,4145943295.0500,0.739300,-1.409800
2025-03-24,47.9421021200,48.2289035800,48.3676784800,47.9421021200,50865690,2646991165.9700,0.472600,0.734300
2025-03-25,48.2474069000,48.0716253600,48.3029168600,47.9421021200,34440224,1790739698.8200,0.320000,-0.326100
2025-03-26,48.0901286800,47.8495855200,48.1918969400,47.8495855200,40399461,2094936176.0700,0.375400,-0.461900
2025-03-27,47.8403338600,48.1641419600,48.5249567000,47.6738039800,43216872,2248679010.8300,0.401500,0.657400
2025-03-28,48.2936652000,48.0716253600,48.4509434200,47.9698571000,35366353,1841078405.9800,0.328600,-0.192100
2025-03-31,48.0161154000,47.7663205800,48.3399235000,47.5442807400,46838971,2423816080.0700,0.435200,-0.635100
2025-04-01,47.7385656000,47.7570689200,47.9791087600,47.5627840600,39432057,2035352505.0700,0.366400,-0.019400
2025-04-02,47.7200622800,47.9791087600,48.0716253600,47.6738039800,28327427,1467236071.4900,0.263200,0.464900
2025-04-03,47.5442807400,47.6275456800,48.1086320000,47.5350290800,37334782,1927750539.8900,0.346900,-0.732700
2025-04-07,45.6106838000,44.9260609600,46.0455118200,43.4828020000,172755841,8362219629.4900,1.605100,-5.672100
2025-04-08,44.9168093000,45.5736771600,45.5736771600,44.5004846000,111752977,5446468217.7900,1.038300,1.441500
2025-04-09,45.1481008000,45.2683723800,45.5644255000,44.7410277600,73790650,3604799241.8800,0.685600,-0.669900
2025-04-10,45.6661937600,45.7772136800,46.0732668000,45.5274188600,65791545,3258096137.7600,0.611300,1.124100
2025-04-11,45.7772136800,45.6569421000,45.8327236400,45.3146306800,45012106,2216984585.5500,0.418200,-0.262700
2025-04-14,45.8882336000,45.7772136800,46.1195251000,45.7402070400,38748414,1922228961.6100,0.360000,0.263400
2025-04-15,45.7772136800,46.1010217800,46.2305450200,45.5736771600,40776211,2021902572.1500,0.378900,0.707400
2025-04-16,45.9992535200,46.1472800800,46.4155782200,45.7032004000,46792350,2323052329.9700,0.434800,0.100300
2025-04-17,45.9714985400,46.4063265600,46.5173464800,45.8697302800,37704289,1884423296.1700,0.350300,0.561300
2025-04-18,46.3045583000,46.6653730400,46.8689095600,46.2120417000,33881100,1706307227.6600,0.314800,0.558200
2025-04-21,46.6283664000,46.5173464800,46.8226512600,46.4433332000,26378406,1329681851.6200,0.245100,-0.317200
2025-04-22,46.4433332000,46.7856446200,46.9891811400,46.3693199200,35509783,1793621625.5700,0.329900,0.576800
2025-04-23,46.9614261600,46.9059162000,47.1372077000,46.6838763600,29877321,1515452317.1000,0.277600,0.257100
2025-04-24,46.9059162000,47.3870025200,47.6275456800,46.9059162000,42383943,2170142048.9200,0.393800,1.025600
2025-04-25,47.4055058400,47.4887707800,47.7293139400,47.3870025200,36849939,1894916291.4800,0.342400,0.214800
2025-04-28,46.6468697200,47.3777508600,47.4980224400,46.2860549800,51866550,2632952958.8600,0.481900,-0.233800
2025-04-29,47.3407442200,47.1834660000,47.7755722400,47.0539427600,33754005,1725062887.3500,0.313600,-0.410100
2025-04-30,47.2759826000,46.9151678600,47.6923073000,46.8874128800,37794426,1927976843.1500,0.351200,-0.568600
2025-05-06,47.1834660000,46.9984328000,47.3222409000,46.7671413000,39151245,1992284114.9100,0.363800,0.177500
2025-05-07,47.5720357200,47.3499958800,47.7663205800,47.2112209800,42063972,2156676084.1500,0.390800,0.748000
2025-05-08,47.1927176600,48.0716253600,48.4324401000,47.0909494000,67134993,3487932290.1800,0.623800,1.524000
2025-05-09,48.0253670600,47.8773405000,48.2566585600,47.8773405000,29070923,1507958915.3500,0.270100,-0.404200
2025-05-12,48.3214201800,48.6637316000,48.8025065000,48.1086320000,57737170,3028226079.4600,0.536500,1.642500
2025-05-13,48.8395131400,48.5342083600,48.8395131400,48.3399235000,40392012,2117089329.2200,0.375300,-0.266200
2025-05-14,48.5249567000,50.5973285400,51.0506598800,48.4231884400,157722961,8541172666.0500,1.465500,4.250900
2025-05-15,50.3197787400,50.1902555000,50.6990968000,50.0514806000,56930342,3095268721.0700,0.529000,-0.804500
2025-05-16,50.0052223000,49.3946127400,50.3660370400,49.3853610800,46612951,2499109898.7800,0.433100,-1.585300
2025-05-19,49.3020961400,49.3113478000,49.7091691800,49.2188312000,32426624,1730493311.9500,0.301300,-0.168600
2025-05-20,49.4501227000,49.6629108800,50.1254938800,49.4038644000,35266900,1895934592.1900,0.327700,0.712900
2025-05-21,49.6814142000,49.8201891000,50.3290304000,49.6814142000,33306582,1800759244.0400,0.309500,0.316700
2025-05-22,49.7369241600,49.8109374400,49.9497123400,49.5241359800,24065765,1294403113.7200,0.223600,-0.018600
2025-05-23,49.7831824600,49.2465861800,50.3845403600,49.1910762200,43049136,2314052457.2800,0.400000,-1.133000
2025-05-26,49.1818245600,49.4038644000,50.0977389000,49.0337980000,38812968,2078107531.1400,0.360600,0.319400
2025-05-27,49.4038644000,49.4038644000,49.8294407600,49.3113478000,25572531,1368911112.0200,0.237600,0.000000
2025-05-28,49.4038644000,49.3020961400,49.6721625400,49.1448179200,26169794,1396312011.8600,0.243200,-0.206000
2025-05-29,49.3113478000,49.5148843200,49.8016857800,49.1170629400,34868262,1868004330.4000,0.324000,0.431600
2025-05-30,49.3761094200,49.2928444800,49.6721625400,48.8950231000,41723855,2221553128.0200,0.387700,-0.448400
2025-06-03,49.2280828600,49.8201891000,50.0607322600,49.0337980000,45373821,2430686987.2200,0.421600,1.069800
2025-06-04,49.5981492600,49.7369241600,50.0977389000,49.5981492600,43089681,2322941428.9800,0.400400,-0.167100
2025-06-05,49.7461758200,49.9497123400,50.1254938800,49.6444075600,41909990,2260023900.0400,0.389400,0.427800
2025-06-06,49.9589640000,49.4131160600,50.0699839200,49.3576061000,40855330,2191002621.2400,0.379600,-1.074300
2025-06-09,49.5426393000,49.6999175200,49.9034540400,49.4963810000,39788727,2137162081.3500,0.369700,0.580400
2025-06-10,49.6906658600,49.4316193800,50.0514806000,49.3205994600,46707945,2510066317.0700,0.434000,-0.539800
2025-06-11,49.4038644000,50.3845403600,50.5603219000,49.4038644000,68183015,3704026067.8600,0.633500,1.927800
2025-06-12,50.2365138000,50.7083484600,51.1894347800,49.9867189800,58999906,3231103730.4600,0.548200,0.642700
2025-06-13,50.7268517800,50.4030436800,50.7916134000,50.2180104800,48022896,2616565694.4100,0.446200,-0.602100
2025-06-16,50.2642687800,50.2550171200,50.4955602800,50.0144739600,49677075,2697778320.1500,0.461600,-0.293700
2025-06-17,50.2365138000,50.1717521800,50.4307986600,49.9034540400,50628878,2745763183.0900,0.470400,-0.165700
2025-06-18,50.1254938800,49.7831824600,50.2180104800,49.3113478000,46936380,2518852918.0200,0.436100,-0.774500
2025-06-19,49.6721625400,49.2188312000,49.7739308000,49.1448179200,40188078,2143533731.1000,0.373400,-1.133600
2025-06-20,49.2095795400,50.6435868400,50.7546067600,49.2095795400,84743047,4606219515.2700,0.787400,2.894700
2025-06-23,50.4215470000,50.9766466000,51.1154215000,50.1995071600,61470513,3373267493.8500,0.571100,0.657700
2025-06-24,51.0784148600,52.5401771400,52.7067070200,51.0691632000,104079789,5873914856.7100,0.967000,3.067200
2025-06-25,52.5494288000,53.5486080800,53.6596280000,52.3458922800,104613132,5998384733.8100,0.972000,1.919400
2025-06-26,53.4653431400,53.2710582800,53.7336412800,53.1692900200,50073981,2888896788.4300,0.465300,-0.518300
2025-06-27,53.2710582800,52.6974553600,53.7798995800,52.3736472600,66763167,3832894681.9000,0.620300,-1.076800
2025-06-30,52.8307275000,52.8116894000,53.2590847500,52.4785226500,56478195,3133724720.4500,0.524800,0.216800
2025-07-01,52.9830323000,53.0211085000,53.2019704500,52.6403465000,35274636,1961556961.1300,0.327800,0.396500
2025-07-02,53.0211085000,53.1258180500,53.3161990500,52.6879417500,39562902,2204210315.9000,0.367600,0.197500
2025-07-03,53.2114895000,53.1162990000,53.4970610000,52.9830323000,32510060,1817404361.6600,0.302100,-0.017900
2025-07-04,53.0211085000,53.8492658500,54.6298279500,52.7640941500,65454405,3695501729.1200,0.608200,1.379900
2025-07-07,53.8683039500,53.7159991500,54.0682040000,53.3637943000,32176278,1813966809.1800,0.299000,-0.247500
2025-07-08,53.6874420000,53.7350372500,54.0491659000,53.4113895500,34345972,1939149952.4100,0.319100,0.035400
2025-07-09,53.7350372500,53.2114895000,54.0491659000,53.1924514000,39546279,2223715808.0500,0.367400,-0.974300
2025-07-10,53.2114895000,54.3823326500,54.8106899000,53.1258180500,82888153,4726621457.4300,0.770100,2.200400
2025-07-11,54.2585850000,54.9344375500,56.1814331000,54.2205088000,107642894,6269330973.4000,1.000200,1.015200
2025-07-14,54.9153994500,54.8011708500,55.4389472000,54.8011708500,44905762,2598863547.1100,0.417200,-0.242600
2025-07-15,54.9725137500,54.3537755000,55.1724138000,54.2395469000,44172553,2535144762.2200,0.410400,-0.816400
2025-07-16,54.4204088500,54.0967611500,54.4870422000,53.5065800500,48182460,2728239344.4800,0.447700,-0.472900
2025-07-17,53.9730135000,54.0777230500,54.3156993000,53.9539754000,27712343,1575012869.7500,0.257500,-0.035200
2025-07-18,54.2109897500,54.3252183500,54.6869422500,54.1253183000,43623995,2492884492.8300,0.405300,0.457700
2025-07-21,54.4013707500,54.4394469500,54.9725137500,54.1633945000,46673343,2671242928.7800,0.433700,0.210300
2025-07-22,54.4394469500,53.9730135000,54.4489660000,53.4018705000,69520325,3930402694.0500,0.645900,-0.856800
2025-07-23,54.1062802000,55.2104900000,55.5722139000,54.0777230500,86940674,5020698335.4100,0.807800,2.292800
2025-07-24,55.1819328500,55.8197092000,56.1623950000,54.9344375500,70773738,4142271385.1500,0.657600,1.103400
2025-07-25,55.4960615000,55.2866424000,55.7340377500,55.0391471000,50833457,2958837440.4600,0.472300,-0.955000
2025-07-28,55.4008710000,57.1999714500,57.3046810000,55.4008710000,122121733,7297531196.6000,1.134700,3.460700
2025-07-29,57.1714143000,56.6288284500,57.3808334000,56.5145998500,56609200,3380012574.8300,0.526000,-0.998500
2025-07-30,56.6193094000,57.7901525500,58.3803336500,56.4955617500,92199271,5600001965.5600,0.856700,2.050800
2025-07-31,57.5045810500,55.8673044500,57.5902525000,55.5722139000,82760070,4910516273.7400,0.769000,-3.327300
2025-08-01,55.8577854000,55.4008710000,56.2195093000,55.2866424000,48878624,2860162236.1200,0.454200,-0.834900
2025-08-04,55.3056805000,55.4103900500,55.5341377000,55.0677042500,36007832,2092312969.1100,0.334600,0.017200
2025-08-05,55.4960615000,56.2956617000,56.5526760500,55.4008710000,48295614,2837798909.0300,0.448700,1.597700
2025-08-06,56.2956617000,56.2195093000,56.7716142000,55.9910521000,32446873,1916931440.9900,0.301500,-0.135300
2025-08-07,56.2671045500,56.0481664000,56.6002713000,55.7149996500,32797153,1932522823.0600,0.304700,-0.304800
2025-08-08,56.0481664000,55.7245187000,56.0672045000,55.4199091000,39793332,2331643860.3700,0.369700,-0.577400
2025-08-11,55.9434568500,55.6578853500,56.2956617000,55.6578853500,43186911,2535939660.5100,0.401300,-0.119600
2025-08-12,55.6578853500,55.9244187500,56.2290283500,55.6578853500,42698545,2507882892.0300,0.396700,0.478900
2025-08-13,56.0862426000,55.7911520500,56.5431570000,55.6483663000,72845320,4285477114.7400,0.676800,-0.238300
2025-08-14,55.9720140000,56.7525761000,57.6854430000,55.9434568500,102276751,6132887144.5200,0.950300,1.723300
2025-08-15,56.7335380000,56.9239190000,57.5426572500,56.1623950000,89296811,5342602446.7200,0.829700,0.301900
2025-08-18,57.0381476000,56.4860427000,57.4474667500,56.4860427000,95726282,5730767229.7800,0.889400,-0.769200
2025-08-19,56.8953618500,55.4008710000,57.2856429000,55.2866424000,95480996,5626016599.7800,0.887200,-1.921100
2025-08-20,55.2961614500,56.3527760000,56.3527760000,54.9153994500,76272484,4453267555.2400,0.708700,1.718200
2025-08-21,56.3527760000,56.7525761000,57.0762238000,56.0767235500,57460093,3420554066.1900,0.533900,0.709500
2025-08-22,56.6478665500,57.5902525000,57.5997715500,56.5812332000,78097427,4689312102.9600,0.725600,1.476000
2025-08-25,57.6854430000,58.0662050000,58.1138002500,57.2190095500,67011268,4065994393.8900,0.622600,0.826400
2025-08-26,57.9710145000,57.6092906000,58.0662050000,57.5426572500,49198628,2984830237.5000,0.457100,-0.786900
2025-08-27,57.4760239000,55.8673044500,57.5426572500,55.8673044500,106455786,6325335934.3100,0.989100,-3.023800
2025-08-28,55.9244187500,56.0100902000,56.2766236000,55.5055805500,63610466,3734301052.6800,0.591000,0.255600
2025-08-29,56.1147997500,57.0000714000,58.1613955000,56.1052807000,108030923,6488619820.3100,1.003800,1.767500
2025-09-01,56.9143999500,55.6959615500,56.9143999500,55.5246186500,94852489,5566516443.1100,0.881300,-2.287900
2025-09-02,55.6864425000,55.8387473000,55.9720140000,55.4199091000,64903633,3797585374.7000,0.603000,0.256400
2025-09-03,56.1052807000,55.0010709000,56.2575855000,54.6012708000,71474642,4150607723.0700,0.670500,-1.500200
2025-09-04,54.9915518500,54.7345375000,55.1819328500,54.3156993000,72743607,4183559781.0800,0.682400,-0.484600
2025-09-05,54.7345375000,55.1152995000,55.2676043000,54.2871421500,55818427,3207319734.5000,0.523600,0.695700
2025-09-08,54.9820328000,54.9249185000,55.2485662000,54.5631946000,48773339,2814135142.0000,0.457500,-0.345400
2025-09-09,54.9820328000,55.2104900000,55.4865424500,54.7821327500,51891144,3004298500.8000,0.486800,0.519900
2025-09-10,54.9915518500,55.0867423500,55.3627948000,54.8487661000,30846974,1786675714.5800,0.289400,-0.224100
2025-09-11,55.1152995000,55.8673044500,55.8673044500,54.8297280000,59507207,3464480190.1200,0.558200,1.417000
2025-09-12,56.1433569000,54.9058804000,56.3527760000,54.7345375000,73537627,4277497748.8200,0.689800,-1.720900
2025-09-15,54.8773232500,54.5727136500,55.2009709500,54.3442564500,54684242,3147658744.5600,0.513000,-0.606800
2025-09-16,54.5917517500,53.8968611000,54.6869422500,53.7826325000,68571361,3894056718.5900,0.643300,-1.238400
2025-09-17,53.9349373000,53.8492658500,54.2300278500,53.7350372500,68465187,3878151156.9000,0.642300,-0.088300
2025-09-18,53.9158992000,52.6213084000,53.9444563500,52.4594845500,101207356,5649599208.9700,0.949400,-2.280400
2025-09-19,52.6308274500,52.4499655000,53.3066800000,52.3547750000,54332111,3008279779.7800,0.509700,-0.325600
2025-09-22,52.7069798500,52.4975607500,52.9735132500,52.3547750000,37443768,2068811783.8400,0.351300,0.090700
2025-09-23,52.3833321500,52.3738131000,53.1067799500,52.1072797000,61296096,3385890145.3000,0.575000,-0.235700
2025-09-24,52.6308274500,52.6308274500,53.0687037500,52.3071797500,50317433,2781363925.2200,0.472000,0.490700
2025-09-25,52.6213084000,52.4404464500,52.7260179500,52.3833321500,51429616,2838283233.5500,0.482500,-0.361700
2025-09-26,52.3738131000,52.5641941000,52.8783227500,52.0311273000,54862187,3021459544.3800,0.514700,0.236000
2025-09-29,52.5261179000,53.3161990500,54.5631946000,52.3833321500,103510992,5816595783.3200,0.971000,1.430600
2025-09-30,53.1162990000,52.4594845500,53.4970610000,52.3547750000,76708187,4247640484.9500,0.719600,-1.606900
2025-10-09,52.3928512000,52.3928512000,52.6213084000,51.6408462500,82406748,4521397149.7600,0.773000,-0.127000
2025-10-10,52.0977606500,52.8688037000,53.2781228500,52.0977606500,64146532,3560844772.5200,0.601700,0.908400
2025-10-13,51.8883415500,52.4499655000,52.6689036500,51.8883415500,60965598,3353288997.7500,0.571900,-0.792200
2025-10-14,52.9068799000,53.7635944000,53.9539754000,52.8497656000,102294025,5757976240.6600,0.959600,2.504500
2025-10-15,53.7635944000,55.0296280500,55.1819328500,53.5922515000,83704628,4793965559.4100,0.785200,2.354800
2025-10-16,54.9058804000,55.2295281000,55.7625949000,54.8392470500,68147820,3966486441.3800,0.639300,0.363300
2025-10-17,55.2104900000,54.5251184000,55.6674044000,54.4204088500,67749281,3916934527.0000,0.635500,-1.275400
2025-10-20,55.5246186500,55.1152995000,55.7530758500,54.6869422500,52669469,3058431634.2900,0.494100,1.082400
2025-10-21,55.1438566500,55.2866424000,56.0862426000,55.1438566500,76220049,4456452771.0200,0.715000,0.310900
2025-10-22,55.2104900000,55.4103900500,55.6864425000,55.1438566500,37989266,2211002991.1500,0.356400,0.223800
2025-10-23,55.4199091000,55.9244187500,56.0386473500,55.2961614500,50350104,2943942596.1500,0.472300,0.927700
2025-10-24,56.2534151400,56.0018518800,56.5920579900,55.8760702500,55824170,3240224544.6700,0.523700,0.138400
2025-10-27,56.1179580000,55.8760702500,56.4953028900,55.6341825000,68500438,3964893062.5400,0.642600,-0.224600
2025-10-28,55.9147722900,55.8857457600,56.3404947300,55.7502886200,49130508,2842864952.9000,0.460900,0.017300
2025-10-29,56.6984886000,57.0371314500,57.7627947000,56.5920579900,104443161,6172236794.8100,0.979800,2.060200
2025-10-30,57.3757743000,56.7468661500,58.1498151000,56.6791375800,74571283,4424147710.7500,0.699500,-0.508900
2025-10-31,57.0758334900,55.9534743300,57.0758334900,55.9244478000,57254154,3331214747.5500,0.537100,-1.398100
2025-11-03,56.3791967700,56.4178988100,56.7952437000,55.9825008600,41143033,2399870469.7200,0.386000,0.830000
2025-11-04,56.4566008500,57.0274559400,57.2112906300,56.3114682000,51812600,3045009960.8000,0.486000,1.080400
2025-11-05,56.5049784000,56.4275743200,56.9307008400,56.0405539200,40215785,2348603000.5800,0.377300,-1.051900
2025-11-06,56.4566008500,56.9887539000,57.3564232800,56.4469253400,54734599,3224909538.0000,0.513500,0.994500
2025-11-07,56.8726477800,56.9790783900,57.2306416500,56.7565416600,37191041,2191134861.2500,0.348900,-0.017000
2025-11-10,56.9403763500,57.3757743000,57.4725294000,56.5436804400,52948721,3132320906.1200,0.496700,0.696200
2025-11-11,57.3757743000,57.2790192000,57.5692845000,56.9016743100,36250376,2143772917.2800,0.340100,-0.168600
2025-11-12,57.3757743000,58.0820865300,58.8174252900,57.3757743000,149024584,8994592304.4800,1.398000,1.402000
2025-11-13,58.3336497900,58.9045048800,59.3882803800,58.3336497900,89018699,5421878882.1400,0.835100,1.416000
2025-11-14,58.8754783500,58.6819681500,60.2494007700,58.6819681500,75274101,4630168806.0100,0.706100,-0.377800
2025-11-17,58.7206701900,57.8885763300,59.0206110000,57.5305824600,56019716,3354710744.8300,0.525500,-1.352000
2025-11-18,57.7337681700,57.6853906200,58.1981926500,57.5499334800,44571218,2663627684.2800,0.418100,-0.351000
2025-11-19,57.8595498000,58.4110538700,59.1367171200,57.7724702100,70586509,4268493623.8000,0.662200,1.258000
2025-11-20,58.6335906000,58.2465702000,59.1657436500,58.0820865300,39449064,2387256690.5900,0.370100,-0.281600
2025-11-21,58.0530600000,56.9984294100,58.1498151000,56.9694028800,68557969,4067315651.6600,0.643100,-2.142900
2025-11-24,57.2403171600,56.5049784000,57.2790192000,56.4566008500,53470919,3141756213.5600,0.501600,-0.865700
2025-11-25,56.7758926800,57.5402579700,57.8789008200,56.3404947300,48777097,2887514429.4800,0.457600,1.832200
2025-11-26,57.7240926600,57.8401987800,58.2659212200,57.3951253200,43469273,2598031332.7400,0.407800,0.521300
2025-11-27,57.5692845000,57.4144763400,57.7918212300,56.7952437000,50570087,2993560813.3500,0.474400,-0.736000
2025-11-28,57.2886947100,57.0758334900,57.3660987900,56.6114090100,43355814,2553839885.7100,0.406700,-0.589800
2025-12-01,56.9984294100,56.7275151300,57.2596681800,56.5146539100,44580406,2614280155.9900,0.418200,-0.610300
2025-12-02,56.8919988000,56.8919988000,57.4725294000,56.5533559500,37383734,2200530386.8900,0.350700,0.290000
2025-12-03,56.8436212500,56.4566008500,57.1048600200,56.2630906500,33549447,1961924290.8500,0.314700,-0.765300
2025-12-04,56.4566008500,56.6501110500,56.6501110500,56.3211437100,21766366,1271252461.3500,0.204200,0.342800
2025-12-05,56.7468661500,59.9784864900,60.1816722000,56.6501110500,137794827,8385205487.5900,1.292600,5.875300
2025-12-08,60.0268640400,61.3427334000,61.7297538000,59.9881620000,102997868,6514118719.6300,0.966200,2.274600
2025-12-09,61.3427334000,60.4235599500,61.6233231900,60.3945334200,48373102,3044070518.3200,0.453800,-1.498400
2025-12-10,60.6267456600,60.5203150500,61.0137660600,60.1139436300,44882218,2808948856.5000,0.421000,0.160100
2025-12-11,60.7622028000,60.5009640300,61.3040313600,60.1526456700,47796340,2990603756.4800,0.448400,-0.032000
2025-12-12,60.5299905600,61.8361844100,62.0103435900,60.3848579100,109176025,6926125694.1200,1.024200,2.206900
2025-12-15,61.6136476800,64.9033210800,65.2516394400,61.4588395200,154664260,10258390316.0100,1.450900,4.960100
2025-12-16,64.5453272100,64.8259170000,65.8998986100,64.0131741600,105682134,7074646043.3800,0.991400,-0.119300
2025-12-17,64.8742945500,65.8418455500,66.4030251300,64.4872741500,96211778,6513277291.3600,0.902500,1.567200
2025-12-18,65.6773618800,66.2772435000,66.3546475800,65.3967720900,56360590,3839846393.2700,0.528700,0.661300
2025-12-19,65.9386006500,66.5191312500,66.5481577800,65.4064476000,63847643,4363697642.1000,0.598900,0.365000
2025-12-22,66.4707537000,66.3159455400,67.0222577700,65.9869782000,55694201,3824247200.1700,0.522500,-0.305500
2025-12-23,66.3352965600,67.2351189900,67.9607822400,66.1321108500,76571991,5324655841.9500,0.718300,1.386100
2025-12-24,66.9255026700,66.7900455300,67.1286883800,66.1321108500,51131950,3522990019.6600,0.479700,-0.662000
2025-12-25,66.7610190000,68.5026108000,69.6443209800,66.7416679800,77789813,5513013481.1600,0.729700,2.564100
2025-12-26,68.1542924400,68.8509291600,69.6249699600,68.1446169300,65701677,4689142905.5400,0.616300,0.508500
2025-12-29,68.6961210000,67.6124638800,69.3347046600,67.5253842900,65566518,4622483554.3700,0.615100,-1.798800
2025-12-30,67.4866822500,66.5675088000,67.9511067300,66.1708128900,104667372,7226865061.6100,0.981900,-1.545500
2025-12-31,66.5481577800,66.1804884000,66.9835557300,65.9386006500,45806869,3141993176.5600,0.429700,-0.581400
2026-01-05,66.9545292000,70.0119903600,70.6312230000,66.9545292000,122883100,8824564893.3700,1.152700,5.789500
2026-01-06,70.0506924000,71.9083903200,72.4502188800,70.0506924000,146851648,10867519150.8900,1.377600,2.708700
2026-01-07,71.4923433900,71.0666209500,72.2760597000,70.9118127900,91969506,6796568402.2800,0.862700,-1.170600
2026-01-08,70.9892168700,68.0962393800,71.0182434000,67.3996026600,168539173,11969587225.7900,1.581000,-4.179700
2026-01-09,68.3091006000,66.7610190000,68.9670352800,66.0256802400,206334825,14285738424.9800,1.935600,-1.960800
2026-01-12,66.6642639000,65.3580700500,66.7610190000,65.0387782200,185166118,12546774432.8000,1.737000,-2.101400
2026-01-13,65.5999578000,65.9869782000,67.7092189800,65.5806067800,150215050,10342110580.0700,1.409100,0.962300
2026-01-14,66.1321108500,64.8259170000,66.6932904300,64.6517578200,143110900,9691268750.0500,1.342500,-1.759500
2026-01-15,64.7291619000,65.2226129100,66.1611373800,64.5259761900,106661426,7195271140.2200,1.000600,0.611900
2026-01-16,65.4064476000,64.1776578300,65.7354149400,63.6648558000,135609994,9017682809.3200,1.272100,-1.602100
2026-01-19,64.1292802800,64.1486313000,64.7775394500,63.7712864100,83868106,5560566590.3900,0.786800,-0.045200
2026-01-20,64.1970088500,64.4388966000,65.5709312700,63.9647966100,98849999,6611639901.6300,0.927300,0.452500
2026-01-21,64.4775986400,63.7132333500,65.0000761800,63.5197231500,93540213,6198978526.8100,0.877500,-1.126100
2026-01-22,63.9841476300,62.6973048000,64.4195455800,62.4263905200,114392226,7455922558.8700,1.073100,-1.594500
2026-01-23,63.0843252000,61.8265089000,63.3552394800,61.5942966600,140769883,9048849719.7800,1.320500,-1.388900
2026-01-26,61.9232640000,62.0587211400,64.1002537500,61.7007272700,201384596,13083521293.7700,1.889100,0.375600
2026-01-27,62.2232048100,63.1907558100,64.1970088500,62.1845027700,150884105,9868833866.3400,1.415400,1.824100
2026-01-28,63.7325843700,62.6489272500,63.9067435500,62.3393109300,199285418,12952514677.9300,1.869500,-0.857400
2026-01-29,62.9198415300,65.7934680000,65.8224945300,62.4360660300,275571332,18287719695.4900,2.585100,5.019300
2026-01-30,65.8031435100,64.5840292500,66.4610781900,64.2357108900,160322836,10768334981.9500,1.504000,-1.838200
2026-02-02,64.1970088500,63.8777170200,66.1127598300,63.5971272300,135454854,9059867835.7300,1.270700,-1.093600
2026-02-03,64.7291619000,64.4195455800,65.2129374000,63.4906966200,103322505,6862044454.4500,0.969200,0.848200
2026-02-04,64.2937639500,65.2129374000,65.2613149500,64.0809027300,87740307,5866716206.5600,0.823100,1.231600
2026-02-05,64.9904006700,65.1645598500,65.7837924900,64.0131741600,90819121,6088193606.1600,0.852000,-0.074200
2026-02-06,64.7098108800,64.7291619000,65.4161231100,64.2647374200,74927488,5011778788.1800,0.702900,-0.668200
2026-02-09,65.2613149500,66.4707537000,66.8577741000,64.9323476100,102123690,6973342327.3900,0.958000,2.690600
2026-02-10,66.4804292100,65.9773026900,66.5675088000,65.5999578000,54873478,3743029913.6900,0.514800,-0.742400
2026-02-11,66.0353557500,65.3096925000,66.4514026800,64.8839700600,61803197,4178546001.3100,0.579800,-1.011900
2026-02-12,65.4064476000,64.3808435400,65.4838516800,64.1970088500,64637155,4320770032.5800,0.606300,-1.422200
2026-02-13,64.0034986500,63.1714047900,64.1970088500,62.9488680600,84077184,5509966026.2800,0.788700,-1.878600
2026-02-24,63.6358292700,62.4070395000,64.1002537500,62.2812578700,80005314,5208399200.8100,0.750500,-1.210000
2026-02-25,62.6005497000,62.9391925500,63.6068027400,62.6005497000,68355572,4452349687.4900,0.641200,0.852700
2026-02-26,63.3745905000,61.4394885000,63.4036170300,61.2363027900,103614642,6614432347.1300,0.972000,-2.382800
2026-02-27,61.5362436000,61.0427925900,61.6717007400,61.0137660600,63301213,4006459826.4300,0.593800,-0.645700
2026-03-02,60.3848579100,60.3268048500,61.0621436100,59.6978967000,101086184,6295717497.5100,0.948300,-1.172900
2026-03-03,60.4235599500,60.5396660700,61.6523497200,59.9204334300,109553470,6885778078.8500,1.027700,0.352800
2026-03-04,60.1816722000,59.7849762900,60.5299905600,58.6819681500,100813361,6196271381.8200,0.945700,-1.246600
2026-03-05,59.9978375100,60.0655660800,60.6847987200,59.7946518000,54636541,3404335407.2400,0.512500,0.469300
2026-03-06,59.7849762900,60.6364211700,61.2943558500,59.6591946600,57463292,3590186817.9600,0.539100,0.950400
2026-03-09,59.4463334400,59.4076314000,59.5237375200,58.0627355100,93036823,5663230288.6300,0.872800,-2.026500
2026-03-10,59.8527048600,60.0752415900,60.3558313800,59.7172477200,46218362,2866994901.5900,0.433600,1.123800
2026-03-11,60.0752415900,60.5203150500,60.8686334100,59.7946518000,51727048,3234820114.5500,0.485200,0.740900
2026-03-12,60.1332946500,59.6011416000,60.4042089300,59.2334722200,66854186,4123729384.4300,0.627100,-1.518800
2026-03-13,59.3786048700,59.2141212000,59.8623803700,59.0980150800,45804107,2813751145.8100,0.429700,-0.649400
2026-03-16,59.2141212000,58.5174844800,59.3689293600,58.1498151000,81859571,4946355959.1700,0.767900,-1.176500
2026-03-17,58.6239150900,59.8333538400,60.7622028000,58.6142395800,90184988,5591874769.3200,0.846000,2.248700
2026-03-18,59.8623803700,59.8817313900,60.2977783200,59.5043865000,49047083,3034276336.5900,0.460100,0.080900
2026-03-19,59.2141212000,58.6529416200,59.3012007900,58.4400804000,68472203,4158160918.9000,0.642300,-2.052000
2026-03-20,58.8271008000,57.8014967400,58.9238559000,57.7627947000,62076703,3738267787.7600,0.582300,-1.451700
2026-03-23,56.9887539000,55.6051559700,57.0855090000,55.3826192400,125382261,7264101523.8900,1.176200,-3.799800
2026-03-24,56.1179580000,56.2340641200,56.4469253400,55.6341825000,68186982,3949789640.5100,0.639600,1.131000
2026-03-25,56.6017335000,56.8823232900,57.4338273600,56.5243294200,56238854,3309846361.9000,0.527600,1.152800
2026-03-26,56.8726477800,54.9568968000,56.8726477800,54.6956580300,101189634,5801815138.0400,0.949200,-3.384900
2026-03-27,55.0149498600,55.1020294500,55.5277518900,54.5892274200,83437858,4753261022.4300,0.782700,0.264100
2026-03-30,54.5118233400,54.5021478300,54.7150090500,54.0280478400,73754441,4139267845.9500,0.691900,-1.088700
2026-03-31,54.4634457900,54.9375457800,55.8180171900,54.3860417100,76411377,4363799009.5100,0.716800,0.798900
2026-04-01,55.7115865800,56.2921171800,56.3985477900,55.6728845400,68403496,3964968442.0200,0.641700,2.465700
2026-04-02,56.1179580000,55.4019702600,56.1179580000,55.3052151600,45979403,2642755830.8700,0.431300,-1.581300
2026-04-03,55.7115865800,55.3922947500,55.8954212700,55.3826192400,34367765,1975820959.5800,0.322400,-0.017500
2026-04-07,55.4406723000,54.8504661900,55.6825600500,54.5795519100,50385836,2865555757.7200,0.472700,-0.978200
2026-04-08,56.1179580000,57.5209069500,57.7144171500,56.1179580000,112152704,6612867449.3300,1.052100,4.868600
2026-04-09,57.0855090000,56.8339457400,57.0855090000,56.4082233000,57020126,3341224253.6200,0.534900,-1.194300
2026-04-10,57.0855090000,56.9113498200,57.8982518400,56.8726477800,63791249,3778347094.2600,0.598400,0.136200
2026-04-13,56.3114682000,55.8760702500,56.3211437100,55.7406131100,68454399,3959480166.3700,0.642200,-1.819100
2026-04-14,56.3404947300,57.0564824700,57.2790192000,56.2437396300,67514220,3965283533.0400,0.633300,2.112600
2026-04-15,57.4725294000,56.7952437000,57.7821457200,56.7081641100,51371265,3032393651.4100,0.481900,-0.457900
2026-04-16,56.8049192100,56.6210845200,57.1145355300,56.3598457500,54436786,3190206250.6000,0.510700,-0.306600
2026-04-17,56.5049784000,56.0405539200,56.5049784000,55.7406131100,61232384,3550736120.6800,0.574400,-1.025300
2026-04-20,55.9921763700,56.6404355400,56.7662171700,55.8663947400,63343688,3690691462.0600,0.594200,1.070400
2026-04-21,56.6404355400,56.1469845300,57.1919396100,56.1469845300,54402036,3179298445.7300,0.510300,-0.871200
2026-04-22,56.1469845300,56.1469845300,56.6984886000,55.7793151500,57957025,3364574053.5500,0.543700,0.000000
2026-04-23,56.0986069800,56.0018518800,56.6791375800,55.6632090300,66117405,3829528933.8800,0.620200,-0.258500
2026-04-24,55.8373682100,55.9050967800,56.0889314700,55.2084600600,55400204,3188079037.0400,0.519700,-0.172800
2026-04-27,55.9244478000,55.6825600500,56.6501110500,55.5954804600,64067076,3708625921.4600,0.601000,-0.398100
2026-04-28,55.6051559700,55.7599641300,56.2243886100,55.3439172000,62460231,3597829250.0200,0.585900,0.139000
2026-04-29,55.7502886200,57.5015559300,57.6563640900,55.7212620900,160931457,9481901997.5200,1.509700,3.123400
2026-04-30,57.2016151200,57.4435028700,58.6335906000,57.2016151200,106301044,6353995427.6200,0.997200,-0.101000
2026-05-06,57.4531783800,57.4338273600,57.8982518400,57.1338865500,90508315,5373455216.4200,0.849000,-0.016800
2026-05-07,57.6660396000,58.0917620400,59.1270416100,57.6660396000,131374821,7920220893.6500,1.232400,1.145600
2026-05-08,57.9563049000,58.1111130600,58.3046232600,57.8014967400,73204919,4392260153.1300,0.686700,0.033300
2026-05-11,57.8401987800,58.1498151000,58.5852130500,57.3370722600,96199074,5766761255.6800,0.902400,0.066600
2026-05-12,58.1498151000,57.4725294000,58.5368355000,57.3273967500,69000725,4123942070.4800,0.647300,-1.164700
2026-05-13,57.3951253200,56.1566600400,57.6853906200,55.7599641300,103434508,6026385944.5700,0.970300,-2.289600
2026-05-14,56.3695212600,55.0536519000,56.6210845200,55.0052743500,90718667,5211793924.8300,0.851000,-1.964200
2026-05-15,55.1310559800,53.6990805000,55.2858641400,53.4958947900,118190376,6613205578.6600,1.108700,-2.460500
2026-05-18,53.6023254000,53.1088743900,53.6603784600,52.6347744000,81041545,4441031983.4400,0.760200,-1.099100
2026-05-19,53.2249805100,52.7121784800,53.4184907100,52.3638601200,83912239,4578893672.5800,0.787200,-0.746900
2026-05-20,52.6347744000,52.3541846100,52.6347744000,52.0832703300,74388923,4022984704.8400,0.697800,-0.679100
2026-05-21,52.6831519500,52.0155417600,53.5345968300,51.9381376800,103593084,5646669981.5000,0.971800,-0.646800
2026-05-22,52.3541846100,51.9381376800,52.4412642000,51.7349519700,66969933,3603724584.4500,0.628200,-0.148800
2026-05-25,52.0832703300,52.4606152200,53.1959539800,51.8413825800,86797664,4694584484.1400,0.814200,1.006000
2026-05-26,52.3928866500,52.5089927700,53.3120601000,52.1413233900,91000989,4946050442.0800,0.853700,0.092200
2026-05-27,52.5186682800,51.5414417700,52.5283437900,51.3382560600,86201148,4614798491.0300,0.808600,-1.842600
2026-05-28,51.5317662600,50.7674009700,51.6672234000,50.4577846500,87560016,4602192064.7400,0.821400,-1.501800
2026-05-29,50.8835070900,51.7639785000,51.9381376800,50.8061030100,100011258,5326303204.3000,0.938200,1.963000
2026-06-01,51.7543029900,52.1026213500,52.3445091000,51.4253356500,77530660,4162422692.7900,0.727300,0.654200
2026-06-02,52.1122968600,52.3251580800,52.7799070500,51.8800846200,78494104,4245154925.1500,0.736300,0.427100
2026-06-03,52.3058070600,51.9574887000,52.4412642000,51.7639785000,62506613,3361445868.4400,0.586400,-0.702700
2026-06-04,51.8704091100,51.5027397300,52.3251580800,51.3189050400,57622588,3084164360.2100,0.540500,-0.875200
2026-06-05,51.5704683000,51.7446274800,52.8089335800,51.5124152400,93716510,5047248522.1300,0.879100,0.469700
2026-06-08,51.3382560600,51.6478723800,52.2090519600,51.1834479000,72054031,3845596525.5700,0.675900,-0.187000
2026-06-09,51.4543621800,52.1800254300,52.2961315500,51.4253356500,71003001,3811033907.5500,0.666100,1.030300
2026-06-10,52.2500000000,53.2200000000,53.4800000000,52.1000000000,90323526,4779498278.2500,0.847300,1.993100
2026-06-11,53.2200000000,52.6400000000,53.9700000000,52.3500000000,64764147,3426033713.2900,0.607500,-1.089800
2026-06-12,52.4600000000,54.0100000000,54.2400000000,52.1100000000,110295254,5923966808.6000,1.034700,2.602600
2026-06-15,54.3000000000,54.2300000000,55.9600000000,53.8000000000,101057655,5527730147.7700,0.948000,0.407300
2026-06-16,53.9900000000,52.9900000000,54.0900000000,52.7500000000,81250790,4325837393.0500,0.762200,-2.286600
2026-06-17,53.2400000000,52.7600000000,53.3400000000,52.5000000000,65390576,3453554961.1100,0.613400,-0.434000
2026-06-18,52.5900000000,49.3800000000,52.6400000000,49.3700000000,217832108,10954978558.4700,2.043400,-6.406400
2026-06-22,49.3900000000,51.9800000000,52.2900000000,48.6600000000,172497232,8759839754.8700,1.618200,5.265300
2026-06-23,51.4600000000,50.4000000000,52.4300000000,50.1100000000,122011590,6233635916.3300,1.144600,-3.039600
2026-06-24,50.6900000000,49.1200000000,50.8800000000,49.0300000000,109415765,5415518284.9100,1.026400,-2.539700
2026-06-25,48.7500000000,49.3000000000,50.4600000000,48.5600000000,121452277,5996134269.4500,1.139300,0.366400
2026-06-26,49.2900000000,47.2300000000,49.4900000000,47.2000000000,142644108,6823881221.2700,1.338100,-4.198800
2026-06-29,47.3000000000,48.6000000000,48.8700000000,46.9000000000,108960939,5250679147.5000,1.022100,2.900700
2026-06-30,48.3000000000,47.7400000000,48.9400000000,47.3500000000,94981273,4537577336.2700,0.891000,-1.769500
2026-07-01,47.6000000000,49.5300000000,50.0900000000,47.1900000000,138621666,6772060767.4300,1.300400,3.749500
2026-07-02,49.3500000000,48.9200000000,50.2000000000,48.8000000000,92012954,4528699940.4200,0.863200,-1.231600
2026-07-03,49.5000000000,49.0900000000,49.7800000000,48.3100000000,80333122,3933213371.8400,0.753600,0.347500
2026-07-06,49.0500000000,50.1000000000,50.2000000000,48.8100000000,94495634,4688935743.5600,0.886400,2.057400
2026-07-07,49.9300000000,49.2900000000,50.2200000000,49.1700000000,69767509,3454770845.1600,0.654500,-1.616800
2026-07-08,49.3600000000,49.5400000000,49.8000000000,48.9600000000,54099529,2678589603.7500,0.507500,0.507200
2026-07-09,49.2600000000,49.4900000000,49.6100000000,48.9100000000,66236870,3259894111.7900,0.621400,-0.100900
2026-07-10,49.4700000000,49.4800000000,49.9700000000,48.9700000000,76494557,3787725070.6000,0.717600,-0.020200
2026-07-13,49.3600000000,49.5300000000,49.7300000000,49.1100000000,71652351,3539328299.5000,0.672200,0.101100
2026-07-14,49.5000000000,49.6000000000,49.7600000000,48.5000000000,97987332,4809693612.6800,0.919200,0.141300
2026-07-15,49.5800000000,50.9500000000,51.2000000000,49.4500000000,128669396,6486059071.0600,1.207000,2.721800
2026-07-16,50.7000000000,50.6700000000,51.2900000000,50.2400000000,81279871,4120400653.3900,0.762500,-0.549600
2026-07-17,50.6600000000,50.7000000000,51.4500000000,50.5800000000,107232650,5464124960.5000,1.005900,0.059200
2026-07-20,50.7200000000,53.2300000000,53.2700000000,50.7100000000,175445104,9212523658.4000,1.645800,4.990100
2026-07-21,53.6800000000,52.8900000000,54.6500000000,52.5100000000,159979523,8540611562.0200,1.500700,-0.638700
2026-07-22,52.4400000000,53.9500000000,53.9800000000,52.0100000000,107427296,5722414361.8100,1.007800,2.004200
2026-07-23,53.8000000000,54.3000000000,54.5900000000,53.4500000000,73954738,3998147290.6100,0.693800,0.648700
2026-07-24,54.5800000000,54.0200000000,54.6000000000,53.6000000000,85262157,4598516043.2700,0.799800,-0.515700
2026-07-27,54.2700000000,53.4100000000,54.2700000000,53.0300000000,65142408,3484806455.4700,0.611100,-1.129200
2026-07-28,53.6000000000,54.2000000000,54.2000000000,53.1000000000,66081991,3539410421.3900,0.619900,1.479100
2026-07-29,54.4700000000,54.3000000000,54.7000000000,53.7100000000,87111948,4731710049.1400,0.817200,0.184500
2026-07-30,54.0600000000,55.8000000000,55.8000000000,54.0600000000,105845797,5834022321.6400,0.992900,2.762400
2026-07-31,54.9100000000,54.9000000000,55.0300000000,54.2000000000,105512965,5765094131.4600,0.989800,-1.612900
