date,open,close,high,low,volume,amount,turn,pctChg
2002-04-09,1.8302954800,1.8564176800,1.8947302400,1.8302954800,414108831,4418821513.0000,69.018139,46.027390
2002-04-10,1.8564176800,1.8459688000,1.8633836000,1.8093977200,67945475,716684277.0000,11.324246,-0.562847
2002-04-11,1.8459688000,1.8320369600,1.8599006400,1.8268125200,22788255,240963540.0000,3.798042,-0.754716
2002-04-12,1.8285540000,1.8407443600,1.8529347200,1.8250710400,21256463,224059896.0000,3.542744,0.475278
2002-04-15,1.8407443600,1.8093977200,1.8459688000,1.8024318000,18531104,193306921.0000,3.088517,-1.702927
2002-04-16,1.8024318000,1.7693436800,1.8093977200,1.7658607200,24925491,254942372.0000,4.154248,-2.213672
2002-04-17,1.7676022000,1.7797925600,1.7867584800,1.7571533200,11459339,116550894.0000,1.909890,0.590555
2002-04-18,1.7763096000,1.7623777600,1.7763096000,1.7588948000,8533279,86436774.0000,1.422213,-0.978477
2002-04-19,1.7588948000,1.7658607200,1.7676022000,1.7397385200,15722249,157784095.0000,2.620375,0.197633
2002-04-22,1.7588948000,1.7432214800,1.7588948000,1.7397385200,6593827,66105563.0000,1.098971,-1.282052
2002-04-23,1.7414800000,1.7414800000,1.7571533200,1.7258066800,7376544,73759692.0000,1.229424,-0.099902
2002-04-24,1.7414800000,1.7014259600,1.7414800000,1.6892356000,17241356,169554787.0000,2.873559,-2.299995
2002-04-25,1.6979430000,1.7083918800,1.7153578000,1.6962015200,9960272,97420590.0000,1.660045,0.409416
2002-04-26,1.7101333600,1.7136163200,1.7223237200,1.7066504000,8169213,80382992.0000,1.361536,0.305808
2002-04-29,1.7136163200,1.7153578000,1.7205822400,1.6909770800,9036087,88537531.0000,1.506015,0.101628
2002-04-30,1.7223237200,1.7449629600,1.7676022000,1.7066504000,18262505,182699162.0000,3.043751,1.725889
2002-05-08,1.7414800000,1.7240652000,1.7467044400,1.7205822400,4228358,41990478.0000,0.704726,-1.197613
2002-05-09,1.7223237200,1.7310311200,1.7554118400,1.7205822400,4470394,44552493.0000,0.745066,0.404040
2002-05-10,1.7258066800,1.7083918800,1.7292896400,1.7066504000,4638480,45667174.0000,0.773080,-1.307839
2002-05-13,1.7066504000,1.6753037600,1.7066504000,1.6683378400,12725497,122595409.0000,2.120916,-1.936805
2002-05-14,1.6718208000,1.6509230400,1.6787867200,1.6474400800,8239948,78664998.0000,1.373325,-1.455305
2002-05-15,1.6474400800,1.6178349200,1.6631134000,1.6160934400,9708385,91212164.0000,1.618064,-2.004215
2002-05-16,1.6160934400,1.5934542000,1.6160934400,1.5795223600,19517141,178313622.0000,3.252857,-1.507000
2002-05-17,1.5986786400,1.6108690000,1.6195764000,1.5760394000,10010112,91833344.0000,1.668352,1.092900
2002-05-20,1.5899712400,1.5638490400,1.5986786400,1.5551416400,11297072,101667315.0000,1.882845,-2.918924
2002-05-21,1.5986786400,1.5986786400,1.6108690000,1.5725564400,12608352,115523918.0000,2.101392,2.227180
2002-05-22,1.6004201200,1.5568831200,1.6021616000,1.5516586800,7338358,66043321.0000,1.223060,-2.614387
2002-05-23,1.5586246000,1.5638490400,1.5899712400,1.5568831200,7188925,64749341.0000,1.198154,0.447427
2002-05-24,1.5638490400,1.5446927600,1.5742979200,1.5255364800,10526000,92941498.0000,1.754333,-1.224941
2002-05-27,1.5481757200,1.5516586800,1.5586246000,1.5290194400,5439444,48160843.0000,0.906574,0.450958
2002-05-28,1.5516586800,1.5534001600,1.5655905200,1.5499172000,5607677,50176390.0000,0.934613,0.112236
2002-05-29,1.5534001600,1.5098631600,1.5568831200,1.5011557600,7480150,65398179.0000,1.246692,-2.802691
2002-05-30,1.5081216800,1.5237950000,1.5290194400,1.4837409600,13179829,113645564.0000,2.196638,0.922721
2002-05-31,1.5203120400,1.5150876000,1.5429512800,1.5081216800,4669199,40944136.0000,0.778200,-0.571431
2002-06-03,1.5150876000,1.5150876000,1.5150876000,1.5150876000,0,0.0000,,0.000000
2002-06-04,1.5028972400,1.5429512800,1.5673320000,1.4872239200,21315760,188202674.0000,3.552627,1.839079
2002-06-05,1.6056445600,1.5220535200,1.6056445600,1.5185705600,9149476,80995385.0000,1.524913,-1.354401
2002-06-06,1.5220535200,1.5673320000,1.5812638400,1.5116046400,12530992,112008796.0000,2.088499,2.974831
2002-06-07,1.5690734800,1.5638490400,1.5777808800,1.5499172000,11760656,105772506.0000,1.960109,-0.222227
2002-06-10,1.5638490400,1.5655905200,1.5777808800,1.5551416400,4910142,44206174.0000,0.818357,0.111361
2002-06-11,1.5655905200,1.5568831200,1.5690734800,1.5534001600,2848153,25522714.0000,0.474692,-0.556176
2002-06-12,1.5673320000,1.5446927600,1.5673320000,1.5325024000,3036753,26911353.0000,0.506126,-0.782994
2002-06-13,1.5446927600,1.5255364800,1.5446927600,1.5237950000,2861462,25179530.0000,0.476910,-1.240131
2002-06-14,1.5237950000,1.5116046400,1.5237950000,1.5098631600,2939500,25580232.0000,0.489917,-0.913241
2002-06-17,1.5063802000,1.5081216800,1.5081216800,1.4941898400,3036771,26183428.0000,0.506128,-0.230420
2002-06-18,1.5081216800,1.5342438800,1.5412098000,1.5063802000,5317574,46624766.0000,0.886262,1.732108
2002-06-19,1.5342438800,1.5116046400,1.5359853600,1.5063802000,2774519,24170101.0000,0.462420,-1.475597
2002-06-20,1.5116046400,1.5203120400,1.5377268400,1.5098631600,4108300,36035751.0000,0.684717,0.576028
2002-06-21,1.5237950000,1.5621075600,1.5830053200,1.5185705600,14947363,133912680.0000,2.491227,2.749149
2002-06-24,1.7188407600,1.7188407600,1.7188407600,1.6561474800,95065027,934303729.0000,15.844171,10.033440
2002-06-25,1.7397385200,1.8198466000,1.8895058000,1.7083918800,149514953,1563269915.0000,24.919159,5.876392
2002-06-26,1.8024318000,1.7815340400,1.8459688000,1.7676022000,41963672,436232331.0000,6.993945,-2.105266
2002-06-27,1.7815340400,1.8285540000,1.8459688000,1.7728266400,41442717,431029640.0000,6.907120,2.639301
2002-06-28,1.8302954800,2.0114094000,2.0114094000,1.8302954800,156015369,1785125038.0000,26.002561,10.000000
2002-07-01,2.0375316000,2.0166338400,2.0619123200,1.9852872000,90583632,1050421243.0000,15.097272,0.260000
2002-07-02,2.0114094000,1.9922531200,2.0131508800,1.9469746400,37955268,431511885.0000,6.325878,-1.210000
2002-07-03,1.9852872000,1.9974775600,2.0357901200,1.9696138800,25683720,295008712.0000,4.280620,0.260000
2002-07-04,2.0027020000,1.9347842800,2.0166338400,1.9051791200,41951694,469443695.0000,6.991949,-3.140000
2002-07-05,1.9156280000,1.9678724000,1.9748383200,1.9016961600,33747227,375133047.0000,5.624538,1.710000
2002-07-08,1.9487161200,1.9748383200,2.0375316000,1.9487161200,41931594,482217366.0000,6.988599,0.350000
2002-07-09,1.9765798000,2.0288242000,2.0427560400,1.9765798000,53912874,625233348.0000,8.985479,2.730000
2002-07-10,2.0288242000,1.9696138800,2.0758441600,1.9661309200,103668559,1203566183.0000,15.859818,-2.920000
2002-07-11,1.9539405600,1.9487161200,1.9852872000,1.9417502000,31305363,352569995.0000,4.789276,-1.060000
2002-07-12,1.9487161200,1.9208524400,1.9591650000,1.9121450400,32493660,359020954.0000,4.971069,-1.430000
2002-07-15,1.9156280000,1.8877643200,1.9243354000,1.8720910000,23448328,254515311.0000,3.587261,-1.720000
2002-07-16,1.8929887600,1.8912472800,1.9243354000,1.8790569200,18594602,203553086.0000,2.844710,0.180000
2002-07-17,1.8947302400,1.9208524400,1.9225939200,1.8790569200,8479998,92305411.0000,1.297319,1.570000
2002-07-18,1.9313013200,1.9330428000,1.9539405600,1.9121450400,20092068,223753099.0000,3.073801,0.630000
2002-07-19,1.9417502000,1.9400087200,1.9487161200,1.9156280000,9684195,107533034.0000,1.481544,0.360000
2002-07-22,1.9434916800,1.8616421200,1.9434916800,1.8564176800,21510542,233006983.0000,3.290808,-4.040000
2002-07-23,1.8546762000,1.8790569200,1.9225939200,1.8477102800,18666749,202301214.0000,2.855748,0.940000
2002-07-24,1.8720910000,1.8773154400,1.9034376400,1.8616421200,8015858,86608486.0000,1.226313,-0.090000
2002-07-25,1.8720910000,1.8564176800,1.8895058000,1.8442273200,10470632,111641666.0000,1.601858,-1.110000
2002-07-26,1.8599006400,1.8494517600,1.8703495200,1.8459688000,7678834,81922996.0000,1.174753,-0.375234
2002-07-29,1.8459688000,1.8616421200,1.8633836000,1.8285540000,8736892,92498906.0000,1.336620,0.660000
2002-07-30,1.8720910000,1.9069206000,1.9417502000,1.8616421200,33096969,361697367.0000,5.063367,2.430000
2002-07-31,1.8964717200,1.8633836000,1.9243354000,1.8546762000,14637918,159111273.0000,2.239394,-2.280000
2002-08-01,1.8616421200,1.8686080400,1.8825398800,1.8442273200,6501091,69443717.0000,0.994575,0.280000
2002-08-02,1.8738324800,1.8686080400,1.8807984000,1.8546762000,3755525,40261575.0000,0.574542,0.000000
2002-08-05,1.8686080400,1.8320369600,1.8686080400,1.8302954800,5849596,61924219.0000,0.894905,-1.960000
2002-08-06,1.8285540000,1.8390028800,1.8860228400,1.8041732800,13136811,139434080.0000,2.009746,0.380000
2002-08-07,1.8390028800,1.8459688000,1.8616421200,1.8320369600,8028176,85042728.0000,1.228197,0.380000
2002-08-08,1.8546762000,1.8546762000,1.8895058000,1.8494517600,14410144,154749354.0000,2.204548,0.470000
2002-08-09,1.8459688000,1.8337784400,1.8564176800,1.8337784400,10941629,115834566.0000,1.673914,-1.130000
2002-08-12,1.7972073600,1.8006903200,1.8181051200,1.7832755200,60520478,624023407.0000,7.685663,-1.800000
2002-08-13,1.8006903200,1.8006903200,1.8302954800,1.7902414400,15877898,164963341.0000,2.016378,0.000000
2002-08-14,1.8041732800,1.8215880800,1.8285540000,1.8041732800,8680932,90676674.0000,1.102416,1.160000
2002-08-15,1.8215880800,1.8181051200,1.8320369600,1.8093977200,6382901,66765253.0000,0.810582,-0.190000
2002-08-16,1.8146221600,1.8181051200,1.8372614000,1.7919829200,12814339,133810306.0000,1.627328,0.000000
2002-08-19,1.8215880800,1.8390028800,1.8599006400,1.8041732800,11227906,118801544.0000,1.425863,1.150000
2002-08-20,1.8407443600,1.9016961600,1.9225939200,1.8407443600,38149219,414593204.0000,4.844675,3.410000
2002-08-21,1.9034376400,1.8929887600,1.9191109600,1.8912472800,16215953,177359948.0000,2.059309,-0.460000
2002-08-22,1.8947302400,1.8964717200,1.9191109600,1.8877643200,21519626,235240919.0000,2.732837,0.180000
2002-08-23,1.8964717200,1.9016961600,1.9243354000,1.8929887600,13680119,149877585.0000,1.737276,0.280000
2002-08-26,1.9016961600,1.8738324800,1.9086620800,1.8686080400,10506530,113568984.0000,1.334253,-1.470000
2002-08-27,1.8686080400,1.8807984000,1.9069206000,1.8651250800,11481583,124134413.0000,1.458078,0.370000
2002-08-28,1.8807984000,1.8877643200,1.9069206000,1.8720910000,8661100,93863555.0000,1.099897,0.370000
2002-08-29,1.8877643200,1.8790569200,1.9069206000,1.8755739600,7463258,80791865.0000,0.947780,-0.460000
2002-08-30,1.8877643200,1.8825398800,1.8912472800,1.8773154400,5432107,58690029.0000,0.689838,0.190000
2002-09-02,1.8651250800,1.8790569200,1.8912472800,1.8651250800,3848818,41425559.0000,0.488772,-0.190000
2002-09-03,1.8807984000,1.9051791200,1.9051791200,1.8807984000,8212924,89472421.0000,1.042982,1.390000
2002-09-04,1.9069206000,1.8877643200,1.9121450400,1.8860228400,6324375,68694146.0000,0.803150,-0.910000
2002-09-05,1.8825398800,1.8494517600,1.8825398800,1.8424858400,15040376,160328874.0000,1.910019,-2.030000
2002-09-06,1.8459688000,1.8146221600,1.8494517600,1.8111392000,10876882,114196799.0000,1.381285,-1.880000
2002-09-09,1.8041732800,1.8059147600,1.8146221600,1.7954658800,7814809,81058055.0000,0.992424,-0.480000
2002-09-10,1.8059147600,1.8076562400,1.8250710400,1.8041732800,3131134,32544129.0000,0.397631,0.100000
2002-09-11,1.8111392000,1.7989488400,1.8233295600,1.7588948000,13656652,140278842.0000,1.734296,-0.480000
2002-09-12,1.7989488400,1.7954658800,1.8146221600,1.7850170000,2574361,26584099.0000,0.326925,-0.190000
2002-09-13,1.7989488400,1.8041732800,1.8128806800,1.7937244000,2438676,25296299.0000,0.309694,0.480000
2002-09-16,1.8041732800,1.7536703600,1.8041732800,1.7432214800,15388084,155332440.0000,1.954175,-2.800000
2002-09-17,1.7536703600,1.7571533200,1.7780510800,1.7414800000,7992153,80666135.0000,1.014946,0.200000
2002-09-18,1.7606362800,1.7571533200,1.7676022000,1.7536703600,3693015,37294675.0000,0.468986,0.000000
2002-09-19,1.7554118400,1.7884999600,1.8093977200,1.7432214800,8901655,90528682.0000,1.130446,1.780000
2002-09-20,1.7902414400,1.7658607200,1.7937244000,1.7606362800,4568128,46543060.0000,0.580119,-1.270000
2002-09-23,1.7588948000,1.7693436800,1.7780510800,1.7571533200,1949610,19768948.0000,0.247586,0.200000
2002-09-24,1.7693436800,1.7797925600,1.7972073600,1.7623777600,4383120,44868218.0000,0.556625,0.590000
2002-09-25,1.7919829200,1.7902414400,1.8024318000,1.7676022000,3752865,38558175.0000,0.476587,0.590000
2002-09-26,1.7884999600,1.7763096000,1.8076562400,1.7745681200,4846309,49808173.0000,0.615446,-0.780000
2002-09-27,1.7763096000,1.7554118400,1.7954658800,1.7414800000,9888852,100214416.0000,1.255813,-1.180000
2002-10-08,1.7484459200,1.7414800000,1.7676022000,1.7258066800,4181785,41816802.0000,0.531056,-0.790000
2002-10-09,1.7414800000,1.6892356000,1.7414800000,1.6857526400,6354635,62173515.0000,0.806993,-3.000000
2002-10-10,1.6874941200,1.6665963600,1.7049089200,1.6596304400,3331764,32145904.0000,0.423110,-1.340000
2002-10-11,1.6718208000,1.6561474800,1.6840111600,1.6456986000,5922334,56559037.0000,0.752094,-0.630000
2002-10-14,1.6578889600,1.6718208000,1.6857526400,1.6195764000,4730786,44748167.0000,0.600776,0.950000
2002-10-15,1.6700793200,1.6526645200,1.6822696800,1.6509230400,4499647,42934248.0000,0.571423,-1.150000
2002-10-16,1.6544060000,1.6874941200,1.7066504000,1.6544060000,7171308,69588292.0000,0.910704,2.110000
2002-10-17,1.6874941200,1.6787867200,1.6892356000,1.6578889600,4520709,43356854.0000,0.574097,-0.520000
2002-10-18,1.6700793200,1.6840111600,1.6979430000,1.6578889600,3151790,30387261.0000,0.400255,0.310000
2002-10-21,1.6840111600,1.6962015200,1.7066504000,1.6718208000,2054972,19916136.0000,0.260967,0.720000
2002-10-22,1.6962015200,1.7170992800,1.7310311200,1.6962015200,5563446,54825679.0000,0.706517,1.230000
2002-10-23,1.7170992800,1.7066504000,1.7240652000,1.6996844800,4266450,41987363.0000,0.541808,-0.610000
2002-10-24,1.7083918800,1.6979430000,1.7188407600,1.6944600400,1655538,16191534.0000,0.210241,-0.510000
2002-10-25,1.7014259600,1.6840111600,1.7136163200,1.6735622800,3825371,37072630.0000,0.485794,-0.820000
2002-10-28,1.6718208000,1.6596304400,1.6979430000,1.6509230400,6602902,63211326.0000,0.838521,-1.450000
2002-10-29,1.6596304400,1.6753037600,1.6805282000,1.6474400800,2786952,26683803.0000,0.353923,0.940000
2002-10-30,1.6631134000,1.6787867200,1.6840111600,1.6613719200,1668658,16039366.0000,0.211908,0.210000
2002-10-31,1.6787867200,1.6665963600,1.6962015200,1.6631134000,2799611,26998650.0000,0.355530,-0.730000
2002-11-01,1.6700793200,1.6770452400,1.6909770800,1.6613719200,3491723,33607151.0000,0.443424,0.630000
2002-11-04,1.6874941200,1.7118748400,1.7153578000,1.6770452400,5712877,55699607.0000,0.725494,2.080000
2002-11-05,1.7153578000,1.7275481600,1.7501874000,1.7153578000,15260779,151801553.0000,1.938009,0.920000
2002-11-06,1.7292896400,1.7240652000,1.7327726000,1.7188407600,3178330,31444919.0000,0.403625,-0.200000
2002-11-07,1.7292896400,1.7414800000,1.7467044400,1.7240652000,10757768,107368166.0000,1.366159,1.010000
2002-11-08,1.7536703600,1.7136163200,1.7658607200,1.6962015200,12899282,127805876.0000,1.638116,-1.600000
2002-11-11,1.7083918800,1.6857526400,1.7240652000,1.6840111600,3603751,35103348.0000,0.457650,-1.630000
2002-11-12,1.6892356000,1.6962015200,1.7397385200,1.6840111600,14242964,140218634.0000,1.808753,0.620000
2002-11-13,1.6962015200,1.6857526400,1.7031674400,1.6648548800,6844582,66100399.0000,0.869212,-0.620000
2002-11-14,1.6892356000,1.6491815600,1.6944600400,1.6456986000,5732236,54767525.0000,0.727953,-2.170000
2002-11-15,1.6404741600,1.6369912000,1.6805282000,1.6335082400,9145746,86543527.0000,1.161444,-0.740000
2002-11-18,1.6369912000,1.5969371600,1.6526645200,1.5917127200,9283700,85533091.0000,1.178963,-2.450000
2002-11-19,1.5934542000,1.6091275200,1.6160934400,1.5830053200,4085609,37519814.0000,0.518843,0.760000
2002-11-20,1.5986786400,1.5864882800,1.6039030800,1.5812638400,5239305,47950014.0000,0.665354,-1.410000
2002-11-21,1.5847468000,1.5412098000,1.5882297600,1.5342438800,10999904,98338620.0000,1.396908,-2.850000
2002-11-22,1.5464342400,1.5446927600,1.5638490400,1.5237950000,5557863,49304710.0000,0.705808,0.230000
2002-11-25,1.5446927600,1.5499172000,1.5760394000,1.5377268400,3725609,33342373.0000,0.473125,0.340000
2002-11-26,1.5464342400,1.5325024000,1.5655905200,1.5272779600,3262317,28855812.0000,0.414291,-1.120000
2002-11-27,1.5325024000,1.5534001600,1.5603660800,1.5168290800,5267855,46534366.0000,0.668979,1.360000
2002-11-28,1.5673320000,1.5864882800,1.5899712400,1.5499172000,5129366,46298354.0000,0.651392,2.130000
2002-11-29,1.5847468000,1.6039030800,1.6195764000,1.5638490400,12475317,114495353.0000,1.584275,1.100000
2002-12-02,1.6021616000,1.5551416400,1.6021616000,1.5534001600,4452673,40130934.0000,0.565457,-3.040000
2002-12-03,1.5499172000,1.5690734800,1.5760394000,1.5499172000,3083379,27727714.0000,0.391567,0.900000
2002-12-04,1.5812638400,1.5673320000,1.5847468000,1.5621075600,4404350,39805225.0000,0.559321,-0.110000
2002-12-05,1.5499172000,1.5377268400,1.5516586800,1.5290194400,6716868,59325807.0000,0.852994,-1.890000
2002-12-06,1.5325024000,1.5359853600,1.5534001600,1.5290194400,5380583,47524234.0000,0.683295,-0.110000
2002-12-09,1.5359853600,1.5464342400,1.5551416400,1.5290194400,7045001,62434741.0000,0.894664,0.680000
2002-12-10,1.5203120400,1.5133461200,1.5516586800,1.5098631600,54652106,479613330.0000,5.106719,-2.140000
2002-12-11,1.5133461200,1.5063802000,1.5150876000,1.4959313200,14292761,123255460.0000,1.335522,-0.460000
2002-12-12,1.5063802000,1.4976728000,1.5185705600,1.4941898400,11304106,97708347.0000,1.056261,-0.580000
2002-12-13,1.4889654000,1.5133461200,1.5185705600,1.4645846800,11817546,101232866.0000,1.104237,1.050000
2002-12-16,1.5116046400,1.5116046400,1.5237950000,1.5011557600,5393960,46891055.0000,0.504014,-0.120000
2002-12-17,1.5150876000,1.5133461200,1.5272779600,1.5063802000,10292321,89497885.0000,0.961719,0.120000
2002-12-18,1.5203120400,1.5098631600,1.5290194400,1.5063802000,6878266,59978940.0000,0.642708,-0.230000
2002-12-19,1.5098631600,1.4994142800,1.5133461200,1.4959313200,5677347,48963888.0000,0.530494,-0.690000
2002-12-20,1.4994142800,1.5237950000,1.5307609200,1.4994142800,7691380,67023489.0000,0.718686,1.630000
2002-12-23,1.5237950000,1.5307609200,1.5464342400,1.5237950000,6571463,57991744.0000,0.614041,0.460000
2002-12-24,1.5290194400,1.5290194400,1.5359853600,1.5203120400,3847537,33726783.0000,0.359516,-0.110000
2002-12-25,1.5272779600,1.5150876000,1.5342438800,1.5063802000,5628131,49050435.0000,0.525895,-0.910000
2002-12-26,1.5168290800,1.4750335600,1.5203120400,1.4732920800,14957581,127788909.0000,1.397644,-2.640000
2002-12-27,1.4732920800,1.4645846800,1.4802580000,1.4611017200,16625917,139992541.0000,1.553534,-0.710000
2002-12-30,1.4663261600,1.4314965600,1.4663261600,1.4280136000,14208902,117364986.0000,1.327687,-2.260000
2002-12-31,1.4314965600,1.4175647200,1.4454284000,1.4071158400,9203901,75033216.0000,0.860017,-0.970000
2003-01-02,1.4140817600,1.4036328800,1.4210476800,1.4001499200,11179501,90339884.0000,1.044618,-0.980000
2003-01-03,1.4036328800,1.4140817600,1.4140817600,1.3966669600,3789854,30610396.0000,0.354126,0.740000
2003-01-06,1.4105988000,1.4210476800,1.4280136000,1.4018914000,4395743,35737079.0000,0.410740,0.490000
2003-01-07,1.4193062000,1.4071158400,1.4349795200,1.4053743600,2687450,21852593.0000,0.251117,-0.980000
2003-01-08,1.4071158400,1.4663261600,1.4889654000,1.4018914000,11491032,95917021.0000,1.073728,4.210000
2003-01-09,1.4715506000,1.5220535200,1.5446927600,1.4489113600,36446899,315687849.0000,3.405616,3.800000
2003-01-10,1.5272779600,1.4994142800,1.5429512800,1.4994142800,25721025,225220395.0000,2.403385,-1.490000
2003-01-13,1.4941898400,1.4854824400,1.5116046400,1.4732920800,6781680,57982545.0000,0.633683,-0.930000
2003-01-14,1.4854824400,1.6335082400,1.6335082400,1.4854824400,93150048,863691099.0000,8.703985,9.960000
2003-01-15,1.6544060000,1.6021616000,1.6805282000,1.5673320000,68972883,645243069.0000,6.444859,-1.920000
2003-01-16,1.5951956800,1.6195764000,1.6509230400,1.5830053200,31059935,288585386.0000,2.902255,1.090000
2003-01-17,1.6369912000,1.6195764000,1.6561474800,1.6056445600,21797449,203633549.0000,2.036764,0.000000
2003-01-20,1.6195764000,1.6596304400,1.6944600400,1.5986786400,31257733,297191761.0000,2.920738,2.470000
2003-01-21,1.6509230400,1.6439571200,1.6979430000,1.6317667600,32353358,308540386.0000,3.023113,-0.940000
2003-01-22,1.6195764000,1.6282838000,1.6422156400,1.6195764000,11294890,105783975.0000,1.055400,-0.950000
2003-01-23,1.6300252800,1.6195764000,1.6526645200,1.6160934400,6693992,62808823.0000,0.625490,-0.530000
2003-01-24,1.6195764000,1.6613719200,1.6857526400,1.6108690000,17446934,165959046.0000,1.630250,2.580000
2003-01-27,1.6718208000,1.7031674400,1.7449629600,1.6683378400,34925535,343291763.0000,3.263459,2.520000
2003-01-28,1.7031674400,1.7049089200,1.7205822400,1.6892356000,11691809,114497790.0000,1.092488,0.100000
2003-01-29,1.7083918800,1.7136163200,1.7379970400,1.7014259600,22611900,223520545.0000,2.112867,0.510000
2003-02-10,1.7136163200,1.6631134000,1.7136163200,1.6613719200,10632107,102361575.0000,0.993469,-2.950000
2003-02-11,1.6544060000,1.6648548800,1.6683378400,1.6404741600,6317898,60106089.0000,0.590347,0.100000
2003-02-12,1.6561474800,1.6770452400,1.6822696800,1.6456986000,7852699,75313242.0000,0.733760,0.730000
2003-02-13,1.6822696800,1.6456986000,1.6874941200,1.6422156400,10529108,100591339.0000,0.983845,-1.870000
2003-02-14,1.6509230400,1.6544060000,1.6718208000,1.6491815600,6866079,65326909.0000,0.641570,0.530000
2003-02-17,1.6509230400,1.6352497200,1.6613719200,1.6248008400,7164908,67610129.0000,0.669492,-1.160000
2003-02-18,1.6335082400,1.6265423200,1.6422156400,1.6108690000,6231278,58150972.0000,0.582254,-0.530000
2003-02-19,1.6282838000,1.6544060000,1.6596304400,1.6195764000,5784007,54586439.0000,0.540460,1.710000
2003-02-20,1.6491815600,1.6509230400,1.6613719200,1.6456986000,6062294,57565921.0000,0.566464,-0.210000
2003-02-21,1.6456986000,1.6143519600,1.6526645200,1.6004201200,14941926,138887229.0000,1.396181,-2.220000
2003-02-24,1.6143519600,1.6039030800,1.6248008400,1.6004201200,6423219,59304760.0000,0.600189,-0.650000
2003-02-25,1.6039030800,1.6335082400,1.6369912000,1.6021616000,6691688,62496991.0000,0.625275,1.850000
2003-02-26,1.6456986000,1.6317667600,1.6456986000,1.6248008400,4752416,44550048.0000,0.444068,-0.110000
2003-02-27,1.6335082400,1.6613719200,1.6683378400,1.6335082400,13747531,130348430.0000,1.284576,1.810000
2003-02-28,1.6613719200,1.6404741600,1.6613719200,1.6335082400,6277508,59246943.0000,0.586573,-1.260000
2003-03-03,1.6369912000,1.6456986000,1.6544060000,1.6352497200,3434161,32362004.0000,0.320890,0.320000
2003-03-04,1.6544060000,1.6631134000,1.6770452400,1.6491815600,12856981,123083733.0000,1.201362,1.060000
2003-03-05,1.6718208000,1.6578889600,1.6718208000,1.6422156400,7256945,68957277.0000,0.678092,-0.310000
2003-03-06,1.6596304400,1.6352497200,1.6683378400,1.6352497200,9944805,93963920.0000,0.929247,-1.370000
2003-03-07,1.6352497200,1.6352497200,1.6422156400,1.6300252800,4214869,39592338.0000,0.393839,0.000000
2003-03-10,1.6352497200,1.5986786400,1.6404741600,1.5969371600,14118438,130696693.0000,1.319234,-2.240000
2003-03-11,1.5951956800,1.5917127200,1.6108690000,1.5847468000,10995878,100539831.0000,1.027460,-0.440000
2003-03-12,1.5917127200,1.5986786400,1.6004201200,1.5830053200,6442505,58842449.0000,0.601991,0.440000
2003-03-13,1.5951956800,1.5969371600,1.6091275200,1.5917127200,5179805,47482538.0000,0.484003,-0.110000
2003-03-14,1.5969371600,1.6091275200,1.6195764000,1.5951956800,5790768,53527698.0000,0.541092,0.760000
2003-03-17,1.6091275200,1.6073860400,1.6143519600,1.6004201200,7679546,70730552.0000,0.717580,-0.110000
2003-03-18,1.6108690000,1.6230593600,1.6456986000,1.6073860400,13374123,125394737.0000,1.249684,0.980000
2003-03-19,1.6230593600,1.6596304400,1.6805282000,1.6195764000,26570724,253289429.0000,2.482781,2.250000
2003-03-20,1.6596304400,1.6631134000,1.6874941200,1.6544060000,13417648,128569140.0000,1.253751,0.210000
2003-03-21,1.6631134000,1.6718208000,1.6996844800,1.6544060000,18691056,180913326.0000,1.746501,0.520000
2003-03-24,1.6718208000,1.6631134000,1.6944600400,1.6526645200,13262649,127286262.0000,1.239268,-0.520000
2003-03-25,1.6578889600,1.6596304400,1.6683378400,1.6491815600,9118176,86706121.0000,0.852007,-0.210000
2003-03-26,1.6544060000,1.6892356000,1.6996844800,1.6544060000,29750253,288180590.0000,2.779878,1.780000
2003-03-27,1.6874941200,1.7571533200,1.8181051200,1.6805282000,68594934,685473786.0000,6.409543,4.020000
2003-03-28,1.7588948000,1.7606362800,1.7954658800,1.7484459200,45687773,465088473.0000,4.269087,0.200000
2003-03-31,1.7588948000,1.7902414400,1.8024318000,1.7571533200,26838315,275042185.0000,2.507785,1.680000
2003-04-01,1.7902414400,1.8198466000,1.8720910000,1.7902414400,92416960,978103705.0000,8.635485,1.650000
2003-04-02,1.8250710400,1.8285540000,1.8442273200,1.8163636400,15305012,160793608.0000,1.430108,0.480000
2003-04-03,1.8268125200,1.7919829200,1.8407443600,1.7902414400,47572054,493074941.0000,4.445155,-2.000000
2003-04-04,1.7902414400,1.8093977200,1.8337784400,1.7815340400,30731524,319893609.0000,2.871568,0.970000
2003-04-07,1.8128806800,1.8807984000,1.9034376400,1.8128806800,67546838,728663932.0000,6.311609,3.950000
2003-04-08,1.8755739600,1.8947302400,1.9225939200,1.8564176800,56735177,614063851.0000,5.301362,0.740000
2003-04-09,1.8982132000,2.0201168000,2.0340486400,1.8982132000,105539626,1178370500.0000,9.861673,6.620000
2003-04-10,2.0044434800,2.0392730800,2.0950004400,2.0044434800,248014191,2919604507.0000,16.534279,0.950000
2003-04-11,2.0549464000,2.0619123200,2.1002248800,2.0288242000,114380764,1360049896.0000,7.625384,1.110000
2003-04-14,2.0723612000,2.1385374400,2.1681426000,2.0340486400,142564660,1716814635.0000,9.504311,3.720000
2003-04-15,2.1333130000,2.1907818400,2.2047136800,2.1211226400,103415947,1280627040.0000,6.894396,2.440000
2003-04-16,2.1942648000,2.2012307200,2.3788616800,2.1594352000,157762761,2046998553.0000,10.517517,0.480000
2003-04-17,2.2116796000,2.1716255600,2.2534751200,2.1124152400,97310641,1218955195.0000,6.487376,-1.340000
2003-04-18,2.0828100800,2.0897760000,2.1664011200,2.0218582800,64902830,788313792.0000,4.326855,-3.770000
2003-04-21,2.0636538000,2.0305656800,2.0897760000,1.9922531200,92644303,1080592053.0000,6.176287,-2.830000
2003-04-22,2.0340486400,2.0549464000,2.0810686000,2.0305656800,47302022,558628054.0000,3.153468,1.200000
2003-04-23,2.0549464000,1.9992190400,2.0653952800,1.9939946000,52122610,604876349.0000,3.474841,-2.710000
2003-04-24,1.9852872000,1.9469746400,1.9939946000,1.9034376400,101029367,1131225091.0000,6.735291,-2.610000
2003-04-25,1.9469746400,1.9539405600,1.9939946000,1.9295598400,29059366,328640752.0000,1.937291,0.360000
2003-04-28,2.0027020000,2.1472448400,2.1489863200,1.9765798000,127345428,1526831610.0000,8.489695,9.890000
2003-04-29,2.1228641200,2.1385374400,2.1872988800,2.0932589600,90055835,1108096208.0000,6.003722,-0.410000
2003-04-30,2.1507278000,2.1524692800,2.2081966400,2.1350544800,87777472,1091157403.0000,5.851831,0.650000
2003-05-12,2.1594352000,2.2203870000,2.2465092000,2.1106737600,67522272,850047742.0000,4.501485,3.160000
2003-05-13,2.2256114400,2.1071908000,2.2639240000,2.0915174800,70819431,880083246.0000,4.721295,-5.100000
2003-05-14,2.1002248800,2.1489863200,2.1611766800,2.0915174800,43893439,538283862.0000,2.926229,1.980000
2003-05-15,2.1524692800,2.1576937200,2.2029722000,2.1263470800,42366014,526628110.0000,2.824401,0.410000
2003-05-16,2.1681426000,2.1768500000,2.2186455200,2.1489863200,32835422,412738197.0000,2.189028,0.890000
2003-05-19,2.1785914800,2.1507278000,2.1907818400,2.1211226400,26012750,320535367.0000,1.734183,-1.200000
2003-05-20,2.1420204000,2.0984834000,2.1420204000,2.0897760000,25792159,312855650.0000,1.719477,-2.430000
2003-05-21,2.1002248800,2.0984834000,2.1420204000,2.0915174800,14440171,175376604.0000,0.962678,0.000000
2003-05-22,2.0984834000,2.1559522400,2.1646596400,2.0758441600,27537224,336757322.0000,1.835815,2.740000
2003-05-23,2.1629181600,2.1751085200,2.2116796000,2.1542107600,45767527,574363833.0000,3.051168,0.890000
2003-05-26,2.1751085200,2.1751085200,2.1751085200,2.1751085200,0,0.0000,,0.000000
2003-05-27,2.1942648000,2.1768500000,2.2290944000,2.1611766800,35437875,446310824.0000,2.362525,0.080000
2003-05-28,2.1803329600,2.1280885600,2.2116796000,2.1158982000,38693119,481223303.0000,2.579541,-2.240000
2003-05-29,2.1246056000,2.1228641200,2.1420204000,2.0723612000,41507598,499776255.0000,2.767173,-0.250000
2003-05-30,2.1280885600,2.1176396800,2.1402789200,2.0897760000,18019909,218992918.0000,1.201327,-0.250000
2003-06-02,2.1176396800,2.1246056000,2.1298300400,2.0688782400,22558938,271353667.0000,1.503929,0.330000
2003-06-03,2.1333130000,2.1124152400,2.1594352000,2.1037078400,27378672,335651014.0000,1.825245,-0.570000
2003-06-04,2.1071908000,2.1472448400,2.1507278000,2.0862930400,26752705,325692847.0000,1.783514,1.650000
2003-06-05,2.1559522400,2.1176396800,2.1838159200,2.1158982000,38873070,479885944.0000,2.591538,-1.380000
2003-06-06,2.1071908000,2.0880345200,2.1333130000,2.0828100800,27587242,332243691.0000,1.839149,-1.400000
2003-06-09,2.0828100800,2.0305656800,2.0984834000,2.0253412400,26387665,312089605.0000,1.759178,-2.750000
2003-06-10,2.0305656800,2.0462390000,2.0688782400,2.0288242000,12424791,146011906.0000,0.828319,0.770000
2003-06-11,2.0671367600,2.1176396800,2.1211226400,2.0514634400,17487420,209661440.0000,1.165828,3.490000
2003-06-12,2.1211226400,2.0897760000,2.1246056000,2.0793271200,12421936,149337251.0000,0.828129,-1.320000
2003-06-13,2.0897760000,2.0967419200,2.1193811600,2.0758441600,11564176,139006841.0000,0.770945,0.330000
2003-06-16,2.0932589600,2.0549464000,2.0967419200,2.0392730800,14470861,170670963.0000,0.964724,-1.990000
2003-06-17,2.0514634400,2.0410145600,2.0671367600,2.0201168000,14267948,166958333.0000,0.951197,-0.680000
2003-06-18,2.0410145600,2.0392730800,2.0706197200,2.0375316000,13364207,157372918.0000,0.890947,-0.090000
2003-06-19,2.0514634400,2.0444975200,2.0671367600,2.0183753200,16331588,190838060.0000,1.088773,0.260000
2003-06-20,2.0444975200,2.0079264400,2.0532049200,2.0044434800,12915798,150105980.0000,0.861053,-1.790000
2003-06-23,2.0009605200,1.9800627600,2.0027020000,1.9748383200,17352864,198111695.0000,1.156858,-1.390000
2003-06-24,1.9783212800,1.9713553600,1.9957360800,1.9574235200,17171017,194293736.0000,1.144734,-0.440000
2003-06-25,1.9818042400,1.9661309200,1.9887701600,1.9574235200,8461015,95479294.0000,0.564068,-0.270000
2003-06-26,1.9609064800,1.9992190400,2.0148923600,1.9539405600,22010804,251045796.0000,1.467387,1.680000
2003-06-27,2.0027020000,1.9765798000,2.0131508800,1.9643894400,20792592,237787221.0000,1.386173,-1.130000
2003-06-30,1.9678724000,1.9713553600,2.0288242000,1.9556820400,20773228,237891887.0000,1.384882,-0.260000
2003-07-01,1.9713553600,1.9818042400,2.0288242000,1.9713553600,22344722,256771001.0000,1.489648,0.530000
2003-07-02,1.9922531200,2.0688782400,2.0706197200,1.9818042400,44330211,518657360.0000,2.955347,4.390000
2003-07-03,2.0723612000,2.0793271200,2.0915174800,2.0532049200,43223600,515612372.0000,2.881573,0.510000
2003-07-04,2.0741026800,2.0532049200,2.0828100800,2.0375316000,14600943,172593212.0000,0.973396,-1.260000
2003-07-07,2.0514634400,2.0462390000,2.0741026800,2.0235997600,11078537,130090022.0000,0.738569,-0.340000
2003-07-08,2.0427560400,2.0549464000,2.0793271200,2.0410145600,10953506,129674375.0000,0.730234,0.430000
2003-07-09,2.0566878800,2.0462390000,2.0706197200,2.0392730800,6915301,81540717.0000,0.461020,-0.420000
2003-07-10,2.0427560400,2.1002248800,2.1071908000,2.0305656800,38659577,463326528.0000,2.577305,2.640000
2003-07-11,2.1019663600,2.0915174800,2.1141567200,2.0793271200,18769994,225924162.0000,1.251333,-0.410000
2003-07-14,2.0915174800,2.0706197200,2.0984834000,2.0671367600,10638983,126775872.0000,0.709266,-1.000000
2003-07-15,2.0706197200,2.0967419200,2.1106737600,2.0706197200,12097550,145276974.0000,0.806503,1.260000
2003-07-16,2.1125710100,2.1284021000,2.1424741800,2.1108120000,16051963,194042390.0000,1.070131,1.510000
2003-07-17,2.1336791300,2.1565462600,2.1723773500,2.1160890300,32837153,400492013.0000,2.189144,1.320000
2003-07-18,2.1530282400,2.1037759600,2.1776543800,2.0967399200,27383746,332442304.0000,1.825583,-2.450000
2003-07-21,2.0967399200,2.1055349700,2.1125710100,2.0809088300,17540765,209187834.0000,1.169384,0.080000
2003-07-22,2.1196070500,2.0510056600,2.1371971500,2.0316565500,33059263,387648051.0000,2.203951,-2.590000
2003-07-23,2.0492466500,2.0386925900,2.0615597200,2.0175844700,13386951,155298215.0000,0.892463,-0.600000
2003-07-24,2.0386925900,2.0193434800,2.0510056600,2.0035123900,9593647,110802036.0000,0.639576,-0.950000
2003-07-25,2.0193434800,2.0017533800,2.0492466500,1.9859222900,15503219,176945723.0000,1.033548,-0.870000
2003-07-28,1.9964763500,2.0070304100,2.0140664500,1.9771272400,14003659,158941731.0000,0.933577,0.260000
2003-07-29,2.0052714000,2.0281385300,2.0386925900,2.0052714000,10382655,119252679.0000,0.692177,1.050000
2003-07-30,2.0281385300,2.0087894200,2.0386925900,1.9841632800,14898773,169808695.0000,0.993252,-0.950000
2003-07-31,2.0052714000,1.9929583300,2.0123074400,1.9753682300,12503979,141330134.0000,0.833599,-0.790000
2003-08-01,1.9929583300,2.0123074400,2.0334155600,1.9841632800,6885822,78452821.0000,0.459055,0.970000
2003-08-04,2.0228615000,2.0316565500,2.0386925900,2.0105484300,6983772,80480387.0000,0.465585,0.960000
2003-08-05,2.0316565500,2.0193434800,2.0369335800,2.0140664500,4390058,50512606.0000,0.292671,-0.610000
2003-08-06,2.0193434800,1.9947173400,2.0193434800,1.9929583300,7062040,80324995.0000,0.470803,-1.220000
2003-08-07,1.9841632800,2.0175844700,2.0474876400,1.9841632800,13275648,153004419.0000,0.885043,1.150000
2003-08-08,2.0140664500,1.9911993200,2.0175844700,1.9771272400,9191192,104263201.0000,0.612746,-1.310000
2003-08-11,1.9911993200,2.0052714000,2.0140664500,1.9806452600,3971298,45109989.0000,0.264753,0.710000
2003-08-12,2.0035123900,2.0087894200,2.0211024900,1.9911993200,3340211,38122924.0000,0.222681,0.180000
2003-08-13,2.0087894200,1.9753682300,2.0087894200,1.9718502100,8965120,101069269.0000,0.597675,-1.660000
2003-08-14,1.9753682300,1.9349110000,1.9947173400,1.9331519900,12617562,140100318.0000,0.841171,-2.050000
2003-08-15,1.9349110000,1.9225979300,1.9507420900,1.8962127800,19436915,211930903.0000,1.295794,-0.640000
2003-08-18,1.9173209000,1.9155618900,1.9261159500,1.8944537700,4572110,49610289.0000,0.304807,-0.370000
2003-08-19,1.9173209000,1.9208389200,1.9454650600,1.9120438700,10138692,110971875.0000,0.675913,0.280000
2003-08-20,1.9261159500,1.9278749600,1.9313929800,1.9032488200,8382452,91203953.0000,0.558830,0.370000
2003-08-21,1.9278749600,1.9085258500,1.9331519900,1.8979717900,5917431,64329506.0000,0.394495,-1.000000
2003-08-22,1.9050078300,1.8821407000,1.9349110000,1.8786226800,5999288,64820685.0000,0.399953,-1.380000
2003-08-25,1.8645506000,1.8487195100,1.8786226800,1.8381654500,10812966,114404677.0000,0.720864,-1.780000
2003-08-26,1.7590100000,1.8100212900,1.8452014900,1.7590100000,8954892,92757771.0000,0.596993,-2.090000
2003-08-27,1.8100212900,1.7783591100,1.8328884200,1.7766001000,10265510,104949379.0000,0.684367,-1.750000
2003-08-28,1.7853951500,1.7502149500,1.7941902000,1.7484559400,16032685,160640486.0000,1.068846,-1.580000
2003-08-29,1.7484559400,1.7871541600,1.7889131700,1.7449379200,10362307,104401603.0000,0.690820,2.110000
2003-09-01,1.7871541600,1.8293704000,1.8293704000,1.7766001000,18689963,191202517.0000,1.245998,2.360000
2003-09-02,1.8276113900,1.8029852500,1.8381654500,1.7906721800,10727727,110420617.0000,0.715182,-1.440000
2003-09-03,1.7994672300,1.7818771300,1.8152983200,1.7801181200,7530665,76825965.0000,0.502044,-1.170000
2003-09-04,1.7801181200,1.7853951500,1.8082622800,1.7730820800,6835118,69454308.0000,0.455675,0.200000
2003-09-05,1.7871541600,1.7607690100,1.7906721800,1.7414199000,11819505,118251102.0000,0.787967,-1.380000
2003-09-08,1.7590100000,1.7590100000,1.7713230700,1.7484559400,9456579,94615654.0000,0.630439,-0.100000
2003-09-09,1.7607690100,1.7590100000,1.7853951500,1.7379018800,11095534,111110311.0000,0.739702,0.000000
2003-09-10,1.7590100000,1.7871541600,1.7889131700,1.7537329700,10750757,108290330.0000,0.716717,1.600000
2003-09-11,1.7924311900,1.8047442600,1.8188163400,1.7853951500,10714361,109707147.0000,0.714291,0.980000
2003-09-12,1.7941902000,1.7554919800,1.7994672300,1.7502149500,12179901,122146559.0000,0.811993,-2.730000
2003-09-15,1.7502149500,1.6886496000,1.7607690100,1.6780955400,27877304,270394079.0000,1.858487,-3.810000
2003-09-16,1.6851315800,1.6675414800,1.6886496000,1.6376383100,23415723,220738901.0000,1.561048,-1.250000
2003-09-17,1.6675414800,1.6464333600,1.6675414800,1.6376383100,9323889,87354741.0000,0.621593,-1.270000
2003-09-18,1.6358793000,1.6640234600,1.6763365300,1.6323612800,6344465,59763692.0000,0.422964,1.070000
2003-09-19,1.6622644500,1.6728185100,1.6798545500,1.6569874200,3837260,36420411.0000,0.255817,0.530000
2003-09-22,1.6763365300,1.6182892000,1.6798545500,1.6165301900,10427502,96637071.0000,0.695167,-3.260000
2003-09-23,1.6147711800,1.6464333600,1.6552284100,1.6059761300,14531572,134883597.0000,0.968771,1.740000
2003-09-24,1.6464333600,1.6517103900,1.6816135600,1.6446743500,7440106,70300315.0000,0.496007,0.320000
2003-09-25,1.6569874200,1.6481923700,1.6657824700,1.6341202900,6829057,63841628.0000,0.455270,-0.210000
2003-09-26,1.6481923700,1.6605054400,1.6640234600,1.6411563300,4887864,45952851.0000,0.325858,0.750000
2003-09-29,1.6587464300,1.6411563300,1.6710595000,1.6393973200,8725453,82007478.0000,0.581697,-1.170000
2003-09-30,1.6446743500,1.6499513800,1.6693004900,1.6200482100,6033183,56548555.0000,0.402212,0.540000
2003-10-08,1.6446743500,1.6534694000,1.6675414800,1.6306022700,2151301,20233294.0000,0.143420,0.210000
2003-10-09,1.6534694000,1.6481923700,1.6675414800,1.6446743500,1973742,18608558.0000,0.131583,-0.320000
2003-10-10,1.6411563300,1.6710595000,1.7009626700,1.6147711800,14357324,134811330.0000,0.957155,1.390000
2003-10-13,1.6816135600,1.6886496000,1.7027216800,1.6675414800,8214196,78612241.0000,0.547613,1.050000
2003-10-14,1.6974446500,1.6675414800,1.7009626700,1.6605054400,8287692,78865132.0000,0.552513,-1.250000
2003-10-15,1.6675414800,1.6675414800,1.6675414800,1.6675414800,0,0.0000,,0.000000
2003-10-16,1.6182892000,1.6341202900,1.6446743500,1.5971810800,11242973,103898767.0000,0.749532,-2.000000
2003-10-17,1.6341202900,1.6358793000,1.6464333600,1.6147711800,10380772,96401559.0000,0.692051,0.110000
2003-10-20,1.6270842500,1.6253252400,1.6393973200,1.6218072200,4035504,37401523.0000,0.269034,-0.650000
2003-10-21,1.6235662300,1.5919040500,1.6323612800,1.5813499900,13036201,118218728.0000,0.869080,-2.060000
2003-10-22,1.5989400900,1.6587464300,1.6710595000,1.5883860300,20386161,190680171.0000,1.359077,4.200000
2003-10-23,1.6587464300,1.6605054400,1.6956856400,1.6429153400,16088282,152997350.0000,1.072552,0.110000
2003-10-24,1.6605054400,1.6605054400,1.6675414800,1.6376383100,4245929,39992539.0000,0.283062,0.000000
2003-10-27,1.6675414800,1.6464333600,1.6710595000,1.6288432600,6020366,56352810.0000,0.401358,-0.850000
2003-10-28,1.6376383100,1.7009626700,1.7027216800,1.6270842500,14782980,141494425.0000,0.985532,3.310000
2003-10-29,1.7027216800,1.7519739600,1.7537329700,1.6992036600,37248405,366749244.0000,2.483227,3.000000
2003-10-30,1.7519739600,1.7238298000,1.7519739600,1.7132757400,11611028,114124085.0000,0.774069,-1.610000
2003-10-31,1.7150347500,1.7150347500,1.7361428700,1.6904086100,10394670,101277191.0000,0.692978,-0.510000
2003-11-03,1.7062397000,1.7343838600,1.7449379200,1.6939266300,6768277,66567525.0000,0.451218,1.130000
2003-11-04,1.7343838600,1.7924311900,1.8381654500,1.7343838600,30913072,314396375.0000,2.060871,3.350000
2003-11-05,1.7924311900,1.7853951500,1.8082622800,1.7766001000,11414254,116255591.0000,0.760950,-0.390000
2003-11-06,1.7853951500,1.7519739600,1.7924311900,1.7466969300,15875477,158860163.0000,1.058365,-1.870000
2003-11-07,1.7502149500,1.6921676200,1.7519739600,1.6904086100,14506546,141194283.0000,0.967103,-3.410000
2003-11-10,1.6974446500,1.7062397000,1.7326248500,1.6851315800,14441242,140063607.0000,0.962749,0.830000
2003-11-11,1.7203117800,1.6956856400,1.7291068300,1.6745775200,6803268,65633648.0000,0.453551,-0.620000
2003-11-12,1.6886496000,1.6341202900,1.6886496000,1.6270842500,12384495,115804864.0000,0.825633,-3.630000
2003-11-13,1.6270842500,1.6182892000,1.6464333600,1.6024581100,7429029,68419111.0000,0.495269,-0.970000
2003-11-14,1.6270842500,1.6376383100,1.6481923700,1.6182892000,5590807,51888986.0000,0.372720,1.200000
2003-11-17,1.6393973200,1.6147711800,1.6464333600,1.6042171200,3291203,30320404.0000,0.219414,-1.396349
2003-11-18,1.6147711800,1.5989400900,1.6235662300,1.5831090000,8351315,75734640.0000,0.556754,-0.980000
2003-11-19,1.5936630600,1.6270842500,1.6358793000,1.5848680100,5931311,54614469.0000,0.395421,1.760000
2003-11-20,1.6270842500,1.6587464300,1.6728185100,1.6165301900,13874275,130333302.0000,0.924952,1.950000
2003-11-21,1.6622644500,1.6446743500,1.7132757400,1.6358793000,13408285,127888191.0000,0.893886,-0.850000
2003-11-24,1.6411563300,1.7062397000,1.7097577200,1.6411563300,12968927,124467109.0000,0.864595,3.740000
2003-11-25,1.6974446500,1.7220707900,1.7607690100,1.6974446500,27027780,266477410.0000,1.801852,0.930000
2003-11-26,1.7220707900,1.7238298000,1.7255888100,1.6974446500,8282269,80523820.0000,0.552151,0.100000
2003-11-27,1.7238298000,1.6798545500,1.7326248500,1.6728185100,10136969,97937650.0000,0.675798,-2.550000
2003-11-28,1.6798545500,1.6798545500,1.7062397000,1.6780955400,4778051,45919273.0000,0.318537,0.000000
2003-12-01,1.6886496000,1.7414199000,1.7502149500,1.6851315800,17465298,171219108.0000,1.164353,3.660000
2003-12-02,1.7502149500,1.7203117800,1.7572509900,1.7150347500,15228884,149745234.0000,1.015259,-1.210000
2003-12-03,1.7238298000,1.7203117800,1.7519739600,1.6868905900,23407244,228920497.0000,1.560483,0.000000
2003-12-04,1.7291068300,1.7924311900,1.7977082200,1.7291068300,55499428,561494207.0000,3.699962,4.190000
2003-12-05,1.7941902000,1.7941902000,1.8152983200,1.7766001000,30582213,312418509.0000,2.038814,0.100000
2003-12-08,1.7977082200,1.7959492100,1.8364064400,1.7801181200,30707480,316265134.0000,2.047165,0.100000
2003-12-09,1.7924311900,1.7607690100,1.7959492100,1.7326248500,23834044,238488010.0000,1.588936,-1.960000
2003-12-10,1.9349110000,1.8575145600,1.9349110000,1.8170573300,94886854,997981823.0000,6.325790,5.490000
2003-12-11,1.8751046600,1.9313929800,1.9454650600,1.8751046600,82181543,896469648.0000,5.478770,3.980000
2003-12-12,1.9331519900,1.9366700100,1.9560191200,1.9173209000,55123050,608379544.0000,3.674870,0.270000
2003-12-15,1.9542601100,1.9208389200,1.9612961500,1.9173209000,23182075,254681880.0000,1.545472,-0.820000
2003-12-16,1.9173209000,1.8979717900,1.9173209000,1.8680686200,30674840,329263545.0000,2.044989,-1.190000
2003-12-17,1.8962127800,1.8698276300,1.9296339700,1.8663096100,21393594,231201733.0000,1.426240,-1.480000
2003-12-18,1.8627915900,1.8979717900,1.9032488200,1.8575145600,12406813,132727792.0000,0.827121,1.510000
2003-12-19,1.8979717900,1.9349110000,1.9437060500,1.8821407000,31621698,344034634.0000,2.108113,1.950000
2003-12-22,1.9349110000,1.9929583300,1.9947173400,1.9014898100,59457499,658641511.0000,3.963833,3.000000
2003-12-23,1.9894403100,1.9630551600,2.0035123900,1.9525011000,37447801,421801489.0000,2.496520,-1.500000
2003-12-24,1.9700912000,1.9806452600,2.0193434800,1.9612961500,37433155,423707353.0000,2.495544,0.900000
2003-12-25,1.9700912000,1.9542601100,1.9824042700,1.9437060500,32422390,360810660.0000,2.161493,-1.330000
2003-12-26,1.9525011000,1.9489830800,1.9771272400,1.9349110000,22837349,253586919.0000,1.522490,-0.270000
2003-12-29,1.9401880300,1.9261159500,1.9577781300,1.9173209000,21832173,239487458.0000,1.455478,-1.170000
2003-12-30,1.9173209000,1.9190799100,1.9419470400,1.9102848600,18508290,202716704.0000,1.233886,-0.370000
2003-12-31,1.9261159500,1.9014898100,1.9419470400,1.8821407000,20529655,223206600.0000,1.368644,-0.920000
2004-01-02,1.8909357500,1.9138028800,1.9472240700,1.8874177300,22078799,241734611.0000,1.471920,0.650000
2004-01-05,1.9173209000,2.0017533800,2.0123074400,1.9173209000,36348459,409980165.0000,2.423231,4.600000
2004-01-06,2.0105484300,2.0738727900,2.1160890300,2.0105484300,73529786,870015611.0000,4.901986,3.600000
2004-01-07,2.0809088300,2.0984989300,2.1407151700,2.0738727900,40316410,481932196.0000,2.687761,1.190000
2004-01-08,2.0897038800,2.1196070500,2.1248840800,2.0633187300,29517977,351723839.0000,1.967865,1.010000
2004-01-09,2.1196070500,2.0492466500,2.1442331900,2.0404516000,32296533,383204060.0000,2.153102,-3.320000
2004-01-12,2.0492466500,2.1160890300,2.1266430900,2.0492466500,36614321,433681750.0000,2.440955,3.260000
2004-01-13,2.1284021000,2.0932219000,2.1459922000,2.0615597200,40648994,487751349.0000,2.709933,-1.080000
2004-01-14,2.0914628900,2.0439696200,2.0914628900,2.0246205100,26050645,303011753.0000,1.736710,-2.350000
2004-01-15,2.0439696200,2.0386925900,2.0703547700,2.0140664500,20780179,241240935.0000,1.385345,-0.260000
2004-01-16,2.0369335800,2.0492466500,2.0633187300,2.0158254600,15916589,184770791.0000,1.061106,0.520000
2004-01-29,2.0422106100,2.0861858600,2.0861858600,2.0246205100,15855516,185924866.0000,1.057034,1.800000
2004-01-30,2.0861858600,2.0193434800,2.1002579400,2.0105484300,20234664,235518871.0000,1.348978,-3.200000
2004-02-02,2.1213660600,2.1055349700,2.1547872500,2.0439696200,70626302,846730497.0000,4.708420,4.270000
2004-02-03,2.1072939800,2.1284021000,2.1530282400,2.0844268500,28744857,348429624.0000,1.916324,1.090000
2004-02-04,2.1371971500,2.1706183400,2.2005215100,2.1371971500,41271598,511763880.0000,2.751440,1.980000
2004-02-05,2.1723773500,2.1618232900,2.2057985400,2.1442331900,31199738,386471971.0000,2.079983,-0.410000
2004-02-06,2.1547872500,2.1530282400,2.2022805200,2.1213660600,44461352,545361901.0000,2.964090,-0.410000
2004-02-09,2.1495102200,2.1864494300,2.2005215100,2.1424741800,34309614,426322163.0000,2.287308,1.550000
2004-02-10,2.1952444800,2.1442331900,2.2075575500,2.1354381400,23605176,291055863.0000,1.573678,-1.930000
2004-02-11,2.1459922000,2.1072939800,2.1565462600,2.0967399200,19639203,235969646.0000,1.309280,-1.720000
2004-02-12,2.1090529900,2.0668367500,2.1284021000,2.0580417000,32316924,384867167.0000,2.154462,-1.920000
2004-02-13,2.0668367500,2.0685957600,2.1108120000,2.0580417000,27075120,320581828.0000,1.805008,0.090000
2004-02-16,2.0756318000,2.1618232900,2.1635823000,2.0756318000,40475701,488828100.0000,2.698380,4.510000
2004-02-17,2.1723773500,2.1600642800,2.2110755700,2.1530282400,71967517,896111408.0000,4.797834,-0.080000
2004-02-18,2.1952444800,2.1371971500,2.2269066600,2.1143300200,46803969,575853467.0000,3.120265,-1.060000
2004-02-19,2.1407151700,2.1055349700,2.1671003200,2.0932219000,29034814,351653911.0000,1.935654,-1.480000
2004-02-20,2.1108120000,2.1354381400,2.1547872500,2.0897038800,27291556,330011384.0000,1.819437,1.420000
2004-02-23,2.1389561600,2.0510056600,2.1459922000,2.0386925900,57826709,682226758.0000,3.855114,-3.950000
2004-02-24,2.0633187300,2.0228615000,2.0668367500,1.9876813000,34031957,391039880.0000,2.268797,-1.370000
2004-02-25,2.0228615000,1.9630551600,2.0369335800,1.9489830800,51423929,580015196.0000,3.428262,-2.960000
2004-02-26,1.9700912000,1.9824042700,1.9841632800,1.9560191200,27962112,313380448.0000,1.864141,0.990000
2004-02-27,1.9841632800,1.9612961500,1.9964763500,1.9489830800,27496015,306915422.0000,1.833068,-1.060000
2004-03-01,1.9612961500,1.9454650600,1.9718502100,1.9067668400,30649509,336637789.0000,2.043301,-0.810000
2004-03-02,1.9612961500,1.9612961500,1.9841632800,1.9437060500,23144782,258578461.0000,1.542985,0.810000
2004-03-03,1.9683321900,1.9401880300,1.9788862500,1.9384290200,18910230,210069329.0000,1.260682,-1.080000
2004-03-04,1.9349110000,1.9525011000,1.9542601100,1.9138028800,18744857,206028581.0000,1.249657,0.630000
2004-03-05,1.9525011000,1.9313929800,1.9648141700,1.9190799100,12879852,141906266.0000,0.858657,-1.080000
2004-03-08,1.9261159500,1.8751046600,1.9331519900,1.8733456500,18642975,200993848.0000,1.242865,-2.910000
2004-03-09,1.8751046600,1.8803816900,1.9032488200,1.8610325800,13634538,145914569.0000,0.908969,0.280000
2004-03-10,1.8909357500,1.9419470400,1.9454650600,1.8856587200,14847694,162040417.0000,0.989846,3.270000
2004-03-11,1.9489830800,1.9366700100,1.9612961500,1.9278749600,20283419,223753440.0000,1.352228,-0.270000
2004-03-12,1.9437060500,1.9138028800,1.9542601100,1.9067668400,11629112,126995621.0000,0.775274,-1.180000
2004-03-15,1.9138028800,1.9806452600,1.9824042700,1.9138028800,34476041,383549955.0000,2.298403,3.490000
2004-03-16,1.9964763500,1.9700912000,1.9982353600,1.9525011000,20451548,229061011.0000,1.363437,-0.530000
2004-03-17,1.9736092200,1.9859222900,1.9964763500,1.9612961500,21203226,238473670.0000,1.413548,0.800000
2004-03-18,1.9964763500,1.9612961500,2.0105484300,1.9454650600,24624689,277258425.0000,1.641646,-1.240000
2004-03-19,1.9612961500,1.9612961500,1.9612961500,1.9612961500,0,0.0000,,0.000000
2004-03-22,1.9876813000,1.9911993200,2.0175844700,1.9648141700,30113347,341609882.0000,2.007556,1.520000
2004-03-23,1.9911993200,1.9595371400,1.9964763500,1.9401880300,26015367,289881295.0000,1.734358,-1.590000
2004-03-24,1.9560191200,1.9472240700,1.9577781300,1.9225979300,20699610,227819849.0000,1.379974,-0.630000
2004-03-25,1.9700912000,1.9560191200,1.9964763500,1.9437060500,23856995,266633398.0000,1.590466,0.450000
2004-03-26,1.9577781300,1.9630551600,1.9753682300,1.9366700100,10081072,112090883.0000,0.672071,0.360000
2004-03-29,1.9630551600,1.9542601100,1.9753682300,1.9489830800,9654286,107648326.0000,0.643619,-0.450000
2004-03-30,1.9525011000,1.9313929800,1.9525011000,1.9102848600,13131931,143747692.0000,0.875462,-1.170000
2004-03-31,1.9313929800,1.9261159500,1.9419470400,1.9138028800,11092989,121552091.0000,0.739533,-0.270000
2004-04-01,1.9278749600,1.9630551600,1.9700912000,1.9278749600,12038551,133858299.0000,0.802570,1.920000
2004-04-02,1.9630551600,1.9771272400,1.9824042700,1.9630551600,21539058,241609087.0000,1.435937,0.720000
2004-04-05,1.9806452600,1.9612961500,1.9894403100,1.9489830800,19472441,218313400.0000,1.298163,-0.800000
2004-04-06,1.9612961500,1.9577781300,1.9612961500,1.9225979300,15850474,174742480.0000,1.056698,-0.180000
2004-04-07,1.9577781300,1.9331519900,1.9683321900,1.9261159500,18341951,201886996.0000,1.222797,-1.260000
2004-04-08,1.9313929800,1.9102848600,1.9366700100,1.8909357500,35421494,383657843.0000,2.361433,-1.180000
2004-04-09,1.9278749600,1.8786226800,1.9313929800,1.8645506000,35665380,383114154.0000,2.377692,-1.660000
2004-04-12,1.8610325800,1.8627915900,1.8803816900,1.8416834700,22960270,242515740.0000,1.530685,-0.840000
2004-04-13,1.8610325800,1.8487195100,1.8821407000,1.8434424800,13468521,142457005.0000,0.897901,-0.760000
2004-04-14,1.8469605000,1.8205753500,1.8487195100,1.8065032700,17254133,178311756.0000,1.150276,-1.520000
2004-04-15,1.8188163400,1.8135393100,1.8416834700,1.7994672300,12092157,124794427.0000,0.806144,-0.390000
2004-04-16,1.8170573300,1.8364064400,1.8522375300,1.8100212900,13909120,144232427.0000,0.927275,1.260000
2004-04-19,1.8399244600,1.8135393100,1.8469605000,1.8117803000,8076198,84014578.0000,0.538413,-1.250000
2004-04-20,1.8117803000,1.8522375300,1.8733456500,1.8100212900,22227169,233967683.0000,1.481811,2.130000
2004-04-21,1.8610325800,1.8293704000,1.8856587200,1.8276113900,21330954,225825142.0000,1.422064,-1.230000
2004-04-22,1.8311294100,1.8452014900,1.8575145600,1.8205753500,17755397,185565990.0000,1.183693,0.870000
2004-04-23,1.8434424800,1.8188163400,1.8434424800,1.8082622800,10402651,107716350.0000,0.693510,-1.430000
2004-04-26,1.8188163400,1.8276113900,1.8364064400,1.8117803000,7726802,80090396.0000,0.515120,0.480000
2004-04-27,1.8293704000,1.8487195100,1.8592735700,1.8258523800,16278010,170725843.0000,1.085201,1.150000
2004-04-28,1.8610325800,1.8821407000,1.8962127800,1.8170573300,34304202,363635929.0000,2.286947,1.810000
2004-04-29,1.8733456500,1.9050078300,1.9331519900,1.8645506000,47615360,516868300.0000,3.174357,1.210000
2004-04-30,1.9032488200,1.9208389200,1.9472240700,1.8944537700,50779555,555009438.0000,3.385304,0.830000
2004-05-10,1.9208389200,1.8645506000,1.9261159500,1.8592735700,12623825,135110148.0000,0.841588,-2.930000
2004-05-11,1.8624200000,1.9028611200,1.9156320000,1.8539060800,8466520,75193420.0000,0.470362,2.050000
2004-05-12,1.8943472000,1.9347883200,1.9454307200,1.8858332800,15620800,141168906.0000,0.867822,1.680000
2004-05-13,1.9369168000,1.9347883200,1.9433022400,1.9177604800,12256712,111234175.0000,0.680928,0.000000
2004-05-14,1.9347883200,1.9028611200,1.9347883200,1.8900902400,16299586,146069442.0000,0.905533,-1.650000
2004-05-17,1.9007326400,1.8453921600,1.9135035200,1.8390067200,15456926,135993758.0000,0.858718,-3.020000
2004-05-18,1.8411352000,1.8539060800,1.8645484800,1.8006940800,15287359,131812382.0000,0.849298,0.460000
2004-05-19,1.8624200000,1.8666769600,1.9071180800,1.8347497600,11578104,102220556.0000,0.643228,0.690000
2004-05-20,1.8666769600,1.8922187200,1.9262744000,1.8666769600,14696785,131170274.0000,0.816488,1.370000
2004-05-21,1.8943472000,1.9049896000,1.9177604800,1.8794478400,8197236,73125343.0000,0.455402,0.670000
2004-05-24,1.9156320000,1.9135035200,1.9305313600,1.8943472000,9982433,89721948.0000,0.554580,0.450000
2004-05-25,1.9135035200,1.8900902400,1.9135035200,1.8773193600,7161041,63650176.0000,0.397836,-1.220000
2004-05-26,1.8900902400,1.8900902400,1.9007326400,1.8624200000,8625692,76074823.0000,0.479205,0.000000
2004-05-27,1.8943472000,1.9284028800,1.9390452800,1.8815763200,25086573,226985230.0000,1.393699,2.030000
2004-05-28,1.9347883200,1.9177604800,1.9390452800,1.9071180800,10531495,95003627.0000,0.585083,-0.550000
2004-05-31,1.9220174400,1.9326598400,1.9496876800,1.9156320000,12412382,112930250.0000,0.689577,0.780000
2004-06-01,1.9326598400,1.9731009600,1.9773579200,1.9284028800,24317540,223760971.0000,1.350974,2.090000
2004-06-02,1.9794864000,1.9624585600,1.9922572800,1.9582016000,21111313,195994530.0000,1.172851,-0.540000
2004-06-03,1.9603300800,1.9156320000,1.9645870400,1.9135035200,13364463,121291730.0000,0.742470,-2.390000
2004-06-04,1.9113750400,1.9092465600,1.9284028800,1.9071180800,7970930,71806806.0000,0.442829,-0.330000
2004-06-07,1.9092465600,1.8773193600,1.9156320000,1.8645484800,11964970,105899795.0000,0.664721,-1.670000
2004-06-08,1.8751908800,1.8496491200,1.9028611200,1.8390067200,19908228,174711414.0000,1.106013,-1.470000
2004-06-09,1.8496491200,1.8581630400,1.8773193600,1.8304928000,20170391,175796227.0000,1.120577,0.460000
2004-06-10,1.8539060800,1.8390067200,1.8730624000,1.8155934400,24055966,208787169.0000,1.336443,-1.030000
2004-06-11,1.8411352000,1.8241073600,1.8794478400,1.8134649600,18494926,160129879.0000,1.027496,-0.810000
2004-06-14,1.8198504000,1.8092080000,1.8326212800,1.8028225600,16258368,138571749.0000,0.903243,-0.820000
2004-06-15,1.7985656000,1.8666769600,1.9049896000,1.7964371200,22062738,191644214.0000,1.225708,3.180000
2004-06-16,1.8624200000,1.8539060800,1.8900902400,1.8262358400,16553211,144967945.0000,0.919623,-0.680000
2004-06-17,1.8624200000,1.8177219200,1.8624200000,1.8092080000,7984385,68453319.0000,0.443577,-1.950000
2004-06-18,1.8092080000,1.7687668800,1.8304928000,1.7517390400,19223850,161330599.0000,1.067992,-2.690000
2004-06-21,1.7645099200,1.7666384000,1.7751523200,1.7517390400,10131820,83910338.0000,0.562879,-0.120000
2004-06-22,1.7666384000,1.7921801600,1.8134649600,1.7581244800,11526517,96748162.0000,0.640362,1.450000
2004-06-23,1.7943086400,1.7772808000,1.7964371200,1.7751523200,10279010,86229569.0000,0.571056,-0.830000
2004-06-24,1.7879232000,1.7794092800,1.7985656000,1.7730238400,6026181,50536926.0000,0.334788,0.120000
2004-06-25,1.7794092800,1.7794092800,1.7794092800,1.7794092800,0,0.0000,,0.000000
2004-06-28,1.7496105600,1.7602529600,1.7687668800,1.7453536000,9274300,76611278.0000,0.515239,-1.080000
2004-06-29,1.7559960000,1.8028225600,1.8177219200,1.7538675200,7717058,64720836.0000,0.428725,2.420000
2004-06-30,1.8070795200,1.8049510400,1.8241073600,1.7772808000,9980885,84912848.0000,0.554494,0.120000
2004-07-01,1.8049510400,1.8453921600,1.8581630400,1.7985656000,14224125,122946406.0000,0.790229,2.240000
2004-07-02,1.8453921600,1.8581630400,1.8751908800,1.8326212800,9504954,82819917.0000,0.528053,0.690000
2004-07-05,1.8581630400,1.8517776000,1.8688054400,1.8283643200,7702847,66692937.0000,0.427936,-0.340000
2004-07-06,1.8517776000,1.8709339200,1.9007326400,1.8496491200,17330546,153078128.0000,0.962808,1.030000
2004-07-07,1.8709339200,1.8539060800,1.8709339200,1.8517776000,4972365,43391615.0000,0.276243,-0.910000
2004-07-08,1.8517776000,1.8815763200,1.8858332800,1.8432636800,9172396,80504137.0000,0.509578,1.490000
2004-07-09,1.8794478400,1.8900902400,1.9071180800,1.8773193600,12662727,112422230.0000,0.703485,0.450000
2004-07-12,1.8773193600,1.8624200000,1.8815763200,1.8411352000,9826599,85679157.0000,0.545922,-1.460000
2004-07-13,1.8517776000,1.8815763200,1.8879617600,1.8517776000,5843020,51404680.0000,0.324612,1.030000
2004-07-14,1.8900902400,1.9049896000,1.9071180800,1.8751908800,12276893,109246791.0000,0.682050,1.240000
2004-07-15,1.9049896000,1.9411737600,1.9475592000,1.8943472000,21741216,197035247.0000,1.207845,1.900000
2004-07-16,1.9433022400,1.9582016000,1.9709724800,1.9347883200,28462174,261963524.0000,1.581232,0.880000
2004-07-19,1.9603300800,1.9624585600,1.9752294400,1.9475592000,15732900,145075843.0000,0.874050,0.220000
2004-07-20,1.9582016000,1.9518161600,1.9794864000,1.9411737600,15425447,141851409.0000,0.856969,-0.540000
2004-07-21,1.9496876800,1.9582016000,1.9688440000,1.9411737600,6696422,61452130.0000,0.372023,0.330000
2004-07-22,1.9582016000,1.8858332800,1.9645870400,1.8730624000,18390974,165137814.0000,1.021721,-3.700000
2004-07-23,1.8858332800,1.9071180800,1.9092465600,1.8688054400,15247988,135066099.0000,0.847110,1.130000
2004-07-26,1.9007326400,1.8815763200,1.9198889600,1.8666769600,6607540,58567453.0000,0.367086,-1.340000
2004-07-27,1.8815763200,1.8496491200,1.8943472000,1.8411352000,11101927,97205731.0000,0.616774,-1.700000
2004-07-28,1.8411352000,1.8624200000,1.8730624000,1.8326212800,8887066,77240886.0000,0.493726,0.690000
2004-07-29,1.8624200000,1.9028611200,1.9156320000,1.8624200000,11779386,104773569.0000,0.654410,2.170000
2004-07-30,1.9113750400,1.9049896000,1.9198889600,1.8943472000,8058528,72166570.0000,0.447696,0.110000
2004-08-02,1.8964756800,1.9113750400,1.9241459200,1.8751908800,8550863,76894899.0000,0.475048,0.340000
2004-08-03,1.8900902400,1.8751908800,1.9177604800,1.8688054400,7834010,69524791.0000,0.435223,-1.890000
2004-08-04,1.8645484800,1.9326598400,1.9794864000,1.8411352000,23104297,207106087.0000,1.283572,3.060000
2004-08-05,1.9156320000,1.8964756800,1.9454307200,1.8964756800,7026371,63325195.0000,0.390354,-1.870000
2004-08-06,1.8964756800,1.9028611200,1.9475592000,1.8879617600,3805688,34006789.0000,0.211427,0.340000
2004-08-09,1.9028611200,1.9496876800,1.9688440000,1.8943472000,15105620,138197275.0000,0.839201,2.460000
2004-08-10,1.9560731200,1.9731009600,1.9837433600,1.9454307200,23237630,214856374.0000,1.290979,1.200000
2004-08-11,1.9773579200,1.9411737600,1.9773579200,1.9326598400,11337390,103867500.0000,0.629855,-1.620000
2004-08-12,1.9326598400,1.9496876800,1.9560731200,1.9092465600,11841552,107266934.0000,0.657864,0.440000
2004-08-13,1.9411737600,1.9752294400,1.9901288000,1.9241459200,24959822,231740275.0000,1.386657,1.310000
2004-08-16,1.9752294400,1.9603300800,1.9837433600,1.9582016000,11877912,110067520.0000,0.659884,-0.750000
2004-08-17,1.9582016000,1.9773579200,1.9901288000,1.9454307200,13452359,124531705.0000,0.747353,0.870000
2004-08-18,1.9794864000,1.9986427200,2.0326984000,1.9752294400,29226381,276153835.0000,1.623688,1.080000
2004-08-19,1.9986427200,1.9965142400,2.0135420800,1.9752294400,14294900,133696690.0000,0.794161,-0.110000
2004-08-20,1.9922572800,2.0050281600,2.0241844800,1.9837433600,16065242,151659594.0000,0.892513,0.430000
2004-08-23,2.0028996800,1.9688440000,2.0114136000,1.9454307200,18514189,172125838.0000,1.028566,-1.800000
2004-08-24,1.9582016000,1.9709724800,2.0007712000,1.9433022400,11557679,106900874.0000,0.642093,0.110000
2004-08-25,1.9645870400,1.9539446400,1.9773579200,1.9369168000,10121783,92878417.0000,0.562321,-0.860000
2004-08-26,1.9496876800,1.9582016000,1.9731009600,1.9326598400,5130271,47058463.0000,0.285015,0.220000
2004-08-27,1.9667155200,1.9539446400,1.9709724800,1.9369168000,6706755,61404672.0000,0.372597,-0.220000
2004-08-30,1.9369168000,1.9411737600,1.9667155200,1.9113750400,7779155,70418986.0000,0.432175,-0.650000
2004-08-31,1.9688440000,1.9645870400,1.9965142400,1.9433022400,14277496,131866798.0000,0.793194,1.210000
2004-09-01,1.9582016000,1.9177604800,1.9582016000,1.9071180800,11990510,108341361.0000,0.666139,-2.380000
2004-09-02,1.9135035200,1.9071180800,1.9135035200,1.8730624000,18915474,168015167.0000,1.050860,-0.550000
2004-09-03,1.9049896000,1.8986041600,1.9156320000,1.8858332800,3606746,32168966.0000,0.200375,-0.450000
2004-09-06,1.8964756800,1.8858332800,1.8964756800,1.8815763200,5957721,52817208.0000,0.330985,-0.670000
2004-09-07,1.8837048000,1.9156320000,1.9198889600,1.8773193600,5491021,49248140.0000,0.305057,1.580000
2004-09-08,1.9177604800,1.9007326400,1.9284028800,1.8709339200,7716589,68701340.0000,0.428699,-0.780000
2004-09-09,1.8943472000,1.8688054400,1.9092465600,1.8624200000,8054913,71103160.0000,0.447495,-1.680000
2004-09-10,1.8688054400,1.8837048000,1.8964756800,1.8390067200,6953659,60875602.0000,0.386314,0.800000
2004-09-13,1.8837048000,1.8581630400,1.8837048000,1.8368782400,6216001,54131588.0000,0.345333,-1.360000
2004-09-14,1.8581630400,1.9028611200,1.9284028800,1.8581630400,13872760,124016780.0000,0.770709,2.410000
2004-09-15,1.9071180800,1.9731009600,2.0028996800,1.8986041600,48837638,451978878.0000,2.713202,3.690000
2004-09-16,2.0007712000,1.9943857600,2.0241844800,1.9794864000,29349855,275886789.0000,1.630548,1.080000
2004-09-17,2.0007712000,2.0475977600,2.0582401600,1.9752294400,49030289,465068653.0000,2.723905,2.670000
2004-09-20,2.0603686400,2.0922958400,2.1029382400,2.0518547200,74642641,727530368.0000,4.146813,2.180000
2004-09-21,2.0965528000,2.0454692800,2.0965528000,2.0326984000,44949680,433955465.0000,2.497204,-2.240000
2004-09-22,2.0220560000,1.9858718400,2.0518547200,1.9731009600,63822110,601963076.0000,3.545673,-2.910000
2004-09-23,1.9901288000,2.0901673600,2.0922958400,1.9752294400,39028676,371861959.0000,2.168260,5.250000
2004-09-24,2.1178376000,2.0199275200,2.1327369600,2.0156705600,79002719,772417077.0000,4.389040,-3.360000
2004-09-27,2.0412123200,2.0007712000,2.0561116800,1.9858718400,34341711,323641578.0000,1.907873,-0.950000
2004-09-28,2.0050281600,2.0007712000,2.0220560000,1.9752294400,13922347,130452758.0000,0.773464,0.000000
2004-09-29,2.0007712000,2.0007712000,2.0284414400,1.9965142400,12460036,117912042.0000,0.692224,0.000000
2004-09-30,2.0007712000,1.9922572800,2.0135420800,1.9794864000,10394081,97265896.0000,0.577449,-0.430000
2004-10-08,1.9794864000,1.9773579200,1.9858718400,1.9241459200,19993160,183109673.0000,1.110731,-0.750000
2004-10-11,1.9773579200,1.9347883200,1.9901288000,1.9262744000,27285747,249595319.0000,1.515875,-2.150000
2004-10-12,1.9262744000,1.8879617600,1.9326598400,1.8815763200,24706540,220964878.0000,1.372586,-2.420000
2004-10-13,1.8900902400,1.8943472000,1.9198889600,1.8879617600,15083092,134850559.0000,0.837950,0.340000
2004-10-14,1.8943472000,1.8709339200,1.9049896000,1.8666769600,20330540,179815725.0000,1.129474,-1.240000
2004-10-15,1.8666769600,1.8900902400,1.9007326400,1.8581630400,12529634,110747787.0000,0.696091,1.020000
2004-10-18,1.9113750400,1.8837048000,1.9135035200,1.8560345600,8619185,75955655.0000,0.478844,-0.340000
2004-10-19,1.8900902400,1.8858332800,1.9326598400,1.8730624000,10811856,96866928.0000,0.600659,0.110000
2004-10-20,1.8858332800,1.8411352000,1.8922187200,1.8262358400,22072735,191203492.0000,1.226263,-2.370000
2004-10-21,1.8326212800,1.7559960000,1.8368782400,1.7559960000,49111694,412644447.0000,2.728427,-4.620000
2004-10-22,1.7538675200,1.7900516800,1.8092080000,1.7517390400,20753051,173406909.0000,1.152947,1.940000
2004-10-25,1.8092080000,1.7857947200,1.8411352000,1.7857947200,16890284,144072418.0000,0.938349,-0.240000
2004-10-26,1.7857947200,1.8539060800,1.8602915200,1.7794092800,19876605,170920019.0000,1.104256,3.810000
2004-10-27,1.8560345600,1.8922187200,1.8964756800,1.8432636800,16618145,146436099.0000,0.923230,2.070000
2004-10-28,1.8922187200,1.8624200000,1.8964756800,1.8517776000,9541784,84191347.0000,0.530099,-1.570000
2004-10-29,1.8943472000,1.8837048000,1.9965142400,1.8794478400,31302854,280306205.0000,1.739047,1.140000
2004-11-01,1.8943472000,1.8837048000,1.9198889600,1.8751908800,17017542,151608603.0000,0.945419,0.000000
2004-11-02,1.8858332800,1.8688054400,1.8943472000,1.8390067200,9365862,81700336.0000,0.520326,-0.790000
2004-11-03,1.8837048000,1.9071180800,1.9198889600,1.8730624000,25950783,232279939.0000,1.441710,2.050000
2004-11-04,1.8922187200,1.8794478400,1.9433022400,1.8688054400,22655620,204151088.0000,1.258646,-1.450000
2004-11-05,1.8815763200,1.9092465600,1.9135035200,1.8815763200,8057498,71768187.0000,0.447639,1.590000
2004-11-08,1.8943472000,1.9049896000,1.9113750400,1.8688054400,6187129,55002490.0000,0.343729,-0.220000
2004-11-09,1.9049896000,1.9049896000,1.9198889600,1.8900902400,6075536,54410105.0000,0.337530,0.000000
2004-11-10,1.9049896000,1.9369168000,1.9645870400,1.8837048000,32071202,290993875.0000,1.781733,1.680000
2004-11-11,1.9411737600,1.9156320000,1.9731009600,1.9092465600,15479354,141518709.0000,0.859964,-1.100000
2004-11-12,1.9177604800,1.9241459200,1.9475592000,1.9156320000,7610889,69086832.0000,0.422827,0.440000
2004-11-15,1.9305313600,1.8900902400,1.9475592000,1.8624200000,23028408,204798389.0000,1.279356,-1.770000
2004-11-16,1.9049896000,1.9113750400,1.9135035200,1.8879617600,9431756,84060882.0000,0.523986,1.130000
2004-11-17,1.9156320000,1.8922187200,1.9177604800,1.8858332800,6268225,55860652.0000,0.348235,-1.000000
2004-11-18,1.8922187200,1.8879617600,1.8964756800,1.8751908800,4246651,37594640.0000,0.235925,-0.220000
2004-11-19,1.8943472000,1.9156320000,1.9284028800,1.8900902400,7639187,68676175.0000,0.424399,1.470000
2004-11-22,1.9156320000,1.9071180800,1.9284028800,1.8943472000,8715400,78253656.0000,0.484189,-0.440000
2004-11-23,1.9113750400,1.8837048000,1.9113750400,1.8794478400,6696285,59442080.0000,0.372016,-1.230000
2004-11-24,1.8815763200,1.8794478400,1.9028611200,1.8751908800,6266642,55516708.0000,0.348147,-0.230000
2004-11-25,1.8943472000,1.8751908800,1.8964756800,1.8709339200,4354960,38468417.0000,0.241942,-0.230000
2004-11-26,1.8751908800,1.8709339200,1.8879617600,1.8624200000,3481364,30617329.0000,0.193409,-0.230000
2004-11-29,1.8666769600,1.8688054400,1.8943472000,1.8645484800,5879994,52025296.0000,0.326666,-0.110000
2004-11-30,1.8688054400,1.8496491200,1.8858332800,1.8475206400,6481400,56751639.0000,0.360078,-1.030000
2004-12-01,1.8496491200,1.8517776000,1.8624200000,1.8411352000,3873704,33709667.0000,0.215206,0.120000
2004-12-02,1.8517776000,1.8241073600,1.8539060800,1.8155934400,9231056,79268900.0000,0.512836,-1.490000
2004-12-03,1.8262358400,1.8241073600,1.8475206400,1.8134649600,2479429,21325922.0000,0.137746,0.000000
2004-12-06,1.8304928000,1.8262358400,1.8411352000,1.8049510400,5160158,44110873.0000,0.286675,0.120000
2004-12-07,1.8304928000,1.8304928000,1.8475206400,1.8219788800,4103348,35345673.0000,0.227964,0.230000
2004-12-08,1.8709339200,1.8453921600,1.8709339200,1.8326212800,4383984,38053923.0000,0.243555,0.810000
2004-12-09,1.8475206400,1.8496491200,1.8943472000,1.8198504000,15426097,135047186.0000,0.857005,0.230000
2004-12-10,1.8432636800,1.8496491200,1.8666769600,1.8347497600,8818546,76759491.0000,0.489919,0.000000
2004-12-13,1.8347497600,1.8411352000,1.8517776000,1.8198504000,3961594,34154871.0000,0.220089,-0.460000
2004-12-14,1.8390067200,1.8390067200,1.8560345600,1.8262358400,6536150,56606903.0000,0.363119,-0.120000
2004-12-15,1.8347497600,1.8411352000,1.8730624000,1.8198504000,5282202,45546163.0000,0.293456,0.120000
2004-12-16,1.8411352000,1.8581630400,1.8858332800,1.8262358400,11540141,100974975.0000,0.641119,0.920000
2004-12-17,1.8581630400,1.8390067200,1.8602915200,1.8283643200,5490682,47482508.0000,0.305038,-1.030000
2004-12-20,1.8304928000,1.8134649600,1.8411352000,1.8006940800,15209654,130214352.0000,0.844981,-1.390000
2004-12-21,1.8113364800,1.8049510400,1.8241073600,1.7985656000,7117964,60569555.0000,0.395442,-0.470000
2004-12-22,1.8198504000,1.8411352000,1.8432636800,1.8049510400,7492150,64199315.0000,0.416231,2.000000
2004-12-23,1.8475206400,1.8219788800,1.8517776000,1.8198504000,5264214,45438701.0000,0.292456,-1.040000
2004-12-24,1.8262358400,1.8134649600,1.8283643200,1.8049510400,5465678,46654093.0000,0.303649,-0.470000
2004-12-27,1.8092080000,1.7666384000,1.8177219200,1.7581244800,14018041,117054068.0000,0.778780,-2.580000
2004-12-28,1.7645099200,1.7772808000,1.7836662400,1.7538675200,9561153,79489042.0000,0.531175,0.600000
2004-12-29,1.7772808000,1.7645099200,1.7900516800,1.7581244800,4526110,37685491.0000,0.251451,-0.720000
2004-12-30,1.7645099200,1.7666384000,1.7794092800,1.7559960000,16055290,133221139.0000,0.891961,0.120000
2004-12-31,1.8092080000,1.7772808000,1.8092080000,1.7559960000,10648960,89186912.0000,0.591609,0.600000
2005-01-04,1.7645099200,1.7389681600,1.7687668800,1.7261972800,13427957,110294619.0000,0.745998,-2.160000
2005-01-05,1.7453536000,1.7389681600,1.7496105600,1.7198118400,15455058,125361606.0000,0.858614,0.000000
2005-01-06,1.7432251200,1.7049124800,1.7432251200,1.6985270400,16996202,136195820.0000,0.944233,-1.960000
2005-01-07,1.7049124800,1.7049124800,1.7261972800,1.6985270400,4669189,37457528.0000,0.259399,0.000000
2005-01-10,1.7198118400,1.7666384000,1.7751523200,1.7027840000,10362551,85261509.0000,0.575697,3.620000
2005-01-11,1.7645099200,1.7623814400,1.7708953600,1.7517390400,6421913,53176721.0000,0.356773,-0.240000
2005-01-12,1.7645099200,1.7708953600,1.7751523200,1.7517390400,2839033,23483276.0000,0.157724,0.480000
2005-01-13,1.7708953600,1.7581244800,1.7708953600,1.7432251200,5237281,43148409.0000,0.290960,-0.720000
2005-01-14,1.7581244800,1.7538675200,1.7985656000,1.7453536000,7629562,63618072.0000,0.423865,-0.240000
2005-01-17,1.7283257600,1.7070409600,1.7538675200,1.7006555200,10010342,80976207.0000,0.556130,-2.670000
2005-01-18,1.7070409600,1.7198118400,1.7261972800,1.6878846400,11761700,94262486.0000,0.653428,0.750000
2005-01-19,1.7219403200,1.7176833600,1.7240688000,1.7006555200,3500446,28134189.0000,0.194469,-0.120000
2005-01-20,1.7134264000,1.7198118400,1.7347112000,1.7049124800,6780985,54764705.0000,0.376721,0.120000
2005-01-21,1.7134264000,1.8092080000,1.8517776000,1.7049124800,31670671,266858103.0000,1.759482,5.200000
2005-01-24,1.8198504000,1.8304928000,1.8411352000,1.7921801600,25678464,219187517.0000,1.426581,1.180000
2005-01-25,1.8262358400,1.8113364800,1.8262358400,1.8028225600,10660982,90779537.0000,0.592277,-1.050000
2005-01-26,1.8155934400,1.8198504000,1.8624200000,1.8113364800,19499464,168237038.0000,1.083304,0.470000
2005-01-27,1.8177219200,1.7879232000,1.8241073600,1.7836662400,6018024,50801681.0000,0.334335,-1.750000
2005-01-28,1.7857947200,1.7964371200,1.8006940800,1.7730238400,3963048,33275246.0000,0.220169,0.480000
2005-01-31,1.7879232000,1.8049510400,1.8155934400,1.7794092800,5297014,44794027.0000,0.294279,0.470000
2005-02-01,1.8028225600,1.8304928000,1.8411352000,1.7964371200,9302024,79813584.0000,0.516779,1.420000
2005-02-02,1.8304928000,1.8837048000,1.8943472000,1.8304928000,34682967,305186117.0000,1.926832,2.910000
2005-02-03,1.8773193600,1.8539060800,1.8900902400,1.8517776000,17287486,152063130.0000,0.960416,-1.580000
2005-02-04,1.8539060800,1.9326598400,1.9667155200,1.8475206400,41177684,371410153.0000,2.287649,4.250000
2005-02-16,1.9369168000,1.9284028800,1.9624585600,1.9220174400,15101748,137965011.0000,0.838986,-0.220000
2005-02-17,1.9369168000,1.9071180800,1.9369168000,1.8900902400,10609472,94916555.0000,0.589415,-1.100000
2005-02-18,1.9049896000,1.8751908800,1.9156320000,1.8624200000,8756215,77443105.0000,0.486456,-1.670000
2005-02-21,1.8730624000,1.9198889600,1.9220174400,1.8730624000,13457174,120812038.0000,0.747621,2.380000
2005-02-22,1.9220174400,1.9347883200,1.9475592000,1.9049896000,10616408,96146464.0000,0.589800,0.780000
2005-02-23,1.9326598400,1.8943472000,1.9326598400,1.8858332800,18707957,167217271.0000,1.039331,-2.090000
2005-02-24,1.8943472000,1.8922187200,1.9113750400,1.8688054400,11898113,105541026.0000,0.661006,-0.110000
2005-02-25,1.8900902400,1.9092465600,1.9241459200,1.8858332800,15822510,142221924.0000,0.879028,0.900000
2005-02-28,1.9092465600,1.8560345600,1.9092465600,1.8475206400,17343698,151750683.0000,0.963539,-2.790000
2005-03-01,1.8517776000,1.8602915200,1.8645484800,1.8390067200,6314711,54886377.0000,0.350817,0.230000
2005-03-02,1.8581630400,1.8304928000,1.8773193600,1.8262358400,11656766,100966922.0000,0.647598,-1.600000
2005-03-03,1.8304928000,1.8432636800,1.8496491200,1.8198504000,9285209,79960208.0000,0.515845,0.700000
2005-03-04,1.8432636800,1.8411352000,1.8517776000,1.8262358400,4072672,35217800.0000,0.226260,-0.120000
2005-03-07,1.8411352000,1.8666769600,1.8688054400,1.8368782400,6234158,54240907.0000,0.346342,1.390000
2005-03-08,1.8730624000,1.8751908800,1.8837048000,1.8496491200,12644640,110900402.0000,0.702480,0.460000
2005-03-09,1.8773193600,1.8241073600,1.8773193600,1.8155934400,20168249,173899205.0000,1.120458,-2.720000
2005-03-10,1.8219788800,1.7985656000,1.8326212800,1.7921801600,17127141,145347216.0000,0.951508,-1.400000
2005-03-11,1.7985656000,1.8006940800,1.8155934400,1.7943086400,8142855,69003441.0000,0.452381,0.120000
2005-03-14,1.8028225600,1.8113364800,1.8262358400,1.7836662400,16737743,141729656.0000,0.929875,0.590000
2005-03-15,1.8049510400,1.7751523200,1.8177219200,1.7687668800,13019073,109098884.0000,0.723282,-2.000000
2005-03-16,1.7794092800,1.7730238400,1.7964371200,1.7623814400,9043293,75440616.0000,0.502405,-0.120000
2005-03-17,1.7666384000,1.7772808000,1.7985656000,1.7645099200,10716145,89695034.0000,0.595341,0.240000
2005-03-18,1.7751523200,1.7985656000,1.8155934400,1.7730238400,11144207,94319558.0000,0.619123,1.200000
2005-03-21,1.8028225600,1.8113364800,1.8347497600,1.8006940800,8351207,71409758.0000,0.463956,0.710000
2005-03-22,1.8134649600,1.7964371200,1.8155934400,1.7772808000,10192381,86175133.0000,0.566243,-0.820000
2005-03-23,1.7943086400,1.8219788800,1.8411352000,1.7836662400,10987842,93675651.0000,0.610436,1.420000
2005-03-24,1.8219788800,1.8283643200,1.8475206400,1.8092080000,11180675,96177133.0000,0.621149,0.350000
2005-03-25,1.8262358400,1.8198504000,1.8283643200,1.8049510400,5490536,46800304.0000,0.305030,-0.470000
2005-03-28,1.8198504000,1.8347497600,1.8368782400,1.8028225600,7111180,60913618.0000,0.395066,0.820000
2005-03-29,1.8432636800,1.8432636800,1.8496491200,1.8304928000,8859928,76648998.0000,0.492218,0.460000
2005-03-30,1.8432636800,1.8198504000,1.8539060800,1.8155934400,14031431,120875215.0000,0.779524,-1.270000
2005-03-31,1.8304928000,1.8411352000,1.8432636800,1.7879232000,14975465,127901978.0000,0.831970,1.170000
2005-04-01,1.8347497600,1.8922187200,1.9475592000,1.8347497600,40674102,361109400.0000,2.259672,2.770000
2005-04-04,1.8837048000,1.8709339200,1.8858332800,1.8560345600,11763041,103533907.0000,0.653502,-1.120000
2005-04-05,1.8560345600,1.8709339200,1.8751908800,1.8496491200,9743907,85224951.0000,0.541328,0.000000
2005-04-06,1.8709339200,1.9135035200,1.9326598400,1.8602915200,18208769,162303285.0000,1.011598,2.280000
2005-04-07,1.9135035200,1.9475592000,2.0241844800,1.9007326400,50166162,464353359.0000,2.787009,1.780000
2005-04-08,1.9411737600,1.9688440000,1.9709724800,1.9156320000,19443107,177997137.0000,1.080173,1.090000
2005-04-11,1.9816148800,1.9454307200,1.9986427200,1.9369168000,31694819,294185345.0000,1.760823,-1.190000
2005-04-12,1.9454307200,1.9177604800,1.9624585600,1.9156320000,14744610,133641585.0000,0.819145,-1.420000
2005-04-13,1.9560731200,1.9411737600,1.9901288000,1.9305313600,21543262,198191866.0000,1.196848,1.220000
2005-04-14,1.9475592000,1.9071180800,1.9518161600,1.9028611200,15116277,136557682.0000,0.839793,-1.750000
2005-04-15,1.9049896000,1.8964756800,1.9071180800,1.8815763200,13293191,118340004.0000,0.738511,-0.560000
2005-04-18,1.8943472000,1.8986041600,1.9092465600,1.8837048000,6732922,60034936.0000,0.374051,0.110000
2005-04-19,1.9028611200,1.9284028800,1.9454307200,1.9028611200,15483757,139834325.0000,0.860209,1.570000
2005-04-20,1.9262744000,1.9028611200,1.9262744000,1.8900902400,11328666,101383536.0000,0.629370,-1.320000
2005-04-21,1.8986041600,1.9135035200,1.9369168000,1.8943472000,15485909,139602951.0000,0.860328,0.560000
2005-04-22,1.9113750400,1.9411737600,1.9539446400,1.9071180800,14582436,132959397.0000,0.810135,1.450000
2005-04-25,1.9369168000,1.9518161600,1.9539446400,1.9262744000,12541981,114329997.0000,0.696777,0.550000
2005-04-26,1.9518161600,1.9262744000,1.9560731200,1.9049896000,13450743,121806776.0000,0.747263,-1.310000
2005-04-27,1.9411737600,1.9390452800,1.9582016000,1.9241459200,12129975,110493582.0000,0.673887,0.660000
2005-04-28,1.9390452800,1.9603300800,1.9752294400,1.8986041600,20037314,183521875.0000,1.113184,1.100000
2005-04-29,1.9582016000,1.9794864000,2.0156705600,1.9475592000,26176163,244137743.0000,1.454231,0.980000
2005-05-09,1.9901288000,1.9475592000,2.0050281600,1.9390452800,14739294,135480794.0000,0.818850,-1.610000
2005-05-10,1.9475592000,1.9667155200,1.9731009600,1.9411737600,14602941,134168239.0000,0.811274,0.980000
2005-05-11,1.9667155200,1.9390452800,1.9943857600,1.9369168000,13504770,124510286.0000,0.750265,-1.410000
2005-05-12,1.9262744000,1.8304928000,1.9262744000,1.8283643200,34236594,301571576.0000,1.902033,-5.600000
2005-05-13,1.8262358400,1.8645484800,1.8837048000,1.8198504000,16840804,147173471.0000,0.935600,1.860000
2005-05-16,1.8560345600,1.8517776000,1.8688054400,1.8411352000,6751521,58760546.0000,0.375084,-0.680000
2005-05-17,1.8517776000,1.8517776000,1.8517776000,1.8517776000,0,0.0000,,0.000000
2005-05-18,1.8666769600,1.8688054400,1.8900902400,1.8517776000,7299243,64062398.0000,0.405513,0.920000
2005-05-19,1.8773193600,1.8730624000,1.8943472000,1.8475206400,7401951,65122779.0000,0.411220,0.230000
2005-05-20,1.8730624000,1.8688054400,1.8922187200,1.8560345600,7221620,63624082.0000,0.401201,-0.230000
2005-05-23,1.8688054400,1.8028225600,1.8688054400,1.7921801600,17351459,148046210.0000,0.963970,-3.530000
2005-05-24,1.7985656000,1.8155934400,1.8304928000,1.7772808000,11642458,98439949.0000,0.646803,0.710000
2005-05-25,1.8155934400,1.8368782400,1.8645484800,1.8070795200,16400145,141704786.0000,0.911119,1.170000
2005-05-26,1.8304928000,1.8198504000,1.8496491200,1.7985656000,7088712,60745146.0000,0.393817,-0.930000
2005-05-27,1.8092080000,1.8028225600,1.8411352000,1.7857947200,9798851,82681289.0000,0.544381,-0.940000
2005-05-30,1.8049510400,1.7879232000,1.8070795200,1.7687668800,9800749,82169481.0000,0.544486,-0.830000
2005-05-31,1.7879232000,1.8092080000,1.8198504000,1.7879232000,9556371,81219716.0000,0.530909,1.190000
2005-06-01,1.8070795200,1.7730238400,1.8198504000,1.7602529600,10730002,89820704.0000,0.596111,-2.000000
2005-06-02,1.7751523200,1.7070409600,1.7815377600,1.6878846400,34453314,278056680.0000,1.914073,-3.720000
2005-06-03,1.7070409600,1.7389681600,1.7623814400,1.7049124800,17359248,141286378.0000,0.964403,1.870000
2005-06-06,1.7389681600,1.7836662400,1.7879232000,1.7304542400,14849113,123086445.0000,0.824951,2.570000
2005-06-07,1.7836662400,1.7794092800,1.8262358400,1.7666384000,17085253,144082501.0000,0.949181,-0.240000
2005-06-08,1.9156320000,1.9007326400,1.9156320000,1.8304928000,58497576,517774685.0000,3.249865,6.820000
2005-06-09,1.9007326400,1.8773193600,1.9262744000,1.8581630400,41973689,372663829.0000,2.331872,-1.230000
2005-06-10,1.8837048000,1.8943472000,1.9475592000,1.8688054400,43513306,390061213.0000,2.417320,0.910000
2005-06-13,1.9156320000,1.8900902400,1.9198889600,1.8475206400,15953065,141173041.0000,0.886250,-0.220000
2005-06-14,1.9113750400,1.8581630400,1.9241459200,1.8581630400,19545336,173235264.0000,1.085814,-1.690000
2005-06-15,1.8539060800,1.8262358400,1.8688054400,1.8241073600,17620861,152351886.0000,0.978902,-1.720000
2005-06-16,1.8304928000,1.8837048000,1.9049896000,1.8304928000,24238555,214055848.0000,1.346539,3.150000
2005-06-17,1.8900902400,1.8943472000,1.9177604800,1.8730624000,29060331,259514437.0000,1.614406,0.560000
2005-06-20,1.9072753000,2.0010227300,2.0171860800,1.9008099600,50869043,310744991.0000,1.883972,5.630000
2005-06-21,1.9977900600,1.9460673400,2.0010227300,1.9363693300,30281840,184553910.0000,1.121510,-2.750000
2005-06-22,1.9428346700,2.0042554000,2.0139534100,1.9396020000,39466295,242260541.0000,1.461663,2.990000
2005-06-23,2.0074880700,1.9783940400,2.0171860800,1.9751613700,26928466,166301107.0000,0.997315,-1.290000
2005-06-24,1.9751613700,1.9848593800,1.9880920500,1.9396020000,30930909,187482809.0000,1.145549,0.330000
2005-06-27,2.0010227300,2.0204187500,2.0365821000,2.0010227300,41992857,262748445.0000,1.555236,1.790000
2005-06-28,2.0042554000,1.9945573900,2.0107207400,1.9816267100,17308312,106963544.0000,0.641026,-1.280000
2005-06-29,1.9913247200,1.9622306900,2.0010227300,1.9557653500,23779441,145431217.0000,0.880689,-1.620000
2005-06-30,1.9589980200,1.9589980200,1.9880920500,1.9234386500,23237589,139566832.0000,0.860618,-0.160000
2005-07-01,1.9299039900,1.9137406400,1.9460673400,1.9008099600,18192552,107632575.0000,0.673772,-2.310000
2005-07-04,1.9072753000,1.9396020000,1.9428346700,1.8943446200,8391485,49718272.0000,0.310784,1.350000
2005-07-05,1.9396020000,1.9363693300,1.9460673400,1.9040426300,13815357,82366737.0000,0.511660,-0.170000
2005-07-06,1.9396020000,1.9266713200,1.9589980200,1.9202059800,11463599,68621958.0000,0.424561,-0.500000
2005-07-07,1.9266713200,1.9169733100,1.9331366600,1.9072753000,9017976,53576358.0000,0.333986,-0.500000
2005-07-08,1.9202059800,1.9072753000,1.9234386500,1.8943446200,10720330,63245805.0000,0.397034,-0.510000
2005-07-11,1.9428346700,1.9234386500,1.9719287000,1.9137406400,16239517,97497659.0000,0.601440,0.850000
2005-07-12,1.9234386500,2.0365821000,2.0947701600,1.9072753000,94501533,591826621.0000,3.499922,5.880000
2005-07-13,2.0204187500,2.0139534100,2.0430474400,2.0042554000,29756129,186221476.0000,1.102036,-1.110000
2005-07-14,2.0107207400,2.0333494300,2.0527454500,2.0042554000,34848315,219452418.0000,1.290629,0.960000
2005-07-15,2.0333494300,2.0301167600,2.0592107900,2.0204187500,23403546,147564339.0000,0.866765,-0.160000
2005-07-18,2.0236514200,2.0365821000,2.0430474400,2.0139534100,17111016,107514807.0000,0.633717,0.320000
2005-07-19,2.0333494300,2.0365821000,2.0656761300,2.0204187500,32332928,204303327.0000,1.197470,0.000000
2005-07-20,2.0301167600,2.0462801100,2.0527454500,2.0236514200,24662765,155551529.0000,0.913401,0.480000
2005-07-21,2.0430474400,2.0430474400,2.0495127800,2.0268840900,13482549,85038391.0000,0.499334,-0.160000
2005-07-22,2.0559781200,2.1238641900,2.1464928800,2.0495127800,104903307,681365968.0000,3.885158,3.960000
2005-07-25,2.1173988500,2.1206315200,2.1594235600,2.1012355000,51752688,342040164.0000,1.916692,-0.150000
2005-07-26,2.1206315200,2.1561908900,2.1852849200,2.1173988500,65971626,442247839.0000,2.443300,1.680000
2005-07-27,2.1561908900,2.1691215700,2.1755869100,2.1270968600,53649781,357252216.0000,1.986953,0.600000
2005-07-28,2.1691215700,2.1691215700,2.2014482700,2.1529582200,65601242,442866653.0000,2.429582,0.000000
2005-07-29,2.1658889000,2.1723542400,2.1885175900,2.1561908900,37767115,254011038.0000,1.398728,0.150000
2005-08-01,2.1723542400,2.1529582200,2.2111462800,2.1335622000,44281693,297046364.0000,1.640000,-0.892856
2005-08-02,2.1561908900,2.1917502600,2.1949829300,2.1432602100,35233115,236712439.0000,1.304880,1.801807
2005-08-03,2.1982156000,2.1820522500,2.2176116200,2.1788195800,57775135,393180403.0000,2.139738,-0.442481
2005-08-04,2.1723542400,2.1529582200,2.1820522500,2.1497255500,27223665,182401293.0000,1.008245,-1.333336
2005-08-05,2.1529582200,2.2111462800,2.2143789500,2.1529582200,56509461,385057295.0000,2.092863,2.702708
2005-08-08,2.2143789500,2.2143789500,2.2434729800,2.2046809400,54900990,377807076.0000,2.033292,0.146195
2005-08-09,2.2143789500,2.2046809400,2.2176116200,2.1755869100,48043381,325642719.0000,1.779316,-0.437952
2005-08-10,2.2046809400,2.2208442900,2.2370076400,2.1949829300,44713034,306348061.0000,1.655975,0.733134
2005-08-11,2.2208442900,2.2919630300,2.2951957000,2.2111462800,92321582,645549206.0000,3.419186,3.202333
2005-08-12,2.2951957000,2.2240769600,2.2984283700,2.1982156000,81278144,565854743.0000,3.010186,-2.961919
2005-08-15,2.2305423000,2.2628690000,2.2693343400,2.2079136100,61426374,424384125.0000,2.274963,1.744184
2005-08-16,2.2628690000,2.2111462800,2.2757996800,2.1982156000,57638564,396894530.0000,2.134680,-2.285712
2005-08-17,2.2046809400,2.2273096300,2.2402403100,2.1723542400,39267690,267683380.0000,1.454303,0.730990
2005-08-18,2.2273096300,2.1432602100,2.2337749700,2.1270968600,70591430,477500715.0000,2.614397,-3.773581
2005-08-19,2.1497255500,2.1594235600,2.1820522500,2.1270968600,37749846,251623676.0000,1.398089,0.754143
2005-08-22,2.1594235600,2.1723542400,2.1885175900,2.1497255500,28007033,187946621.0000,1.037258,0.598802
2005-08-23,2.1820522500,2.1497255500,2.1852849200,2.1367948700,28856546,192718123.0000,1.068720,-1.041662
2005-08-24,2.1432602100,2.1723542400,2.2079136100,2.1400275400,40158341,271710076.0000,1.487289,1.052627
2005-08-25,2.1658889000,2.1755869100,2.1982156000,2.1626562300,19102740,128940511.0000,0.707482,0.148813
2005-08-26,2.1820522500,2.2079136100,2.2208442900,2.1820522500,28391849,193617487.0000,1.051510,1.485883
2005-08-29,2.2111462800,2.1949829300,2.2370076400,2.1658889000,35508110,242464229.0000,1.315065,-0.585651
2005-08-30,2.1885175900,2.1917502600,2.2046809400,2.1691215700,16924135,114457546.0000,0.626796,-0.147272
2005-08-31,2.1917502600,2.1820522500,2.2014482700,2.1464928800,28541449,191801245.0000,1.057050,-0.442481
2005-09-01,2.1820522500,2.2208442900,2.2305423000,2.1658889000,35363650,241523059.0000,1.309714,1.777776
2005-09-02,2.2273096300,2.2111462800,2.2370076400,2.2014482700,27925460,191342248.0000,1.034237,-0.436677
2005-09-05,2.2111462800,2.1949829300,2.2240769600,2.1723542400,32693018,222042478.0000,1.210806,-0.730997
2005-09-06,2.1949829300,2.1658889000,2.1982156000,2.1626562300,25426106,171438195.0000,0.941671,-1.325481
2005-09-07,2.1658889000,2.1917502600,2.1982156000,2.1561908900,30603425,205475775.0000,1.133417,1.194036
2005-09-08,2.1982156000,2.2208442900,2.2434729800,2.1626562300,48294857,330007903.0000,1.788630,1.327429
2005-09-09,2.2208442900,2.2079136100,2.2337749700,2.1949829300,20569283,140963686.0000,0.761796,-0.582241
2005-09-12,2.2176116200,2.1982156000,2.2240769600,2.1885175900,18748281,127737742.0000,0.694354,-0.439235
2005-09-13,2.1982156000,2.2046809400,2.2046809400,2.1723542400,20732305,140493774.0000,0.767834,0.294117
2005-09-14,2.2079136100,2.2305423000,2.2434729800,2.2046809400,42167454,290609735.0000,1.561697,1.173019
2005-09-15,2.2305423000,2.2079136100,2.2337749700,2.2014482700,20805785,142482155.0000,0.770555,-1.014495
2005-09-16,2.2079136100,2.2143789500,2.2208442900,2.1982156000,20688675,141458393.0000,0.766218,0.292826
2005-09-19,2.2176116200,2.1982156000,2.2176116200,2.1949829300,25494332,174076067.0000,0.944198,-0.729923
2005-09-20,2.1982156000,2.1982156000,2.1982156000,2.1982156000,0,0.0000,,0.000000
2005-09-21,2.1949829300,2.0915374900,2.1949829300,2.0883048200,69859362,459402870.0000,2.587284,-4.852947
2005-09-22,2.0883048200,2.0592107900,2.1077008400,2.0301167600,58864345,374140395.0000,2.180077,-1.545594
2005-09-23,2.0624434600,2.0495127800,2.0721414700,2.0365821000,17833917,113333015.0000,0.660490,-0.470953
2005-09-26,2.0462801100,2.0495127800,2.0689088000,2.0365821000,14631090,92809793.0000,0.541871,0.000000
2005-09-27,2.0462801100,2.0042554000,2.0495127800,1.9880920500,35034737,217723106.0000,1.297533,-2.208207
2005-09-28,2.0042554000,2.0042554000,2.0268840900,2.0010227300,19673152,122436629.0000,0.728607,0.000000
2005-09-29,2.0204187500,2.0365821000,2.0559781200,2.0204187500,20270853,128013636.0000,0.750743,1.612910
2005-09-30,2.0398147700,2.0333494300,2.0495127800,2.0171860800,17382420,109301138.0000,0.635877,-0.158734
2005-10-10,2.0301167600,2.0527454500,2.0721414700,2.0074880700,17356962,110200382.0000,0.634945,0.953894
2005-10-11,2.0430474400,2.0850721500,2.0883048200,2.0365821000,15570799,99918630.0000,0.569605,1.574802
2005-10-12,2.0850721500,2.0947701600,2.1109335100,2.0753741400,20488901,132926992.0000,0.749517,0.465120
2005-10-13,2.0947701600,2.0689088000,2.1044681700,2.0624434600,13136649,84602896.0000,0.480560,-1.234567
2005-10-14,2.0689088000,2.0365821000,2.0753741400,2.0268840900,13628572,86388374.0000,0.498555,-1.562499
2005-10-17,2.0333494300,2.0365821000,2.0462801100,2.0107207400,11364205,71308755.0000,0.415721,0.000000
2005-10-18,2.0365821000,2.0268840900,2.0624434600,2.0139534100,17054645,107062116.0000,0.623886,-0.476194
2005-10-19,2.0107207400,2.0204187500,2.0462801100,2.0107207400,15422760,96736990.0000,0.564189,-0.318979
2005-10-20,2.0204187500,2.0753741400,2.0915374900,2.0139534100,25334804,160698836.0000,0.926787,2.720001
2005-10-21,2.0753741400,2.0850721500,2.1109335100,2.0656761300,24648141,159591200.0000,0.901668,0.467286
2005-10-24,2.0850721500,2.0656761300,2.0883048200,2.0527454500,11596619,74119602.0000,0.424223,-0.930232
2005-10-25,2.0689088000,2.0495127800,2.0753741400,2.0301167600,13568735,85956976.0000,0.496366,-0.782468
2005-10-26,2.0430474400,2.0074880700,2.0430474400,1.9977900600,20522015,128414213.0000,0.750728,-2.050475
2005-10-27,2.0042554000,2.0333494300,2.0462801100,2.0010227300,14762341,92529242.0000,0.540030,1.288244
2005-10-28,2.0333494300,2.0010227300,2.0365821000,1.9719287000,29319528,180976884.0000,1.072555,-1.589824
2005-10-31,2.0204187500,2.0301167600,2.0462801100,2.0042554000,14428454,90596117.0000,0.527816,1.453960
2005-11-01,2.0301167600,2.0236514200,2.0398147700,1.9880920500,15626819,97334242.0000,0.571654,-0.318471
2005-11-02,2.0301167600,2.0333494300,2.0559781200,2.0236514200,12344873,77832682.0000,0.451595,0.479229
2005-11-03,2.0365821000,2.0107207400,2.0398147700,1.9816267100,18434691,114800274.0000,0.674370,-1.112880
2005-11-04,2.0107207400,2.0236514200,2.0398147700,2.0042554000,14618591,91453642.0000,0.534771,0.643094
2005-11-07,2.0074880700,1.9557653500,2.0107207400,1.9363693300,50467222,305744223.0000,1.846171,-3.354633
2005-11-08,1.9428346700,1.9751613700,1.9848593800,1.9428346700,14630890,89024488.0000,0.535221,0.991735
2005-11-09,1.9751613700,1.9719287000,1.9816267100,1.9589980200,14934573,91148264.0000,0.546330,-0.163670
2005-11-10,1.9719287000,1.9622306900,1.9783940400,1.9622306900,13414678,81700385.0000,0.490730,-0.491799
2005-11-11,1.9589980200,1.9751613700,1.9816267100,1.9525326800,8657062,52615687.0000,0.316689,0.658978
2005-11-14,1.9751613700,1.9622306900,1.9848593800,1.9525326800,4714903,28673466.0000,0.172479,-0.654664
2005-11-15,1.9654633600,1.9396020000,1.9751613700,1.9299039900,16832159,101303006.0000,0.615747,-1.153215
2005-11-16,1.9363693300,1.9686960300,1.9751613700,1.9234386500,10968898,66061911.0000,0.401260,1.500003
2005-11-17,1.9719287000,1.9686960300,1.9816267100,1.9557653500,9056408,55300496.0000,0.331298,0.000000
2005-11-18,1.9686960300,2.0268840900,2.0527454500,1.9654633600,21363659,132954205.0000,0.781517,2.955662
2005-11-21,2.0268840900,2.0010227300,2.0301167600,1.9977900600,10715209,66521124.0000,0.391979,-1.275916
2005-11-22,2.0010227300,1.9719287000,2.0042554000,1.9654633600,14467382,88522535.0000,0.529240,-1.453960
2005-11-23,1.9719287000,2.0042554000,2.0171860800,1.9686960300,8915549,54918615.0000,0.326145,1.639343
2005-11-24,1.9977900600,2.0495127800,2.0527454500,1.9880920500,30703739,193304997.0000,1.123192,2.258070
2005-11-25,2.0462801100,2.0689088000,2.0721414700,2.0301167600,21029634,133440965.0000,0.769297,0.946371
2005-11-28,2.0592107900,2.0559781200,2.0947701600,2.0495127800,29638404,190390736.0000,1.084220,-0.624999
2005-11-29,2.0527454500,2.0365821000,2.0624434600,2.0301167600,19106742,121091836.0000,0.698955,-0.943395
2005-11-30,2.0365821000,2.0753741400,2.0818394800,2.0236514200,28322056,180118730.0000,1.036066,1.904760
2005-12-01,2.0850721500,2.0915374900,2.0980028300,2.0689088000,38109178,245922969.0000,1.394094,0.778812
2005-12-02,2.0883048200,2.0915374900,2.1044681700,2.0721414700,31710634,205240446.0000,1.160025,0.000000
2005-12-05,2.0947701600,2.0786068100,2.1109335100,2.0721414700,22718825,147159208.0000,0.831091,-0.618237
2005-12-06,2.0721414700,2.1109335100,2.1432602100,2.0656761300,33255087,217842779.0000,1.216524,1.555216
2005-12-07,2.1141661800,2.1400275400,2.1529582200,2.1141661800,32465870,214860292.0000,1.187653,1.378249
2005-12-08,2.1335622000,2.1270968600,2.1561908900,2.1141661800,20814486,137195180.0000,0.761427,-0.604229
2005-12-09,2.1270968600,2.1626562300,2.1658889000,2.1077008400,33103522,220144935.0000,1.210980,1.671735
2005-12-12,2.1497255500,2.1497255500,2.1658889000,2.1367948700,25081043,166969214.0000,0.917504,-0.597907
2005-12-13,2.1497255500,2.1303295300,2.1529582200,2.1270968600,15466630,102156653.0000,0.565794,-0.902255
2005-12-14,2.1303295300,2.1561908900,2.1658889000,2.1270968600,50377570,335398961.0000,1.842892,1.213959
2005-12-15,2.1561908900,2.1497255500,2.1755869100,2.1335622000,39224144,262403985.0000,1.400629,-0.299850
2005-12-16,2.1497255500,2.1270968600,2.1529582200,2.1206315200,31697302,209448411.0000,1.131858,-1.052634
2005-12-19,2.1270968600,2.1270968600,2.1270968600,2.1270968600,0,0.0000,,0.000000
2005-12-20,2.1270968600,2.1270968600,2.1270968600,2.1270968600,0,0.0000,,0.000000
2005-12-21,2.1270968600,2.1270968600,2.1270968600,2.1270968600,0,0.0000,,0.000000
2005-12-22,2.1270968600,2.1270968600,2.1270968600,2.1270968600,0,0.0000,,0.000000
2005-12-23,2.1270968600,2.1270968600,2.1270968600,2.1270968600,0,0.0000,,0.000000
2005-12-26,2.1270968600,2.1270968600,2.1270968600,2.1270968600,0,0.0000,,0.000000
2005-12-27,2.1270968600,2.1270968600,2.1270968600,2.1270968600,0,0.0000,,0.000000
2005-12-28,2.1270968600,2.1270968600,2.1270968600,2.1270968600,0,0.0000,,0.000000
2005-12-29,2.1270968600,2.1270968600,2.1270968600,2.1270968600,0,0.0000,,0.000000
2005-12-30,2.1270968600,2.1270968600,2.1270968600,2.1270968600,0,0.0000,,0.000000
2006-01-04,2.3372204100,2.3404530800,2.3404530800,2.3145917200,173999644,1257908751.0000,6.209679,10.030390
2006-01-05,2.4212698300,2.4148044900,2.4277351700,2.3630817700,156382625,1159882558.0000,5.580965,3.176796
2006-01-06,2.4083391500,2.4503638600,2.4794578900,2.3921758000,96432343,726911348.0000,3.441466,1.472559
2006-01-09,2.4503638600,2.4245025000,2.4632945400,2.3889431300,82935154,623005507.0000,2.959780,-1.055408
2006-01-10,2.4245025000,2.5150172600,2.5247152700,2.4148044900,127189944,968767216.0000,4.539140,3.733336
2006-01-11,2.5182499300,2.4826905600,2.5473439600,2.4568292000,125179635,966885111.0000,4.467396,-1.285352
2006-01-12,2.4826905600,2.4826905600,2.4826905600,2.4826905600,0,0.0000,,0.000000
2006-01-13,2.4826905600,2.4826905600,2.4826905600,2.4826905600,0,0.0000,,0.000000
2006-01-16,2.4826905600,2.4826905600,2.4826905600,2.4826905600,0,0.0000,,0.000000
2006-01-17,2.4826905600,2.4826905600,2.4826905600,2.4826905600,0,0.0000,,0.000000
2006-01-18,2.4826905600,2.4826905600,2.4826905600,2.4826905600,0,0.0000,,0.000000
2006-01-19,2.4826905600,2.4826905600,2.4826905600,2.4826905600,0,0.0000,,0.000000
2006-01-20,2.4826905600,2.4826905600,2.4826905600,2.4826905600,0,0.0000,,0.000000
2006-01-23,2.4826905600,2.4826905600,2.4826905600,2.4826905600,0,0.0000,,0.000000
2006-01-24,2.4826905600,2.4826905600,2.4826905600,2.4826905600,0,0.0000,,0.000000
2006-01-25,2.4826905600,2.4826905600,2.4826905600,2.4826905600,0,0.0000,,0.000000
2006-02-06,2.4826905600,2.4826905600,2.4826905600,2.4826905600,0,0.0000,,0.000000
2006-02-07,2.4826905600,2.4826905600,2.4826905600,2.4826905600,0,0.0000,,0.000000
2006-02-08,2.4826905600,2.4826905600,2.4826905600,2.4826905600,0,0.0000,,0.000000
2006-02-09,2.4826905600,2.4826905600,2.4826905600,2.4826905600,0,0.0000,,0.000000
2006-02-10,2.4826905600,2.4826905600,2.4826905600,2.4826905600,0,0.0000,,0.000000
2006-02-13,2.4826905600,2.4826905600,2.4826905600,2.4826905600,0,0.0000,,0.000000
2006-02-14,2.4826905600,2.4826905600,2.4826905600,2.4826905600,0,0.0000,,0.000000
2006-02-15,2.4826905600,2.4826905600,2.4826905600,2.4826905600,0,0.0000,,0.000000
2006-02-16,2.4826905600,2.4826905600,2.4826905600,2.4826905600,0,0.0000,,0.000000
2006-02-17,2.4826905600,2.4826905600,2.4826905600,2.4826905600,0,0.0000,,0.000000
2006-02-20,2.4826905600,2.4826905600,2.4826905600,2.4826905600,0,0.0000,,0.000000
2006-02-21,2.4826905600,2.4826905600,2.4826905600,2.4826905600,0,0.0000,,0.000000
2006-02-22,2.4826905600,2.4826905600,2.4826905600,2.4826905600,0,0.0000,,0.000000
2006-02-23,2.4826905600,2.4826905600,2.4826905600,2.4826905600,0,0.0000,,0.000000
2006-02-24,2.4826905600,2.4826905600,2.4826905600,2.4826905600,0,0.0000,,0.000000
2006-02-27,2.3878812000,2.3387189400,2.4159739200,2.3211609900,419564731,2828163762.0000,8.916600,-5.799156
2006-02-28,2.3352073500,2.3492537100,2.3703232500,2.2579523700,151608652,995166630.0000,3.221991,0.450454
2006-03-01,2.3492537100,2.3246725800,2.3668116600,2.3176494000,99153587,659820154.0000,2.107215,-1.046340
2006-03-02,2.3176494000,2.2368828300,2.3316957600,2.2228364700,154567393,998672953.0000,3.284870,-3.776435
2006-03-03,2.2368828300,2.2052785200,2.2544407800,2.1666510300,111663693,699957884.0000,2.373080,-1.412868
2006-03-06,2.2052785200,2.2158132900,2.2298596500,2.1912321600,78698886,495015065.0000,1.672511,0.477703
2006-03-07,2.2158132900,2.1490930800,2.2193248800,2.1385583100,89667530,553539756.0000,1.905617,-3.011094
2006-03-08,2.1490930800,2.1596278500,2.1736742100,2.1280235400,76954116,471800437.0000,1.635431,0.490200
2006-03-09,2.1596278500,2.1385583100,2.1666510300,2.1350467200,45438885,277956328.0000,0.965668,-0.975609
2006-03-10,2.1385583100,2.1666510300,2.1701626200,2.1385583100,51579877,316343057.0000,1.096177,1.313628
2006-03-13,2.1736742100,2.2052785200,2.2158132900,2.1561162600,54871164,342023195.0000,1.166123,1.782822
2006-03-14,2.2087901100,2.1701626200,2.2087901100,2.1561162600,46677588,289374152.0000,0.991993,-1.592363
2006-03-15,2.1701626200,2.2017669300,2.2123017000,2.1596278500,48523580,302872306.0000,1.031224,1.456313
2006-03-16,2.2158132900,2.2052785200,2.2439060100,2.1806973900,67031546,423432316.0000,1.424556,0.159493
2006-03-17,2.2052785200,2.1631394400,2.2158132900,2.1596278500,67345544,417898498.0000,1.431229,-1.910834
2006-03-20,2.1631394400,2.2052785200,2.2123017000,2.1455814900,62200735,386446364.0000,1.321892,1.948058
2006-03-21,2.2052785200,2.2439060100,2.2860450900,2.1982553400,111094058,712292124.0000,2.360974,1.751587
2006-03-22,2.2403944200,2.2614639600,2.2825335000,2.2368828300,53229104,342088055.0000,1.131226,0.782476
2006-03-23,2.2614639600,2.2368828300,2.2649755500,2.2123017000,58243984,371348040.0000,1.237803,-1.086959
2006-03-24,2.2368828300,2.1947437500,2.2509291900,2.1842089800,66475957,417718479.0000,1.412749,-1.883829
2006-03-27,2.1947437500,2.2509291900,2.2614639600,2.1912321600,51442565,326009335.0000,1.093259,2.559998
2006-03-28,2.2509291900,2.2684871400,2.2965798600,2.2474176000,70514469,456773517.0000,1.498575,0.780034
2006-03-29,2.2684871400,2.2825335000,2.3246725800,2.2368828300,130590777,850605259.0000,2.775319,0.619194
2006-03-30,2.2825335000,2.2755103200,2.3281841700,2.2684871400,76932398,503498432.0000,1.634969,-0.307692
2006-03-31,2.2719987300,2.2579523700,2.2895566800,2.2509291900,58447448,377311458.0000,1.242057,-0.771608
2006-04-03,2.2649755500,2.3492537100,2.3492537100,2.2649755500,105408019,697422618.0000,2.240008,4.043550
2006-04-04,2.3562768900,2.4265086900,2.4405550500,2.3527653000,145116859,987862125.0000,3.083853,3.288487
2006-04-05,2.4300202800,2.4229971000,2.4686477700,2.4124623300,93716686,651727309.0000,1.991557,-0.144714
2006-04-06,2.4265086900,2.3913927900,2.4756709500,2.3843696100,85951289,591889303.0000,1.826536,-1.304350
2006-04-07,2.3913927900,2.3352073500,2.4194855100,2.3176494000,110128234,739419922.0000,2.340316,-2.349484
2006-04-10,2.3422305300,2.3843696100,2.3843696100,2.3352073500,87298425,586070467.0000,1.855164,2.105261
2006-04-11,2.3878812000,2.3703232500,2.4229971000,2.3527653000,82547921,560200451.0000,1.754212,-0.589101
2006-04-12,2.3633000700,2.3562768900,2.3984159700,2.3281841700,74866956,503921397.0000,1.590985,-0.592592
2006-04-13,2.3527653000,2.2860450900,2.3597884800,2.2825335000,82092785,540528589.0000,1.744540,-2.980623
2006-04-14,2.2860450900,2.3422305300,2.3527653000,2.2719987300,80429384,527513960.0000,1.709191,2.457755
2006-04-17,2.3422305300,2.3422305300,2.3422305300,2.3422305300,0,0.0000,,0.000000
2006-04-18,2.3738348400,2.3246725800,2.3843696100,2.3000914500,83045054,549775319.0000,1.764776,-0.749628
2006-04-19,2.3246725800,2.3036030400,2.3352073500,2.2825335000,78042632,512499492.0000,1.658470,-0.906344
2006-04-20,2.3106262200,2.2860450900,2.3352073500,2.2649755500,105345370,687025987.0000,2.238676,-0.762191
2006-04-21,2.2860450900,2.3457421200,2.3878812000,2.2684871400,129039303,857051228.0000,2.742192,2.611361
2006-04-24,2.3527653000,2.2930682700,2.3878812000,2.2860450900,110446585,728983508.0000,2.347081,-2.245503
2006-04-25,2.2860450900,2.2474176000,2.2860450900,2.2403944200,86413637,555238399.0000,1.836361,-1.990813
2006-04-26,2.2474176000,2.3281841700,2.3703232500,2.2368828300,126788350,838653492.0000,2.694357,3.593750
2006-04-27,2.3387189400,2.2965798600,2.3738348400,2.2895566800,80240366,529485001.0000,1.705174,-1.357468
2006-04-28,2.3668116600,2.5248332100,2.5248332100,2.3422305300,336005591,2329866931.0000,7.140397,9.938839
2006-05-08,2.5564375200,2.6442272700,2.6933895300,2.5564375200,223790146,1672734509.0000,4.755726,4.728792
2006-05-09,2.6442272700,2.6863663500,2.7144590700,2.6055997800,170293265,1279978581.0000,3.618873,1.593624
2006-05-10,2.6863663500,2.6407156800,2.7004127100,2.6091113700,130858171,986435719.0000,2.780844,-1.699348
2006-05-11,2.6336925000,2.5669722900,2.6898779400,2.5599491100,180831395,1354969766.0000,3.842817,-2.792554
2006-05-12,2.5634607000,2.5915534200,2.6091113700,2.5283448000,142798628,1046038530.0000,3.034589,0.957595
2006-05-15,2.5950650100,2.6020881900,2.6266693200,2.5213216200,190590183,1398208214.0000,4.050199,0.406500
2006-05-16,2.6020881900,2.6020881900,2.6020881900,2.6020881900,0,0.0000,,0.000000
2006-05-17,2.6020881900,2.5775070600,2.6407156800,2.5213216200,152290056,1116519102.0000,3.236290,-0.944665
2006-05-18,2.5529259300,2.5107868500,2.5529259300,2.4862057200,117103132,837680051.0000,2.488538,-2.588557
2006-05-19,2.5107868500,2.5915534200,2.6266693200,2.5107868500,130184141,954697319.0000,2.766521,3.216783
2006-05-22,2.5845302400,2.5353679800,2.5880418300,2.5107868500,113270973,819526480.0000,2.407102,-2.168026
2006-05-23,2.5213216200,2.4651361800,2.5213216200,2.4475782300,124629348,879728416.0000,2.648477,-2.770081
2006-05-24,2.4756709500,2.5213216200,2.5810186500,2.4756709500,118077110,852509854.0000,2.509236,2.279200
2006-05-25,2.5178100300,2.5739954700,2.5950650100,2.4932289000,77644800,564292671.0000,1.650016,2.089138
2006-05-26,2.5845302400,2.5950650100,2.6336925000,2.5739954700,95821139,712560891.0000,2.036278,0.818553
2006-05-29,2.6055997800,2.6126229600,2.6266693200,2.5599491100,78129192,578277942.0000,1.660310,0.676593
2006-05-30,2.6126229600,2.5669722900,2.6161345500,2.5634607000,79550264,585424479.0000,1.690509,-1.747313
2006-05-31,2.5739954700,2.5388795700,2.5775070600,2.5142984400,64389269,465631274.0000,1.368325,-1.094390
2006-06-01,2.5388795700,2.5669722900,2.6126229600,2.5002520800,87316258,639345174.0000,1.855543,1.106500
2006-06-02,2.5669722900,2.5178100300,2.5845302400,2.5142984400,99453769,716221600.0000,2.113475,-1.915183
2006-06-05,2.5142984400,2.5248332100,2.5283448000,2.4510898200,77121364,545863527.0000,1.638893,0.278940
2006-06-06,2.5213216200,2.5283448000,2.5634607000,2.4791825400,64873637,467093332.0000,1.378618,0.139079
2006-06-07,2.5213216200,2.4054391500,2.5213216200,2.3949043800,96765143,676066526.0000,2.056339,-4.861110
2006-06-08,2.3878812000,2.4265086900,2.4300202800,2.3492537100,76667352,520986856.0000,1.629245,0.875912
2006-06-09,2.4194855100,2.3808580200,2.4475782300,2.3738348400,47399768,325613083.0000,1.007284,-1.881326
2006-06-12,2.3703232500,2.4581130000,2.5142984400,2.3457421200,93939943,656941330.0000,1.996301,3.244834
2006-06-13,2.4616245900,2.4546014100,2.5002520800,2.4229971000,50116574,351534748.0000,1.065019,-0.142860
2006-06-14,2.4300202800,2.4440666400,2.4581130000,2.3984159700,38134469,263307684.0000,0.810389,-0.429181
2006-06-15,2.4440666400,2.4651361800,2.4967404900,2.4335318700,37872867,266326862.0000,0.804830,0.862068
2006-06-16,2.4935531400,2.5432821200,2.5539383300,2.4864490000,67692427,481705114.0000,1.438520,3.170026
2006-06-19,2.4900010700,2.5503862600,2.5681466100,2.4615845100,60203510,428834486.0000,1.279374,0.279329
2006-06-20,2.5468341900,2.5503862600,2.5716986800,2.4900010700,56395828,405011597.0000,1.198458,0.000000
2006-06-21,2.5503862600,2.5468341900,2.5681466100,2.5219697000,41821498,299642944.0000,0.888741,-0.139272
2006-06-22,2.5468341900,2.6072193800,2.6569483600,2.5397300500,88899743,655077717.0000,1.889193,2.370991
2006-06-23,2.6107714500,2.6072193800,2.6285318000,2.5859069600,40809231,299811553.0000,0.867230,0.000000
2006-06-26,2.6107714500,2.6995732000,2.7066773400,2.6107714500,97278283,733439711.0000,2.067244,3.542231
2006-06-27,2.6995732000,2.6782607800,2.7350939000,2.6640525000,44375884,335328130.0000,0.943024,-0.789473
2006-06-28,2.6711566400,2.6605004300,2.6924690600,2.6391880100,29587041,222246951.0000,0.628749,-0.663133
2006-06-29,2.6640525000,2.7386459700,2.7457501100,2.6640525000,70709242,541074487.0000,1.502630,2.937253
2006-06-30,2.7386459700,2.7386459700,2.7990311600,2.7066773400,80251504,622563795.0000,1.705230,0.000000
2006-07-03,2.7528542500,2.8274477200,2.8381039300,2.7528542500,79327501,626501059.0000,1.685596,3.242542
2006-07-04,2.8416560000,2.8061353000,2.8487601400,2.7670625300,70971988,560500625.0000,1.508053,-0.753768
2006-07-05,2.8061353000,2.6853649200,2.8061353000,2.6711566400,92662295,707930977.0000,1.968941,-4.303799
2006-07-06,2.6853649200,2.7031252700,2.7386459700,2.6782607800,54708666,416851223.0000,1.162481,0.661378
2006-07-07,2.7031252700,2.6462921500,2.7279897600,2.6427400800,51004296,384592822.0000,1.083768,-2.102501
2006-07-10,2.6462921500,2.7102294100,2.7137814800,2.6462921500,35076817,264646613.0000,0.745332,2.416111
2006-07-11,2.7173335500,2.7244376900,2.7421980400,2.6924690600,28214898,216100184.0000,0.599526,0.524246
2006-07-12,2.7279897600,2.7031252700,2.7421980400,2.6995732000,30262689,231604308.0000,0.643039,-0.782268
2006-07-13,2.6995732000,2.5894590300,2.6995732000,2.5894590300,67884809,502857319.0000,1.442455,-4.204996
2006-07-14,2.5823548900,2.6285318000,2.6711566400,2.5645945400,42317745,311971635.0000,0.899192,1.508918
2006-07-17,2.6214276600,2.6569483600,2.6676045700,2.6001152400,33581745,248848285.0000,0.713564,1.081080
2006-07-18,2.6533962900,2.6214276600,2.6640525000,2.6178755900,22320498,165603499.0000,0.474279,-1.336897
2006-07-19,2.6143235200,2.5894590300,2.6356359400,2.5823548900,26051731,191211854.0000,0.553562,-1.219514
2006-07-20,2.5894590300,2.6356359400,2.6569483600,2.5859069600,24686366,182958389.0000,0.524550,1.783266
2006-07-21,2.6285318000,2.7137814800,2.7173335500,2.6285318000,44022091,334033446.0000,0.935406,2.964957
2006-07-24,2.6676045700,2.7244376900,2.7741666700,2.6533962900,39420435,302618285.0000,0.837628,0.392673
2006-07-25,2.7279897600,2.7173335500,2.7528542500,2.7102294100,32483363,249746246.0000,0.690225,-0.260756
2006-07-26,2.7244376900,2.7350939000,2.7599583900,2.7173335500,27109199,208555825.0000,0.576032,0.653591
2006-07-27,2.7279897600,2.6676045700,2.7635104600,2.6605004300,30302563,231360376.0000,0.643886,-2.467527
2006-07-28,2.6640525000,2.6427400800,2.6818128500,2.6143235200,29959391,222557920.0000,0.636594,-0.932093
2006-07-31,2.6320838700,2.6143235200,2.6605004300,2.6107714500,27176487,201222213.0000,0.577461,-1.075268
2006-08-01,2.6143235200,2.5930111000,2.6356359400,2.5859069600,20531257,150621427.0000,0.436260,-0.815217
2006-08-02,2.5930111000,2.6001152400,2.6178755900,2.5716986800,22858590,167008506.0000,0.485712,0.273972
2006-08-03,2.6036673100,2.6605004300,2.6711566400,2.6036673100,34934593,259920681.0000,0.742310,2.322399
2006-08-04,2.6605004300,2.6285318000,2.6995732000,2.6249797300,31214607,234754660.0000,0.663266,-1.201598
2006-08-07,2.6214276600,2.6178755900,2.6605004300,2.6107714500,18627401,138153560.0000,0.395806,-0.405408
2006-08-08,2.6178755900,2.6782607800,2.6995732000,2.6178755900,27574739,206437245.0000,0.585924,2.306650
2006-08-09,2.6960211300,2.6853649200,2.7279897600,2.6711566400,22933614,174240222.0000,0.487306,0.265252
2006-08-10,2.6818128500,2.7421980400,2.7457501100,2.6747087100,49086877,376929954.0000,1.043026,2.116400
2006-08-11,2.7386459700,2.7208856200,2.7457501100,2.7066773400,17885804,137169248.0000,0.380048,-0.777201
2006-08-14,2.7315418300,2.7421980400,2.7990311600,2.7066773400,50934667,395530598.0000,1.082289,0.783289
2006-08-15,2.7386459700,2.7848228800,2.7919270200,2.7137814800,38881342,303080411.0000,0.826173,1.554409
2006-08-16,2.7883749500,2.8238956500,2.8523122100,2.7706146000,58067854,462427675.0000,1.233859,1.403057
2006-08-17,2.8167915100,2.8061353000,2.8238956500,2.7883749500,23237950,183506082.0000,0.493773,-0.628927
2006-08-18,2.8061353000,2.7919270200,2.8416560000,2.7706146000,24177965,191109704.0000,0.513747,-0.506329
2006-08-21,2.7919270200,2.7919270200,2.7919270200,2.7919270200,0,0.0000,,0.000000
2006-08-22,2.8132394400,2.8700725600,2.8984891200,2.8132394400,77762136,629595279.0000,1.652334,2.798980
2006-08-23,2.8807287700,2.9446660300,2.9908429400,2.8771767000,99326322,827087097.0000,2.110542,2.599010
2006-08-24,2.9695305200,3.0228115700,3.0263636400,2.9482181000,99144528,834770834.0000,2.106679,2.653803
2006-08-25,3.0370198500,2.9730825900,3.0476760600,2.9588743100,51815035,437242269.0000,1.100995,-1.645127
2006-08-28,2.9730825900,2.9908429400,3.0228115700,2.9411139600,59151968,498327162.0000,1.256895,0.597374
2006-08-29,2.9943950100,2.9943950100,3.0121553600,2.9588743100,46793107,392750241.0000,0.994287,0.118768
2006-08-30,2.9872908700,3.0050512200,3.0228115700,2.9766346600,30347674,257023724.0000,0.644845,0.355869
2006-08-31,3.0050512200,3.0405719200,3.0831967600,3.0050512200,48794419,419381474.0000,1.036812,1.182038
2006-09-01,3.0334677800,2.9624263800,3.0760926200,2.9588743100,39382008,335351311.0000,0.836811,-2.570096
2006-09-04,2.9872908700,3.0157074300,3.0370198500,2.9659784500,32158571,272048835.0000,0.683324,1.798557
2006-09-05,3.0476760600,3.1258216000,3.1471340200,3.0263636400,70741815,618963443.0000,1.503162,3.651360
2006-09-06,3.1258216000,3.1258216000,3.1364778100,3.0725405500,24967846,217897186.0000,0.530531,0.000000
2006-09-07,3.1222695300,3.1080612500,3.1471340200,3.1009571100,37534244,330176178.0000,0.797549,-0.568184
2006-09-08,3.1116133200,3.1577902300,3.1577902300,3.0938529700,34287523,302866475.0000,0.728561,1.600004
2006-09-11,3.1613423000,3.2039671400,3.2039671400,3.1542381600,47461691,425806196.0000,1.008493,1.462318
2006-09-12,3.1968630000,3.1862067900,3.2146233500,3.1613423000,35520650,319171114.0000,0.754763,-0.554326
2006-09-13,3.2004150700,3.2643523300,3.3140813100,3.1968630000,55063981,506640868.0000,1.170031,2.452612
2006-09-14,3.2998730300,3.3176333800,3.3638102900,3.2643523300,53259389,496466882.0000,1.131686,1.632215
2006-09-15,3.3176333800,3.3176333800,3.3744665000,3.2963209600,44102473,414630456.0000,0.937114,0.000000
2006-09-18,3.3353937300,3.2643523300,3.3567061500,3.2323837000,56337438,520533999.0000,1.197090,-1.606002
2006-09-19,3.2679044000,3.3709144300,3.3780185700,3.2679044000,42516906,400007859.0000,0.903423,3.264420
2006-09-20,3.3744665000,3.3886747800,3.3922268500,3.3318416600,37709178,356814901.0000,0.801266,0.526872
2006-09-21,3.4176387200,3.4864259400,3.5009074600,3.4103979600,57441793,548718228.0000,1.220032,2.884620
2006-09-22,3.5153889800,3.4248794800,3.6529634200,3.4140183400,138237752,1350070342.0000,2.936094,-1.765317
2006-09-25,3.4212591000,3.3922960600,3.4502221400,3.3452311200,95753603,897706523.0000,2.033754,-0.951376
2006-09-26,3.3886756800,3.3017865600,3.4103979600,3.2692031400,63222818,579369536.0000,1.342818,-2.668090
2006-09-27,3.3017865600,3.4284998600,3.4321202400,3.3017865600,59864417,554765356.0000,1.271487,3.837724
2006-09-28,3.4610832800,3.5479724000,3.5515927800,3.4067775800,71612337,690284825.0000,1.521007,3.484688
2006-09-29,3.5479724000,3.5986577200,3.6203800000,3.5298705000,75513162,746400932.0000,1.603615,1.428565
2006-10-09,3.7470933000,3.7615748200,3.7941582400,3.6457226600,95894349,982375508.0000,2.036435,4.527171
2006-10-10,3.7181302600,3.7108895000,3.7724359600,3.6746857000,64011100,657541506.0000,1.359355,-1.347453
2006-10-11,3.7108895000,3.6891672200,3.7253710200,3.6421022800,47426200,481909235.0000,1.007154,-0.585370
2006-10-12,3.7000283600,3.6529634200,3.7724359600,3.6421022800,49880028,510564166.0000,1.059264,-0.981349
2006-10-13,3.6529634200,3.7036487400,3.7326117800,3.6276207600,33785588,343773192.0000,0.717479,1.387506
2006-10-16,3.7036487400,3.6240003800,3.7253710200,3.6167596200,47085872,475139694.0000,0.999927,-2.150531
2006-10-17,3.6203800000,3.5624539200,3.6312411400,3.5334908800,59006811,584312938.0000,1.253082,-1.698303
2006-10-18,3.5479724000,3.6746857000,3.6746857000,3.5479724000,48276253,481495793.0000,1.025206,3.150401
2006-10-19,3.6746857000,3.6457226600,3.7000283600,3.6240003800,21235514,214448950.0000,0.450962,-0.788177
2006-10-20,3.6602041800,3.8013990000,3.8774269800,3.6565838000,69333710,721852588.0000,1.472387,4.270113
2006-10-23,3.8013990000,3.7217506400,3.8593250800,3.7181302600,44464223,465449170.0000,0.944253,-2.095241
2006-10-24,3.7289914000,3.8267416600,3.8520843200,3.7253710200,53393040,561506137.0000,1.133867,2.821011
2006-10-25,3.8303620400,3.8339824200,3.9498345800,3.8158805200,77617987,833656258.0000,1.648314,0.189219
2006-10-26,3.8376028000,3.8774269800,3.9027696400,3.8050193800,39529196,421678324.0000,0.839451,1.133143
2006-10-27,3.8774269800,3.7724359600,3.9172511600,3.7615748200,51580569,546968742.0000,1.095377,-2.707749
2006-10-30,3.7470933000,3.7181302600,3.7724359600,3.6565838000,40283426,410730827.0000,0.855468,-1.439536
2006-10-31,3.7000283600,3.7688155800,3.7977786200,3.7000283600,26436398,274098867.0000,0.561410,1.363188
2006-11-01,3.7941582400,3.8484639400,3.8701862200,3.7796767200,30534153,323462995.0000,0.648430,2.113355
2006-11-02,3.8412231800,3.7470933000,3.8412231800,3.7108895000,32916505,342052417.0000,0.699023,-2.634052
2006-11-03,3.7651952000,3.8701862200,3.9027696400,3.7651952000,47208911,503015264.0000,1.002539,3.285016
2006-11-06,3.8013990000,3.9824180000,3.9896587600,3.7869174800,61394827,667879139.0000,1.303795,2.899910
2006-11-07,4.0367237000,4.1344739600,4.1779185200,4.0367237000,62751302,712100982.0000,1.332601,3.818183
2006-11-08,4.0801682600,4.0765478800,4.1272332000,4.0475848400,47994252,541893167.0000,1.019217,-1.401049
2006-11-09,4.0765478800,4.2539465000,4.2720484000,4.0439644600,73770172,846202607.0000,1.566601,4.351685
2006-11-10,4.2611872600,4.4385858800,4.5616788000,4.2539465000,121193989,1482790410.0000,2.573704,4.340427
2006-11-13,4.4096228400,4.4385858800,4.5906418400,4.3661782800,71897006,889313617.0000,1.526822,0.000000
2006-11-14,4.4639285400,4.4603081600,4.5906418400,4.3444560000,64212729,792590622.0000,1.363637,0.489392
2006-11-15,4.4892712000,4.5001323400,4.5182342400,4.3263541000,95113042,1163876396.0000,2.019843,0.892862
2006-11-16,4.5616788000,4.5363361400,4.7245959000,4.5182342400,96771813,1236321570.0000,2.055069,0.804501
2006-11-17,4.5073731000,4.5870214600,4.6196048800,4.4530674000,66968396,839141866.0000,1.422157,1.117321
2006-11-20,4.6702902000,4.8875130000,4.8875130000,4.6630494400,80452193,1055028918.0000,1.708502,6.550907
2006-11-21,4.8694111000,4.8730314800,4.9237168000,4.7752812200,85408813,1143914481.0000,1.813762,-0.296296
2006-11-22,4.8513092000,4.8657907200,4.9780225000,4.7426978000,104206670,1391375394.0000,2.212957,-0.148592
2006-11-23,4.8947537600,4.8766518600,4.9418187000,4.8151054000,65916661,889200468.0000,1.399822,0.223219
2006-11-24,4.7789016000,4.7209755200,4.8332073000,4.6883921000,90364243,1182294184.0000,1.918996,-3.192281
2006-11-27,4.6377067800,4.5616788000,4.6739105800,4.4820304400,129782892,1635446507.0000,2.756100,-3.374230
2006-11-28,4.5363361400,4.5544380400,4.6159845000,4.4965119600,101581033,1278029440.0000,2.157199,-0.158734
2006-11-29,4.4385858800,4.6051233600,4.6594290600,4.4096228400,92701404,1170796750.0000,1.968629,1.112880
2006-11-30,4.6340864000,4.7426978000,4.7535589400,4.5616788000,97378288,1251591948.0000,2.067948,2.987422
2006-12-01,4.7463181800,4.7137347600,4.7607997000,4.6449475400,72945073,947219014.0000,1.549079,-0.610686
2006-12-04,4.7064940000,5.0033651600,5.0178466800,4.6521883000,130680880,1763206158.0000,2.775170,6.144387
2006-12-05,5.0069855400,4.9744021200,5.1192173200,4.9273371800,93534920,1299663145.0000,1.986329,-0.578871
2006-12-06,4.9599206000,4.8911333800,5.0612912400,4.7463181800,74915597,1015564054.0000,1.590925,-1.673941
2006-12-07,4.8947537600,4.8404480600,5.1011154200,4.8368276800,83674961,1147503730.0000,1.776941,-1.036272
2006-12-08,4.7789016000,4.6992532400,4.8802722400,4.6630494400,77349436,1020399487.0000,1.642611,-2.916981
2006-12-11,4.6920124800,4.9381983200,4.9490594600,4.6739105800,62625138,839185973.0000,1.329922,5.084752
2006-12-12,4.9635409800,4.9816428800,5.1119765600,4.8911333800,82583536,1140122467.0000,1.753763,0.879765
2006-12-13,5.0142263000,4.9563002200,5.1228377000,4.9237168000,90401555,1256180858.0000,1.919789,-0.508726
2006-12-14,4.9563002200,4.9418187000,4.9961244000,4.8332073000,69710563,943705722.0000,1.480390,-0.292184
2006-12-15,4.9418187000,5.0504301000,5.0866339000,4.8875130000,75677493,1045539252.0000,1.607105,2.197804
2006-12-18,5.0685320000,5.3509216400,5.3617827800,5.0250874400,112100147,1602103158.0000,2.380585,5.949820
2006-12-19,5.3509216400,5.2748936600,5.4957368400,5.2278287200,102819567,1521314445.0000,2.183500,-1.420839
2006-12-20,5.1952453000,5.3364401200,5.3654031600,5.1445599800,48310678,702222472.0000,1.025937,1.166782
2006-12-21,5.3002363200,5.3509216400,5.4993572200,5.3002363200,79460771,1184666985.0000,1.687448,0.271370
2006-12-22,5.3219586000,5.4450515200,5.5391814000,5.3147178400,69602309,1046719034.0000,1.478091,1.759135
2006-12-25,5.4486719000,5.6260705200,5.8505340800,5.4486719000,101789824,1583809071.0000,2.161633,3.324468
2006-12-26,5.5753852000,5.6152093800,5.7165800200,5.5391814000,59878204,933975416.0000,1.271588,-0.193049
2006-12-27,5.6115890000,5.7600245800,5.7926080000,5.5609036800,32931119,517272074.0000,0.699333,2.578979
2006-12-28,5.7527838200,5.6369316600,5.9736270000,5.6115890000,75290617,1202553173.0000,1.598889,-2.137022
2006-12-29,5.7202004000,5.9229416800,5.9736270000,5.7202004000,91953572,1492239733.0000,1.952459,5.073866
2007-01-04,6.1510256200,5.7781264800,6.4442764000,5.6115890000,153445798,2581634899.0000,3.258129,-2.444991
2007-01-05,5.7057188800,5.5174591200,5.7057188800,5.4305700000,112798040,1734505519.0000,2.395051,-4.511280
2007-01-08,5.5609036800,5.7926080000,5.8650156000,5.5609036800,96109663,1520354778.0000,2.040705,4.986878
2007-01-09,5.7383023000,5.9482843400,5.9736270000,5.7202004000,93174423,1515083821.0000,1.978381,2.687502
2007-01-10,6.0062104200,6.0605161200,6.1112014400,5.8469137000,74649131,1232329859.0000,1.585032,1.886789
2007-01-11,6.0496549800,5.8758767400,6.1184422000,5.8577748400,74513596,1234051634.0000,1.582154,-3.046597
2007-01-12,5.7998487600,5.7527838200,5.9338028200,5.6296909000,65362344,1050398700.0000,1.387845,-2.094881
2007-01-15,5.7491634400,6.0460346000,6.0822384000,5.6912373600,69527151,1133435406.0000,1.476276,5.097548
2007-01-16,6.1039606800,6.1872294200,6.3067019600,6.0460346000,86720395,1482036095.0000,1.841342,2.335326
2007-01-17,6.1908498000,5.9591454800,6.3284242400,5.8650156000,74385794,1256510466.0000,1.579440,-3.686373
2007-01-18,5.9482843400,5.6839966000,6.0930995400,5.5609036800,98331202,1568227508.0000,2.087875,-4.617250
2007-01-19,5.8288118000,5.9663862400,6.1075810600,5.8107099000,82926044,1360767690.0000,1.760776,4.968151
2007-01-22,6.0858587800,6.3465261400,6.3827299400,6.0858587800,108517050,1881975275.0000,2.304152,6.371366
2007-01-23,6.3754891800,6.8099347800,6.9076850400,6.3573872800,129861605,2360196775.0000,2.757363,7.301761
2007-01-24,6.8425182000,6.5673693200,7.1357689800,6.5166840000,123108907,2326871959.0000,2.613983,-3.561936
2007-01-25,6.5927119800,6.5347859000,6.7375271800,6.4623783000,90520617,1648457942.0000,1.922033,-0.496142
2007-01-26,6.4877209600,6.9656111200,7.0633613800,6.3718688000,98526885,1818189605.0000,2.092030,6.592801
2007-01-29,6.9873334000,6.8787220000,7.2262784800,6.8063144000,121707998,2338352289.0000,2.584237,-1.247400
2007-01-30,6.9221665600,6.6796011000,6.9475092200,6.6433973000,86833711,1626008754.0000,1.843748,-2.894733
2007-01-31,6.6325361600,6.2161924600,6.6325361600,6.0858587800,94337166,1667077750.0000,2.003070,-6.937673
2007-02-01,6.1148218200,6.1220625800,6.3320446200,6.0387938400,85932371,1461163828.0000,1.824610,-1.514270
2007-02-02,6.1691275200,5.8469137000,6.2017109400,5.8215710400,88961313,1462628436.0000,1.888924,-4.494383
2007-02-05,5.8469137000,5.6586539400,5.9193213000,5.6550335600,68993926,1095441109.0000,1.464954,-3.219811
2007-02-06,5.6296909000,5.9591454800,5.9736270000,5.4269496200,168379944,2610855702.0000,3.575227,5.310294
2007-02-07,5.9700066200,6.0532753600,6.2632574000,5.9120805400,134058333,2256637684.0000,2.846473,1.579588
2007-02-08,6.1148218200,5.9953492800,6.1184422000,5.8758767400,61210606,1008214230.0000,1.299690,-0.956937
2007-02-09,5.9772473800,5.8107099000,6.0279327000,5.7817468600,60260428,976949721.0000,1.279515,-3.079712
2007-02-12,5.8034691400,6.1220625800,6.1908498000,5.8034691400,69267641,1152901802.0000,1.470766,5.358259
2007-02-13,6.1546460000,6.1655071400,6.2922204400,6.0858587800,55088716,942097973.0000,1.169704,0.709644
2007-02-14,6.1691275200,6.5166840000,6.5239247600,6.1112014400,79725636,1403028098.0000,1.692822,5.695827
2007-02-15,6.5818508400,6.5565081800,6.6470176800,6.4225541200,74378366,1339787566.0000,1.579283,0.611115
2007-02-16,6.5927119800,6.4623783000,6.6397769200,6.4080726000,70319834,1259355648.0000,1.493107,-1.435672
2007-02-26,6.2632574000,6.1003403000,6.2668777800,6.0930995400,143192622,2432572526.0000,3.040422,-5.602241
2007-02-27,6.1401644800,5.5536629200,6.1727479000,5.5246998800,135729030,2189223929.0000,2.881947,-8.961426
2007-02-28,5.5609036800,5.8251914200,5.8396729400,5.5464221600,127540287,1996435442.0000,2.708075,4.889179
2007-03-01,5.8215710400,5.6405520400,5.8251914200,5.5500425400,72443588,1132740823.0000,1.538201,-3.169672
2007-03-02,5.6007278600,5.6622743200,5.7926080000,5.5681444400,53823764,845667296.0000,1.142845,0.385112
2007-03-05,5.6405520400,5.4921164600,5.7491634400,5.4124681000,73137058,1117712899.0000,1.552926,-3.005117
2007-03-06,5.4921164600,5.7708857200,5.9193213000,5.4921164600,90564693,1429258979.0000,1.922968,5.075804
2007-03-07,5.8215710400,5.8396729400,5.9012194000,5.7564042000,62857326,1012782382.0000,1.334655,1.191967
2007-03-08,5.8505340800,5.8650156000,5.9012194000,5.7419226800,48027924,774139421.0000,1.019781,0.433984
2007-03-09,5.8867378800,5.9012194000,6.0098308000,5.7962283800,81069707,1327515996.0000,1.721361,0.617274
2007-03-12,5.9229416800,5.8179506600,5.9663862400,5.7708857200,66569790,1074235623.0000,1.413482,-1.411040
2007-03-13,5.8143302800,5.7853672400,5.8469137000,5.7129596400,51591466,820451398.0000,1.095446,-0.560051
2007-03-14,5.6839966000,5.6260705200,5.6839966000,5.5645240600,93101701,1441722725.0000,1.976837,-2.753439
2007-03-15,5.6333112800,5.7202004000,5.7817468600,5.5934871000,68468401,1072538539.0000,1.453796,1.673103
2007-03-16,5.7383023000,5.6188297600,5.7564042000,5.5500425400,69606502,1087564519.0000,1.477961,-1.772150
2007-03-19,5.4957368400,5.9229416800,6.1184422000,5.4957368400,138834006,2251571490.0000,2.947875,5.412372
2007-03-20,5.9410435800,5.9012194000,5.9808677600,5.8469137000,68033462,1110686188.0000,1.444561,-0.366757
2007-03-21,5.9374232000,5.9482843400,6.0351734600,5.8939786400,78973692,1302145471.0000,1.676856,0.797553
2007-03-22,6.0098308000,6.0170715600,6.1365441000,5.9844881400,96741567,1617620389.0000,2.054123,1.156424
2007-03-23,6.0170715600,5.9627658600,6.1003403000,5.8288118000,68717235,1133856615.0000,1.459079,-0.902536
2007-03-26,5.9736270000,5.9953492800,6.0351734600,5.8505340800,87553561,1433730046.0000,1.859033,0.546449
2007-03-27,6.0387938400,5.9591454800,6.0749976400,5.9265620600,66320336,1093622561.0000,1.408186,-0.603867
2007-03-28,5.9591454800,6.2270536000,6.2704981600,5.9265620600,159739136,2691374327.0000,3.391756,4.495758
2007-03-29,6.2198128400,6.3392853800,6.6397769200,6.1836090400,183262676,3252992125.0000,3.891233,1.802323
2007-03-30,6.2958408200,6.2922204400,6.4442764000,6.2306739800,67660722,1183681162.0000,1.436597,-0.742439
2007-04-02,6.3067019600,6.3827299400,6.4153133600,6.2451555000,74176895,1298931984.0000,1.574951,1.438435
2007-04-03,6.4225541200,6.4261745000,6.5166840000,6.3356650000,74834397,1326163321.0000,1.588911,0.680663
2007-04-04,6.4261745000,6.4225541200,6.5275451400,6.3899707000,78833885,1404875539.0000,1.673830,-0.056339
2007-04-05,6.4261745000,6.3537669000,6.4442764000,6.2379147400,92702914,1618218906.0000,1.968302,-1.071029
2007-04-06,6.2741185400,6.2415351200,6.3501465200,6.1763682800,102995435,1773144435.0000,2.186836,-1.766379
2007-04-09,6.2342943600,6.3067019600,6.4080726000,6.1763682800,84569988,1470879957.0000,1.795621,1.044085
2007-04-10,6.3175631000,6.5166840000,6.5601285600,6.3175631000,152667963,2732733206.0000,3.241501,3.329506
2007-04-11,6.7339068000,6.9257869400,7.0488798600,6.7339068000,206828419,3949695025.0000,4.391456,6.277773
2007-04-12,6.9511296000,6.9330277000,7.0959448000,6.8533793400,94202131,1817433319.0000,2.000134,0.104550
2007-04-13,6.9330277000,6.8099347800,6.9366480800,6.7520087000,92632965,1758503113.0000,1.966817,-1.775458
2007-04-16,6.8425182000,7.3167879800,7.4145382400,6.8063144000,129084213,2526042820.0000,2.740763,7.442848
2007-04-17,7.4109178600,7.2262784800,7.4145382400,6.8787220000,103835533,2057699826.0000,2.204674,-1.237011
2007-04-18,7.2226581000,7.0669817600,7.3312695000,7.0235372000,85303984,1680431404.0000,1.811205,-2.204402
2007-04-19,7.1140467000,6.8823423800,7.2190377200,6.6470176800,139926334,2676674293.0000,2.970967,-2.612706
2007-04-20,6.8823423800,7.0416391000,7.1647320200,6.8787220000,93871041,1825316862.0000,1.993104,2.314574
2007-04-23,7.1176670800,7.2190377200,7.2624822800,7.0525002400,99646042,1975050244.0000,2.115721,2.519279
2007-04-24,7.2914453200,7.0778429000,7.3348898800,7.0633613800,77354955,1535097218.0000,1.642428,-1.955874
2007-04-25,7.0597410000,7.2407600000,7.5231496400,6.9873334000,112273793,2250033191.0000,2.383838,2.301794
2007-04-26,7.3204083600,7.2552415200,7.4579828000,7.0959448000,80169294,1609080056.0000,1.702183,0.200005
2007-04-27,7.2045562000,7.0597410000,7.2842045600,7.0561206200,80922469,1596249541.0000,1.718175,-2.694615
2007-04-30,7.0597410000,7.0488798600,7.1864543000,6.9149258000,103574913,2009046790.0000,2.199140,-0.153850
2007-05-08,7.2769638000,7.3059268400,7.4543624200,7.1755931600,123442744,2486766501.0000,2.620981,3.646641
2007-05-09,7.2950657000,7.8670857400,7.9648360000,7.2226581000,196451573,4117359791.0000,4.171131,7.680868
2007-05-10,7.8670857400,7.7801966200,8.0770677800,7.5991776200,112354022,2440166242.0000,2.385541,-1.104463
2007-05-11,7.7077890200,7.8381227000,7.9503544800,7.5521126800,134248283,2847414281.0000,2.850408,0.744532
2007-05-14,7.6390018000,8.0227620800,8.1820588000,7.5665942000,125127781,2763517020.0000,2.656758,2.355659
2007-05-15,8.0372436000,7.5303904000,8.0698270200,7.5122885000,105174673,2252716494.0000,2.233107,-6.137187
2007-05-16,7.5846961000,7.6353814200,7.7005482600,7.4543624200,86610566,1810854219.0000,1.838947,1.394235
2007-05-17,7.6317610400,7.6824463600,7.7331316800,7.5593534400,86254051,1823208576.0000,1.831377,0.616402
2007-05-18,7.6353814200,7.5159088800,7.6353814200,7.4579828000,93895011,1954557961.0000,1.993613,-2.167762
2007-05-21,7.2443803800,7.4072974800,7.4797050800,7.2407600000,146459164,2977203234.0000,3.109674,-1.445092
2007-05-22,7.4290197600,7.4797050800,7.6027980000,7.4036771000,80432253,1665599958.0000,1.707767,0.977521
2007-05-23,7.4941866000,7.6788259800,7.7476132000,7.3855752000,97119007,2033018008.0000,2.062066,2.662145
2007-05-24,7.6969278800,7.7258909200,7.9937990400,7.6027980000,108436349,2334664046.0000,2.302360,0.612923
2007-05-25,7.6571037000,7.6462425600,7.8200208000,7.5629738200,85273835,1818350273.0000,1.810565,-1.030925
2007-05-28,7.7150297800,7.7150297800,7.9575952400,7.7041686400,90491444,1950866892.0000,1.921347,0.899615
2007-05-29,7.7295113000,7.7476132000,7.8743265000,7.6353814200,91959283,1962388053.0000,1.952513,0.422338
2007-05-30,7.3493714000,7.2661026600,7.7077890200,7.1249078400,154780369,3172465861.0000,3.286353,-6.214953
2007-05-31,7.3131676000,7.8634653600,7.9937990400,7.2371396200,183342271,3867520629.0000,3.892789,8.221224
2007-06-01,7.9105303000,7.9901786600,8.4789299600,7.8743265000,156234672,3528048441.0000,3.317231,1.611420
2007-06-04,8.1820588000,7.5810757200,8.2544664000,7.4941866000,119076749,2562203896.0000,2.528281,-5.120069
2007-06-05,7.5303904000,7.7801966200,7.7874373800,7.1611116400,144984609,2984967656.0000,3.078366,2.626548
2007-06-06,7.7801966200,7.7548539600,7.9648360000,7.5665942000,92002532,1976305170.0000,1.953431,-0.325732
2007-06-07,7.8526042200,7.8489838400,8.0010398000,7.6390018000,113170490,2440412118.0000,2.402877,1.213820
2007-06-08,7.8200208000,7.6896871200,7.8200208000,7.5991776200,102072580,2163543434.0000,2.167242,-2.029523
2007-06-11,7.6969278800,7.8888080200,7.9105303000,7.5919368600,113217760,2421027836.0000,2.403880,2.589459
2007-06-12,7.8200208000,7.8308819400,7.8888080200,7.6390018000,98067542,2098829796.0000,2.082206,-0.734290
2007-06-13,7.8851876400,8.1965403200,8.3268740000,7.8851876400,145122146,3266824791.0000,3.081286,4.669442
2007-06-14,8.1748180400,8.0372436000,8.1965403200,7.9756971400,74720813,1669516930.0000,1.586499,-1.943457
2007-06-15,8.0372436000,8.0372436000,8.0372436000,8.0372436000,0,0.0000,,0.000000
2007-06-18,8.4282446400,8.6816712400,8.8264864400,8.3848000800,130105096,3094620130.0000,2.762438,8.018012
2007-06-19,8.5766802200,8.7287361800,9.0219869600,8.5078930000,92123408,2244413749.0000,1.955998,0.542123
2007-06-20,8.7251158000,8.3341147600,8.7251158000,8.3268740000,74293984,1751083859.0000,1.577437,-4.520947
2007-06-21,8.4029019800,8.6201247800,8.7576992200,8.3992816000,74453496,1768914053.0000,1.580824,3.431794
2007-06-22,8.6418470600,8.7504584600,9.0147462000,8.5803006000,94682270,2303274591.0000,2.010328,1.511972
2007-06-25,8.9133755600,9.0364684800,9.3948861000,8.9133755600,114513143,2888035916.0000,2.431384,3.268511
2007-06-26,8.8699310000,8.8699310000,9.0726722800,8.6889120000,73768533,1798994044.0000,1.566280,-1.842945
2007-06-27,8.9423386000,9.1668021600,9.2681728000,8.7540788400,77164856,1922992838.0000,1.638392,3.346937
2007-06-28,9.1668021600,8.9568201200,9.3623026800,8.9423386000,65365794,1659602032.0000,1.387870,-2.290679
2007-06-29,8.7613196000,8.8988940400,9.0400888600,8.6925323800,48200226,1183166953.0000,1.023327,-0.646725
2007-07-02,8.8626902400,8.6454674400,8.9314774600,8.3920408400,58961073,1404615259.0000,1.251788,-2.847847
2007-07-03,8.6708101000,8.8409679600,8.8880329000,8.6708101000,37841899,916511956.0000,0.803412,2.261310
2007-07-04,8.8773544000,8.7063561800,8.9355665600,8.6408675000,39214608,951314435.0000,0.832556,-1.522629
2007-07-05,8.6590588000,8.6117614200,8.8227805000,8.5862936000,52685188,1262635370.0000,1.118546,-1.086503
2007-07-06,8.5499110000,8.8227805000,8.8409718000,8.4444014600,37422958,892672412.0000,0.794518,2.450359
2007-07-09,8.8773544000,9.4121786200,9.4230934000,8.8118657200,59963775,1512486446.0000,1.273076,6.680416
2007-07-10,9.7432602800,10.1143628000,10.2162340800,9.6341124800,113065177,3098114639.0000,2.400459,7.460372
2007-07-11,9.9688324000,9.9979384800,10.1507454000,9.8960672000,52132231,1436711466.0000,1.106807,-1.151078
2007-07-12,10.1216393200,10.0743419400,10.1798514800,9.9688324000,27826213,769263238.0000,0.590771,0.764196
2007-07-13,10.0779802000,9.9506411000,10.0961715000,9.8233020000,20721139,565198420.0000,0.439925,-1.227881
2007-07-16,9.9542793600,9.5759003200,9.9979384800,9.5067733800,31544623,839311744.0000,0.669716,-3.765999
2007-07-17,9.5977298800,10.1471071400,10.1689367000,9.5977298800,52667889,1426527711.0000,1.118179,5.965044
2007-07-18,10.0415976000,10.0270445600,10.2889992800,9.9870237000,62500179,1745634768.0000,1.326926,-1.183220
2007-07-19,10.0379593400,9.9506411000,10.1143628000,9.8778759000,25258292,693387454.0000,0.536253,-0.761971
2007-07-20,9.9542793600,10.5436774800,10.6055279000,9.9542793600,65124426,1862742459.0000,1.382641,5.959777
2007-07-23,10.6964844000,10.6928461400,10.9147800000,10.5036566200,80303795,2361617984.0000,1.704910,1.414768
2007-07-24,10.7328670000,10.7255904800,10.9657156400,10.5145714000,46782254,1381107706.0000,0.993223,0.306227
2007-07-25,10.6710165800,10.8274617600,10.8893121800,10.5509540000,50745370,1498902702.0000,1.077362,0.949799
2007-07-26,10.9147800000,10.7910791600,11.0493956200,10.6964844000,55662997,1658130936.0000,1.181767,-0.336023
2007-07-27,10.6601018000,10.5582305200,10.6855696200,10.4418062000,75130606,2182091728.0000,1.595079,-2.157786
2007-07-30,10.4781888000,10.6928461400,10.8602061000,10.4599975000,49367153,1448529066.0000,1.048102,1.274979
2007-07-31,10.6237192000,10.8456530600,10.8929504400,10.5182096600,46549324,1366951745.0000,0.988277,1.429058
2007-08-01,10.9147800000,10.6055279000,11.1585434200,10.5145714000,61537893,1831942002.0000,1.306496,-2.214022
2007-08-02,10.7510583000,10.9147800000,10.9875452000,10.6419105000,52048210,1550335323.0000,1.105023,2.915953
2007-08-03,11.0748634400,12.0062580000,12.0062580000,11.0675869200,89066611,2867454660.0000,1.890951,10.000000
2007-08-06,12.2682127200,12.2318301200,12.4355726800,12.0062580000,86933268,2908955678.0000,1.845659,1.878785
2007-08-07,12.2281918600,12.0462788600,12.2427449000,11.9334928000,70935429,2350488450.0000,1.506013,-1.516949
2007-08-08,11.9153015000,12.4501257200,12.8248665000,11.8971102000,81220397,2784930769.0000,1.724370,3.352463
2007-08-09,12.5847413400,13.1341186000,13.4542854800,12.4064666000,80729798,2884143639.0000,1.713955,5.493855
2007-08-10,13.1341186000,13.2214368400,13.5707098000,12.7739308600,84212683,3049823142.0000,1.787899,0.664825
2007-08-13,13.2214368400,13.1959690200,13.7526228000,12.9776734200,79188294,2911131789.0000,1.681227,-0.192624
2007-08-14,13.0977360000,13.1668629400,13.2796490000,12.8612491000,46403401,1663867762.0000,0.985179,-0.220573
2007-08-15,13.0977360000,13.1923307600,13.6434750000,13.0176942800,53411988,1954223978.0000,1.133977,0.193423
2007-08-16,13.1523099000,12.7375482600,13.2359898800,12.5883796000,81307464,2882497702.0000,1.726219,-3.447325
2007-08-17,12.6102091600,12.0390023400,12.8612491000,11.9298545400,118922479,4011672842.0000,2.524814,-5.484142
2007-08-20,12.5920178600,13.0904594800,13.1013742600,12.5592735200,65813470,2315373885.0000,1.397270,8.733754
2007-08-21,13.0904594800,13.2469046600,13.5343272000,12.9194612600,66754553,2444491940.0000,1.417250,1.195109
2007-08-22,12.9740351600,13.2505429200,13.5343272000,12.8430578000,70754711,2598106838.0000,1.502176,0.027460
2007-08-23,13.2614577000,13.6616663000,13.7562610600,13.1086507800,72440868,2681273251.0000,1.537974,3.102694
2007-08-24,13.6980489000,14.2037670400,14.3711270000,13.5525185000,65624830,2529954764.0000,1.393265,3.968047
2007-08-27,14.1455548800,13.9163445000,14.4002330800,13.6798576000,80470531,3100040612.0000,1.708450,-2.023568
2007-08-28,13.7890054000,13.6980489000,13.9563653600,13.4615620000,55614393,2091222577.0000,1.180736,-1.568623
2007-08-29,13.4652002600,13.4615620000,13.8253880000,13.4179028800,49999537,1864346356.0000,1.061528,-1.726432
2007-08-30,13.5707098000,13.6034541400,13.8144732200,13.4615620000,39494632,1475294971.0000,0.838501,1.054052
2007-08-31,13.6180071800,13.8363027800,13.9927479600,13.5634332800,44221833,1667250083.0000,0.938863,1.711686
2007-09-03,14.0073010000,13.9127062400,14.2437879000,13.8363027800,47456593,1839524158.0000,1.007539,0.552203
2007-09-04,13.9308975400,13.6507515200,13.9308975400,13.4615620000,61142511,2291711257.0000,1.298102,-1.882848
2007-09-05,13.6070924000,13.3524142000,13.8253880000,13.1195655600,59361696,2182424617.0000,1.260294,-2.185500
2007-09-06,13.4615620000,13.4506472200,13.7344315000,13.2359898800,61849755,2287383834.0000,1.313117,0.735696
2007-09-07,13.3778820200,13.0904594800,13.4506472200,13.0249708000,66419221,2406086457.0000,1.410130,-2.677851
2007-09-10,12.9049082200,13.2250751000,13.4542854800,12.8794404000,48536928,1747329759.0000,1.030476,1.028346
2007-09-11,13.3160316000,12.6756978400,13.3524142000,12.5156144000,54642911,1938230263.0000,1.160110,-4.154053
2007-09-12,12.6611448000,12.5883796000,12.8430578000,12.4428492000,51731186,1787936173.0000,1.098292,-0.688868
2007-09-13,12.5701883000,12.8030369400,12.9121847400,12.5701883000,41111930,1440366331.0000,0.872837,1.705203
2007-09-14,12.8721638800,12.7048039200,12.9522056000,12.5883796000,42507131,1487250668.0000,0.902458,-0.767265
2007-09-17,12.9158230000,12.8721638800,13.2614577000,12.7884839000,58922667,2108654445.0000,1.250973,1.317305
2007-09-18,12.8976317000,12.6211239400,12.9849499400,12.3700840000,56617865,1953784737.0000,1.202040,-1.950261
2007-09-19,12.7702926000,12.8430578000,13.0977360000,12.6211239400,44463468,1569995218.0000,0.943993,1.758434
2007-09-20,12.9158230000,12.9085464800,13.2432664000,12.8430578000,40097639,1439397987.0000,0.851303,0.509916
2007-09-21,12.9813116800,13.0904594800,13.2068838000,12.6975274000,45044684,1607756322.0000,0.956333,1.409245
2007-09-24,13.0940977400,13.7744523600,13.7817288800,13.0940977400,63683741,2366061371.0000,1.352054,5.225128
2007-09-25,13.8108349600,13.4542854800,13.9490888400,13.4179028800,35946729,1343786412.0000,0.763176,-2.324356
2007-09-26,13.4288176600,13.5597950200,13.8981532000,13.3924350600,41307678,1556448961.0000,0.876993,0.784210
2007-09-27,13.5597950200,13.7380697600,13.8071967000,13.4615620000,36336818,1365818193.0000,0.771458,1.314725
2007-09-28,13.8945149400,13.9236210200,13.9345358000,13.6070924000,64910142,2468178511.0000,1.377901,1.350641
2007-10-08,14.4075096000,14.8841216600,15.0114607600,14.1237253200,87014421,3497164587.0000,1.847127,6.898352
2007-10-09,14.7713356000,14.6476347600,14.9714399000,14.4184243800,25676121,1038700371.0000,0.545048,-1.588857
2007-10-10,14.7713356000,14.7240382200,15.3716485000,14.5603165200,43911526,1821960500.0000,0.932146,0.521617
2007-10-11,14.9168660000,15.5535615000,15.7463892800,14.8331860200,82254298,3469241385.0000,1.746080,5.633800
2007-10-12,15.5608380200,15.2479476600,15.7172832000,14.4802748000,51454362,2136031032.0000,1.092264,-1.964913
2007-10-15,15.2115650600,14.9605251200,15.5717528000,14.6767408400,41995589,1727183761.0000,0.891475,-1.884994
2007-10-16,15.3170746000,15.3097980800,15.7536658000,15.1533529000,38577438,1637068838.0000,0.818915,2.334637
2007-10-17,15.2079268000,14.8441008000,15.2806920000,14.7640590800,28503559,1171038513.0000,0.605069,-3.041831
2007-10-18,14.8550155800,14.4984661000,14.9205042600,14.1892140000,40858878,1626946832.0000,0.867345,-2.328433
2007-10-19,14.5530400000,14.7313147400,15.0769494400,14.5530400000,37589944,1533288212.0000,0.797953,1.606031
2007-10-22,14.7313147400,14.7313147400,14.7313147400,14.7313147400,0,0.0000,,0.000000
2007-10-23,14.7713356000,15.1751824600,15.3498189400,14.5566782600,51484018,2129732246.0000,1.092894,3.013083
2007-10-24,15.3170746000,15.6299649600,15.8919196800,15.2988833000,59785840,2578512043.0000,1.269123,2.996883
2007-10-25,15.5899441000,15.2079268000,15.6481562600,15.0005459800,52415082,2215443563.0000,1.112658,-2.700186
2007-10-26,15.0987790000,15.8155162200,15.8664518600,15.0296520600,46539217,2001571077.0000,0.987926,3.995220
2007-10-29,15.8046014400,16.2011717800,16.7687403400,15.7900484000,37818549,1708714955.0000,0.802806,2.438458
2007-10-30,16.2048100400,16.3139578400,16.4085526000,16.0738326800,19471073,868287419.0000,0.413329,0.696163
2007-10-31,16.5358917000,16.5431682200,16.8560585800,16.0010674800,39969951,1793910409.0000,0.848475,1.404998
2007-11-01,16.5722743000,16.4340204200,16.8269525000,16.2266396000,24507075,1112133622.0000,0.520232,-0.659782
2007-11-02,16.1174918000,15.7354745000,16.2630222000,15.6736240800,32969160,1442397432.0000,0.699864,-4.250605
2007-11-05,15.5644762800,15.3061598200,15.7463892800,15.2552241800,26626287,1132059240.0000,0.565218,-2.728324
2007-11-06,15.2079268000,15.3352659000,15.5717528000,15.1351616000,19551813,825049875.0000,0.415042,0.190164
2007-11-07,15.4444137000,15.7682188400,15.7900484000,15.4080311000,21246978,909400086.0000,0.451027,2.823247
2007-11-08,15.5717528000,14.9350573000,15.6408797400,14.8732068800,28325426,1182451225.0000,0.601287,-5.283804
2007-11-09,14.5566782600,14.7931651600,15.2625007000,14.5566782600,21609288,887758424.0000,0.458718,-0.950059
2007-11-12,14.5457634800,14.9095894800,15.0842259600,14.3747652600,33871426,1374694568.0000,0.719017,0.787014
2007-11-13,15.0442051000,14.5675930400,15.4189458800,14.3347444000,29061498,1190036347.0000,0.616912,-2.293798
2007-11-14,14.9168660000,15.1387998600,15.1533529000,14.4839130600,26494858,1081870945.0000,0.562428,3.921078
2007-11-15,15.0878642200,15.0842259600,15.4516902200,15.0223755400,17402635,728993798.0000,0.369420,-0.360494
2007-11-16,14.8077182000,14.7240382200,15.0260138000,14.5093808800,18718298,757211431.0000,0.397349,-2.387839
2007-11-19,14.7240382200,14.2510644200,14.7931651600,14.1892140000,23594205,934304921.0000,0.500854,-3.212263
2007-11-20,14.1892140000,14.2728939800,14.4220626400,13.8071967000,36597807,1414414163.0000,0.776892,0.153182
2007-11-21,14.3711270000,14.0873427200,14.5530400000,14.0764279400,13410918,527453769.0000,0.284685,-1.300021
2007-11-22,13.8544940800,13.5707098000,13.9927479600,13.4979446000,24577397,927388520.0000,0.521725,-3.667361
2007-11-23,13.3924350600,13.9345358000,13.9709184000,13.3887968000,22897793,864713709.0000,0.486070,2.680965
2007-11-26,14.1892140000,13.9272592800,14.3711270000,13.8399410400,19926648,772763982.0000,0.422999,-0.052221
2007-11-27,13.8108349600,13.6689428200,13.9709184000,13.6216454400,14575465,551273902.0000,0.309405,-1.854752
2007-11-28,13.7380697600,13.7235167200,14.0436836000,13.5889011000,26039896,991278431.0000,0.552770,0.399259
2007-11-29,14.0182157800,14.6076139000,14.6803791000,13.8908766800,37320500,1463643875.0000,0.792233,6.442206
2007-11-30,14.5166574000,14.2801705000,14.5239339200,14.1164488000,20171085,793940133.0000,0.428188,-2.241598
2007-12-03,14.2074053000,14.4548069800,14.7349530000,14.0800662000,23101378,921909203.0000,0.490392,1.222929
2007-12-04,14.4802748000,14.6185286800,14.9350573000,14.4620835000,18601447,752826169.0000,0.394868,1.132647
2007-12-05,14.5566782600,15.0369285800,15.0696729200,14.5566782600,21075090,858927082.0000,0.447378,2.862124
2007-12-06,15.1169703000,14.9969077200,15.2079268000,14.8804834000,11277493,465826854.0000,0.239397,-0.266152
2007-12-07,15.0915024800,15.0369285800,15.1315233400,14.8732068800,11451889,471862659.0000,0.243099,0.266862
2007-12-10,14.5530400000,14.8513773200,14.9277807800,14.5530400000,37885840,1539356662.0000,0.804234,-1.233976
2007-12-11,14.8768451400,14.5457634800,15.0733111800,14.1164488000,59925030,2380362119.0000,1.272078,-2.057815
2007-12-12,14.3711270000,13.9272592800,14.3711270000,13.7890054000,88844262,3402568193.0000,1.885971,-4.252128
2007-12-13,13.8253880000,13.6107306600,14.0582366400,13.4652002600,35064542,1327542154.0000,0.744344,-2.272725
2007-12-14,13.4615620000,14.0400453400,14.0655131600,13.4142646200,25530814,966651890.0000,0.541964,3.154238
2007-12-17,13.8326645200,13.2105220600,13.8799619000,13.0540768800,47990402,1761871040.0000,1.018732,-5.908263
2007-12-18,13.0977360000,13.1814159800,13.4069881000,12.9522056000,26052906,945720704.0000,0.553047,-0.220330
2007-12-19,13.3924350600,13.4288176600,13.6325602200,13.3524142000,17159845,634865542.0000,0.364266,1.876899
2007-12-20,13.5707098000,13.7562610600,13.8435793000,13.4288176600,17494344,658154615.0000,0.371367,2.438368
2007-12-21,13.6471132600,13.7926436600,13.9527271000,13.6034541400,30906133,1170283069.0000,0.656070,0.264476
2007-12-24,13.9381740600,14.1128105400,14.2583409400,13.8253880000,29757207,1148036676.0000,0.631681,2.321290
2007-12-25,14.1892140000,13.8726853800,14.3165531000,13.8326645200,24754341,956882070.0000,0.525481,-1.701469
2007-12-26,13.8726853800,13.8617706000,14.1018957600,13.7053254200,33102779,1263405881.0000,0.702700,-0.078685
2007-12-27,13.9017914600,14.4402539400,14.4511687200,13.7526228000,48095011,1873433569.0000,1.020953,4.173229
2007-12-28,14.4584452400,14.4184243800,14.5748695600,14.3274678800,54722573,2177562032.0000,1.161484,-0.151165
2008-01-02,14.4147861200,14.1164488000,14.5494017400,14.0436836000,34141268,1334724365.0000,0.724647,-2.094378
2008-01-03,14.0764279400,13.7962819200,14.0764279400,13.4251794000,61678528,2318140138.0000,1.309124,-2.268044
2008-01-04,13.7962819200,13.9672801400,14.0655131600,13.6434750000,40287848,1538653641.0000,0.855108,1.239455
2008-01-07,13.8472175600,14.2146818200,14.4075096000,13.8253880000,50707352,1981091766.0000,1.076261,1.771295
2008-01-08,14.5421252200,14.6658260600,14.9969077200,14.4802748000,72967497,2961878478.0000,1.548732,3.173795
2008-01-09,14.6258052000,14.8477390600,14.9750781600,14.6221669400,31476204,1285749953.0000,0.668081,1.240387
2008-01-10,14.9168660000,14.9532486000,15.0296520600,14.7713356000,32402890,1329188234.0000,0.687750,0.710603
2008-01-11,14.9714399000,15.6226884400,15.6336032200,14.9605251200,44894677,1909986799.0000,0.952887,4.476886
2008-01-14,15.6445180000,15.6954536400,15.8737283800,15.4626050000,33007057,1427757606.0000,0.700573,0.465768
2008-01-15,15.6990919000,15.2115650600,15.7900484000,15.1242468200,36736453,1562871914.0000,0.779730,-3.082981
2008-01-16,14.9896312000,14.3602122200,14.9896312000,14.2619792000,56416867,2257189497.0000,1.197445,-5.596747
2008-01-17,14.1164488000,14.2437879000,14.5530400000,13.9308975400,43848089,1711220186.0000,0.930674,-0.810742
2008-01-18,14.1892140000,14.4438922000,14.5894226000,14.1710227000,26261417,1039691857.0000,0.557397,1.404851
2008-01-21,14.4620835000,13.4761150400,14.6185286800,13.4433707000,45126495,1715788395.0000,0.957808,-6.700251
2008-01-22,13.1159273000,12.7812073800,13.4724767800,12.4428492000,70452660,2519543493.0000,1.495355,-5.156587
2008-01-23,13.1523099000,13.3633289800,13.4615620000,12.6538682800,49980010,1808495498.0000,1.060823,4.554508
2008-01-24,13.6070924000,13.3524142000,13.6725810800,13.0249708000,37022515,1360408205.0000,0.785801,-0.081674
2008-01-25,13.3524142000,13.7817288800,14.1455548800,12.9485673400,44432253,1654963529.0000,0.943073,3.215260
2008-01-28,13.6070924000,12.9412908200,13.6070924000,12.8830786600,27874336,1008615577.0000,0.591632,-6.098208
2008-01-29,13.1268420800,12.7339100000,13.3087550800,12.5156144000,24429203,863664021.0000,0.518509,-1.602473
2008-01-30,12.9485673400,11.9953432200,12.9703969000,11.4677955200,80825557,2702069500.0000,1.715519,-5.799996
2008-01-31,11.8243450000,11.8316215200,12.0135345200,11.5987728800,40491286,1309401462.0000,0.859426,-1.364879
2008-02-01,11.8316215200,12.0644701600,12.2245536000,11.6096876600,37830523,1248801740.0000,0.802951,1.968018
2008-02-04,12.4610405000,13.1996072800,13.2287133600,12.4610405000,66781458,2397470188.0000,1.417433,9.408923
2008-02-05,13.0249708000,13.1159273000,13.3305846400,12.9522056000,24425687,883959413.0000,0.518434,-0.633957
2008-02-13,12.6975274000,12.5847413400,12.8539725800,12.4792318000,31896316,1110022550.0000,0.676998,-4.049928
2008-02-14,12.7375482600,12.6720595800,13.0431621000,12.5701883000,21766632,762145800.0000,0.461996,0.693847
2008-02-15,12.5629117800,12.1954475200,12.6429535000,12.1445118800,27055768,914458332.0000,0.574257,-3.761129
2008-02-18,12.4355726800,12.5519970000,12.7411865200,12.3155101000,36752524,1269379417.0000,0.780071,2.923626
2008-02-19,12.6393152400,12.7048039200,12.7339100000,12.3700840000,23755852,819573915.0000,0.504217,1.217386
2008-02-20,12.5592735200,11.9844284400,12.7048039200,11.9334928000,80579988,2686938090.0000,1.710307,-5.670102
2008-02-21,11.8971102000,11.7151972000,11.9516841000,11.6024111400,40193896,1298648004.0000,0.853114,-2.246502
2008-02-22,11.6424320000,11.0421191000,11.6424320000,10.9075034800,52391442,1600480266.0000,1.112006,-5.745343
2008-02-25,11.0202895400,10.8347382800,11.0202895400,10.5509540000,37725443,1114852500.0000,0.800721,-1.878088
2008-02-26,11.2786060000,11.0457573600,11.3659242400,10.8056322000,49994078,1526516843.0000,1.061122,1.947616
2008-02-27,11.2058408000,11.5842198400,11.7588563200,11.1694582000,62152052,1975540363.0000,0.858000,4.874834
2008-02-28,11.6424320000,11.5587520200,11.8971102000,11.4241364000,30843782,989636219.0000,0.425794,-0.219848
2008-02-29,11.5733050600,11.6315172200,11.8279832600,11.5623902800,22903770,737434245.0000,0.316183,0.629521
2008-03-03,11.4969016000,12.0681084200,12.1335971000,11.4241364000,51411308,1675421982.0000,0.709725,3.753515
2008-03-04,12.1845327400,11.5078163800,12.2318301200,11.4787103000,46460075,1495456488.0000,0.641374,-4.642746
2008-03-05,11.5041781200,11.7552180600,11.7879624000,11.2822442600,28997093,917625345.0000,0.400300,2.149865
2008-03-06,11.7879624000,12.1335971000,12.4355726800,11.5041781200,46239137,1548001657.0000,0.638324,3.218809
2008-03-07,11.9334928000,12.0644701600,12.4173813800,11.8425363000,29032972,972658890.0000,0.400796,-0.569711
2008-03-10,11.8243450000,11.2786060000,11.8971102000,11.2422234000,51170712,1615494256.0000,0.706404,-6.513872
2008-03-11,11.1003312600,11.3841155400,11.3877538000,11.0603104000,20568426,634993132.0000,0.283944,0.935487
2008-03-12,11.7697711000,10.7947174200,11.9153015000,10.7328670000,37968575,1158955561.0000,0.524150,-5.177376
2008-03-13,10.7983556800,11.0130130200,11.2240321000,10.5873366000,36991037,1105612989.0000,0.510656,2.022246
2008-03-14,10.9693539000,10.6673783200,10.9802686800,10.4418062000,39434932,1152963032.0000,0.544393,-3.138423
2008-03-17,10.5509540000,10.4308914200,10.8929504400,10.1871280000,23811947,685745108.0000,0.328720,-2.216915
2008-03-18,10.3726792600,10.2635314600,10.8347382800,10.0124915200,44849005,1281226344.0000,0.619134,-1.604468
2008-03-19,10.5473157400,10.6564635400,10.9511626000,10.3763175200,36572350,1082967880.0000,0.504876,3.828436
2008-03-20,10.5509540000,11.1476286400,11.3331799000,10.1107245400,67829709,2004752426.0000,0.936379,4.609076
2008-03-21,11.0603104000,11.0457573600,11.4059451000,10.8347382800,37482775,1145050263.0000,0.517444,-0.913834
2008-03-24,11.2604147000,10.4054236000,11.2604147000,10.3508497000,32019604,937474053.0000,0.442026,-5.797102
2008-03-25,10.4418062000,10.8129087200,10.9184182600,10.1798514800,45980720,1332996709.0000,0.634757,3.916080
2008-03-26,10.9184182600,11.1658199400,11.4787103000,10.9184182600,61088368,1889331769.0000,0.843316,3.263799
2008-03-27,10.9147800000,11.1330756000,11.4423277000,10.8783974000,50924824,1574676247.0000,0.703009,-0.293256
2008-03-28,11.0166512800,11.9043867200,12.0790232000,11.0166512800,80528401,2582997554.0000,1.111682,6.928107
2008-03-31,11.4532424800,11.7042824200,11.9334928000,11.4241364000,57190721,1837927775.0000,0.789280,-1.680938
2008-04-01,11.6315172200,11.5296459400,12.1517884000,11.2349468800,60576245,1953426276.0000,0.836003,-1.492066
2008-04-02,11.8425363000,11.7224737200,12.2245536000,11.4605190000,93796027,3081665773.0000,1.294464,1.672454
2008-04-03,11.6060494000,12.0062580000,12.0790232000,11.2422234000,60308654,1936673774.0000,0.832310,2.420853
2008-04-07,11.8461745600,12.2318301200,12.3118718400,11.7151972000,54665057,1812776567.0000,0.754424,1.878785
2008-04-08,12.2500214200,12.1663414400,12.2682127200,11.9371310600,36136258,1201613770.0000,0.498711,-0.535397
2008-04-09,12.0062580000,11.4605190000,12.1081292800,11.3913920600,37089575,1201357222.0000,0.511867,-5.801432
2008-04-10,11.3841155400,11.6897293800,11.7515798000,11.3513712000,22980531,730473757.0000,0.317151,2.000003
2008-04-11,12.1772562200,11.9262162800,12.2754892400,11.7697711000,37181124,1226200238.0000,0.513131,2.023024
2008-04-14,11.6788146000,10.9184182600,11.7879624000,10.8929504400,64025793,1980639313.0000,0.883610,-8.450271
2008-04-15,10.9184182600,10.8747591400,11.0239278000,10.4963801000,43749374,1287353033.0000,0.603778,-0.399869
2008-04-16,10.9075034800,10.8347382800,11.2058408000,10.7328670000,33003451,992180086.0000,0.455475,-0.368012
2008-04-17,10.8347382800,10.6855696200,11.1876495000,10.5327627000,26418177,785923087.0000,0.364593,-1.376762
2008-04-18,10.6601018000,10.6782931000,10.9729921600,10.3108288400,29970625,876403879.0000,0.413620,-0.068098
2008-04-21,11.7443032800,10.9620773800,11.7443032800,10.6928461400,55218031,1691716583.0000,0.762055,2.657577
2008-04-22,10.8420148000,11.3186268600,11.3368181600,10.5145714000,49919788,1490932051.0000,0.688935,3.252577
2008-04-23,11.0930547400,11.7952389200,11.8825571600,11.0603104000,69929007,2240665792.0000,0.965079,4.210857
2008-04-24,12.5556352600,12.9594821200,12.9740351600,12.2536596800,201340626,7021674373.0000,2.778670,9.870453
2008-04-25,12.7339100000,12.5046996200,12.9449290800,12.4792318000,93847050,3272338941.0000,1.295168,-3.509264
2008-04-28,12.3191483600,12.2391066400,12.7120804400,12.1517884000,47181871,1600585250.0000,0.651149,-2.123944
2008-04-29,12.2427449000,12.1808944800,12.5156144000,12.0608319000,39718382,1341227972.0000,0.548147,-0.475624
2008-04-30,12.3155101000,12.7375482600,12.8248665000,12.2973188000,78551255,2731377944.0000,1.084073,4.569889
2008-05-05,12.8430578000,12.7157187000,12.9049082200,12.4828700600,57280526,1990754294.0000,0.790519,-0.171373
2008-05-06,12.5883796000,12.3664457400,12.6429535000,12.3155101000,39450705,1353353584.0000,0.544453,-2.746778
2008-05-07,12.3518927000,11.8716423800,12.6102091600,11.8025154400,50066225,1670052684.0000,0.690956,-4.001179
2008-05-08,11.8243450000,11.9989814800,12.0062580000,11.6424320000,28944983,942934799.0000,0.399465,1.072628
2008-05-09,12.1154058000,11.3732007600,12.1772562200,11.2058408000,90295417,2848453947.0000,1.246153,-5.215280
2008-05-12,11.1003312600,11.5369224600,11.7115589400,11.0894164800,40721027,1268867951.0000,0.561984,1.439536
2008-05-13,11.2458616600,11.2895207800,11.5587520200,11.1185225600,33859448,1053215629.0000,0.467289,-2.144429
2008-05-14,11.2786060000,11.8425363000,11.8607276000,11.2494999200,40368531,1294466155.0000,0.557120,4.898481
2008-05-15,11.9007484600,11.6278789600,12.0244493000,11.5987728800,29343734,956035932.0000,0.404968,-1.812596
2008-05-16,11.6460702600,11.6751763400,11.8861954200,11.5733050600,25664442,825455131.0000,0.354191,0.406762
2008-05-19,11.6133259200,11.4605190000,11.6242407000,11.2240321000,23838076,746554257.0000,0.328985,-1.838579
2008-05-20,11.4605190000,10.9584391200,11.5914963600,10.9147800000,29682429,920056682.0000,0.409642,-4.380949
2008-05-21,10.9438860800,11.0493956200,11.1549051600,10.6782931000,38699335,1153874271.0000,0.534083,0.830013
2008-05-22,10.8420148000,10.8092704600,11.0166512800,10.6855696200,27211637,809904172.0000,0.375543,-2.173203
2008-05-23,10.7728878600,10.8420148000,10.9729921600,10.6601018000,22869241,680282347.0000,0.315615,0.302929
2008-05-26,10.7692496000,10.6491870200,10.8311000200,10.5509540000,16415345,480275470.0000,0.226546,-1.778520
2008-05-27,10.6601018000,10.7219522200,10.8165469800,10.5545922600,16109124,474498196.0000,0.222319,0.683289
2008-05-28,10.7328670000,11.1039695200,11.2749677400,10.6782931000,32789252,989274927.0000,0.452519,3.562949
2008-05-29,11.0057365000,10.7910791600,11.1512669000,10.7801643800,22278540,673944536.0000,0.307463,-2.817826
2008-05-30,10.7910791600,10.7910791600,10.7910791600,10.7910791600,0,0.0000,,0.000000
2008-06-02,10.7910791600,10.7910791600,10.7910791600,10.7910791600,0,0.0000,,0.000000
2008-06-03,10.9002269600,10.8019939400,11.1549051600,10.6855696200,30034049,888696754.0000,0.414495,0.101149
2008-06-04,10.8019939400,10.4672740200,10.8492913200,10.2417019000,44775714,1280231547.0000,0.617942,-3.098687
2008-06-05,10.4527209800,10.3144671000,10.4527209800,10.2598932000,23602449,670534553.0000,0.325734,-1.459854
2008-06-06,10.3472114400,10.2307871200,10.4381679400,10.1907662600,23387881,661209350.0000,0.322772,-0.811286
2008-06-10,9.7287072400,9.2084360600,9.7468985400,9.2084360600,49072961,1270697342.0000,0.677248,-9.992892
2008-06-11,9.0920117400,8.7682066000,9.1902447600,8.5935701200,61054152,1477627321.0000,0.842599,-4.780716
2008-06-12,8.7245474800,8.5135284000,8.7645683400,8.4407632000,45575612,1077529239.0000,0.628982,-2.904567
2008-06-13,8.5899318600,8.4844223200,8.7354622600,8.4698692800,29146639,688302489.0000,0.402248,-0.341880
2008-06-16,8.5717405600,8.8118657200,8.9064604800,8.4407632000,39442569,949117279.0000,0.544341,3.859347
2008-06-17,8.8045892000,8.6918031400,8.9683109000,8.5426344800,19926874,479832814.0000,0.275008,-1.362510
2008-06-18,8.6699735800,9.0519908800,9.1902447600,8.5499110000,36055994,888036685.0000,0.497603,4.143992
2008-06-19,9.0592674000,8.5681023000,9.0592674000,8.4735075400,29781842,714239953.0000,0.411014,-5.345659
2008-06-20,8.5862936000,8.9683109000,9.2229891000,8.3643597400,58679811,1439919968.0000,0.809831,4.670915
2008-06-23,8.7318240000,8.6445057600,8.8045892000,8.5499110000,30858240,735952739.0000,0.425870,-3.610545
2008-06-24,8.6408675000,8.7754831200,8.8336952800,8.4989753600,33527809,800680725.0000,0.462712,1.515154
2008-06-25,8.7318240000,8.9901404600,9.0920117400,8.6881648800,31610765,775194559.0000,0.436255,2.446095
2008-06-26,9.0410761000,8.9610343800,9.1393091200,8.7682066000,26565282,655029714.0000,0.366623,-0.323755
2008-06-27,8.9610343800,8.9610343800,8.9610343800,8.9610343800,0,0.0000,,0.000000
2008-06-30,8.4007423400,8.5208049200,8.5862936000,8.3679980000,41156575,958471140.0000,0.567995,-4.912704
2008-07-01,8.5681023000,7.6694520800,8.5753788200,7.6694520800,65970329,1440794713.0000,0.910445,-9.991461
2008-07-02,7.6694520800,7.5566660200,7.7240259800,7.3165408600,61682716,1272988725.0000,0.851273,-1.470586
2008-07-03,7.4511564800,7.6949199000,7.8877476800,7.2837965200,41488946,864955716.0000,0.572582,1.829558
2008-07-04,7.7131112000,7.7458555400,7.9241302800,7.6767286000,26224906,561071433.0000,0.361925,0.661945
2008-07-07,7.8695563800,8.2479354200,8.4043806000,7.7676851000,44490625,998727324.0000,0.614008,6.481912
2008-07-08,8.3388919200,8.2588502000,8.5499110000,7.9932572200,44225319,1002437115.0000,0.610346,0.132336
2008-07-09,8.4407632000,8.7172709600,8.8955457000,8.4407632000,67645835,1615544602.0000,0.933569,5.550653
2008-07-10,8.5899318600,8.7318240000,8.9792256800,8.4953371000,42977357,1038923879.0000,0.593123,0.166949
2008-07-11,8.7136327000,8.7500153000,8.8045892000,8.4953371000,39623779,940648561.0000,0.546841,0.208330
2008-07-14,8.6226762000,8.8628013600,9.0374378400,8.5499110000,33612189,816928762.0000,0.463876,1.288987
2008-07-15,8.8700778800,8.3461684400,8.9137370000,8.3316154000,49613226,1159984475.0000,0.684704,-5.829228
2008-07-16,8.2188293400,8.0041720000,8.2588502000,7.8404503000,32904359,727533117.0000,0.454107,-4.097648
2008-07-17,8.2515736800,7.9896189600,8.3243388800,7.9132155000,28350526,629704965.0000,0.391261,-0.181822
2008-07-18,8.1169580600,8.2697649800,8.2952328000,7.9314068000,33067035,738574440.0000,0.456353,3.506377
2008-07-21,8.0842137200,8.6153996800,8.6590588000,8.0842137200,38883267,902998818.0000,0.536621,4.179502
2008-07-22,8.5862936000,8.6808883600,8.7645683400,8.5171666600,25433328,602739369.0000,0.351001,0.760136
2008-07-23,8.7682066000,8.7572918200,8.9501196000,8.7209092200,42294650,1030114935.0000,0.583701,0.880130
2008-07-24,8.8446100600,9.2448186600,9.2593717000,8.8446100600,56883749,1420585519.0000,0.785043,5.567097
2008-07-25,9.0556291400,9.0956500000,9.2593717000,8.9901404600,48628354,1216462264.0000,0.671112,-1.613537
2008-07-28,9.2501875800,9.1030087800,9.4930326000,9.0441372600,37288695,943406844.0000,0.514615,0.080908
2008-07-29,8.9411121000,8.9668683900,9.0882909000,8.8528048200,24031585,584144925.0000,0.331656,-1.495549
2008-07-30,9.1582008300,8.9043174000,9.1876365900,8.8675227000,27303027,665831573.0000,0.376804,-0.697579
2008-07-31,8.9521505100,8.6982670800,9.0514962000,8.6798697300,25178049,600720059.0000,0.347478,-2.314055
2008-08-01,8.6467545000,9.0073425600,9.1949955300,8.6099598000,26473328,641786353.0000,0.365354,3.553300
2008-08-04,8.9779068000,8.9263942200,9.1398034800,8.8307280000,23068030,564660014.0000,0.318358,-0.898700
2008-08-05,9.0330988500,8.7240233700,9.0882909000,8.6835492000,24999611,603925006.0000,0.345015,-2.267100
2008-08-06,8.8417664100,8.8895995200,9.0662140800,8.7755359500,25408021,615284058.0000,0.350652,1.897900
2008-08-07,8.8785611100,8.8785611100,9.0330988500,8.6504339700,22273579,535348687.0000,0.307394,-0.124200
2008-08-08,8.8675227000,8.6062803300,8.9300736900,8.4627810000,25962175,614263138.0000,0.358300,-3.066700
2008-08-11,8.5915624500,8.3560763700,8.9043174000,8.2493717400,30961206,721818792.0000,0.427290,-2.907200
2008-08-12,8.3523969000,8.2015386300,8.3965505400,8.0985134700,22643421,507630094.0000,0.312498,-1.849400
2008-08-13,8.1353081700,8.0249240700,8.1868207500,7.8630273900,25989334,564559936.0000,0.358674,-2.153400
2008-08-14,7.9623730800,7.9513346700,8.0249240700,7.7011307100,22456760,480663462.0000,0.309922,-0.917000
2008-08-15,7.9918088400,8.0911545300,8.1978591600,7.8887836800,20357414,448102844.0000,0.280949,1.758400
2008-08-18,8.0948340000,7.8041558700,8.1389876400,7.7710406400,17924462,388963512.0000,0.247372,-3.547100
2008-08-19,7.7783995800,8.0543598300,8.1647439300,7.7489638200,19074017,414374026.0000,0.263237,3.206000
2008-08-20,7.9954883100,8.8012922400,8.8123306500,7.8777452700,54160668,1256756448.0000,0.747462,9.273600
2008-08-21,8.6430750300,8.5106141100,8.8307280000,8.4223068300,33054146,772407706.0000,0.456175,-3.302700
2008-08-22,8.4223068300,8.4443836500,8.5658061600,8.2677690900,21664989,495031939.0000,0.298995,-0.778200
2008-08-25,8.4738194100,8.4958962300,8.6761902600,8.3891916000,15037855,349383881.0000,0.207535,0.610000
2008-08-26,8.3891916000,8.4186273600,8.6099598000,8.2861664400,19388678,444748757.0000,0.267580,-0.909500
2008-08-27,8.4186273600,8.4333452400,8.6099598000,8.3560763700,24587773,566816599.0000,0.339332,0.174800
2008-08-28,8.4407041800,8.4259863000,8.6541134400,8.3818326600,19551158,451661089.0000,0.269822,-0.087300
2008-08-29,8.4922167600,8.4922167600,8.6467545000,8.3891916000,35497920,820911327.0000,0.489901,0.786000
2008-09-01,8.4149478900,7.9329373200,8.4922167600,7.9035015600,35338666,774888568.0000,0.487703,-6.585800
2008-09-02,7.8483095100,7.6827333600,7.8814247400,7.5981055500,46391027,969905321.0000,0.640235,-3.154000
2008-09-03,7.6827333600,7.4546062200,7.7452843500,7.3405426500,53103735,1074770101.0000,0.732876,-2.969300
2008-09-04,7.4214909900,7.5281956200,7.5833876700,7.3184658300,22280230,449297820.0000,0.307486,0.987200
2008-09-05,7.3515810600,7.3589400000,7.4509267500,7.2559148400,28326136,566564473.0000,0.390924,-2.248300
2008-09-08,7.3920552300,7.3920552300,7.4877214500,7.3147863600,27778529,558077001.0000,0.383367,0.450000
2008-09-09,7.4325294000,7.4251704600,7.4509267500,7.3221453000,16919688,339845035.0000,0.233506,0.448000
2008-09-10,7.3552605300,7.2853506000,7.4877214500,7.1308128600,27383375,542599974.0000,0.377913,-1.883100
2008-09-11,7.2448764300,6.6377638800,7.2448764300,6.6009691800,46155553,863843889.0000,0.636985,-8.888900
2008-09-12,6.6929559300,6.5678539500,6.7260711600,6.5126619000,37011109,662727985.0000,0.510784,-1.053200
2008-09-16,6.2183043000,5.9129082900,6.2183043000,5.9129082900,81484766,1312260858.0000,1.124557,-9.972000
2008-09-17,5.5927944000,5.3241930900,5.7031785000,5.3205136200,150530608,2233786791.0000,2.077447,-9.956400
2008-09-18,5.0813480700,5.4897692400,5.6516659200,5.0408739000,122870912,1758244541.0000,1.695721,3.109900
2008-09-19,6.0380102700,6.0380102700,6.0380102700,5.9938566300,34958357,573264747.0000,0.482454,9.986600
2008-09-22,6.6414433500,6.6414433500,6.6414433500,6.3654831000,171054743,3070803806.0000,2.360697,9.993900
2008-09-23,6.3286884000,6.3029321100,6.6267254700,6.2587784700,94924172,1655795957.0000,1.310032,-5.097000
2008-09-24,6.1447149000,6.1925480100,6.2403811200,5.9239467000,44942824,740220816.0000,0.620248,-1.751300
2008-09-25,6.2072658900,6.4758672000,6.6635201700,6.1447149000,65450751,1144154309.0000,0.903275,4.575200
2008-09-26,6.4758672000,6.4832261400,6.5494566000,6.2661374100,53503560,937605223.0000,0.738393,0.113600
2008-10-06,6.2918937000,5.8356394200,6.2918937000,5.8356394200,61283400,999045443.0000,0.845761,-9.988600
2008-10-07,5.5192050000,5.7362937300,5.8908314700,5.4566540100,52647948,809934554.0000,0.726585,-1.702400
2008-10-08,5.4824103000,5.2579626300,5.5265639400,5.1880527000,84996854,1229509301.0000,1.173026,-8.338700
2008-10-09,5.3941030200,5.2947573300,5.4088209000,5.1402195900,52329473,751277266.0000,0.722190,0.699800
2008-10-10,5.0335149600,5.0923864800,5.2616421000,4.9488871500,52944385,731331156.0000,0.730676,-3.822100
2008-10-13,5.0813480700,5.6001533400,5.6001533400,5.0408739000,79562831,1171756596.0000,1.098032,9.971100
2008-10-14,5.8834725300,5.4934487100,5.9533824600,5.4824103000,94038109,1476264325.0000,1.297803,-1.905400
2008-10-15,5.4860897700,5.5927944000,5.6185506900,5.3941030200,48543042,732137591.0000,0.669934,1.808400
2008-10-16,5.1512580000,5.2726805100,5.4750513600,5.1328606500,46806424,673378463.0000,0.645967,-5.723700
2008-10-17,5.3720262000,5.2174884600,5.4419361300,5.1144633000,34834419,495382587.0000,0.480744,-1.046800
2008-10-20,5.2064500500,5.4713718900,5.4787308300,5.1144633000,51557491,738736226.0000,0.711536,4.866000
2008-10-21,5.4713718900,5.3830646100,5.5927944000,5.3720262000,54859241,819377798.0000,0.757103,-1.614000
2008-10-22,5.2800394500,5.1954116400,5.4272182500,5.1880527000,39634049,569747948.0000,0.546982,-3.486000
2008-10-23,5.0776686000,4.9636050300,5.0776686000,4.7097216000,76445137,1017095857.0000,1.055006,-4.461800
2008-10-24,4.9599255600,4.4668765800,4.9599255600,4.4668765800,118994183,1495600695.0000,1.642217,-10.007400
2008-10-27,4.3712103600,4.1026090500,4.4006461200,4.0216607100,70521977,809071999.0000,0.973261,-8.154900
2008-10-28,4.0216607100,4.3417746000,4.4484792300,3.9296739600,107721279,1232232438.0000,1.486642,5.829600
2008-10-29,4.3564924800,4.3123388400,4.5331070400,4.2681852000,86715981,1030374940.0000,1.196752,-0.678000
2008-10-30,4.3528130100,4.4779149900,4.5625428000,4.1651600400,71595590,863939491.0000,0.988078,3.839600
2008-10-31,4.4631971100,4.3013004300,4.4631971100,4.2608262600,40943501,483224010.0000,0.565054,-3.944100
2008-11-03,4.2019547400,4.3233772500,4.4411202900,4.1541216300,31526642,373995767.0000,0.435094,0.513300
2008-11-04,4.3233772500,4.2681852000,4.3454540700,4.0878911700,41048235,472870738.0000,0.566499,-1.276600
2008-11-05,4.3270567200,4.6766063700,4.6950037200,4.3270567200,126190036,1586328056.0000,1.741526,9.569000
2008-11-06,4.4815944600,4.4411202900,4.5478249200,4.4080050600,92118776,1118742022.0000,1.271315,-5.035400
2008-11-07,4.3013004300,4.6066964400,4.7465163000,4.2681852000,96217014,1192467865.0000,1.327874,3.728300
2008-11-10,4.7281189500,5.0445533700,5.0666301900,4.6986831900,144773867,1943127103.0000,1.997998,9.504800
2008-11-11,4.9636050300,4.9378487400,5.0666301900,4.8863361600,90262232,1220376656.0000,1.245693,-2.115200
2008-11-12,4.8642593400,4.9967202600,5.1438990600,4.8421825200,71483372,970208735.0000,0.986529,1.192300
2008-11-13,4.8789772200,5.1586169400,5.2873983900,4.7906699400,125604307,1719379638.0000,1.733442,3.240100
2008-11-14,5.1917321700,5.2432447500,5.3278725600,5.0997454200,106021224,1503303511.0000,1.463180,1.640500
2008-11-17,5.2248474000,5.3168341500,5.3683467300,5.1512580000,101718541,1450716754.0000,1.403799,1.403500
2008-11-18,5.2726805100,4.7869904700,5.3241930900,4.7869904700,128372531,1749239330.0000,1.771646,-9.965400
2008-11-19,4.7759520600,5.0923864800,5.1402195900,4.7354778900,97462018,1309192377.0000,1.345056,6.379700
2008-11-20,4.9304898000,4.9084129800,5.0592712500,4.8127467600,84011309,1124241590.0000,1.159425,-3.612700
2008-11-21,4.7023626600,4.8605798700,5.0776686000,4.5772606800,97761876,1279175892.0000,1.349194,-0.974500
2008-11-24,4.8569004000,4.6140553800,4.8569004000,4.5919785600,65209959,827844274.0000,0.899951,-5.071900
2008-11-25,4.7465163000,4.5441454500,4.7833110000,4.4595176400,60544760,757961378.0000,0.835567,-1.515200
2008-11-26,4.5551838600,4.5110302200,4.5809401500,4.4411202900,50918263,623838000.0000,0.702714,-0.728700
2008-11-27,4.7869904700,4.5367865100,4.8826566900,4.5183891600,131266986,1679336509.0000,1.811592,0.571000
2008-11-28,4.4705560500,4.2976209600,4.5073507500,4.2313905000,84330431,996000355.0000,1.163829,-5.271700
2008-12-01,4.2976209600,4.3712103600,4.4006461200,4.1909163300,54648501,642206231.0000,0.754194,1.712300
2008-12-02,4.2313905000,4.3160183100,4.4116845300,4.2129931500,74413961,869603097.0000,1.026974,-1.262600
2008-12-03,4.3969666500,4.5956580300,4.6030169700,4.3748898300,134816383,1649688241.0000,1.860577,6.479100
2008-12-04,4.7281189500,4.7281189500,4.9341692700,4.6618884900,164456311,2147668948.0000,2.269632,2.882300
2008-12-05,4.6729269000,4.8053878200,4.8201057000,4.6545295500,78144546,1011788970.0000,1.078459,1.634200
2008-12-08,4.8936951000,5.2027705800,5.2174884600,4.8863361600,165646702,2277153973.0000,2.286060,8.269500
2008-12-09,5.2211679300,4.9599255600,5.2248474000,4.9304898000,131185671,1811476318.0000,1.810470,-4.667600
2008-12-10,4.9599255600,5.2984368000,5.3241930900,4.9599255600,174990792,2457850570.0000,2.415016,6.824900
2008-12-11,5.2138089900,5.1549374700,5.3021162700,5.0703096600,114742177,1613404562.0000,1.583536,-2.708300
2008-12-12,5.0592712500,4.8421825200,5.0997454200,4.7575547100,122461022,1626433692.0000,1.690063,-6.067100
2008-12-15,4.9488871500,4.8237851700,4.9562460900,4.7244394800,64688213,853164927.0000,0.892750,-0.379900
2008-12-16,4.7391573600,4.7722725900,4.8053878200,4.5735812100,71263716,907689616.0000,0.983498,-1.067900
2008-12-17,4.7833110000,4.7501957700,4.8642593400,4.6545295500,75069381,973944276.0000,1.036019,-0.462600
2008-12-18,4.7575547100,5.0261560200,5.0592712500,4.6802858400,98875026,1320526520.0000,1.364556,5.809500
2008-12-19,4.9820023800,5.0555917800,5.2248474000,4.9488871500,105263825,1454918089.0000,1.452727,0.585700
2008-12-22,5.0776686000,4.9341692700,5.0850275400,4.8789772200,58416227,787982257.0000,0.806192,-2.401700
2008-12-23,4.9157719200,4.7207600100,4.9157719200,4.6618884900,78737475,1019040503.0000,1.086642,-4.325100
2008-12-24,4.6361322000,4.6692474300,4.7649136500,4.6287732600,51105380,651972196.0000,0.705296,-1.091200
2008-12-25,4.6802858400,4.5515043900,4.7391573600,4.5110302200,45127497,566430736.0000,0.622796,-2.521700
2008-12-26,4.5551838600,4.5478249200,4.6030169700,4.5183891600,39850672,493574908.0000,0.549972,-0.080800
2008-12-29,4.5036712800,4.5147096900,4.5551838600,4.4264024100,35348309,430778279.0000,0.487836,-0.728200
2008-12-30,4.5183891600,4.4742355200,4.6177348500,4.4337613500,48572364,598640931.0000,0.670338,-0.896500
2008-12-31,4.4963123400,4.4742355200,4.5625428000,4.4374408200,35542743,433450818.0000,0.490519,0.000000
2009-01-05,4.5699017400,4.6324527300,4.6434911400,4.5036712800,62110710,770104704.0000,0.857178,3.536200
2009-01-06,4.6545295500,4.8201057000,4.8569004000,4.6287732600,86854664,1125511545.0000,1.198665,4.050800
2009-01-07,4.7980288800,4.7354778900,4.9378487400,4.7281189500,70129340,922657518.0000,0.967842,-1.755700
2009-01-08,4.6361322000,4.5036712800,4.6361322000,4.4815944600,83826285,1033089569.0000,1.156871,-4.895100
2009-01-09,4.5036712800,4.5809401500,4.6030169700,4.4889534000,56470063,698409944.0000,0.779333,1.715700
2009-01-12,4.5699017400,4.5367865100,4.6545295500,4.5110302200,67497424,839299835.0000,0.931519,-0.963900
2009-01-13,4.4116845300,4.4227229400,4.4668765800,4.3344156600,68632942,822954584.0000,0.947190,-2.514200
2009-01-14,4.4153640000,4.6986831900,4.7391573600,4.4116845300,82343426,1030325719.0000,1.136406,6.239600
2009-01-15,4.6214143200,4.6140553800,4.8017083500,4.5478249200,96844274,1227342647.0000,1.336529,-1.801100
2009-01-16,4.6655679600,4.8495414600,4.9672845000,4.6655679600,154883407,2044224150.0000,2.137516,5.103700
2009-01-19,4.9157719200,4.9525666200,5.1843732300,4.9157719200,134459496,1845402750.0000,1.855650,2.124400
2009-01-20,4.9378487400,4.9930407900,5.0040792000,4.8826566900,52390630,705534523.0000,0.723033,0.817200
2009-01-21,4.8642593400,5.0261560200,5.1770142900,4.8642593400,100769138,1385590653.0000,1.390696,0.663200
2009-01-22,5.0813480700,5.0629507200,5.1328606500,4.9893613200,47505291,652348485.0000,0.655612,0.732100
2009-01-23,5.0261560200,4.9709639700,5.0813480700,4.9268103300,47979392,650250482.0000,0.662154,-1.816860
2009-02-02,5.0187970800,4.9672845000,5.0592712500,4.9304898000,38806104,526548120.0000,0.535556,-0.074000
2009-02-03,4.9709639700,5.1181427700,5.1843732300,4.9599255600,58522067,810861532.0000,0.807652,3.037000
2009-02-04,5.1512580000,5.3352315000,5.3536288500,5.1475785300,100235792,1436089402.0000,1.383335,4.241600
2009-02-05,5.3352315000,5.3315520300,5.5192050000,5.2800394500,104183872,1534919576.0000,1.437822,-0.069000
2009-02-06,5.3499493800,5.5155255300,5.5192050000,5.3352315000,76556062,1136065331.0000,1.056536,3.450700
2009-02-09,5.6259096300,5.5339228800,5.6663838000,5.4235387800,120127545,1811621165.0000,1.657857,0.333600
2009-02-10,5.5044871200,5.4676924200,5.5155255300,5.3021162700,114105452,1679551902.0000,1.574748,-1.196800
2009-02-11,5.3278725600,5.4934487100,5.6001533400,5.2469242200,212153129,3109573874.0000,2.927885,0.471100
2009-02-12,5.4824103000,5.2837189200,5.5081665900,5.1880527000,157720500,2270899376.0000,2.176671,-3.817800
2009-02-13,5.2947573300,5.4492950700,5.4897692400,5.2248474000,172923689,2523234214.0000,2.386487,3.133700
2009-02-16,5.5044871200,5.8613957100,5.8797930600,5.5044871200,240941272,3709939376.0000,3.325185,7.562500
2009-02-17,5.8062036600,5.6811016800,5.9570619300,5.6700632700,215700958,3400945197.0000,2.976848,-3.076000
2009-02-18,5.5265639400,5.3646672600,5.6553453900,5.3278725600,184727803,2754307336.0000,2.549393,-5.569900
2009-02-19,5.4088209000,5.2800394500,5.4640129500,5.1512580000,128687611,1851941445.0000,1.775993,-1.577500
2009-02-20,5.2432447500,5.2984368000,5.3168341500,5.1218222400,119493597,1696323769.0000,1.649108,0.348400
2009-02-23,5.2211679300,5.4308977200,5.5008076500,5.0960659500,182474222,2648117494.0000,2.518292,2.500000
2009-02-24,5.3168341500,5.0776686000,5.4235387800,5.0739891300,170298464,2420121005.0000,2.350257,-6.504100
2009-02-25,5.1512580000,5.4897692400,5.5854354600,4.9488871500,324430539,4659765968.0000,4.477404,8.115900
2009-02-26,5.4051414300,5.2506036900,5.6847811500,5.1549374700,384334372,5751822256.0000,5.304126,-4.356600
2009-02-27,5.2506036900,5.2506036900,5.2506036900,5.2506036900,0,0.0000,,0.000000
2009-03-02,5.3536288500,5.3793851400,5.4824103000,4.9672845000,229556659,3290426494.0000,1.905796,2.452700
2009-03-03,5.1733348200,5.1696553500,5.3168341500,5.1071043600,142871132,2014528540.0000,1.186127,-3.898800
2009-03-04,5.1806937600,5.5891149300,5.6663838000,5.1512580000,266750042,3946482672.0000,2.214578,8.113874
2009-03-05,5.6185506900,5.7730884300,5.9349851100,5.5633586400,349635609,5437825122.0000,2.902700,3.291600
2009-03-06,5.5927944000,5.8062036600,5.8503573000,5.5854354600,208773366,3244153334.0000,1.733252,0.573600
2009-03-09,5.8393188900,5.5192050000,5.9864976900,5.5118460600,206538468,3217566648.0000,1.714697,-4.943000
2009-03-10,5.4456156000,5.4824103000,5.5118460600,5.2873983900,136408728,1999665856.0000,1.132475,-0.666700
2009-03-11,5.6627043300,5.3683467300,5.6627043300,5.3315520300,194670153,2899833655.0000,1.616166,-2.080500
2009-03-12,5.3168341500,5.2726805100,5.3536288500,5.1475785300,145848314,2071778403.0000,1.210843,-1.782000
2009-03-13,5.3168341500,5.2358858100,5.3720262000,5.2064500500,117668165,1691439282.0000,0.976890,-0.697800
2009-03-16,5.2027705800,5.3425904400,5.3941030200,5.1512580000,108107682,1553801631.0000,0.897518,2.037900
2009-03-17,5.3352315000,5.5118460600,5.5523202300,5.2984368000,164295674,2426548581.0000,1.363995,3.168000
2009-03-18,5.5854354600,5.4676924200,5.6075122800,5.4308977200,158179932,2367256058.0000,1.313221,-0.801100
2009-03-19,5.4787308300,5.5412818200,5.5670381100,5.4382566600,125378583,1877050454.0000,1.040902,1.345900
2009-03-20,5.5486407600,5.4566540100,5.5927944000,5.3720262000,132791799,1973806819.0000,1.102447,-1.527200
2009-03-23,5.4492950700,5.6148712200,5.6516659200,5.3904235500,194466702,2930297797.0000,1.614477,2.899500
2009-03-24,5.7583705500,5.5964738700,5.7951652500,5.5817559900,198270326,3061908096.0000,1.646055,-0.327700
2009-03-25,5.5192050000,5.5155255300,5.7068579700,5.5008076500,145014044,2200272521.0000,1.203917,-1.446400
2009-03-26,5.5339228800,5.8981904100,5.9239467000,5.5302434100,283195371,4395524788.0000,2.351109,6.938000
2009-03-27,5.9055493500,5.8613957100,5.9644208700,5.8062036600,205936235,3288379484.0000,1.709698,-0.623800
2009-03-30,5.9018698800,5.8871520000,5.9791387500,5.8172420700,146150006,2345077458.0000,1.213348,0.439400
2009-03-31,5.7473321400,5.8613957100,5.9497029900,5.6700632700,143812749,2271123012.0000,1.193943,-0.437500
2009-04-01,5.9533824600,5.9570619300,5.9975361000,5.8687546500,181564929,2929299914.0000,1.507364,1.632100
2009-04-02,5.9975361000,6.0748049700,6.2183043000,5.9864976900,203994795,3388514735.0000,1.693578,1.976500
2009-04-03,6.1520738400,6.2072658900,6.3691625700,6.1373559600,204502931,3464503247.0000,1.697797,2.180500
2009-04-07,6.1778301300,6.1189586100,6.2477400600,6.0269718600,135059127,2245970617.0000,1.121270,-1.422600
2009-04-08,6.0674460300,5.7730884300,6.0895228500,5.7583705500,179724908,2879554613.0000,1.492088,-5.652400
2009-04-09,5.7583705500,5.8429983600,5.8503573000,5.6847811500,128299702,2009762363.0000,1.065153,1.211000
2009-04-10,5.9239467000,5.9386645800,5.9570619300,5.8135626000,207494423,3318884273.0000,1.722633,1.637300
2009-04-13,5.9681003400,6.0232923900,6.0674460300,5.8650751800,204890029,3319472483.0000,1.701011,1.425000
2009-04-14,5.9864976900,6.0122539800,6.0637665600,5.9423440500,152228893,2482411411.0000,1.263814,-0.183300
2009-04-15,6.0122539800,5.9313056400,6.0122539800,5.8172420700,160175599,2570000881.0000,1.329789,-1.346400
2009-04-16,5.9313056400,5.9864976900,6.0527281500,5.8172420700,205494807,3323903411.0000,1.706032,0.930500
2009-04-17,5.9349851100,5.8687546500,6.0122539800,5.8429983600,130217891,2089978148.0000,1.081078,-1.966800
2009-04-20,5.8724341200,6.0159334500,6.0232923900,5.8724341200,140961313,2285198485.0000,1.170270,2.507800
2009-04-21,5.9129082900,5.8945109400,5.9681003400,5.8319599500,129850610,2081633064.0000,1.078028,-2.018300
2009-04-22,5.9386645800,5.7178963800,6.0269718600,5.6847811500,179408199,2867153275.0000,1.489459,-2.996300
2009-04-23,5.6700632700,5.7362937300,5.7620500200,5.6590248600,81016984,1256659754.0000,0.672608,0.321800
2009-04-24,5.7583705500,5.6185506900,5.7730884300,5.5854354600,125722628,1937913677.0000,1.043758,-2.052600
2009-04-27,5.6700632700,5.5964738700,5.7031785000,5.5670381100,113754459,1740522065.0000,0.944397,-0.392900
2009-04-28,5.5302434100,5.5891149300,5.6590248600,5.5118460600,86287408,1308578340.0000,0.716364,-0.131500
2009-04-29,5.5817559900,5.8577162400,5.9975361000,5.5302434100,204949274,3223489902.0000,1.701503,4.805800
2009-04-30,5.7730884300,5.7031785000,5.8209215400,5.6737427400,164075599,2552589265.0000,1.362166,-2.638200
2009-05-04,5.7326142600,5.8466778300,5.8945109400,5.6811016800,139460443,2203011290.0000,1.157810,2.516100
2009-05-05,5.9239467000,5.9460235200,6.0196129200,5.8908314700,149863789,2422951455.0000,1.244179,1.699200
2009-05-06,5.9607414000,5.9460235200,6.0196129200,5.9129082900,141527482,2293033786.0000,1.174970,0.000000
2009-05-07,5.9864976900,5.9975361000,6.0932023200,5.9313056400,202388154,3303367159.0000,1.680240,0.866300
2009-05-08,5.9864976900,6.3618036300,6.4022778000,5.9607414000,359710700,6072055915.0000,2.986342,6.073600
2009-05-11,6.3949188600,6.2403811200,6.6230460000,6.2183043000,337228248,5932316445.0000,2.799691,-1.908600
2009-05-12,6.1999069500,6.4574698500,6.4758672000,6.1594327800,156973831,2685100055.0000,1.303207,3.478800
2009-05-13,6.4648287900,6.5310592500,6.5604950100,6.3470857500,143014138,2515341146.0000,1.187313,1.139600
2009-05-14,6.4022778000,6.3397268100,6.4390725000,6.2771758200,103206661,1782637219.0000,0.856828,-2.929600
2009-05-15,6.3949188600,6.3176499900,6.4206751500,6.2514195300,73690353,1266718996.0000,0.611782,-0.348200
2009-05-18,6.2550990000,6.2661374100,6.2808552900,6.1115996700,97326400,1636029953.0000,0.808010,-0.815400
2009-05-19,6.3470857500,6.2992526400,6.4096367400,6.2477400600,109664720,1884090356.0000,0.910444,0.528500
2009-05-20,6.3066115800,6.1557533100,6.3066115800,6.1483943700,87943017,1481256044.0000,0.730109,-2.278000
2009-05-21,6.1263175500,6.0564076200,6.2035864200,6.0416897400,96467904,1600761181.0000,0.800883,-1.613900
2009-05-22,6.0159334500,6.1263175500,6.1520738400,6.0122539800,63793806,1053829256.0000,0.529620,1.154300
2009-05-25,5.9791387500,6.1079202000,6.1410354300,5.9607414000,79359046,1308220476.0000,0.658844,-0.300300
2009-05-26,6.1079202000,5.9938566300,6.1447149000,5.9901771600,76237169,1249250468.0000,0.632926,-1.867500
2009-05-27,6.0269718600,6.2035864200,6.2955731700,6.0159334500,133110101,2232421626.0000,1.105089,3.499100
2009-06-01,6.3250089300,6.5494566000,6.6230460000,6.3250089300,225721792,3989386210.0000,1.873957,5.575300
2009-06-02,6.6340844100,6.5531360700,6.7923016200,6.5494566000,181002999,3289426174.0000,1.502699,0.056200
2009-06-03,6.5641744800,7.0204287600,7.0866592200,6.5641744800,212630520,3974314691.0000,1.765272,7.130800
2009-06-04,6.9505188300,7.1639280900,7.2706327200,6.9321214800,183788450,3550326764.0000,1.525824,2.044000
2009-06-05,7.1712870300,7.0645824000,7.2227996100,7.0461850500,75697496,1463845614.0000,0.628446,-1.386700
2009-06-08,7.0719413400,7.2890300700,7.5061188000,6.9983519400,124814072,2467443777.0000,1.036215,3.177100
2009-06-09,7.2853506000,7.2411969600,7.3479015900,7.0535439900,84403813,1649468123.0000,0.700726,-0.656200
2009-06-10,7.2411969600,7.2816711300,7.3957347000,7.2301585500,65998558,1311204665.0000,0.547924,0.558900
2009-06-11,7.2853506000,7.4362088700,7.5429135000,7.2632737800,90765962,1836137037.0000,0.753545,2.122300
2009-06-12,7.3957347000,7.2338380200,7.5208366800,7.1013771000,82107696,1630627848.0000,0.681663,-2.721400
2009-06-15,7.2264790800,7.7820790500,7.7967969300,7.2264790800,144366784,2959534238.0000,1.198542,7.578800
2009-06-16,7.6827333600,7.7820790500,7.9402962600,7.6459386600,104119287,2203268974.0000,0.864405,0.000000
2009-06-17,7.7379254100,7.9108605000,8.0065267200,7.6091439600,70165199,1482545556.0000,0.582516,1.654800
2009-06-18,7.9255783800,8.1794618100,8.3008843200,7.9255783800,122419016,2708862033.0000,1.016331,3.395300
2009-06-19,8.1794618100,8.1794618100,8.1794618100,8.1794618100,0,0.0000,,0.000000
2009-06-22,8.3339995500,8.1757823400,8.4333452400,8.1316287000,90931931,2047166841.0000,0.754923,-0.045000
2009-06-23,8.0617187700,8.2788075000,8.4995757000,7.9108605000,110058061,2446821475.0000,0.913709,1.260100
2009-06-24,8.1757823400,8.0065267200,8.2420128000,7.8777452700,140997769,3062749632.0000,1.170573,-3.288900
2009-06-25,7.9844499000,8.0028472500,8.1169108200,7.9035015600,81187563,1764698710.0000,0.674024,-0.046000
2009-06-26,8.0286035400,8.0543598300,8.1537055200,7.9697320200,59553517,1304091379.0000,0.494417,0.643700
2009-06-29,8.1647439300,8.3707942500,8.4186273600,8.1058724100,83068402,1867983103.0000,0.689639,3.928700
2009-06-30,8.4223068300,8.2456922700,8.4259863000,8.1500260500,67251027,1509170389.0000,0.558322,-1.494500
2009-07-01,8.2420128000,8.4738194100,8.5179730500,8.1242697600,91389509,2082276343.0000,0.758721,2.766600
2009-07-02,8.5179730500,8.4554220600,8.6393955600,8.4075889500,95558277,2210448969.0000,0.793331,-0.217100
2009-07-03,8.4025632900,8.9310263900,8.9694600700,8.3353043500,139088012,2526165383.0000,0.888244,5.625000
2009-07-06,8.9214179700,9.0415232200,9.2384958300,8.7965085100,134485587,2533042523.0000,0.858852,1.237200
2009-07-07,9.0463274300,8.9550474400,9.1808453100,8.8781800800,119415321,2244090825.0000,0.762610,-0.956431
2009-07-08,8.8829842900,8.7820958800,8.8829842900,8.4554096000,164079314,2970014721.0000,1.047843,-1.931300
2009-07-09,8.7436622000,8.7772916700,8.8061169300,8.5418853800,134455934,2424594550.0000,0.858662,-0.054700
2009-07-10,8.7917043000,8.8157253500,8.8589632400,8.6331653700,108071532,1967624721.0000,0.690166,0.437900
2009-07-13,8.7676832500,8.5803190600,8.7724874600,8.5562980100,115658164,2077085957.0000,0.738616,-2.670300
2009-07-14,8.5947316900,8.7292495700,8.7724874600,8.5947316900,119085554,2156268423.0000,0.760504,1.735700
2009-07-15,8.7580748300,8.7580748300,8.8685716600,8.6956201000,116874569,2127623225.0000,0.746384,0.330200
2009-07-16,8.8253337700,8.9502432300,9.1279990000,8.7148369400,194247088,3614415488.0000,1.240501,2.194200
2009-07-17,8.9550474400,8.8589632400,8.9886769100,8.7917043000,105035668,1941365705.0000,0.670779,-1.019900
2009-07-20,8.8829842900,8.8829842900,8.9454390200,8.7436622000,114923954,2114221145.0000,0.733927,0.271100
2009-07-21,8.9022011300,8.9214179700,9.1568242600,8.8349421900,147676629,2774113329.0000,0.943092,0.432700
2009-07-22,8.9598516500,9.1520200500,9.1856495200,8.8589632400,174572996,3278744160.0000,1.114858,2.584800
2009-07-23,9.1424116300,9.3249716100,9.4979231700,9.0319148000,164837180,3186165441.0000,1.052683,1.889800
2009-07-24,9.3970347600,9.3682095000,9.5123358000,9.1472158400,120579872,2336039992.0000,0.770047,0.463700
2009-07-27,9.3682095000,9.4594894900,9.5699863200,9.3105589800,98508103,1939662844.0000,0.629092,0.974400
2009-07-28,9.4594894900,9.3201674000,9.4739021200,9.0319148000,109166786,2117296541.0000,0.697161,-1.472800
2009-07-29,9.3057547700,8.9166137600,9.5651821100,8.5995359000,164395975,3148252908.0000,1.049866,-4.329900
2009-07-30,8.9742642800,9.2865379300,9.4162516000,8.9742642800,182580170,3505127161.0000,1.165993,4.148700
2009-07-31,9.3682095000,9.4354684400,9.5363568500,9.2961463500,117063243,2293988249.0000,0.747588,1.603700
2009-08-03,9.4883147500,9.3730137100,9.5075315900,9.1279990000,118095237,2292391390.0000,0.754179,-0.661900
2009-08-04,9.3970347600,9.1520200500,9.3970347600,9.0367190100,122220190,2329286352.0000,0.780521,-2.357800
2009-08-05,9.1279990000,8.9550474400,9.1520200500,8.9262221800,131881062,2466828795.0000,0.842217,-2.152200
2009-08-06,8.8877885000,8.7772916700,8.9550474400,8.5274727500,141681928,2569032746.0000,0.904808,-1.985000
2009-08-07,8.7772916700,8.6379695800,8.9166137600,8.5851232700,105667257,1929504833.0000,0.674811,-1.587300
2009-08-10,8.7196411500,8.5707106400,8.7820958800,8.4121717100,84816931,1518304510.0000,0.541657,-0.778600
2009-08-11,8.5995359000,8.5755148500,8.6475780000,8.4169759200,65906579,1173091109.0000,0.420892,0.056100
2009-08-12,8.5851232700,8.3641296100,8.7340537800,8.3497169800,117123169,2069670041.0000,0.747971,-2.465000
2009-08-13,8.3881506600,8.4938432800,8.5899274800,8.0662685900,123483810,2138912739.0000,0.788591,1.550800
2009-08-14,8.3353043500,8.2920664600,8.4794306500,8.2200033100,112413908,1952775692.0000,0.717896,-2.375600
2009-08-17,8.2151991000,7.7636033600,8.2151991000,7.6771275800,138011221,2273011062.0000,0.881366,-6.373100
2009-08-18,7.6434981100,7.6963444200,7.8068412500,7.4513297100,93973557,1498320291.0000,0.600133,-0.866300
2009-08-19,7.7059528400,7.5281970700,7.9269465000,7.4369170800,97392624,1558164372.0000,0.621968,-2.184800
2009-08-20,7.5426097000,7.7539949400,7.7780159900,7.5330012800,97986989,1561030590.0000,0.625763,2.999400
2009-08-21,7.7107570500,7.8020370400,7.9461633400,7.6290854800,104184913,1687574319.0000,0.665345,0.619600
2009-08-24,7.8452749300,7.7011486300,7.8789044000,7.5666307500,118430258,1894217227.0000,0.756318,-1.293100
2009-08-25,7.6819317900,7.2303360500,7.6819317900,7.0045381800,160647121,2433471741.0000,1.025923,-6.113500
2009-08-26,7.2063150000,7.3023992000,7.3744623500,7.1150350100,116152762,1760154259.0000,0.741774,0.996700
2009-08-27,7.3023992000,7.2303360500,7.4177002400,7.1390560600,94235523,1421672548.0000,0.601806,-0.986800
2009-08-28,7.2255318400,6.9853213400,7.2975949900,6.8988455600,118867853,1739121738.0000,0.759112,-3.388700
2009-08-31,6.7258940000,6.5481382300,6.7258940000,6.5193129700,136848228,1885178393.0000,0.873939,-6.258600
2009-09-01,6.5625508600,6.7018729500,6.8219782000,6.5577466500,116309914,1623423888.0000,0.742777,2.347800
2009-09-02,6.6298098000,6.9516918700,7.0381676500,6.5865719100,125599909,1804015755.0000,0.802105,3.727600
2009-09-03,6.9901255500,7.3023992000,7.3264202500,6.9180624000,133105182,1988710281.0000,0.850035,5.044900
2009-09-04,7.3456370900,7.3168118300,7.4753507600,7.2639655200,86176687,1318824968.0000,0.550341,0.197400
2009-09-07,7.3984834000,7.3072034100,7.4705465500,7.2399444700,78419348,1204986033.0000,0.500801,-0.131300
2009-09-08,7.2735739400,7.3984834000,7.4080918200,7.1534686900,74444598,1130631320.0000,0.475417,1.249200
2009-09-09,7.4417212900,7.3456370900,7.4561339200,7.2063150000,76185461,1162575587.0000,0.486535,-0.714300
2009-09-10,7.3360286700,7.2687697300,7.3696581400,7.2015107900,61707566,934873269.0000,0.394076,-1.046400
2009-09-11,7.2591613100,7.6002602200,7.6867360000,7.2063150000,125674518,1966417416.0000,0.802581,4.560500
2009-09-14,7.6146728500,7.6386939000,7.6627149500,7.5474139100,81270542,1288111151.0000,0.519009,0.505700
2009-09-15,7.6627149500,7.6963444200,7.7780159900,7.5906518000,79346964,1269623165.0000,0.506725,0.754700
2009-09-16,7.6386939000,7.5330012800,7.7347781000,7.4561339200,72001289,1137016363.0000,0.459814,-2.122300
2009-09-17,7.5906518000,7.6242812700,7.7107570500,7.5666307500,72214136,1148669954.0000,0.461173,1.211700
2009-09-18,7.6386939000,7.3360286700,7.6579107400,7.2831823600,88216691,1373714950.0000,0.563368,-3.780700
2009-09-21,7.2783781500,7.3120076200,7.3552455100,7.1150350100,71365389,1072444243.0000,0.455753,-0.327400
2009-09-22,7.2927907800,7.1150350100,7.3984834000,7.0862097500,73896958,1110864563.0000,0.471920,-2.693800
2009-09-23,7.1294476400,7.0141466000,7.2303360500,6.9420834500,69770315,1026109835.0000,0.445566,-1.418000
2009-09-24,7.0189508100,7.1967065800,7.3360286700,6.8988455600,103874379,1535307302.0000,0.663361,2.602700
2009-09-25,7.1198392200,7.1102308000,7.2255318400,7.0381676500,66158298,982446773.0000,0.422499,-1.201600
2009-09-28,7.1198392200,6.9468876600,7.1822939500,6.9180624000,42579621,625353311.0000,0.271921,-2.297300
2009-09-29,6.9901255500,7.0045381800,7.1294476400,6.9180624000,82212986,1199973447.0000,0.525027,0.829900
2009-09-30,7.0766013300,7.1006223800,7.1919023700,7.0189508100,50487833,747045955.0000,0.322424,1.371700
2009-10-09,7.2543571000,7.4513297100,7.4705465500,7.2207276300,86281604,1324277177.0000,0.551010,4.939100
2009-10-12,7.5426097000,7.4897633900,7.6915402100,7.4753507600,90278625,1428746106.0000,0.576536,0.515800
2009-10-13,7.4753507600,7.6819317900,7.6867360000,7.4513297100,96875888,1540481660.0000,0.618667,2.565700
2009-10-14,7.6915402100,7.6146728500,7.7491907300,7.5906518000,164340652,2627065036.0000,1.049509,-0.875500
2009-10-15,7.7059528400,7.5906518000,7.7828202000,7.5810433800,98744619,1580411077.0000,0.630601,-0.315500
2009-10-16,7.6146728500,7.6771275800,7.7203654700,7.5281970700,77339754,1229679274.0000,0.493906,1.139200
2009-10-19,7.6771275800,7.6771275800,7.6771275800,7.6771275800,0,0.0000,,0.000000
2009-10-20,7.9365549200,8.0374433300,8.0950938500,7.9029254500,167108935,2782738969.0000,1.067188,4.693400
2009-10-21,8.0374433300,8.1191149000,8.2584369900,7.9749886000,127206267,2161300875.0000,0.812362,1.016100
2009-10-22,8.1095064800,8.1431359500,8.2920664600,8.0758770100,83418555,1422127926.0000,0.532726,0.295900
2009-10-23,8.1479401600,8.5082559100,8.5755148500,8.1479401600,137864942,2420767226.0000,0.880430,4.483800
2009-10-26,8.5178643300,8.6475780000,8.6956201000,8.5178643300,97238189,1743680550.0000,0.620981,1.637500
2009-10-27,8.5514938000,8.5034517000,8.6860116800,8.4458011800,96532198,1720813231.0000,0.616472,-1.666700
2009-10-28,8.4698222300,8.4121717100,8.5611022200,8.1671570000,92177473,1607841949.0000,0.588662,-1.073449
2009-10-29,8.2200033100,8.1959822600,8.4121717100,8.1671570000,81222860,1395416999.0000,0.518704,-2.570000
2009-10-30,8.3593254000,8.5370811700,8.6956201000,8.2872622500,119065148,2117013259.0000,0.760370,4.161800
2009-11-02,8.2392201500,8.9790684900,9.1279990000,8.2151991000,193315489,3522458630.0000,1.234546,5.177300
2009-11-03,8.9838727000,9.0367190100,9.1760411000,8.9790684900,107689476,2035113892.0000,0.687723,0.642100
2009-11-04,9.0319148000,9.0847611100,9.1760411000,8.8877885000,96773560,1823913453.0000,0.618012,0.531600
2009-11-05,9.0655442700,9.0415232200,9.1279990000,8.9310263900,64842683,1216933884.0000,0.414096,-0.475900
2009-11-06,9.0895653200,9.0463274300,9.2481042500,8.9934811200,69266817,1314683981.0000,0.442350,0.053100
2009-11-09,9.0463274300,8.9646558600,9.0655442700,8.7917043000,67045849,1245005057.0000,0.428166,-0.902800
2009-11-10,9.0271105900,8.9742642800,9.1087821600,8.9262221800,67640859,1269969101.0000,0.431965,0.107200
2009-11-11,8.9406348100,8.7869000900,8.9406348100,8.7292495700,84883007,1557549202.0000,0.542076,-2.087800
2009-11-12,8.8157253500,8.6956201000,8.9118095500,8.6475780000,91189898,1663950606.0000,0.582352,-1.038800
2009-11-13,8.7004243100,8.8205295600,8.8301379800,8.6043401100,86648686,1570106157.0000,0.553351,1.436500
2009-11-16,8.8493548200,9.0559358500,9.0703484800,8.8493548200,94915183,1776762005.0000,0.606142,2.668800
2009-11-17,9.1231947900,9.1231947900,9.3105589800,9.0799569000,102361771,1960165652.0000,0.653697,0.742700
2009-11-18,9.1760411000,9.0415232200,9.2000621500,8.9982853300,60906272,1149114894.0000,0.388957,-0.895200
2009-11-19,9.0415232200,8.8829842900,9.0943695300,8.7628790400,127925857,2363664678.0000,0.816954,-1.753500
2009-11-20,8.8829842900,8.8397464000,8.9118095500,8.7436622000,75792373,1389541685.0000,0.484021,-0.486700
2009-11-23,8.8445506100,8.9022011300,8.9214179700,8.7917043000,71300191,1314565137.0000,0.455334,0.706500
2009-11-24,8.9406348100,8.5947316900,8.9742642800,8.5851232700,129552949,2370358466.0000,0.827344,-3.453900
2009-11-25,8.6235569500,8.6764032600,8.7292495700,8.3593254000,155182516,2747003435.0000,0.991019,0.950300
2009-11-26,8.6187527400,8.2728496200,8.6187527400,8.1767654200,161415535,2819123042.0000,1.030824,-4.651200
2009-11-27,8.1671570000,8.1239191100,8.3785422400,8.0230307000,110547294,1872011048.0000,0.705971,-1.800200
2009-11-30,8.2151991000,8.3064790900,8.3112833000,8.1239191100,86391749,1481611756.0000,0.551711,2.247200
2009-12-01,8.2824580400,8.3545211900,8.3977590800,8.0998980600,122268531,2094568184.0000,0.780825,0.578400
2009-12-02,8.3689338200,8.3641296100,8.5130601200,8.3112833000,106841555,1872278600.0000,0.682306,0.115000
2009-12-03,8.3641296100,8.2824580400,8.3641296100,8.2248075200,70698049,1218466685.0000,0.451488,-0.976500
2009-12-04,8.2488285700,8.6667948400,8.6956201000,8.1479401600,235445241,4167711371.0000,1.503588,4.640400
2009-12-07,8.6715990500,8.6956201000,8.7917043000,8.5995359000,124567964,2259393220.0000,0.795510,0.332600
2009-12-08,8.7196411500,8.5611022200,8.7532706200,8.5274727500,76144628,1364974339.0000,0.486271,-1.547000
2009-12-09,8.4169759200,8.3449127700,8.4986474900,8.3112833000,66018510,1152946559.0000,0.421604,-2.525300
2009-12-10,8.4217801300,8.4025632900,8.5034517000,8.3016748800,46929830,822146821.0000,0.299701,0.690800
2009-12-11,8.4458011800,8.4650180200,8.5947316900,8.3977590800,49658791,880561155.0000,0.317128,0.743300
2009-12-14,8.4073675000,8.6619906300,8.7532706200,8.2680454100,127302522,2265384997.0000,0.812973,2.326900
2009-12-15,8.5995359000,8.6187527400,8.7772916700,8.5322769600,78864543,1423022500.0000,0.503641,-0.499200
2009-12-16,8.5899274800,8.5995359000,8.8013127200,8.5514938000,80020768,1446426935.0000,0.511025,-0.223000
2009-12-17,8.6764032600,8.4073675000,8.7436622000,8.3545211900,73405221,1298305349.0000,0.468777,-2.234600
2009-12-18,8.3112833000,8.2536327800,8.4217801300,8.1479401600,69406555,1194001076.0000,0.443241,-1.828600
2009-12-21,8.2200033100,8.0806812200,8.3112833000,7.9653801800,81248357,1367736655.0000,0.518864,-2.095500
2009-12-22,8.1191149000,7.8452749300,8.1479401600,7.7251696800,81580952,1338994727.0000,0.520988,-2.913200
2009-12-23,7.8404707200,7.8260580900,7.8885128200,7.6867360000,58004323,940796825.0000,0.370424,-0.244900
2009-12-24,7.8789044000,8.0182264900,8.0710728000,7.7347781000,71117337,1171756791.0000,0.454166,2.455500
2009-12-25,7.9509675500,7.8789044000,8.0134222800,7.8452749300,55008064,903887635.0000,0.351290,-1.737600
2009-12-28,7.9029254500,8.0662685900,8.1863738400,7.8789044000,80164194,1348994806.0000,0.511940,2.378000
2009-12-29,8.0710728000,8.2488285700,8.2824580400,8.0230307000,71441718,1215131764.0000,0.456237,2.263300
2009-12-30,8.2680454100,8.6571864200,8.7196411500,8.2440243600,227276749,4059747325.0000,1.451423,4.950500
2009-12-31,8.6715990500,8.6715990500,8.7628790400,8.5755148500,101541368,1831678969.0000,0.648458,0.166500
2010-01-04,8.6139485300,8.5082559100,8.7004243100,8.4842348600,74613558,1332370091.0000,0.476493,-1.883700
2010-01-05,8.5082559100,8.5178643300,8.6475780000,8.3305001400,91401373,1615349974.0000,0.583703,0.112900
2010-01-06,8.4986474900,8.3401085600,8.4986474900,8.3160875100,77427706,1348702948.0000,0.494465,-2.086900
2010-01-07,8.3256959300,8.1239191100,8.3737380300,8.0614643800,101943196,1742282280.0000,0.651024,-2.592200
2010-01-08,8.1095064800,8.1239191100,8.1575485800,8.0134222800,80359862,1351767271.0000,0.513190,0.000000
2010-01-11,8.5899274800,8.1383317400,8.6043401100,8.0710728000,146569250,2530625181.0000,0.936013,0.177400
2010-01-12,8.1095064800,8.2007864700,8.2488285700,7.9029254500,112189832,1879278148.0000,0.716461,0.767400
2010-01-13,7.9365549200,7.7587991500,8.0230307000,7.6723233700,205223276,3344313047.0000,1.310586,-5.389600
2010-01-14,7.7828202000,7.8452749300,7.8548833500,7.6627149500,124717572,2011436062.0000,0.796465,1.114600
2010-01-15,7.8164496700,7.8356665100,7.9077296600,7.7011486300,87302199,1417365938.0000,0.557525,-0.122500
2010-01-18,7.7347781000,7.7732117800,7.8260580900,7.6819317900,96022634,1546142296.0000,0.613215,-0.797100
2010-01-19,7.7924286200,7.8068412500,7.8789044000,7.7636033600,98444269,1601316552.0000,0.628680,0.432600
2010-01-20,7.8260580900,7.6194770600,7.8356665100,7.6002602200,107880628,1725434301.0000,0.688942,-2.400000
2010-01-21,7.6290854800,7.7587991500,7.8308623000,7.5906518000,91285813,1469683734.0000,0.582965,1.828500
2010-01-22,7.6867360000,8.0086180700,8.0950938500,7.6627149500,194447102,3191885833.0000,1.241768,3.219800
2010-01-25,7.8741001900,7.7972328300,8.0662685900,7.7587991500,95604860,1565828495.0000,0.610547,-2.639500
2010-01-26,7.7972328300,7.7299738900,7.8596875600,7.6386939000,97364890,1565571395.0000,0.621787,-0.862600
2010-01-27,7.7395823100,7.4177002400,7.7684075700,7.3984834000,141106541,2206603674.0000,0.901127,-4.039800
2010-01-28,7.4128960300,7.2687697300,7.4128960300,7.1967065800,111465663,1690862734.0000,0.711836,-2.007800
2010-01-29,7.2063150000,7.2879865700,7.4465255000,7.1774897400,92338067,1411179098.0000,0.589685,0.264400
2010-02-01,7.2975949900,7.3456370900,7.4080918200,7.1390560600,87195690,1313666473.0000,0.556845,0.791000
2010-02-02,7.3984834000,7.5089802300,7.6290854800,7.3552455100,112323804,1758471919.0000,0.717317,2.223700
2010-02-03,7.5233928600,7.6819317900,7.7299738900,7.3936791900,98754882,1563011931.0000,0.630663,2.303300
2010-02-04,7.5906518000,7.6146728500,7.7107570500,7.5714349600,50717779,805695722.0000,0.323891,-0.875500
2010-02-05,7.4945676000,7.4369170800,7.5618265400,7.3456370900,55600840,861379137.0000,0.355075,-2.334400
2010-02-08,7.4369170800,7.2687697300,7.4945676000,7.2447486800,53513964,815924760.0000,0.341748,-2.261000
2010-02-09,7.2783781500,7.3552455100,7.3936791900,7.2591613100,42953660,655032980.0000,0.274308,1.189700
2010-02-10,7.4080918200,7.4609381300,7.4945676000,7.3744623500,42895905,664539417.0000,0.273940,1.437000
2010-02-11,7.4849591800,7.4753507600,7.5474139100,7.4417212900,38843244,605445056.0000,0.248059,0.193200
2010-02-12,7.5233928600,7.5810433800,7.5954560100,7.4993718100,39007663,614206831.0000,0.249109,1.413900
2010-02-22,7.5426097000,7.5570223300,7.6627149500,7.4609381300,37512236,592096519.0000,0.239559,-0.316900
2010-02-23,7.5378054900,7.4273086600,7.5378054900,7.3072034100,47983122,738670640.0000,0.306427,-1.716500
2010-02-24,7.3360286700,7.4705465500,7.4753507600,7.3023992000,40697391,625196032.0000,0.259900,0.582100
2010-02-25,7.4705465500,7.6194770600,7.7107570500,7.4609381300,70446388,1118873396.0000,0.449881,1.993600
2010-02-26,7.5906518000,7.6386939000,7.7011486300,7.5474139100,49214521,783666867.0000,0.314291,0.252200
2010-03-01,7.6627149500,7.8308623000,7.8548833500,7.6386939000,81300926,1318204853.0000,0.519200,2.515700
2010-03-02,7.8789044000,7.9077296600,7.9509675500,7.8308623000,109780837,1805331400.0000,0.701077,0.981600
2010-03-03,7.9077296600,7.9221422900,7.9269465000,7.8068412500,70933393,1161657569.0000,0.452991,0.182300
2010-03-04,7.9269465000,7.7443865200,7.9557717600,7.6915402100,85453648,1390873694.0000,0.545720,-2.243800
2010-03-05,7.7443865200,7.7443865200,7.7443865200,7.7443865200,0,0.0000,,0.000000
2010-03-08,7.7443865200,7.7443865200,7.7443865200,7.7443865200,0,0.0000,,0.000000
2010-03-09,7.7443865200,7.7443865200,7.7443865200,7.7443865200,0,0.0000,,0.000000
2010-03-10,7.7443865200,7.7443865200,7.7443865200,7.7443865200,0,0.0000,,0.000000
2010-03-11,7.7443865200,7.7443865200,7.7443865200,7.7443865200,0,0.0000,,0.000000
2010-03-12,7.7443865200,7.7443865200,7.7443865200,7.7443865200,0,0.0000,,0.000000
2010-03-15,7.7595979200,7.5467284800,7.7950761600,7.5011136000,65556181,985495936.0000,0.371084,-2.552400
2010-03-16,7.5467284800,7.7900078400,7.8052128000,7.5011136000,65194813,986746175.0000,0.369038,3.223600
2010-03-17,7.7646662400,7.9319208000,7.9775356800,7.7038464000,60533987,937367087.0000,0.342656,1.821700
2010-03-18,7.9319208000,7.8711009600,7.9927406400,7.8406910400,54236414,847490025.0000,0.307008,-0.766800
2010-03-19,7.8508276800,7.8711009600,7.9167158400,7.7849395200,47502336,736175201.0000,0.268889,0.000000
2010-03-22,7.8711009600,7.9420574400,8.0941070400,7.8609643200,65221448,1027260456.0000,0.369189,0.901500
2010-03-23,7.9623307200,7.8913742400,8.0383555200,7.8558960000,48147797,754545796.0000,0.272543,-0.638200
2010-03-24,7.9116475200,7.8913742400,8.0130139200,7.8812376000,47651403,748012382.0000,0.269733,0.000000
2010-03-25,7.8711009600,7.8204177600,7.8761692800,7.7494612800,38945883,598626532.0000,0.220455,-0.899200
2010-03-26,7.7950761600,7.9775356800,8.0991753600,7.7748028800,79833017,1257764458.0000,0.451899,2.009100
2010-03-29,8.0434238400,8.2613616000,8.3120448000,8.0332872000,157301343,2553505378.0000,0.890412,3.557800
2010-03-30,8.2867032000,8.3323180800,8.3728646400,8.2106784000,89502236,1468470754.0000,0.506632,0.858900
2010-03-31,8.3272497600,8.2512249600,8.3627280000,8.2157467200,55696882,907779854.0000,0.315275,-0.973200
2010-04-01,8.2613616000,8.3019081600,8.3525913600,8.2258833600,63595885,1040503144.0000,0.359988,0.614300
2010-04-02,8.3373864000,8.2562932800,8.3627280000,8.2208150400,60084945,979992014.0000,0.340114,-0.549500
2010-04-06,8.3171131200,8.3019081600,8.4539577600,8.2562932800,77952073,1283652808.0000,0.441252,0.552500
2010-04-07,8.2917715200,8.2410883200,8.3120448000,8.1599952000,63770204,1035449530.0000,0.360974,-0.732600
2010-04-08,8.2309516800,8.0687654400,8.2309516800,7.9826040000,83147262,1327936394.0000,0.470659,-2.091000
2010-04-09,8.0586288000,8.1295852800,8.1549268800,8.0484921600,55262932,884348347.0000,0.312819,0.753800
2010-04-12,8.1752001600,8.0484921600,8.2208150400,7.9065792000,83130063,1318452657.0000,0.470562,-0.997500
2010-04-13,8.0434238400,8.1802684800,8.2360200000,7.9623307200,109355837,1754697652.0000,0.619014,1.637300
2010-04-14,8.2056100800,8.1802684800,8.2360200000,8.1245169600,66983044,1080422231.0000,0.379161,0.000000
2010-04-15,8.2157467200,8.1549268800,8.2309516800,8.0484921600,79473914,1275626538.0000,0.449866,-0.309800
2010-04-16,8.1295852800,7.9521940800,8.1397219200,7.9420574400,78519284,1238083790.0000,0.444462,-2.486000
2010-04-19,7.7950761600,7.4453620800,7.7950761600,7.2375609600,221615181,3294024522.0000,1.254464,-6.373500
2010-04-20,7.4402937600,7.3389273600,7.5112502400,7.2223560000,135767719,1961918803.0000,0.768520,-1.429500
2010-04-21,7.3592006400,7.4301571200,7.4402937600,7.2223560000,123792937,1788933241.0000,0.700736,1.243100
2010-04-22,7.3490640000,7.1868777600,7.3490640000,7.1007163200,170907398,2420550387.0000,0.967430,-3.274200
2010-04-23,7.1919460800,7.1818094400,7.2882441600,7.0905796800,105750916,1494785831.0000,0.598608,-0.070500
2010-04-26,7.2020827200,7.1209896000,7.2223560000,7.1007163200,63838710,902685760.0000,0.361362,-0.846900
2010-04-27,7.1007163200,6.9942816000,7.1108529600,6.8827785600,93759160,1296433640.0000,0.530728,-1.779400
2010-04-28,6.9334617600,7.0044182400,7.0652380800,6.8473003200,68268065,939065477.0000,0.386435,0.144900
2010-04-29,7.0804430400,7.1108529600,7.2324926400,7.0551014400,89171473,1259234950.0000,0.504759,1.519500
2010-04-30,7.1716728000,7.2324926400,7.2375609600,7.0703064000,80537849,1140398655.0000,0.455888,1.710600
2010-05-04,7.0804430400,7.0449648000,7.2122193600,6.9638716800,79600122,1111677929.0000,0.450580,-2.592900
2010-05-05,6.9689400000,7.0703064000,7.0956480000,6.8270270400,85118657,1166086132.0000,0.481818,0.359700
2010-05-06,7.0196232000,6.7459339200,7.0297598400,6.7357972800,91012955,1227756955.0000,0.515183,-4.587800
2010-05-07,6.6090892800,6.7712755200,6.8827785600,6.5432011200,100374488,1335649912.0000,0.568175,0.375700
2010-05-10,6.7814121600,6.8878468800,6.9334617600,6.7560705600,63727075,861222521.0000,0.360730,1.721600
2010-05-11,7.0500331200,6.7560705600,7.0855113600,6.6648408000,96994529,1317667140.0000,0.549042,-1.913200
2010-05-12,6.7256606400,6.9182568000,6.9740083200,6.6394992000,89101564,1201910669.0000,0.504364,2.400600
2010-05-13,6.9182568000,7.1209896000,7.1412628800,6.8929152000,128406534,1787683461.0000,0.726851,2.930400
2010-05-14,7.0601697600,7.0348281600,7.1007163200,6.9638716800,60199512,835493704.0000,0.340762,-1.210000
2010-05-17,6.9435984000,6.7611388800,6.9435984000,6.6648408000,76639435,1023923407.0000,0.433821,-3.890500
2010-05-18,6.7712755200,6.9790766400,7.0044182400,6.7459339200,78612356,1066581343.0000,0.444989,3.223400
2010-05-19,6.9233251200,6.9131884800,7.0855113600,6.7915488000,66338992,908592758.0000,0.375515,-0.944100
2010-05-20,6.8473003200,6.8675736000,6.9993499200,6.8219587200,44921923,610337519.0000,0.254283,-0.659800
2010-05-21,6.6648408000,6.9283934400,6.9638716800,6.6445675200,55981035,756056199.0000,0.316883,0.885600
2010-05-24,6.9588033600,7.1057846400,7.2020827200,6.9588033600,116472108,1635243586.0000,0.659296,2.560400
2010-05-25,7.0905796800,6.9385300800,7.0905796800,6.8929152000,69601783,959218140.0000,0.393984,-2.353800
2010-05-26,6.9588033600,6.9131884800,7.0145548800,6.8675736000,49238527,673396090.0000,0.278717,-0.365200
2010-05-27,6.9131884800,6.9689400000,7.0094865600,6.7712755200,66663632,908028445.0000,0.377353,0.806500
2010-05-28,7.0449648000,6.9030518400,7.0601697600,6.8422320000,65286961,892922191.0000,0.369560,-0.945500
2010-05-31,6.8320953600,6.7053873600,6.8979835200,6.6952507200,66974931,895684166.0000,0.379115,-2.863400
2010-06-01,6.6901824000,6.6547041600,6.7814121600,6.6242942400,64383005,847555600.0000,0.364443,-0.755900
2010-06-02,6.6749774400,6.6597724800,6.7003190400,6.6040209600,42962333,564098505.0000,0.243190,0.076200
2010-06-03,6.7104556800,6.6648408000,6.7814121600,6.6547041600,58481436,774042110.0000,0.331037,0.076100
2010-06-04,6.6597724800,6.6800457600,6.6952507200,6.6141576000,32270827,423753142.0000,0.182671,0.228100
2010-06-07,6.5888160000,6.4874496000,6.6141576000,6.4367664000,73455103,945623276.0000,0.415796,-2.883200
2010-06-08,6.4823812800,6.3455366400,6.5330644800,6.2745801600,70867131,893128704.0000,0.401147,-2.187500
2010-06-09,6.3860832000,6.6040209600,6.6648408000,6.2391019200,136874764,1751165466.0000,0.774786,4.073476
2010-06-10,6.4773129600,6.4266297600,6.4925179200,6.3860832000,64701697,822240892.0000,0.366247,-2.686100
2010-06-11,6.4773129600,6.4519713600,6.5938843200,6.4266297600,61691187,792495703.0000,0.349206,0.394300
2010-06-17,6.5888160000,6.5077228800,6.5989526400,6.4519713600,53263672,686034147.0000,0.301502,0.864100
2010-06-18,6.5077228800,6.5178595200,6.6242942400,6.4570396800,61891741,800668829.0000,0.350341,0.155800
2010-06-21,6.5634744000,6.7712755200,6.8067537600,6.5279961600,117355253,1552574397.0000,0.664295,3.888000
2010-06-22,6.7712755200,6.7510022400,6.8067537600,6.7155240000,59317044,790164849.0000,0.335767,-0.299400
2010-06-23,6.7510022400,6.7510022400,6.7510022400,6.7510022400,0,0.0000,,0.000000
2010-06-24,6.6699091200,6.7357972800,6.8422320000,6.6242942400,52124716,691918171.0000,0.295055,-0.225200
2010-06-25,6.6901824000,6.7864804800,6.8473003200,6.6749774400,58539746,783830388.0000,0.331367,0.752400
2010-06-28,6.7915488000,6.8523686400,6.9790766400,6.7662072000,76194739,1034967178.0000,0.431304,0.970900
2010-06-29,6.8827785600,6.6040209600,6.9081201600,6.5786793600,98820167,1313718722.0000,0.559376,-3.624300
2010-06-30,6.5837476800,6.5938843200,6.6445675200,6.4874496000,54486790,707821779.0000,0.308425,-0.153500
2010-07-01,6.6041845400,6.5990330700,6.7123654100,6.5629727800,48130608,619400703.0000,0.272446,0.078100
2010-07-02,6.6093360100,6.6505477700,6.7020624700,6.4702463200,61083248,781190447.0000,0.345765,0.780600
2010-07-05,6.5938816000,6.5835786600,6.7020624700,6.5217610200,51274646,656375291.0000,0.290243,-1.007000
2010-07-06,6.5835786600,6.7638801100,6.7741830500,6.5835786600,64202277,831971406.0000,0.363420,2.738700
2010-07-07,6.7329712900,6.7741830500,6.7999404000,6.7072139400,43182540,566175644.0000,0.244437,0.152300
2010-07-08,6.8669095100,6.8050918700,6.9441815600,6.7741830500,56231427,748535060.0000,0.318301,0.456300
2010-07-09,6.8411521600,7.0214536100,7.1347859500,6.7535771700,101463154,1379341612.0000,0.574337,3.179400
2010-07-12,7.0266050800,7.1656947700,7.2120580000,6.9802418500,95617846,1327310468.0000,0.541250,2.054300
2010-07-13,7.0626653700,7.0781197800,7.1347859500,6.9699389100,58847670,806065749.0000,0.333110,-1.222100
2010-07-14,7.0987256600,7.1296344800,7.2532697600,7.0575139000,82216437,1144078845.0000,0.465390,0.727800
2010-07-15,7.1090286000,6.9853933200,7.2326638800,6.9750903800,66364085,913372836.0000,0.375657,-2.023100
2010-07-16,6.9493330300,7.0317565500,7.0729683100,6.8823639200,47994302,648072291.0000,0.271674,0.663711
2010-07-19,6.9750903800,7.2172094700,7.2223609400,6.9441815600,86999134,1207052852.0000,0.492463,2.637400
2010-07-20,7.2120580000,7.2120580000,7.3408447500,7.1656947700,101843807,1432244425.0000,0.576492,-0.071400
2010-07-21,7.2275124100,7.1914521200,7.2481182900,7.1605433000,53729831,750942394.0000,0.304140,-0.285700
2010-07-22,7.1605433000,7.2841785800,7.3150874000,7.1605433000,70079584,988205686.0000,0.396689,1.289400
2010-07-23,7.3150874000,7.3511476900,7.4593285600,7.2841785800,109498855,1565726838.0000,0.619824,0.919400
2010-07-26,7.3666021000,7.3459962200,7.3923594500,7.2532697600,43956491,624937923.0000,0.248818,-0.070100
2010-07-27,7.3202388700,7.2687241700,7.3202388700,7.2223609400,44521386,628630560.0000,0.252015,-1.051900
2010-07-28,7.2893300500,7.4541770900,7.4799344400,7.2275124100,94068557,1350679942.0000,0.532480,2.551400
2010-07-29,7.4541770900,7.4902373800,7.5520550200,7.4181168000,84379352,1225448577.0000,0.477633,0.483800
2010-07-30,7.4490256200,7.4799344400,7.5262976700,7.3820565100,48614635,703712439.0000,0.275186,-0.137600
2010-08-02,7.4593285600,7.6190241300,7.6499329500,7.4284197400,69289136,1019991435.0000,0.392215,1.859500
2010-08-03,7.6499329500,7.4129653300,7.6705388300,7.3975109200,58960422,863539560.0000,0.333748,-2.704500
2010-08-04,7.3975109200,7.3769050400,7.4593285600,7.2481182900,79560772,1133420408.0000,0.450358,-0.486400
2010-08-05,7.3769050400,7.2275124100,7.3975109200,7.1966035900,94247860,1326866483.0000,0.533495,-2.025100
2010-08-06,7.2120580000,7.3047844600,7.3356932800,7.1347859500,68241877,960233061.0000,0.386286,1.069100
2010-08-09,7.2790271100,7.3717535700,7.4078138600,7.2481182900,69823313,996109707.0000,0.395238,0.916800
2010-08-10,7.3666021000,7.1399374200,7.4490256200,7.1347859500,75997833,1066876440.0000,0.430189,-3.144700
2010-08-11,7.1244830100,7.1502403600,7.1966035900,7.1038771300,48789951,676781297.0000,0.276178,0.144300
2010-08-12,7.1038771300,6.9905447900,7.1450888900,6.9647874400,65033785,887318795.0000,0.368127,-2.233400
2010-08-13,7.0008477300,7.0678168400,7.0832712500,6.8669095100,79478217,1075675182.0000,0.449890,1.105400
2010-08-16,7.0059992000,7.2017550600,7.2429668200,6.9802418500,69050047,955709253.0000,0.390861,1.895000
2010-08-17,7.2120580000,7.2172094700,7.2378153500,7.1141800700,52080918,726753112.0000,0.294807,0.214600
2010-08-18,7.2120580000,7.1502403600,7.3202388700,7.1244830100,67457637,944919094.0000,0.381847,-0.927900
2010-08-19,7.2069065300,7.3099359300,7.3975109200,7.1759977100,111300146,1575117184.0000,0.630020,2.233400
2010-08-20,7.2996329900,7.2584212300,7.4129653300,7.2326638800,94235059,1338395197.0000,0.533422,-0.704700
2010-08-23,7.2635727000,7.3150874000,7.4438741500,7.2635727000,64347242,916453773.0000,0.364241,0.780700
2010-08-24,7.3047844600,7.2481182900,7.3614506300,7.1708462400,57689580,813426051.0000,0.326555,-0.915500
2010-08-25,7.2069065300,7.0317565500,7.2223609400,7.0059992000,74954161,1031973310.0000,0.424282,-2.985100
2010-08-26,7.0472109600,6.9956962600,7.0781197800,6.9544845000,50384681,684959671.0000,0.285205,-0.512800
2010-08-27,7.0059992000,7.0008477300,7.0575139000,6.9544845000,33987804,462249978.0000,0.192390,0.073600
2010-08-30,7.0317565500,7.0832712500,7.1502403600,7.0059992000,68381566,939409011.0000,0.387077,1.177300
2010-08-31,7.0369080200,6.9750903800,7.0781197800,6.9544845000,74256930,1007590728.0000,0.420335,-1.527300
2010-09-01,7.0008477300,7.0008477300,7.1399374200,6.9132727400,101371980,1376732011.0000,0.573821,0.369300
2010-09-02,7.1038771300,7.0317565500,7.1193315400,6.9802418500,80028686,1091209063.0000,0.453006,0.441500
2010-09-03,7.0420594900,7.0266050800,7.0678168400,6.9132727400,73780045,997589431.0000,0.417636,-0.073300
2010-09-06,7.0472109600,7.1502403600,7.1553918300,7.0059992000,95019236,1311176856.0000,0.537861,1.759500
2010-09-07,7.1553918300,7.1296344800,7.2481182900,7.0832712500,65664396,913071093.0000,0.371697,-0.288200
2010-09-08,7.0935741900,6.9853933200,7.0935741900,6.9596359700,90697533,1230017474.0000,0.513398,-2.023119
2010-09-09,6.9956962600,6.8153948100,6.9956962600,6.7896374600,106961793,1425353480.0000,0.605462,-2.433600
2010-09-10,6.8256977500,6.8411521600,6.8875153900,6.7690315800,71920520,952020143.0000,0.407110,0.377900
2010-09-13,6.8360006900,6.8308492200,6.8926668600,6.7226683500,100727597,1328454647.0000,0.570174,-0.150600
2010-09-14,6.8669095100,6.8823639200,6.9493330300,6.8463036300,97018364,1300524900.0000,0.549177,0.754100
2010-09-15,6.8772124500,6.7587286400,6.8772124500,6.6969110000,77844655,1023944989.0000,0.440643,-1.796400
2010-09-16,6.7484257000,6.5938816000,6.7690315800,6.5166095500,108495166,1396786423.0000,0.614142,-2.439000
2010-09-17,6.6093360100,6.6196389500,6.6711536500,6.5423669000,53994946,692184522.0000,0.305641,0.390600
2010-09-20,6.6144874800,6.6402448300,6.7123654100,6.5526698400,49316715,634513855.0000,0.279160,0.311300
2010-09-21,6.6556992400,6.6299418900,6.6814565900,6.6041845400,34440066,443812285.0000,0.194950,-0.155200
2010-09-27,6.6453963000,6.6144874800,6.6660021800,6.5887301300,46550877,597506074.0000,0.263504,-0.233100
2010-09-28,6.6093360100,6.4960036700,6.6144874800,6.4599433800,73266388,926550632.0000,0.414728,-1.791300
2010-09-29,6.4444889700,6.5217610200,6.6093360100,6.4444889700,53191603,675105052.0000,0.301094,0.396500
2010-09-30,6.4444889700,6.6711536500,6.7020624700,6.4444889700,64163784,825341985.0000,0.363202,2.290700
2010-10-08,6.7484257000,6.9235756800,6.9802418500,6.6608507100,111173082,1481540664.0000,0.629301,3.783800
2010-10-11,6.9544845000,7.1605433000,7.2378153500,6.9390300900,180388127,2492974698.0000,1.021096,3.422600
2010-10-12,7.1090286000,7.1296344800,7.1966035900,7.0575139000,105910427,1465333680.0000,0.599511,-0.431700
2010-10-13,7.1966035900,7.4644800300,7.4953888500,7.1966035900,212063903,3034890393.0000,1.200398,4.696500
2010-10-14,7.5417520800,7.4850859100,7.7529623500,7.4696315000,222343538,3300251733.0000,1.258586,0.276100
2010-10-15,7.4696315000,7.8456888100,7.8920520400,7.4181168000,316139173,4741765242.0000,1.789521,4.817600
2010-10-18,8.0105358500,7.8714461600,8.2011402400,7.8611432200,239567879,3728968986.0000,1.356086,0.328300
2010-10-19,7.8559917500,7.9796270300,7.9847785000,7.7014476500,129469972,1974028898.0000,0.732871,1.374300
2010-10-20,8.0414446700,8.1032623100,8.2835637600,7.9744755600,207302403,3273085151.0000,1.173445,1.549400
2010-10-21,8.0620505500,7.7993255800,8.0826564300,7.7169020600,172398764,2628376011.0000,0.975872,-3.750800
2010-10-22,7.7993255800,7.7375079400,7.8199314600,7.6035697200,114190832,1708324095.0000,0.646383,-0.792600
2010-10-25,7.7426594100,7.8147799900,7.8765976300,7.5520550200,144407143,2164932417.0000,0.817424,0.998700
2010-10-26,7.8559917500,7.7065991200,7.9075064500,7.6447814800,140274071,2117599240.0000,0.794028,-1.384300
2010-10-27,7.6653873600,7.6035697200,7.8817491000,7.5262976700,116505745,1737296794.0000,0.659486,-1.336900
2010-10-28,7.6035697200,7.6911447100,7.7632652900,7.5675094300,81284166,1209347758.0000,0.460113,1.151800
2010-10-29,7.7014476500,7.5056917900,7.7014476500,7.4232682700,122692224,1790919509.0000,0.694505,-2.411300
2010-11-01,7.5262976700,7.6293270700,7.6911447100,7.4953888500,132309945,1949010708.0000,0.748947,1.647200
2010-11-02,7.6396300100,7.6035697200,7.7220535300,7.5108432600,114429765,1692509960.0000,0.647735,-0.337600
2010-11-03,7.6396300100,7.8611432200,7.9538696800,7.5726609000,185961227,2826057448.0000,1.052643,3.387500
2010-11-04,7.8405373400,7.9126579200,8.0311417300,7.7993255800,136809587,2100416672.0000,0.774417,0.655300
2010-11-05,8.0208387900,7.9538696800,8.1135652500,7.8456888100,104974809,1620113040.0000,0.594215,0.520800
2010-11-08,8.0259902600,8.0156873200,8.1650799500,7.9384152700,121828057,1902878441.0000,0.689614,0.777200
2010-11-09,8.0053843800,7.8147799900,8.0053843800,7.7529623500,109853854,1673300864.0000,0.621833,-2.506400
2010-11-10,7.7014476500,7.5211462000,7.7117505900,7.4902373800,171312842,2516790017.0000,0.969725,-3.757400
2010-11-11,7.5469035500,7.6035697200,7.7014476500,7.4799344400,178215912,2618828831.0000,1.008800,1.095900
2010-11-12,7.5211462000,7.2069065300,7.5675094300,7.1966035900,171752855,2456027400.0000,0.972215,-5.216800
2010-11-15,7.2687241700,7.3253903400,7.3614506300,7.1296344800,102368894,1432968599.0000,0.579464,1.644000
2010-11-16,7.2635727000,7.0266050800,7.2635727000,6.9956962600,112829779,1559381559.0000,0.638678,-4.078800
2010-11-17,6.9544845000,7.0214536100,7.1553918300,6.9287271500,103611757,1412300035.0000,0.586499,-0.073300
2010-11-18,7.0575139000,7.0472109600,7.1090286000,6.9338786200,70692691,964387428.0000,0.400159,0.366800
2010-11-19,7.0781197800,6.9853933200,7.0832712500,6.7484257000,145135157,1941697377.0000,0.821545,-0.877200
2010-11-22,6.8875153900,6.8256977500,6.9853933200,6.7896374600,102893266,1371599299.0000,0.582432,-2.286100
2010-11-23,6.8050918700,6.7535771700,6.8411521600,6.6814565900,96831177,1265792742.0000,0.548118,-1.056600
2010-11-24,6.7587286400,6.8360006900,6.9493330300,6.7587286400,88079391,1170023519.0000,0.498578,1.220400
2010-11-25,6.9029698000,6.9441815600,6.9647874400,6.7690315800,94380369,1261055486.0000,0.534245,1.582500
2010-11-26,6.9184242100,6.8308492200,6.9287271500,6.7999404000,61801438,823861434.0000,0.349830,-1.632000
2010-11-29,6.8153948100,6.8411521600,6.9029698000,6.8102433400,53598188,712049339.0000,0.303395,0.150800
2010-11-30,6.8411521600,6.7226683500,6.8875153900,6.6505477700,83096687,1087226787.0000,0.470373,-1.731900
2010-12-01,6.7226683500,6.7638801100,6.7947889300,6.7020624700,42470770,556394048.0000,0.240408,0.613000
2010-12-02,6.8875153900,6.8050918700,6.9184242100,6.7844859900,59250714,788287603.0000,0.335392,0.609300
2010-12-03,6.8205462800,6.7999404000,6.8978183300,6.7741830500,59957302,794595447.0000,0.339391,-0.075700
2010-12-06,6.8308492200,6.9132727400,7.0369080200,6.7896374600,110310804,1483600449.0000,0.624420,1.666700
2010-12-07,6.9029698000,6.9287271500,6.9647874400,6.8153948100,61826010,824896516.0000,0.349969,0.223500
2010-12-08,6.9287271500,6.8205462800,6.9544845000,6.7999404000,53173420,708736254.0000,0.300991,-1.561300
2010-12-09,6.7947889300,6.6969110000,6.7999404000,6.6711536500,90786152,1184751223.0000,0.513899,-1.812700
2010-12-10,6.6969110000,6.7741830500,6.8205462800,6.6866080600,50840008,665536799.0000,0.287782,1.153800
2010-12-13,6.7844859900,6.8823639200,6.8875153900,6.7381227600,80536122,1064964867.0000,0.455879,1.597000
2010-12-14,6.9029698000,6.8411521600,6.9338786200,6.8153948100,80919708,1078067273.0000,0.458050,-0.598800
2010-12-15,6.8514551000,6.8308492200,6.9132727400,6.8256977500,69062554,919900465.0000,0.390932,-0.150600
2010-12-16,6.8308492200,6.7793345200,6.8360006900,6.7535771700,45821312,604194386.0000,0.259374,-0.754100
2010-12-17,6.7844859900,6.7638801100,6.7896374600,6.7226683500,39108674,512271408.0000,0.221377,-0.228000
2010-12-20,6.7793345200,6.6814565900,6.8153948100,6.5835786600,71587024,928832917.0000,0.405222,-1.218600
2010-12-21,6.6814565900,6.8514551000,6.8772124500,6.6299418900,92475572,1216351273.0000,0.523463,2.544300
2010-12-22,6.8566065700,6.7329712900,6.8823639200,6.7020624700,58829510,776712271.0000,0.333007,-1.729300
2010-12-23,6.7329712900,6.7896374600,6.9081212700,6.6917595300,70770235,933782289.0000,0.400598,0.841600
2010-12-24,6.7278198200,6.8153948100,6.8772124500,6.7020624700,69324671,914915628.0000,0.392416,0.379400
2010-12-27,6.8926668600,6.6969110000,6.9390300900,6.6917595300,88593435,1170719213.0000,0.501487,-1.738500
2010-12-28,6.7072139400,6.6093360100,6.7741830500,6.5835786600,105895069,1372360490.0000,0.599424,-1.307700
2010-12-29,6.6196389500,6.5784271900,6.6299418900,6.5423669000,74240251,947620925.0000,0.420241,-0.467700
2010-12-30,6.5835786600,6.5320639600,6.5887301300,6.4393375000,87823579,1110812543.0000,0.497130,-0.704800
2010-12-31,6.5681242500,6.5990330700,6.6660021800,6.4960036700,69375662,885216765.0000,0.392704,1.025200
2011-01-04,6.6505477700,6.7072139400,6.7432742300,6.5835786600,98498451,1276763364.0000,0.557555,1.639300
2011-01-05,6.6917595300,6.6814565900,6.7535771700,6.6556992400,72626095,944910512.0000,0.411104,-0.384000
2011-01-06,6.6866080600,6.6453963000,6.7535771700,6.6041845400,63620993,823324507.0000,0.360130,-0.539700
2011-01-07,6.6453963000,6.8256977500,6.9802418500,6.6041845400,184177849,2440982564.0000,1.042548,2.713200
2011-01-10,6.8205462800,6.7072139400,6.8875153900,6.6969110000,89439102,1177813020.0000,0.506274,-1.735800
2011-01-11,6.6763051200,6.7947889300,6.8360006900,6.6711536500,80178643,1050831147.0000,0.453855,1.305700
2011-01-12,6.7844859900,6.8360006900,6.8566065700,6.7329712900,71991084,950345184.0000,0.407509,0.606500
2011-01-13,6.8411521600,6.7999404000,6.8669095100,6.7587286400,59516449,786701585.0000,0.336896,-0.527500
2011-01-14,6.7793345200,6.7226683500,6.8205462800,6.7175168800,50536491,662003482.0000,0.286064,-1.136400
2011-01-17,6.6917595300,6.5475183700,6.7329712900,6.5011551400,77156600,991616450.0000,0.436749,-2.605400
2011-01-18,6.5578213100,6.5269124900,6.5784271900,6.4960036700,53990207,684464697.0000,0.305614,-0.314700
2011-01-19,6.5423669000,6.5784271900,6.5938816000,6.4908522000,47144159,598577845.0000,0.266862,0.789300
2011-01-20,6.5732757200,6.4496404400,6.5732757200,6.4393375000,56788717,714769681.0000,0.321455,-1.957700
2011-01-21,6.4547919100,6.5475183700,6.6917595300,6.4444889700,62191245,793177476.0000,0.352037,1.517600
2011-01-24,6.5423669000,6.4805492600,6.5784271900,6.4702463200,49438223,624077121.0000,0.279847,-1.022800
2011-01-25,6.5063066100,6.5063066100,6.5681242500,6.4650948500,52215793,660597680.0000,0.295570,0.397500
2011-01-26,6.5269124900,6.5475183700,6.5681242500,6.5166095500,23768929,301774550.0000,0.134545,0.633400
2011-01-27,6.4908522000,6.5475183700,6.5578213100,6.4341860300,70707557,891864175.0000,0.400244,0.000000
2011-01-28,6.5166095500,6.4857007300,6.5475183700,6.4496404400,66406477,835307124.0000,0.375897,-0.944100
2011-01-31,6.4857007300,6.5063066100,6.5320639600,6.4805492600,48455683,611798445.0000,0.274286,0.317700
2011-02-01,6.5166095500,6.5423669000,6.5629727800,6.4960036700,40211020,509422748.0000,0.227616,0.554200
2011-02-09,6.5269124900,6.4908522000,6.5784271900,6.4753977900,58829216,745910348.0000,0.333006,-0.787400
2011-02-10,6.4908522000,6.5475183700,6.5629727800,6.4496404400,46488671,588451369.0000,0.263151,0.873000
2011-02-11,6.5423669000,6.5475183700,6.5887301300,6.4960036700,61000766,773509587.0000,0.345298,0.000000
2011-02-14,6.5526698400,6.8308492200,6.8463036300,6.5526698400,146385352,1910514159.0000,0.828621,4.327300
2011-02-15,6.8256977500,6.7947889300,6.8823639200,6.7741830500,108538766,1438854668.0000,0.614389,-0.527900
2011-02-16,6.7741830500,6.7587286400,6.7999404000,6.6866080600,79042331,1031728586.0000,0.447423,-0.530700
2011-02-17,6.7587286400,6.7587286400,6.8772124500,6.7123654100,70754381,932086607.0000,0.400509,0.000000
2011-02-18,6.7638801100,6.7535771700,6.7896374600,6.6969110000,55894225,732500521.0000,0.316392,-0.076200
2011-02-21,6.6969110000,6.7381227600,6.7484257000,6.6453963000,59996420,779859965.0000,0.339613,-0.228800
2011-02-22,6.7484257000,6.5526698400,6.7484257000,6.5217610200,121525657,1556214132.0000,0.687902,-2.752300
2011-02-23,6.5526698400,6.5320639600,6.5784271900,6.5011551400,54397598,689930998.0000,0.307920,-0.314500
2011-02-24,6.5217610200,6.5320639600,6.5784271900,6.4960036700,52932082,670747773.0000,0.299625,0.000000
2011-02-25,6.5475183700,6.5681242500,6.6299418900,6.5217610200,49085789,626193457.0000,0.277853,0.552100
2011-02-28,6.5887301300,6.6299418900,6.6660021800,6.5269124900,69582753,892379258.0000,0.393877,0.941200
2011-03-01,6.6505477700,6.7484257000,6.8720609800,6.6299418900,124778375,1633085388.0000,0.706314,1.787106
2011-03-02,6.6969110000,6.9390300900,7.0214536100,6.6866080600,226096550,3029627382.0000,1.279831,2.824400
2011-03-03,6.9905447900,7.2275124100,7.4129653300,6.9596359700,399308564,5586884166.0000,2.260306,4.157400
2011-03-04,7.3047844600,7.3253903400,7.3872079800,7.1656947700,197261003,2789248375.0000,1.116606,1.354200
2011-03-07,7.3769050400,7.3305418100,7.5108432600,7.2635727000,177077408,2536416911.0000,1.002355,0.070300
2011-03-08,7.3150874000,7.3666021000,7.4902373800,7.2738756400,112446484,1611304489.0000,0.636509,0.491900
2011-03-09,7.4026623900,7.4078138600,7.5108432600,7.3820565100,109743292,1588328817.0000,0.621207,0.559400
2011-03-10,7.3769050400,7.2069065300,7.3923594500,7.1708462400,124087891,1750290871.0000,0.702406,-2.712100
2011-03-11,7.1708462400,7.0369080200,7.2069065300,6.9956962600,109841296,1512829301.0000,0.621762,-2.358800
2011-03-14,7.0059992000,7.0626653700,7.0987256600,6.9853933200,65739143,897940761.0000,0.372120,0.366000
2011-03-15,7.0059992000,6.9493330300,7.0472109600,6.8617580400,107876563,1454391999.0000,0.610641,-1.604700
2011-03-16,6.9750903800,7.0626653700,7.1347859500,6.9235756800,75560107,1029474178.0000,0.427712,1.630800
2011-03-17,6.9905447900,6.9596359700,7.0059992000,6.9029698000,60420558,815232321.0000,0.342014,-1.458800
2011-03-18,7.0163021400,6.9081212700,7.0472109600,6.8772124500,69249398,936462246.0000,0.391990,-0.740200
2011-03-21,6.9441815600,6.9802418500,7.0317565500,6.9235756800,55499355,752686257.0000,0.314157,1.044000
2011-03-22,7.0059992000,7.1347859500,7.1450888900,6.9132727400,85747910,1176642575.0000,0.485380,2.214000
2011-03-23,7.1141800700,7.2378153500,7.2635727000,7.0781197800,93674744,1310343356.0000,0.530250,1.444000
2011-03-24,7.2429668200,7.2120580000,7.2532697600,7.1656947700,56794094,793623576.0000,0.321486,-0.355900
2011-03-25,7.2275124100,7.3666021000,7.4181168000,7.2120580000,120271098,1719538845.0000,0.680800,2.142900
2011-03-28,7.3923594500,7.3305418100,7.5314491400,7.3047844600,100437625,1447242206.0000,0.568532,-0.489500
2011-03-29,7.3150874000,7.3717535700,7.5211462000,7.2635727000,134519290,1934315908.0000,0.761453,0.562200
2011-03-30,7.3562991600,7.3562991600,7.4850859100,7.3202388700,85822363,1232672427.0000,0.485802,-0.209600
2011-03-31,7.3614506300,7.2584212300,7.3717535700,7.2378153500,71417885,1011476950.0000,0.404264,-1.330500
2011-04-01,7.2017550600,7.3820565100,7.4438741500,7.1708462400,98685204,1407150715.0000,0.558612,1.703300
2011-04-06,7.4181168000,7.6293270700,7.6653873600,7.4181168000,171762544,2530008678.0000,0.972270,3.349600
2011-04-07,7.6241756000,7.6241756000,7.6859932400,7.5726609000,102646536,1521323469.0000,0.581036,-0.067500
2011-04-08,7.6138726600,7.6859932400,7.7014476500,7.5778123700,67797483,1007369138.0000,0.383771,0.810800
2011-04-11,7.6756903000,7.7169020600,7.8817491000,7.6756903000,138954905,2099312100.0000,0.786561,0.402100
2011-04-12,7.6911447100,7.6293270700,7.7838711700,7.5881153100,70720022,1051558709.0000,0.400314,-1.134800
2011-04-13,7.5726609000,7.8920520400,7.9023549800,7.5726609000,111569263,1676616860.0000,0.631543,3.443600
2011-04-14,7.9126579200,7.8869005700,8.0002329100,7.8559917500,123436353,1902494388.0000,0.698718,-0.065300
2011-04-15,7.8250829300,7.8199314600,7.9538696800,7.7529623500,70726484,1076534796.0000,0.400351,-0.849100
2011-04-18,7.7581138200,7.7890226400,7.8559917500,7.7272050000,62573078,944076053.0000,0.354198,-0.395300
2011-04-19,7.7323564700,7.6396300100,7.7735682300,7.6241756000,62974060,939570353.0000,0.356468,-1.918000
2011-04-20,7.6602358900,7.5520550200,7.7065991200,7.4747829700,77533288,1138480608.0000,0.438881,-1.146300
2011-04-21,7.5829638400,7.5469035500,7.6396300100,7.5108432600,66416892,974818178.0000,0.375956,-0.068200
2011-04-22,7.5417520800,7.5469035500,7.6087211900,7.4799344400,35329791,517354335.0000,0.199986,0.000000
2011-04-25,7.5159947300,7.5417520800,7.6705388300,7.4747829700,72494091,1063584476.0000,0.410356,-0.068300
2011-04-26,7.5675094300,7.5778123700,7.6241756000,7.5211462000,74674894,1098458522.0000,0.422701,0.478100
2011-04-27,7.6035697200,7.4953888500,7.7014476500,7.4438741500,76664686,1129952514.0000,0.433964,-1.087700
2011-04-28,7.5366006100,7.5623579600,7.7272050000,7.5211462000,81865272,1211753376.0000,0.463402,0.893500
2011-04-29,7.5984182500,7.4490256200,7.6190241300,7.2635727000,85810795,1238689420.0000,0.485736,-1.498600
2011-05-03,7.4644800300,7.4284197400,7.4953888500,7.3717535700,31127794,449474310.0000,0.176200,-0.276600
2011-05-04,7.3975109200,7.2378153500,7.4696315000,7.2120580000,69988429,992114005.0000,0.396173,-2.565900
2011-05-05,7.2223609400,7.2635727000,7.3253903400,7.1759977100,52612078,739726859.0000,0.297813,0.355900
2011-05-06,7.2120580000,7.2326638800,7.3202388700,7.1347859500,53093178,746452761.0000,0.300537,-0.425500
2011-05-09,7.2532697600,7.2120580000,7.2841785800,7.1863006500,27751487,389755951.0000,0.157089,-0.284900
2011-05-10,7.2378153500,7.2944815200,7.3459962200,7.1811491800,29700356,419991542.0000,0.168120,1.142900
2011-05-11,7.3047844600,7.2275124100,7.3150874000,7.2120580000,24115193,339926611.0000,0.136505,-0.918100
2011-05-12,7.2017550600,7.1759977100,7.2429668200,7.1605433000,27520333,384622461.0000,0.155780,-0.712800
2011-05-13,7.1656947700,7.2429668200,7.2584212300,7.1141800700,39527551,550546465.0000,0.223748,0.933200
2011-05-16,7.2017550600,7.1502403600,7.3150874000,7.1347859500,39913981,560148269.0000,0.225935,-1.280200
2011-05-17,7.1502403600,7.2429668200,7.2893300500,7.0884227200,38671729,541013968.0000,0.218903,1.296800
2011-05-18,7.2172094700,7.3666021000,7.4129653300,7.2120580000,45618885,651189333.0000,0.258228,1.707000
2011-05-19,7.3820565100,7.3305418100,7.4026623900,7.3305418100,29830448,426866572.0000,0.168857,-0.489500
2011-05-20,7.3099359300,7.3511476900,7.4335712100,7.2893300500,44220595,633299261.0000,0.250313,0.281100
2011-05-23,7.3150874000,7.1656947700,7.3305418100,7.1038771300,43292355,605028229.0000,0.245058,-2.522800
2011-05-24,7.1450888900,7.1244830100,7.1863006500,7.1141800700,32163362,446632783.0000,0.182062,-0.575100
2011-05-25,7.1141800700,7.0008477300,7.1553918300,6.9853933200,32806921,450232875.0000,0.185705,-1.735400
2011-05-26,7.0626653700,7.0008477300,7.0781197800,6.9956962600,26485989,361555061.0000,0.149925,0.000000
2011-05-27,7.0266050800,7.1038771300,7.1759977100,7.0008477300,56367325,774696008.0000,0.319070,1.471700
2011-05-30,7.1038771300,7.1038771300,7.1038771300,7.1038771300,0,0.0000,,0.000000
2011-05-31,7.1141800700,7.1656947700,7.1759977100,7.0472109600,55729774,768496357.0000,0.315461,0.870200
2011-06-01,7.1347859500,7.1090286000,7.1759977100,7.0935741900,38973263,539979450.0000,0.220610,-0.790800
2011-06-02,7.0523624300,6.8360006900,7.0523624300,6.7741830500,122061736,1624942181.0000,0.690936,-3.840600
2011-06-03,6.8411521600,6.8926668600,6.9081212700,6.7896374600,31611268,420003087.0000,0.178937,0.828900
2011-06-07,6.8617580400,6.9132727400,6.9338786200,6.8411521600,22311387,298550842.0000,0.126295,0.299000
2011-06-08,6.9184242100,6.8153948100,6.9184242100,6.6969110000,67581788,886466831.0000,0.382550,-1.415800
2011-06-09,6.7896374600,6.6763051200,6.7999404000,6.6711536500,42846693,559478791.0000,0.242536,-2.040800
2011-06-10,6.7342676400,6.7342676400,6.7448064000,6.6552269400,38630287,491407552.0000,0.218669,0.868200
2011-06-13,6.7026513600,6.7606145400,6.8238471000,6.6394188000,25278135,323139877.0000,0.143088,0.391200
2011-06-14,6.7711533000,6.7975002000,6.8923490400,6.7606145400,42184394,546605055.0000,0.238787,0.545600
2011-06-15,6.7975002000,6.7658839200,6.8501940000,6.7448064000,23284410,299419257.0000,0.131803,-0.465100
2011-06-16,6.7500757800,6.7079207400,6.7553451600,6.6815738400,23380462,298141660.0000,0.132346,-0.856700
2011-06-17,6.7131901200,6.7079207400,6.7922308200,6.6921126000,27880334,356450191.0000,0.157818,0.000000
2011-06-20,6.7342676400,6.7448064000,6.7922308200,6.6921126000,26222004,335005374.0000,0.148431,0.549900
2011-06-21,6.7711533000,6.8133083400,6.8554633800,6.7184595000,35087910,453801023.0000,0.198617,1.015600
2011-06-22,6.8396552400,6.8291164800,6.8870796600,6.8027695800,27237836,353638988.0000,0.154181,0.232000
2011-06-23,6.8238471000,6.9186959400,6.9555816000,6.7658839200,35041467,454936893.0000,0.198354,1.311700
2011-06-24,6.8870796600,7.0451610600,7.0873161000,6.8712715200,86811462,1156433133.0000,0.491401,1.827900
2011-06-27,7.0873161000,6.9924672600,7.0873161000,6.9608509800,46197664,614574624.0000,0.261504,-0.747900
2011-06-28,7.0135447800,6.9345040800,7.0240835400,6.8501940000,53220606,696880338.0000,0.301258,-0.828900
2011-06-29,6.9345040800,6.8080389600,6.9397734600,6.7448064000,79739903,1032977097.0000,0.451372,-1.823700
2011-06-30,6.8291164800,6.8607327600,6.9292347000,6.7869614400,74071774,965357054.0000,0.419287,0.774000
2011-07-01,6.8818102800,6.8080389600,6.8870796600,6.7500757800,87298477,1127688463.0000,0.494157,-0.768000
2011-07-04,6.8449246200,7.0556998200,7.0609692000,6.8291164800,96456029,1273450061.0000,0.545994,3.637800
2011-07-05,7.0556998200,6.9977366400,7.1031242400,6.9661203600,56876051,758447132.0000,0.321950,-0.821500
2011-07-06,6.9977366400,6.9397734600,6.9977366400,6.8660021400,52994901,695769032.0000,0.299980,-0.828300
2011-07-07,7.0398916800,6.9713897400,7.1242017600,6.9345040800,114718104,1530107290.0000,0.649367,0.455600
2011-07-08,7.0030060200,7.0662385800,7.1136630000,6.9713897400,59139178,790712407.0000,0.334760,1.360547
2011-07-11,7.0293529200,6.9661203600,7.0293529200,6.9292347000,57881889,765076662.0000,0.327643,-1.416900
2011-07-12,6.9081571800,6.8291164800,6.9081571800,6.7869614400,68064651,882644535.0000,0.385283,-1.966700
2011-07-13,6.8501940000,6.8923490400,6.9239653200,6.8080389600,53137836,692721387.0000,0.300789,0.925900
2011-07-14,6.8923490400,6.8501940000,6.9134265600,6.7922308200,71912105,933187330.0000,0.407062,-0.611600
2011-07-15,6.8080389600,6.8554633800,6.8923490400,6.7975002000,41104105,534507791.0000,0.232672,0.076900
2011-07-18,6.8554633800,6.8396552400,6.8976184200,6.8291164800,49088207,638579400.0000,0.277866,-0.230600
2011-07-19,6.7922308200,6.7448064000,6.8027695800,6.7289982600,77469227,993779418.0000,0.438518,-1.386700
2011-07-20,6.7922308200,6.7131901200,6.7975002000,6.7026513600,64859679,828288800.0000,0.367141,-0.468800
2011-07-21,6.7237288800,6.6552269400,6.7448064000,6.6394188000,81932426,1036559246.0000,0.463783,-0.863400
2011-07-22,6.6710350800,6.6604963200,6.6815738400,6.5919943800,57635787,726367603.0000,0.326250,0.079200
2011-07-25,6.6130719000,6.4971455400,6.6288800400,6.4866067800,86236499,1071213058.0000,0.488146,-2.452500
2011-07-26,6.5076843000,6.5076843000,6.5709168600,6.4655292600,50657725,626321665.0000,0.286751,0.162200
2011-07-27,6.4866067800,6.4602598800,6.5024149200,6.4339129800,72612427,889699840.0000,0.411026,-0.728700
2011-07-28,6.4286436000,6.3496029000,6.4286436000,6.3337947600,75489139,912401748.0000,0.427310,-1.712900
2011-07-29,6.3654110400,6.5076843000,6.5814556200,6.3337947600,86750926,1063529528.0000,0.491058,2.489600
2011-08-01,6.4760680200,6.4497211200,6.5340312000,6.4286436000,40604910,498769399.0000,0.229846,-0.890700
2011-08-02,6.4022967000,6.4233742200,6.4391823600,6.3496029000,32337060,391831793.0000,0.183046,-0.408500
2011-08-03,6.3864885600,6.4128354600,6.4971455400,6.3654110400,32229006,393209598.0000,0.182434,-0.164100
2011-08-04,6.4549905000,6.3917579400,6.5129536800,6.3759498000,48333222,589377520.0000,0.273593,-0.328700
2011-08-05,6.2863703400,6.2020602600,6.2863703400,6.1862521200,99245368,1174633433.0000,0.561783,-2.967800
2011-08-08,6.1599052200,6.0229013400,6.1967908800,5.9227831200,94267059,1084623236.0000,0.533603,-2.888700
2011-08-09,5.9017056000,6.0650563800,6.0861339000,5.8015873800,101535651,1149224884.0000,0.574748,0.699900
2011-08-10,6.1809827400,6.0703257600,6.1862521200,6.0545176200,63088835,734433350.0000,0.357117,0.086900
2011-08-11,5.9807463000,6.1493664600,6.1862521200,5.9543994000,60741780,704693543.0000,0.343832,1.302100
2011-08-12,6.1967908800,6.1230195600,6.1967908800,6.0914032800,54753148,638384020.0000,0.309933,-0.428400
2011-08-15,6.1440970800,6.3179866200,6.3548722800,6.0914032800,94709016,1119030670.0000,0.536105,3.184200
2011-08-16,6.3127172400,6.2969091000,6.4181048400,6.2600234400,68912448,829459598.0000,0.390082,-0.333600
2011-08-17,6.3179866200,6.2811009600,6.3390641400,6.2547540600,36353050,434332839.0000,0.205778,-0.251000
2011-08-18,6.2811009600,6.1282889400,6.3127172400,6.1124808000,32681206,385913747.0000,0.184994,-2.432900
2011-08-19,6.0492482400,6.0597870000,6.1072114200,6.0334401000,36594769,421094239.0000,0.207146,-1.117800
2011-08-22,6.0545176200,6.0914032800,6.1967908800,6.0387094800,36486105,421945758.0000,0.206531,0.521700
2011-08-23,6.1072114200,6.2020602600,6.2073296400,6.0808645200,34187388,399552754.0000,0.193519,1.816600
2011-08-24,6.2336765400,6.1335583200,6.2863703400,6.1282889400,32098712,378951979.0000,0.181696,-1.104500
2011-08-25,6.1757133600,6.4128354600,6.4549905000,6.1704439800,127237561,1533060422.0000,0.720234,4.553300
2011-08-26,6.3601416600,6.3864885600,6.4128354600,6.3285253800,40715866,492170073.0000,0.230474,-0.410848
2011-08-29,6.3021784800,6.2020602600,6.3021784800,6.1546358400,72255195,850133401.0000,0.409004,-2.887800
2011-08-30,6.2231377800,6.2125990200,6.3548722800,6.1967908800,58796976,699691494.0000,0.332823,0.169900
2011-08-31,6.2284071600,6.2442153000,6.3127172400,6.1915215000,36813860,436809527.0000,0.208387,0.508900
2011-09-01,6.2494846800,6.3337947600,6.3759498000,6.2494846800,51720969,620439687.0000,0.292769,1.434600
2011-09-02,6.3179866200,6.2758315800,6.3390641400,6.2125990200,31700081,377145835.0000,0.179440,-0.915100
2011-09-05,6.2178684000,6.1651746000,6.2494846800,6.1335583200,36752729,431142237.0000,0.208041,-1.763200
2011-09-06,6.0966726600,6.1124808000,6.1967908800,6.0545176200,41800911,484724372.0000,0.236616,-0.854700
2011-09-07,6.1388277000,6.2336765400,6.2652928200,6.1282889400,39818759,469015201.0000,0.225396,1.982800
2011-09-08,6.2705622000,6.2231377800,6.2863703400,6.2125990200,28011338,332240906.0000,0.158560,-0.169057
2011-09-09,6.2231377800,6.2231377800,6.2231377800,6.2231377800,0,0.0000,,0.000000
2011-09-13,6.1546358400,6.1388277000,6.1809827400,6.1019420400,32540834,379196428.0000,0.184199,-1.354800
2011-09-14,6.1651746000,6.1177501800,6.1862521200,6.0439788600,33319946,386832040.0000,0.188609,-0.343300
2011-09-15,6.1388277000,6.1072114200,6.1967908800,6.1019420400,26375197,307732293.0000,0.149298,-0.172300
2011-09-16,6.1651746000,6.1440970800,6.1915215000,6.0914032800,35428141,413632562.0000,0.200543,0.604000
2011-09-19,6.0966726600,6.0229013400,6.1124808000,6.0070932000,30138762,345454268.0000,0.170602,-1.972600
2011-09-20,6.0545176200,6.0281707200,6.0861339000,5.9807463000,20500925,234604583.0000,0.116046,0.087500
2011-09-21,6.0334401000,6.1599052200,6.2020602600,5.9912850600,47294267,550827539.0000,0.267712,2.185300
2011-09-22,6.1124808000,5.9702075400,6.1335583200,5.9543994000,54084038,619022127.0000,0.306145,-3.079600
2011-09-23,5.9069749800,5.9069749800,6.0018238200,5.8226649000,56306096,629316318.0000,0.318723,-1.059100
2011-09-26,5.8700893200,5.7436242000,5.9543994000,5.7172773000,54069873,596926403.0000,0.306065,-2.765400
2011-09-27,5.7910486200,5.8226649000,5.8753587000,5.7383548200,42284831,465927386.0000,0.239355,1.376100
2011-09-28,5.8490118000,5.7805098600,5.8964362200,5.7647017200,24922199,275447804.0000,0.141073,-0.724000
2011-09-29,5.7436242000,5.8173955200,5.8490118000,5.7067385400,43731502,480333234.0000,0.247544,0.638100
2011-09-30,5.8173955200,5.8279342800,5.9333218800,5.8068567600,51005396,568221987.0000,0.288719,0.181200
2011-10-10,5.8279342800,5.7910486200,5.8700893200,5.7488935800,26532950,292021371.0000,0.150191,-0.632900
2011-10-11,5.9912850600,5.8964362200,6.0334401000,5.8173955200,72460591,818837126.0000,0.410167,1.819800
2011-10-12,5.8542811800,6.0966726600,6.1546358400,5.8437424200,82798745,952485525.0000,0.468686,3.395900
2011-10-13,6.0914032800,6.1230195600,6.1388277000,6.0176319600,53681928,621393830.0000,0.303869,0.432200
2011-10-14,6.1019420400,6.1546358400,6.1915215000,6.0281707200,47011524,545351886.0000,0.266111,0.516400
2011-10-17,6.1599052200,6.2600234400,6.3127172400,6.1493664600,63249728,750162930.0000,0.358028,1.712300
2011-10-18,6.2020602600,6.0966726600,6.2442153000,6.0650563800,40850481,476284157.0000,0.231236,-2.609400
2011-10-19,6.1177501800,6.1335583200,6.1862521200,6.0914032800,27212250,316792188.0000,0.154036,0.605000
2011-10-20,6.0861339000,6.0650563800,6.1440970800,6.0123625800,43347713,499537954.0000,0.245372,-1.116800
2011-10-21,6.0861339000,6.1388277000,6.1915215000,6.0334401000,42296760,492703992.0000,0.239423,1.216300
2011-10-24,6.1704439800,6.3496029000,6.3496029000,6.1335583200,80177363,955623033.0000,0.453848,3.433500
2011-10-25,6.3390641400,6.3917579400,6.4286436000,6.2547540600,86241769,1038634740.0000,0.488176,0.663900
2011-10-26,6.3654110400,6.3390641400,6.4181048400,6.3179866200,74119112,896344575.0000,0.419555,-0.824400
2011-10-27,6.3812191800,6.3970273200,6.4497211200,6.3179866200,44089854,535015385.0000,0.249573,0.914400
2011-10-28,6.4813374000,6.5024149200,6.6130719000,6.4549905000,91980726,1140038015.0000,0.520661,1.647400
2011-10-31,6.4866067800,6.3759498000,6.5076843000,6.3496029000,50913577,618593510.0000,0.288199,-1.944900
2011-11-01,6.3390641400,6.4022967000,6.5445699600,6.3285253800,53255989,651811615.0000,0.301458,0.413200
2011-11-02,6.3232560000,6.5234924400,6.5287618200,6.3021784800,47261457,576343263.0000,0.267526,1.893000
2011-11-03,6.5603781000,6.4233742200,6.5603781000,6.4181048400,59635946,731536444.0000,0.337572,-1.534700
2011-11-04,6.5076843000,6.4602598800,6.5287618200,6.4128354600,37279003,457164456.0000,0.211020,0.574200
2011-11-07,6.4549905000,6.3654110400,6.4549905000,6.3443335200,26839159,325681251.0000,0.151924,-1.468200
2011-11-08,6.3496029000,6.3812191800,6.4181048400,6.3285253800,30281583,366721321.0000,0.171410,0.248300
2011-11-09,6.4022967000,6.4286436000,6.4549905000,6.3390641400,27911337,338819595.0000,0.157993,0.743200
2011-11-10,6.3654110400,6.3021784800,6.4075660800,6.2863703400,40678420,488989720.0000,0.230262,-1.967200
2011-11-11,6.2969091000,6.2600234400,6.3496029000,6.2178684000,30271359,360964855.0000,0.171353,-0.668900
2011-11-14,6.3127172400,6.3548722800,6.4022967000,6.2863703400,31694809,381405957.0000,0.179410,1.515200
2011-11-15,6.3496029000,6.3021784800,6.3496029000,6.2811009600,23329648,279112574.0000,0.132059,-0.829200
2011-11-16,6.2863703400,6.1335583200,6.2969091000,6.0861339000,56229305,659454196.0000,0.318289,-2.675600
2011-11-17,6.1335583200,6.0914032800,6.1493664600,6.0808645200,33839571,392361680.0000,0.191551,-0.687300
2011-11-18,6.0650563800,6.0229013400,6.1335583200,5.9860156800,35568970,408315723.0000,0.201340,-1.124600
2011-11-21,6.0281707200,6.0176319600,6.0492482400,5.9543994000,20878720,237493157.0000,0.118185,-0.087500
2011-11-22,5.9965544400,6.0861339000,6.0966726600,5.9860156800,28585633,328534176.0000,0.161810,1.138400
2011-11-23,6.0966726600,6.0545176200,6.1072114200,5.9860156800,27610351,316909599.0000,0.156290,-0.519500
2011-11-24,6.0070932000,6.1019420400,6.1335583200,6.0070932000,32639601,377008696.0000,0.184758,0.783300
2011-11-25,6.1124808000,6.0492482400,6.1124808000,6.0281707200,20753822,238738591.0000,0.117478,-0.863600
2011-11-28,6.0703257600,6.0387094800,6.1124808000,6.0123625800,25095237,288372198.0000,0.142053,-0.174200
2011-11-29,6.0755951400,6.0914032800,6.1072114200,6.0334401000,25737215,296483398.0000,0.145687,0.872600
2011-11-30,6.0597870000,5.9069749800,6.0861339000,5.8911668400,36208630,410497595.0000,0.204961,-3.027700
2011-12-01,6.1124808000,6.1388277000,6.2863703400,6.0861339000,99629479,1166590331.0000,0.563958,3.925100
2011-12-02,6.1019420400,6.1862521200,6.2125990200,6.0808645200,38206199,446493084.0000,0.216268,0.772500
2011-12-05,6.1967908800,6.2547540600,6.2969091000,6.1230195600,51948409,615599561.0000,0.294057,1.107300
2011-12-06,6.2442153000,6.1967908800,6.2969091000,6.1915215000,34166000,404861202.0000,0.193398,-0.926700
2011-12-07,6.2073296400,6.2652928200,6.3127172400,6.1915215000,44383860,527973519.0000,0.251237,1.105400
2011-12-08,6.2811009600,6.2705622000,6.3285253800,6.2336765400,40248343,480143967.0000,0.227828,0.084100
2011-12-09,6.2178684000,6.2705622000,6.3127172400,6.2178684000,35782723,426101035.0000,0.202550,0.000000
2011-12-12,6.2705622000,6.3127172400,6.3337947600,6.2284071600,32076098,383094904.0000,0.181568,0.672300
2011-12-13,6.3021784800,6.1440970800,6.3232560000,6.1124808000,51058775,602149216.0000,0.289021,-2.671100
2011-12-14,6.1388277000,6.1546358400,6.2336765400,6.0861339000,30408111,356305057.0000,0.172127,0.171500
2011-12-15,6.1388277000,6.0123625800,6.1967908800,6.0070932000,43356655,502325991.0000,0.245422,-2.311600
2011-12-16,6.0070932000,6.1230195600,6.1599052200,5.9807463000,45706808,525062414.0000,0.258726,1.840500
2011-12-19,6.0492482400,6.1388277000,6.1599052200,5.9385912600,38458276,440755770.0000,0.217695,0.258200
2011-12-20,6.1230195600,6.1282889400,6.2652928200,6.1072114200,41819193,491358962.0000,0.236720,-0.171700
2011-12-21,6.1915215000,6.1072114200,6.3021784800,6.0966726600,39698385,468446039.0000,0.224715,-0.343900
2011-12-22,6.1124808000,6.1651746000,6.1915215000,6.0334401000,41291440,479151496.0000,0.233732,0.949100
2011-12-23,6.1546358400,6.1599052200,6.2494846800,6.1072114200,35267900,413821885.0000,0.199636,-0.085500
2011-12-26,6.1124808000,6.1493664600,6.2178684000,6.0861339000,26645492,311157318.0000,0.150828,-0.171100
2011-12-27,6.1493664600,6.1599052200,6.1967908800,6.1230195600,32255697,377531963.0000,0.182585,0.171400
2011-12-28,6.1493664600,6.0861339000,6.1967908800,6.0229013400,47014189,544702222.0000,0.266126,-1.197600
2011-12-29,6.0755951400,6.1440970800,6.1599052200,6.0439788600,31900991,369450306.0000,0.180577,0.952400
2011-12-30,6.1704439800,6.2547540600,6.3021784800,6.1704439800,42877370,509489814.0000,0.242709,1.801000
2012-01-04,6.2969091000,6.1493664600,6.3759498000,6.1282889400,52260617,620703189.0000,0.295824,-1.684900
2012-01-05,6.1651746000,6.2758315800,6.3706804200,6.1493664600,84084702,1006814678.0000,0.475966,2.056600
2012-01-06,6.2863703400,6.3179866200,6.3706804200,6.2442153000,54038134,646295130.0000,0.305886,0.671700
2012-01-09,6.3127172400,6.5234924400,6.5867250000,6.2705622000,96002009,1181631414.0000,0.543424,3.252700
2012-01-10,6.5234924400,6.6183412800,6.6446881800,6.4444517400,89204562,1114071706.0000,0.504947,1.454000
2012-01-11,6.6183412800,6.5814556200,6.6657657000,6.5393005800,38787032,484750529.0000,0.219556,-0.557300
2012-01-12,6.5709168600,6.6499575600,6.7184595000,6.5445699600,41419321,522004928.0000,0.234456,1.040800
2012-01-13,6.6341494200,6.5814556200,6.6973819800,6.5076843000,48155120,603520214.0000,0.272584,-1.030100
2012-01-16,6.5709168600,6.5287618200,6.6288800400,6.5182230600,33593205,418936947.0000,0.190156,-0.800600
2012-01-17,6.5603781000,6.7342676400,6.7448064000,6.4022967000,80951394,1012433208.0000,0.458229,3.147700
2012-01-18,6.6921126000,6.5972637600,6.7289982600,6.5498393400,61443583,772296685.0000,0.347804,-2.034400
2012-01-19,6.5972637600,6.6921126000,6.7606145400,6.5867250000,65060332,826982921.0000,0.368277,1.437700
2012-01-20,6.7395370200,6.8501940000,6.8501940000,6.6973819800,74054727,954640989.0000,0.419190,2.362200
2012-01-30,6.8449246200,6.6921126000,6.8501940000,6.6868432200,52378368,671158256.0000,0.296490,-2.307700
2012-01-31,6.6921126000,6.6657657000,6.7395370200,6.6078025200,30535747,386591229.0000,0.172849,-0.393700
2012-02-01,6.6604963200,6.5709168600,6.6868432200,6.5498393400,40128600,502870456.0000,0.227150,-1.422900
2012-02-02,6.5919943800,6.7816920600,6.7869614400,6.5551087200,58651509,744135901.0000,0.332000,3.207700
2012-02-03,6.7606145400,6.8396552400,6.9028878000,6.7237288800,65138894,845123303.0000,0.368722,0.854700
2012-02-06,6.8449246200,6.7764226800,6.8818102800,6.7079207400,56054581,721459232.0000,0.317300,-0.924500
2012-02-07,6.7289982600,6.7079207400,6.7711533000,6.6604963200,33547056,427096303.0000,0.189895,-1.010900
2012-02-08,6.6921126000,6.8449246200,6.8765409000,6.6815738400,43796313,565073307.0000,0.247911,2.042400
2012-02-09,6.8396552400,6.8449246200,6.8818102800,6.7711533000,43379991,562029588.0000,0.245555,0.000000
2012-02-10,6.8080389600,6.7922308200,6.8607327600,6.7448064000,50538733,652053650.0000,0.286077,-0.769800
2012-02-13,6.6921126000,6.6868432200,6.7869614400,6.6183412800,57035047,726978981.0000,0.322850,-1.551600
2012-02-14,6.6815738400,6.6710350800,6.6868432200,6.6236106600,44728209,564126713.0000,0.253186,-0.236400
2012-02-15,6.6446881800,6.6815738400,6.7448064000,6.6183412800,48476492,615152835.0000,0.274404,0.158000
2012-02-16,6.6921126000,6.6604963200,6.7448064000,6.6394188000,48574036,615538999.0000,0.274956,-0.315500
2012-02-17,6.7289982600,6.6973819800,6.7342676400,6.6710350800,27399853,348684564.0000,0.155098,0.553800
2012-02-20,6.8185777200,6.6868432200,6.8238471000,6.6815738400,49654691,635441465.0000,0.281073,-0.157400
2012-02-21,6.6973819800,6.7184595000,6.7606145400,6.6604963200,38936418,496018030.0000,0.220402,0.472800
2012-02-22,6.7448064000,6.7342676400,6.7448064000,6.6499575600,65585852,833270386.0000,0.371252,0.235300
2012-02-23,6.7342676400,6.6973819800,6.7342676400,6.6763044600,65599268,833923558.0000,0.371328,-0.547700
2012-02-24,6.6973819800,6.7869614400,6.7922308200,6.6657657000,89662443,1143936194.0000,0.507539,1.337500
2012-02-27,6.7975002000,6.7553451600,6.8607327600,6.7448064000,88034299,1135169277.0000,0.498322,-0.465800
2012-02-28,6.7711533000,6.8185777200,6.8607327600,6.7658839200,93061009,1203983392.0000,0.526776,0.936000
2012-02-29,6.8133083400,6.7816920600,6.8396552400,6.7606145400,52017314,671363059.0000,0.294447,-0.541000
2012-03-01,6.7711533000,6.8027695800,6.8291164800,6.7711533000,28275484,365423558.0000,0.160055,0.310800
2012-03-02,6.8027695800,6.8712715200,6.8818102800,6.7816920600,60713474,788822636.0000,0.343672,1.007000
2012-03-05,6.8607327600,6.7816920600,6.8870796600,6.7658839200,71204163,922752715.0000,0.403055,-1.303700
2012-03-06,6.7711533000,6.6288800400,6.7711533000,6.6130719000,77847493,985947629.0000,0.440660,-2.253300
2012-03-07,6.5919943800,6.5393005800,6.6341494200,6.5340312000,54436608,680404646.0000,0.308141,-1.351400
2012-03-08,6.5656474800,6.5656474800,6.6236106600,6.5340312000,51348546,640558269.0000,0.290661,0.402900
2012-03-09,6.5919943800,6.5919943800,6.6183412800,6.5393005800,50386244,629237238.0000,0.285214,0.401300
2012-03-12,6.5761862400,6.5076843000,6.5919943800,6.4655292600,70869695,875848139.0000,0.401161,-1.279000
2012-03-13,6.5076843000,6.5709168600,6.5919943800,6.4971455400,46724501,581687630.0000,0.264486,0.971700
2012-03-14,6.6183412800,6.4866067800,6.6657657000,6.4497211200,95593639,1191708566.0000,0.541112,-1.283100
2012-03-15,6.4918761600,6.4391823600,6.5603781000,6.4233742200,57476750,709688413.0000,0.325350,-0.731100
2012-03-16,6.4549905000,6.4391823600,6.4918761600,6.3706804200,54969381,669730880.0000,0.311157,0.000000
2012-03-19,6.4391823600,6.3917579400,6.4391823600,6.3443335200,54367340,659192747.0000,0.307749,-0.736500
2012-03-20,6.3759498000,6.3337947600,6.4128354600,6.3074478600,54458748,655607045.0000,0.308266,-0.906800
2012-03-21,6.3706804200,6.3232560000,6.3759498000,6.2863703400,44544964,534595722.0000,0.252149,-0.166400
2012-03-22,6.3232560000,6.3496029000,6.4286436000,6.2916397200,36292537,437511567.0000,0.205436,0.416700
2012-03-23,6.3285253800,6.3496029000,6.3654110400,6.3021784800,31958564,384506323.0000,0.180903,0.000000
2012-03-26,6.3601416600,6.3706804200,6.4075660800,6.3285253800,41347179,500165874.0000,0.234048,0.332000
2012-03-27,6.3864885600,6.3390641400,6.4075660800,6.3285253800,28724476,346579569.0000,0.162596,-0.496300
2012-03-28,6.3443335200,6.2178684000,6.3654110400,6.2073296400,42069693,501731389.0000,0.238138,-1.911900
2012-03-29,6.2231377800,6.2284071600,6.2969091000,6.2073296400,51308345,608219818.0000,0.290433,0.169500
2012-03-30,6.2284071600,6.2705622000,6.2863703400,6.2073296400,39187875,465360707.0000,0.221825,0.676800
2012-04-05,6.2442153000,6.2389459200,6.2969091000,6.0914032800,57405900,676640990.0000,0.324949,-0.504200
2012-04-06,6.2336765400,6.2231377800,6.2547540600,6.1651746000,46468361,546423998.0000,0.263036,-0.253400
2012-04-09,6.1862521200,6.1546358400,6.2073296400,6.1177501800,25074587,293312109.0000,0.141936,-1.100800
2012-04-10,6.1651746000,6.2336765400,6.2494846800,6.1440970800,29250721,343351779.0000,0.165575,1.284200
2012-04-11,6.1915215000,6.2020602600,6.2652928200,6.1651746000,41559167,489513051.0000,0.235248,-0.507200
2012-04-12,6.2073296400,6.3285253800,6.3337947600,6.1493664600,64752612,768293175.0000,0.366535,2.039100
2012-04-13,6.3285253800,6.3232560000,6.3864885600,6.2863703400,45910102,551302551.0000,0.259876,-0.083300
2012-04-16,6.3021784800,6.2811009600,6.3337947600,6.2600234400,25471380,304097730.0000,0.144182,-0.666700
2012-04-17,6.2705622000,6.2442153000,6.2969091000,6.2284071600,22383407,265972778.0000,0.126702,-0.587200
2012-04-18,6.2652928200,6.3285253800,6.3337947600,6.2231377800,45899846,549010529.0000,0.259818,1.350200
2012-04-19,6.3232560000,6.3021784800,6.3232560000,6.2758315800,45691192,546431735.0000,0.258637,-0.416300
2012-04-20,6.2863703400,6.4233742200,6.4497211200,6.2811009600,92190483,1117374132.0000,0.521849,1.923100
2012-04-23,6.4233742200,6.3759498000,6.4497211200,6.3548722800,38660794,469866487.0000,0.218841,-0.738300
2012-04-24,6.3759498000,6.4813374000,6.6130719000,6.3654110400,95110505,1172356286.0000,0.538378,1.652900
2012-04-25,6.4655292600,6.4655292600,6.5340312000,6.4391823600,51512921,633930858.0000,0.291591,-0.243900
2012-04-26,6.4866067800,6.4391823600,6.5129536800,6.3864885600,36400008,445601888.0000,0.206044,-0.407500
2012-04-27,6.4760680200,6.4286436000,6.5182230600,6.3917579400,35413878,432485756.0000,0.200462,-0.163700
2012-05-02,6.5076843000,6.5340312000,6.5761862400,6.4813374000,71651380,887759044.0000,0.405586,1.639300
2012-05-03,6.5393005800,6.5076843000,6.5551087200,6.4707986400,45998853,567916036.0000,0.260379,-0.403200
2012-05-04,6.5076843000,6.5393005800,6.5709168600,6.4391823600,62054762,766768142.0000,0.351264,0.485800
2012-05-07,6.4866067800,6.5445699600,6.5603781000,6.4813374000,64377121,795713525.0000,0.364410,0.080600
2012-05-08,6.5340312000,6.5182230600,6.5603781000,6.4707986400,62407886,772462422.0000,0.353263,-0.402600
2012-05-09,6.4760680200,6.3864885600,6.4760680200,6.3601416600,76685775,933525547.0000,0.434084,-2.021000
2012-05-10,6.4233742200,6.3812191800,6.4233742200,6.3285253800,51752022,625641705.0000,0.292945,-0.082500
2012-05-11,6.3601416600,6.3337947600,6.4075660800,6.3285253800,35395383,427334209.0000,0.200357,-0.743200
2012-05-14,6.3917579400,6.2652928200,6.4075660800,6.2389459200,67202716,804800566.0000,0.380404,-1.081500
2012-05-15,6.2442153000,6.2389459200,6.2652928200,6.2020602600,55255360,653203850.0000,0.312776,-0.420500
2012-05-16,6.2284071600,6.1493664600,6.2389459200,6.1388277000,64746524,758737341.0000,0.366501,-1.435800
2012-05-17,6.1651746000,6.2125990200,6.2336765400,6.1440970800,42466887,498658799.0000,0.240386,1.028300
2012-05-18,6.1757133600,6.0914032800,6.1757133600,6.0755951400,68483829,794050301.0000,0.387656,-1.950800
2012-05-21,6.1019420400,6.1335583200,6.1493664600,6.0755951400,46862803,544058576.0000,0.265269,0.692000
2012-05-22,6.1546358400,6.2231377800,6.2336765400,6.1388277000,41172979,484634928.0000,0.233062,1.460500
2012-05-23,6.2125990200,6.1862521200,6.2284071600,6.1651746000,38223073,449537352.0000,0.216364,-0.592700
2012-05-24,6.1809827400,6.1282889400,6.2231377800,6.1177501800,46652779,547128969.0000,0.264080,-0.937000
2012-05-25,6.1388277000,6.1177501800,6.1546358400,6.1019420400,30231103,350720897.0000,0.171125,-0.172000
2012-05-28,6.1230195600,6.1493664600,6.1546358400,6.0808645200,59127181,686073338.0000,0.334692,0.516800
2012-05-29,6.1440970800,6.2073296400,6.2231377800,6.1072114200,61386996,718537025.0000,0.347484,0.942600
2012-05-30,6.2073296400,6.2073296400,6.2073296400,6.2073296400,0,0.0000,,0.000000
2012-05-31,6.0861339000,6.1440970800,6.1546358400,6.0861339000,74554351,865981374.0000,0.422019,-1.018700
2012-06-01,6.1651746000,6.1493664600,6.1809827400,6.1177501800,59686818,696135362.0000,0.337860,0.085800
2012-06-04,6.0966726600,6.0070932000,6.0966726600,5.9912850600,77398721,887681099.0000,0.438119,-2.313600
2012-06-05,6.0229013400,6.0808645200,6.1177501800,5.9965544400,62811449,722339047.0000,0.355547,1.228100
2012-06-06,6.0861339000,6.1546358400,6.1704439800,6.0861339000,68970155,803030022.0000,0.390409,1.213200
2012-06-07,6.2420920600,6.1491712500,6.2420920600,6.1437053200,48697205,550110889.0000,0.275653,-0.088800
2012-06-08,6.1109097400,5.9687955600,6.1109097400,5.9359999800,106658264,1167267859.0000,0.603744,-2.933300
2012-06-11,5.9742614900,5.9851933500,6.0070570700,5.9305340500,34551784,377823767.0000,0.195582,0.274700
2012-06-12,5.9687955600,5.9086703300,5.9687955600,5.8540110300,47223603,510228270.0000,0.267312,-1.278500
2012-06-13,5.9305340500,5.9523977700,5.9851933500,5.8977384700,38013211,413336534.0000,0.215176,0.740100
2012-06-14,5.9305340500,5.9359999800,5.9633296300,5.8868066100,43619884,472733953.0000,0.246912,-0.275500
2012-06-15,5.9414659100,6.0398526500,6.1054438100,5.9359999800,50297608,554896394.0000,0.284712,1.749500
2012-06-18,6.0945119500,6.0398526500,6.0945119500,6.0234548600,26305041,291047336.0000,0.148901,0.000000
2012-06-19,6.0343867200,6.0070570700,6.0781141600,5.9851933500,33400224,368734244.0000,0.189064,-0.543000
2012-06-20,6.0343867200,6.0289207900,6.0781141600,5.9961252100,27268925,301067917.0000,0.154357,0.364000
2012-06-21,6.0289207900,5.9578637000,6.0289207900,5.9359999800,23749957,259603768.0000,0.134438,-1.178600
2012-06-25,5.9523977700,6.0070570700,6.0398526500,5.9414659100,54425437,598573025.0000,0.308078,0.825700
2012-06-26,5.9961252100,6.0070570700,6.0453185800,5.9851933500,44724939,491873011.0000,0.253168,0.000000
2012-06-27,5.9906592800,5.9523977700,6.0125230000,5.9414659100,29439687,321260686.0000,0.166645,-0.909900
2012-06-28,5.9633296300,5.9141362600,5.9851933500,5.9086703300,33836490,368182347.0000,0.191533,-0.642800
2012-06-29,5.9196021900,5.9687955600,6.0125230000,5.8922725400,38125964,414959831.0000,0.215814,0.924200
2012-07-02,5.9906592800,5.9305340500,5.9906592800,5.8977384700,35434997,384038160.0000,0.200582,-0.641000
2012-07-03,5.9305340500,5.9523977700,6.0070570700,5.9086703300,31607869,344822244.0000,0.178918,0.368700
2012-07-04,5.9742614900,5.9742614900,6.0125230000,5.9469318400,25727176,281476904.0000,0.145630,0.367300
2012-07-05,5.9633296300,5.9305340500,5.9851933500,5.9032044000,29503142,320276245.0000,0.167004,-0.731900
2012-07-06,5.7993517300,5.7774880100,5.8157495200,5.7173627800,121860231,1284039859.0000,0.689796,-2.580600
2012-07-09,5.7501583600,5.5479189500,5.7501583600,5.4768618600,134789522,1380906463.0000,0.762983,-3.973500
2012-07-10,5.5424530200,5.5533848800,5.5752486000,5.5041915100,47869636,485118762.0000,0.270968,0.098500
2012-07-11,5.5479189500,5.4987255800,5.5533848800,5.4549981400,50451462,507063597.0000,0.285583,-0.984300
2012-07-12,5.4987255800,5.5151233700,5.5369870900,5.4058047700,81043606,809607588.0000,0.458751,0.298200
2012-07-13,5.5041915100,5.5588508100,5.5916463900,5.4659300000,46206288,468712542.0000,0.261553,0.792900
2012-07-16,5.5697826700,5.5096574400,5.6135101100,5.4987255800,45861210,465617630.0000,0.259600,-0.885000
2012-07-17,5.5096574400,5.5588508100,5.5643167400,5.5041915100,29134030,295683245.0000,0.164915,0.892900
2012-07-18,5.5643167400,5.5260552300,5.5643167400,5.4713959300,34429185,346515677.0000,0.194888,-0.590000
2012-07-19,5.5260552300,5.5205893000,5.5479189500,5.4877937200,44505822,449753597.0000,0.251927,-0.098900
2012-07-20,5.5151233700,5.4604640700,5.5205893000,5.4440662800,48634283,486155924.0000,0.275297,-1.089100
2012-07-23,5.4331344200,5.2964861700,5.4331344200,5.2418268700,78708705,763923571.0000,0.445534,-3.003000
2012-07-24,5.2691565200,5.2418268700,5.3074180300,5.2144972200,59762139,574182443.0000,0.338287,-1.032000
2012-07-25,5.2308950100,5.2363609400,5.2746224500,5.2144972200,29141798,279943231.0000,0.164959,-0.104300
2012-07-26,5.2418268700,5.2418268700,5.2855543100,5.2308950100,29695836,285606220.0000,0.168095,0.104400
2012-07-27,5.2582246600,5.3292817500,5.3894069800,5.2582246600,53176024,518372376.0000,0.301005,1.668400
2012-07-30,5.3566114000,5.3620773300,5.4222025600,5.3292817500,41689292,409827972.0000,0.235984,0.615400
2012-07-31,5.3839410500,5.4222025600,5.4495322100,5.3784751200,41597059,412950989.0000,0.235462,1.121300
2012-08-01,5.4222025600,5.4495322100,5.4659300000,5.3894069800,47866222,475037527.0000,0.270949,0.504000
2012-08-02,5.4440662800,5.4713959300,5.5041915100,5.4276684900,41041273,410615261.0000,0.232316,0.401200
2012-08-03,5.4768618600,5.4659300000,5.4987255800,5.4495322100,25274255,252693207.0000,0.143066,-0.099900
2012-08-06,5.4659300000,5.4713959300,5.5041915100,5.4549981400,30987052,310238159.0000,0.175404,0.100000
2012-08-07,5.4713959300,5.4659300000,5.4932596500,5.4549981400,24008549,240145157.0000,0.135902,-0.099900
2012-08-08,5.4713959300,5.5041915100,5.5151233700,5.4713959300,28736017,289243530.0000,0.162662,0.700000
2012-08-09,5.5205893000,5.5096574400,5.5205893000,5.4659300000,19473829,195833145.0000,0.110233,0.099300
2012-08-10,5.5205893000,5.5588508100,5.5752486000,5.5151233700,27065385,275363371.0000,0.153205,0.892900
2012-08-13,5.5424530200,5.5479189500,5.5752486000,5.5260552300,38715291,393494003.0000,0.219150,-0.196700
2012-08-14,5.5588508100,5.5588508100,5.5971123200,5.5369870900,31553215,321051657.0000,0.178609,0.197000
2012-08-15,5.5588508100,5.4331344200,5.5697826700,5.4276684900,39470371,394577962.0000,0.223424,-2.261600
2012-08-16,5.4058047700,5.4222025600,5.4495322100,5.3839410500,19271916,190896620.0000,0.109090,-0.201200
2012-08-17,5.4222025600,5.4768618600,5.4932596500,5.4167366300,22324063,223357073.0000,0.126366,1.008100
2012-08-20,5.4276684900,5.4003388400,5.4768618600,5.3675432600,25097469,247692968.0000,0.142065,-1.397200
2012-08-21,5.4058047700,5.3620773300,5.4331344200,5.3456795400,36439230,358531814.0000,0.206266,-0.708500
2012-08-22,5.3730091900,5.4058047700,5.4112707000,5.3620773300,33324351,328191886.0000,0.188634,0.815500
2012-08-23,5.4112707000,5.4331344200,5.4495322100,5.3839410500,36770363,365020417.0000,0.208140,0.505600
2012-08-24,5.4003388400,5.4222025600,5.4604640700,5.3948729100,32882966,327024436.0000,0.186136,-0.201200
2012-08-27,5.4167366300,5.3894069800,5.4331344200,5.3511454700,29524573,291275731.0000,0.167125,-0.604800
2012-08-28,5.3784751200,5.4713959300,5.5041915100,5.3620773300,33101509,329951805.0000,0.187373,1.521300
2012-08-29,5.4659300000,5.4768618600,5.4932596500,5.4549981400,25836174,258866506.0000,0.146247,0.099900
2012-08-30,5.4112707000,5.5369870900,5.5479189500,5.4112707000,40629378,410070197.0000,0.229985,1.097801
2012-08-31,5.5369870900,5.5096574400,5.5697826700,5.5041915100,29287124,297407357.0000,0.165781,-0.493600
2012-09-03,5.4987255800,5.4713959300,5.5315211600,5.4659300000,37329440,374981802.0000,0.211305,-0.694400
2012-09-04,5.4713959300,5.3784751200,5.4768618600,5.3566114000,43905130,434354544.0000,0.248527,-1.698300
2012-09-05,5.3784751200,5.3074180300,5.3784751200,5.2308950100,62754362,606649296.0000,0.355224,-1.321100
2012-09-06,5.2855543100,5.3183498900,5.3238158200,5.2636905900,39391305,381180126.0000,0.222976,0.206000
2012-09-07,5.3347476800,5.5533848800,5.5643167400,5.3347476800,94580852,948096863.0000,0.535380,4.419300
2012-09-10,5.5369870900,5.5205893000,5.5697826700,5.4768618600,53268227,537083135.0000,0.301527,-0.590600
2012-09-11,5.5096574400,5.5315211600,5.5315211600,5.4659300000,34448599,346408412.0000,0.194998,0.198000
2012-09-12,5.5479189500,5.5315211600,5.5861804600,5.4823277900,33366528,338007629.0000,0.188873,0.000000
2012-09-13,5.5260552300,5.5315211600,5.5752486000,5.4713959300,42635812,431742856.0000,0.241342,0.000000
2012-09-14,5.5479189500,5.6025782500,5.6463056900,5.5424530200,57192156,585483247.0000,0.323739,1.284600
2012-09-17,5.6025782500,5.5369870900,5.6080441800,5.5260552300,47185018,480998604.0000,0.267093,-1.170700
2012-09-18,5.5205893000,5.4604640700,5.5205893000,5.4440662800,30412407,305847748.0000,0.172151,-1.382000
2012-09-19,5.4549981400,5.3948729100,5.4604640700,5.3730091900,36585950,362159953.0000,0.207097,-1.201200
2012-09-20,5.3948729100,5.3238158200,5.4112707000,5.3128839600,31522857,309091409.0000,0.178437,-1.317100
2012-09-21,5.3238158200,5.3620773300,5.3948729100,5.2910202400,33379500,327072231.0000,0.188946,0.718700
2012-09-24,5.3292817500,5.3894069800,5.4167366300,5.3019521000,33853748,331137645.0000,0.191631,0.509700
2012-09-25,5.3894069800,5.3948729100,5.4058047700,5.3566114000,18479084,181896719.0000,0.104602,0.101400
2012-09-26,5.3894069800,5.3292817500,5.4167366300,5.3292817500,32514269,319732145.0000,0.184049,-1.215800
2012-09-27,5.3566114000,5.5096574400,5.5643167400,5.3347476800,50505901,505686100.0000,0.285891,3.384600
2012-09-28,5.4713959300,5.5533848800,5.5643167400,5.4167366300,38923065,392264624.0000,0.220326,0.793700
2012-10-08,5.5479189500,5.5588508100,5.6572375500,5.5260552300,33008415,337697960.0000,0.186846,0.098400
2012-10-09,5.6189760400,5.6244419700,5.6681694100,5.5752486000,43262374,446295752.0000,0.244889,1.179900
2012-10-10,5.6244419700,5.5807145300,5.6244419700,5.5643167400,23361347,238821187.0000,0.132238,-0.777500
2012-10-11,5.5697826700,5.5752486000,5.5971123200,5.5205893000,24139415,245864855.0000,0.136642,-0.097900
2012-10-12,5.6025782500,5.6627034800,5.6791012700,5.5916463900,40072715,414289777.0000,0.226834,1.568600
2012-10-15,5.6681694100,5.6353738300,5.6736353400,5.5916463900,16006440,164776435.0000,0.090605,-0.482600
2012-10-16,5.6244419700,5.6353738300,5.6736353400,5.5807145300,22984285,236742799.0000,0.130104,0.000000
2012-10-17,5.6408397600,5.6627034800,5.6845672000,5.6080441800,29565374,305863198.0000,0.167356,0.485000
2012-10-18,5.7009649900,5.7337605700,5.7610902200,5.6627034800,37542685,393179674.0000,0.212512,1.254800
2012-10-19,5.7392265000,5.7064309200,5.7392265000,5.6845672000,23865011,249625613.0000,0.135089,-0.476646
2012-10-22,5.6681694100,5.7446924300,5.7665561500,5.6627034800,28758213,301265381.0000,0.162787,0.670500
2012-10-23,5.7446924300,5.7118968500,5.7938858000,5.7009649900,26894888,283013779.0000,0.152240,-0.570900
2012-10-24,5.6845672000,5.7173627800,5.7337605700,5.6845672000,21624867,226046400.0000,0.122409,0.095700
2012-10-25,5.7009649900,5.6681694100,5.7337605700,5.6572375500,19555765,203931727.0000,0.110696,-0.860400
2012-10-26,5.6681694100,5.6189760400,5.7009649900,5.5697826700,24669423,253283832.0000,0.139642,-0.867900
2012-10-29,5.6025782500,5.5315211600,5.6135101100,5.4877937200,22386478,227127315.0000,0.126720,-1.556400
2012-10-30,5.5369870900,5.5041915100,5.5971123200,5.4659300000,30836095,310546559.0000,0.174549,-0.494100
2012-10-31,5.4932596500,5.5096574400,5.5260552300,5.4877937200,20997491,211535310.0000,0.118857,0.099300
2012-11-01,5.5096574400,5.6299079000,5.6845672000,5.5096574400,42058917,432036399.0000,0.238077,2.182500
2012-11-02,5.6189760400,5.6681694100,5.6791012700,5.6025782500,28451332,293882466.0000,0.161050,0.679600
2012-11-05,5.6681694100,5.6954990600,5.7337605700,5.6408397600,26262182,273345099.0000,0.148658,0.482200
2012-11-06,5.7009649900,5.6736353400,5.7228287100,5.5861804600,25616913,264401793.0000,0.145006,-0.383900
2012-11-07,5.6736353400,5.6517716200,5.6736353400,5.6080441800,16517277,170413964.0000,0.093497,-0.385400
2012-11-08,5.6189760400,5.5643167400,5.6408397600,5.5643167400,18380785,188188300.0000,0.104045,-1.547400
2012-11-09,5.5588508100,5.5807145300,5.6025782500,5.5533848800,21043505,214755731.0000,0.119118,0.294700
2012-11-12,5.6025782500,5.6080441800,5.6244419700,5.5752486000,25317439,259350027.0000,0.143311,0.489700
2012-11-13,5.6080441800,5.4987255800,5.6135101100,5.4877937200,19644727,198705309.0000,0.111200,-1.949300
2012-11-14,5.4987255800,5.5096574400,5.5260552300,5.4877937200,15939907,160559555.0000,0.090229,0.198800
2012-11-15,5.4932596500,5.4768618600,5.5151233700,5.4713959300,15095665,151500493.0000,0.085450,-0.595200
2012-11-16,5.4659300000,5.4440662800,5.5041915100,5.4112707000,21561266,214485151.0000,0.122049,-0.598800
2012-11-19,5.4440662800,5.4222025600,5.4549981400,5.4058047700,17315197,171846492.0000,0.098014,-0.401600
2012-11-20,5.4386003500,5.3730091900,5.4768618600,5.3511454700,21542000,212747659.0000,0.121940,-0.907300
2012-11-21,5.3730091900,5.4276684900,5.4331344200,5.3620773300,22234439,219330197.0000,0.125859,1.017300
2012-11-22,5.4112707000,5.4112707000,5.4276684900,5.3894069800,15471082,153066794.0000,0.087575,-0.302100
2012-11-23,5.4331344200,5.4823277900,5.4932596500,5.4058047700,28382847,283347348.0000,0.160662,1.313100
2012-11-26,5.4549981400,5.4604640700,5.4768618600,5.4331344200,18615218,185783024.0000,0.105372,-0.398800
2012-11-27,5.4495322100,5.4495322100,5.4932596500,5.4440662800,31331198,313271104.0000,0.177352,-0.200200
2012-11-28,5.4495322100,5.4495322100,5.4768618600,5.4386003500,28175960,281582422.0000,0.159491,0.000000
2012-11-29,5.4604640700,5.4549981400,5.4877937200,5.4495322100,18213096,182095458.0000,0.103096,0.100300
2012-11-30,5.4549981400,5.4768618600,5.4932596500,5.4112707000,31279090,312092108.0000,0.177057,0.400800
2012-12-03,5.4713959300,5.4167366300,5.4768618600,5.3730091900,35031520,347109875.0000,0.198298,-1.097800
2012-12-04,5.4167366300,5.4549981400,5.4713959300,5.4112707000,23933387,238259790.0000,0.135476,0.706400
2012-12-05,5.4659300000,5.6900331300,5.7118968500,5.4495322100,108218768,1117951131.0000,0.612578,4.308600
2012-12-06,5.6845672000,5.7118968500,5.7720220800,5.6736353400,65843849,689223046.0000,0.372712,0.384200
2012-12-07,5.7173627800,5.9032044000,5.9196021900,5.7064309200,111933473,1198461158.0000,0.633605,3.349300
2012-12-10,5.9305340500,5.9961252100,6.0562504400,5.8758747500,119013339,1301157141.0000,0.673681,1.574100
2012-12-11,5.9961252100,6.0070570700,6.0453185800,5.9523977700,70145022,770027826.0000,0.397059,0.182300
2012-12-12,6.0070570700,6.0398526500,6.1273075300,5.9906592800,67726906,751240813.0000,0.383371,0.546000
2012-12-13,6.0289207900,5.9414659100,6.0453185800,5.9305340500,55584051,609383937.0000,0.314636,-1.629000
2012-12-14,5.9742614900,6.3951381000,6.4224677500,5.9687955600,165003971,1884483350.0000,0.934013,7.635700
2012-12-17,6.4224677500,6.4006040300,6.5263204200,6.3568765900,114367595,1345018068.0000,0.647383,0.085500
2012-12-18,6.3842062400,6.4771270500,6.6028434400,6.3568765900,123379959,1469876906.0000,0.698398,1.195600
2012-12-19,6.4771270500,6.4935248400,6.5864456500,6.4497974000,95351145,1140126076.0000,0.539740,0.253200
2012-12-20,6.4497974000,6.5591160000,6.6028434400,6.4497974000,82884413,988481626.0000,0.469171,1.010100
2012-12-21,6.5700478600,6.5044567000,6.5919115800,6.4880589100,76221363,913082895.0000,0.431455,-0.833300
2012-12-24,6.5317863500,6.7012301800,6.7832191300,6.5153885600,109565552,1345537385.0000,0.620201,3.025200
2012-12-25,6.6793664600,6.9799926100,7.0783793500,6.6793664600,132992447,1679327688.0000,0.752810,4.159900
2012-12-26,6.9745266800,6.9909244700,7.0729134200,6.9362651700,87817696,1127460770.0000,0.497096,0.156600
2012-12-27,7.0237200500,6.8925377300,7.1166408600,6.8816058700,86279794,1106929198.0000,0.488391,-1.407300
2012-12-28,6.9034695900,7.0838452800,7.0947771400,6.8980036600,84917360,1091049715.0000,0.480679,2.775600
2012-12-31,7.0838452800,7.5156537500,7.5429834000,7.0838452800,153712026,2060790726.0000,0.870094,6.095700
2013-01-04,7.5539152600,7.3954032900,7.6359042100,7.2970165500,150033642,2039552876.0000,0.849273,-1.600000
2013-01-07,7.3790055000,7.4336648000,7.5593811900,7.2696869000,99469543,1349911750.0000,0.563052,0.517400
2013-01-08,7.4609944500,7.4281988700,7.5593811900,7.2860846900,103335613,1404489415.0000,0.584936,-0.073500
2013-01-09,7.3571417800,7.3790055000,7.4445966600,7.2751528300,96559071,1302109207.0000,0.546577,-0.662300
2013-01-10,7.3790055000,7.4008692200,7.4883241000,7.3079484100,89269431,1212029376.0000,0.505314,0.296300
2013-01-11,7.3954032900,7.2587550400,7.4555285200,7.1931638800,92040123,1237367216.0000,0.520998,-1.920200
2013-01-14,7.1986298100,7.5648471200,7.6359042100,7.1986298100,157865880,2160111264.0000,0.893608,4.216900
2013-01-15,7.5429834000,7.5375174700,7.5867108400,7.4445966600,106719958,1469440881.0000,0.604094,-0.361300
2013-01-16,7.5156537500,7.3899373600,7.5539152600,7.2915506200,90299892,1231280278.0000,0.511147,-1.957900
2013-01-17,7.3954032900,7.2259594600,7.4008692200,7.2095616700,117049830,1558604727.0000,0.662566,-2.218900
2013-01-18,7.3024824800,7.3079484100,7.3790055000,7.2204935300,110808831,1480397212.0000,0.627239,1.134600
2013-01-21,7.3352780600,7.4172670100,7.4883241000,7.2751528300,114885955,1552341580.0000,0.650318,1.495900
2013-01-22,7.4172670100,7.6523020000,7.7014953700,7.3188802700,175753485,2425268563.0000,0.994861,3.168800
2013-01-23,7.5976427000,7.6523020000,7.7124272300,7.5156537500,89490096,1246132644.0000,0.506563,0.000000
2013-01-24,7.6523020000,7.4719263100,7.9255985000,7.4063351500,196485221,2756417941.0000,1.112214,-2.357100
2013-01-25,7.5101878200,7.3626077100,7.5593811900,7.3352780600,90587116,1229494809.0000,0.512773,-1.463100
2013-01-28,7.3790055000,7.7506887400,7.8381436200,7.3790055000,151705864,2131062253.0000,0.858738,5.271000
2013-01-29,7.7561546700,7.9802578000,8.0895764000,7.6741657200,190625562,2746660145.0000,1.079045,2.961900
2013-01-30,7.9857237300,7.8600073400,8.0021215200,7.7616206000,127814353,1836901396.0000,0.723499,-1.506800
2013-01-31,7.8873369900,7.8162799000,7.9201325700,7.6686997900,116264671,1653013127.0000,0.658122,-0.556300
2013-02-01,7.7616206000,8.0786445400,8.1114401200,7.7342909500,168931689,2451809625.0000,0.956246,3.356600
2013-02-04,8.0731786100,7.9638600100,8.2043609300,7.9037347800,165969012,2448320866.0000,0.939476,-1.420800
2013-02-05,7.8709392000,7.8709392000,7.9474622200,7.7670865300,121449786,1743222914.0000,0.687472,-1.166800
2013-02-06,7.8709392000,7.8545414100,7.9365303600,7.7233590900,93528960,1337984884.0000,0.529425,-0.208300
2013-02-07,7.8545414100,7.7288250200,7.8545414100,7.4937900300,162817793,2287383272.0000,0.921638,-1.600600
2013-02-08,7.6960294400,7.6741657200,7.7506887400,7.5757789800,93929728,1319909435.0000,0.531694,-0.707200
2013-02-18,7.7233590900,7.6249723500,7.7998821100,7.5812449100,86439411,1215568530.0000,0.489295,-0.641000
2013-02-19,7.6085745600,7.5593811900,7.6850975800,7.4992559600,80257524,1115544740.0000,0.454302,-0.860200
2013-02-20,7.5757789800,7.5648471200,7.6031086300,7.3407439900,110823616,1509286637.0000,0.627323,0.072300
2013-02-21,7.4664603800,7.3134143400,7.4773922400,7.0783793500,130621607,1735828988.0000,0.739390,-3.323700
2013-02-22,7.2970165500,7.1439705100,7.3134143400,7.1057090000,81360028,1071160054.0000,0.460542,-2.316900
2013-02-25,7.1876979500,7.1275727200,7.2478231800,7.1002430700,70980507,929263409.0000,0.401789,-0.229500
2013-02-26,7.0455837700,6.9471970300,7.2587550400,6.9144014500,225425396,2929255224.0000,1.276032,-2.530700
2013-02-27,6.9745266800,7.0182541200,7.1057090000,6.8761399400,144114992,1843217552.0000,0.815770,1.022800
2013-02-28,7.0510497000,7.2696869000,7.2806187600,6.9854585400,169686196,2213328399.0000,0.960517,3.582600
2013-03-01,7.2696869000,7.1439705100,7.3079484100,7.0018563300,127952678,1676102123.0000,0.724282,-1.729300
2013-03-04,7.0237200500,6.7066961100,7.1057090000,6.6520368100,174787313,2202216042.0000,0.989392,-6.120900
2013-03-05,6.7394916900,7.3024824800,7.3626077100,6.7394916900,217489127,2799557374.0000,1.231108,8.883500
2013-03-06,7.3079484100,7.3516758500,7.4336648000,7.1822320200,152953415,2050199178.0000,0.865800,0.673700
2013-03-07,7.3079484100,7.1658342300,7.3079484100,7.1002430700,88818956,1171202325.0000,0.502764,-2.527900
2013-03-08,7.1876979500,7.2860846900,7.3680736400,7.0674474900,92994368,1230262753.0000,0.526399,1.678100
2013-03-11,7.2204935300,7.1713001600,7.2314253900,7.0838452800,48343688,634664600.0000,0.273652,-1.575400
2013-03-12,7.1713001600,7.0510497000,7.2696869000,6.9690607500,69609902,906390226.0000,0.394030,-1.676800
2013-03-13,7.0510497000,6.9253333100,7.1221067900,6.8870718000,65982796,843335588.0000,0.373499,-1.782900
2013-03-14,6.9089355200,6.9253333100,7.0401178400,6.8597421500,47569824,603557988.0000,0.269271,0.000000
2013-03-15,6.9307992400,6.8706740100,7.2095616700,6.7996169200,136157293,1735409883.0000,0.770725,-0.789300
2013-03-18,6.8214806400,6.8214806400,6.9417311000,6.7777532000,65953714,827700032.0000,0.373334,-0.716000
2013-03-19,6.8050828500,6.8870718000,6.9253333100,6.8050828500,54739579,686425600.0000,0.309856,0.961500
2013-03-20,6.9034695900,7.1822320200,7.1986298100,6.8925377300,134323321,1745000320.0000,0.760344,4.285700
2013-03-21,7.1822320200,7.1767660900,7.2259594600,7.1385045800,64556357,848701312.0000,0.365424,-0.076100
2013-03-22,7.2095616700,7.1767660900,7.2423572500,7.1330386500,44108735,579895296.0000,0.249680,0.000000
2013-03-25,7.2150276000,7.0947771400,7.2587550400,7.0729134200,55900140,730187072.0000,0.316425,-1.142400
2013-03-26,7.0510497000,6.9362651700,7.0783793500,6.8761399400,61902647,786734080.0000,0.350403,-2.234200
2013-03-27,6.9198673800,6.9799926100,7.0619815600,6.9198673800,45729310,584254912.0000,0.258853,0.630400
2013-03-28,6.7777532000,6.6301730900,6.7777532000,6.3951381000,126617155,1535552256.0000,0.716723,-5.011700
2013-03-29,6.6629686700,6.9034695900,6.9635948200,6.6247071600,102332903,1272875648.0000,0.579260,4.122000
2013-04-01,6.8269465700,6.7777532000,6.8925377300,6.7449576200,41277653,513973440.0000,0.233654,-1.821100
2013-04-02,6.8214806400,6.8652080800,6.9690607500,6.7613554100,55765379,700652096.0000,0.315663,1.290300
2013-04-03,6.8870718000,6.9909244700,7.0947771400,6.8761399400,63290889,808928704.0000,0.358261,1.831200
2013-04-08,6.7996169200,6.8925377300,6.9362651700,6.7777532000,51753967,650242816.0000,0.292956,-1.407400
2013-04-09,6.9362651700,6.8816058700,6.9854585400,6.8378784300,48341348,611102720.0000,0.273639,-0.158600
2013-04-10,6.8761399400,6.7996169200,6.9144014500,6.7668213400,30295476,377830464.0000,0.171489,-1.191400
2013-04-11,6.8652080800,6.7722872700,6.9089355200,6.7558894800,33431483,416800064.0000,0.189241,-0.401900
2013-04-12,6.7722872700,6.7121620400,6.8105487800,6.7012301800,28710372,354460000.0000,0.162516,-0.887818
2013-04-15,6.7230939000,6.6957642500,6.7777532000,6.6629686700,33325316,408924608.0000,0.188640,-0.244300
2013-04-16,6.6684346000,6.7504235500,6.7777532000,6.6356390200,55597507,681018176.0000,0.314712,0.816330
2013-04-17,6.7394916900,6.6465708800,6.7504235500,6.6137753000,43182874,525913408.0000,0.244439,-1.538500
2013-04-18,6.5864456500,6.6465708800,6.7230939000,6.5645819300,57567757,697392896.0000,0.325865,0.000000
2013-04-19,6.6739005300,6.8980036600,7.0182541200,6.6411049500,159685249,1988992512.0000,0.903906,3.782895
2013-04-22,6.8488102900,6.8816058700,6.9089355200,6.8433443600,59032937,742446976.0000,0.334159,-0.237700
2013-04-23,6.9144014500,6.6356390200,6.9144014500,6.5864456500,85782677,1047585600.0000,0.485577,-3.574300
2013-04-24,6.6411049500,6.7230939000,6.8050828500,6.6028434400,50028546,612410048.0000,0.283189,1.318000
2013-04-25,6.6902983200,6.6793664600,6.7504235500,6.6028434400,49654384,605731456.0000,0.281071,-0.650400
2013-04-26,6.7121620400,6.6411049500,6.7449576200,6.6192412300,33018250,403023232.0000,0.186901,-0.572837
2013-05-02,6.6137753000,6.6137753000,6.6247071600,6.5317863500,46973420,565173888.0000,0.265895,-0.411500
2013-05-03,6.6465708800,6.7504235500,6.8597421500,6.6247071600,68956539,855915328.0000,0.390332,2.066116
2013-05-06,6.7777532000,6.8488102900,6.9144014500,6.7668213400,50270560,630075264.0000,0.284559,1.457500
2013-05-07,6.8160147100,6.8269465700,6.8488102900,6.7668213400,36789009,458536448.0000,0.208246,-0.319200
2013-05-08,6.8214806400,6.8324125000,6.9144014500,6.7996169200,54553571,683945984.0000,0.308803,0.080100
2013-05-09,6.8542762200,6.7394916900,6.8761399400,6.6902983200,44652235,553251648.0000,0.252756,-1.360000
2013-05-10,6.7777532000,6.9690607500,6.9854585400,6.7613554100,97604084,1232382720.0000,0.552493,3.406300
2013-05-13,6.9635948200,7.2095616700,7.2204935300,6.8816058700,174515142,2271013376.0000,0.987852,3.451000
2013-05-14,7.2040957400,7.2860846900,7.3024824800,7.1603683000,152786050,2025053952.0000,0.864853,1.061400
2013-05-15,7.2806187600,7.4281988700,7.4609944500,7.2423572500,109663142,1476330880.0000,0.620754,1.950500
2013-05-16,7.4063351500,7.5812449100,7.6195064200,7.3298121300,151766853,2083974656.0000,0.859084,2.060300
2013-05-17,7.5812449100,7.5757789800,7.6140404900,7.4445966600,101619270,1401815040.0000,0.575221,-0.072100
2013-05-20,7.5757789800,7.5757789800,7.7069613000,7.4555285200,124578797,1728294016.0000,0.705184,0.000000
2013-05-21,7.5429834000,7.4172670100,7.5484493300,7.3571417800,106905782,1454002688.0000,0.605145,-2.092352
2013-05-22,7.4227329400,7.6468360700,7.6523020000,7.4227329400,140450104,1939563904.0000,0.795025,3.095100
2013-05-23,7.5976427000,7.3899373600,7.6249723500,7.3844714300,104392717,1430513408.0000,0.590920,-3.359500
2013-05-24,7.4172670100,7.3844714300,7.4992559600,7.3352780600,55498940,752285760.0000,0.314154,-0.074000
2013-05-27,7.3680736400,7.3188802700,7.4172670100,7.2806187600,49964608,671859968.0000,0.282827,-0.888200
2013-05-28,7.2970165500,7.5211196800,7.5429834000,7.2806187600,85149220,1153115648.0000,0.481991,2.763300
2013-05-29,7.5375174700,7.4391307300,7.5921767700,7.4227329400,59622733,819883072.0000,0.337497,-1.090100
2013-05-30,7.4227329400,7.4227329400,7.4828581700,7.3516758500,46826224,635522368.0000,0.265062,-0.220400
2013-05-31,7.4281988700,7.4227329400,7.5539152600,7.3954032900,45658535,624284288.0000,0.258452,0.000000
2013-06-03,7.4227329400,7.5265856100,7.5921767700,7.4172670100,70140471,965797120.0000,0.397034,1.399100
2013-06-04,7.5101878200,7.5156537500,7.5921767700,7.4336648000,78089914,1073577728.0000,0.442032,-0.145200
2013-06-05,7.5156537500,7.3024824800,7.5211196800,7.2095616700,61817060,832117504.0000,0.349918,-2.836400
2013-06-06,7.2915506200,7.2040957400,7.3188802700,7.1111749300,67156041,881621888.0000,0.380140,-1.347300
2013-06-07,7.2040957400,7.1986298100,7.2915506200,7.1603683000,68048619,898343488.0000,0.385193,-0.075900
2013-06-13,7.1182572000,7.0723329600,7.1182572000,6.7853064600,81035312,978996608.0000,0.458704,-1.754400
2013-06-14,7.0321492500,7.0091871300,7.0608519000,6.9575223600,58036665,708580352.0000,0.328519,-0.892900
2013-06-17,7.0206681900,6.9460413000,7.0723329600,6.9403007700,31388706,382560896.0000,0.177677,-0.900900
2013-06-18,6.9690034200,7.0034466000,7.0665924300,6.9632628900,34491029,422338624.0000,0.195238,0.826400
2013-06-19,7.0034466000,6.8771549400,7.0034466000,6.8312307000,39840016,478168064.0000,0.225516,-1.803300
2013-06-20,6.8656738800,6.5843879100,6.8656738800,6.5442042000,63295614,736010496.0000,0.358288,-4.257100
2013-06-21,6.4867989000,6.7221606300,6.7566038100,6.4179125400,70320815,813131648.0000,0.398054,2.092400
2013-06-24,6.6762363900,6.2743992900,6.6762363900,6.1768102800,118147118,1301685376.0000,0.668778,-6.661000
2013-06-25,6.1997724000,6.2686587600,6.3318045900,5.7405300000,128040668,1368236800.0000,0.724780,-0.091500
2013-06-26,6.3318045900,6.1194049800,6.3375451200,6.0447780900,93892918,1006917504.0000,0.531485,-2.381000
2013-06-27,6.1653292200,6.2686587600,6.3031019400,6.1366265700,72290048,783616960.0000,0.409201,2.439000
2013-06-28,6.2686587600,6.6590148000,6.6819769200,6.2284750500,116872092,1327338624.0000,0.661560,6.227100
2013-07-01,6.6016095000,6.5327231400,6.6647553300,6.4293936000,48482145,551215424.0000,0.274436,-1.896600
2013-07-02,6.5327231400,6.4351341300,6.5786473800,6.3260640600,63906564,714282176.0000,0.361746,-1.493800
2013-07-03,6.4179125400,6.5155015500,6.5729068500,6.2973614100,60519634,675330176.0000,0.342574,1.248900
2013-07-04,6.4638367800,6.4523557200,6.5958689700,6.3719883000,53058539,599276032.0000,0.300340,-0.969200
2013-07-05,6.4580962500,6.4695773100,6.5155015500,6.3892098900,37591500,423780608.0000,0.212789,0.266900
2013-07-08,6.4006909500,6.3318045900,6.4408746600,6.3031019400,46495080,514504512.0000,0.263188,-2.129500
2013-07-09,6.3260640600,6.4064314800,6.4580962500,6.3031019400,49418897,548827328.0000,0.279738,1.178600
2013-07-10,6.4293936000,6.4982799600,6.5155015500,6.3490261800,41429765,463874304.0000,0.234515,1.433700
2013-07-11,6.5155015500,6.9747439500,7.1354787900,6.5155015500,160521711,1916691200.0000,0.908641,7.332200
2013-07-12,6.8886360000,6.6704958600,6.9517818300,6.6016095000,90111931,1063540480.0000,0.510083,-4.362100
2013-07-15,6.7393822200,6.6877174500,6.8369712300,6.6303121500,67469648,789286784.0000,0.381915,0.258200
2013-07-16,6.6819769200,6.6762363900,6.6819769200,6.5499447300,61861194,712310016.0000,0.350168,-0.171700
2013-07-17,6.6590148000,6.5442042000,6.6877174500,6.5327231400,52624793,605064960.0000,0.297885,-1.977600
2013-07-18,6.5212420800,6.4179125400,6.6016095000,6.3777288300,53560319,599859968.0000,0.303181,-1.929800
2013-07-19,6.4293936000,6.2686587600,6.4753178400,6.2456966400,55832848,617765440.0000,0.316045,-2.325600
2013-07-22,6.1423671000,6.2284750500,6.2514371700,6.0677402100,56804354,610322304.0000,0.321544,-0.641000
2013-07-23,6.2686587600,6.3490261800,6.4810583700,6.2055129300,55201375,613854016.0000,0.312470,1.935500
2013-07-24,6.2284750500,6.2571777000,6.3375451200,6.1308860400,64957735,703058432.0000,0.367696,-1.446700
2013-07-25,6.2801398200,6.2169939900,6.3490261800,6.1710697500,41472019,450454016.0000,0.234754,-0.642200
2013-07-26,6.1997724000,6.1653292200,6.1997724000,6.1136644500,30576489,328006272.0000,0.173080,-0.831000
2013-07-29,6.0849618000,6.0218159700,6.0907023300,5.9701512000,46625262,488458880.0000,0.263925,-2.327700
2013-07-30,6.0734807400,6.1308860400,6.1940318700,6.0390375600,49021261,521396800.0000,0.277487,1.811200
2013-07-31,6.1997724000,6.0849618000,6.2858803500,6.0677402100,33973038,363813568.0000,0.192306,-0.749100
2013-08-01,6.1366265700,6.2399561100,6.2571777000,6.1021833900,47089860,508365120.0000,0.266554,2.547200
2013-08-02,6.2743992900,6.2055129300,6.3490261800,6.1825508100,36088537,394147520.0000,0.204281,-0.552000
2013-08-05,6.2112534600,6.2284750500,6.2571777000,6.1538481600,29081460,313861696.0000,0.164617,0.370000
2013-08-06,6.1882913400,6.1768102800,6.2456966400,6.1308860400,40097631,431419264.0000,0.226975,-0.829500
2013-08-07,6.1768102800,6.1538481600,6.2629182300,6.1423671000,38069382,411065856.0000,0.215494,-0.371700
2013-08-08,6.1423671000,6.1710697500,6.2743992900,6.1366265700,42651729,460570976.0000,0.241432,0.279900
2013-08-09,6.2227345200,6.1366265700,6.2571777000,6.0562591500,42253602,452598144.0000,0.239179,-0.558100
2013-08-12,6.1997724000,6.3432856500,6.3490261800,6.1366265700,81975023,896354816.0000,0.464024,3.367600
2013-08-13,6.3432856500,6.4006909500,6.4351341300,6.3260640600,65007181,723604800.0000,0.367976,0.905000
2013-08-14,6.4179125400,6.4006909500,6.5097610200,6.3777288300,54414111,610890304.0000,0.308014,0.000000
2013-08-15,6.4006909500,6.3375451200,6.4523557200,6.3318045900,39585571,442036416.0000,0.224076,-0.986500
2013-08-16,6.3203235300,6.3088424700,6.9690034200,6.1768102800,151349940,1708117888.0000,0.856724,-0.452900
2013-08-19,6.2342155800,6.3834693600,6.4580962500,6.1940318700,68019220,749488384.0000,0.385026,1.182900
2013-08-20,6.3662477700,6.3318045900,6.5212420800,6.2973614100,81543907,910438144.0000,0.461583,-0.809400
2013-08-21,6.3777288300,6.2743992900,6.3892098900,6.2399561100,39480926,432670080.0000,0.223484,-0.906600
2013-08-22,6.2571777000,6.2629182300,6.4006909500,6.2456966400,46575028,512270688.0000,0.263640,-0.183000
2013-08-23,6.2571777000,6.0619996800,6.3088424700,5.9414485500,118158969,1255450624.0000,0.668845,-3.208100
2013-08-26,6.0332970300,6.1423671000,6.1481076300,5.9529296100,132250073,1391616256.0000,0.748608,1.325800
2013-08-27,6.0849618000,6.1194049800,6.1423671000,6.0390375600,103525523,1096806144.0000,0.586011,-0.373800
2013-08-28,6.1194049800,6.1194049800,6.1194049800,6.1194049800,0,0.0000,,0.000000
2013-08-29,6.1194049800,6.1194049800,6.1194049800,6.1194049800,0,0.0000,,0.000000
2013-08-30,6.1194049800,6.1194049800,6.1194049800,6.1194049800,0,0.0000,,0.000000
2013-09-02,6.1194049800,6.1194049800,6.1194049800,6.1194049800,0,0.0000,,0.000000
2013-09-03,6.1194049800,6.1194049800,6.1194049800,6.1194049800,0,0.0000,,0.000000
2013-09-04,6.1194049800,6.1194049800,6.1194049800,6.1194049800,0,0.0000,,0.000000
2013-09-05,6.2598103000,6.2364091400,6.2890617500,6.2071576900,117901460,1260903552.0000,0.571534,1.912000
2013-09-06,6.2188582700,6.3709658100,6.4119178400,6.2071576900,81162153,872375296.0000,0.393438,2.157600
2013-09-09,6.4645704500,6.7746358200,6.8331387200,6.4411692900,226690991,2589324288.0000,1.098898,6.336100
2013-09-10,6.7746358200,6.8038872700,6.8799410400,6.6927317600,138818280,1611118464.0000,0.672930,0.431800
2013-09-11,6.7921866900,6.7980369800,6.9267433600,6.7453843700,136234354,1589758704.0000,0.660404,-0.086000
2013-09-12,6.7921866900,6.9676953900,7.1315035100,6.7161329200,192631522,2285151056.0000,0.933792,2.495700
2013-09-13,6.9384439400,6.9150427800,7.0378988700,6.8506895900,114843023,1360865440.0000,0.556708,-0.755700
2013-09-16,7.0086474200,6.8155878500,7.0203480000,6.7278335000,105856388,1237443680.0000,0.513145,-1.438200
2013-09-17,6.8740907500,6.5464745100,6.8740907500,6.5406242200,110665606,1258523712.0000,0.536458,-3.948500
2013-09-18,6.5815762500,6.5230733500,6.6225282800,6.4821213200,67293585,757308656.0000,0.326210,-0.357500
2013-09-23,6.5581750900,6.5464745100,6.6342288600,6.4821213200,79801735,893657024.0000,0.386844,0.358700
2013-09-24,6.5523248000,6.3651155200,6.5523248000,6.3300137800,82797426,905216784.0000,0.401365,-2.770300
2013-09-25,6.3651155200,6.3417143600,6.4704207400,6.3241634900,65975845,719786128.0000,0.319822,-0.367600
2013-09-26,6.3300137800,6.2949120400,6.3358640700,6.2071576900,60827755,650682192.0000,0.294866,-0.738000
2013-09-27,6.2773611700,6.3183132000,6.3241634900,6.2598103000,34902841,375127104.0000,0.169194,0.371700
2013-09-30,6.3651155200,6.3885166800,6.4177681300,6.3417143600,42535131,464022336.0000,0.206192,1.111100
2013-10-08,6.3943669700,6.3826663900,6.4119178400,6.2656605900,49739786,540080432.0000,0.241116,-0.091600
2013-10-09,6.3768161000,6.4119178400,6.4938219000,6.3300137800,49703417,544836800.0000,0.240940,0.458300
2013-10-10,6.4119178400,6.3066126200,6.4177681300,6.2715108800,50014868,541470736.0000,0.242450,-1.642300
2013-10-11,6.3709658100,6.4002172600,6.4470195800,6.3241634900,74539537,814697872.0000,0.361335,1.484200
2013-10-14,6.4060675500,6.3183132000,6.4236184200,6.2949120400,62165189,674276672.0000,0.301349,-1.279700
2013-10-15,6.3358640700,6.2773611700,6.3475646500,6.2598103000,57593115,619820032.0000,0.279186,-0.648100
2013-10-16,6.2773611700,6.2773611700,6.3300137800,6.2481097200,51254152,550416976.0000,0.248457,0.000000
2013-10-17,6.3066126200,6.2013074000,6.3183132000,6.1954571100,45498178,486115184.0000,0.220555,-1.211600
2013-10-18,6.2188582700,6.2188582700,6.2715108800,6.2013074000,32417605,345615776.0000,0.157146,0.283000
2013-10-21,6.2188582700,6.2949120400,6.3183132000,6.1720559500,48094672,513801824.0000,0.233142,1.223000
2013-10-22,6.2832114600,6.2188582700,6.2949120400,6.2013074000,41517120,442237056.0000,0.201257,-1.208200
2013-10-23,6.2481097200,6.2481097200,6.3768161000,6.2188582700,64499410,693735312.0000,0.312665,0.470400
2013-10-24,6.2481097200,6.2188582700,6.2890617500,6.2013074000,52902784,563986320.0000,0.256449,-0.468200
2013-10-25,6.2013074000,6.2071576900,6.3066126200,6.1720559500,64707867,690208816.0000,0.313675,-0.188100
2013-10-28,6.2130079800,6.2130079800,6.2247085600,6.1720559500,29512278,312652832.0000,0.143062,0.094300
2013-10-29,6.2247085600,6.3475646500,6.4704207400,6.2247085600,138530887,1502964672.0000,0.671536,2.165700
2013-10-30,6.3768161000,6.3826663900,6.3885166800,6.2890617500,78734196,855045328.0000,0.381669,0.553000
2013-10-31,6.3826663900,6.2832114600,6.3885166800,6.2773611700,69779221,754370320.0000,0.338259,-1.558200
2013-11-01,6.3592652300,6.3826663900,6.4060675500,6.3124629100,68540522,746239952.0000,0.332254,1.582900
2013-11-04,6.4294687100,6.3183132000,6.4411692900,6.3124629100,40641767,442218800.0000,0.197013,-1.008200
2013-11-05,6.3124629100,6.2890617500,6.3124629100,6.1896068200,64112426,685035392.0000,0.310789,-0.463000
2013-11-06,6.2422594300,6.2130079800,6.2715108800,6.2071576900,49210076,524440976.0000,0.238549,-1.209300
2013-11-07,6.2130079800,6.2598103000,6.2656605900,6.2071576900,38116328,406577744.0000,0.184771,0.753300
2013-11-08,6.2481097200,6.1896068200,6.2773611700,6.1779062400,43305319,461067440.0000,0.209925,-1.121500
2013-11-11,6.2013074000,6.1603553700,6.2305588500,6.1486547900,42903448,453035056.0000,0.207977,-0.472600
2013-11-12,6.1896068200,6.2481097200,6.2539600100,6.1603553700,58961249,625010624.0000,0.285818,1.424500
2013-11-13,6.1954571100,6.0433495700,6.2130079800,6.0374992800,85772647,892881152.0000,0.415788,-3.277200
2013-11-14,6.0843016000,6.0023975400,6.0843016000,5.9906969600,49775908,512375168.0000,0.241292,-0.677600
2013-11-15,6.0316489900,6.0550501500,6.1603553700,6.0199484100,77615898,808827136.0000,0.376248,0.877200
2013-11-18,6.1077027600,6.6342288600,6.6634803100,6.0901518900,273536096,2978026016.0000,1.325982,9.565200
2013-11-19,6.6108277000,6.4470195800,6.6342288600,6.3943669700,140792727,1563731728.0000,0.682501,-2.821900
2013-11-20,6.4996721900,6.4060675500,6.5347739300,6.3592652300,91608000,1006411296.0000,0.444075,-0.635200
2013-11-21,6.3768161000,6.4177681300,6.4236184200,6.2832114600,101948917,1107262496.0000,0.494203,0.182600
2013-11-22,6.4236184200,6.4236184200,6.4645704500,6.3651155200,99751019,1093041280.0000,0.483549,0.091200
2013-11-25,6.4060675500,6.3300137800,6.4645704500,6.3241634900,55419953,606068144.0000,0.268651,-1.457200
2013-11-26,6.3417143600,6.3358640700,6.3826663900,6.3183132000,45184778,489637488.0000,0.219036,0.092400
2013-11-27,6.3417143600,6.3534149400,6.4353190000,6.2949120400,72902148,793518320.0000,0.353397,0.277000
2013-11-28,6.3709658100,6.3943669700,6.4762710300,6.3417143600,71508499,784421792.0000,0.346642,0.644600
2013-11-29,6.4294687100,6.3826663900,6.4470195800,6.3651155200,48143873,526013152.0000,0.233380,-0.183000
2013-12-02,6.3768161000,6.5172230600,6.5815762500,6.3651155200,130731773,1448882896.0000,0.633730,2.108200
2013-12-03,6.4938219000,6.4938219000,6.5230733500,6.4411692900,58863295,652339424.0000,0.285343,-0.359100
2013-12-04,6.4762710300,6.5113727700,6.5815762500,6.4528698700,83213232,928299360.0000,0.403381,0.270300
2013-12-05,6.5113727700,6.4587201600,6.5230733500,6.4294687100,62644771,691618304.0000,0.303674,-0.808600
2013-12-06,6.4353190000,6.4236184200,6.4411692900,6.3592652300,61369549,670861168.0000,0.297492,-0.543500
2013-12-09,6.4236184200,6.3768161000,6.4411692900,6.3651155200,50928252,556052384.0000,0.246878,-0.728600
2013-12-10,6.4938219000,6.4879716100,6.5406242200,6.4294687100,101602574,1124642448.0000,0.492524,1.743100
2013-12-11,6.4996721900,6.4470195800,6.5406242200,6.4353190000,110548783,1225071504.0000,0.535892,-0.631200
2013-12-12,6.4353190000,6.3885166800,6.5289236400,6.3885166800,79924552,883957360.0000,0.387439,-0.907400
2013-12-13,6.2949120400,6.2598103000,6.3417143600,6.2305588500,97408282,1045591552.0000,0.472192,-2.014700
2013-12-16,6.2656605900,6.2130079800,6.3300137800,6.2071576900,87015742,932522224.0000,0.421814,-0.747700
2013-12-17,6.2305588500,6.2188582700,6.2832114600,6.2071576900,57884914,617628976.0000,0.280600,0.094200
2013-12-18,6.2188582700,6.3124629100,6.3534149400,6.2130079800,74702559,803345568.0000,0.362125,1.505200
2013-12-19,6.3417143600,6.2598103000,6.3651155200,6.2481097200,65703814,707572720.0000,0.318503,-0.834100
2013-12-20,6.2773611700,6.0433495700,6.2890617500,6.0257987000,103316528,1084806736.0000,0.500833,-3.457900
2013-12-23,6.0901518900,6.0082478300,6.1135530500,5.9965472500,78142541,808123248.0000,0.378800,-0.580800
2013-12-24,6.0550501500,5.9497449300,6.0609004400,5.9087929000,91931959,942523744.0000,0.445645,-0.973700
2013-12-25,5.9731460900,6.0316489900,6.0316489900,5.9029426100,94276714,958772192.0000,0.457012,1.376600
2013-12-26,6.0199484100,5.9380443500,6.0257987000,5.9380443500,51417497,524651648.0000,0.249249,-1.551900
2013-12-27,5.9731460900,6.0316489900,6.0901518900,5.9438946400,70565493,727168144.0000,0.342070,1.576400
2013-12-30,6.0667507300,6.2013074000,6.2247085600,6.0199484100,104179954,1085120192.0000,0.505018,2.812800
2013-12-31,6.1252536300,6.3709658100,6.5055224800,6.1194033400,296546960,3237763040.0000,1.437529,2.735800
2014-01-02,6.3417143600,6.2773611700,6.3534149400,6.2422594300,53256490,571763440.0000,0.258164,-1.469200
2014-01-03,6.2305588500,6.1486547900,6.2481097200,6.0843016000,58529809,615117104.0000,0.283727,-2.050300
2014-01-06,6.1428045000,6.1194033400,6.1545050800,6.0374992800,65397030,680128048.0000,0.317016,-0.475700
2014-01-07,6.0433495700,6.1545050800,6.1662056600,6.0140981200,54256386,566113072.0000,0.263011,0.573600
2014-01-08,6.1545050800,6.2188582700,6.2539600100,6.1194033400,49293748,522881088.0000,0.238954,1.045600
2014-01-09,6.2071576900,6.2598103000,6.2949120400,6.2071576900,48223379,515210320.0000,0.233766,0.658500
2014-01-10,6.2539600100,6.3183132000,6.3300137800,6.2071576900,62914098,676364240.0000,0.304980,0.934600
2014-01-13,6.3300137800,6.3651155200,6.4236184200,6.2773611700,77971600,848646192.0000,0.377972,0.740700
2014-01-14,6.3475646500,6.2890617500,6.3885166800,6.2305588500,44867887,482287728.0000,0.217500,-1.194900
2014-01-15,6.2715108800,6.1954571100,6.2890617500,6.1603553700,35573395,377633072.0000,0.172444,-1.488400
2014-01-16,6.1954571100,6.1720559500,6.2188582700,6.1545050800,27592438,291872544.0000,0.133756,-0.377700
2014-01-17,6.1603553700,6.1837565300,6.1896068200,6.0901518900,51874534,543888512.0000,0.251465,0.189600
2014-01-20,6.1486547900,6.1252536300,6.2013074000,6.0960021800,27537862,289251392.0000,0.133491,-0.946100
2014-01-21,6.1662056600,6.1603553700,6.2481097200,6.1311039200,25159217,266298797.0000,0.121961,0.573100
2014-01-22,6.1779062400,6.2598103000,6.3066126200,6.1311039200,50123656,533545792.0000,0.242977,1.614400
2014-01-23,6.2422594300,6.1545050800,6.2656605900,6.1369542100,38634112,408076176.0000,0.187281,-1.682200
2014-01-24,6.1311039200,6.1018524700,6.1779062400,6.0784513100,52264195,546511664.0000,0.253354,-0.855500
2014-01-27,6.0843016000,6.0433495700,6.1018524700,6.0140981200,47078702,486900304.0000,0.228217,-0.958800
2014-01-28,6.0550501500,6.1077027600,6.1252536300,6.0491998600,39757824,414104448.0000,0.192728,1.064900
2014-01-29,6.1311039200,6.1486547900,6.1779062400,6.1077027600,28538161,299746176.0000,0.138340,0.670500
2014-01-30,6.1369542100,6.0609004400,6.1369542100,6.0374992800,26539270,275494768.0000,0.128651,-1.427200
2014-02-07,6.0257987000,6.0433495700,6.0667507300,5.9906969600,32083538,329823152.0000,0.155527,-0.289600
2014-02-10,6.0667507300,6.1018524700,6.1077027600,6.0550501500,54295943,564957008.0000,0.263203,0.968100
2014-02-11,6.0843016000,6.1837565300,6.2832114600,6.0433495700,108473385,1144880496.0000,0.525831,1.342300
2014-02-12,6.1837565300,6.1486547900,6.2305588500,6.1311039200,53802791,566714784.0000,0.260812,-0.567600
2014-02-13,6.1252536300,6.1603553700,6.2890617500,6.1018524700,97138132,1027621728.0000,0.470883,0.190300
2014-02-14,6.1603553700,6.1545050800,6.1896068200,6.1135530500,42266001,443898448.0000,0.204887,-0.095000
2014-02-17,6.2013074000,6.1486547900,6.2247085600,6.1252536300,61964770,652124688.0000,0.300378,-0.095100
2014-02-18,6.1486547900,6.0374992800,6.1486547900,6.0257987000,71937158,746349568.0000,0.348720,-1.807800
2014-02-19,6.0374992800,6.1486547900,6.1954571100,6.0140981200,109595304,1143138288.0000,0.531270,1.841100
2014-02-20,6.1486547900,6.0550501500,6.2071576900,6.0491998600,66654632,697343024.0000,0.323112,-1.522400
2014-02-21,6.0550501500,6.0374992800,6.1135530500,6.0023975400,51432637,531421696.0000,0.249323,-0.289900
2014-02-24,6.0082478300,5.8970923200,6.0082478300,5.8795414500,84429835,854470064.0000,0.409279,-2.325600
2014-02-25,5.9087929000,5.8151882600,5.9321940600,5.7800865200,84310729,845056336.0000,0.408701,-1.388900
2014-02-26,5.7917871000,5.8619905800,5.8970923200,5.7859368100,42355051,422574592.0000,0.205319,0.804800
2014-02-27,5.8736911600,5.8619905800,5.8853917400,5.7800865200,64157274,640432176.0000,0.311006,0.000000
2014-02-28,5.8502900000,5.8093379700,5.8853917400,5.7508350700,62775982,623305296.0000,0.304310,-0.898200
2014-03-03,5.7683859400,5.7449847800,5.7859368100,5.7157333300,78309942,768373328.0000,0.379612,-1.107800
2014-03-04,5.7332842000,5.7040327500,5.7332842000,5.6513801400,74867861,727027920.0000,0.362926,-0.712800
2014-03-05,5.7157333300,5.6338292700,5.7157333300,5.6279789800,57911138,560459184.0000,0.280728,-1.230800
2014-03-06,5.6279789800,5.6923321700,5.7215836200,5.6162784000,54930368,532547456.0000,0.266278,1.038400
2014-03-07,5.6923321700,5.6630807200,5.7566853600,5.6455298500,54820326,533628720.0000,0.265745,-0.513900
2014-03-10,5.6221286900,5.5402246300,5.6338292700,5.5285240500,70913113,675011728.0000,0.343755,-2.169400
2014-03-11,5.5402246300,5.5519252100,5.5753263700,5.5051228900,41346048,391277504.0000,0.200427,0.211200
2014-03-12,5.5343743400,5.6221286900,5.6572304300,5.5109731800,58695529,560385904.0000,0.284530,1.264500
2014-03-13,5.6396795600,5.6572304300,5.7683859400,5.6045778200,70061795,680872320.0000,0.339629,0.624400
2014-03-14,5.6396795600,5.5928772400,5.6396795600,5.5577755000,57744624,551561360.0000,0.279920,-1.137500
2014-03-17,5.6338292700,5.6104281100,5.6513801400,5.5694760800,35278657,338292944.0000,0.171015,0.313800
2014-03-18,5.6045778200,5.6104281100,5.6630807200,5.5928772400,44802741,430280112.0000,0.217184,0.000000
2014-03-19,5.5928772400,5.5870269500,5.5928772400,5.5519252100,30535982,290635376.0000,0.148025,-0.417100
2014-03-20,5.5870269500,5.5343743400,5.6338292700,5.5285240500,36331308,346938416.0000,0.176118,-0.942400
2014-03-21,5.5343743400,5.7566853600,5.7917871000,5.5226737600,114371952,1111471744.0000,0.554425,4.016900
2014-03-24,5.7625356500,5.7566853600,5.7800865200,5.6981824600,79845091,784583248.0000,0.387054,0.000000
2014-03-25,5.7566853600,5.7274339100,5.7917871000,5.7098830400,41901549,410810480.0000,0.203120,-0.508100
2014-03-26,5.7449847800,5.7332842000,5.7625356500,5.7157333300,33632721,329655920.0000,0.163037,0.102100
2014-03-27,5.7332842000,5.7274339100,5.8093379700,5.6572304300,72840167,714877696.0000,0.353097,-0.102000
2014-03-28,5.7274339100,5.7683859400,5.8034876800,5.7157333300,67562392,665062160.0000,0.327513,0.715000
2014-03-31,5.7625356500,5.7449847800,5.7917871000,5.6864818800,53922086,529273312.0000,0.261390,-0.405700
2014-04-01,5.7391344900,5.7800865200,5.8093379700,5.7215836200,40553530,400451168.0000,0.196586,0.611000
2014-04-02,5.7800865200,5.8327391300,5.8561402900,5.7683859400,46973144,466611152.0000,0.227705,0.910900
2014-04-03,5.8502900000,5.7800865200,5.8795414500,5.7625356500,37611536,374082288.0000,0.182324,-0.902700
2014-04-04,5.7566853600,5.8210385500,5.8268888400,5.7332842000,28983715,286708976.0000,0.140500,0.708500
2014-04-08,5.8210385500,5.9906969600,6.0784513100,5.8210385500,125647540,1279344672.0000,0.609084,2.914600
2014-04-09,5.9848466700,5.9555952200,6.0199484100,5.9438946400,49546199,505351296.0000,0.240178,-0.585900
2014-04-10,5.9672958000,6.0901518900,6.1896068200,5.9263437700,125741022,1303872080.0000,0.609537,2.259300
2014-04-11,6.0843016000,6.0784513100,6.1135530500,6.0257987000,83700450,867866656.0000,0.405743,-0.192100
2014-04-14,6.0784513100,6.0316489900,6.1311039200,5.9789963800,44536083,459224784.0000,0.215891,-0.770000
2014-04-15,5.9965472500,5.8853917400,6.0082478300,5.8561402900,55898830,565140304.0000,0.270973,-2.424800
2014-04-16,5.8795414500,5.9146431900,5.9497449300,5.8619905800,32300028,326676288.0000,0.156576,0.497000
2014-04-17,5.9380443500,5.9029426100,5.9614455100,5.8912420300,24985543,252693871.0000,0.121119,-0.197800
2014-04-18,5.8678408700,5.8561402900,5.9087929000,5.8093379700,44941878,449241264.0000,0.217858,-0.792900
2014-04-21,5.8268888400,5.7566853600,5.8853917400,5.7449847800,45225074,449874816.0000,0.219231,-1.698300
2014-04-22,5.7566853600,5.8151882600,5.8385894200,5.7449847800,39771333,393671408.0000,0.192794,1.016300
2014-04-23,5.8093379700,5.8093379700,5.8678408700,5.7976373900,39664468,395213888.0000,0.192276,-0.100600
2014-04-24,5.8327391300,5.8444397100,5.9146431900,5.8034876800,41519736,416229408.0000,0.201269,0.604200
2014-04-25,5.8970923200,5.8912420300,5.9906969600,5.8444397100,72827004,738460768.0000,0.353033,0.800800
2014-04-28,5.9321940600,5.8853917400,5.9497449300,5.8385894200,57743208,580640160.0000,0.279914,-0.099300
2014-04-29,5.8970923200,5.9146431900,5.9380443500,5.8444397100,55927383,562876288.0000,0.271111,0.497000
2014-04-30,5.9204934800,5.8678408700,5.9321940600,5.8619905800,38465222,386563168.0000,0.186462,-0.791300
2014-05-05,5.8502900000,5.8151882600,5.8619905800,5.7274339100,56011294,554555888.0000,0.271518,-0.897300
2014-05-06,5.8034876800,5.7742362300,5.8502900000,5.7625356500,24992188,247781577.0000,0.121151,-0.704200
2014-05-07,5.7742362300,5.7683859400,5.8034876800,5.7625356500,33178236,327641184.0000,0.160833,-0.101300
2014-05-08,5.7683859400,5.7859368100,5.8736911600,5.7508350700,34742436,344841536.0000,0.168416,0.304300
2014-05-09,5.8093379700,5.7976373900,5.8385894200,5.7859368100,28961356,287586112.0000,0.140392,0.202200
2014-05-12,5.8268888400,5.8678408700,5.8970923200,5.8034876800,46585065,466818880.0000,0.225824,1.210900
2014-05-13,5.8678408700,5.8444397100,5.8736911600,5.8268888400,24024603,240029863.0000,0.116461,-0.398800
2014-05-14,5.8502900000,5.8444397100,5.8853917400,5.8327391300,28490402,285183152.0000,0.138109,0.000000
2014-05-15,5.8444397100,5.8385894200,5.8736911600,5.8268888400,26320372,263260420.0000,0.127590,-0.100100
2014-05-16,5.8678408700,5.8678408700,5.8912420300,5.8385894200,38020072,381636832.0000,0.184304,0.501000
2014-05-19,5.8502900000,5.7683859400,5.8619905800,5.7274339100,50974452,503707200.0000,0.247102,-1.694900
2014-05-20,5.7742362300,5.7800865200,5.8093379700,5.7508350700,25492973,251840078.0000,0.123579,0.202800
2014-05-21,5.7391344900,5.8210385500,5.8327391300,5.7391344900,20692494,205035396.0000,0.100308,0.708500
2014-05-22,5.8210385500,5.8268888400,5.9087929000,5.8093379700,34599000,346700960.0000,0.167721,0.100500
2014-05-23,5.8444397100,5.8912420300,5.8970923200,5.8268888400,25365522,254501408.0000,0.122961,1.104400
2014-05-26,5.9380443500,5.8970923200,5.9438946400,5.8736911600,36080833,364689584.0000,0.174904,0.099300
2014-05-27,5.8970923200,5.9146431900,5.9497449300,5.8795414500,40848482,413653744.0000,0.198015,0.297600
2014-05-28,5.9146431900,5.9672958000,5.9731460900,5.9029426100,45123041,458678224.0000,0.218737,0.890200
2014-05-29,5.9789963800,5.9380443500,5.9965472500,5.9380443500,39560877,403560336.0000,0.191774,-0.490200
2014-05-30,5.9380443500,5.9380443500,5.9906969600,5.9263437700,22071495,224765214.0000,0.106993,0.000000
2014-06-03,5.9321940600,5.9555952200,6.0082478300,5.8912420300,36299531,369877120.0000,0.175964,0.295600
2014-06-04,5.9614455100,5.9087929000,5.9672958000,5.8853917400,27462646,277448832.0000,0.133127,-0.785900
2014-06-05,5.9204934800,5.9438946400,5.9555952200,5.8678408700,39944413,403018016.0000,0.193633,0.594100
2014-06-06,5.9438946400,5.8502900000,5.9438946400,5.8151882600,57542195,576728448.0000,0.278939,-1.574800
2014-06-09,5.8268888400,5.8502900000,5.9321940600,5.8268888400,42459304,426219840.0000,0.205824,0.000000
2014-06-10,5.8853917400,5.9380443500,5.9438946400,5.8444397100,69402568,699032624.0000,0.336433,1.500000
2014-06-11,5.9204934800,5.9204934800,5.9614455100,5.8912420300,37211958,376400144.0000,0.180387,-0.295600
2014-06-12,5.9087929000,5.8912420300,5.9204934800,5.8736911600,33885390,341458384.0000,0.164261,-0.494100
2014-06-13,5.8853917400,5.9789963800,6.0082478300,5.8795414500,71212184,725381632.0000,0.345205,1.489600
2014-06-16,5.9848466700,6.0784513100,6.1194033400,5.9497449300,90740221,937827552.0000,0.439868,1.663400
2014-06-17,6.0726010200,6.0374992800,6.0726010200,6.0082478300,50260416,518131488.0000,0.243640,-0.673700
2014-06-18,6.0374992800,5.9965472500,6.0667507300,5.9906969600,42768145,441140928.0000,0.207321,-0.678300
2014-06-19,6.0257987000,5.9614455100,6.0374992800,5.9380443500,44841298,458547152.0000,0.217371,-0.585400
2014-06-20,5.9672958000,5.9731460900,5.9906969600,5.9380443500,45240167,461205776.0000,0.219304,0.196300
2014-06-23,5.9731460900,5.9087929000,5.9789963800,5.9029426100,41342112,419972080.0000,0.200408,-1.077400
2014-06-24,5.9087929000,5.9555952200,5.9614455100,5.9029426100,31811465,323067120.0000,0.154208,0.792100
2014-06-25,5.9555952200,5.9321940600,5.9614455100,5.9146431900,30674436,310961072.0000,0.148696,-0.392900
2014-06-26,5.9497449300,5.9906969600,6.0140981200,5.9380443500,37108956,379071520.0000,0.179888,0.986200
2014-06-27,5.9731460900,5.9555952200,6.0023975400,5.9438946400,40741151,415510400.0000,0.197495,-0.585900
2014-06-30,5.9555952200,5.9906969600,6.0023975400,5.9555952200,39066695,399105984.0000,0.189378,0.589400
2014-07-01,5.9965472500,5.9848466700,6.0140981200,5.9672958000,33859662,346594416.0000,0.164137,-0.097700
2014-07-02,5.9848466700,6.0023975400,6.0140981200,5.9789963800,38268456,392486576.0000,0.185509,0.293300
2014-07-03,6.0082478300,6.0491998600,6.0550501500,5.9965472500,55189522,569267360.0000,0.267534,0.779700
2014-07-04,6.0433495700,6.0491998600,6.0667507300,6.0316489900,32935545,340479296.0000,0.159657,0.000000
2014-07-07,6.0491998600,6.0374992800,6.0609004400,6.0257987000,32183068,332206224.0000,0.156009,-0.193400
2014-07-08,6.0374992800,6.0667507300,6.0784513100,6.0257987000,36679126,379699456.0000,0.177804,0.484500
2014-07-09,6.0609004400,5.9906969600,6.0667507300,5.9789963800,50446107,519080032.0000,0.244540,-1.253600
2014-07-10,5.9965472500,6.0023975400,6.0374992800,5.9965472500,42521270,436831184.0000,0.206124,0.195300
2014-07-11,6.0086304000,6.0335366400,6.0646694400,5.9961772800,48873743,473621408.0000,0.236918,0.518700
2014-07-14,6.0335366400,6.0708960000,6.0708960000,6.0024038400,46443375,450155984.0000,0.225137,0.619200
2014-07-15,6.0708960000,6.0895756800,6.0958022400,6.0459897600,44903197,437770960.0000,0.217671,0.307700
2014-07-16,6.0895756800,6.0958022400,6.1269350400,6.0646694400,45693063,447191952.0000,0.221500,0.102300
2014-07-17,6.0958022400,6.0646694400,6.0958022400,6.0459897600,29921279,291821824.0000,0.145045,-0.510700
2014-07-18,6.0646694400,6.0958022400,6.1207084800,6.0522163200,45872984,449290944.0000,0.222372,0.513300
2014-07-21,6.0958022400,6.1082553600,6.1144819200,6.0708960000,30666747,300017776.0000,0.148659,0.204300
2014-07-22,6.1144819200,6.2141068800,6.2639193600,6.0958022400,90924266,905711760.0000,0.440761,1.732900
2014-07-23,6.2078803200,6.2701459200,6.3075052800,6.2016537600,78775425,794073392.0000,0.381868,0.901800
2014-07-24,6.2701459200,6.4382630400,6.4756224000,6.2701459200,141612839,1460972720.0000,0.686476,2.681200
2014-07-25,6.4631692800,6.5316614400,6.5378880000,6.4569427200,77555587,809852256.0000,0.375955,1.450700
2014-07-28,6.5877004800,6.8305363200,6.8678956800,6.5877004800,178057210,1939612896.0000,0.863143,4.575800
2014-07-29,6.8367628800,6.8678956800,6.9363878400,6.7931769600,106117117,1168891104.0000,0.514409,0.546900
2014-07-30,6.8678956800,6.8429894400,6.9550675200,6.7994035200,88811450,979789728.0000,0.430519,-0.362600
2014-07-31,6.8056300800,6.8928019200,6.8990284800,6.7807238400,69895997,767160080.0000,0.338825,0.727900
2014-08-01,6.8678956800,6.8616691200,7.0484659200,6.8429894400,96819251,1076878000.0000,0.469337,-0.451700
2014-08-04,6.8616691200,7.0048800000,7.0048800000,6.8492160000,81192514,904460976.0000,0.393585,2.087100
2014-08-05,6.9986534400,6.9612940800,7.0048800000,6.9177081600,63237688,705835008.0000,0.306548,-0.622200
2014-08-06,6.9114816000,6.8367628800,6.9114816000,6.7869504000,85425499,938016208.0000,0.414105,-1.788900
2014-08-07,6.8056300800,6.6873254400,6.8928019200,6.6748723200,75661754,821957632.0000,0.366775,-2.185800
2014-08-08,6.7184582400,6.7433644800,6.7558176000,6.6561926400,58870029,633995232.0000,0.285376,0.838000
2014-08-11,6.7620441600,6.8990284800,6.9239347200,6.7495910400,61489279,676379248.0000,0.298073,2.308400
2014-08-12,6.8367628800,6.7931769600,6.8678956800,6.7682707200,56007016,611588240.0000,0.271497,-1.534300
2014-08-13,6.7931769600,6.7433644800,6.8492160000,6.7246848000,62901988,683507728.0000,0.304921,-0.733300
2014-08-14,6.7433644800,6.6873254400,6.8056300800,6.6437395200,90536118,972743104.0000,0.438879,-0.831000
2014-08-15,6.6810988800,6.7184582400,6.7620441600,6.6437395200,57498429,619359136.0000,0.278727,0.465600
2014-08-18,6.7246848000,6.7246848000,6.7744972800,6.6997785600,48283316,521746272.0000,0.234056,0.092700
2014-08-19,6.7246848000,6.7122316800,6.7371379200,6.6624192000,42085721,452326992.0000,0.204013,-0.185200
2014-08-20,6.6873254400,6.6748723200,6.7122316800,6.6499660800,35076989,375835712.0000,0.170038,-0.556600
2014-08-21,6.6748723200,6.6001536000,6.6748723200,6.5441145600,54942372,581428128.0000,0.266336,-1.119400
2014-08-22,6.5752473600,6.6686457600,6.6810988800,6.5565676800,40205574,429221808.0000,0.194899,1.037700
2014-08-25,6.6748723200,6.5877004800,6.6873254400,6.5565676800,40054004,424399056.0000,0.194164,-1.213800
2014-08-26,6.5877004800,6.6001536000,6.6250598400,6.5565676800,37654564,398686416.0000,0.182533,0.189000
2014-08-27,6.5752473600,6.5814739200,6.6188332800,6.5441145600,37205732,392871920.0000,0.180357,-0.283000
2014-08-28,6.5814739200,6.5192083200,6.5814739200,6.4943020800,53249298,558340400.0000,0.258129,-0.946100
2014-08-29,6.5565676800,6.5752473600,6.5814739200,6.5067552000,31151613,327255952.0000,0.151009,0.859600
2014-09-01,6.5939270400,6.5627942400,6.6063801600,6.5378880000,44664646,471342240.0000,0.216514,-0.189400
2014-09-02,6.5752473600,6.6561926400,6.6748723200,6.5192083200,85066325,899627568.0000,0.412364,1.423100
2014-09-03,6.6499660800,6.7122316800,6.7495910400,6.6375129600,82178689,885389856.0000,0.398366,0.841900
2014-09-04,6.7184582400,6.7433644800,6.7682707200,6.6748723200,58184196,627802352.0000,0.282051,0.463800
2014-09-05,6.7620441600,6.8056300800,6.8180832000,6.7558176000,71109742,775337088.0000,0.344709,0.923400
2014-09-09,6.8056300800,6.7246848000,6.8305363200,6.7184582400,52675617,571253552.0000,0.255348,-1.189400
2014-09-10,6.6624192000,6.6686457600,6.7184582400,6.6375129600,47045210,504221904.0000,0.228054,-0.833300
2014-09-11,6.6624192000,6.6188332800,6.7309113600,6.6126067200,77092885,824640192.0000,0.373712,-0.747000
2014-09-12,6.6063801600,6.6561926400,6.6624192000,6.5877004800,37288834,396399552.0000,0.180760,0.564400
2014-09-15,6.6063801600,6.6126067200,6.6375129600,6.5752473600,58219154,617237568.0000,0.282221,-0.654800
2014-09-16,6.6188332800,6.5877004800,6.6935520000,6.5752473600,83101208,884221952.0000,0.402838,-0.376600
2014-09-17,6.6312864000,6.5877004800,6.6375129600,6.5503411200,61592007,651655936.0000,0.298571,0.000000
2014-09-18,6.5565676800,6.5814739200,6.6375129600,6.5316614400,77294558,816814752.0000,0.374690,-0.094500
2014-09-19,6.5752473600,6.6126067200,6.6250598400,6.5565676800,59631606,631467552.0000,0.289068,0.473000
2014-09-22,6.5752473600,6.4507161600,6.5814739200,6.4258099200,78671055,820337552.0000,0.381362,-2.448200
2014-09-23,6.4444896000,6.4693958400,6.4943020800,6.4195833600,51796848,537216304.0000,0.251088,0.289600
2014-09-24,6.4382630400,6.5814739200,6.6001536000,6.4320364800,85953089,901598416.0000,0.416663,1.732400
2014-09-25,6.6312864000,6.5378880000,6.6375129600,6.5129817600,73618411,777900976.0000,0.356870,-0.662200
2014-09-26,6.5192083200,6.5067552000,6.5441145600,6.4756224000,42616236,444799616.0000,0.206585,-0.476200
2014-09-29,6.5067552000,6.4756224000,6.5254348800,6.4507161600,74808870,778930624.0000,0.362640,-0.478500
2014-09-30,6.4818489600,6.4693958400,6.5005286400,6.4507161600,53937511,560313600.0000,0.261465,-0.096100
2014-10-08,6.4818489600,6.5067552000,6.5129817600,6.4444896000,80876668,841797712.0000,0.392054,0.577500
2014-10-09,6.5067552000,6.5067552000,6.5627942400,6.4756224000,81206641,849495680.0000,0.393654,0.000000
2014-10-10,6.4818489600,6.5192083200,6.5503411200,6.4693958400,73045311,761639376.0000,0.354091,0.191400
2014-10-13,6.4818489600,6.4880755200,6.5192083200,6.4444896000,65139327,676177840.0000,0.315767,-0.477600
2014-10-14,6.4693958400,6.4507161600,6.5005286400,6.4382630400,54272142,563688112.0000,0.263087,-0.575800
2014-10-15,6.4382630400,6.4880755200,6.4880755200,6.4195833600,52451447,543927120.0000,0.254261,0.579200
2014-10-16,6.4569427200,6.4693958400,6.5503411200,6.4382630400,86060716,898740512.0000,0.417184,-0.287900
2014-10-17,6.4693958400,6.4569427200,6.5067552000,6.4258099200,57961760,601332592.0000,0.280973,-0.192500
2014-10-20,6.4880755200,6.4693958400,6.4943020800,6.4444896000,45123722,468389584.0000,0.218740,0.192900
2014-10-21,6.4693958400,6.4569427200,6.4880755200,6.4507161600,51776718,537789472.0000,0.250991,-0.192500
2014-10-22,6.4569427200,6.4507161600,6.4943020800,6.4444896000,69087717,717813696.0000,0.334907,-0.096400
2014-10-23,6.4507161600,6.4693958400,6.5005286400,6.4444896000,73475820,764449856.0000,0.356178,0.289600
2014-10-24,6.4756224000,6.4507161600,6.5067552000,6.4444896000,65830725,684756976.0000,0.319118,-0.288700
2014-10-27,6.4320364800,6.3261849600,6.4382630400,6.3075052800,89750548,918395776.0000,0.435071,-1.930500
2014-10-28,6.3448646400,6.4009036800,6.4071302400,6.3261849600,84195339,860058016.0000,0.408142,1.181100
2014-10-29,6.4071302400,6.4631692800,6.5067552000,6.3946771200,94817770,981755264.0000,0.459635,0.972800
2014-10-30,6.4693958400,6.5192083200,6.5503411200,6.4507161600,98486732,1027105408.0000,0.477420,0.867100
2014-10-31,6.5441145600,6.7246848000,6.7994035200,6.5378880000,230966257,2473009808.0000,1.119622,3.151900
2014-11-03,6.7558176000,6.6561926400,6.7682707200,6.6375129600,107585373,1153898048.0000,0.521526,-1.018500
2014-11-04,6.6437395200,6.6001536000,6.6437395200,6.5814739200,81087060,859952832.0000,0.393074,-0.841900
2014-11-05,6.5877004800,6.5441145600,6.6126067200,6.5378880000,58082464,612081120.0000,0.281558,-0.849100
2014-11-06,6.5939270400,6.5690208000,6.5939270400,6.5441145600,50113268,528946960.0000,0.242927,0.380600
2014-11-07,6.5690208000,6.5814739200,6.7184582400,6.5441145600,142603809,1515546416.0000,0.691280,0.189600
2014-11-10,6.6873254400,6.6997785600,6.7246848000,6.6001536000,139327822,1489651184.0000,0.675400,1.797500
2014-11-11,6.7184582400,6.8616691200,6.9986534400,6.7060051200,373721120,4110827472.0000,1.811635,2.416400
2014-11-12,6.7931769600,6.8429894400,6.8492160000,6.7309113600,138587203,1510470496.0000,0.671809,-0.272200
2014-11-13,6.8616691200,6.8305363200,6.9488409600,6.7931769600,154652996,1704236464.0000,0.749689,-0.182000
2014-11-14,6.8056300800,6.7994035200,6.8367628800,6.7122316800,88559223,962463808.0000,0.429296,-0.455800
2014-11-17,6.8616691200,6.7246848000,6.8990284800,6.7246848000,98593224,1075277760.0000,0.477936,-1.098900
2014-11-18,6.7309113600,6.6188332800,6.7495910400,6.5814739200,111028741,1185806976.0000,0.538218,-1.574100
2014-11-19,6.6063801600,6.6250598400,6.6499660800,6.6001536000,61748524,656843456.0000,0.299330,0.094100
2014-11-20,6.6001536000,6.5939270400,6.6561926400,6.5690208000,87099943,924188528.0000,0.422222,-0.469900
2014-11-21,6.6126067200,6.7246848000,6.7558176000,6.5752473600,122719771,1314595680.0000,0.594891,1.983000
2014-11-24,6.6437395200,6.7620441600,6.8180832000,6.6188332800,197935178,2134532928.0000,0.959502,0.555600
2014-11-25,6.7558176000,6.9177081600,6.9799737600,6.7309113600,221952213,2438717312.0000,1.075926,2.302000
2014-11-26,6.9239347200,7.0546924800,7.0733721600,6.9052550400,278657824,3133243184.0000,1.350810,1.980200
2014-11-27,7.0982784000,7.0982784000,7.1979033600,6.9986534400,256569655,2924452512.0000,1.243736,0.617800
2014-11-28,7.0920518400,7.5652704000,7.6586688000,7.0048800000,505203456,5995501824.0000,2.449003,6.578900
2014-12-01,7.5714969600,7.5403641600,7.8143328000,7.4158329600,365772880,4468664064.0000,1.773105,-0.329200
2014-12-02,7.4531923200,7.9077312000,8.0945280000,7.4282860800,386134816,4800513024.0000,1.871811,4.872000
2014-12-03,7.9450905600,7.8765984000,8.1754732800,7.7147078400,423086064,5419273728.0000,2.050934,-0.393700
2014-12-04,8.0011296000,8.4930278400,8.6424652800,7.9077312000,487620304,6530002176.0000,2.363768,7.826100
2014-12-05,8.6549184000,8.6860512000,9.0285120000,8.2813248000,639778576,8897229824.0000,3.101364,2.272700
2014-12-08,8.5926528000,8.6922777600,8.8728480000,8.3560435200,720427936,10009732352.0000,3.492316,0.071700
2014-12-09,8.5303872000,8.1194342400,9.0907776000,7.9077312000,759492384,10657924352.0000,3.681683,-6.590300
2014-12-10,8.1941529600,8.7919027200,8.8417152000,7.8143328000,547208944,7346901504.0000,2.652627,8.282200
2014-12-11,8.8977542400,8.8666214400,9.3149337600,8.6673715200,595906288,8598092800.0000,2.888690,0.849900
2014-12-12,8.7420902400,8.6611449600,8.9911526400,8.4805747200,376947328,5295825664.0000,1.827274,-2.317400
2014-12-15,8.5366137600,8.4805747200,8.5366137600,8.2875513600,235485573,3178107408.0000,1.141530,-2.084800
2014-12-16,8.4618950400,8.8417152000,8.8479417600,8.3934028800,382798032,5336939776.0000,1.855636,4.258400
2014-12-17,8.8728480000,9.4021056000,9.6324883200,8.7047308800,843193376,12458078976.0000,4.087429,6.338000
2014-12-18,9.4145587200,9.1717228800,9.4643712000,9.0907776000,416116608,6197378304.0000,2.017149,-2.450300
2014-12-19,9.1841760000,9.2900275200,9.4394649600,9.0036057600,349429328,5197509376.0000,1.693879,1.289900
2014-12-22,9.3398400000,9.5702227200,9.9624960000,9.2962540800,566435584,8786102016.0000,2.745829,3.016100
2014-12-23,9.4021056000,9.3585196800,9.7507929600,9.1094572800,434808464,6650627072.0000,2.107759,-2.212100
2014-12-24,9.3398400000,8.9039808000,9.3460665600,8.7171840000,399070480,5760088320.0000,1.934517,-4.856900
2014-12-25,9.0347385600,9.1904025600,9.3211603200,8.9288870400,368029488,5389585152.0000,1.784044,3.216800
2014-12-26,9.2651212800,9.5515430400,9.5764492800,9.1592697600,422937968,6383178752.0000,2.050216,3.929500
2014-12-29,9.8940038400,9.5204102400,10.1057068800,9.3460665600,529036768,8302399232.0000,2.564536,-0.325900
2014-12-30,9.5826758400,9.7632460800,9.8628710400,9.5328633600,391195840,6098380032.0000,1.896344,2.550700
2014-12-31,9.7383398400,10.3298630400,10.3485427200,9.6262617600,667128960,10694251776.0000,3.233946,5.803600
2015-01-05,10.3111833600,10.3859020800,10.6287379200,10.1181600000,500187136,8302084352.0000,2.424686,0.542500
2015-01-06,10.2115584000,10.2240115200,10.7096832000,10.1430662400,426877232,7100974592.0000,2.069312,-1.558800
2015-01-07,10.0870272000,10.0621209600,10.3111833600,9.9251366400,296169600,4806397440.0000,1.435699,-1.583400
2015-01-08,10.1181600000,9.6947539200,10.1741990400,9.6698476800,292921104,4621824768.0000,1.419952,-3.651000
2015-01-09,9.6885273600,9.7819257600,10.3111833600,9.5639961600,461363504,7356771840.0000,2.236486,0.899200
2015-01-12,9.7756992000,9.7134336000,9.9002304000,9.4643712000,287002784,4465049856.0000,1.391263,-0.700200
2015-01-13,9.6636211200,9.6075820800,9.8255116800,9.5577696000,170251610,2646920640.0000,0.825305,-1.089700
2015-01-14,9.6947539200,9.7819257600,9.9002304000,9.6511680000,227140865,3573843584.0000,1.101078,1.814600
2015-01-15,9.7819257600,10.0745740800,10.0808006400,9.7134336000,264684168,4216830592.0000,1.283072,2.991700
2015-01-16,10.1306131200,10.1119334400,10.2738240000,10.0060819200,312550720,5096707072.0000,1.515108,0.370800
2015-01-19,9.1032307200,9.1094572800,9.5889024000,9.1032307200,499040608,7432124928.0000,2.419128,-9.913800
2015-01-20,9.1841760000,9.1156838400,9.3273868800,8.9288870400,304480896,4468888320.0000,1.475989,0.068400
2015-01-21,9.2153088000,9.5266368000,9.6324883200,9.0845510400,347044048,5208895232.0000,1.682316,4.508200
2015-01-22,9.5266368000,9.4207852800,9.5328633600,9.3149337600,215666287,3267085616.0000,1.045455,-1.111100
2015-01-23,9.4830508800,9.4456915200,9.6511680000,9.4083321600,249422660,3814173088.0000,1.209091,0.264400
2015-01-26,9.4581446400,9.3585196800,9.4892774400,9.2588947200,178096442,2671404496.0000,0.863333,-0.922900
2015-01-27,9.3709728000,9.1592697600,9.4021056000,8.9973792000,256941922,3785792880.0000,1.245541,-2.129100
2015-01-28,9.0907776000,9.0471916800,9.2402150400,8.9724729600,174144815,2541837344.0000,0.844177,-1.223700
2015-01-29,8.9102073600,8.9475667200,8.9849260800,8.8105824000,177530685,2541569616.0000,0.860590,-1.101200
2015-01-30,8.9849260800,8.9288870400,9.1032307200,8.8417152000,181808721,2625624640.0000,0.881328,-0.208800
2015-02-02,8.7047308800,8.7732230400,8.9039808000,8.6300121600,155786828,2200454416.0000,0.755186,-1.743400
2015-02-03,8.9351136000,9.0720979200,9.0907776000,8.8417152000,174884321,2516020352.0000,0.847762,3.406700
2015-02-04,9.0907776000,8.9039808000,9.1654963200,8.8915276800,129621466,1886445072.0000,0.628348,-1.853100
2015-02-05,9.3398400000,8.9164339200,9.3709728000,8.9039808000,337061696,4973382144.0000,1.633926,0.139900
2015-02-06,8.8915276800,8.8728480000,9.0783244800,8.8105824000,163835590,2356073408.0000,0.794202,-0.488800
2015-02-09,8.8728480000,8.9724729600,9.0534182400,8.7171840000,171924698,2454553648.0000,0.833415,1.122800
2015-02-10,9.0098323200,9.1281369600,9.1841760000,8.9226604800,153525979,2238448208.0000,0.744226,1.734900
2015-02-11,9.1468166400,9.1156838400,9.2090822400,9.0658713600,93584114,1372191504.0000,0.453654,-0.136400
2015-02-12,9.1468166400,9.0720979200,9.1530432000,8.9537932800,80748086,1173109184.0000,0.391431,-0.478100
2015-02-13,9.1032307200,9.1094572800,9.2464416000,9.0347385600,150471474,2211523664.0000,0.729419,0.411800
2015-02-16,8.9662464000,9.0036057600,9.0222854400,8.9039808000,133387516,1920460640.0000,0.646604,-1.162000
2015-02-17,8.9973792000,9.0409651200,9.0970041600,8.9724729600,92371310,1343475264.0000,0.447775,0.414900
2015-02-25,9.0285120000,8.9039808000,9.0534182400,8.8292620800,126747641,1821660432.0000,0.614417,-1.515200
2015-02-26,8.8977542400,9.1343635200,9.1717228800,8.8354886400,155956628,2262725600.0000,0.756009,2.587400
2015-02-27,9.1530432000,9.1530432000,9.3398400000,9.1219104000,145616495,2157812864.0000,0.705884,0.204500
2015-03-02,9.2028556800,9.0720979200,9.2339884800,8.9724729600,219237346,3192258944.0000,1.062766,-0.884400
2015-03-03,9.0160588800,8.8230355200,9.0347385600,8.8105824000,174417640,2494347040.0000,0.845500,-2.745400
2015-03-04,8.9226604800,8.8479417600,8.9226604800,8.7794496000,125920707,1787542464.0000,0.610408,0.282300
2015-03-05,8.7420902400,8.6611449600,8.7856761600,8.5988793600,173548564,2421469920.0000,0.841287,-2.111200
2015-03-06,8.6673715200,8.7483168000,8.7732230400,8.6611449600,102177380,1432408224.0000,0.495311,1.006500
2015-03-09,8.7545433600,9.1405900800,9.2588947200,8.5926528000,316125120,4551189248.0000,1.532435,4.484000
2015-03-10,9.0222854400,8.8977542400,9.0845510400,8.8603948800,186295651,2677735376.0000,0.903079,-2.656700
2015-03-11,8.9351136000,8.9973792000,9.1717228800,8.9102073600,168184844,2440618096.0000,0.815286,1.119700
2015-03-12,9.1841760000,9.4207852800,9.6075820800,9.0845510400,383002880,5746567424.0000,1.856629,4.705900
2015-03-13,9.4456915200,9.4021056000,9.6823008000,9.3585196800,281304224,4299112448.0000,1.363638,-0.198300
2015-03-16,9.5079571200,9.5639961600,9.6262617600,9.3647462400,221860248,3387764848.0000,1.075480,1.721800
2015-03-17,9.5951289600,9.5951289600,9.6511680000,9.4955040000,239492456,3679377696.0000,1.160954,0.325500
2015-03-18,9.5951289600,9.8006054400,9.8192851200,9.5577696000,246058511,3827652096.0000,1.192783,2.141500
2015-03-19,9.8006054400,9.7632460800,9.9002304000,9.6324883200,234590051,3665620544.0000,1.137189,-0.381200
2015-03-20,9.7570195200,9.7694726400,9.9375897600,9.5453164800,314995760,4929184000.0000,1.526960,0.063800
2015-03-23,9.8504179200,9.8317382400,9.8940038400,9.7321132800,246274047,3881893312.0000,1.193828,0.637400
2015-03-24,9.8255116800,9.6885273600,9.8379648000,9.6760742400,263719125,4123151632.0000,1.278394,-1.456600
2015-03-25,9.6013555200,9.4394649600,9.6636211200,9.3771993600,216753837,3310645792.0000,1.050727,-2.570700
2015-03-26,9.3896524800,9.4768243200,9.6013555200,9.3273868800,180799341,2750283744.0000,0.876435,0.395800
2015-03-27,9.4768243200,9.5017305600,9.6075820800,9.4021056000,154287074,2350890784.0000,0.747916,0.262800
2015-03-30,9.6013555200,9.8006054400,9.8566444800,9.5266368000,304476416,4760224512.0000,1.475967,3.145500
2015-03-31,9.9313632000,9.6947539200,10.2177849600,9.6200352000,402562176,6407352320.0000,1.951443,-1.080100
2015-04-01,9.7072070400,9.7943788800,9.9064569600,9.6823008000,243966115,3830336784.0000,1.182640,1.027600
2015-04-02,9.9002304000,9.7507929600,9.9500428800,9.6200352000,238955501,3744579632.0000,1.158351,-0.445000
2015-04-03,9.7507929600,9.7507929600,9.7507929600,9.7507929600,0,0.0000,,0.000000
2015-04-07,9.7507929600,9.7507929600,9.7507929600,9.7507929600,0,0.0000,,0.000000
2015-04-08,9.7507929600,9.7507929600,9.7507929600,9.7507929600,0,0.0000,,0.000000
2015-04-09,9.7507929600,9.7507929600,9.7507929600,9.7507929600,0,0.0000,,0.000000
2015-04-10,9.7507929600,9.7507929600,9.7507929600,9.7507929600,0,0.0000,,0.000000
2015-04-13,10.7283628800,10.7283628800,10.7283628800,10.7283628800,55307305,952944864.0000,0.268105,10.025500
2015-04-14,11.1891283200,10.8840268800,11.1891283200,10.8155347200,658547696,11626313984.0000,3.192348,1.451000
2015-04-15,10.8528940800,11.1268627200,11.3883782400,10.8093081600,437486032,7851853312.0000,2.120739,2.231100
2015-04-16,11.1268627200,11.7121593600,11.7308390400,11.0583705600,404986608,7365508096.0000,1.963196,5.260200
2015-04-17,11.8055577600,11.4070579200,12.1106592000,11.3821516800,543675520,10204446208.0000,2.635498,-2.605000
2015-04-20,11.6436672000,11.0895033600,11.6436672000,10.9587456000,530851120,9699567872.0000,2.573331,-2.783800
2015-04-21,11.1829017600,11.3136595200,11.3198860800,11.0957299200,263542425,4748971264.0000,1.277537,2.021300
2015-04-22,11.5004563200,11.4630969600,11.5191360000,11.2451673600,340839664,6247865344.0000,1.652240,1.320900
2015-04-23,11.5191360000,11.3136595200,11.6249875200,11.2513939200,273771776,5015812352.0000,1.327125,-1.303600
2015-04-24,11.1330892800,11.0210112000,11.2700736000,10.8404409600,291759968,5184168704.0000,1.414323,-2.586700
2015-04-27,11.0832768000,11.4817766400,11.5814016000,11.0832768000,407263600,7467652864.0000,1.974234,4.180800
2015-04-28,11.4693235200,11.4319641600,11.9736748800,11.2700736000,509425744,9496380416.0000,2.469471,-0.433800
2015-04-29,11.5814016000,11.5066828800,11.7432921600,11.4630969600,373807968,6951256832.0000,1.812056,0.653600
2015-04-30,11.5191360000,11.3447923200,11.7059328000,11.3261126400,266457338,4920839680.0000,1.291667,-1.406900
2015-05-04,11.3510188800,11.3074329600,11.4257376000,11.2202611200,213403798,3868502688.0000,1.034487,-0.329300
2015-05-05,11.2389408000,10.8653472000,11.2700736000,10.7159097600,268345404,4737517824.0000,1.300820,-3.909700
2015-05-06,10.9587456000,10.9213862400,11.2078080000,10.7719488000,261290546,4625262592.0000,1.266621,0.515800
2015-05-07,10.9027065600,11.0147846400,11.1704486400,10.8404409600,221369716,3929052880.0000,1.073102,0.855200
2015-05-08,11.0708236800,11.0210112000,11.2700736000,10.8342144000,218683284,3889491392.0000,1.060080,0.056500
2015-05-11,10.9027065600,11.1517689600,11.1766752000,10.7968550400,277208080,4867456256.0000,1.343782,1.186400
2015-05-12,11.0957299200,11.0645971200,11.1704486400,10.9338393600,223925207,3974051952.0000,1.085490,-0.781700
2015-05-13,11.1268627200,10.9213862400,11.1953548800,10.8528940800,226209360,4015189344.0000,1.096563,-1.294300
2015-05-14,10.9276128000,10.8902534400,11.0832768000,10.8342144000,184443821,3238528880.0000,0.894102,-0.285100
2015-05-15,10.8466675200,10.6847769600,10.9961049600,10.5228864000,214743210,3714982880.0000,1.040980,-1.886800
2015-05-18,10.5913785600,10.4917536000,10.6972300800,10.4855270400,159945727,2726764928.0000,0.775346,-1.806500
2015-05-19,10.4917536000,10.9774252800,11.0147846400,10.4543942400,249232781,4332748800.0000,1.208170,4.629100
2015-05-20,10.9774252800,11.2327142400,11.5814016000,10.9649721600,354080272,6396818944.0000,1.716425,2.325600
2015-05-21,11.3572454400,11.3074329600,11.5129094400,11.1517689600,197171529,3591569696.0000,0.955800,0.665200
2015-05-22,11.4132844800,11.6436672000,11.6498937600,11.3385657600,311985392,5778315008.0000,1.512367,2.973600
2015-05-25,11.8304640000,11.9674483200,12.0546201600,11.8304640000,328933072,6306117120.0000,1.594522,2.780700
2015-05-26,11.9799014400,11.9549952000,12.0732998400,11.7806515200,282892928,5411636736.0000,1.371340,-0.104100
2015-05-27,11.9612217600,11.8740499200,12.1542451200,11.7183859200,241168309,4623215616.0000,1.169077,-0.677100
2015-05-28,11.8678233600,11.1579955200,11.9114092800,11.1144096000,292942368,5429786112.0000,1.420055,-6.030400
2015-05-29,11.1891283200,11.2513939200,11.3323392000,10.8653472000,261551000,4689434624.0000,1.267884,0.837100
2015-06-01,11.1579955200,11.7246124800,11.8242374400,10.9711987200,280927296,5176270848.0000,1.361811,4.205900
2015-06-02,11.7183859200,11.7993312000,11.9176358400,11.5378156800,254037657,4801441536.0000,1.231462,0.637300
2015-06-03,11.8304640000,12.1106592000,12.2040576000,11.5502688000,358509088,6871298560.0000,1.737894,2.638500
2015-06-04,12.1044326400,12.7270886400,12.8578464000,11.7806515200,495979040,9920531456.0000,2.404287,5.090000
2015-06-05,13.0695494400,12.4468934400,13.2065337600,12.1480185600,377712448,7651487744.0000,1.830983,-2.201600
2015-06-08,12.4780262400,13.1567212800,13.2003072000,12.2102841600,515964160,10671410176.0000,2.501166,5.702800
2015-06-09,13.1691744000,12.9699244800,13.5116352000,12.8329401600,366124464,7755194368.0000,1.774809,-1.419800
2015-06-10,12.7706745600,12.7457683200,13.1816275200,12.6772761600,252920825,5237249024.0000,1.226048,-1.728300
2015-06-11,12.8080339200,12.6772761600,12.9512448000,12.4967059200,227111582,4624733952.0000,1.100937,-0.537400
2015-06-12,12.8142604800,12.6461433600,12.9325651200,12.5153856000,245179413,5002958592.0000,1.188521,-0.245600
2015-06-15,12.7519948800,12.1417920000,12.9076588800,12.0359404800,321220960,6411293952.0000,1.557137,-3.988200
2015-06-16,12.1417920000,12.0110342400,12.3285888000,11.8304640000,244464728,4736894208.0000,1.185057,-1.076900
2015-06-17,12.2165107200,12.0982060800,12.3099091200,12.0048076800,252739372,4925319168.0000,1.225169,0.725800
2015-06-18,11.9549952000,11.6997062400,12.0483936000,11.6623468800,211448969,4014580592.0000,1.025011,-3.293900
2015-06-19,11.8304640000,11.2078080000,11.8865030400,11.1455424000,250030785,4661570816.0000,1.212039,-4.204400
2015-06-23,11.2451673600,11.7495187200,11.8304640000,11.0334643200,287932240,5301457920.0000,1.395768,4.833300
2015-06-24,11.6125344000,11.7868780800,11.8802764800,11.3323392000,273133792,5088379136.0000,1.324032,0.318000
2015-06-25,12.1355654400,11.4817766400,12.1978310400,11.4008313600,327306800,6251707136.0000,1.586639,-2.588500
2015-06-26,11.3074329600,10.8342144000,11.6312140800,10.4979801600,393568224,7050535680.0000,1.907845,-5.639900
2015-06-29,11.0210112000,10.8528940800,11.3883782400,10.0434412800,472020608,8278080256.0000,2.288147,0.172400
2015-06-30,10.9587456000,11.6561203200,11.8304640000,10.9587456000,491095680,8983116544.0000,2.380615,7.401000
2015-07-01,11.4132844800,11.3385657600,11.6187609600,11.2451673600,293674256,5395012352.0000,1.423603,-2.724400
2015-07-02,11.7121593600,11.6125344000,11.9425420800,11.1766752000,524774704,9814648320.0000,2.543876,2.416300
2015-07-03,11.6125268400,11.3735593800,11.8450357200,10.9150002000,407322720,7192690944.0000,1.974520,-2.057800
2015-07-06,12.2713020000,12.1550475600,12.2713020000,11.7481570200,814689728,15128545536.0000,3.949256,6.871100
2015-07-07,12.0129588000,13.0527901800,13.2400890000,11.6254440000,873948896,16915629312.0000,4.236518,7.385800
2015-07-08,12.2713020000,11.8902457800,13.4338464000,11.7481570200,943293200,18287188224.0000,4.572668,-8.906500
2015-07-09,11.3025150000,12.2713020000,12.8848671000,10.8827073000,588626896,10872360192.0000,2.853403,3.204800
2015-07-10,11.9935830600,12.2648434200,13.0786245000,11.8192014000,707202256,13746919168.0000,3.428204,-0.052600
2015-07-13,11.9548315800,11.8256599800,12.1937990400,11.6512783200,389268448,7160449024.0000,1.887001,-3.580800
2015-07-14,11.6383611600,11.5414824600,11.7416984400,11.3089735800,355834800,6336410112.0000,1.724930,-2.403100
2015-07-15,11.4833552400,11.9354558400,11.9548315800,11.4381451800,370764544,6703076864.0000,1.797303,3.413500
2015-07-16,11.9354558400,11.7223227000,11.9419144200,11.4962724000,227738299,4140280112.0000,1.103975,-1.785700
2015-07-17,11.8514943000,11.8579528800,11.9031629400,11.6319025800,184194967,3358837904.0000,0.892896,1.157000
2015-07-20,11.7933670800,11.9096215200,11.9419144200,11.6577369000,191305543,3502137584.0000,0.927365,0.435700
2015-07-21,11.7998256600,11.6771126400,11.9483730000,11.6319025800,141710092,2577185040.0000,0.686948,-1.952300
2015-07-22,11.5673167800,11.5285653000,11.6254440000,11.4510623400,147100276,2626580304.0000,0.713077,-1.272100
2015-07-23,11.4704380800,11.5866925200,11.6512783200,11.3412664800,154940894,2773616000.0000,0.751085,0.504200
2015-07-24,11.6254440000,11.5608582000,11.7481570200,11.5091895600,168639884,3035791024.0000,0.817492,-0.223000
2015-07-27,11.4639795000,10.7858286000,11.5479410400,10.7664528600,207240536,3616867744.0000,1.004610,-6.703900
2015-07-28,10.7018670600,11.0054203200,11.2056363000,10.6179055200,293059392,4980540160.0000,1.420622,2.035900
2015-07-29,11.0054203200,11.0829232800,11.1539676600,10.9150002000,151816216,2598864704.0000,0.735938,0.704200
2015-07-30,11.0764647000,10.9666688400,11.1927191400,10.9666688400,110541303,1898233920.0000,0.535855,-1.049000
2015-07-31,11.0441718000,11.1733434000,11.2250120400,10.9408345200,120903562,2073334784.0000,0.586087,1.884600
2015-08-03,11.1087576000,11.6835712200,11.7675327600,11.0118789000,237198553,4231772224.0000,1.149834,4.566500
2015-08-04,11.5996096800,11.7223227000,11.7546156000,11.5091895600,88969867,1605609680.0000,0.431287,0.331700
2015-08-05,11.6641954800,11.5673167800,11.7675327600,11.5285653000,63786791,1152536464.0000,0.309210,-1.322300
2015-08-06,11.5091895600,11.7029469600,11.9806659000,11.4962724000,104721647,1915869952.0000,0.507644,1.172500
2015-08-07,11.6900298000,11.8127428200,11.9289972600,11.6641954800,97611655,1785386352.0000,0.473178,0.938200
2015-08-10,11.7029469600,12.0258759600,12.0517102800,11.5931511000,146451827,2680856704.0000,0.709934,1.804300
2015-08-11,11.9419144200,11.7546156000,11.9483730000,11.6319025800,119158095,2170868064.0000,0.577626,-2.255600
2015-08-12,11.5608582000,11.5608582000,11.7546156000,11.5285653000,69756265,1256297760.0000,0.338148,-1.648400
2015-08-13,11.7287812800,11.5285653000,11.7287812800,11.3993937000,70580929,1259620160.0000,0.342145,-0.279300
2015-08-14,11.5673167800,11.4575209200,11.5931511000,11.4187694400,61911327,1100300752.0000,0.300119,-0.616200
2015-08-17,11.3541836400,11.1927191400,11.3993937000,11.1087576000,85898649,1489369728.0000,0.416399,-2.311200
2015-08-18,11.1991777200,10.8504144000,11.2831392600,10.7729114400,118951192,2037802256.0000,0.576623,-3.058300
2015-08-19,11.0054203200,11.0635475400,11.0893818600,10.7729114400,120889448,2033145024.0000,0.586019,1.964300
2015-08-20,10.9279173600,10.8568729800,10.9602102600,10.7922871800,73389709,1235705264.0000,0.355761,-1.868100
2015-08-21,10.7922871800,10.6824913200,10.9472931000,10.4758167600,102036287,1688909904.0000,0.494627,-1.606200
2015-08-24,10.3983138000,9.6749528400,10.5533197200,9.6168256200,219566780,3350255312.0000,1.064363,-9.431700
2015-08-25,9.3713995800,9.5005711800,9.9074617200,9.0484705800,198865771,2938765600.0000,0.964013,-1.802400
2015-08-26,9.4941126000,10.3918552200,10.4499824400,9.4489025400,249867579,3881032512.0000,1.211248,9.381400
2015-08-27,10.5791540400,11.3864765400,11.4316866000,10.2110149800,250420469,4189866432.0000,1.213928,9.571200
2015-08-28,11.2960564200,11.1733434000,11.5285653000,11.0118789000,197787584,3448948688.0000,0.958787,-1.871800
2015-08-31,11.0893818600,11.0118789000,11.1345919200,10.7341599600,142554697,2418625008.0000,0.691042,-1.445100
2015-09-01,10.9020830400,10.8762487200,11.2250120400,10.7922871800,177645576,3032538128.0000,0.861147,-1.231700
2015-09-02,10.6243641000,10.8310386600,11.0312546400,10.5274854000,173011243,2894747024.0000,0.838682,-0.415700
2015-09-07,10.6889499000,10.4370652800,10.7212428000,10.3531037400,89992303,1473089776.0000,0.436243,-3.637500
2015-09-08,10.4370652800,10.7535357000,10.9602102600,10.3660209000,99744306,1648957760.0000,0.483516,3.032200
2015-09-09,10.8439558200,10.8181215000,10.8439558200,10.6760327400,88645504,1476979424.0000,0.429714,0.600600
2015-09-10,10.7212428000,11.1668848200,11.2056363000,10.6566570000,141952541,2422977008.0000,0.688123,3.223900
2015-09-11,11.0441718000,11.0570889600,11.1798019800,10.9602102600,58833747,1010033552.0000,0.285200,-0.983200
2015-09-14,11.0441718000,11.8514943000,11.8902457800,10.8181215000,238728459,4224243744.0000,1.157250,7.184600
2015-09-15,11.5866925200,11.6319025800,11.7869085000,11.3993937000,159682120,2859988240.0000,0.774068,-1.852900
2015-09-16,11.5608582000,11.5479410400,11.7610741800,11.2895978400,92456985,1649211120.0000,0.448191,-0.721800
2015-09-17,11.4316866000,11.3412664800,11.7029469600,11.3154321600,72462096,1290899344.0000,0.351264,-1.789700
2015-09-18,11.3154321600,11.4381451800,11.5996096800,11.3154321600,55779290,994981744.0000,0.270393,0.854200
2015-09-21,11.3671008000,11.3477250600,11.4639795000,11.2443877800,51032930,896607920.0000,0.247385,-0.790500
2015-09-22,11.3993937000,11.5996096800,11.6900298000,11.3154321600,61256088,1099849984.0000,0.296942,2.219700
2015-09-23,11.4962724000,11.4510623400,11.7094055400,11.3541836400,47881418,854955664.0000,0.232108,-1.280600
2015-09-24,11.5479410400,11.3154321600,11.5543996200,11.2443877800,40028862,703967984.0000,0.194042,-1.184400
2015-09-25,11.3025150000,11.4446037600,11.5414824600,11.1216747600,46496008,812576160.0000,0.225392,1.141500
2015-09-28,11.3412664800,11.3089735800,11.4123108600,11.2831392600,21257675,373021856.0000,0.103048,-1.185100
2015-09-29,11.1410505000,11.2637635200,11.3089735800,11.1410505000,30162101,522340016.0000,0.146213,-0.399800
2015-09-30,11.3025150000,11.4768966600,11.5673167800,11.2314706200,54828280,972151312.0000,0.265783,1.892200
2015-10-08,11.7546156000,11.4510623400,11.7933670800,11.3671008000,49182338,881085536.0000,0.238414,-0.225100
2015-10-09,11.5931511000,11.5996096800,11.7546156000,11.5156481400,30962815,557496960.0000,0.150094,1.297200
2015-10-12,11.5996096800,11.7481570200,11.8062842400,11.4898138200,60847887,1099989936.0000,0.294964,1.280600
2015-10-13,11.7287812800,11.6641954800,11.7804499200,11.6319025800,43079671,779474400.0000,0.208831,-0.714700
2015-10-14,11.5350238800,11.5285653000,11.6900298000,11.5027309800,28905263,519124208.0000,0.140120,-1.162800
2015-10-15,11.5802339400,11.8450357200,11.9548315800,11.4962724000,79188955,1448179792.0000,0.383873,2.745100
2015-10-16,11.8837872000,12.0000416400,12.1356718200,11.8385771400,67386056,1255251040.0000,0.326658,1.308600
2015-10-19,11.9871244800,11.7869085000,11.9871244800,11.7481570200,55653065,1019756288.0000,0.269781,-1.776100
2015-10-20,11.8192014000,11.7675327600,11.8902457800,11.6577369000,37834105,688780816.0000,0.183403,-0.164400
2015-10-21,11.7416984400,12.0710860200,12.2583848400,11.6383611600,89199316,1636226624.0000,0.432399,2.579600
2015-10-22,11.8967043600,11.8127428200,11.9354558400,11.7675327600,43201464,791243664.0000,0.209422,-2.140200
2015-10-23,11.7933670800,11.7481570200,11.8579528800,11.6771126400,46374401,842709776.0000,0.224803,-0.546700
2015-10-26,11.8385771400,11.6706540600,11.8514943000,11.6125268400,65191820,1182859680.0000,0.316021,-0.659700
2015-10-27,11.6771126400,11.6512783200,11.7094055400,11.5479410400,37451195,673297504.0000,0.181547,-0.166000
2015-10-28,11.5996096800,11.5350238800,11.6189854200,11.5091895600,35544195,636052144.0000,0.172303,-0.997800
2015-10-29,11.5285653000,11.5027309800,11.5802339400,11.4962724000,27189186,485101168.0000,0.131801,-0.280000
2015-10-30,11.4898138200,11.5802339400,11.6771126400,11.4833552400,43475425,780550624.0000,0.210750,0.673800
2015-11-02,11.4833552400,11.5156481400,11.6512783200,11.4833552400,27526694,492637312.0000,0.133437,-0.557700
2015-11-03,11.5221067200,11.5608582000,11.6641954800,11.5221067200,34258849,616527504.0000,0.166072,0.392600
2015-11-04,11.6060682600,11.8579528800,11.8773286200,11.5285653000,62343814,1133352784.0000,0.302215,2.569800
2015-11-05,11.8192014000,11.9935830600,12.3229706400,11.7416984400,177602375,3329491840.0000,0.860938,1.143800
2015-11-06,11.9677487400,12.0646274400,12.0840031800,11.8192014000,95910098,1778266512.0000,0.464930,0.592400
2015-11-09,12.1098375000,12.3229706400,12.9042428400,12.1098375000,202697172,3926534192.0000,0.982586,2.141300
2015-11-10,12.1744233000,12.0387931200,12.2648434200,11.9871244800,85968188,1608819568.0000,0.416736,-2.306100
2015-11-11,12.0387931200,11.9096215200,12.0387931200,11.8256599800,50167495,925608704.0000,0.243190,-1.073000
2015-11-12,11.9806659000,11.7998256600,11.9935830600,11.7352398600,43502782,796449680.0000,0.210882,-0.921900
2015-11-13,11.7094055400,11.7158641200,11.8450357200,11.6835712200,35960742,653641216.0000,0.174322,-0.711600
2015-11-16,11.6319025800,11.6900298000,11.7352398600,11.5802339400,34169052,616059248.0000,0.165636,-0.220500
2015-11-17,11.7546156000,11.7158641200,11.9160801000,11.6771126400,58690618,1073245504.0000,0.284506,0.221000
2015-11-18,11.7739913400,11.7287812800,11.9160801000,11.6254440000,47020962,854764944.0000,0.227937,0.110300
2015-11-19,11.6771126400,11.7546156000,11.7869085000,11.6577369000,32778243,594877168.0000,0.158894,0.220300
2015-11-20,11.7223227000,11.7223227000,11.8127428200,11.6964883800,36231273,659327808.0000,0.175633,-0.274700
2015-11-23,11.7287812800,11.7481570200,11.8450357200,11.7029469600,47651030,869174112.0000,0.230991,0.220400
2015-11-24,11.7739913400,11.5479410400,11.7739913400,11.4316866000,62211098,1111420160.0000,0.301572,-1.704200
2015-11-25,11.5285653000,11.4510623400,11.5285653000,11.3412664800,66101173,1169696304.0000,0.320429,-0.838900
2015-11-26,11.4898138200,11.3218907400,11.5737753600,11.3025150000,63766044,1127051584.0000,0.309110,-1.128000
2015-11-27,11.3089735800,11.0054203200,11.3089735800,10.9150002000,67955529,1168267232.0000,0.329418,-2.795200
2015-11-30,11.0247960600,11.1087576000,11.1862605600,10.9666688400,55002022,940653600.0000,0.266625,0.939000
2015-12-01,11.1604262400,11.0506303800,11.1604262400,10.9214587800,39788453,678415744.0000,0.192877,-0.523300
2015-12-02,11.0635475400,11.5673167800,11.6189854200,11.0118789000,102164733,1800174800.0000,0.495249,4.675600
2015-12-03,11.4962724000,11.4833552400,11.6125268400,11.3735593800,71516047,1272599584.0000,0.346678,-0.725800
2015-12-04,11.3671008000,11.1410505000,11.4252280200,11.0635475400,51544534,895112352.0000,0.249865,-2.980900
2015-12-07,11.1087576000,11.2314706200,11.2702221000,11.0764647000,43689457,757778128.0000,0.211787,0.811600
2015-12-08,11.1733434000,11.2508463600,11.3800179600,11.0958404400,45180101,786526032.0000,0.219013,0.172500
2015-12-09,11.1927191400,11.2314706200,11.3606422200,11.1862605600,44067092,767061472.0000,0.213618,-0.172200
2015-12-10,11.2314706200,11.1475090800,11.3993937000,11.1152161800,44071740,767406848.0000,0.213640,-0.747600
2015-12-11,11.1281333400,10.9279173600,11.1475090800,10.7599942800,114185613,1927210912.0000,0.553521,-1.969900
2015-12-14,10.8181215000,11.0183374800,11.0377132200,10.6566570000,94142190,1575700880.0000,0.456360,0.827400
2015-12-15,10.9989617400,10.9989617400,11.0183374800,10.9150002000,46157831,784493840.0000,0.223753,-0.175800
2015-12-16,11.0312546400,10.9537516800,11.0377132200,10.8956244600,30786339,521687760.0000,0.149239,-0.411000
2015-12-17,10.9795860000,11.0441718000,11.0570889600,10.9472931000,50191055,856073248.0000,0.243304,0.825500
2015-12-18,11.0377132200,11.3154321600,11.6641954800,11.0054203200,156986555,2766475744.0000,0.761001,2.456100
2015-12-21,11.2573049400,11.7739913400,11.9160801000,11.2056363000,152603076,2749053920.0000,0.739752,4.052500
2015-12-22,11.7158641200,11.7998256600,11.8321185600,11.6641954800,94006477,1712026832.0000,0.455702,0.219400
2015-12-23,11.8062842400,11.7481570200,12.0840031800,11.7352398600,108842854,2005574304.0000,0.527622,-0.437900
2015-12-24,11.7416984400,11.7158641200,11.8256599800,11.6319025800,37409210,678405088.0000,0.181343,-0.274900
2015-12-25,11.7675327600,11.8385771400,11.8579528800,11.7546156000,48926300,894866176.0000,0.237173,1.047400
2015-12-28,11.8514943000,11.5221067200,11.8773286200,11.4962724000,48737935,876240576.0000,0.236260,-2.673200
2015-12-29,11.5156481400,11.5866925200,11.6060682600,11.4381451800,36577477,651978496.0000,0.177311,0.560500
2015-12-30,11.5608582000,11.7933670800,11.8192014000,11.3348079000,71266569,1275675600.0000,0.345469,1.783700
2015-12-31,11.7029469600,11.6189854200,11.8385771400,11.5673167800,72164923,1308243664.0000,0.349824,-1.478600
2016-01-04,11.5673167800,11.1604262400,11.5931511000,11.0829232800,37340569,650573712.0000,0.181011,-3.946600
2016-01-05,11.0893818600,11.1281333400,11.3348079000,10.9795860000,51577796,892179584.0000,0.250026,-0.289400
2016-01-06,11.1087576000,11.1798019800,11.1927191400,11.0183374800,31982691,551646032.0000,0.155038,0.464300
2016-01-07,11.0764647000,10.7664528600,11.0764647000,10.6631155800,19981533,335909456.0000,0.096862,-3.697300
2016-01-08,10.8504144000,10.8568729800,11.0183374800,10.7277013800,60822777,1024996336.0000,0.294842,0.839800
2016-01-11,10.7729114400,10.3595623200,10.7729114400,10.3337280000,65491242,1071917376.0000,0.317473,-4.580600
2016-01-12,10.3531037400,10.3208108400,10.4951925000,10.2562250400,46828222,751250880.0000,0.227003,-0.374100
2016-01-13,10.4693581800,10.2497664600,10.4693581800,10.1916392400,57343596,915062416.0000,0.277976,-0.688400
2016-01-14,10.0430919000,10.2626836200,10.3078936800,10.0237161600,42963031,678479488.0000,0.208266,0.126000
2016-01-15,10.2497664600,9.9978818400,10.2820593600,9.9785061000,34421564,539614096.0000,0.166861,-2.580200
2016-01-18,9.9397546200,9.9591303600,10.1399706000,9.9203788800,26735062,414899632.0000,0.129600,-0.387600
2016-01-19,10.0624676400,10.1464291800,10.1851806600,9.9139203000,38835180,605769312.0000,0.188256,1.880700
2016-01-20,10.0495504800,10.0237161600,10.1270534400,9.8428759200,38930681,602278608.0000,0.188719,-1.209400
2016-01-21,9.9526717800,9.8816274000,10.1270534400,9.8687102400,35322411,547241536.0000,0.171227,-1.417500
2016-01-22,9.9978818400,9.8687102400,10.0043404200,9.7718315400,30700816,469666144.0000,0.148824,-0.130700
2016-01-25,9.8751688200,9.9978818400,10.0043404200,9.8170416000,21843950,334419008.0000,0.105890,1.308900
2016-01-26,9.9010031400,9.5974498800,9.9397546200,9.5457812400,30208597,456333856.0000,0.146438,-4.005200
2016-01-27,9.6620356800,9.6878700000,9.8299587600,9.5845327200,51268841,771408368.0000,0.248529,0.942100
2016-01-28,9.6620356800,9.5070297600,9.7266214800,9.4424439600,25477946,379361552.0000,0.123506,-1.866700
2016-01-29,9.5264055000,9.6814114200,9.7395386400,9.4424439600,36467461,544618816.0000,0.176778,1.834200
2016-02-01,9.6749528400,9.5070297600,9.8041244400,9.3520238400,27035594,399202432.0000,0.131057,-1.801200
2016-02-02,9.4618197000,9.5909913000,9.6555771000,9.4618197000,18777772,279081136.0000,0.091026,0.883200
2016-02-03,9.5070297600,9.4747368600,9.5586984000,9.3972339000,23660799,346543312.0000,0.114697,-1.212100
2016-02-04,9.5522398200,9.6103670400,9.6426599400,9.4876540200,22319314,330677616.0000,0.108194,1.431500
2016-02-05,9.6232842000,9.5974498800,9.6426599400,9.5457812400,16885368,250744421.0000,0.081853,-0.134400
2016-02-15,9.3649410000,9.4682782800,9.5716155600,9.3455652600,19290819,282388048.0000,0.093513,-1.345900
2016-02-16,9.5393226600,9.6491185200,9.7201629000,9.5070297600,26569833,397122800.0000,0.128799,1.910000
2016-02-17,9.6555771000,9.7072457400,9.7330800600,9.6103670400,38285480,573493648.0000,0.185591,0.602400
2016-02-18,9.6555771000,9.6232842000,9.7266214800,9.6039084600,28765190,430450512.0000,0.139441,-0.864900
2016-02-19,9.6232842000,9.5264055000,9.6491185200,9.4811954400,22515437,333076960.0000,0.109145,-1.006700
2016-02-22,9.6103670400,9.6943285800,9.7589143800,9.5522398200,38640686,578307952.0000,0.187313,1.762700
2016-02-23,9.6943285800,9.5780741400,9.6943285800,9.5070297600,24862800,369124448.0000,0.120524,-1.199200
2016-02-24,9.5264055000,9.5651569800,9.6039084600,9.4747368600,21475072,316686624.0000,0.104102,-0.134900
2016-02-25,9.5651569800,9.2034765000,9.5651569800,9.1776421800,51130623,740824080.0000,0.247859,-3.781200
2016-02-26,9.2680623000,9.3326481000,9.4101510600,9.2228522400,28683994,413497072.0000,0.139047,1.403500
2016-02-29,9.3197309400,9.4036924800,9.4295268000,9.0678463200,48318546,692907440.0000,0.234227,0.761200
2016-03-01,9.4036924800,9.4618197000,9.5457812400,9.2745208800,32028783,467774896.0000,0.155261,0.618100
2016-03-02,9.5522398200,9.6620356800,9.6684942600,9.5070297600,60456293,897678352.0000,0.293065,2.116000
2016-03-03,9.6555771000,9.7847487000,9.8105830200,9.6297427800,53511876,803689984.0000,0.259402,1.270100
2016-03-04,9.7782901200,10.3143522600,10.3466451600,9.7007871600,164467881,2572638992.0000,0.797268,5.412500
2016-03-07,10.2691422000,10.1916392400,10.3337280000,10.1076777000,41066485,649708960.0000,0.199072,-1.189700
2016-03-08,10.1916392400,10.3078936800,10.3272694200,9.8235001800,45257082,704533968.0000,0.219386,1.140700
2016-03-09,10.1593463400,10.3660209000,10.3853966400,9.9526717800,74232024,1175103104.0000,0.359844,0.563900
2016-03-10,10.2174735600,10.1141362800,10.3208108400,10.1076777000,19886994,314373904.0000,0.096403,-2.429900
2016-03-11,10.0689262200,10.1787220800,10.1916392400,9.9591303600,32789560,512388944.0000,0.158949,0.638600
2016-03-14,10.1916392400,10.1528877600,10.3595623200,10.1076777000,31496816,500190848.0000,0.152683,-0.253800
2016-03-15,10.2110149800,10.2433078800,10.3272694200,10.0753848000,35520508,561733616.0000,0.172188,0.890600
2016-03-16,10.2562250400,10.6049883600,10.6243641000,10.1980978200,123657453,2016510064.0000,0.599437,3.530900
2016-03-17,10.5856126200,10.4822753400,10.5920712000,10.4047723800,46071149,748342352.0000,0.223333,-1.157100
2016-03-18,10.5856126200,10.4435238600,10.5920712000,10.3595623200,59577653,965239504.0000,0.288806,-0.369700
2016-03-21,10.4693581800,10.4758167600,10.6179055200,10.4047723800,50253793,816507328.0000,0.243608,0.309200
2016-03-22,10.5081096600,10.4564410200,10.6049883600,10.4370652800,33741962,548665824.0000,0.163566,-0.184900
2016-03-23,10.5016510800,10.4499824400,10.5210268200,10.4499824400,19140021,310370784.0000,0.092782,-0.061800
2016-03-24,10.4499824400,10.4047723800,10.4822753400,10.3401865800,23990803,386975648.0000,0.116297,-0.432600
2016-03-25,10.4112309600,10.4176895400,10.4628996000,10.3983138000,15929295,257057436.0000,0.077218,0.124100
2016-03-28,10.4306067000,10.2368493000,10.4628996000,10.2110149800,22137582,355104560.0000,0.107313,-1.735900
2016-03-29,10.2691422000,10.1980978200,10.3660209000,10.1787220800,19716528,313168224.0000,0.095577,-0.378600
2016-03-30,10.1980978200,10.4887339200,10.5274854000,10.1916392400,29675475,478252592.0000,0.143854,2.849900
2016-03-31,10.5274854000,10.3918552200,10.5597783000,10.3466451600,25949603,418715088.0000,0.125792,-0.923600
2016-04-01,10.4499824400,10.5081096600,10.5274854000,10.3208108400,38488344,620911568.0000,0.186574,1.118700
2016-04-05,10.4176895400,10.5533197200,10.5726954600,10.3789380600,39296938,637828880.0000,0.190494,0.430200
2016-04-06,10.4693581800,10.5016510800,10.5597783000,10.4564410200,30072583,488458864.0000,0.145779,-0.489600
2016-04-07,10.5404025600,10.3983138000,10.5597783000,10.3660209000,29556313,477567488.0000,0.143276,-0.984000
2016-04-08,10.3337280000,10.4370652800,10.4693581800,10.3208108400,22439805,361753056.0000,0.108778,0.372700
2016-04-11,10.4370652800,10.5339439800,10.7018670600,10.4306067000,31780847,521431216.0000,0.154059,0.928200
2016-04-12,10.5985297800,10.5210268200,10.5985297800,10.4112309600,17456359,284011232.0000,0.084621,-0.122600
2016-04-13,10.5856126200,10.6437398400,10.7729114400,10.3337280000,40046940,662526880.0000,0.194130,1.166400
2016-04-14,10.6566570000,10.6308226800,10.7729114400,10.5726954600,22984200,379056768.0000,0.111417,-0.121400
2016-04-15,10.6954084800,10.9343759400,11.0054203200,10.6308226800,58833767,990505856.0000,0.285200,2.855400
2016-04-18,10.8245800800,11.0183374800,11.1539676600,10.7987457600,50523260,862860032.0000,0.244914,0.767900
2016-04-19,11.1152161800,11.0506303800,11.1281333400,10.9925031600,30079607,515250048.0000,0.145813,0.293100
2016-04-20,11.0506303800,11.1927191400,11.2120948800,10.8504144000,78748333,1349077280.0000,0.381737,1.285800
2016-04-21,11.1539676600,11.4252280200,11.5802339400,11.0893818600,79412106,1395740400.0000,0.384955,2.077300
2016-04-22,11.3671008000,11.5414824600,11.6383611600,11.3412664800,55625558,993784336.0000,0.269648,1.017500
2016-04-25,11.4639795000,11.5608582000,11.5996096800,11.2443877800,39667820,705132096.0000,0.192292,0.167900
2016-04-26,11.5027309800,11.5673167800,11.5931511000,11.3671008000,39021652,697015472.0000,0.189160,0.055900
2016-04-27,11.5608582000,11.5479410400,11.5931511000,11.5027309800,25071611,448803376.0000,0.121536,-0.167500
2016-04-28,11.5802339400,11.5479410400,11.5802339400,11.4123108600,28195786,503333040.0000,0.136681,0.000000
2016-04-29,11.5414824600,11.4639795000,11.5737753600,11.4510623400,19001557,338329936.0000,0.092111,-0.727100
2016-05-03,11.4898138200,11.4316866000,11.5285653000,11.3412664800,35053706,620494464.0000,0.169925,-0.281700
2016-05-04,11.4316866000,11.3993937000,11.4381451800,11.3606422200,24388752,430847904.0000,0.118226,-0.282500
2016-05-05,11.3993937000,11.3800179600,11.4316866000,11.2766806800,20305075,357190016.0000,0.098430,-0.170000
2016-05-06,11.3800179600,11.1862605600,11.3993937000,11.1733434000,29666028,519899760.0000,0.143808,-1.702600
2016-05-09,11.1927191400,11.1733434000,11.2702221000,11.1152161800,23597962,408579616.0000,0.114392,-0.115500
2016-05-10,11.0506303800,11.0054203200,11.2443877800,10.9666688400,28801521,496178896.0000,0.139617,-1.502900
2016-05-11,11.0183374800,11.0764647000,11.1862605600,11.0183374800,20807100,358012832.0000,0.100864,0.645500
2016-05-12,10.9925031600,11.2766806800,11.3541836400,10.9925031600,26079241,453541568.0000,0.126421,1.807600
2016-05-13,11.2443877800,11.3477250600,11.3800179600,11.1991777200,23912086,419456608.0000,0.115915,0.630000
2016-05-16,11.3348079000,11.3025150000,11.3929351200,11.2895978400,37999862,667673552.0000,0.184207,-0.398400
2016-05-17,11.2960564200,11.2895978400,11.3218907400,11.2314706200,13498637,235712612.0000,0.065435,-0.114300
2016-05-18,11.2443877800,11.5091895600,11.5414824600,11.2314706200,46174348,814897792.0000,0.223833,1.945100
2016-05-19,11.4575209200,11.5027309800,11.5350238800,11.4123108600,17097754,304549552.0000,0.082882,-0.056100
2016-05-20,11.4704380800,11.5479410400,11.5802339400,11.4316866000,14502842,259055461.0000,0.070303,0.393000
2016-05-23,11.5479410400,11.3154321600,11.6060682600,11.2895978400,16849858,297555968.0000,0.081681,-2.013400
2016-05-24,11.3089735800,11.1927191400,11.3089735800,11.1862605600,8825574,153638720.0000,0.042782,-1.084500
2016-05-25,11.3606422200,11.3348079000,11.3606422200,11.2637635200,10291661,180397501.0000,0.049889,1.269500
2016-05-26,11.3025150000,11.4252280200,11.4962724000,11.3025150000,12788326,226478696.0000,0.061992,0.797700
2016-05-27,11.4768966600,11.4058522800,11.4768966600,11.3800179600,7414410,131180233.0000,0.035942,-0.169600
2016-05-30,11.4639795000,11.5221067200,11.5414824600,11.3800179600,20754633,369200400.0000,0.100609,1.019300
2016-05-31,11.5479410400,11.6254440000,11.6448197400,11.5027309800,41139084,739952864.0000,0.199424,0.896900
2016-06-01,11.6835712200,11.5156481400,11.6835712200,11.4510623400,22013672,393579392.0000,0.106713,-0.944400
2016-06-02,11.5091895600,11.4510623400,11.5479410400,11.4058522800,10755312,190719567.0000,0.052137,-0.560900
2016-06-03,11.4962724000,11.4833552400,11.5156481400,11.4381451800,9852612,175174612.0000,0.047761,0.282000
2016-06-06,11.4510623400,11.3929351200,11.5156481400,11.3412664800,12770352,225235543.0000,0.061905,-0.787400
2016-06-07,11.4704380800,11.4962724000,11.5414824600,11.3606422200,11250355,199544447.0000,0.054537,0.907000
2016-06-08,11.4639795000,11.4768966600,11.5221067200,11.3993937000,9514926,168924714.0000,0.046124,-0.168500
2016-06-13,11.3541836400,11.1862605600,11.4898138200,11.1668848200,16220713,284764736.0000,0.078631,-2.532400
2016-06-14,11.1927191400,11.2250120400,11.3025150000,11.1668848200,10953458,190753279.0000,0.053098,0.346400
2016-06-15,11.1410505000,11.2314706200,11.2766806800,11.1410505000,18735848,325485984.0000,0.090823,0.057500
2016-06-16,11.1475090800,11.2379292000,11.2766806800,11.1475090800,22113862,384653680.0000,0.107198,0.057500
2016-06-17,11.2250120400,11.3025150000,11.4123108600,11.2185534600,13760241,241308424.0000,0.066704,0.574700
2016-06-20,11.3800179600,11.3089735800,11.3864765400,11.2508463600,15697188,274976160.0000,0.076093,0.057100
2016-06-21,11.3218907400,11.3283493200,11.4316866000,11.3025150000,11327069,198765339.0000,0.054909,0.171300
2016-06-22,11.3025150000,11.3025150000,11.3671008000,11.2766806800,10067280,176398272.0000,0.048802,-0.228100
2016-06-23,11.3154321600,11.1475090800,11.3218907400,11.1345919200,16061133,278405104.0000,0.077857,-1.371400
2016-06-24,11.1475090800,11.1410505000,11.2250120400,11.0958404400,60859919,1049167952.0000,0.295022,-0.057900
2016-06-27,11.1410505000,11.1604262400,11.1927191400,11.0958404400,19507706,336583696.0000,0.094565,0.173900
2016-06-28,11.1410505000,11.1668848200,11.1862605600,11.1152161800,13011644,224492913.0000,0.063075,0.057900
2016-06-29,11.1798019800,11.2702221000,11.2960564200,11.1539676600,21673574,376575248.0000,0.105064,0.925400
2016-06-30,11.2831392600,11.3025150000,11.3348079000,11.2314706200,17540455,306680976.0000,0.085028,0.286500
2016-07-01,11.3025150000,11.3864765400,11.4058522800,11.2960564200,10987843,193394881.0000,0.053264,0.742900
2016-07-04,11.3864765400,11.4446037600,11.5737753600,11.3864765400,17703319,314424400.0000,0.085818,0.510500
2016-07-05,11.4898138200,11.3412664800,11.4898138200,11.2702221000,18612287,327013872.0000,0.090224,-0.902900
2016-07-06,11.3218907400,11.2508463600,11.3283493200,11.1798019800,20750617,361529680.0000,0.100590,-0.797300
2016-07-07,11.2443877800,11.3089735800,11.3154321600,11.2056363000,15267455,266195435.0000,0.074010,0.516600
2016-07-08,11.3025150000,11.2314706200,11.3089735800,11.2056363000,15216146,264677220.0000,0.073761,-0.685300
2016-07-11,11.2960564200,11.2895978400,11.3348079000,11.2379292000,16014159,280096752.0000,0.077630,0.517500
2016-07-12,11.2895978400,11.4381451800,11.4639795000,11.2766806800,25432037,447846592.0000,0.123283,1.315800
2016-07-13,11.5120794600,11.4583161000,11.6868103800,11.4381548400,28897003,495868848.0000,0.140080,0.176300
2016-07-14,11.4717569400,11.4851977800,11.5322407200,11.4247140000,12689532,216401318.0000,0.061513,0.234600
2016-07-15,11.4784773600,11.5187998800,11.5389611400,11.4784773600,11071520,189627730.0000,0.053670,0.292600
2016-07-18,11.5255203000,11.5994449200,11.7540145800,11.5120794600,24665203,427061952.0000,0.119566,0.700100
2016-07-19,11.5994449200,11.5053590400,11.6464878600,11.4851977800,13979788,239922726.0000,0.067768,-0.811100
2016-07-20,11.4919182000,11.4717569400,11.5187998800,11.4381548400,11715176,199854451.0000,0.056790,-0.292100
2016-07-21,11.4717569400,11.5860040800,11.6061653400,11.4717569400,14602427,251047870.0000,0.070786,0.995900
2016-07-22,11.5927245000,11.4784773600,11.5927245000,11.4448752600,10029423,171933047.0000,0.048618,-0.928100
2016-07-25,11.4851977800,11.5053590400,11.5456815600,11.4314344200,8101064,138621909.0000,0.039270,0.234200
2016-07-26,11.4583161000,11.5389611400,11.5591224000,11.4583161000,11738263,201245058.0000,0.056902,0.292100
2016-07-27,11.5591224000,11.6733695400,11.6800899600,11.3507893800,32117298,550792720.0000,0.155690,1.164800
2016-07-28,11.5524019800,11.5187998800,11.6196061800,11.4851977800,19631362,337013584.0000,0.095164,-1.324100
2016-07-29,11.5255203000,11.5322407200,11.5792836600,11.4515956800,12191855,208810744.0000,0.059101,0.116700
2016-08-01,11.5255203000,11.5456815600,11.5860040800,11.4919182000,19899307,341922848.0000,0.096463,0.116600
2016-08-02,11.5658428200,11.5255203000,11.5927245000,11.5053590400,9829628,168764725.0000,0.047650,-0.174600
2016-08-03,11.4784773600,11.4717569400,11.5322407200,11.4314344200,9358504,159753550.0000,0.045366,-0.466500
2016-08-04,11.4986386200,11.4650365200,11.5053590400,11.4112731600,11819369,201351096.0000,0.057295,-0.058600
2016-08-05,11.4650365200,11.4919182000,11.5255203000,11.4583161000,16765602,286702384.0000,0.081272,0.234500
2016-08-08,11.5187998800,11.5120794600,11.5255203000,11.4717569400,13151009,225246259.0000,0.063750,0.175400
2016-08-09,11.5120794600,11.5389611400,11.5591224000,11.4919182000,25438728,436213104.0000,0.123316,0.233500
2016-08-10,11.5389611400,11.6128857600,11.6196061800,11.5255203000,18767677,323678688.0000,0.090977,0.640700
2016-08-11,11.6263266000,11.7271329000,12.0093905400,11.5994449200,31236343,549682864.0000,0.151420,0.983800
2016-08-12,11.7674554200,12.0900355800,12.0967560000,11.7405737400,44516136,794255424.0000,0.215795,3.094600
2016-08-15,12.1639602000,12.3790136400,12.7620775800,12.1101968400,81739230,1520048912.0000,0.396236,2.390200
2016-08-16,12.5268628800,12.3050890200,12.6814325400,12.1774010400,60274344,1105739952.0000,0.292183,-0.597200
2016-08-17,12.3857340600,12.3655728000,12.5537445600,12.3050890200,21907973,404343024.0000,0.106200,0.491500
2016-08-18,12.3185298600,12.2513256600,12.5335833000,12.1841214600,32383832,596924096.0000,0.156982,-0.923900
2016-08-19,12.3252502800,12.5134220400,12.6007875000,12.3050890200,39254763,729182464.0000,0.190290,2.139300
2016-08-22,12.5134220400,12.5604649800,12.6343896000,12.4394974200,20821260,388697504.0000,0.100932,0.375900
2016-08-23,12.5067016200,12.5403037200,12.7687980000,12.4462178400,28823168,542400832.0000,0.139722,-0.160500
2016-08-24,12.5403037200,12.5134220400,12.5671854000,12.3857340600,19140890,354910032.0000,0.092787,-0.214400
2016-08-25,12.4798199400,12.4394974200,12.5268628800,12.2244439800,19466504,358081680.0000,0.094365,-0.590800
2016-08-26,12.4260565800,12.4663791000,12.4999812000,12.3924544800,16920681,313827456.0000,0.082024,0.216100
2016-08-29,12.4058953200,12.2782073400,12.4193361600,12.1169172600,20536484,374404160.0000,0.099552,-1.509400
2016-08-30,12.2580460800,12.3924544800,12.4462178400,12.2513256600,19118919,352596192.0000,0.092680,0.930500
2016-08-31,12.3386911200,12.5201424600,12.6075079200,12.3386911200,15610697,290862560.0000,0.075674,1.030400
2016-09-01,12.4999812000,12.5134220400,12.6209487600,12.4663791000,15545243,290828336.0000,0.075356,-0.053700
2016-09-02,12.4462178400,12.5537445600,12.5806262400,12.4193361600,17861657,332984784.0000,0.086585,0.322200
2016-09-05,12.5537445600,12.6007875000,12.6478304400,12.4798199400,19865500,372168096.0000,0.096299,0.374731
2016-09-06,12.6007875000,12.4394974200,12.6209487600,12.3857340600,17939403,334156288.0000,0.086962,-1.279999
2016-09-07,12.4394974200,12.4730995200,12.5134220400,12.3655728000,17706315,328123072.0000,0.085832,0.270120
2016-09-08,12.4865403600,12.4529382600,12.5201424600,12.4193361600,8320207,154289421.0000,0.040333,-0.161631
2016-09-09,12.4462178400,12.3185298600,12.4798199400,12.3050890200,8670862,159932157.0000,0.042033,-1.079335
2016-09-12,12.2042827200,12.0295518000,12.2177235600,11.9690680200,28128406,506037328.0000,0.136354,-2.345883
2016-09-13,12.0362722200,12.0362722200,12.1505193600,12.0295518000,13541708,243518992.0000,0.065644,0.055867
2016-09-14,12.0900355800,11.7876166800,12.0900355800,11.7472941600,22219675,393779456.0000,0.107711,-2.065879
2016-09-19,11.7943371000,11.9690680200,12.0161109600,11.7943371000,16820168,299454576.0000,0.081537,1.539330
2016-09-20,11.9623476000,11.9220250800,11.9959497000,11.8749821400,10250971,182019360.0000,0.049692,-0.393036
2016-09-21,11.9287455000,12.0161109600,12.0631539000,11.9287455000,7672304,137141040.0000,0.037192,0.789174
2016-09-22,12.0900355800,12.0765947400,12.2110031400,12.0161109600,12354837,222945149.0000,0.059891,0.503357
2016-09-23,12.0900355800,12.0833151600,12.1572397800,12.0497130600,13553186,244168358.0000,0.065700,0.055650
2016-09-26,12.0362722200,12.0967560000,12.1572397800,11.9959497000,14699757,264867529.0000,0.071258,0.111237
2016-09-27,12.0765947400,12.1437989400,12.1639602000,12.0564334800,10001267,180407342.0000,0.048482,0.388887
2016-09-28,12.1370785200,12.0228313800,12.1370785200,11.9825088600,10734706,192234021.0000,0.052037,-0.996128
2016-09-29,12.0698743200,12.0967560000,12.1437989400,12.0429926400,10309280,185631397.0000,0.049975,0.614872
2016-09-30,12.0698743200,12.0967560000,12.1639602000,12.0631539000,8430817,152065854.0000,0.040869,0.000000
2016-10-10,12.1169172600,12.2983686000,12.3521319600,12.1169172600,19093895,348345888.0000,0.092559,1.666662
2016-10-11,12.3185298600,12.3185298600,12.4260565800,12.2714869200,12929420,237561461.0000,0.062676,0.163938
2016-10-12,12.2849277600,12.1975623000,12.3050890200,12.1639602000,10479969,190617618.0000,0.050802,-0.981998
2016-10-13,12.1975623000,12.1572397800,12.2378848200,12.1303581000,10559824,191543016.0000,0.051189,-0.330576
2016-10-14,12.1639602000,12.1639602000,12.1975623000,12.0967560000,12238516,221243821.0000,0.059327,0.055280
2016-10-17,12.1437989400,12.0026701200,12.1639602000,11.9825088600,12238087,219660672.0000,0.059325,-1.325966
2016-10-18,12.0026701200,12.0497130600,12.0900355800,11.9892292800,14301948,256039353.0000,0.069330,0.391936
2016-10-19,12.0497130600,12.0161109600,12.1303581000,11.9825088600,11930149,213904312.0000,0.057832,-0.278869
2016-10-20,12.0295518000,12.0228313800,12.0833151600,11.9825088600,12357910,220968790.0000,0.059906,0.055930
2016-10-21,12.0362722200,12.0362722200,12.0497130600,11.9757884400,12436352,222194728.0000,0.060286,0.111797
2016-10-24,12.0497130600,12.3050890200,12.3790136400,12.0026701200,29156035,531562128.0000,0.141336,2.233387
2016-10-25,12.3050890200,12.1841214600,12.4058953200,12.1572397800,19758214,360605408.0000,0.095779,-0.983071
2016-10-26,12.1774010400,12.0765947400,12.1975623000,12.0631539000,14336807,258759657.0000,0.069499,-0.882514
2016-10-27,12.1370785200,11.9690680200,12.1370785200,11.9421863400,21825012,389363392.0000,0.105798,-0.890372
2016-10-28,11.9623476000,12.0295518000,12.1303581000,11.9623476000,20411626,365151760.0000,0.098947,0.505335
2016-10-31,12.0093905400,12.0026701200,12.0698743200,11.9085842400,12893323,230491027.0000,0.062501,-0.223458
2016-11-01,12.0093905400,12.0833151600,12.0900355800,11.9556271800,18940536,339544656.0000,0.091815,0.671887
2016-11-02,12.0026701200,11.9892292800,12.0564334800,11.9354659200,30953599,551269824.0000,0.150049,-0.778640
2016-11-03,11.9825088600,12.0497130600,12.0765947400,11.9556271800,27080968,484543264.0000,0.131277,0.504485
2016-11-04,12.0295518000,12.0362722200,12.0967560000,12.0093905400,26938815,483274400.0000,0.130587,-0.111547
2016-11-07,12.0362722200,12.0228313800,12.0497130600,11.9959497000,20825832,372548928.0000,0.100954,-0.111672
2016-11-08,12.0429926400,12.0900355800,12.1370785200,12.0228313800,26234851,471517520.0000,0.127175,0.558974
2016-11-09,12.0967560000,12.0228313800,12.1505193600,11.9421863400,34243788,612494736.0000,0.165999,-0.555867
2016-11-10,12.0631539000,12.0967560000,12.1706806200,12.0564334800,27117031,489248976.0000,0.131451,0.614872
2016-11-11,12.0631539000,12.1101968400,12.1505193600,12.0497130600,27634854,497447008.0000,0.133962,0.111114
2016-11-14,12.0967560000,12.1236376800,12.2647665000,12.0631539000,35354071,641245328.0000,0.171381,0.110990
2016-11-15,12.1639602000,12.2177235600,12.2580460800,12.1169172600,25650732,465084624.0000,0.124343,0.776050
2016-11-16,12.2513256600,12.1774010400,12.2916481800,12.1303581000,23521274,427162272.0000,0.114021,-0.330030
2016-11-17,12.1706806200,12.1774010400,12.1908418800,12.1034764200,27177326,491383024.0000,0.131744,0.000000
2016-11-18,12.1774010400,12.1639602000,12.2042827200,12.1169172600,18551458,335802160.0000,0.089929,-0.110378
2016-11-21,12.1505193600,12.3252502800,12.5537445600,12.1505193600,41347641,760532544.0000,0.200435,1.325966
2016-11-22,12.3454115400,12.3454115400,12.4260565800,12.2849277600,52492006,964268064.0000,0.254458,0.163581
2016-11-23,12.3655728000,12.6612712800,12.7015938000,12.3454115400,66351510,1243122112.0000,0.321643,2.558515
2016-11-24,12.6142283400,12.5940670800,12.7486367400,12.5067016200,26750197,502543840.0000,0.129673,-0.530788
2016-11-25,12.6343896000,12.7620775800,12.7822388400,12.5403037200,40943311,772447184.0000,0.198475,1.334045
2016-11-28,12.8360022000,12.5335833000,12.9032064000,12.4462178400,85146467,1604490624.0000,0.412752,-1.790417
2016-11-29,12.5335833000,12.6007875000,12.6075079200,12.4394974200,49107994,915066944.0000,0.238054,0.536195
2016-11-30,12.6075079200,12.4663791000,12.6478304400,12.4126157400,39129809,727802160.0000,0.189684,-1.066671
2016-12-01,12.4663791000,12.4260565800,12.5268628800,12.3722932200,53798959,997774288.0000,0.260794,-0.323447
2016-12-02,12.4529382600,12.4260565800,12.4596586800,12.2580460800,48392142,891327408.0000,0.234584,0.000000
2016-12-05,12.3588523800,12.5403037200,12.5470241400,12.3252502800,50351765,933953840.0000,0.244083,0.919416
2016-12-06,12.5403037200,12.4999812000,12.6209487600,12.4798199400,31729059,592585856.0000,0.153808,-0.321541
2016-12-07,12.5335833000,12.5134220400,12.5739058200,12.4865403600,12167226,226701438.0000,0.058981,0.107529
2016-12-08,12.5470241400,12.6075079200,12.6881529600,12.5134220400,26930735,505299968.0000,0.130548,0.751876
2016-12-09,12.6075079200,12.9032064000,12.9972922800,12.6007875000,62582113,1197391296.0000,0.303370,2.345418
2016-12-12,12.8763247200,12.9368085000,13.2056253000,12.7015938000,79488183,1530135056.0000,0.385324,0.260413
2016-12-13,12.8292817800,12.6881529600,12.9032064000,12.6411100200,24933178,471987680.0000,0.120865,-1.922082
2016-12-14,12.6343896000,12.6478304400,12.8628838800,12.6343896000,32780688,621281024.0000,0.158906,-0.317794
2016-12-15,12.5873466600,12.2580460800,12.5873466600,12.2311644000,36612461,673540672.0000,0.177481,-3.081827
2016-12-16,12.2580460800,12.2177235600,12.3655728000,12.1774010400,24216836,441962352.0000,0.117393,-0.328944
2016-12-19,12.1975623000,12.1034764200,12.2177235600,12.0497130600,24624487,443900192.0000,0.119369,-0.935094
2016-12-20,12.0900355800,11.9556271800,12.0900355800,11.8951434000,29800167,531016960.0000,0.144458,-1.221540
2016-12-21,11.9825088600,11.9690680200,12.0833151600,11.9421863400,30868403,551372352.0000,0.149636,0.112415
2016-12-22,11.9959497000,11.9085842400,11.9959497000,11.8615413000,21923062,388437360.0000,0.106273,-0.505335
2016-12-23,11.9421863400,11.8279392000,11.9421863400,11.7876166800,18108164,319060384.0000,0.087780,-0.677195
2016-12-26,11.8010575200,11.9287455000,11.9421863400,11.6868103800,16343100,287481232.0000,0.079224,0.852271
2016-12-27,11.9153046600,11.9018638200,11.9757884400,11.8615413000,10090799,179187227.0000,0.048916,-0.225357
2016-12-28,11.9085842400,11.8413800400,11.9421863400,11.7540145800,26787189,470097376.0000,0.129852,-0.508178
2016-12-29,11.8279392000,11.7540145800,11.8413800400,11.7136920600,28439191,497576064.0000,0.137861,-0.737804
2016-12-30,11.7808962600,11.8279392000,11.8346596200,11.7405737400,22725952,398354144.0000,0.110165,0.628934
2017-01-03,11.8279392000,12.0698743200,12.0833151600,11.8077779400,30458320,543437232.0000,0.147648,2.045447
2017-01-04,12.0295518000,12.1101968400,12.1706806200,11.9959497000,25665746,461916736.0000,0.124416,0.334083
2017-01-05,12.1303581000,12.1639602000,12.2378848200,12.1169172600,24563935,445323280.0000,0.119075,0.443951
2017-01-06,12.1639602000,12.0698743200,12.2042827200,12.0698743200,17487854,315460240.0000,0.084773,-0.773488
2017-01-09,12.1303581000,12.0564334800,12.1841214600,12.0362722200,17346031,312457104.0000,0.084086,-0.111351
2017-01-10,12.0631539000,12.0564334800,12.1572397800,12.0362722200,10668237,191855417.0000,0.051715,0.000000
2017-01-11,12.1169172600,12.0698743200,12.1437989400,12.0497130600,13428968,241615359.0000,0.065098,0.111475
2017-01-12,12.0631539000,12.0967560000,12.1841214600,12.0564334800,14095858,254229662.0000,0.068330,0.222722
2017-01-13,12.0967560000,12.2446052400,12.3521319600,12.0833151600,25117871,456928160.0000,0.121760,1.222218
2017-01-16,12.2177235600,12.4865403600,12.4932607800,12.2042827200,75104666,1385245872.0000,0.364074,1.975854
2017-01-17,12.4327770000,12.3991749000,12.4932607800,12.3857340600,23566010,435835488.0000,0.114238,-0.699673
2017-01-18,12.4260565800,12.4932607800,12.5067016200,12.4126157400,17879565,331977184.0000,0.086672,0.758804
2017-01-19,12.4663791000,12.4462178400,12.5940670800,12.4394974200,13117422,244232036.0000,0.063587,-0.376545
2017-01-20,12.4596586800,12.4932607800,12.5335833000,12.4126157400,21739051,403155088.0000,0.105381,0.377968
2017-01-23,12.5537445600,12.4327770000,12.6075079200,12.3722932200,19879818,369761616.0000,0.096369,-0.484132
2017-01-24,12.4932607800,12.6814325400,12.6881529600,12.4327770000,25543630,479286640.0000,0.123824,2.000005
2017-01-25,12.6411100200,12.6881529600,12.7351959000,12.5537445600,15272178,287271136.0000,0.074033,0.052985
2017-01-26,12.7015938000,12.7687980000,12.9368085000,12.6478304400,27318666,521508256.0000,0.132429,0.635598
2017-02-03,12.8225613600,12.5671854000,12.8225613600,12.5403037200,23307310,437172384.0000,0.112984,-1.578943
2017-02-06,12.6881529600,12.5134220400,12.7015938000,12.4596586800,24044319,449830960.0000,0.116556,-0.427807
2017-02-07,12.5201424600,12.4798199400,12.5537445600,12.4663791000,22941249,426839072.0000,0.111209,-0.268535
2017-02-08,12.4663791000,12.4999812000,12.4999812000,12.4193361600,19710326,365540224.0000,0.095547,0.161555
2017-02-09,12.4932607800,12.5873466600,12.7217550600,12.4932607800,22249868,418114736.0000,0.107858,0.698920
2017-02-10,12.6747121200,12.7015938000,12.7486367400,12.5873466600,39642813,748379536.0000,0.192171,0.907635
2017-02-13,12.7015938000,12.7486367400,12.8292817800,12.6948733800,25330996,480693328.0000,0.122793,0.370369
2017-02-14,12.7687980000,12.6814325400,12.7889592600,12.6411100200,23787741,449426416.0000,0.115312,-0.527140
2017-02-15,12.7486367400,12.8561634600,12.9233676600,12.7015938000,59684478,1140926368.0000,0.289324,1.377839
2017-02-16,12.8964859800,12.8628838800,12.9972922800,12.7956796800,35223424,674770080.0000,0.170748,0.052275
2017-02-17,12.8964859800,12.7822388400,12.9233676600,12.7553571600,17980608,343397824.0000,0.087162,-0.626954
2017-02-20,12.7889592600,13.0376148000,13.1048190000,12.7553571600,44635085,864176288.0000,0.216371,1.997893
2017-02-21,13.0577760600,13.0443352200,13.3131520200,13.0308943800,30056784,588854416.0000,0.145702,0.051548
2017-02-22,13.0577760600,13.0376148000,13.1518619400,12.9704106000,22550262,437723376.0000,0.109314,-0.051521
2017-02-23,13.0443352200,13.0241739600,13.0644964800,12.9502493400,15656602,303013872.0000,0.075896,-0.103095
2017-02-24,13.0241739600,13.0577760600,13.1048190000,12.9502493400,20702260,401104880.0000,0.100355,0.258004
2017-02-27,13.0241739600,13.0443352200,13.1518619400,12.9435289200,25452155,494391312.0000,0.123381,-0.102936
2017-02-28,13.0376148000,13.0644964800,13.1585823600,13.0107331200,16595374,323451600.0000,0.080447,0.154563
2017-03-01,13.0712169000,12.9972922800,13.1115394200,12.9569697600,23983933,464816272.0000,0.116264,-0.514405
2017-03-02,13.0241739600,12.8360022000,13.0712169000,12.8158409400,24151335,463994960.0000,0.117075,-1.240950
2017-03-03,12.8158409400,12.7755184200,12.8830451400,12.7351959000,16972146,323332720.0000,0.082273,-0.471205
2017-03-06,12.7755184200,12.8091205200,13.0308943800,12.7687980000,23808114,457260944.0000,0.115411,0.263015
2017-03-07,12.8360022000,12.9300880800,12.9636901800,12.7486367400,25247832,482993296.0000,0.122390,0.944388
2017-03-08,12.8494430400,12.9636901800,13.0040127000,12.8225613600,19486576,374347184.0000,0.094462,0.259881
2017-03-09,12.9368085000,12.8024001000,12.9368085000,12.7150346400,23195322,441475792.0000,0.112441,-1.244177
2017-03-10,12.7822388400,12.7083142200,12.8024001000,12.6545508600,20905258,394814384.0000,0.101339,-0.734905
2017-03-13,12.6948733800,12.7889592600,12.8024001000,12.6411100200,17056107,323081968.0000,0.082680,0.634589
2017-03-14,12.7956796800,12.8360022000,12.8964859800,12.7822388400,18159274,346992944.0000,0.088028,0.367839
2017-03-15,12.8360022000,12.7755184200,12.8561634600,12.7419163200,21828414,415062768.0000,0.105814,-0.471205
2017-03-16,12.8360022000,12.8091205200,12.9368085000,12.7822388400,31185472,596890768.0000,0.151173,0.263015
2017-03-17,12.8830451400,12.6411100200,12.9099268200,12.6209487600,35535357,675517904.0000,0.172260,-1.311647
2017-03-20,12.6948733800,12.6075079200,12.7351959000,12.5067016200,33463011,627135952.0000,0.162214,-0.265812
2017-03-21,12.6007875000,12.6075079200,12.6545508600,12.5335833000,40184805,752524928.0000,0.194798,0.000000
2017-03-22,12.5940670800,12.4462178400,12.6007875000,12.4193361600,46907976,871125184.0000,0.227389,-1.279316
2017-03-23,12.4462178400,12.5268628800,12.6411100200,12.4193361600,40943140,766200256.0000,0.198474,0.647942
2017-03-24,12.6142283400,12.6209487600,12.6276691800,12.5201424600,32781646,613249808.0000,0.158911,0.751080
2017-03-27,12.6276691800,12.8360022000,12.9838514400,12.6276691800,80019192,1531802496.0000,0.387898,1.703939
2017-03-28,12.9368085000,12.7486367400,12.9771310200,12.7083142200,42027343,801684352.0000,0.203730,-0.680634
2017-03-29,12.7620775800,12.8292817800,12.8763247200,12.7553571600,44934719,857221808.0000,0.217824,0.632582
2017-03-30,12.8292817800,12.7822388400,12.8696043000,12.7419163200,25726855,490686368.0000,0.124712,-0.366683
2017-03-31,12.7822388400,12.8830451400,12.9368085000,12.7822388400,33962346,650952944.0000,0.164634,0.788641
2017-04-05,12.9166472400,12.8158409400,12.9636901800,12.7755184200,48602592,929280304.0000,0.235604,-0.521650
2017-04-06,12.8024001000,12.7956796800,12.8427226200,12.7217550600,34096737,648458304.0000,0.165286,-0.157309
2017-04-07,12.8024001000,12.6948733800,12.8225613600,12.6478304400,44034033,833989120.0000,0.213458,-0.787823
2017-04-10,12.7217550600,12.7083142200,12.7486367400,12.5671854000,32313532,609971568.0000,0.156642,0.105879
2017-04-11,12.7083142200,12.7822388400,12.8024001000,12.6881529600,39407570,748244176.0000,0.191030,0.581706
2017-04-12,12.7822388400,12.8024001000,12.8494430400,12.7015938000,32143538,611280992.0000,0.155818,0.157722
2017-04-13,12.7956796800,12.7150346400,12.8024001000,12.6679917000,26704897,505235744.0000,0.129454,-0.682410
2017-04-14,12.7083142200,12.6478304400,12.7284754800,12.5335833000,30142700,564136336.0000,0.146118,-0.528543
2017-04-17,12.6142283400,12.6881529600,12.7015938000,12.4999812000,40758304,763022080.0000,0.197578,0.318807
2017-04-18,12.6343896000,12.4999812000,12.6679917000,12.4999812000,31585792,591650464.0000,0.153114,-1.483045
2017-04-19,12.4865403600,12.4058953200,12.6007875000,12.3655728000,30928072,573673712.0000,0.149926,-0.752695
2017-04-20,12.4932607800,12.3588523800,12.4999812000,12.3521319600,28367769,523852160.0000,0.137514,-0.379197
2017-04-21,12.4327770000,12.6343896000,12.7217550600,12.3588523800,49743044,935678848.0000,0.241132,2.229472
2017-04-24,12.6948733800,12.7083142200,12.7755184200,12.6343896000,37143301,703849040.0000,0.180054,0.585110
2017-04-25,12.7351959000,12.7419163200,12.8091205200,12.6209487600,40879001,773462784.0000,0.198163,0.264406
2017-04-26,12.7486367400,12.8427226200,12.8897655600,12.7083142200,42419144,810267728.0000,0.205629,0.791147
2017-04-27,12.7755184200,12.7553571600,12.8225613600,12.6545508600,34557480,654130096.0000,0.167519,-0.680278
2017-04-28,12.8360022000,12.8561634600,12.9300880800,12.7755184200,49459693,945369168.0000,0.239759,0.790304
2017-05-02,12.8628838800,12.7755184200,12.9099268200,12.7284754800,27786907,529881136.0000,0.134699,-0.627281
2017-05-03,12.7620775800,12.7217550600,12.7889592600,12.6679917000,18057905,342113792.0000,0.087537,-0.420831
2017-05-04,12.7351959000,12.6007875000,12.7486367400,12.5403037200,39673390,743771328.0000,0.192319,-0.950873
2017-05-05,12.6276691800,12.6343896000,12.6612712800,12.4596586800,34318443,640625536.0000,0.166361,0.266663
2017-05-08,12.5470241400,12.6276691800,12.6747121200,12.5335833000,42998487,806982672.0000,0.208438,-0.053183
2017-05-09,12.6343896000,12.6276691800,12.6679917000,12.5940670800,14905601,280094864.0000,0.072256,0.000000
2017-05-10,12.6679917000,12.7822388400,12.8897655600,12.6411100200,42066330,802326320.0000,0.203919,1.224053
2017-05-11,12.8292817800,12.9435289200,13.0712169000,12.7687980000,47193321,909384832.0000,0.228772,1.261828
2017-05-12,12.9368085000,13.6693342800,13.6962159600,12.8964859800,122392416,2442104352.0000,0.593304,5.607476
2017-05-15,13.7432589000,13.8911081400,14.1800862000,13.7230976400,83559057,1738353328.0000,0.405057,1.622419
2017-05-16,13.8104631000,13.7701405800,13.9381510800,13.6693342800,64731794,1325991072.0000,0.313791,-0.870829
2017-05-17,13.6827751200,13.5685279800,13.7970222600,13.4811625200,59693502,1206835056.0000,0.289368,-1.464125
2017-05-18,13.4475604200,13.6088505000,13.6558934400,13.4475604200,36345421,732979584.0000,0.176187,0.297174
2017-05-19,13.5550871400,13.7970222600,13.8373447800,13.5147646200,39179460,798985920.0000,0.189925,1.382719
2017-05-22,13.7499793200,14.0389573800,14.2136883000,13.7499793200,57888523,1212784544.0000,0.280618,1.753525
2017-05-23,14.0322369600,14.6706768600,14.7849240000,14.0322369600,95034429,2057868448.0000,0.460685,4.499763
2017-05-24,14.6639564400,14.7244402200,14.9596549200,14.4757846800,74150674,1623533232.0000,0.359450,0.366468
2017-05-25,14.6572360200,15.4233639000,15.4636864200,14.6505156000,106667813,2416876400.0000,0.517078,4.746695
2017-05-26,15.4502455800,15.2150308800,15.4972885200,15.0806224800,78505419,1785010224.0000,0.380560,-1.350768
2017-05-31,15.0873429000,15.0671816400,15.4300843200,14.9058915600,73975517,1666165856.0000,0.358601,-0.971728
2017-06-01,15.0066978600,15.1814287800,15.2217513000,14.9394936600,78092238,1753824144.0000,0.378557,0.758252
2017-06-02,15.2553534000,14.8924507200,15.2889555000,14.8319669400,51019453,1138839808.0000,0.247320,-1.903499
2017-06-05,14.7378810600,14.7714831600,14.8991711400,14.5161072000,65026549,1419799520.0000,0.315220,-0.812276
2017-06-06,14.7849240000,14.7378810600,14.8722894600,14.5564297200,54884450,1199205648.0000,0.266056,-0.227476
2017-06-07,14.7983648400,15.1343858400,15.1747083600,14.7513219000,96496305,2160376512.0000,0.467771,2.690379
2017-06-08,15.0201387000,15.2822350800,15.3091167600,14.7714831600,74865798,1680209792.0000,0.362916,0.976906
2017-06-09,15.2889555000,15.3964822200,15.6585786000,15.2015900400,83753301,1924613472.0000,0.405999,0.747582
2017-06-12,15.3494392800,15.3494392800,15.6316969200,15.2284717200,55565434,1276327536.0000,0.269357,-0.305542
2017-06-13,15.3897618000,15.1142245800,15.4435251600,14.9865366000,54260816,1220058064.0000,0.263032,-1.532401
2017-06-14,15.1142055000,14.8014978000,15.1906451600,14.7459053200,51801561,1115250432.0000,0.251111,-2.068969
2017-06-15,14.8014978000,14.5443825800,15.0377658400,14.5235354000,67537281,1425902896.0000,0.327391,-1.737084
2017-06-16,14.5304844600,14.4609938600,14.6555675400,14.4123504400,53191074,1113029440.0000,0.257847,-0.573344
2017-06-19,14.5374335200,14.7042109600,14.8014978000,14.4748919800,54663330,1152930384.0000,0.264984,1.681885
2017-06-20,14.8014978000,14.6486184800,14.9682752400,14.5374335200,53216817,1127816320.0000,0.257972,-0.378072
2017-06-21,14.7945487400,14.8084468600,14.8362431000,14.4818410400,50786321,1074173568.0000,0.246190,1.091079
2017-06-22,14.7667525000,15.7952133800,16.1426663800,14.7320072000,152388802,3414570656.0000,0.738714,6.663538
2017-06-23,15.7118246600,16.0036851800,16.0384304800,15.4825056800,94120881,2136408544.0000,0.456256,1.319847
2017-06-26,16.0384304800,16.0106342400,16.6152024600,15.9758889400,88995783,2084599648.0000,0.431412,0.043423
2017-06-27,15.9411436400,16.9279101600,17.0807894800,15.7952133800,107584636,2541437040.0000,0.521523,5.729165
2017-06-28,16.7541836600,16.5387628000,17.0112988800,16.5387628000,73712967,1774023856.0000,0.357328,-2.298856
2017-06-29,16.6777440000,16.7819799000,16.9140120400,16.4484250200,59421356,1432956912.0000,0.288048,1.470590
2017-06-30,16.6777440000,16.6152024600,16.8028270800,16.4692722000,40698820,972087184.0000,0.197290,-0.993788
2017-07-03,16.5387628000,16.3441891200,16.5387628000,16.2121569800,41623871,979092992.0000,0.201774,-1.631114
2017-07-04,16.3372400600,15.9828380000,16.3997816000,15.8577549200,57363680,1325615808.0000,0.278074,-2.210886
2017-07-05,15.9689398800,16.6082534000,16.7124893000,15.8786021000,78399696,1836342528.0000,0.380047,3.913042
2017-07-06,16.4762212600,16.6499477600,16.7750308400,16.2608004000,62433300,1481675280.0000,0.302649,0.251044
2017-07-07,16.5387628000,16.1635135600,16.6082534000,16.0175833000,63217985,1478551360.0000,0.306453,-2.921531
2017-07-10,16.2052079200,16.1635135600,16.3858834800,16.0175833000,37203437,866708208.0000,0.180346,0.000000
2017-07-11,16.1426663800,16.7333364800,16.9418082800,16.0940229600,73038307,1747996944.0000,0.354057,3.525364
2017-07-12,16.7472346000,16.9140120400,17.4212934200,16.6429987000,85800391,2107028256.0000,0.415922,1.079735
2017-07-13,16.9140120400,17.3031594000,17.4073953000,16.8236742600,55940416,1386998096.0000,0.271174,2.300737
2017-07-14,17.3657009400,17.4977330800,17.6575614600,17.1919744400,50806029,1271884064.0000,0.246285,1.124501
2017-07-17,17.4421406000,17.4490896600,17.8243389000,17.1919744400,70928750,1788461120.0000,0.343831,-0.277997
2017-07-18,17.3031594000,17.0390951200,17.4143443600,16.7055402400,64534655,1583816688.0000,0.312835,-2.349662
2017-07-19,16.9835026400,17.5255293200,17.6297652200,16.9557064000,63077091,1570233808.0000,0.305770,2.854808
2017-07-20,17.4421406000,17.5116312000,17.5463765000,17.2336688000,51433744,1286272352.0000,0.249328,-0.079296
2017-07-21,17.4282424800,17.1919744400,17.6228161600,17.1224838400,32764747,818375344.0000,0.158829,-1.825401
2017-07-24,17.2128216200,17.8660332600,17.9007785600,17.1433310200,62592201,1587410704.0000,0.303419,3.920774
2017-07-25,17.9285748000,17.7409501800,18.2343334400,17.6506124000,74394506,1922841200.0000,0.360632,-0.700110
2017-07-26,17.7340011200,17.6923067600,18.0953522400,17.4838349600,46334311,1184402336.0000,0.224608,-0.274193
2017-07-27,17.7062048800,17.9980654000,18.1856900200,17.6506124000,43453232,1124251952.0000,0.210642,1.728203
2017-07-28,17.9077276200,17.9146766800,18.0675560000,17.7201030000,28036197,720520368.0000,0.135907,-0.463316
2017-07-31,17.8173898400,17.7687464200,18.0328107000,17.6367142800,34195965,875073760.0000,0.165767,-0.814589
2017-08-01,17.7756954800,18.1648428400,18.1717919000,17.6158671000,47806569,1237126960.0000,0.231745,2.229174
2017-08-02,18.1509447200,18.4983977200,18.8180544800,18.0814541200,60628359,1619543968.0000,0.293899,1.836272
2017-08-03,18.4289071200,17.9911163400,18.5261939600,17.9563710400,51028609,1338776400.0000,0.247364,-2.742305
2017-08-04,17.9772182200,17.7340011200,18.1370466000,17.5950199200,48927096,1252754944.0000,0.237177,-1.429119
2017-08-07,17.6506124000,18.0536578800,18.1370466000,17.6506124000,30913583,799024688.0000,0.149855,1.802504
2017-08-08,17.9980654000,17.9633201000,18.1092503600,17.8312879600,22046346,569318272.0000,0.106871,-0.500382
2017-08-09,17.9146766800,17.7478992400,18.1231484800,17.7270520600,29248590,754403232.0000,0.141784,-1.199224
2017-08-10,17.6992558200,17.4699368400,17.8868804400,17.3587518800,46465133,1172008480.0000,0.225242,-1.566177
2017-08-11,17.3518028200,17.0182479400,17.5533255600,16.9835026400,52173238,1295751456.0000,0.252913,-2.585520
2017-08-14,17.0946876000,17.2336688000,17.2892612800,16.8514705000,53594772,1318539824.0000,0.259804,1.265821
2017-08-15,17.2336688000,17.7409501800,17.9702691600,17.2197706800,53690010,1370978512.0000,0.260265,2.943554
2017-08-16,17.6575614600,17.4907840200,17.6992558200,17.3865481200,29782847,750197216.0000,0.144374,-1.410108
2017-08-17,17.5046821400,17.4143443600,17.5811218000,17.2684141000,32146044,803371856.0000,0.155830,-0.437031
2017-08-18,17.3101084600,17.6645105200,17.7826445400,17.2336688000,39734426,1003556224.0000,0.192615,1.436555
2017-08-21,17.6645105200,17.5811218000,17.7340011200,17.4073953000,31525364,796215296.0000,0.152821,-0.472073
2017-08-22,17.6645105200,17.9911163400,18.0189125800,17.4977330800,50287937,1289000320.0000,0.243774,2.332016
2017-08-23,18.0536578800,18.4289071200,18.6443279800,17.9494219800,60736801,1607392864.0000,0.294425,2.433376
2017-08-24,18.4150090000,18.5470411400,18.6512770400,18.2134862600,46161550,1228209408.0000,0.223771,0.641026
2017-08-25,18.6234808000,19.1307621800,19.1655074800,18.6234808000,66092014,1796548784.0000,0.320385,3.147247
2017-08-28,19.1655074800,18.9292394400,19.3878774000,18.7694110600,54746121,1504650784.0000,0.265385,-1.053400
2017-08-29,18.9431375600,18.8597488400,19.0821187600,18.8041563600,32870241,894606528.0000,0.159340,-0.367109
2017-08-30,19.0334753400,18.8736469600,19.4295717600,18.7416148200,47205569,1292864160.0000,0.228832,0.073694
2017-08-31,18.8736469600,18.5887355000,18.9570356800,18.3524674600,59081038,1576347728.0000,0.286399,-1.509572
2017-09-01,18.5817864400,18.5956845600,18.8875450800,18.4358561800,47974643,1287996640.0000,0.232560,0.037384
2017-09-04,18.4428052400,18.7346657600,18.7555129400,18.3594165200,35631693,953928880.0000,0.172727,0.747380
2017-09-05,18.6929714000,18.9987300400,19.0195772200,18.5817864400,40573290,1101285040.0000,0.196681,1.409500
2017-09-06,18.9570356800,18.6790732800,18.9570356800,18.6095826800,32948666,890348912.0000,0.159721,-1.682520
2017-09-07,18.6929714000,18.3107731000,18.6929714000,18.2829768600,46675659,1237783136.0000,0.226263,-1.971722
2017-09-08,18.3177221600,18.3316202800,18.4844996000,18.2690787400,29097213,768685712.0000,0.141050,0.113847
2017-09-11,18.4844996000,18.1926390800,18.6860223400,18.1509447200,46759279,1236452288.0000,0.226668,-0.758146
2017-09-12,18.2621296800,18.3733146400,18.4080599400,18.0397597600,42620226,1117346102.0000,0.206604,0.993125
2017-09-13,18.3733146400,18.1856900200,18.4011108800,18.1023013000,32866866,861995110.0000,0.159324,-1.021182
2017-09-14,18.1926390800,17.9702691600,18.2412825000,17.8243389000,47223452,1222804952.0000,0.228918,-1.184560
2017-09-15,17.8938295000,18.0467088200,18.1231484800,17.7826445400,32786267,847804833.0000,0.158933,0.425362
2017-09-18,18.0467088200,17.9007785600,18.1370466000,17.8521351400,51107728,1323656291.0000,0.247748,-0.808622
2017-09-19,17.9216257400,18.1856900200,18.2412825000,17.8521351400,47274118,1228816253.0000,0.229164,1.591614
2017-09-20,18.1439956600,17.9911163400,18.2899259200,17.9424729200,51785947,1350601225.0000,0.251035,-1.069930
2017-09-21,18.0328107000,18.1092503600,18.2690787400,17.9633201000,40927253,1066972505.0000,0.198397,0.656625
2017-09-22,17.9980654000,18.0328107000,18.2621296800,17.9494219800,28030992,729528084.0000,0.135882,-0.422098
2017-09-25,17.9702691600,17.9355238600,18.1509447200,17.8590842000,32006496,829467446.0000,0.155153,-0.539504
2017-09-26,17.8660332600,17.8660332600,17.9980654000,17.8173898400,22468076,578862322.0000,0.108915,-0.387448
2017-09-27,17.8382370200,17.6506124000,17.8938295000,17.5950199200,33779155,861005161.0000,0.163746,-1.205755
2017-09-28,17.7062048800,17.5116312000,17.7131539400,17.4560387200,34723219,875845413.0000,0.168323,-0.787397
2017-09-29,17.5116312000,17.7548483000,17.9146766800,17.4629877800,47164183,1200679062.0000,0.228631,1.388883
2017-10-09,18.6234808000,18.1231484800,18.7555129400,17.9911163400,100296537,2651928457.0000,0.486193,2.074367
2017-10-10,18.1023013000,18.1509447200,18.4497543000,17.6645105200,105250662,2722110394.0000,0.510209,0.153378
2017-10-11,18.1023013000,18.0953522400,18.2412825000,18.0050144600,48399977,1261376447.0000,0.234622,-0.306278
2017-10-12,18.1648428400,18.3246712200,18.4497543000,18.0953522400,47842207,1257728399.0000,0.231918,1.267281
2017-10-13,18.3246712200,18.2065372000,18.4497543000,18.1787409600,32734325,860203544.0000,0.158682,-0.644672
2017-10-16,18.2690787400,18.6721242200,18.7277167000,18.2065372000,70703152,1886449497.0000,0.342738,2.557252
2017-10-17,18.5539902000,18.7833091800,18.9917809800,18.5400920800,58293941,1577299201.0000,0.282583,0.595459
2017-10-18,18.8041563600,18.8389016600,18.9639847400,18.6999204600,38327777,1037664392.0000,0.185796,0.295967
2017-10-19,18.8736469600,18.8319526000,18.9709338000,18.7068695200,40809614,1107391135.0000,0.197827,-0.036888
2017-10-20,18.7346657600,18.6026336200,18.8111054200,18.5539902000,28130262,755916482.0000,0.136363,-1.217712
2017-10-23,18.6026336200,18.4150090000,18.6860223400,18.3941618200,34731342,925253803.0000,0.168362,-1.008593
2017-10-24,18.4289071200,18.4983977200,18.6443279800,18.3524674600,37077931,988906813.0000,0.179737,0.452833
2017-10-25,18.4636524200,18.6234808000,18.6860223400,18.3455184000,33931969,905316390.0000,0.164487,0.676177
2017-10-26,18.5261939600,18.4497543000,18.9014432000,18.3594165200,68850233,1839713642.0000,0.333755,-0.932836
2017-10-27,18.5400920800,19.5268586000,19.5546548400,18.5400920800,122858298,3388881803.0000,0.595563,5.838046
2017-10-30,19.3531321000,19.3114377400,19.4990623600,19.1168640600,103998076,2890850820.0000,0.504137,-1.103201
2017-10-31,19.1099150000,18.8319526000,19.1794056000,18.6999204600,62417334,1692746769.0000,0.302572,-2.482909
2017-11-01,18.8389016600,18.6929714000,18.8875450800,18.5192449000,69513733,1866958998.0000,0.336972,-0.738010
2017-11-02,18.6234808000,18.7694110600,18.7763601200,18.5539902000,36239453,974720024.0000,0.175673,0.408924
2017-11-03,18.7485638800,18.8041563600,18.8736469600,18.4914486600,68086907,1829746496.0000,0.330055,0.185114
2017-11-06,18.6929714000,18.4914486600,18.7207676400,18.2551806200,69959123,1854555217.0000,0.339131,-1.662967
2017-11-07,18.4844996000,18.7833091800,18.9431375600,18.4358561800,73061456,1968881356.0000,0.354170,1.578354
2017-11-08,18.7624620000,18.8250035400,19.0612715800,18.6234808000,72048087,1958201904.0000,0.349257,0.221974
2017-11-09,18.7555129400,18.8111054200,19.0890678200,18.6512770400,35153936,952783904.0000,0.170411,-0.073830
2017-11-10,18.6999204600,18.8111054200,18.9153413200,18.4775505400,70010839,1882008398.0000,0.339382,0.000000
2017-11-13,18.8389016600,19.2280490200,19.7005851000,18.8389016600,136763738,3814308501.0000,0.662970,2.216477
2017-11-14,19.2836415000,19.4712661200,19.6519416800,19.2349980800,84449909,2361867310.0000,0.409376,1.264909
2017-11-15,19.3114377400,19.3739792800,19.6658398000,19.1863546600,69036414,1927570960.0000,0.334658,-0.499648
2017-11-16,19.2975396200,19.5268586000,19.5477057800,19.1029659400,67948860,1892846691.0000,0.329386,0.789100
2017-11-17,19.6658398000,20.4163382800,20.4997270000,19.6658398000,155197518,4524400131.0000,0.752329,4.555156
2017-11-20,20.4163382800,21.2154801800,21.3336142000,20.2148155400,130959008,3912283987.0000,0.634831,3.914232
2017-11-21,21.0556518000,21.0973461600,21.7505578000,20.9027724800,111984633,3439543678.0000,0.542852,-0.556830
2017-11-22,21.2224292400,21.4725954000,22.0007239600,21.2224292400,97579050,3034245837.0000,0.473020,1.778653
2017-11-23,21.4031048000,20.8471800000,21.6324237800,20.4997270000,89079547,2709651298.0000,0.431818,-2.912620
2017-11-24,21.0209065000,20.9097215400,21.3961557400,20.5900647800,81263787,2447316075.0000,0.393931,0.300001
2017-11-27,20.7498931600,20.7637912800,20.8124347000,20.0688852800,98541100,2899282314.0000,0.477684,-0.697910
2017-11-28,20.4719307600,20.2843061400,20.6595553800,20.0827834000,61627096,1801453860.0000,0.298741,-2.309232
2017-11-29,20.3676948600,20.5414213600,20.6317591400,20.0202418600,58019644,1699268388.0000,0.281254,1.267554
2017-11-30,20.3746439200,20.1453249400,20.4719307600,19.9715984400,50183802,1458283316.0000,0.243269,-1.928280
2017-12-01,20.1453249400,19.8812606600,20.2287136600,19.7005851000,67577561,1936547906.0000,0.327586,-1.310794
2017-12-04,19.7561775800,19.9577003200,20.2009174200,19.7492285200,41607547,1197481935.0000,0.201695,0.384476
2017-12-05,19.9577003200,20.4927779400,20.5622685400,19.9577003200,88452920,2588555823.0000,0.428781,2.681060
2017-12-06,20.3954911000,20.1036305800,20.3954911000,19.8117700600,55265542,1602158000.0000,0.267903,-1.898947
2017-12-07,19.9438022000,19.6310945000,20.2009174200,19.3531321000,65215249,1846806140.0000,0.316135,-2.350502
2017-12-08,19.5407567200,19.8187191200,19.8604134800,19.3948264600,52147804,1476432452.0000,0.252789,0.955754
2017-12-11,19.7631266400,20.1036305800,20.1522740000,19.4295717600,79743013,2266771061.0000,0.386559,1.437587
2017-12-12,19.9438022000,19.7005851000,20.2009174200,19.6866869800,55109715,1579380952.0000,0.267148,-2.004839
2017-12-13,19.7005851000,19.8743116000,19.9993946800,19.4226227000,53615880,1517011706.0000,0.259906,0.881834
2017-12-14,19.8256681800,19.8951587800,20.1522740000,19.7700757000,52939187,1520833399.0000,0.256626,0.104891
2017-12-15,19.8534644200,19.4990623600,19.8743116000,19.4573680000,48806521,1378078334.0000,0.236592,-1.990918
2017-12-18,19.5268586000,19.6866869800,19.8117700600,19.4921133000,37389497,1058596842.0000,0.181248,0.962225
2017-12-19,19.7839738200,20.4024401600,20.4997270000,19.6936360400,77123200,2238122922.0000,0.373859,3.635724
2017-12-20,20.4371854600,20.4788798200,20.6734535000,20.2078664800,55439985,1631568151.0000,0.268749,0.374655
2017-12-21,20.4093892200,20.5970138400,20.8471800000,20.2912552000,56738026,1684770426.0000,0.275041,0.576858
2017-12-22,20.5066760600,20.3537967400,20.5970138400,20.2634589600,44313847,1301573567.0000,0.214814,-1.180832
2017-12-25,20.2843061400,20.3537967400,20.8263328200,20.2356627200,60107575,1777969130.0000,0.291375,0.000000
2017-12-26,20.3051533200,20.6456572600,20.7081988000,20.2982042600,61399980,1817411822.0000,0.297640,1.433930
2017-12-27,20.4997270000,19.9854965600,20.6943006800,19.8604134800,63393214,1845505286.0000,0.307302,-3.197573
2017-12-28,19.9785475000,19.8951587800,20.0966815200,19.7700757000,42120227,1209920394.0000,0.204180,-0.452020
2017-12-29,19.8951587800,20.1661721200,20.1800702400,19.8812606600,32904289,950964505.0000,0.159505,1.362212
2018-01-02,20.1661721200,20.5831157200,20.8888743600,20.1661721200,67591307,2009147017.0000,0.327653,2.067541
2018-01-03,20.6665044400,20.8263328200,21.1807348800,20.5970138400,71850339,2161448686.0000,0.348299,1.181629
2018-01-04,21.0417536800,20.6039629000,21.0973461600,20.4302364000,51686593,1540869738.0000,0.250554,-1.067733
2018-01-05,20.7568422200,20.9166706000,21.0209065000,20.4719307600,47990820,1435732659.0000,0.232638,1.517709
2018-01-08,20.7915875200,20.4788798200,20.8819253000,20.3676948600,65857890,1943542230.0000,0.319250,-2.093027
2018-01-09,20.5136251200,20.6873516200,20.7846384600,20.3954911000,39867797,1179590638.0000,0.193261,1.017988
2018-01-10,20.6109119600,21.2154801800,21.3822576200,20.5553194800,79928286,2428313433.0000,0.387457,2.552907
2018-01-11,21.2085311200,21.4864935200,21.6463219000,21.1251424000,54074486,1668764826.0000,0.262129,1.277430
2018-01-12,21.6254747200,21.8964880600,21.9451314800,21.5559841200,48734315,1528109286.0000,0.236242,1.908151
2018-01-15,21.8756408800,22.1952976400,22.5149544000,21.7505578000,67314601,2148679981.0000,0.326311,1.364647
2018-01-16,22.0980108000,22.1605523400,22.4315656800,21.9173352400,65281903,2080015556.0000,0.316458,-0.156547
2018-01-17,22.3064826000,22.0215711400,23.0083376600,21.8895390000,102654638,3328493188.0000,0.497624,-0.627152
2018-01-18,22.3064826000,22.4593619200,22.7581715000,22.3064826000,81103971,2628880183.0000,0.393156,1.988006
2018-01-19,22.6956299600,22.5566487600,23.1751151000,22.3829222600,84132890,2769050365.0000,0.407839,0.433166
2018-01-22,22.3620750800,22.9874904800,23.3766378400,22.3412279000,94572955,3131534666.0000,0.458448,1.910052
2018-01-23,23.0708792000,23.6615493000,23.7449380200,23.0708792000,86899482,2940790081.0000,0.421250,2.932277
2018-01-24,23.8005305000,23.5225681000,24.5649271000,23.2446057000,117648367,4066613177.0000,0.570307,-0.587374
2018-01-25,23.6337530600,23.2168094600,23.6407021200,22.8624074000,78904029,2631028018.0000,0.382492,-1.299848
2018-01-26,23.0639301400,23.2585038200,23.8352758000,23.0639301400,70667394,2386060809.0000,0.342564,0.179591
2018-01-29,23.2793510000,22.9179998800,23.6823964800,22.7998658600,68492095,2299932912.0000,0.332019,-1.464003
2018-01-30,22.8624074000,22.6330884200,23.0430829600,22.5219034600,36571313,1196780358.0000,0.177282,-1.243177
2018-01-31,22.4732600400,23.5851096400,23.6198549400,22.3898713200,66479420,2209958335.0000,0.322263,4.206322
2018-02-01,23.6615493000,23.9395117000,24.2661175200,23.5225681000,69284961,2378431192.0000,0.335863,1.502658
2018-02-02,23.6546002400,23.9742570000,24.0298494800,23.4113831400,49473207,1690289981.0000,0.239824,0.145136
2018-02-05,23.5086699800,24.2452703400,24.3981496600,23.4878228000,74328591,2570911068.0000,0.360312,1.130433
2018-02-06,23.6962946000,24.0576457200,24.1062891400,23.2724019400,141691337,4822983754.0000,0.686857,-0.773862
2018-02-07,24.0298494800,22.5080053400,24.2730665800,22.3064826000,150288262,4982015761.0000,0.728531,-6.441362
2018-02-08,22.2022467000,21.7366596800,22.5010562800,21.4239519800,106982961,3355653733.0000,0.518606,-3.426980
2018-02-09,21.0764989800,21.3405632600,21.4100538600,19.8743116000,132753969,3963446850.0000,0.643533,-1.822256
2018-02-12,21.1251424000,20.8819253000,21.2919198400,20.4302364000,87696616,2637441867.0000,0.425114,-2.149137
2018-02-13,21.1112442800,21.4795444600,21.7297106200,21.0903971000,79926773,2463683749.0000,0.387450,2.861899
2018-02-14,21.5073407000,21.7992012200,21.8686918200,21.1390405200,33494293,1042018691.0000,0.162366,1.488195
2018-02-22,22.1536032800,21.8895390000,22.3759732000,21.6671690800,67768109,2144014339.0000,0.328510,0.414406
2018-02-23,21.8895390000,22.0841126800,22.3064826000,21.6949653200,51500754,1626590713.0000,0.249653,0.888891
2018-02-26,22.1605523400,21.8964880600,22.4802091000,21.7019143800,71861812,2272643325.0000,0.348354,-0.849592
2018-02-27,21.9381824200,21.4517482200,21.9937749000,21.2988689000,71533820,2216705983.0000,0.346764,-2.031099
2018-02-28,21.1112442800,21.0556518000,21.3683595000,20.8541290600,53257706,1612634053.0000,0.258170,-1.846458
2018-03-01,20.8680271800,21.1251424000,21.4447991600,20.8541290600,40276961,1226158291.0000,0.195245,0.330034
2018-03-02,20.9305687200,20.8680271800,21.1668367600,20.8610781200,33875997,1021219184.0000,0.164216,-1.217102
2018-03-05,20.9166706000,20.9514159000,21.2502254800,20.7915875200,33620119,1013168739.0000,0.162975,0.399597
2018-03-06,21.1181933400,20.8749762400,21.1737858200,20.4927779400,61883656,1851222444.0000,0.299985,-0.364838
2018-03-07,21.1946330000,21.3822576200,21.5976784800,21.0903971000,84233444,2596877499.0000,0.408326,2.430092
2018-03-08,21.4378501000,21.4864935200,21.5837803600,21.1320914600,40500723,1247826582.0000,0.196330,0.487486
2018-03-09,21.6810672000,21.6463219000,21.8895390000,21.5281878800,35510045,1108939311.0000,0.172137,0.743854
2018-03-12,21.8478446400,21.4309010400,21.8825899400,21.4031048000,58173696,1807020723.0000,0.282000,-0.995183
2018-03-13,21.4725954000,21.3544613800,21.8061502800,21.2849707800,37374686,1158438690.0000,0.181176,-0.356682
2018-03-14,21.2432764200,21.1181933400,21.2641236000,20.9931102600,26317599,798808451.0000,0.127576,-1.106411
2018-03-15,20.9931102600,21.2085311200,21.3197160800,20.9931102600,24195976,737285318.0000,0.117291,0.427776
2018-03-16,21.2432764200,20.9375177800,21.3197160800,20.9166706000,36802429,1116503072.0000,0.178402,-1.277855
2018-03-19,20.8541290600,21.3405632600,21.3614104400,20.7776894000,32273332,980755532.0000,0.156447,1.924991
2018-03-20,21.2293783000,21.5351369400,21.6115766000,21.2015820600,38239459,1181777239.0000,0.185368,0.911757
2018-03-21,21.7366596800,21.7227615600,22.0980108000,21.6254747200,58514545,1841756794.0000,0.283653,0.871250
2018-03-22,21.7366596800,21.7019143800,21.9103861800,21.2363273600,44627524,1386451117.0000,0.216335,-0.095971
2018-03-23,21.0556518000,21.0626008600,21.1251424000,20.7429441000,86642819,2611002881.0000,0.420006,-2.945886
2018-03-26,21.0278555600,20.2287136600,21.0278555600,19.9785475000,90578029,2654133430.0000,0.439082,-3.959086
2018-03-27,20.5344723000,19.9577003200,20.6317591400,19.8048210000,80543133,2327605805.0000,0.390437,-1.339750
2018-03-28,19.7353304000,19.9438022000,20.4580326400,19.6310945000,78797873,2274733768.0000,0.381977,-0.069633
2018-03-29,19.9646493800,20.3676948600,20.7012497400,19.5963492000,67949417,1972338359.0000,0.329389,2.125431
2018-03-30,20.4093892200,20.2148155400,20.4997270000,20.1383758800,35675322,1039897303.0000,0.172938,-0.750595
2018-04-02,20.1522740000,20.1592230600,20.5761666600,20.0827834000,47738697,1396102301.0000,0.231416,-0.275008
2018-04-03,20.0549871600,20.0202418600,20.1314268200,19.8395663000,30225398,868475037.0000,0.146519,-0.689420
2018-04-04,20.0688852800,19.9854965600,20.3398986200,19.8882097200,37782179,1095425767.0000,0.183151,-0.173548
2018-04-09,20.0549871600,20.0410890400,20.2704080200,19.9021078400,27742411,801133246.0000,0.134483,0.278164
2018-04-10,20.0410890400,21.0487027400,21.0695499200,19.8812606600,58601460,1731213197.0000,0.284074,5.027742
2018-04-11,21.0834480400,21.1876839400,21.5073407000,20.8819253000,56043306,1709631521.0000,0.271673,0.660280
2018-04-12,21.1946330000,20.7985365800,21.1946330000,20.7012497400,33767498,1015562874.0000,0.163690,-1.836666
2018-04-13,20.8819253000,20.5275232400,21.0903971000,20.5136251200,26010873,775003205.0000,0.126089,-1.303038
2018-04-16,20.2912552000,19.5338076600,20.2982042600,19.4226227000,91462703,2595816036.0000,0.443371,-4.840894
2018-04-17,19.6310945000,19.2419471400,19.6588907400,19.1655074800,61074971,1702375258.0000,0.296064,-1.494130
2018-04-18,19.6519416800,19.5546548400,19.7005851000,19.0126281600,65977970,1841953006.0000,0.319832,1.625131
2018-04-19,19.5824510800,19.6241454400,19.9785475000,19.4712661200,42432862,1205816213.0000,0.205696,0.355367
2018-04-20,19.4921133000,19.6032982600,19.6310945000,19.3183868000,39799455,1116482350.0000,0.192930,-0.106235
2018-04-23,19.4087245800,19.6588907400,19.7700757000,19.3948264600,30152180,851443561.0000,0.146164,0.283594
2018-04-24,19.6658398000,20.0549871600,20.4997270000,19.6658398000,67026412,1951397596.0000,0.324914,2.014845
2018-04-25,20.0549871600,20.0271909200,20.2148155400,19.8812606600,25167546,726053661.0000,0.122001,-0.138603
2018-04-26,20.2217646000,20.0132928000,20.3746439200,19.8395663000,33960749,975939725.0000,0.164627,-0.069398
2018-04-27,20.0827834000,20.3815929800,20.4580326400,19.6936360400,57507932,1664707507.0000,0.278773,1.840280
2018-05-02,20.8332818800,20.5414213600,20.9166706000,20.4093892200,49057035,1455786499.0000,0.237807,0.784178
2018-05-03,20.3885420400,20.3607458000,20.6248100800,19.9785475000,32174138,938929851.0000,0.155966,-0.879568
2018-05-04,20.3468476800,19.9715984400,20.3537967400,19.8812606600,33769717,975938248.0000,0.163701,-1.911261
2018-05-07,19.9924456200,20.1036305800,20.1522740000,19.8187191200,30749361,885770341.0000,0.149059,0.661101
2018-05-08,20.1522740000,20.6248100800,20.7707403400,20.0688852800,50312902,1489149737.0000,0.243895,2.592464
2018-05-09,20.6387082000,20.6734535000,20.7776894000,20.5205741800,22262572,661356498.0000,0.107919,0.235848
2018-05-10,20.8471800000,20.7359950400,20.9792121400,20.4302364000,32219188,957420602.0000,0.156184,0.302521
2018-05-11,20.6595553800,20.9027724800,20.9861612000,20.6248100800,43534500,1307245991.0000,0.211036,0.804289
2018-05-14,21.1946330000,21.4170029200,21.6880162600,21.0556518000,70766757,2175818347.0000,0.343046,2.460106
2018-05-15,21.4378501000,21.2363273600,21.4725954000,21.0695499200,32987550,1007130845.0000,0.159909,-0.843609
2018-05-16,21.1112442800,20.8263328200,21.1320914600,20.7637912800,34451912,1038605796.0000,0.167008,-1.930629
2018-05-17,20.8471800000,20.7081988000,20.9931102600,20.5692176000,29046705,867844690.0000,0.140806,-0.567234
2018-05-18,20.6873516200,21.1668367600,21.2432764200,20.5483704200,39401791,1188037515.0000,0.191002,2.214765
2018-05-21,21.3475123200,21.0348046200,21.5351369400,20.9444668400,41521642,1267521731.0000,0.201279,-0.623764
2018-05-22,20.9444668400,20.7220969200,21.0139574400,20.5900647800,36542624,1088792950.0000,0.177142,-1.486623
2018-05-23,20.7081988000,20.5761666600,20.7915875200,20.5066760600,29651343,880162330.0000,0.143737,-0.704222
2018-05-24,20.5692176000,20.2217646000,20.6248100800,20.1522740000,35522498,1041219094.0000,0.172197,-1.722392
2018-05-25,20.2078664800,20.2982042600,20.4510835800,20.1453249400,25150520,734119737.0000,0.121919,0.378002
2018-05-28,20.3121023800,20.0132928000,20.3746439200,19.7422794600,60507216,1741562593.0000,0.293312,-1.403628
2018-05-29,19.9090569000,20.1105796400,20.1383758800,19.7422794600,48053415,1376604969.0000,0.232942,0.486116
2018-05-30,19.8048210000,19.6658398000,19.8951587800,19.6519416800,33958888,966502631.0000,0.164618,-2.211477
2018-05-31,19.7283813400,19.9993946800,20.1661721200,19.7075341600,52292583,1500473743.0000,0.253491,1.696118
2018-06-01,19.9993946800,19.8743116000,20.1383758800,19.8048210000,29325987,841358587.0000,0.142159,-0.625435
2018-06-04,20.0897324600,20.3260005000,20.3468476800,19.8882097200,43334396,1257114616.0000,0.210066,2.272726
2018-06-05,20.2704080200,20.3329495600,20.3954911000,20.0827834000,37288225,1087160936.0000,0.180757,0.034189
2018-06-06,20.2704080200,20.0132928000,20.3329495600,19.9854965600,34560815,1000091941.0000,0.167536,-1.572116
2018-06-07,20.0827834000,20.0827834000,20.3398986200,19.9854965600,49443068,1435268845.0000,0.239678,0.347224
2018-06-08,19.9785475000,19.5963492000,19.9993946800,19.5824510800,42621627,1209479170.0000,0.206611,-2.422142
2018-06-11,19.5963492000,19.8951587800,19.9090569000,19.4156736400,37833156,1070796378.0000,0.183398,1.524817
2018-06-12,19.8882097200,19.9715984400,20.1244777600,19.8882097200,31197155,898564345.0000,0.151230,0.384215
2018-06-13,19.9785475000,19.9507512600,20.1314268200,19.8743116000,26753233,770378532.0000,0.129688,-0.104386
2018-06-14,19.9090569000,19.8534644200,20.1870193000,19.7561775800,34338356,984047476.0000,0.166457,-0.487633
2018-06-15,19.7839738200,20.1105796400,20.2078664800,19.7492285200,41954931,1213019309.0000,0.203379,1.295068
2018-06-19,19.9021078400,20.1453249400,20.3190514400,19.7700757000,120609433,3483188942.0000,0.584661,0.172769
2018-06-20,19.9993946800,19.8117700600,20.0688852800,19.6797379200,36452637,1040634032.0000,0.176706,-1.655742
2018-06-21,19.8187191200,19.9090569000,20.1939683600,19.8048210000,31621666,910748282.0000,0.153288,0.491054
2018-06-22,19.9229550200,19.8882097200,19.9993946800,19.6519416800,22199749,634077528.0000,0.107615,-0.104708
2018-06-25,19.9299040800,19.2280490200,19.9507512600,19.2141509000,48216015,1355187817.0000,0.233730,-3.319360
2018-06-26,19.0960168800,18.6929714000,19.1029659400,18.2065372000,62322818,1669754262.0000,0.302113,-2.782799
2018-06-27,18.5400920800,18.2968749800,18.6790732800,18.1370466000,44268936,1171600530.0000,0.214596,-2.118958
2018-06-28,18.2412825000,17.9633201000,18.2760278000,17.7895936000,43970014,1140542154.0000,0.213147,-1.823014
2018-06-29,18.0536578800,18.3733146400,18.4775505400,18.0467088200,30911069,814179727.0000,0.149843,2.282399
2018-07-02,18.3733146400,17.6784086400,18.5748373800,17.5811218000,43518710,1124749500.0000,0.210959,-3.782148
2018-07-03,17.6784086400,17.5255293200,17.6992558200,17.1641782000,65858403,1654664571.0000,0.319252,-0.864785
2018-07-04,17.4977330800,17.4073953000,17.7270520600,17.3448537600,36964950,930211549.0000,0.179190,-0.674068
2018-07-05,17.4907840200,17.6784086400,17.7340011200,17.3309556400,49592511,1252366553.0000,0.240403,1.556891
2018-07-06,17.7131539400,17.9563710400,18.1926390800,17.3587518800,44125891,1131470156.0000,0.213903,1.572325
2018-07-09,18.0675560000,18.7277167000,18.7763601200,18.0675560000,52705816,1412279854.0000,0.255494,4.295668
2018-07-10,18.7694110600,18.6234808000,18.8319526000,18.4567033600,32684186,875889897.0000,0.158438,-0.556592
2018-07-11,18.1231484800,18.4844996000,18.6165317400,18.0675560000,31671258,839272378.0000,0.153528,-0.746264
2018-07-12,18.5132028000,18.6854186400,18.9796207000,18.2979330000,46942652,1225745783.0000,0.227557,1.086959
2018-07-13,18.8576344800,18.8217561800,18.8719858000,18.6351890200,24706106,646322656.0000,0.119764,0.729641
2018-07-16,18.7787022200,18.4199192200,19.0729042800,18.3553382800,35932194,931706273.0000,0.174183,-2.134958
2018-07-17,18.2979330000,18.2046494200,18.4199192200,18.0109066000,28936901,732402036.0000,0.140273,-1.168676
2018-07-18,18.3481626200,18.1472441400,18.6136620400,18.0898388600,33235525,849465221.0000,0.161111,-0.315333
2018-07-19,18.3553382800,18.3840409200,18.5777837400,18.2979330000,39528670,1016389267.0000,0.191618,1.304863
2018-07-20,18.3840409200,19.6469570800,19.6971867000,18.2261764000,101089231,2704374608.0000,0.490036,6.869626
2018-07-23,19.6541327400,19.9913887600,20.1994829000,19.3599306800,92410884,2550106045.0000,0.447967,1.753110
2018-07-24,19.9913887600,19.9124565000,20.5223876000,19.7832946200,69453892,1944728340.0000,0.336682,-0.394833
2018-07-25,20.2353612000,20.2497125200,20.4147527000,19.9842131000,43021684,1212914508.0000,0.208550,1.693691
2018-07-26,20.3501717600,20.1779559200,20.7735357000,20.0057400800,45865724,1299264844.0000,0.222337,-0.354353
2018-07-27,20.1779559200,20.1564289400,20.4362796800,19.8119972600,30843001,864315734.0000,0.149513,-0.106688
2018-07-30,20.1564289400,20.5295632600,20.7017791000,20.0200914000,38339128,1086965824.0000,0.185851,1.851194
2018-07-31,20.5223876000,20.3716987400,20.6156711800,20.0559697000,34827776,987037630.0000,0.168830,-0.768966
2018-08-01,20.5869685400,19.9985644200,20.8739949400,19.9842131000,53686611,1531776020.0000,0.260249,-1.831626
2018-08-02,19.9483348000,19.5034438800,20.1636046000,19.3742820000,57192390,1566477322.0000,0.277243,-2.475782
2018-08-03,19.6110787800,19.5464978400,19.9052808400,19.5034438800,29811645,819624634.0000,0.144514,0.220749
2018-08-06,19.6469570800,19.7976459400,20.1564289400,19.5177952000,38596405,1069702810.0000,0.187098,1.284877
2018-08-07,19.7976459400,20.4362796800,20.4506310000,19.7258893400,51396000,1445089051.0000,0.249145,3.225804
2018-08-08,20.5223876000,20.1707802600,20.5223876000,20.0990236600,28244143,798263714.0000,0.136915,-1.299154
2018-08-09,20.0487940400,20.6443738200,20.7807113600,20.0200914000,40392118,1153671635.0000,0.195803,2.347918
2018-08-10,20.6730764600,20.4075770400,20.7017791000,20.1851315800,27144565,771539712.0000,0.131585,-1.147028
2018-08-13,20.1779559200,19.8837538600,20.1779559200,19.5536735000,46760018,1288408920.0000,0.226672,-2.566812
2018-08-14,19.8478755600,19.7402406600,19.9411591400,19.5464978400,26591733,730077525.0000,0.128905,-0.721757
2018-08-15,19.7402406600,19.1590122000,19.7545919800,19.0657286200,38443306,1035868466.0000,0.186356,-2.944382
2018-08-16,18.8648101400,19.1877148400,19.4747412400,18.8002292000,38370246,1024991052.0000,0.186002,0.149809
2018-08-17,19.4460386000,19.0298503200,19.5177952000,18.9724450400,25936325,697067989.0000,0.125728,-0.822735
2018-08-20,19.3671063400,19.3455793600,19.4532142600,18.9580937200,36955056,992571277.0000,0.179142,1.659120
2018-08-21,19.4029846400,19.4460386000,19.6756597200,19.2953497400,36990629,1005654829.0000,0.179314,0.519293
2018-08-22,19.5106195400,19.4029846400,19.5177952000,19.2451201200,20268137,548067472.0000,0.098251,-0.221400
2018-08-23,19.4747412400,19.5895518000,19.6971867000,19.2451201200,32131989,874029537.0000,0.155762,0.961532
2018-08-24,19.4819169000,19.8765782000,20.3071178000,19.3455793600,48026975,1325865555.0000,0.232814,1.465207
2018-08-27,20.1277263000,20.4793336400,20.5295632600,19.9842131000,51080755,1443348642.0000,0.247617,3.032491
2018-08-28,20.5008606200,20.5367389200,20.8165896600,20.4793336400,36844355,1060897270.0000,0.178605,0.280308
2018-08-29,20.5439145800,20.6371981600,20.8094140000,20.4147527000,26096941,749530161.0000,0.126506,0.489166
2018-08-30,20.6156711800,20.1923072400,20.7161304200,20.1492532800,27257333,772976674.0000,0.132131,-2.155775
2018-08-31,20.0990236600,20.2999421400,20.6300225000,20.0774966800,46088148,1309258982.0000,0.223415,0.533054
2018-09-03,20.3214691200,20.1923072400,20.4075770400,20.0631453600,26070101,734063563.0000,0.126376,-0.530228
2018-09-04,20.2210098800,20.5510902400,20.6300225000,20.0416183800,32822355,931947242.0000,0.159108,1.776830
2018-09-05,20.3429961000,19.8694025400,20.4362796800,19.8622268800,35940314,1008629733.0000,0.174223,-3.317035
2018-09-06,19.8765782000,19.7330650000,19.9842131000,19.6828353800,24591932,679321762.0000,0.119211,-0.686170
2018-09-07,19.8406999000,20.2138342200,20.2353612000,19.8048216000,39719587,1111287760.0000,0.192543,2.436364
2018-09-10,20.0631453600,20.0200914000,20.3071178000,19.9339834800,26378471,739029722.0000,0.127871,-0.958468
2018-09-11,20.0559697000,19.6613084000,20.1636046000,19.4747412400,33469330,923390421.0000,0.162245,-1.792115
2018-09-12,19.5321465200,19.6613084000,19.8048216000,19.3814576600,22987613,626631245.0000,0.111434,0.000000
2018-09-13,20.0487940400,19.9196321600,20.1061993200,19.5823761400,30676478,847633415.0000,0.148706,1.313871
2018-09-14,20.0846723400,20.0057400800,20.0846723400,19.8622268800,17546004,488249006.0000,0.085055,0.432273
2018-09-17,19.8981051800,19.6971867000,19.9483348000,19.6397814200,16220219,446801683.0000,0.078628,-1.542318
2018-09-18,19.6971867000,20.2210098800,20.2712395000,19.6469570800,39937229,1112244774.0000,0.193598,2.659379
2018-09-19,20.2066585600,20.3788744000,20.5582659000,20.0631453600,43273486,1227422967.0000,0.209771,0.780693
2018-09-20,20.5080362800,20.4578066600,20.7017791000,20.3573474200,28658273,818977671.0000,0.138923,0.387326
2018-09-21,20.5941442000,21.7422498000,21.7422498000,20.4147527000,77837295,2295785053.0000,0.377321,6.278495
2018-09-25,21.4049937800,21.2543049200,21.5915609400,21.0390351200,52738186,1567282266.0000,0.255651,-2.244219
2018-09-26,21.3475885000,21.8498847000,22.2373703400,21.1036160600,74931799,2270642277.0000,0.363236,2.802160
2018-09-27,21.7135471600,21.8355333800,22.0221005400,21.5341556600,40257193,1221936467.0000,0.195149,-0.065683
2018-09-28,22.0077492200,22.0221005400,22.3234782600,21.7422498000,55600815,1709812847.0000,0.269528,0.854421
2018-10-08,21.3117102000,21.1179673800,21.5915609400,21.0677377600,62333382,1851291903.0000,0.302165,-4.105572
2018-10-09,21.0462107800,21.0964404000,21.3045345400,20.8094140000,42149330,1233995871.0000,0.204321,-0.101939
2018-10-10,21.0605621000,21.2399536000,21.4480477400,20.9170489000,39000377,1152179444.0000,0.189057,0.680275
2018-10-11,20.5654415600,20.4147527000,20.8596436200,20.1707802600,61547691,1764499442.0000,0.298356,-3.885134
2018-10-12,20.5941442000,20.9242245600,21.0749134200,20.4219283600,66130702,1910801822.0000,0.320572,2.495603
2018-10-15,20.9242245600,20.6228468400,20.9385758800,20.4865093000,34999884,1009163706.0000,0.169664,-1.440329
2018-10-16,20.6802521200,20.8811706000,21.3834668000,20.6228468400,57769191,1688042114.0000,0.280039,1.252612
2018-10-17,21.0964404000,20.8094140000,21.1681970000,20.2210098800,66876404,1934456824.0000,0.324187,-0.343644
2018-10-18,20.6515494800,20.0200914000,20.7017791000,20.0057400800,57441873,1625603167.0000,0.278453,-3.793105
2018-10-19,19.9124565000,20.9601028600,21.0820890800,19.7330650000,76703229,2193187127.0000,0.371823,4.695339
2018-10-22,21.1897239800,21.5269800000,21.9144656400,21.1897239800,84079684,2533871247.0000,0.407581,2.704556
2018-10-23,21.6417905600,20.8237653200,21.6417905600,20.6300225000,59411438,1750813038.0000,0.288000,-3.266665
2018-10-24,20.8883462600,21.0892647400,21.7566011200,20.8739949400,63582428,1887867932.0000,0.308219,1.274979
2018-10-25,20.6443738200,21.2830075600,21.3260615200,20.6228468400,55841884,1628677952.0000,0.270697,0.918681
2018-10-26,21.2686562400,21.2399536000,21.4695747200,20.7950626800,49576295,1453919756.0000,0.240324,-0.202291
2018-10-29,21.3834668000,19.9842131000,21.3834668000,19.6756597200,95487744,2704530876.0000,0.462882,-5.912162
2018-10-30,20.1779559200,20.3429961000,20.7089547600,19.7904702800,74357588,2108423543.0000,0.360453,1.795332
2018-10-31,20.6659008000,20.7448330600,20.7950626800,20.3716987400,66601308,1914657674.0000,0.322854,1.975307
2018-11-01,21.1323187000,20.8452923000,21.2758319000,20.5654415600,68260026,1983324170.0000,0.330894,0.484259
2018-11-02,21.4552234000,21.7637767800,21.8498847000,21.1036160600,122005102,3665161770.0000,0.591427,4.406199
2018-11-05,21.4193451000,21.5269800000,21.6920201800,21.3188858600,42833488,1283209565.0000,0.207638,-1.088031
2018-11-06,21.5269800000,21.4336964200,21.6059122600,21.0677377600,37506553,1116052434.0000,0.181815,-0.433331
2018-11-07,21.4408720800,21.2184266200,21.6704932000,21.1897239800,54986767,1639026340.0000,0.266552,-1.004356
2018-11-08,21.5413313200,21.5341556600,21.7924794200,21.3834668000,47914976,1440021978.0000,0.232271,1.487996
2018-11-09,21.2399536000,20.5223876000,21.2399536000,20.4434553400,119302121,3429467883.0000,0.578324,-4.698433
2018-11-12,20.3788744000,20.4936849600,20.5941442000,20.2568881800,68397744,1942560148.0000,0.331562,-0.139863
2018-11-13,20.1636046000,20.5080362800,20.6443738200,20.1277263000,50035645,1424073098.0000,0.242551,0.070030
2018-11-14,20.5080362800,20.2066585600,20.5582659000,20.0918480000,53587479,1513190239.0000,0.259768,-1.469559
2018-11-15,20.2640638400,20.3645230800,20.4291040200,20.1492532800,35412435,1002719255.0000,0.171664,0.781248
2018-11-16,20.3645230800,20.4362796800,20.5797928800,20.2281855400,49695528,1413615056.0000,0.240902,0.352362
2018-11-19,20.5941442000,20.7735357000,20.8381166400,20.4147527000,50288177,1450517213.0000,0.243775,1.650285
2018-11-20,20.6587251400,20.3932257200,20.6946034400,20.3142934600,33827788,963552925.0000,0.163982,-1.830745
2018-11-21,20.2353612000,20.3788744000,20.4004013800,20.1636046000,32337787,914660533.0000,0.156759,-0.070375
2018-11-22,20.3860500600,20.3071178000,20.4147527000,20.1636046000,27585849,778816956.0000,0.133724,-0.352114
2018-11-23,20.2999421400,20.0057400800,20.3429961000,20.0057400800,32538936,912620571.0000,0.157734,-1.484099
2018-11-26,20.0918480000,20.2855908200,20.3429961000,20.0272670600,27546954,775964832.0000,0.133535,1.398857
2018-11-27,20.2497125200,20.0846723400,20.3645230800,19.9842131000,33765856,949634239.0000,0.163682,-0.990452
2018-11-28,20.1420776200,20.2927664800,20.3429961000,20.1277263000,29087389,821440564.0000,0.141003,1.036088
2018-11-29,20.4506310000,20.3071178000,20.5223876000,20.3071178000,39794993,1132138876.0000,0.192909,0.070716
2018-11-30,20.2784151600,20.4865093000,20.5080362800,20.2425368600,25438081,724904871.0000,0.123313,0.883392
2018-12-03,21.1610213400,21.1394943600,21.2614805800,20.7591843800,69025556,2026234683.0000,0.334605,3.187390
2018-12-04,21.1107917200,21.2184266200,21.2614805800,21.0318594600,32368558,954515438.0000,0.156908,0.373390
2018-12-05,20.9242245600,21.0749134200,21.2184266200,20.8094140000,26230736,771310493.0000,0.127155,-0.676357
2018-12-06,20.7376574000,20.7376574000,20.9170489000,20.6515494800,37338023,1079103636.0000,0.180998,-1.600276
2018-12-07,20.8739949400,20.5080362800,20.9457515400,20.4721579800,30522873,878968664.0000,0.147961,-1.107265
2018-12-10,20.3071178000,20.3358204400,20.4506310000,20.2497125200,26698642,756722667.0000,0.129423,-0.839747
2018-12-11,20.3429961000,20.4578066600,20.4865093000,20.2927664800,22729013,645883574.0000,0.110180,0.599859
2018-12-12,20.8094140000,20.4219283600,20.8094140000,20.3860500600,20209393,577042564.0000,0.097966,-0.175381
2018-12-13,20.4721579800,20.6300225000,20.8596436200,20.3860500600,55152033,1586329607.0000,0.267353,1.018977
2018-12-14,20.5008606200,20.3286447800,20.5295632600,20.2353612000,39815540,1127759787.0000,0.193008,-1.460870
2018-12-17,20.3286447800,20.2999421400,20.4506310000,20.1636046000,31130374,879889477.0000,0.150906,-0.141190
2018-12-18,20.1277263000,20.0272670600,20.2784151600,19.9842131000,41460993,1161523690.0000,0.200985,-1.343235
2018-12-19,20.0344427200,19.2092418200,20.0846723400,19.0729042800,82965478,2246838162.0000,0.402180,-4.084556
2018-12-20,19.0011476800,18.5921350600,19.0872556000,18.4055679000,101575505,2632662123.0000,0.492393,-3.212554
2018-12-21,18.5634324200,18.2190007400,18.5634324200,18.1185415000,87574990,2225709247.0000,0.424525,-2.006949
2018-12-24,18.0826632000,18.2620547000,18.2692303600,17.8817447200,64971791,1638937336.0000,0.314955,0.236319
2018-12-25,17.9391500000,18.1472441400,18.3409869600,17.7741098200,74992294,1882663785.0000,0.363529,-0.628683
2018-12-26,18.0826632000,17.8315151000,18.1041901800,17.8315151000,44678702,1116595176.0000,0.216583,-1.739820
2018-12-27,18.0754875400,17.8315151000,18.0970145200,17.8099881200,64018096,1597992608.0000,0.310331,0.000000
2018-12-28,17.9032717000,18.0826632000,18.1974737600,17.8745690600,61338228,1542017662.0000,0.297341,1.408452
2019-01-02,18.0467849000,17.6305966200,18.0826632000,17.5086104000,55516612,1368988405.0000,0.269120,-2.500004
2019-01-03,17.5086104000,17.8530420800,17.9750283000,17.4942590800,37410758,929035565.0000,0.181351,1.261699
2019-01-04,17.7669341600,18.3051086600,18.4055679000,17.6880019000,66853140,1690412096.0000,0.324074,2.532159
2019-01-07,18.3051086600,18.3122843200,18.4916758200,18.1472441400,45604029,1162564002.0000,0.221068,0.039201
2019-01-08,18.2979330000,18.0970145200,18.3122843200,18.0539605600,26928031,680284501.0000,0.130535,-1.175553
2019-01-09,18.0970145200,18.4414462000,18.7284726000,18.0970145200,63820048,1644588152.0000,0.309371,1.903257
2019-01-10,18.2979330000,18.5490811000,18.7141212800,18.2764060200,42630689,1101271158.0000,0.206655,0.583656
2019-01-11,18.5490811000,18.9867963600,19.0729042800,18.4773245000,49391033,1299657728.0000,0.239426,2.359763
2019-01-14,18.9867963600,18.8791614600,19.0585529600,18.8145805200,29424462,776229254.0000,0.142637,-0.566892
2019-01-15,18.8791614600,19.2307688000,19.2522957800,18.8719858000,36671891,976628108.0000,0.177769,1.862409
2019-01-16,19.1590122000,19.2666471000,19.2881740800,19.0944312600,22995524,615072738.0000,0.111472,0.186571
2019-01-17,19.2666471000,18.9939720200,19.2666471000,18.9652693800,32368214,862634819.0000,0.156907,-1.415274
2019-01-18,18.9939720200,19.4460386000,19.5608491600,18.9867963600,54639785,1474685187.0000,0.264870,2.380057
2019-01-21,19.4316872800,19.6110787800,19.8765782000,19.3958089800,41558808,1136772654.0000,0.201459,0.848707
2019-01-22,19.5895518000,19.3599306800,19.6971867000,19.2020661600,34907241,942772504.0000,0.169215,-1.280645
2019-01-23,19.3384037000,19.4890925600,19.6756597200,19.3168767200,27325047,742831971.0000,0.132460,0.667162
2019-01-24,19.5034438800,19.9985644200,20.1205506400,19.5034438800,54340953,1507548458.0000,0.263421,2.614142
2019-01-25,19.9985644200,20.4649823200,20.5439145800,19.9842131000,53648170,1525048705.0000,0.260063,2.332255
2019-01-28,20.4649823200,20.5654415600,20.9098732400,20.4506310000,57736588,1665507650.0000,0.279881,0.490881
2019-01-29,20.4936849600,20.5510902400,20.6874277800,20.4291040200,34662858,993511466.0000,0.168030,-0.069785
2019-01-30,20.5223876000,20.3932257200,20.6587251400,20.3214691200,26689204,761698908.0000,0.129377,-0.768154
2019-01-31,20.4147527000,20.9601028600,21.0175081400,20.4147527000,57142036,1657359517.0000,0.276999,2.779729
2019-02-01,20.9601028600,21.0246838000,21.1179673800,20.7233060800,39652160,1156418914.0000,0.192216,0.308114
2019-02-11,20.8811706000,21.0892647400,21.1897239800,20.7376574000,35363599,1034587928.0000,0.171427,0.307168
2019-02-12,21.0892647400,21.0390351200,21.2256022800,20.7950626800,39582711,1157190462.0000,0.191879,-0.238175
2019-02-13,21.0390351200,21.4121694400,21.5556826400,20.8955219200,53577589,1579966914.0000,0.259720,1.773535
2019-02-14,21.2758319000,21.4265207600,21.5987366000,21.1610213400,45238656,1349953528.0000,0.219297,0.067026
2019-02-15,21.3404128400,20.9170489000,21.4193451000,20.7448330600,49566659,1450557701.0000,0.240277,-2.377766
2019-02-18,21.0605621000,21.4336964200,21.5198043400,21.0605621000,44664584,1330843104.0000,0.216514,2.469987
2019-02-19,21.4265207600,21.4408720800,21.9790465800,21.3260615200,49367644,1483350105.0000,0.239313,0.033473
2019-02-20,21.7207228200,21.6346149000,21.8427090400,21.5126286800,33434029,1010101525.0000,0.162073,0.903616
2019-02-21,21.6561418800,21.5843852800,21.9862222400,21.4121694400,45313976,1367327564.0000,0.219662,-0.232171
2019-02-22,21.5772096200,21.9790465800,21.9862222400,21.3834668000,41487507,1252498181.0000,0.201113,1.828455
2019-02-25,22.2445460000,23.3352463200,23.6079214000,22.2230190200,110184676,3503029739.0000,0.534127,6.170425
2019-02-26,23.1702061400,22.5961533400,23.6796780000,22.4741671200,94856286,3028023006.0000,0.459821,-3.167284
2019-02-27,22.7468422000,22.7540178600,23.1917331200,22.5315724000,80834244,2568322892.0000,0.391849,0.698632
2019-02-28,22.7468422000,22.7755448400,23.0338686000,22.5674507000,48764347,1547972358.0000,0.236388,0.094610
2019-03-01,22.9979903000,23.6079214000,23.6294483800,22.7109639000,68267071,2200500068.0000,0.330929,3.654700
2019-03-04,23.6796780000,23.4572325400,24.2465551400,23.3208950000,95646115,3151361469.0000,0.463650,-0.638307
2019-03-05,23.5792187600,23.2132601000,23.5792187600,23.0338686000,67380367,2188597546.0000,0.326630,-1.040074
2019-03-06,23.1845574600,23.1199765200,23.3998272600,22.8042474800,54673630,1758476276.0000,0.265034,-0.401846
2019-03-07,22.9692876600,22.4598158000,23.0338686000,22.2230190200,70772728,2227173172.0000,0.343075,-2.855375
2019-03-08,22.0579788400,22.0866814800,22.3952348600,21.7853037600,77006601,2368272351.0000,0.373294,-1.661337
2019-03-11,21.9359926200,21.9072899800,22.1225597800,21.6561418800,67530995,2056842749.0000,0.327360,-0.812216
2019-03-12,22.1799650600,22.0005735600,22.4813427800,21.8498847000,83869724,2593572147.0000,0.406563,0.425808
2019-03-13,22.0938571400,22.2732486400,22.4741671200,21.7063715000,66661144,2057062461.0000,0.323144,1.239403
2019-03-14,22.2301946800,22.5674507000,22.8903554000,22.1727894000,68494240,2162754036.0000,0.332030,1.320876
2019-03-15,22.5459237200,22.7253152200,22.9262337000,22.3880592000,59594269,1888156823.0000,0.288887,0.699521
2019-03-18,22.8114231400,23.2204357600,23.3639489600,22.6679099400,59313092,1902942879.0000,0.287524,2.178720
2019-03-19,23.2491384000,22.9836389800,23.4070029200,22.9118823800,48675050,1565782395.0000,0.235955,-1.019783
2019-03-20,22.8760040800,23.1558548200,23.2993680200,22.7468422000,46537913,1492217313.0000,0.225595,0.749303
2019-03-21,23.0553955800,22.9477606800,23.2491384000,22.9047067200,38622372,1240270281.0000,0.187224,-0.898670
2019-03-22,23.0195172800,23.2132601000,23.2347870800,22.7540178600,43026848,1380682468.0000,0.208575,1.156970
2019-03-25,22.9621120000,22.3665322200,23.0338686000,22.3163026000,63921055,2018228647.0000,0.309861,-3.647599
2019-03-26,22.6679099400,22.5961533400,22.7109639000,22.3952348600,40336190,1268771627.0000,0.195532,1.026627
2019-03-27,22.7396665400,23.2491384000,23.3495976400,22.5674507000,59415447,1915279543.0000,0.288020,2.889812
2019-03-28,23.0840982200,23.3352463200,23.4285299000,22.9262337000,38742255,1251752176.0000,0.187805,0.370367
2019-03-29,23.3352463200,24.3398387200,24.6268651200,23.2563140600,116415221,3924014336.0000,0.564330,4.305036
2019-04-01,24.5407572000,24.4546492800,25.1506883000,24.3254874000,104639618,3595503205.0000,0.507247,0.471709
2019-04-02,24.4690006000,24.7488513400,24.8206079400,24.4618249400,69428666,2385380768.0000,0.336559,1.203051
2019-04-03,24.6842704000,25.0143507600,25.0789317000,24.6196894600,58160643,2016043612.0000,0.281937,1.072772
2019-04-04,25.0430534000,25.5381739400,25.8682543000,25.0430534000,82285226,2919598558.0000,0.398882,2.094089
2019-04-08,25.6171062000,25.7821463800,26.0261188200,25.5812279000,81066201,2913400186.0000,0.392973,0.955325
2019-04-09,25.7606194000,25.2798501800,25.7677950600,25.1578639600,51123625,1811302889.0000,0.247825,-1.948235
2019-04-10,25.1506883000,25.1650396200,25.4233633800,24.7703783200,67454117,2358129547.0000,0.326988,-0.454158
2019-04-11,25.2511475400,25.0861073600,25.5812279000,24.9138915200,57251604,2008064351.0000,0.277530,-0.313660
2019-04-12,25.0143507600,24.9712968000,25.1148100000,24.8277836000,36335801,1264673345.0000,0.176140,-0.457666
2019-04-15,25.4161877200,24.9856481200,25.9902405200,24.9856481200,92492092,3299629416.0000,0.448361,0.057473
2019-04-16,24.8995402000,25.8323760000,25.9041326000,24.8277836000,84081516,2991158275.0000,0.407590,3.388858
2019-04-17,25.7534437400,25.7103897800,26.1768076800,25.5668765800,49478982,1778194094.0000,0.239852,-0.472217
2019-04-18,25.6888628000,25.4735930000,25.6888628000,25.2080935800,32274070,1143221193.0000,0.156450,-0.921021
2019-04-19,25.5453496000,25.8323760000,26.1552807000,25.5309982800,41174863,1481680330.0000,0.199598,1.408451
2019-04-22,25.6888628000,24.9712968000,25.9400109000,24.6842704000,71582971,2512863629.0000,0.347003,-3.333335
2019-04-23,24.8995402000,25.2798501800,25.5381739400,24.8780132200,49569211,1748713750.0000,0.240290,1.235633
2019-04-24,25.4951199800,25.6888628000,25.7606194000,24.9856481200,54009831,1922166631.0000,0.261816,1.617939
2019-04-25,25.3659581000,25.4233633800,25.7319167600,25.3157284800,43378827,1542369865.0000,0.210281,-1.033517
2019-04-26,25.2296205600,24.6555677600,25.2583232000,24.6412164400,51734443,1797598594.0000,0.250786,-3.020039
2019-04-29,24.8062566200,25.3516067800,25.6386331800,24.6986217200,55033176,1937765299.0000,0.266777,2.823054
2019-04-30,24.8062566200,24.7201487000,25.0430534000,24.2896091000,95371197,3274708143.0000,0.462317,-2.490804
2019-05-06,23.8231912000,24.3326630600,24.4331223000,23.5935700800,113367874,3784588227.0000,0.549557,-1.567492
2019-05-07,24.5264058800,24.1891498600,24.5264058800,23.9380017600,61747624,2078552508.0000,0.299325,-0.589799
2019-05-08,23.8949478000,23.7729615800,24.0958662800,23.6796780000,48174511,1601956981.0000,0.233529,-1.720552
2019-05-09,23.6796780000,23.2634897200,23.8590695000,22.9764633200,58110375,1893434384.0000,0.281693,-2.143081
2019-05-10,23.5792187600,24.1173932600,24.2537308000,23.5792187600,65477578,2191300330.0000,0.317406,3.670581
2019-05-13,23.7155563000,23.5361648000,23.8877721400,23.4141785800,34340859,1130792902.0000,0.166469,-2.410001
2019-05-14,23.1773818000,23.3639489600,23.8231912000,23.1702061400,48864253,1599744262.0000,0.236872,-0.731701
2019-05-15,23.6796780000,24.1317445800,24.2896091000,23.5289891400,44059100,1471301765.0000,0.213579,3.286240
2019-05-16,24.1317445800,24.1604472200,24.3541900400,23.9738800600,33464291,1128388770.0000,0.162220,0.118933
2019-05-17,24.1819742000,23.9021234600,24.2537308000,23.6581510200,35925693,1196233846.0000,0.174152,-1.069192
2019-05-20,23.8949478000,23.8805964800,24.2465551400,23.5505161200,41830436,1388670239.0000,0.202775,-0.090071
2019-05-21,23.8877721400,24.1317445800,24.4690006000,23.7801372400,50344418,1699238453.0000,0.244047,1.051690
2019-05-22,24.1317445800,24.0599879800,24.2896091000,23.8949478000,34508085,1157944609.0000,0.167280,-0.297360
2019-05-23,23.9021234600,23.9308261000,24.1102176000,23.6437997000,38386013,1277508313.0000,0.186078,-0.536834
2019-05-24,24.0958662800,24.1102176000,24.4905275800,23.9595287400,42990884,1449787998.0000,0.208401,0.749625
2019-05-27,24.0241096800,24.2393794800,24.3613657000,23.5361648000,47725947,1592620302.0000,0.231354,0.535715
2019-05-28,24.2178525000,24.6699190800,24.8277836000,24.1245689200,69457087,2375260224.0000,0.336697,1.776206
2019-05-29,24.3326630600,24.5766355000,24.8923645400,24.2896091000,37682884,1292718402.0000,0.182670,-0.378130
2019-05-30,24.6914460600,24.6125138000,24.7632026600,24.2967847600,29730764,1016453738.0000,0.144122,0.145983
2019-05-31,24.5407572000,24.5479328600,24.8995402000,24.4044196600,30522399,1048608820.0000,0.147959,-0.262391
2019-06-03,24.5766355000,24.6842704000,24.8636619000,24.3111360800,39481401,1351932252.0000,0.191388,0.555400
2019-06-04,24.6842704000,24.4187709800,24.6914460600,24.2250281600,32789127,1113572392.0000,0.158947,-1.075589
2019-06-05,24.6340407800,24.3613657000,24.7273243600,24.3398387200,26927425,919338240.0000,0.130532,-0.235081
2019-06-06,24.4905275800,24.3254874000,24.4905275800,23.9523530800,30232510,1024276660.0000,0.146554,-0.147273
2019-06-10,24.4187709800,24.9282428400,25.0430534000,24.4044196600,49305517,1707698127.0000,0.239011,2.477876
2019-06-11,24.9282428400,25.4161877200,25.5022956400,24.9282428400,52369707,1840362215.0000,0.253865,1.957388
2019-06-12,25.3946607400,25.3516067800,25.4807686600,25.1506883000,27091558,956824031.0000,0.131328,-0.254083
2019-06-13,25.3516067800,25.2942015000,25.4735930000,25.0287020800,25623223,901854016.0000,0.124210,-0.226442
2019-06-14,25.3516067800,25.3659581000,25.5238226200,25.2439718800,34183657,1207793174.0000,0.165707,0.283684
2019-06-17,25.3300798000,25.5453496000,25.8180246800,25.3013771600,26237633,935672872.0000,0.127188,0.707214
2019-06-18,25.6171062000,25.8467273200,25.8467273200,25.4807686600,30228448,1084120436.0000,0.146534,1.179781
2019-06-19,26.5427663400,26.4064288000,26.7652118000,26.2413886200,65238879,2411603687.0000,0.316249,2.165460
2019-06-20,26.4494827600,27.5401830800,27.6119396800,26.4494827600,74229868,2808109447.0000,0.359834,4.293484
2019-06-21,27.5401830800,27.0450625400,27.6262910000,26.9087250000,59617631,2257474698.0000,0.289000,-1.797818
2019-06-24,26.9230763200,27.2388053600,27.2603323400,26.8943736800,30881629,1166862209.0000,0.149700,0.716372
2019-06-25,26.9159006600,25.9256595800,26.9159006600,24.9354185000,243512152,8747563858.0000,1.180439,-4.820859
2019-06-26,25.1650396200,25.4520660200,25.7821463800,25.1291613200,104997810,3729647597.0000,0.508983,-1.826736
2019-06-27,25.7462680800,26.1552807000,26.2342129600,25.6529845000,92805629,3369234270.0000,0.449881,2.762897
2019-06-28,26.0835241000,25.8180246800,26.2126859800,25.7175654400,53062339,1914139579.0000,0.257223,-1.289441
2019-07-01,26.3705505000,26.4781854000,26.7149821800,26.3346722000,81245491,2997920556.0000,0.393842,2.556982
2019-07-02,26.4925367200,26.2055103200,26.4925367200,26.0476458000,61223395,2235226043.0000,0.296784,-1.029813
2019-07-03,26.1122267400,25.9400109000,26.1839833400,25.8754299600,47928441,1735338347.0000,0.232336,-1.013141
2019-07-04,26.0978754200,25.8897812800,26.1481050400,25.8395516600,37917354,1371454234.0000,0.183807,-0.193637
2019-07-05,25.9758892000,26.1696320200,26.2844425800,25.8323760000,36451591,1325134309.0000,0.176701,1.080930
2019-07-08,25.8897812800,25.5166469600,25.9758892000,25.3731337600,50610541,1805159246.0000,0.245338,-2.495201
2019-07-09,25.5309982800,25.3229041400,25.6171062000,25.2583232000,28106075,993475022.0000,0.136246,-0.759281
2019-07-10,25.5453496000,25.2009179200,25.5812279000,25.1004586800,44487076,1564014123.0000,0.215654,-0.481729
2019-07-11,25.4448903600,25.7606194000,25.8754299600,25.3372554600,59828966,2141800970.0000,0.290024,2.220964
2019-07-12,25.9227348000,26.0848440000,26.2322160000,25.8048372000,49746675,1759080553.0000,0.241150,1.258588
2019-07-15,25.7974686000,26.0111580000,26.2911648000,25.4216700000,42271763,1482173720.0000,0.204915,-0.282492
2019-07-16,26.0627382000,26.0185266000,26.1585300000,25.9006290000,27014554,955308164.0000,0.130955,0.028335
2019-07-17,25.8711546000,25.9448406000,26.0995812000,25.7974686000,22637619,796929618.0000,0.109737,-0.283212
2019-07-18,26.0111580000,26.0258952000,26.2174788000,25.8416802000,33890048,1198433942.0000,0.164284,0.312413
2019-07-19,26.2911648000,26.7995982000,26.8880214000,26.2174788000,49864204,1804011550.0000,0.241720,2.972818
2019-07-22,26.7922296000,26.7995982000,27.0943422000,26.5932774000,33732997,1230690061.0000,0.163523,0.000000
2019-07-23,26.7995982000,26.6817006000,26.8953900000,26.5343286000,25079506,909838723.0000,0.121574,-0.439923
2019-07-24,26.8511784000,26.8438098000,27.2343456000,26.7038064000,34263449,1254224791.0000,0.166094,0.607570
2019-07-25,27.0796050000,27.4554036000,27.6175128000,27.0796050000,50994342,1896150462.0000,0.247198,2.278337
2019-07-26,27.3006630000,27.4259292000,27.5364582000,27.2859258000,23391862,870022305.0000,0.113400,-0.107300
2019-07-29,27.4111920000,27.1385538000,27.4111920000,26.9690760000,31750358,1170614801.0000,0.153912,-1.047822
2019-07-30,27.1164480000,27.0943422000,27.3890862000,27.0427620000,26183718,966377345.0000,0.126900,-0.162900
2019-07-31,26.8953900000,26.9396016000,27.1164480000,26.8585470000,27306707,998321822.0000,0.132400,-0.571100
2019-08-01,26.8217040000,26.6743320000,26.9617074000,26.4606426000,32231581,1166692625.0000,0.156200,-0.984700
2019-08-02,26.1953730000,26.3427450000,26.4974856000,26.0848440000,48948013,1744741168.0000,0.237300,-1.243100
2019-08-05,26.1732672000,25.9448406000,26.2985334000,25.8564174000,45212718,1597313152.0000,0.219200,-1.510500
2019-08-06,25.4216700000,25.7016768000,25.8416802000,25.3479840000,58569559,2038065671.0000,0.283900,-0.937200
2019-08-07,25.7164140000,25.4437758000,25.7753628000,25.3774584000,55056614,1907381568.0000,0.266900,-1.003400
2019-08-08,25.6427280000,26.0553696000,26.1511614000,25.6427280000,45625739,1602214298.0000,0.221200,2.403700
2019-08-09,26.1290556000,25.7827314000,26.1585300000,25.7237826000,33614193,1181594152.0000,0.162900,-1.046400
2019-08-12,25.7827314000,26.0922126000,26.1290556000,25.6427280000,39225849,1377596532.0000,0.190100,1.200300
2019-08-13,25.9301034000,25.6795710000,25.9743150000,25.6427280000,29736510,1039741519.0000,0.144100,-1.581500
2019-08-14,25.9522092000,25.6869396000,26.0848440000,25.6427280000,37749308,1322902547.0000,0.183000,0.028700
2019-08-15,25.2006120000,25.6943082000,25.7458884000,25.1269260000,30054809,1040105626.0000,0.145700,0.028700
2019-08-16,25.7090454000,25.9079976000,26.0848440000,25.4364072000,40844467,1431729717.0000,0.198000,0.831700
2019-08-19,25.7679942000,26.0111580000,26.0111580000,25.3774584000,71493374,2493400951.0000,0.346600,0.398200
2019-08-20,25.7901000000,26.0332638000,26.2027416000,25.7164140000,38036943,1340295547.0000,0.184400,0.085000
2019-08-21,25.9669464000,26.1216870000,26.2322160000,25.9079976000,29982516,1062519113.0000,0.145300,0.339700
2019-08-22,26.2248474000,26.0406324000,26.2616904000,25.8932604000,22862467,808431523.0000,0.110800,-0.310300
2019-08-23,25.9522092000,26.7259122000,26.9248644000,25.9522092000,70609852,2544555084.0000,0.342300,2.631600
2019-08-26,26.1585300000,25.7901000000,26.3795880000,25.6206222000,86736265,3045354099.0000,0.420500,-3.501500
2019-08-27,26.0701068000,25.6058850000,26.2469532000,25.6058850000,81751179,2876573970.0000,0.396300,-0.714300
2019-08-28,25.7901000000,25.4216700000,25.8490488000,25.3553526000,51476226,1780588508.0000,0.249500,-0.719400
2019-08-29,25.4216700000,25.0016598000,25.4585130000,24.8321820000,71161785,2415342459.0000,0.345000,-1.652200
2019-08-30,25.2669294000,25.2595608000,25.3406154000,25.0163970000,59657969,2039657518.0000,0.289200,1.031500
2019-09-02,25.2595608000,25.3037724000,25.5395676000,25.2374550000,50798281,1752014271.0000,0.246200,0.175000
2019-09-03,25.3258782000,25.1637690000,25.3921956000,25.0606086000,40716969,1390955164.0000,0.197400,-0.553300
2019-09-04,25.1342946000,25.7090454000,25.8343116000,25.0606086000,63463616,2202852785.0000,0.307600,2.166900
2019-09-05,25.8122058000,26.1732672000,26.4532740000,25.8122058000,72370246,2573174320.0000,0.350800,1.805700
2019-09-06,26.4532740000,26.4459054000,26.5195914000,26.1953730000,47316276,1692573890.0000,0.229400,1.041700
2019-09-09,26.5932774000,26.1585300000,26.8511784000,26.0406324000,75615132,2697975757.0000,0.366500,-1.086700
2019-09-10,26.3132706000,25.7901000000,26.3353764000,25.6058850000,67533066,2361508165.0000,0.327400,-1.408500
2019-09-11,25.9301034000,25.8269430000,25.9669464000,25.5764106000,60908940,2129059918.0000,0.295300,0.142900
2019-09-12,26.0848440000,26.0037894000,26.1069498000,25.7679942000,52582171,1851086313.0000,0.254900,0.684700
2019-09-16,26.1585300000,25.7901000000,26.1880044000,25.6574652000,46166805,1617245973.0000,0.223800,-0.821800
2019-09-17,25.8416802000,25.6353594000,25.9227348000,25.5100932000,44307090,1546391358.0000,0.214800,-0.600000
2019-09-18,25.6427280000,25.6427280000,25.7458884000,25.5764106000,35374807,1232164287.0000,0.171500,0.028700
2019-09-19,25.7458884000,25.4290386000,25.7606256000,25.3185096000,53845325,1858895881.0000,0.261000,-0.833300
2019-09-20,25.5764106000,25.4290386000,25.6132536000,25.3332468000,69494464,2401483947.0000,0.336900,0.000000
2019-09-23,25.3479840000,25.0827144000,25.3479840000,24.9648168000,61025444,2075660837.0000,0.295800,-1.361900
2019-09-24,25.2374550000,25.1121888000,25.2374550000,25.0311342000,36571835,1245693485.0000,0.177300,0.117500
2019-09-25,25.0900830000,25.3111410000,25.3995642000,24.9574482000,46779376,1601997090.0000,0.226800,0.792200
2019-09-26,25.3848270000,25.9522092000,26.2469532000,25.2595608000,108440812,3804658828.0000,0.525700,2.532800
2019-09-27,25.9006290000,25.9374720000,26.2985334000,25.6574652000,67267796,2368047235.0000,0.326100,-0.056800
2019-09-30,25.6353594000,25.6058850000,26.0332638000,25.5690420000,39120377,1370027544.0000,0.189600,-1.278400
2019-10-08,25.5690420000,25.6500966000,25.8637860000,25.4216700000,64588657,2250110388.0000,0.313100,0.172700
2019-10-09,25.4364072000,25.9227348000,26.2837962000,25.4216700000,82161376,2896026737.0000,0.398300,1.062900
2019-10-10,25.9448406000,25.8711546000,26.0701068000,25.8048372000,37870052,1332044307.0000,0.183600,-0.199000
2019-10-11,26.0111580000,26.7406494000,26.7995982000,26.0111580000,104387314,3760500499.0000,0.506000,3.360900
2019-10-14,26.9690760000,27.1385538000,27.5880384000,26.9690760000,87433443,3237676515.0000,0.423800,1.488000
2019-10-15,27.4259292000,26.9985504000,27.4259292000,26.8732842000,45810496,1680658831.0000,0.222100,-0.515900
2019-10-16,27.2417142000,27.1238166000,27.5954070000,26.8217040000,51489760,1902454585.0000,0.249600,0.464000
2019-10-17,27.1238166000,27.2638200000,27.3743490000,26.9248644000,34258778,1264253177.0000,0.166100,0.516200
2019-10-18,27.3375060000,26.6595948000,27.4701408000,26.6006460000,45434980,1660975667.0000,0.220200,-2.216200
2019-10-21,26.6006460000,26.6890692000,26.8953900000,26.3574822000,35942551,1300444689.0000,0.174200,0.110600
2019-10-22,26.8732842000,26.6227518000,26.8806528000,26.2837962000,33207388,1193683500.0000,0.161000,-0.248500
2019-10-23,26.5638030000,26.5269600000,26.7480180000,26.3943252000,31347067,1131160460.0000,0.152000,-0.359800
2019-10-24,26.6595948000,26.8953900000,27.0796050000,26.4974856000,43122021,1571999093.0000,0.209000,1.388900
2019-10-25,27.0206562000,26.8217040000,27.0206562000,26.5564344000,24614215,892763388.0000,0.119300,-0.274000
2019-10-28,26.8806528000,26.6743320000,27.2122398000,26.6006460000,32808346,1191663975.0000,0.159000,-0.549500
2019-10-29,26.7259122000,26.6374890000,26.7995982000,26.4606426000,26610094,961023821.0000,0.129000,-0.138100
2019-10-30,26.6080146000,26.0922126000,26.6964378000,26.0185266000,48326260,1720463214.0000,0.234300,-2.047000
2019-10-31,26.3059020000,26.1585300000,26.4311682000,25.9964208000,50704205,1805894998.0000,0.245800,0.254200
2019-11-01,26.2101102000,26.9690760000,27.0869736000,26.0701068000,66855574,2425821889.0000,0.324100,3.098600
2019-11-04,27.2417142000,27.3964548000,27.4701408000,27.0353934000,59640216,2210377095.0000,0.289100,1.584700
2019-11-05,27.4038234000,27.7501476000,28.1112090000,27.2490828000,72333061,2724426631.0000,0.350600,1.291000
2019-11-06,27.7501476000,28.1112090000,28.3543728000,27.6543558000,70844894,2705336305.0000,0.343400,1.301100
2019-11-07,28.0964718000,28.1185776000,28.2806868000,27.8680452000,35055161,1336451650.0000,0.169900,0.026200
2019-11-08,28.3543728000,27.8164650000,28.4059530000,27.7059360000,45708215,1739031666.0000,0.221600,-1.074400
2019-11-11,27.6543558000,27.4922466000,27.7722534000,27.3890862000,39293988,1471061703.0000,0.190500,-1.165600
2019-11-12,27.4922466000,27.4111920000,27.6248814000,27.1975026000,36383152,1354249070.0000,0.176400,-0.294800
2019-11-13,27.3006630000,27.2638200000,27.5438268000,27.1901340000,39293401,1456511446.0000,0.190500,-0.537600
2019-11-14,27.4038234000,27.0722364000,27.4480350000,27.0059190000,29291220,1078428853.0000,0.142000,-0.702700
2019-11-15,27.2490828000,27.1385538000,27.3080316000,26.9690760000,31500856,1162061809.0000,0.152700,0.245000
2019-11-18,27.1385538000,27.6322500000,27.9196254000,27.0648678000,57445530,2149791797.0000,0.278500,1.819200
2019-11-19,27.5954070000,27.6469872000,27.8533080000,27.4922466000,39018448,1463591441.0000,0.189100,0.053300
2019-11-20,27.4406664000,26.9543388000,27.5364582000,26.8880214000,48277448,1776707173.0000,0.234000,-2.505300
2019-11-21,26.7922296000,26.8511784000,27.0353934000,26.5785402000,29743640,1081481614.0000,0.144200,-0.382700
2019-11-22,27.0427620000,26.6964378000,27.1532910000,26.5859088000,32273896,1175858814.0000,0.156400,-0.576300
2019-11-25,26.8217040000,26.9543388000,27.0574992000,26.7627552000,26416258,966079490.0000,0.128100,0.966100
2019-11-26,27.1090794000,26.5269600000,27.1164480000,26.5269600000,44859522,1630207659.0000,0.217500,-1.585600
2019-11-27,26.6669634000,27.0059190000,27.1753968000,26.5711716000,35069510,1283181354.0000,0.170000,1.805600
2019-11-28,26.9396016000,26.9911818000,27.1753968000,26.8511784000,20852093,763903768.0000,0.101100,-0.054600
2019-11-29,26.8806528000,26.5490658000,27.0353934000,26.4680112000,33478873,1210713277.0000,0.162300,-1.638000
2019-12-02,26.6006460000,26.6080146000,26.8069668000,26.5048542000,19733974,713692292.0000,0.095700,0.222000
2019-12-03,26.4680112000,26.8659156000,26.9690760000,26.3280078000,27680568,1004322265.0000,0.134200,0.969300
2019-12-04,26.5785402000,26.7332808000,26.8364412000,26.5564344000,23090627,835895192.0000,0.111900,-0.493700
2019-12-05,26.8806528000,26.8069668000,26.9690760000,26.6153832000,26477925,962515349.0000,0.128400,0.275600
2019-12-06,26.8732842000,26.8290726000,26.9543388000,26.6595948000,25584640,929546913.0000,0.124000,0.082500
2019-12-09,26.8069668000,26.7259122000,26.8511784000,26.5490658000,25078780,908083891.0000,0.121600,-0.384500
2019-12-10,26.5785402000,26.6153832000,26.7922296000,26.5638030000,22735572,822478503.0000,0.110200,-0.413600
2019-12-11,26.7406494000,26.8217040000,26.8585470000,26.6080146000,28077921,1018761748.0000,0.136100,0.775200
2019-12-12,26.8953900000,26.8217040000,26.9543388000,26.7038064000,25011328,909207353.0000,0.121200,0.000000
2019-12-13,27.0648678000,27.6322500000,27.6322500000,27.0353934000,65495601,2430849617.0000,0.317500,3.022000
2019-12-16,27.4480350000,27.4701408000,27.6175128000,27.3375060000,35287693,1314017570.0000,0.171100,-0.586700
2019-12-17,27.4480350000,27.6322500000,27.8901510000,27.1901340000,56312739,2106137323.0000,0.273000,0.590100
2019-12-18,27.6690930000,27.9933114000,28.1112090000,27.6690930000,54132237,2052043202.0000,0.262400,1.306700
2019-12-19,28.0006800000,27.8312022000,28.1848950000,27.8017278000,30188408,1144128603.0000,0.146300,-0.579100
2019-12-20,27.8680452000,27.6617244000,28.0227858000,27.5585640000,28800748,1085477957.0000,0.139600,-0.608900
2019-12-23,27.8459394000,27.5585640000,28.0006800000,27.4480350000,35874675,1349470854.0000,0.173900,-0.372900
2019-12-24,27.5954070000,28.0080486000,28.1112090000,27.5954070000,34185644,1296815029.0000,0.165700,1.631000
2019-12-25,28.0080486000,27.8459394000,28.1701578000,27.7206732000,23502761,889443213.0000,0.113900,-0.578800
2019-12-26,27.8385708000,28.0743660000,28.0743660000,27.7722534000,19223976,728012313.0000,0.093200,0.820300
2019-12-27,28.0743660000,27.8975196000,28.3691100000,27.8533080000,35953534,1370335108.0000,0.174300,-0.629900
2019-12-30,27.7059360000,27.8754138000,27.9417312000,27.3448746000,44496289,1670186942.0000,0.215700,-0.079200
2019-12-31,27.8901510000,27.6911988000,27.9122568000,27.4922466000,37680506,1412996239.0000,0.182700,-0.660900
2020-01-02,28.0227858000,28.6491168000,28.8259632000,28.0154172000,82624452,3191180650.0000,0.400500,3.459300
2020-01-03,28.7006970000,29.0322840000,29.1943932000,28.6785912000,52010611,2045230273.0000,0.252100,1.337400
2020-01-06,28.8775434000,28.9143864000,29.5922976000,28.6638540000,54887720,2171575505.0000,0.266100,-0.406100
2020-01-07,29.1428130000,28.8480690000,29.4301884000,28.8112260000,34767128,1369304771.0000,0.168500,-0.229400
2020-01-08,28.7006970000,28.3027926000,28.7006970000,28.3027926000,36323418,1403861101.0000,0.176100,-1.890200
2020-01-09,28.6196424000,28.6638540000,28.7375400000,28.4280588000,30335989,1177003661.0000,0.147100,1.275700
2020-01-10,28.6638540000,28.7670144000,28.9438608000,28.5533250000,28593121,1116903172.0000,0.138600,0.359900
2020-01-13,28.9438608000,28.8112260000,28.9438608000,28.5533250000,32780852,1279073028.0000,0.158900,0.153700
2020-01-14,28.8407004000,28.5975366000,29.2017618000,28.5164820000,33564638,1314430602.0000,0.162700,-0.741700
2020-01-15,28.6196424000,28.0891032000,28.6564854000,28.0154172000,48859891,1870048774.0000,0.236900,-1.777900
2020-01-16,28.1627892000,27.9712056000,28.2585810000,27.8238336000,45384826,1723277982.0000,0.220000,-0.419700
2020-01-17,28.0448916000,27.9490998000,28.1259462000,27.7648848000,42135711,1595789849.0000,0.204300,-0.079000
2020-01-20,28.1627892000,28.2291066000,28.4796390000,28.0006800000,58580886,2244268938.0000,0.284000,1.001800
2020-01-21,27.9638370000,27.8459394000,28.1112090000,27.7796220000,41720185,1580332561.0000,0.202200,-1.357300
2020-01-22,27.7796220000,27.8680452000,28.0743660000,27.3743490000,53125460,2000618547.0000,0.257500,0.079400
2020-01-23,27.6543558000,27.1238166000,27.7796220000,26.8585470000,78750274,2912304571.0000,0.381700,-2.670500
2020-02-03,24.9058680000,25.8122058000,26.1585300000,24.9058680000,113106226,3944795003.0000,0.548300,-4.835600
2020-02-04,25.8195744000,26.0480010000,26.1437928000,25.5543048000,122967652,4313054347.0000,0.596100,0.913500
2020-02-05,26.0406324000,26.0553696000,26.1658986000,25.6648338000,80257198,2826862599.0000,0.389100,0.028300
2020-02-06,26.1585300000,26.3427450000,26.4016938000,25.8858918000,73070159,2589474707.0000,0.354200,1.102900
2020-02-07,25.8637860000,26.0995812000,26.1290556000,25.7974686000,67552464,2374190018.0000,0.327500,-0.923100
2020-02-10,25.8858918000,25.8637860000,25.9669464000,25.7532570000,57504178,2016401930.0000,0.278800,-0.903400
2020-02-11,26.0111580000,26.2101102000,26.4164310000,25.9006290000,55743628,1983770029.0000,0.270200,1.339000
2020-02-12,26.1585300000,26.2322160000,26.2764276000,25.9669464000,40538973,1437177997.0000,0.196500,0.084300
2020-02-13,26.1806358000,25.9890522000,26.1953730000,25.9374720000,42235080,1493775789.0000,0.204700,-0.927000
2020-02-14,25.9448406000,26.2616904000,26.3132706000,25.9448406000,40339677,1431806484.0000,0.195500,1.049000
2020-02-17,26.2543218000,26.6522262000,26.6522262000,26.0701068000,66942541,2396661832.0000,0.324500,1.487100
2020-02-18,26.5269600000,26.3059020000,26.5269600000,26.2322160000,51639665,1846260235.0000,0.250300,-1.299400
2020-02-19,26.2322160000,26.1806358000,26.4459054000,26.1290556000,41952131,1496142157.0000,0.203400,-0.476200
2020-02-20,26.2764276000,26.5122228000,26.5638030000,25.9374720000,74600588,2658121245.0000,0.361600,1.266500
2020-02-21,26.4532740000,26.2616904000,26.4753798000,26.1364242000,73031468,2603112503.0000,0.354000,-0.945000
2020-02-24,26.1511614000,25.8269430000,26.2985334000,25.8122058000,79856482,2812039823.0000,0.387100,-1.655400
2020-02-25,25.6500966000,25.5174618000,25.8490488000,25.4216700000,87373432,3032212325.0000,0.423500,-1.198300
2020-02-26,25.3553526000,25.6648338000,25.7827314000,25.2374550000,77970475,2707591830.0000,0.378000,0.577500
2020-02-27,25.6353594000,25.9522092000,26.0480010000,25.5690420000,68937853,2422074087.0000,0.334200,1.119700
2020-02-28,25.6795710000,25.2006120000,25.9227348000,25.2006120000,83534097,2885398352.0000,0.404900,-2.896100
2020-03-02,25.2300864000,25.6058850000,25.7016768000,25.1269260000,70429063,2438029173.0000,0.341400,1.608200
2020-03-03,25.7385198000,25.5100932000,25.8637860000,25.3627212000,68607306,2380418310.0000,0.332600,-0.374100
2020-03-04,25.5543048000,25.6279908000,25.6427280000,25.3774584000,56088606,1941800190.0000,0.271900,0.462200
2020-03-05,25.7827314000,26.6964378000,26.7627552000,25.6427280000,135541300,4840609026.0000,0.657000,4.169100
2020-03-06,26.4090624000,26.0922126000,26.5416972000,26.0922126000,67067378,2389764957.0000,0.325100,-2.263300
2020-03-09,25.7016768000,25.1858748000,25.7016768000,25.1858748000,96659166,3318066994.0000,0.468600,-3.473600
2020-03-10,25.1932434000,25.5543048000,25.7458884000,25.1121888000,66829810,2309858482.0000,0.324000,1.462800
2020-03-11,25.6132536000,25.3848270000,25.7827314000,25.3553526000,56655064,1965764178.0000,0.274600,-0.663200
2020-03-12,25.3258782000,25.1711376000,25.4879874000,25.0679772000,61918002,2118258080.0000,0.300200,-0.841800
2020-03-13,24.1690080000,24.6184926000,24.7290216000,23.8742640000,114095770,3748370246.0000,0.553100,-2.195600
2020-03-16,24.6037554000,23.3363562000,24.6037554000,23.3142504000,106602730,3445337101.0000,0.516800,-5.208000
2020-03-17,23.3216190000,23.3805678000,24.0290046000,22.9237146000,84344133,2675433577.0000,0.408900,0.189500
2020-03-18,23.4910968000,22.7100252000,23.7858408000,22.6658136000,82431704,2604923481.0000,0.399600,-2.867900
2020-03-19,22.4594928000,21.5973666000,22.4594928000,21.1552506000,155945747,4591894342.0000,0.756000,-4.899400
2020-03-20,21.9584280000,22.8721344000,22.9237146000,21.9584280000,134315310,4101898423.0000,0.651100,5.902400
2020-03-23,22.1131686000,22.2236976000,22.4815986000,22.0173768000,92897116,2804113446.0000,0.450300,-2.835100
2020-03-24,22.9531890000,23.2184586000,23.3216190000,22.7026566000,82535893,2585549433.0000,0.400100,4.476100
2020-03-25,23.7489978000,23.9405814000,24.0805848000,23.7047862000,80952655,2629580314.0000,0.392400,3.110100
2020-03-26,23.6532060000,24.1100592000,24.6258612000,23.6237316000,69463585,2281461462.0000,0.336700,0.707900
2020-03-27,24.4048032000,24.1100592000,24.5595438000,23.9332128000,58177545,1911127945.0000,0.282000,0.000000
2020-03-30,23.7121548000,24.0584790000,24.1100592000,23.4321480000,47749415,1541068106.0000,0.231500,-0.213900
2020-03-31,24.2574312000,23.7858408000,24.3016428000,23.6974176000,37754006,1228383288.0000,0.183000,-1.133200
2020-04-01,23.6679432000,23.6753118000,24.0584790000,23.5795200000,35814313,1157345796.0000,0.173600,-0.464700
2020-04-02,23.3953050000,23.8300524000,23.8300524000,23.3658306000,28960147,929189673.0000,0.140400,0.653600
2020-04-03,23.5795200000,23.6900490000,23.8153152000,23.5721514000,25161829,808697603.0000,0.122000,-0.587500
2020-04-07,24.1984824000,23.9626872000,24.2279568000,23.8742640000,43184378,1406732994.0000,0.209300,1.150900
2020-04-08,23.9479500000,23.7416292000,23.9479500000,23.6679432000,31813445,1024956344.0000,0.154200,-0.922500
2020-04-09,23.7932094000,23.8005780000,23.8374210000,23.6605746000,28664595,924260480.0000,0.139000,0.248300
2020-04-10,23.8816326000,23.6532060000,23.9921616000,23.5132026000,43743153,1409435238.0000,0.212000,-0.619200
2020-04-13,23.5205712000,23.5279398000,23.7268920000,23.4468852000,23055549,737876564.0000,0.111800,-0.529600
2020-04-14,23.7121548000,24.1026906000,24.1026906000,23.6384688000,42707944,1386006869.0000,0.207000,2.442800
2020-04-15,24.0142674000,23.8890012000,24.0437418000,23.8153152000,23783848,771129191.0000,0.115300,-0.886600
2020-04-16,23.7268920000,23.6532060000,23.8816326000,23.5500456000,29499982,947452268.0000,0.143000,-0.987000
2020-04-17,23.9111070000,24.2132196000,24.4637520000,23.8300524000,69795242,2293965391.0000,0.338300,2.367600
2020-04-20,24.2353254000,24.2426940000,24.3753288000,23.9847930000,33602426,1104349255.0000,0.162900,0.121700
2020-04-21,24.2426940000,24.0584790000,24.3458544000,24.0068988000,32871489,1077331035.0000,0.159300,-0.759900
2020-04-22,23.9111070000,24.1174278000,24.1321650000,23.8226838000,27943538,910099517.0000,0.135500,0.245000
2020-04-23,24.1837452000,24.0879534000,24.2869056000,24.0584790000,24614551,807219190.0000,0.119300,-0.122200
2020-04-24,24.1100592000,23.9553186000,24.1100592000,23.8816326000,22259784,723766561.0000,0.107900,-0.550600
2020-04-27,24.1321650000,24.7437588000,25.0385028000,24.1100592000,65341471,2197523211.0000,0.316700,3.291300
2020-04-28,24.7584960000,24.9500796000,24.9795540000,24.5374380000,36651091,1234430064.0000,0.177700,0.833800
2020-04-29,24.9795540000,25.8048372000,25.8637860000,24.9721854000,65876588,2288732967.0000,0.319300,3.425900
2020-04-30,25.9006290000,25.8564174000,26.5638030000,25.8269430000,71533247,2544804889.0000,0.346800,0.199900
2020-05-06,25.4437758000,25.5174618000,25.6279908000,25.1858748000,50173590,1731704264.0000,0.243200,-1.310900
2020-05-07,25.4953560000,25.3848270000,25.5100932000,25.0900830000,29948465,1028793473.0000,0.145200,-0.519800
2020-05-08,25.6206222000,25.7679942000,25.9227348000,25.4585130000,39215460,1371649847.0000,0.190100,1.509400
2020-05-11,25.7753628000,25.7606256000,26.1437928000,25.7016768000,29584829,1040649468.0000,0.143400,-0.028600
2020-05-12,25.7827314000,25.4879874000,25.8195744000,25.3774584000,34963382,1213003373.0000,0.169500,-1.058300
2020-05-13,25.3479840000,25.4511444000,25.5543048000,25.1269260000,27983494,961672947.0000,0.135700,-0.144500
2020-05-14,25.3406154000,25.0016598000,25.3627212000,24.9058680000,42063019,1430362916.0000,0.203900,-1.766100
2020-05-15,25.1932434000,24.9427110000,25.2448236000,24.8321820000,36192753,1226127432.0000,0.175400,-0.235800
2020-05-18,24.7732332000,24.9058680000,25.2742980000,24.6921786000,36370093,1233862748.0000,0.176300,-0.147700
2020-05-19,25.3479840000,25.2521922000,25.4069328000,25.0974516000,26430448,904985389.0000,0.128100,1.390500
2020-05-20,25.2521922000,25.5543048000,25.8122058000,25.1269260000,38051757,1313430550.0000,0.184500,1.196400
2020-05-21,25.7237826000,25.5911478000,25.9227348000,25.5395676000,36252721,1263004925.0000,0.175700,0.144200
2020-05-22,25.4143014000,24.7806018000,25.5616734000,24.7658646000,42396439,1439086679.0000,0.205500,-3.167300
2020-05-25,24.9942912000,24.3826974000,25.0090284000,24.2426940000,43264917,1434823005.0000,0.209700,-1.605700
2020-05-26,24.5374380000,24.6332298000,24.6774414000,24.3826974000,32246077,1072932146.0000,0.156300,1.027500
2020-05-27,24.7363902000,24.6332298000,25.0385028000,24.4932264000,32083331,1077247848.0000,0.155500,0.000000
2020-05-28,24.7437588000,25.2153492000,25.5690420000,24.6332298000,69362331,2378620601.0000,0.336200,2.363100
2020-05-29,24.9500796000,24.9206052000,25.1490318000,24.8321820000,37237481,1260905545.0000,0.180500,-1.168900
2020-06-01,25.1637690000,25.6574652000,25.7679942000,25.1269260000,48823746,1693982687.0000,0.236700,2.956800
2020-06-02,25.4585130000,25.8195744000,25.9816836000,25.4511444000,49295713,1726597705.0000,0.239000,0.631800
2020-06-03,26.1216870000,25.9522092000,26.5269600000,25.8048372000,61018691,2169754932.0000,0.295800,0.513700
2020-06-04,26.1585300000,25.9006290000,26.1953730000,25.8416802000,25756086,909222198.0000,0.124900,-0.198700
2020-06-05,26.0111580000,25.9669464000,26.1364242000,25.6500966000,32717303,1146499654.0000,0.158600,0.256000
2020-06-08,26.1953730000,26.2837962000,26.6669634000,26.1585300000,50180979,1796585383.0000,0.243300,1.220200
2020-06-09,26.2395846000,26.1806358000,26.2985334000,25.9816836000,30093079,1067277929.0000,0.145900,-0.392500
2020-06-10,26.2616904000,26.0406324000,26.2690590000,25.9227348000,27273061,964770416.0000,0.132200,-0.534800
2020-06-11,25.9448406000,25.3995642000,26.0258952000,25.2816666000,58892745,2040709558.0000,0.285500,-2.461800
2020-06-12,25.0458714000,25.4216700000,25.4216700000,24.8321820000,54661576,1865053466.0000,0.265000,0.087000
2020-06-15,25.0827144000,24.7363902000,25.1858748000,24.6553356000,65434347,2209023835.0000,0.317200,-2.695700
2020-06-16,25.0532400000,25.1564004000,25.1858748000,24.9132366000,38163105,1298977209.0000,0.185000,1.697900
2020-06-17,25.0532400000,25.2006120000,25.2816666000,24.9279738000,30627774,1042779922.0000,0.148500,0.175800
2020-06-18,24.9648168000,24.9721854000,25.0974516000,24.3311172000,92293933,3090987273.0000,0.447400,-0.906400
2020-06-19,24.9058680000,24.9500796000,25.3037724000,24.7584960000,67949603,2299545222.0000,0.329400,-0.088500
2020-06-22,24.8027076000,24.6848100000,24.9427110000,24.5595438000,59581469,1997593331.0000,0.288800,-1.063200
2020-06-23,24.5374380000,24.5742810000,24.7142844000,24.3974346000,45252939,1509296732.0000,0.219400,-0.447800
2020-06-24,24.6995472000,24.9795540000,25.0237656000,24.6921786000,47989117,1621575075.0000,0.232600,1.649200
2020-06-29,25.1785062000,24.7879704000,25.2742980000,24.6774414000,56729748,1915098031.0000,0.275000,-0.767000
2020-06-30,24.9427110000,24.8469192000,25.0237656000,24.7879704000,39156798,1322157814.0000,0.189800,0.237800
2020-07-01,24.8984994000,25.6353594000,25.6427280000,24.7658646000,79909645,2741317357.0000,0.387400,3.173200
2020-07-02,25.5321990000,26.0111580000,26.1364242000,25.2742980000,124517798,4347489231.0000,0.603600,1.465900
2020-07-03,26.0848440000,27.0722364000,27.0869736000,26.0480010000,153570417,5583630477.0000,0.744400,4.079300
2020-07-06,27.3964548000,29.7765126000,29.7765126000,27.3964548000,187492888,7369658960.0000,0.908900,9.989100
2020-07-07,30.8007480000,30.2554716000,31.9060380000,29.8428300000,201633829,8389893483.0000,0.977400,1.608500
2020-07-08,30.1375740000,29.8428300000,30.8523282000,29.4522942000,182703889,7454256185.0000,0.885700,-1.363900
2020-07-09,29.8501986000,29.4080826000,29.9312532000,29.1280758000,169323629,6759559094.0000,0.820800,-1.456800
2020-07-10,29.4081031300,28.2989367500,29.6284170000,28.1469961500,152815945,5784778253.0000,0.740800,-3.771600
2020-07-13,28.1166080300,28.3369219000,28.8687140000,27.8583090100,163406373,6086294085.0000,0.792100,0.134200
2020-07-14,28.1621902100,27.7367565300,28.4280862600,27.5240396900,131086591,4821059904.0000,0.635400,-2.118000
2020-07-15,28.1014139700,27.2429495800,28.1242050600,27.1213971000,134114248,4838521682.0000,0.650100,-1.780300
2020-07-16,27.3872931500,27.0454268000,27.7899357400,27.0378297700,142952326,5153628340.0000,0.693000,-0.725000
2020-07-17,27.2505466100,27.4100842400,27.5012486000,26.8251129300,116991781,4182751219.0000,0.567100,1.348300
2020-07-20,27.4252783000,28.3141308100,28.4508773500,27.2353525500,159415734,5884589656.0000,0.772800,3.298200
2020-07-21,28.3141308100,27.9874585200,28.4432803200,27.7443535600,83162093,3062989302.9000,0.403100,-1.153700
2020-07-22,27.9418763400,27.6835773200,28.1849813000,27.5468307800,99881181,3656733629.3400,0.484200,-1.085800
2020-07-23,27.4860545400,27.0454268000,27.6607862300,26.7795307500,119707588,4272039760.6700,0.580300,-2.305200
2020-07-24,26.9694565000,26.2857238000,27.1973674000,25.9286633900,130419436,4555965917.2400,0.632200,-2.809000
2020-07-27,26.5440228200,26.0198277500,26.5668139100,25.8374990300,89346903,3062209384.2300,0.433100,-1.011600
2020-07-28,26.3313059800,26.2705297400,26.4984406400,25.9894396300,78035052,2693238172.0400,0.378300,0.963500
2020-07-29,26.2097535000,26.6427842100,26.8555010500,26.0046336900,96913071,3381773114.0400,0.469800,1.417000
2020-07-30,26.6275901500,26.2553356800,26.7187545100,26.1945594400,79887927,2776830172.0800,0.387300,-1.454200
2020-07-31,26.2857238000,26.4376644000,26.8555010500,26.2021564700,98989455,3456763749.1900,0.479900,0.694400
2020-08-03,26.7415456000,26.5896050000,26.8858891700,26.4224703400,102185800,3573570193.3700,0.495400,0.574700
2020-08-04,26.6959634200,27.8659060400,28.2229664500,26.5896050000,235440404,8524612075.1100,1.141300,4.800000
2020-08-05,27.6531892000,27.5772189000,27.8507119800,27.2049644300,106065970,3842397075.8800,0.514200,-1.036000
2020-08-06,27.6759802900,28.1242050600,28.3597129900,27.6076070200,125242884,4621511196.9000,0.607100,1.983500
2020-08-07,28.0178466400,27.8127268300,28.0178466400,27.5012486000,89795414,3286449488.1200,0.435300,-1.107500
2020-08-10,27.8811001000,28.1090110000,28.4204892300,27.2657406700,122448139,4519789795.5200,0.593600,1.065300
2020-08-11,28.2229664500,28.5192506200,29.4764764000,28.2229664500,173638283,6622998621.9600,0.841700,1.459500
2020-08-12,28.7015793400,28.7091763700,29.0662367800,28.1318020900,93003691,3505241801.0200,0.450800,0.666000
2020-08-13,28.7547585500,28.3597129900,28.9978635100,28.3521159600,64048694,2413002932.9500,0.310500,-1.217300
2020-08-14,28.3597129900,28.8687140000,28.9294902400,28.3065337800,67065745,2530430881.6900,0.325100,1.794800
2020-08-17,28.9142961800,29.6664021500,30.0310595900,28.9142961800,148309043,5782809861.4800,0.718900,2.763200
2020-08-18,29.6284170000,29.5144615500,29.7499694800,29.2713565900,57366054,2225879678.3400,0.278100,-0.512200
2020-08-19,29.5068645200,29.1346100500,29.6891932400,29.1346100500,56393694,2185921383.6700,0.273400,-1.287000
2020-08-20,29.0282516300,28.5040565600,29.0434456900,28.2077723900,73440819,2759025986.0700,0.356000,-2.164300
2020-08-21,28.8687140000,28.6939823100,28.8763110300,28.4584743800,56125442,2115951199.6300,0.272100,0.666300
2020-08-24,28.9294902400,28.4888625000,29.1042219300,28.3901011100,62098893,2346712056.5900,0.301000,-0.714900
2020-08-25,28.7167734000,28.5496387400,29.0206546000,28.4280862600,54524608,2056714023.5600,0.264300,0.213300
2020-08-26,28.6408031000,28.2837426900,28.7851466700,28.1166080300,62700022,2344833012.6100,0.303900,-0.931300
2020-08-27,28.2837426900,28.0330407000,28.3293248700,27.6607862300,57481502,2112135810.4500,0.278600,-0.886400
2020-08-28,27.9950555500,29.2105803500,29.2105803500,27.8051298000,118294177,4472784976.2300,0.573400,4.200500
2020-08-31,29.2485655000,28.6332060700,29.6284170000,28.5268476500,119031365,4573760871.7800,0.577000,-1.976600
2020-09-01,28.4584743800,28.4280862600,28.6408031000,28.1166080300,71275936,2662847631.5900,0.345500,-0.716400
2020-09-02,28.4812654700,28.2609516000,28.5496387400,27.9570704000,79722127,2960833704.1200,0.386500,-0.587900
2020-09-03,28.2001753600,28.0938169400,28.4356832900,27.9266822800,64047956,2369898817.2300,0.310500,-0.591400
2020-09-04,27.8279208900,27.9570704000,28.0254436700,27.6152040500,48543721,1780424306.1900,0.235300,-0.486700
2020-09-07,27.9570704000,27.9494733700,28.5496387400,27.8735030700,61613878,2285992289.1100,0.298700,-0.027200
2020-09-08,28.2457575400,28.5572357700,28.5800268600,28.1242050600,68354491,2558811209.3200,0.331400,2.174500
2020-09-09,28.3141308100,28.5648328000,28.8307288500,28.2305634800,60543334,2276406651.9700,0.293500,0.026600
2020-09-10,28.7775496400,28.6408031000,28.8003407300,28.3901011100,55014607,2072364500.8900,0.266700,0.266000
2020-09-11,28.7699526100,28.2913397200,28.7775496400,28.1242050600,55310513,2064258657.9200,0.268100,-1.220200
2020-09-14,28.4128922000,28.3749070500,28.5496387400,28.1621902100,46023997,1713839186.7800,0.223100,0.295400
2020-09-15,28.3065337800,28.7927437000,28.9370872700,28.2837426900,53080495,2003397793.2800,0.257300,1.472600
2020-09-16,28.8383258800,28.9142961800,29.0966249000,28.7015793400,47887482,1822671349.4300,0.232100,0.422200
2020-09-17,28.9446843000,28.7699526100,29.2257744100,28.7547585500,55771354,2127941226.6300,0.270400,-0.499200
2020-09-18,28.7547585500,29.6208199700,29.6208199700,28.7167734000,108169240,4177287387.8500,0.524400,2.957500
2020-09-21,29.6284170000,29.3245358000,29.7271783900,29.3245358000,50152092,1945258026.8100,0.243100,-1.000300
2020-09-22,29.2485655000,28.7775496400,29.3245358000,28.6711912200,58311689,2223417612.3500,0.282700,-1.865300
2020-09-23,28.7319674600,28.4888625000,28.9066991500,28.4128922000,43076028,1621415675.3700,0.208800,-1.003200
2020-09-24,28.3749070500,28.1545931800,28.3749070500,28.0330407000,54027975,2003636080.2800,0.261900,-1.173300
2020-09-25,28.1849813000,28.2457575400,28.4128922000,28.1697872400,35225153,1312142060.4200,0.170800,0.323800
2020-09-28,28.2609516000,28.2989367500,28.6028179500,28.1469961500,35324476,1317478208.0200,0.171200,0.188300
2020-09-29,28.3749070500,27.5848159300,28.4508773500,27.5544278100,79668910,2920847323.2300,0.386200,-2.523500
2020-09-30,27.5772189000,27.3493080000,27.7823387100,27.1973674000,65466059,2365489193.1100,0.317400,-0.853800
2020-10-09,27.6531892000,27.4860545400,27.9570704000,27.4480693900,49472433,1799276677.9900,0.239800,0.500000
2020-10-12,27.6531892000,28.5344446800,28.6028179500,27.5772189000,99864635,3712613342.0600,0.484100,3.814300
2020-10-13,28.4736684400,28.7091763700,28.8763110300,28.2077723900,51141560,1928053923.5100,0.247900,0.612400
2020-10-14,28.7167734000,28.9066991500,28.9446843000,28.4052951700,64294015,2431581141.3900,0.311700,0.688000
2020-10-15,28.9750724200,29.6360140300,29.8031486900,28.9066991500,119665720,4656771634.9600,0.580100,2.523000
2020-10-16,29.5600437300,30.2209853400,30.5400606000,29.5372526400,110589580,4401811725.0800,0.536100,1.973900
2020-10-19,30.6084338700,30.3805229700,31.5656596500,30.3045526700,98154659,3988837839.6000,0.475800,0.527900
2020-10-20,30.3881200000,30.3653289100,30.6236279300,30.1602091000,42436836,1697045434.2300,0.205700,-0.050000
2020-10-21,30.4337021800,30.9958824000,31.0490616100,30.3805229700,54185565,2193121567.1700,0.262700,2.076600
2020-10-22,31.1478230000,31.2921665700,31.9075260000,30.6388219900,64497499,2649384824.2100,0.312700,0.955900
2020-10-23,31.0794497300,31.3149576600,31.9834963000,31.0414645800,55183362,2298420661.2000,0.267500,0.072800
2020-10-26,31.6492269800,30.8591358600,31.6492269800,30.4488962400,50454000,2050594686.4700,0.244600,-1.455600
2020-10-27,30.8591358600,30.7299863500,31.3377487500,30.6388219900,45883207,1867751092.9300,0.222400,-0.418500
2020-10-28,30.8667328900,30.4640903000,31.2085992400,30.0918358300,69355712,2787606058.2000,0.336200,-0.865300
2020-10-29,30.1981942500,30.5324635700,31.0414645800,30.1374180100,52307034,2105440051.7100,0.253600,0.224400
2020-10-30,30.7679715000,30.2437764300,31.2617784500,30.0690447400,43842279,1766506296.4500,0.212500,-0.945500
2020-11-02,30.7603744700,30.5780457500,30.9199121000,29.7651635400,51692798,2067738931.0200,0.250600,1.105200
2020-11-03,30.9199121000,31.3301517200,31.9834963000,30.9199121000,87069016,3626910912.8500,0.422100,2.459600
2020-11-04,31.9986903600,32.6140497900,32.7356022700,31.4365101400,88450085,3754732975.0500,0.428800,4.098000
2020-11-05,32.7431993000,32.5076913700,33.2066181300,32.1962131400,68048685,2918967527.9000,0.329900,-0.326100
2020-11-06,32.5152884000,32.2721834400,32.5532735500,31.9758992700,46364547,1969073125.5900,0.224800,-0.724500
2020-11-09,32.6596319700,32.6900200900,33.0242894100,32.3633478000,49714162,2138628747.0400,0.241000,1.294700
2020-11-10,33.2522003100,33.2142151600,33.7156191400,32.9711102000,56207925,2461059111.5500,0.272500,1.603500
2020-11-11,33.4269320000,33.6928280500,33.6928280500,33.0546775300,52696972,2322161017.8400,0.255500,1.441000
2020-11-12,33.4269320000,33.1078567400,33.7612013200,32.9331250500,47159435,2059661759.3200,0.228600,-1.736200
2020-11-13,32.8191696000,32.3481537400,32.8191696000,31.7631824300,54486290,2309702716.7000,0.264100,-2.294600
2020-11-16,32.6292438500,32.6672290000,32.7431993000,32.4013329500,38943199,1669941864.6100,0.188800,0.986400
2020-11-17,32.6672290000,33.3053795200,33.4269320000,32.5152884000,47285620,2065231454.2400,0.229200,1.953500
2020-11-18,33.1230508000,33.9967092500,34.1866350000,32.9787072300,62820215,2797752551.8100,0.304500,2.075700
2020-11-19,33.8295745900,34.0878736100,34.1866350000,33.4193349700,47734174,2128954043.8600,0.231400,0.268200
2020-11-20,34.0043062800,34.2246201500,34.4145459000,33.8143805300,31468757,1414292247.9000,0.152500,0.401200
2020-11-23,34.2246201500,34.4905162000,34.6272627400,34.0498884600,58462113,2647101183.6900,0.283400,0.776900
2020-11-24,34.1866350000,34.0878736100,34.4145459000,33.8295745900,39946734,1793220436.8200,0.193600,-1.167400
2020-11-25,34.5816805600,33.7536042900,34.6196657100,33.5560815100,37807249,1694470962.7200,0.183300,-0.980600
2020-11-26,33.7839924100,34.2550082700,34.4753221400,33.7839924100,35153429,1584282515.5100,0.170400,1.485500
2020-11-27,34.4905162000,34.8323825500,34.9235469100,33.9587241000,44607770,2024963455.3200,0.216200,1.685500
2020-11-30,34.8323825500,33.5788726000,36.2910123100,33.4497230900,115360181,5291989606.3500,0.559200,-3.598700
2020-12-01,33.7308132000,35.0982786000,35.3641746500,33.7232161700,78072787,3559778622.0500,0.378500,4.524900
2020-12-02,34.9463380000,35.5541004000,35.7288320900,34.3841577800,61994358,2864114257.3000,0.300500,1.298700
2020-12-03,35.5161152500,35.3185924700,35.7820113000,34.5664865000,50237589,2317794756.0700,0.243500,-0.662400
2020-12-04,35.3033984100,34.7792033400,35.4021598000,34.2702023300,46115543,2099378091.4000,0.223500,-1.527200
2020-12-07,34.7184271000,33.7460072600,34.7564122500,33.5029023000,70482524,3138039091.1100,0.341700,-2.970700
2020-12-08,33.7232161700,33.6244547800,34.0043062800,33.4269320000,37716735,1671238316.4900,0.182800,-0.360200
2020-12-09,33.7080221100,33.6092607200,34.1334557900,33.5940666600,37519456,1672113664.3800,0.181900,-0.045200
2020-12-10,33.4573201200,33.6396488400,33.9055448900,33.2749914000,36887355,1630166599.1100,0.178800,0.090400
2020-12-11,33.6168577500,32.4241240400,33.6320518100,32.4241240400,77143525,3347336214.3900,0.374000,-3.613400
2020-12-14,32.9103339600,33.7080221100,33.9283359800,32.9103339600,60742701,2686115498.7900,0.294500,3.959700
2020-12-15,33.7687983500,33.6928280500,34.1410528200,33.0014983200,43879226,1936658508.6300,0.212700,-0.045100
2020-12-16,34.0270973700,33.4725141800,34.0726795500,33.3357676400,36790200,1628021246.6600,0.178300,-0.653900
2020-12-17,33.3509617000,33.4649171500,33.5560815100,32.9331250500,50232903,2199570321.0500,0.243500,-0.022700
2020-12-18,33.4953052700,32.7431993000,33.7232161700,32.5152884000,76059993,3296589099.2500,0.368700,-2.156600
2020-12-21,32.6976171200,32.5836616700,32.7811844500,32.1430339300,62385090,2674269716.1400,0.302400,-0.487200
2020-12-22,32.6596319700,31.8391527300,32.6672290000,31.8087646100,78468607,3320101849.2100,0.380400,-2.284900
2020-12-23,31.6872121300,32.1506309600,32.2190042300,31.6872121300,71181993,3004166814.7400,0.345100,0.978300
2020-12-24,32.1734220500,32.3405567100,32.7431993000,32.1506309600,48211014,2055723701.0000,0.233700,0.590700
2020-12-25,32.3253626500,32.4545121600,32.5912587000,31.8923319400,47673197,2023487303.9200,0.231100,0.352400
2020-12-28,32.4773032500,32.6976171200,32.9103339600,32.0822576900,84140901,3600599045.9000,0.407900,0.749100
2020-12-29,32.8647517800,32.5380794900,32.8875428700,32.4013329500,72714756,3118082060.0600,0.352500,-0.487900
2020-12-30,32.5684676100,32.7052141500,32.7052141500,31.8315557000,93349643,3963394420.1800,0.452500,0.513700
2020-12-31,32.7052141500,33.3889468500,33.6928280500,32.5532735500,89119921,3909432878.2100,0.432000,2.090600
2021-01-04,32.8419606900,32.7963785100,33.2597973400,31.9227200600,154952285,6608868849.1900,0.751100,-1.774700
2021-01-05,32.4849002800,32.0442725400,32.5152884000,31.4820923200,138717699,5809639049.2900,0.672400,-2.293300
2021-01-06,31.9834963000,33.5408874500,33.5788726000,31.9075260000,120064563,5188622736.6900,0.582000,4.670500
2021-01-07,33.6472458700,34.8703677000,34.9235469100,33.6244547800,107832187,4869741128.3600,0.522700,3.963800
2021-01-08,35.1666518700,35.4021598000,35.7212350600,34.8019944300,129959481,6021482984.7700,0.630000,1.525100
2021-01-11,35.3869657400,36.7848192600,37.3545965100,35.3185924700,144523356,6992740145.8300,0.700600,3.905600
2021-01-12,36.8835806500,37.7572391000,38.0231351500,36.1314746800,104448591,5103986008.5200,0.506300,2.643500
2021-01-13,37.4609549300,37.5293282000,37.9699559400,37.1342826400,64910979,3207741652.9500,0.314700,-0.603600
2021-01-14,37.5293282000,37.2634321500,38.0459262400,36.8911776800,70377099,3467710707.5900,0.341200,-0.708500
2021-01-15,38.3650015000,38.8512114200,40.9403946700,38.3498074400,177574522,9232542839.0300,0.860800,4.261000
2021-01-18,39.1247045000,39.4437797600,40.3250352400,38.8967936000,123764160,6463924980.3500,0.600000,1.525200
2021-01-19,39.7324669000,39.3906005500,40.4389906900,39.1171074700,90188002,4710719576.1900,0.437200,-0.134800
2021-01-20,39.5805263000,39.2918391600,40.3554233600,38.7372559700,79228118,4123860428.3900,0.384100,-0.250700
2021-01-21,40.2414679100,39.9907659200,40.6441105000,39.6185114500,73671459,3886756921.7100,0.357100,1.778800
2021-01-22,40.1503035500,39.2310629200,40.1503035500,38.7448530000,87000132,4492606303.4000,0.421700,-1.899700
2021-01-25,38.8208233000,39.5881233300,39.8540193800,38.0611203000,86536206,4438842569.7900,0.419500,0.910100
2021-01-26,39.5045560000,39.0487342000,40.3402293000,38.7448530000,60117533,3126374838.2200,0.291400,-1.362500
2021-01-27,39.2082718300,39.5045560000,40.1882887000,39.2082718300,60923156,3187049335.8700,0.295300,1.167300
2021-01-28,38.7448530000,39.2082718300,39.3146302500,38.5929124000,52386951,2684963891.4800,0.253900,-0.750000
2021-01-29,39.6413025400,38.8208233000,39.8540193800,38.6005094300,62148914,3211002062.4400,0.301300,-0.988200
2021-02-01,38.7448530000,39.8084372000,40.0971243400,38.3498074400,79662587,4125446255.7700,0.386200,2.544000
2021-02-02,39.7704520500,39.4817649100,40.1123184000,39.2006748000,72030553,3752480882.8500,0.349200,-0.820600
2021-02-03,39.5577352100,40.3022441500,41.0239620000,39.1171074700,76587606,4045314776.4700,0.371300,2.078100
2021-02-04,40.1654976100,40.6441105000,41.9356056000,39.9679748300,96910977,5229905916.9900,0.469800,0.848300
2021-02-05,41.0695441800,41.5861422200,42.4977858200,40.7960511000,115157754,6315430524.5300,0.558200,2.317800
2021-02-08,41.9280085700,41.9811877800,42.2394868000,40.7884540700,81637776,4479792761.9300,0.395700,0.949900
2021-02-09,42.0723521400,41.9811877800,42.0723521400,41.2138877500,61900527,3393598043.2100,0.300100,0.000000
2021-02-10,42.7712789000,41.4417986500,42.8472492000,40.9859768500,75350767,4135201064.2300,0.365300,-1.284800
2021-02-18,42.2774719500,42.3078600700,43.7588928000,41.9280085700,107091322,6013345250.3900,0.519100,2.089800
2021-02-19,42.2774719500,41.9356056000,43.0827571300,41.6925006400,71018164,3948306737.4700,0.344300,-0.879900
2021-02-22,41.9887848100,41.1759026000,42.3458452200,40.5377520800,80151145,4368565093.7000,0.388500,-1.811600
2021-02-23,41.2442758700,42.2015016500,43.0979511900,41.1759026000,95299102,5306140313.1800,0.462000,2.490800
2021-02-24,42.4294125500,40.7200808000,42.4294125500,40.1503035500,84432226,4578242270.1900,0.409300,-3.510400
2021-02-25,41.4038135000,41.3658283500,42.1635165000,40.9555887300,88618727,4843039320.1600,0.429600,1.585800
2021-02-26,40.7200808000,38.8208233000,41.3658283500,38.6384945800,132728876,6911104093.9800,0.643400,-6.152400
2021-03-01,38.8284203300,38.2814341700,38.9727639000,38.0079410900,89418363,4510517393.7000,0.433500,-1.389400
2021-03-02,38.6384945800,37.6432836500,38.6688827000,37.2330440300,100778621,5025206693.5800,0.488500,-1.667000
2021-03-03,37.9851500000,40.0895273100,40.2490649400,37.6812688000,131593315,6834019524.3300,0.637900,6.498500
2021-03-04,39.6488995700,39.8084372000,40.9327976400,39.5045560000,83303904,4396029828.8900,0.403800,-0.701200
2021-03-05,39.4285857000,39.0487342000,39.8008401700,38.0687173300,73519585,3762062419.0100,0.356400,-1.908400
2021-03-08,39.1930777700,37.9319707900,39.4893619400,37.7572391000,69813759,3534603526.1500,0.338400,-2.859900
2021-03-09,38.0003440600,36.8455955000,38.7296589400,36.6024905400,98322245,4876616395.9000,0.476600,-2.864000
2021-03-10,37.2330440300,37.4153727500,37.9851500000,36.8835806500,67590993,3327792627.8000,0.327700,1.546400
2021-03-11,37.9851500000,39.4817649100,39.6944817500,37.9851500000,90421033,4672612625.8400,0.438300,5.522800
2021-03-12,39.7704520500,40.5073639600,40.5605431700,39.6033173900,85580753,4537887852.3300,0.414900,2.597700
2021-03-15,40.2490649400,40.3478263300,41.6241273700,39.9907659200,93931916,5037471574.8000,0.455300,-0.393800
2021-03-16,40.9479917000,41.2670669600,41.9735907500,40.6441105000,69716276,3799354094.0900,0.338000,2.278300
2021-03-17,40.9859768500,40.5681402000,41.2670669600,40.4921699000,53231461,2856041088.5000,0.258000,-1.693700
2021-03-18,40.4921699000,41.2062907200,41.2518729000,40.1882887000,48279311,2590798830.4800,0.234000,1.573000
2021-03-19,41.0391560600,39.3222272800,41.3734253800,39.1550926200,77628361,4073645279.5500,0.376300,-4.572300
2021-03-22,39.6564966000,40.8568273400,41.5709481600,39.5805263000,79169531,4252611118.8300,0.383800,3.902600
2021-03-23,40.9403946700,40.6289164400,41.3658283500,40.1275124600,59592261,3187582327.9200,0.288900,-0.557800
2021-03-24,40.9935738800,39.6564966000,41.0239620000,39.2158688600,57501314,3013081501.6300,0.278700,-2.393400
2021-03-25,40.0059599800,38.7524500300,40.1806916700,38.4105836800,78453830,4014068058.7900,0.380300,-2.279700
2021-03-26,39.0867193500,39.2006748000,39.3678094600,38.5397331900,70947525,3643743954.6200,0.343900,1.156600
2021-03-29,39.2766451000,38.6992708200,39.3526154000,38.4029866500,77980362,3969007334.2100,0.378000,-1.279100
2021-03-30,38.8208233000,39.1702866800,39.1702866800,38.3118222900,56940202,2902290111.6500,0.276000,1.217100
2021-03-31,39.1247045000,38.8208233000,39.1247045000,38.0915084200,52164954,2652348781.0400,0.252900,-0.892200
2021-04-01,38.8132262700,38.7828381500,38.9575698400,38.5169421000,33719469,1718217148.0500,0.163500,-0.097800
2021-04-02,38.8815995400,38.7068678500,38.9347787500,38.4789569500,41153422,2093013199.3500,0.199500,-0.195900
2021-04-06,38.8208233000,38.7372559700,39.3754064900,38.5929124000,44400201,2275875717.7300,0.215200,0.078500
2021-04-07,38.8588084500,38.3118222900,38.8588084500,38.0003440600,50061023,2520490065.9000,0.242700,-1.098300
2021-04-08,38.1370906000,38.3650015000,38.4637628900,38.0231351500,29501067,1486758654.7900,0.143000,0.138800
2021-04-09,38.5321361600,38.1750757500,38.5321361600,37.8787915800,31506834,1578603908.8700,0.152700,-0.495000
2021-04-12,38.2054638700,38.3346133800,38.4789569500,37.7496420700,41474239,2082171992.3000,0.201000,0.417900
2021-04-13,38.3650015000,38.2282549600,38.8967936000,37.9395678200,49039895,2476556209.9900,0.237700,-0.277400
2021-04-14,38.4257777400,37.7572391000,38.4409718000,37.4381638400,55438353,2758186624.9400,0.268700,-1.232100
2021-04-15,37.7724331600,37.5597163200,37.9699559400,36.6784608400,57296514,2810517786.9600,0.277700,-0.523100
2021-04-16,37.7724331600,37.7876272200,37.8711945500,37.2938202700,31558344,1563464005.1500,0.153000,0.606800
2021-04-19,37.9091797000,39.3298243100,39.3374213400,37.6052985000,67932061,3476651826.8400,0.329300,4.081200
2021-04-20,38.7524500300,39.4969589700,39.6488995700,38.7524500300,35574407,1842179459.6200,0.172400,0.425000
2021-04-21,39.5501381800,40.1806916700,40.4086025700,39.5273470900,52446360,2758929437.2900,0.254200,1.731100
2021-04-22,40.1806916700,39.9679748300,40.4921699000,39.6337055100,42927078,2255144619.5700,0.208100,-0.529400
2021-04-23,40.0363481000,40.4921699000,40.6441105000,39.7400639300,47104918,2495321514.5700,0.228300,1.311500
2021-04-26,41.0239620000,39.5577352100,41.4038135000,39.2766451000,91625741,4814829661.2700,0.444200,-2.307700
2021-04-27,39.4665708500,39.5577352100,39.8312282900,39.1854807400,36329922,1890139552.8700,0.176100,0.000000
2021-04-28,39.6564966000,39.3222272800,39.7932431400,39.1095104400,38985543,2019590446.8500,0.189000,-0.595400
2021-04-29,39.5045560000,40.4769758400,40.5301550500,38.9651668700,55274544,2913105773.4400,0.267900,2.936600
2021-04-30,40.1123184000,40.0363481000,40.4010055400,39.3602124300,45068841,2370742203.6500,0.218500,-1.088600
2021-05-06,40.0363481000,40.7732600100,41.3126491400,39.8692134400,63835290,3432136281.2600,0.309400,1.840600
2021-05-07,40.9327976400,41.1607085400,41.9356056000,40.4997669300,72368376,3943891331.5100,0.350800,0.950300
2021-05-10,41.1759026000,40.9479917000,41.2138877500,40.2718560300,49224048,2630309848.9900,0.238600,-0.516800
2021-05-11,40.6061253500,40.9024095200,41.1379174500,40.4769758400,32853312,1767435334.2400,0.159300,-0.111300
2021-05-12,40.9100065500,40.7884540700,41.5177689500,40.3174382100,31749677,1708649721.5900,0.153900,-0.278600
2021-05-13,40.6365134700,40.4161996000,41.3658283500,40.1427065200,39120553,2085332074.6100,0.189600,-0.912600
2021-05-14,40.6365134700,41.7684709400,41.7836650000,40.1123184000,57881421,3127193936.7200,0.280600,3.345900
2021-05-17,41.7836650000,42.2774719500,42.9156224700,41.5177689500,52668425,2933378115.3500,0.255300,1.218600
2021-05-18,42.5281739400,42.5053828500,42.8396521700,42.3154571000,29335118,1642178929.7000,0.142200,0.539100
2021-05-19,42.5433680000,41.6317244000,42.6041442400,41.4114105300,35729344,1966656369.2800,0.173200,-2.055400
2021-05-20,41.8596353000,42.1407254100,42.1787105600,41.2670669600,34210477,1881019546.0600,0.165800,1.222600
2021-05-21,42.4446066100,41.1075293300,42.4673977000,40.8720214000,51486455,2800730344.2000,0.249600,-2.451800
2021-05-24,41.1759026000,41.0847382400,41.5557541000,40.8492303100,44539914,2409885275.5600,0.215900,-0.055400
2021-05-25,41.1683055700,43.7209076500,43.7740868600,40.9707827900,96850204,5452025417.5600,0.469500,6.416400
2021-05-26,43.7968779500,44.4426255000,44.4882076800,43.7664898300,61306169,3565788679.0700,0.297200,1.650700
2021-05-27,44.0627740000,44.0247888500,44.6553423400,43.1587274300,51903739,2995138181.6500,0.251600,-0.940200
2021-05-28,44.0627740000,44.4426255000,44.7085215500,43.7664898300,41014056,2386900497.6900,0.198800,0.949100
2021-05-31,44.2223116300,44.2071175700,44.3362670800,43.3030710000,36165671,2089054161.5600,0.175300,-0.529900
2021-06-01,43.8348631000,43.5765640800,43.8804452800,43.2271007000,47426844,2713828451.0900,0.229900,-1.426400
2021-06-02,43.4929967500,43.7436987400,43.8272660700,43.2119066400,40582027,2323829263.1900,0.196700,0.383500
2021-06-03,43.6829225000,42.7560848400,44.3134759900,42.6877115700,49067257,2798317525.0000,0.237900,-2.257700
2021-06-04,42.5813531500,43.7057135900,44.7617007600,42.5585620600,60832907,3504830228.2600,0.294900,2.221000
2021-06-07,43.4626086300,43.3030710000,43.4929967500,42.9232195000,32489742,1847968868.5600,0.157500,-0.921300
2021-06-08,43.2650858500,43.0751601000,44.0171918200,42.5509650300,47616623,2700887195.0600,0.230800,-0.526300
2021-06-09,43.0751601000,42.9004284100,43.5765640800,42.7560848400,39140950,2220254280.9700,0.189700,-0.405600
2021-06-10,42.9156224700,42.8092640500,43.6525343800,42.7408907800,48113526,2730021835.5600,0.233200,-0.212500
2021-06-11,42.8548462300,42.7940699900,43.1131452500,41.8444412400,68208900,3798816012.2700,0.330600,-0.035500
2021-06-15,42.4142184900,41.6317244000,42.4142184900,41.1151263600,52924052,2899483733.5500,0.256600,-2.716100
2021-06-16,41.6317244000,42.2394868000,42.8168610800,41.4038135000,51877228,2879681826.4300,0.251500,1.459900
2021-06-17,42.1787105600,41.8748293600,42.5433680000,41.6773065800,31901934,1765863525.8400,0.154600,-0.863300
2021-06-18,41.5937392500,41.5481570700,42.3154571000,41.0771412100,42711681,2337303192.8600,0.207000,-0.780100
2021-06-21,41.2518729000,40.7884540700,41.6241273700,40.3554233600,57971550,3119639561.8700,0.281000,-1.828500
2021-06-22,40.9176035800,42.1331283800,42.2242927400,40.9176035800,64359218,3544466664.0600,0.312000,3.296700
2021-06-23,42.0723521400,41.6469184600,42.1407254100,41.3886194400,40871965,2243392896.6100,0.198100,-1.154000
2021-06-24,41.6469184600,41.7836650000,41.8596353000,41.1227233900,36360389,1988184927.2700,0.176300,0.328300
2021-06-25,41.7836650000,42.8472492000,42.9612046500,41.6165303400,46955964,2631903464.9500,0.227600,2.545500
2021-06-28,42.6953086000,41.5557541000,42.7636818700,41.0467530900,69882474,3825857050.0500,0.338800,-3.014200
2021-06-29,41.1759026000,40.8720214000,41.6697095500,40.7960511000,53244931,2878196932.4500,0.258100,-1.645300
2021-06-30,40.9479917000,41.1683055700,41.3582313200,40.9176035800,35730350,1935227658.6600,0.173200,0.724900
2021-07-01,41.1834996300,42.5433680000,42.5433680000,40.8720214000,65298735,3585284668.5100,0.316500,3.340100
2021-07-02,41.7836650000,40.3022441500,41.9356056000,40.0363481000,92981851,4969147604.5200,0.450700,-5.267900
2021-07-05,40.2186768200,40.2186768200,40.3326322700,39.1247045000,56860927,2979267517.8300,0.275600,-0.207400
2021-07-06,40.2642590000,40.6744986200,40.6744986200,39.8160342300,45250713,2401387630.4000,0.219400,1.133400
2021-07-07,40.4921699000,40.5909312900,40.9555887300,40.2718560300,36597833,1956147233.3200,0.177400,-0.205500
2021-07-08,40.8416332800,38.2510460500,40.8416332800,37.9851500000,155418868,7890344986.3400,0.753400,-5.764600
2021-07-09,38.2510460500,37.9091797000,38.6764797300,37.6128955300,82701878,4141886765.2600,0.400900,-0.893700
2021-07-12,38.4409718000,38.2890312000,38.8512114200,37.8332094000,83956374,4227182159.9600,0.407000,1.002000
2021-07-13,38.5616880000,38.9278292800,39.5744192000,37.9462590400,59445017,2969602397.6600,0.288200,1.668400
2021-07-14,38.7953952000,38.1332248000,38.8577171200,37.3308300800,88551424,4295785382.5300,0.429300,-2.041200
2021-07-15,38.1721760000,39.7691752000,40.0885750400,38.1488052800,87727298,4426680806.2300,0.425300,4.290100
2021-07-16,39.5432582400,39.7302240000,40.1976384000,39.2783900800,46210377,2357681005.2700,0.224000,-0.097900
2021-07-19,39.7302240000,39.5977899200,39.8860288000,38.4915758400,46963076,2357941867.6600,0.227700,-0.333300
2021-07-20,39.3017608000,38.8810878400,40.1119457600,38.6473806400,44688930,2245908474.8800,0.216600,-1.810000
2021-07-21,38.9667804800,38.7174928000,39.3952436800,38.3669320000,50631917,2512788211.9800,0.245400,-0.420800
2021-07-22,38.7097025600,39.1459560000,39.8081264000,38.4682051200,59235589,2987211474.2700,0.287100,1.106600
2021-07-23,39.2082779200,38.9901512000,39.4575656000,38.5616880000,42035280,2101810738.4200,0.203800,-0.398000
2021-07-26,38.6551708800,37.1594448000,38.6785416000,37.0425912000,74992971,3616845775.1200,0.363500,-4.695300
2021-07-27,37.1204936000,35.9675380800,37.3386203200,35.6792992000,74949518,3512047044.7000,0.363300,-3.207500
2021-07-28,36.0766014400,36.9802692800,37.6580201600,36.0766014400,84730981,4027574990.9600,0.410700,2.815700
2021-07-29,37.5489568000,37.3542008000,37.6268592000,37.0036400000,64274521,3083677743.9100,0.311600,1.011200
2021-07-30,37.1983960000,36.2246160000,37.2373472000,35.9207966400,59195897,2760620844.0000,0.287000,-3.024000
2021-08-02,36.4583232000,37.1672350400,37.5645372800,35.2196750400,83614684,3925085945.1100,0.405300,2.602200
2021-08-03,37.0815424000,37.0737521600,37.4710544000,36.5751768000,51875828,2456399175.6000,0.251500,-0.251500
2021-08-04,37.0659619200,36.6141280000,37.3542008000,36.4583232000,51149988,2410938955.9500,0.248000,-1.239800
2021-08-05,36.3648403200,36.4193720000,36.8478352000,35.9052161600,44230311,2070051630.4800,0.214400,-0.531900
2021-08-06,36.2012452800,37.0737521600,37.2373472000,35.9130064000,50755757,2392067816.5400,0.246000,1.796800
2021-08-09,37.0659619200,38.2189174400,38.9512000000,37.0659619200,73043020,3599567199.8200,0.354100,3.088900
2021-08-10,38.2344979200,39.1147950400,39.3640827200,37.8294054400,66357548,3291349065.8300,0.321700,2.344100
2021-08-11,39.1147950400,39.6523216000,40.3300724800,38.9512000000,56855459,2905233228.2600,0.275600,1.374200
2021-08-12,39.4965168000,39.4809363200,40.1197360000,39.2705998400,39718245,2021030378.7500,0.192500,-0.432200
2021-08-13,39.5043070400,39.8704483200,40.0028824000,39.1926974400,46740470,2379825404.3800,0.226600,0.986600
2021-08-16,39.8860288000,39.6289508800,39.9171897600,38.5616880000,74413969,3770118257.5300,0.360700,-0.605700
2021-08-17,39.6289508800,38.6551708800,40.0418336000,38.5772684800,60323196,3044300923.4400,0.292400,-2.457200
2021-08-18,38.9434097600,41.3973353600,41.7323156800,38.8888780800,123124236,6434458384.5100,0.596900,7.093900
2021-08-19,41.1324672000,40.1820579200,41.3661744000,40.0106726400,67630059,3515991219.1000,0.327800,-2.935600
2021-08-20,40.3067017600,39.7535947200,40.9532916800,38.8732976000,69376473,3537372069.1200,0.336300,-1.066300
2021-08-23,40.1041555200,40.4235553600,41.1869988800,39.8938190400,53901721,2806624179.9600,0.261300,1.685300
2021-08-24,40.5248284800,40.6650528000,41.1714184000,39.7380142400,52827690,2748379141.2200,0.256100,0.597400
2021-08-25,40.9610819200,40.0652043200,41.0623550400,39.8938190400,40738077,2107816696.0000,0.197500,-1.475100
2021-08-26,40.4547163200,38.6395904000,40.4547163200,38.5461075200,76303507,3825334082.4600,0.369900,-3.558200
2021-08-27,38.7174928000,39.2238584000,39.5899996800,38.5616880000,38614176,1942863648.7500,0.187200,1.512100
2021-08-30,39.2238584000,37.7437128000,39.2238584000,37.0893326400,107968202,5224229634.9800,0.523400,-3.773600
2021-08-31,37.7437128000,38.1410150400,38.5227368000,37.2762984000,71044024,3451030103.2800,0.344400,1.052600
2021-09-01,38.0786931200,39.5666289600,39.6912728000,37.8605664000,82605536,4129767782.0300,0.400400,3.737700
2021-09-02,39.4887265600,40.1976384000,40.4157651200,39.1849072000,72620098,3729206236.5200,0.352000,1.594800
2021-09-03,40.2755408000,40.5092480000,40.7663259200,39.2705998400,64257332,3321589086.4900,0.311500,0.775200
2021-09-06,40.1275262400,39.8860288000,41.0935160000,39.8704483200,54742847,2830673161.1500,0.265400,-1.538500
2021-09-07,39.9561409600,41.1402574400,41.3505939200,39.3017608000,77232009,4026086396.4300,0.374400,3.144500
2021-09-08,41.0701452800,40.8286478400,41.7167352000,40.7117942400,55390668,2921088034.6600,0.268500,-0.757400
2021-09-09,40.5871504000,40.5871504000,41.0389843200,40.2599603200,35780025,1863278532.3500,0.173400,-0.591500
2021-09-10,40.5092480000,42.1607788800,42.4723884800,40.3144920000,107097799,5766878118.7200,0.519200,3.877200
2021-09-13,41.8102180800,42.0049740800,42.4568080000,41.6777840000,59283043,3202583506.7900,0.287400,-0.369500
2021-09-14,42.3010032000,40.5871504000,42.7606273600,40.3534432000,63116569,3336827188.4600,0.306000,-3.375400
2021-09-15,40.5092480000,40.0418336000,40.8909697600,39.5744192000,54233793,2799380277.6300,0.262900,-1.343600
2021-09-16,39.9093995200,39.4965168000,40.3768139200,39.1147950400,62989614,3193865170.4700,0.305300,-1.361900
2021-09-17,39.5588387200,39.9249800000,40.1508969600,39.3407120000,42016472,2143690280.7700,0.203700,1.084800
2021-09-22,37.9228883200,38.4915758400,38.9356195200,37.4710544000,112259622,5492053805.4300,0.544200,-3.590200
2021-09-23,38.5616880000,38.0475321600,39.3640827200,37.8683566400,86102453,4246316974.0800,0.417400,-1.153600
2021-09-24,37.7437128000,37.9930004800,38.4292539200,37.7047616000,53203933,2596408378.2900,0.257900,-0.143300
2021-09-27,37.6190689600,38.2422881600,38.7953952000,37.5567470400,66790515,3265832147.4800,0.323800,0.656100
2021-09-28,38.2500784000,39.2783900800,39.7146435200,38.2422881600,70992547,3562616328.7700,0.344100,2.709300
2021-09-29,38.9122488000,40.1664774400,40.6416820800,38.6473806400,90460986,4619317489.8500,0.438500,2.261000
2021-09-30,40.0418336000,39.3017608000,40.0652043200,39.0291024000,58611808,2960621630.8100,0.284100,-2.152800
2021-10-08,38.9667804800,39.6756923200,39.7925459200,38.9667804800,64555292,3266919266.9400,0.312900,0.951400
2021-10-11,40.0729945600,41.2882720000,42.2075203200,40.0729945600,97177865,5171368866.2000,0.471100,4.064400
2021-10-12,41.0545648000,41.3583841600,41.9037009600,40.7429552000,58937329,3129716164.8100,0.285700,0.169800
2021-10-13,41.2493208000,41.3116427200,41.5998816000,40.5481992000,44255673,2335530448.2100,0.214500,-0.113000
2021-10-14,41.2804817600,40.7896966400,41.4830280000,40.6650528000,28899621,1518009833.5500,0.140100,-1.263400
2021-10-15,40.8598088000,41.5297694400,41.6310425600,40.7819064000,42035759,2230147908.2300,0.203800,1.814400
2021-10-18,41.5297694400,40.4001846400,41.5609304000,40.1586872000,57794539,3008070372.0000,0.280200,-2.719900
2021-10-19,40.7040040000,41.1947891200,41.5375596800,40.5092480000,48169257,2545615998.2600,0.233500,1.966800
2021-10-20,41.4518670400,40.8208576000,41.7868473600,40.7273747200,30570959,1612336023.6900,0.148200,-0.907700
2021-10-21,41.1714184000,41.8725400000,42.0672960000,40.9766624000,57658698,3084324264.8900,0.279500,2.576300
2021-10-22,42.1374081600,42.2932129600,42.6905152000,41.8569595200,54715058,2967094160.3100,0.265200,1.004700
2021-10-25,41.9348619200,42.5269201600,42.7917883200,41.3661744000,62334126,3376970796.1300,0.302200,0.552600
2021-10-26,42.5269201600,43.0800272000,43.8045195200,42.3010032000,71542369,3961794950.1100,0.346800,1.300600
2021-10-27,43.0021248000,42.4723884800,43.0021248000,41.9348619200,42039441,2287323386.4900,0.203800,-1.410500
2021-10-28,42.3010032000,42.2386812800,42.8463200000,41.9504424000,34623228,1883008798.8100,0.167800,-0.550300
2021-10-29,42.2386812800,42.0439252800,42.6515640000,41.8335888000,40543943,2197661116.9300,0.196500,-0.461100
2021-11-01,42.0672960000,42.1607788800,42.7684176000,41.5219792000,42501781,2300857412.9200,0.206000,0.277900
2021-11-02,42.3399544000,40.7040040000,42.4490177600,40.2521700800,75220649,3957181526.7700,0.364600,-3.455300
2021-11-03,40.7819064000,40.2755408000,40.8909697600,40.2521700800,44437241,2312474223.1800,0.215400,-1.052600
2021-11-04,40.5092480000,40.3144920000,40.5871504000,39.9483507200,48291475,2492815499.2500,0.234100,0.096700
2021-11-05,40.2911212800,40.1664774400,40.5949406400,40.0574140800,36197416,1871325316.9300,0.175500,-0.367100
2021-11-08,39.9795116800,39.9639312000,40.4313456000,39.5744192000,38674906,1984383358.4700,0.187500,-0.504300
2021-11-09,40.0418336000,39.7769654400,40.2755408000,39.4186144000,38788364,1979827705.2500,0.188000,-0.467800
2021-11-10,39.7769654400,39.4419851200,39.8470776000,38.9823609600,55807106,2812533071.6700,0.270500,-0.842100
2021-11-11,39.3796632000,41.1480476800,41.1869988800,39.3095510400,84973170,4430680096.9200,0.411900,4.325500
2021-11-12,41.1480476800,40.8208576000,41.4284963200,40.7040040000,34359656,1807134405.0300,0.166600,-0.795200
2021-11-15,41.1246769600,41.2337403200,41.7634766400,40.7974868800,36695032,1941710247.1300,0.177900,1.011500
2021-11-16,41.2103696000,40.8987600000,41.5843011200,40.6338918400,32231509,1699581536.8200,0.156200,-0.812400
2021-11-17,40.6806332800,40.3846041600,41.1558379200,40.3612334400,33938551,1768981457.8700,0.164500,-1.257100
2021-11-18,40.3534432000,40.0496238400,40.5092480000,39.7302240000,34244267,1762554163.7400,0.166000,-0.829500
2021-11-19,40.1041555200,40.7663259200,41.0857257600,39.8159166400,46466797,2419758610.8600,0.225300,1.789500
2021-11-22,40.5871504000,40.2677505600,40.7741161600,40.1898481600,37653834,1952025765.3300,0.182500,-1.223000
2021-11-23,40.3144920000,40.3144920000,40.7429552000,40.0729945600,38914891,2014132978.2500,0.188600,0.116100
2021-11-24,40.1898481600,40.3067017600,40.4313456000,39.8626580800,31503965,1622099211.2200,0.152700,-0.019300
2021-11-25,40.2755408000,40.0574140800,40.2755408000,39.9171897600,21566020,1107928517.3600,0.104500,-0.618500
2021-11-26,39.8860288000,39.0291024000,40.0807848000,38.8577171200,82335731,4141774917.3900,0.399100,-2.567100
2021-11-29,38.7798147200,38.8109756800,39.0291024000,38.0319516800,82724704,4081227200.9200,0.401000,-0.558900
2021-11-30,38.5461075200,38.5538977600,38.8343464000,38.1020638400,61004256,3008854121.9200,0.295700,-0.662400
2021-12-01,38.5461075200,38.9434097600,39.1070048000,38.3903027200,50036103,2498326167.3200,0.242600,1.010300
2021-12-02,38.9589902400,39.6445313600,39.7302240000,38.5538977600,55607048,2814606846.1300,0.269600,1.800400
2021-12-03,39.7847556800,39.9249800000,39.9483507200,39.3173412800,49407647,2518566498.8400,0.239500,0.707400
2021-12-06,40.1119457600,40.3690236800,40.8208576000,39.9873019200,60471643,3140183372.9000,0.293100,1.112200
2021-12-07,40.7351649600,40.3846041600,40.9610819200,39.8081264000,54077371,2797815011.7200,0.262100,0.038600
2021-12-08,40.4936675200,40.5404089600,40.7273747200,40.0418336000,49097472,2543266829.4400,0.238000,0.385800
2021-12-09,40.7040040000,41.3895451200,41.9426521600,40.3534432000,84055721,4454333954.7300,0.407500,2.094500
2021-12-10,41.2103696000,41.6699937600,41.6699937600,41.0389843200,56426281,2996780162.0200,0.273500,0.677600
2021-12-13,41.7245254400,40.8364380800,42.2231008000,40.8286478400,64554566,3432179788.9300,0.312900,-2.000400
2021-12-14,40.7585356800,39.8470776000,40.8987600000,39.6133704000,81062947,4165403557.9400,0.393000,-2.422700
2021-12-15,39.7302240000,39.7302240000,39.9950921600,39.5588387200,37849327,1929195598.9500,0.183500,-0.293300
2021-12-16,39.6601118400,39.8860288000,39.9639312000,39.4264046400,38365339,1957514898.9600,0.186000,0.392200
2021-12-17,39.8003361600,39.5510484800,40.0418336000,39.4653558400,47644905,2422698276.2700,0.231000,-0.839800
2021-12-20,39.4965168000,39.4887265600,39.9639312000,39.2550193600,47082627,2394420816.0400,0.228200,-0.157600
2021-12-21,39.4575656000,39.4419851200,39.7224337600,39.1849072000,35694442,1808288477.4000,0.173000,-0.118400
2021-12-22,39.4419851200,38.9589902400,39.5354680000,38.8577171200,43682819,2189842100.3600,0.211800,-1.224600
2021-12-23,39.0368926400,39.1225852800,39.1537462400,38.7019123200,42370871,2115301002.2100,0.205400,0.419900
2021-12-24,39.1225852800,38.8421366400,39.1225852800,38.8265561600,34465068,1721265879.4300,0.167100,-0.716800
2021-12-27,38.8499268800,38.4292539200,38.9979414400,38.1721760000,73594333,3634240465.2100,0.356800,-1.063000
2021-12-28,38.4292539200,38.6629611200,38.7953952000,38.3279808000,65322073,3237655242.8400,0.316700,0.608100
2021-12-29,38.6941220800,37.0971228800,38.7330732800,37.0893326400,143890268,6964711566.3300,0.697500,-4.050000
2021-12-30,37.3074593600,37.7826640000,38.0007907200,37.1282838400,96791651,4682207989.0700,0.469200,1.848000
2021-12-31,37.8138249600,37.9462590400,38.0786931200,37.6502299200,49293501,2399746928.7200,0.239000,0.433000
2022-01-04,37.9462590400,37.6658104000,37.9462590400,37.0114302400,71960645,3452352170.2400,0.348800,-0.739100
2022-01-05,37.7748737600,38.2111272000,38.7019123200,37.7047616000,83717375,4114524304.0400,0.405800,1.447800
2022-01-06,38.0319516800,37.5100056000,38.4759953600,37.4710544000,68186664,3299825727.2200,0.330500,-1.834900
2022-01-07,37.5022153600,38.2111272000,38.2812393600,37.4243129600,66073705,3219523408.4400,0.320300,1.869200
2022-01-10,38.5383172800,38.3513515200,38.9512000000,38.1020638400,57093634,2818145070.5600,0.276800,0.367000
2022-01-11,38.5538977600,38.8343464000,39.0291024000,38.0864833600,71561748,3558651499.0600,0.346900,1.259400
2022-01-12,38.8499268800,38.7642342400,39.0291024000,38.3201905600,51841118,2574764176.7700,0.251300,-0.180500
2022-01-13,38.8343464000,38.4370441600,38.9901512000,38.2656588800,40140754,1989903366.7700,0.194600,-0.844100
2022-01-14,38.5383172800,37.4087324800,38.5383172800,37.3931520000,66657098,3218203399.9800,0.323100,-2.675300
2022-01-17,37.6813908800,37.8449859200,38.0553224000,37.3074593600,53180761,2574842949.5000,0.257800,1.166200
2022-01-18,37.8995176000,38.1799662400,38.4370441600,37.6112787200,57907708,2835126314.7600,0.280700,0.885100
2022-01-19,38.5383172800,38.7174928000,38.9356195200,38.2578686400,62028026,3078947654.7600,0.300700,1.407900
2022-01-20,38.8577171200,40.0184628800,40.4235553600,38.8577171200,138624871,7089347715.9300,0.672000,3.360200
2022-01-21,40.0340433600,40.3690236800,40.5092480000,39.8938190400,85808094,4439219180.6800,0.416000,0.876000
2022-01-24,40.4702968000,40.3923944000,40.5092480000,39.7535947200,63815520,3288272323.5400,0.309300,0.057900
2022-01-25,40.1586872000,39.6523216000,40.3456529600,39.4965168000,58351289,2987207429.5300,0.282900,-1.832200
2022-01-26,39.9249800000,39.7302240000,40.1119457600,39.4186144000,43669628,2226767107.4900,0.211700,0.196500
2022-01-27,39.6523216000,39.5510484800,39.8704483200,39.0446828800,52940057,2687973690.6500,0.256600,-0.451000
2022-01-28,39.7691752000,38.3357710400,39.8860288000,38.2890296000,71514411,3576839774.2900,0.346700,-3.072700
2022-02-07,39.1849072000,40.0028824000,40.1197360000,39.0524731200,73234913,3741572656.0100,0.355000,4.348700
2022-02-08,40.1586872000,40.2833310400,40.5092480000,39.7224337600,52824176,2724121498.8400,0.256100,0.701100
2022-02-09,40.4313456000,40.2132188800,40.7741161600,39.9483507200,51220706,2651984748.6300,0.248300,-0.174000
2022-02-10,40.4313456000,40.2833310400,40.4313456000,39.7302240000,33554247,1725040528.5700,0.162700,0.174400
2022-02-11,40.3690236800,41.1013062400,41.2882720000,40.2365896000,80993265,4267478081.7400,0.392600,2.030600
2022-02-14,41.2804817600,39.8860288000,41.2804817600,39.7302240000,59405166,3060509962.1900,0.288000,-2.956800
2022-02-15,39.6912728000,39.1225852800,40.0262531200,38.9122488000,56617903,2851170328.8500,0.274500,-1.914100
2022-02-16,39.3874534400,39.7847556800,40.0106726400,39.1303755200,40495579,2065162805.6700,0.196300,1.692600
2022-02-17,39.9405604800,40.0885750400,40.4936675200,39.6679020800,44157043,2281127847.1200,0.214100,0.763700
2022-02-18,39.9249800000,40.5559894400,40.5949406400,39.9249800000,35439010,1837821805.6100,0.171800,1.166000
2022-02-21,40.3768139200,40.3222822400,40.4235553600,39.7380142400,31345076,1610843079.6100,0.151900,-0.576300
2022-02-22,39.7925459200,39.9016092800,40.0028824000,39.5276777600,36983993,1887326606.6700,0.179300,-1.043300
2022-02-23,40.0885750400,39.5977899200,40.0885750400,39.4575656000,37499974,1905978106.2000,0.181800,-0.761400
2022-02-24,39.3796632000,38.9667804800,39.4030339200,38.8343464000,48238083,2418202038.9600,0.233800,-1.593500
2022-02-25,38.9823609600,38.8031854400,39.3407120000,38.6006392000,45184050,2256854494.1300,0.219000,-0.419800
2022-02-28,38.6318001600,38.7953952000,38.9044585600,38.4136734400,33528964,1662895008.0000,0.162500,-0.020100
2022-03-01,38.9512000000,39.1381657600,39.3407120000,38.4526246400,40645436,2027737712.0000,0.197000,0.883500
2022-03-02,38.7953952000,38.5383172800,39.1303755200,38.5149465600,39707598,1972076240.0000,0.192500,-1.532600
2022-03-03,38.6240099200,38.7408635200,38.9278292800,38.5227368000,31128967,1546031520.0000,0.150900,0.525600
2022-03-04,38.3669320000,37.9384688000,38.4759953600,37.7826640000,57789720,2818733872.0000,0.280100,-2.071200
2022-03-07,37.4009422400,36.4271622400,37.5956982400,36.2246160000,101435369,4773665792.0000,0.491700,-3.983600
2022-03-08,36.2713574400,35.4300115200,36.4349524800,35.2118848000,83466464,3842685600.0000,0.404600,-2.737400
2022-03-09,35.5234944000,34.5808753600,35.6247675200,33.5058222400,90043112,4012104656.0000,0.436500,-2.396700
2022-03-10,35.5234944000,34.8223728000,35.6013968000,34.7678411200,67149583,3031093296.0000,0.325500,0.698400
2022-03-11,34.6665680000,34.6276168000,34.8924849600,33.5759344000,74052488,3252533328.0000,0.359000,-0.559300
2022-03-14,33.8875440000,32.8358616000,34.2614755200,32.7969104000,108046557,4627178752.0000,0.523800,-5.174400
2022-03-15,32.4151886400,30.7324968000,32.4151886400,30.5221603200,131309249,5293255424.0000,0.636500,-6.405700
2022-03-16,31.2077014400,33.1708419200,33.3422272000,31.0908478400,137744932,5685452800.0000,0.667700,7.934100
2022-03-17,34.3939096000,34.6743582400,35.1885140800,34.0199780800,131964759,5873750272.0000,0.639700,4.532600
2022-03-18,34.7444704000,35.9675380800,35.9675380800,34.2926364800,92358531,4173209905.1500,0.447700,3.729500
2022-03-21,35.7494113600,34.9080654400,35.7494113600,34.7444704000,79103220,3566893331.5000,0.383500,-2.945600
2022-03-22,35.0872409600,35.4689627200,35.7260406400,34.9158556800,54903830,2497185116.6400,0.266100,1.606800
2022-03-23,35.5936065600,35.6481382400,35.8117332800,35.2897872000,46995984,2148515086.2500,0.227800,0.505200
2022-03-24,35.5234944000,35.6559284800,35.9052161600,35.3365286400,38033234,1742027092.4700,0.184400,0.021900
2022-03-25,35.6091870400,35.1963043200,35.7961528000,35.0560800000,31825936,1445681950.9900,0.154300,-1.289100
2022-03-28,34.9314361600,35.0950312000,35.4455920000,34.4718120000,38645874,1736237600.8200,0.187300,-0.287700
2022-03-29,35.1729336000,35.0638702400,35.4845432000,34.9859678400,34962089,1580213154.0400,0.169500,-0.088800
2022-03-30,35.3365286400,36.0142795200,36.0688112000,35.3287384000,52072269,2389901320.4100,0.252400,2.710500
2022-03-31,35.8273137600,36.4583232000,36.7076108800,35.6948796800,61588490,2878948596.5300,0.298600,1.233000
2022-04-01,36.2168257600,36.6920304000,36.9802692800,36.0532307200,47613944,2233625273.2200,0.230800,0.641000
2022-04-06,36.1467136000,36.9179473600,37.1828155200,36.1311331200,47826855,2260412706.3800,0.231800,0.615700
2022-04-07,36.8867864000,36.5050646400,37.0737521600,36.2869379200,37720107,1776370371.3000,0.182900,-1.118400
2022-04-08,36.3804208000,36.7543523200,36.7543523200,36.3025184000,36423474,1711753064.4600,0.176600,0.682900
2022-04-11,36.3882110400,35.7572016000,36.5128548800,35.5157041600,49261173,2263984280.7400,0.238800,-2.713000
2022-04-12,35.9909088000,35.6013968000,36.1934550400,35.1417726400,58884049,2691571029.9600,0.285400,-0.435700
2022-04-13,35.6013968000,35.6403480000,35.9130064000,35.2975774400,44822252,2054724467.7100,0.217300,0.109400
2022-04-14,35.8428942400,35.6481382400,36.1700843200,35.6403480000,32661329,1503135688.9100,0.158300,0.021900
2022-04-15,35.6013968000,36.4816939200,36.6141280000,35.4378017600,42315903,1962144156.6000,0.205100,2.338300
2022-04-18,35.8039430400,33.8018513600,35.8039430400,33.3266467200,236677506,10320718085.4300,1.147300,-7.345700
2022-04-19,32.7190080000,32.7969104000,33.3032760000,32.2515936000,250477022,10505571111.1000,1.214200,-2.973000
2022-04-20,32.5632032000,32.0178864000,32.7034275200,31.8620816000,131826851,5440590528.2700,0.639000,-2.375300
2022-04-21,31.7062768000,32.1581107200,32.7969104000,31.6283744000,114350098,4747988004.4600,0.554300,0.438000
2022-04-22,31.6751158400,33.1085200000,33.4746612800,31.6673256000,119533984,5041291328.1900,0.579400,2.955400
2022-04-25,31.4569891200,30.2495019200,31.9010328000,30.1638092800,236874515,9367538010.0500,1.148300,-8.635300
2022-04-26,30.2728726400,29.9223118400,30.5065798400,29.2913024000,145471877,5605383080.6600,0.705200,-1.081600
2022-04-27,29.4704779200,29.6340729600,30.0936971200,29.2990926400,154620795,5867256791.1900,0.749500,-0.963300
2022-04-28,29.6496534400,30.8649308800,31.2232819200,29.5639608000,156452310,6124749761.4300,0.758400,4.153500
2022-04-29,30.4598384000,31.1064283200,31.3245550400,30.1638092800,123692861,4884561443.3500,0.599600,0.782400
2022-05-05,30.8960918400,30.5844822400,31.3011843200,30.3975164800,94425132,3712525675.8600,0.457700,-1.677900
2022-05-06,30.1482288000,29.5327998400,30.1871800000,29.5250096000,88945545,3392746138.5600,0.431200,-3.438600
2022-05-09,29.4471072000,28.4110052800,29.4626876800,28.1617176000,125240592,4603133910.5900,0.607100,-3.798500
2022-05-10,28.0292835200,28.8083075200,28.9485318400,27.4683862400,121763735,4424738770.8200,0.590300,1.398400
2022-05-11,28.6914539200,28.9874830400,29.2601414400,28.5122784000,87239856,3245600405.2200,0.422900,0.622000
2022-05-12,28.6680832000,28.5200686400,28.8706294400,28.3798443200,63002311,2309969909.2500,0.305400,-1.612500
2022-05-13,28.8083075200,28.9407416000,29.2913024000,28.7459856000,70130077,2610117535.1900,0.340000,1.475000
2022-05-16,28.9251611200,28.7381953600,28.9251611200,28.3876345600,64474236,2373534396.2800,0.312500,-0.699900
2022-05-17,29.1043366400,30.0703264000,30.0936971200,29.1043366400,118395443,4517008501.3900,0.573900,4.635400
2022-05-18,30.3819360000,29.9924240000,30.4442579200,29.5250096000,88775539,3406772014.4700,0.430300,-0.259100
2022-05-19,29.5172193600,29.6262827200,29.7976680000,29.2289804800,54201095,2054604083.7100,0.262700,-1.220800
2022-05-20,30.1871800000,31.1297990400,31.3011843200,30.1871800000,133887244,5296502626.6300,0.649000,5.074900
2022-05-23,31.1375892800,30.7636577600,31.1999112000,30.7324968000,61808829,2449773574.7500,0.299600,-1.176200
2022-05-24,30.8493504000,30.3040336000,31.0285259200,30.2572921600,68742972,2695176600.3300,0.333200,-1.494000
2022-05-25,30.3663555200,30.2105507200,30.4598384000,30.1014873600,48902540,1897867054.1900,0.237100,-0.308500
2022-05-26,30.3819360000,29.9378923200,30.3819360000,29.6652339200,61542963,2361966486.5800,0.298300,-0.902500
2022-05-27,30.3040336000,30.4754188800,30.7013358400,30.1715995200,60839589,2382330330.3600,0.294900,1.795500
2022-05-30,30.7714480000,30.4364676800,30.7714480000,30.2183409600,47153667,1841958552.2600,0.228600,-0.127800
2022-05-31,30.4208872000,30.9194625600,30.9662040000,30.2261312000,64540394,2550654576.7300,0.312900,1.586900
2022-06-01,30.9272528000,30.9194625600,30.9272528000,30.5922724800,43383408,1714345934.5600,0.210300,0.000000
2022-06-02,30.6156432000,30.3196140800,30.7169163200,30.1793897600,54728121,2129924527.8300,0.265300,-1.940000
2022-06-06,30.2650824000,30.3585652800,30.4053067200,29.6808144000,69870287,2692557419.1900,0.338700,0.128500
2022-06-07,30.3507750400,30.6545944000,30.7714480000,30.1248580800,62272629,2441620702.6800,0.301900,0.975100
2022-06-08,30.6623846400,30.7948187200,30.8493504000,30.3975164800,59693086,2345955706.7900,0.289400,0.457400
2022-06-09,30.7714480000,31.3868769600,31.6283744000,30.7013358400,90860722,3656593721.4100,0.440500,1.922600
2022-06-10,31.0908478400,31.2544428800,31.2856038400,30.7714480000,79539375,3166842600.3600,0.385600,-0.421900
2022-06-13,30.8181894400,30.0469556800,30.8181894400,29.8677801600,97131216,3770847475.3400,0.470800,-3.863400
2022-06-14,29.7587168000,30.5689017600,30.6156432000,29.6886046400,59836244,2314895046.8600,0.290100,1.737100
2022-06-15,30.5299505600,31.5348915200,32.0178864000,30.5299505600,139489478,5639026273.7900,0.676200,3.160000
2022-06-16,31.8465011200,31.1297990400,31.9244035200,31.1297990400,63688339,2567652086.3600,0.308700,-1.284600
2022-06-17,31.0363161600,31.0441064000,31.2933940800,30.5922724800,55073077,2188790580.0500,0.267000,-0.275300
2022-06-20,31.0752673600,30.9272528000,31.2388624000,30.6935456000,61420616,2440349614.2600,0.297700,-0.376400
2022-06-21,30.9584137600,31.4180379200,31.6673256000,30.7324968000,58391388,2351462261.3600,0.283100,1.586900
2022-06-22,31.4725696000,30.6234334400,31.5271012800,30.6156432000,73071187,2896990423.5500,0.354200,-2.529100
2022-06-23,30.6312236800,31.2700233600,31.3245550400,30.6312236800,61602983,2459925120.8400,0.298600,2.111400
2022-06-24,31.3712964800,31.3167648000,31.6205841600,30.8960918400,63995033,2559336618.5700,0.310200,0.149500
2022-06-27,31.4180379200,32.1347400000,32.2204326400,31.2778136000,89340811,3664489438.5900,0.433100,2.611900
2022-06-28,32.0178864000,32.1581107200,32.2671740800,31.8620816000,49916367,2054696485.8000,0.242000,0.072700
2022-06-29,32.1503204800,31.9477742400,32.4930910400,31.9321937600,62280411,2571017815.0000,0.301900,-0.654100
2022-06-30,31.9711449600,32.8748128000,33.2643248000,31.9088230400,83262823,3502837233.2700,0.403600,2.901700
2022-07-01,33.0150371200,32.2360131200,33.0150371200,32.1035790400,69574815,2888674474.5900,0.337300,-1.943100
2022-07-04,32.1581107200,31.9789352000,32.2282228800,31.7841792000,48691785,2000021773.7000,0.236000,-0.797500
2022-07-05,32.2983350400,31.9244035200,32.4619300800,31.7530182400,53453841,2198036072.9600,0.259100,-0.170500
2022-07-06,31.9088230400,31.0051552000,32.0100961600,30.8493504000,88526638,3542584701.7200,0.429100,-2.879500
2022-07-07,31.0051552000,30.9662040000,31.2933940800,30.8103992000,50812921,2024650565.6400,0.246300,-0.125600
2022-07-08,31.3167648000,31.0129454400,31.3323452800,30.8727211200,48036145,1912947039.9800,0.232900,0.150900
2022-07-11,30.8337699200,30.7247065600,30.9194625600,30.5377408000,40375487,1589869329.6800,0.195700,-0.929400
2022-07-12,30.6623846400,30.6156432000,31.0051552000,30.4053067200,58062988,2285703403.6800,0.281500,-0.355000
2022-07-13,30.4364676800,29.5250096000,30.5766920000,29.3614145600,141083081,5383917612.9300,0.683900,-3.562300
2022-07-14,28.9563220800,28.4187955200,28.9719025600,27.6553520000,232523374,8431357289.6800,1.127200,-3.746700
2022-07-15,28.5325794000,28.3456137800,29.2316682400,28.3374848400,138245173,4872775478.7700,0.670200,-0.257400
2022-07-18,28.5732241000,28.9634132200,29.1341209600,28.4594189400,90308021,3202227202.4500,0.437800,2.179500
2022-07-19,28.8577370000,29.0284447400,29.1422499000,28.6138688000,53781384,1910448533.6900,0.260700,0.224500
2022-07-20,29.2154103600,29.1422499000,29.3617312800,29.0284447400,46968871,1685116916.1400,0.227700,0.392000
2022-07-21,28.8902527600,28.8252212400,29.1259920200,28.7520607800,46624082,1656137611.8400,0.226000,-1.087900
2022-07-22,28.8983817000,28.9308974600,29.3048287000,28.6545135000,51033274,1817477340.3300,0.247400,0.366600
2022-07-25,28.7601897200,29.1422499000,29.2479261200,28.6301266800,40464861,1447583000.3500,0.196200,0.730500
2022-07-26,29.1422499000,29.5324390200,29.5486969000,29.0934762600,45628522,1651632359.8300,0.221200,1.338900
2022-07-27,29.4511496200,29.3048287000,29.5486969000,29.1910235400,44247135,1597140637.2100,0.214500,-0.770700
2022-07-28,29.3454734000,29.0853473200,29.5486969000,29.0609605000,57066760,2054633516.1100,0.276600,-0.749000
2022-07-29,29.1259920200,28.5081925800,29.4105049200,28.4594189400,64970631,2299974526.5500,0.314900,-1.984300
2022-08-01,28.4431610600,28.0611008800,28.4594189400,28.0041983000,70588273,2445426274.0700,0.342200,-1.568300
2022-08-02,27.8009748000,27.5652355400,27.8091037400,27.0937570200,81160751,2741206157.6400,0.393400,-1.767100
2022-08-03,27.5571066000,26.8742756400,28.0367140600,26.7848573000,100320625,3341394263.8800,0.486300,-2.506600
2022-08-04,27.0937570200,27.3620120400,27.3945278000,27.0124676200,59307271,1986094524.0000,0.287500,1.814900
2022-08-05,27.4839461400,27.8822642000,27.9147799600,27.3294962800,48871948,1660667569.0000,0.236900,1.901400
2022-08-08,27.7928458600,27.5652355400,28.0367140600,27.3294962800,57211197,1942979975.0000,0.277300,-1.137000
2022-08-09,27.5977513000,27.3132384000,27.5977513000,27.1506596000,49867119,1675279850.0000,0.241700,-0.914200
2022-08-10,27.2807226400,26.9474361000,27.3945278000,26.8498888200,52960480,1758806053.0000,0.256700,-1.339300
2022-08-11,27.1994332400,27.9310378400,27.9635536000,26.9718229200,82668809,2799671312.0000,0.400700,3.650100
2022-08-12,27.7684590400,27.9391667800,27.9960693600,27.6627828200,40200050,1377797391.0000,0.194900,0.029100
2022-08-15,27.7196854000,27.4189146200,27.9066510200,27.2563358200,45918083,1554089642.3400,0.222600,-1.862100
2022-08-16,27.5245908400,27.5652355400,27.9391667800,27.4351725000,47915454,1629408746.9100,0.232300,0.533600
2022-08-17,27.6383960000,27.8334905600,27.9066510200,27.2644647600,45395476,1545822426.1900,0.220100,0.973200
2022-08-18,27.7440722200,27.4107856800,27.7765879800,27.1831753600,50734443,1709182802.8300,0.245900,-1.518700
2022-08-19,27.2156911200,27.5164619000,27.7603301000,27.1994332400,42844967,1455096382.8400,0.207700,0.385500
2022-08-22,27.2644647600,27.3294962800,27.7359432800,27.2319490000,52563482,1773361291.7300,0.254800,-0.679500
2022-08-23,27.3051094600,26.9067914000,27.3132384000,26.8417598800,53965720,1791825378.4600,0.261600,-1.546700
2022-08-24,26.9393071600,26.6954389600,27.1831753600,26.6629232000,58965852,1950217426.6000,0.285800,-0.785500
2022-08-25,26.7442126000,27.3863988600,27.4514303800,26.4922154600,65073875,2161568446.4100,0.315400,2.588300
2022-08-26,27.3945278000,27.3945278000,27.6709117600,27.0937570200,54968310,1852196046.2400,0.266500,0.029700
2022-08-29,27.0774991400,27.0531123200,27.4920750800,26.9149203400,38901392,1293596315.8300,0.188600,-1.246300
2022-08-30,26.9149203400,27.4676882600,27.5327197800,26.8905335200,59087736,1983189091.3600,0.286400,1.532500
2022-08-31,27.2644647600,28.4919347000,28.6463845600,27.2075621800,166545105,5773783193.8900,0.807300,3.728900
2022-09-01,28.3374848400,28.0448430000,28.4838057600,28.0367140600,60742108,2109230456.0400,0.294500,-1.569200
2022-09-02,28.1261324000,27.8985220800,28.3700006000,27.7359432800,47663498,1638046862.8000,0.231100,-0.521700
2022-09-05,27.8416195000,27.8253616200,27.9554246600,27.2807226400,46737206,1585571171.4700,0.226600,-0.262200
2022-09-06,27.8985220800,27.3294962800,28.2480665000,27.2319490000,87756101,2969378343.2200,0.425400,-1.782100
2022-09-07,27.1100149000,27.1344017200,27.2156911200,26.8742756400,62522016,2077538979.5700,0.303100,-0.713900
2022-09-08,27.1262727800,27.0693702000,27.2563358200,27.0287255000,41667222,1390770602.8600,0.202000,-0.239700
2022-09-09,27.1913043000,28.0448430000,28.2561954400,27.1344017200,135166615,4636864233.7800,0.655200,3.603600
2022-09-13,28.0041983000,28.7358029000,28.9796711000,27.8741352600,143861057,5071277447.9900,0.697400,2.463800
2022-09-14,28.3700006000,28.3374848400,28.6951582000,28.2155507400,56078636,1960637593.2500,0.271800,-1.386100
2022-09-15,28.5732241000,29.2723129400,29.3129576400,28.5732241000,134095049,4805992200.6400,0.650000,3.298900
2022-09-16,29.0121868600,28.4106453000,29.2641840000,28.3862584800,86516134,3050978941.3500,0.419400,-2.943600
2022-09-19,28.3618716600,28.5244504600,28.7114160800,28.2480665000,44998129,1578116276.6600,0.218100,0.400600
2022-09-20,28.5325794000,28.0773587600,28.6057398600,27.9229089000,50434551,1745868527.7700,0.244500,-1.567400
2022-09-21,28.0041983000,27.9716825400,28.3537427200,27.5245908400,53038925,1821095332.0400,0.257100,-0.376400
2022-09-22,27.6383960000,27.7765879800,27.8416195000,27.5652355400,38514551,1310807202.8200,0.186700,-0.697500
2022-09-23,27.6383960000,27.9310378400,28.1749060400,27.6383960000,36643717,1258753250.7900,0.177600,0.556000
2022-09-26,27.6546538800,27.5977513000,28.0611008800,27.5083329600,52549140,1789545993.4100,0.254700,-1.193200
2022-09-27,27.5489776600,27.5571066000,27.6790407000,27.1831753600,47541362,1604082625.3200,0.230500,-0.147300
2022-09-28,27.4676882600,27.3701409800,27.6383960000,27.1669174800,48729860,1642543373.9300,0.236200,-0.678500
2022-09-29,27.6302670600,26.9474361000,27.8985220800,26.8255020000,61785902,2073148613.3000,0.299500,-1.544400
2022-09-30,27.0368544400,27.3538831000,27.5977513000,26.9230492800,53971707,1816711649.9300,0.261600,1.508300
2022-10-10,26.8173730600,25.8500292000,26.8986624600,25.4029375000,127799132,4068516527.0300,0.619500,-5.497800
2022-10-11,25.8419002600,25.5248716000,26.0695105800,25.4517111400,61866447,1953843164.5000,0.299900,-1.257900
2022-10-12,25.4029375000,25.1590693000,25.4435822000,24.4274647000,117369975,3590021718.2900,0.569000,-1.433100
2022-10-13,24.7688801800,24.2974016600,24.8420406400,24.1429518000,135038091,4045377680.1200,0.654600,-3.424900
2022-10-14,24.6306882000,25.2647455200,25.3785506800,24.4681094000,126919692,3911873391.5300,0.615300,3.981300
2022-10-17,24.9558458000,25.2159718800,25.3460349200,24.8257827600,64630961,1997396403.7400,0.313300,-0.193100
2022-10-18,25.4435822000,25.0371352000,25.5086137200,24.9558458000,56281382,1739815952.7000,0.272800,-0.709200
2022-10-19,24.9721036800,24.5981724400,25.2566165800,24.5575277400,52827518,1614469065.5800,0.256100,-1.753200
2022-10-20,24.3868200000,24.4437225800,24.7526223000,24.2892727200,55115404,1657020701.7800,0.267200,-0.627900
2022-10-21,24.5087541000,24.0454045200,24.6063013800,23.9803730000,72871094,2171956543.1200,0.353200,-1.629500
2022-10-24,23.8909546600,22.7772898800,23.9722440600,22.7610320000,145145835,4134436262.3900,0.703600,-5.273800
2022-10-25,22.7772898800,22.9154818600,23.1430921800,22.6065821400,86028249,2418347972.6300,0.417000,0.606700
2022-10-26,22.7447741200,22.7041294200,23.0211580800,22.5659374400,75402189,2113201162.7900,0.365500,-0.922300
2022-10-27,22.9236108000,22.7122583600,23.1187053600,22.6797426000,76286564,2145320724.4000,0.369800,0.035800
2022-10-28,22.4358744000,22.0944589200,22.7610320000,21.9400090600,94946422,2601030856.0100,0.460300,-2.720100
2022-10-31,21.8668486000,21.8018170800,22.0538142200,21.3791122000,95303253,2553633470.7100,0.462000,-1.324500
2022-11-01,22.0294274000,22.9154818600,22.9642555000,21.9562669400,105901901,2937217653.0900,0.513400,5.108100
2022-11-02,22.8910950400,23.1024474800,23.3300578000,22.6390979000,72836102,2060238784.9200,0.353100,0.815900
2022-11-03,23.0455449000,22.8016767000,23.0699317200,22.6634847200,50172213,1410971285.0500,0.243200,-1.301900
2022-11-04,22.8016767000,23.6389575200,23.7771495000,22.7529030600,92682957,2676989831.2600,0.449300,3.672000
2022-11-07,23.4113472000,23.7039890400,23.9234704200,23.2650262800,54538019,1585520853.5300,0.264400,0.275100
2022-11-08,23.7365048000,23.6958601000,23.8828257200,23.5251523600,43978188,1281125722.0900,0.213200,-0.034300
2022-11-09,23.6958601000,23.7202469200,24.0210177000,23.5739260000,46305956,1353976618.2000,0.224500,0.102900
2022-11-10,23.5739260000,23.7283758600,23.8177942000,23.3869603800,40004562,1163044392.9800,0.193900,0.034300
2022-11-11,24.4681094000,25.3948085600,25.8500292000,24.1510807400,168871688,5192860255.6900,0.818600,7.023000
2022-11-14,26.4190550000,26.9393071600,27.3863988600,26.2808630200,204968536,6818027855.1300,0.993600,6.081900
2022-11-15,26.9474361000,27.0531123200,27.5002040200,26.6222785000,91330506,3043238573.0600,0.442700,0.422500
2022-11-16,27.0368544400,27.1344017200,27.2156911200,26.7116968400,61459443,2043574641.0300,0.297900,0.300500
2022-11-17,27.0693702000,26.2646051400,27.0693702000,26.0126080000,103715191,3358356943.6900,0.502800,-3.205500
2022-11-18,26.2483472600,26.0695105800,26.5653759200,25.8744160200,56273194,1805184082.6400,0.272800,-0.742800
2022-11-21,25.6874504000,25.9069317800,25.9882211800,25.2403587000,47910404,1512009169.7200,0.232200,-0.623600
2022-11-22,26.0695105800,26.3784103000,26.7279547200,25.8500292000,65416650,2120960840.4400,0.317100,1.819900
2022-11-23,26.2808630200,26.1914446800,26.7848573000,26.1345421000,57764427,1878620068.3100,0.280000,-0.708800
2022-11-24,26.5003444000,26.1914446800,26.7198257800,26.0776395200,40630100,1314257027.5100,0.197000,0.000000
2022-11-25,26.1833157400,26.8417598800,27.0043386800,26.1589289200,83012155,2729700884.8400,0.402400,2.482900
2022-11-28,26.0938974000,25.9800922400,26.1020263400,25.5655163000,80937686,2566010757.6400,0.392400,-3.210200
2022-11-29,26.6547942600,28.3374848400,28.3781295400,26.6222785000,175318695,5977811958.2800,0.849900,9.073800
2022-11-30,27.9066510200,28.4187742400,28.8089633600,27.8009748000,87332461,3048012198.0400,0.423300,0.286900
2022-12-01,29.1828946000,28.4512900000,29.6706310000,28.3293559000,83139723,2948536901.5600,0.403000,0.114400
2022-12-02,28.4512900000,27.9554246600,28.4512900000,27.7684590400,59846240,2055897651.6700,0.290100,-1.742900
2022-12-05,28.4269031800,29.3454734000,29.3454734000,28.1342613400,105060439,3735713567.3600,0.509300,4.972400
2022-12-06,29.1910235400,29.1422499000,29.2479261200,28.7927054800,65110353,2322429385.3000,0.315600,-0.692500
2022-12-07,29.1016052000,28.7114160800,29.2235393000,28.6951582000,56460628,2005014218.8300,0.273700,-1.478400
2022-12-08,28.6545135000,28.8170923000,29.0772183800,28.5813530400,44355151,1574334289.7000,0.215000,0.368100
2022-12-09,29.1016052000,29.8738545000,30.0201754200,28.9634132200,95816291,3491269581.5600,0.464500,3.667100
2022-12-12,29.5974705400,29.0934762600,29.7519204000,29.0040579200,60626240,2186064377.7700,0.293900,-2.612200
2022-12-13,29.0447026200,29.3779891600,29.4755364400,28.9471553400,38290398,1379130447.4400,0.185600,0.977900
2022-12-14,29.3779891600,30.0039175400,30.1095937600,29.2804418800,64436167,2361876160.1600,0.312400,2.130600
2022-12-15,29.7681782800,29.5324390200,30.0445622400,29.4430206800,40340341,1470344982.5300,0.195600,-1.571400
2022-12-16,29.5080522000,30.1502384600,30.2396568000,29.5080522000,60782001,2242781163.0100,0.294600,2.091900
2022-12-19,30.1583674000,29.6706310000,30.3534619600,29.4674075000,54784253,2014825881.7100,0.265600,-1.590700
2022-12-20,29.4592785600,29.0365736800,29.7112757000,28.6951582000,70291116,2518741582.1500,0.340700,-2.137000
2022-12-21,29.2560550600,29.2235393000,29.4511496200,29.0284447400,33049776,1188825669.0900,0.160200,0.643900
2022-12-22,29.6950178200,29.6706310000,29.9551439000,29.4674075000,35971483,1312827353.5100,0.174400,1.529900
2022-12-23,29.4999232600,29.5649547800,29.9144992000,29.3861181000,33058360,1204442483.7400,0.160300,-0.356200
2022-12-26,29.5486969000,29.2235393000,29.9144992000,29.1747656600,36047352,1309281787.8200,0.174700,-1.154800
2022-12-27,29.6299863000,29.8088229800,30.0608201200,29.5324390200,36790747,1350814519.2500,0.178300,2.002800
2022-12-28,29.8088229800,30.3453330200,30.4997828800,29.7356625200,52885997,1970716247.7100,0.256400,1.799800
2022-12-29,29.9957886000,30.2640436200,30.3372040800,29.7925651000,51362913,1902491091.8900,0.249000,-0.267900
2022-12-30,30.3534619600,30.2884304400,30.5892012200,30.2315278600,52322805,1959907427.9200,0.253600,0.080600
2023-01-03,30.1421095200,30.5485565200,30.7111353200,29.6950178200,60626616,2255334391.0400,0.293900,0.858800
2023-01-04,30.7111353200,31.4183531000,31.5646740200,30.5079118200,83645411,3207024323.6200,0.405500,2.847300
2023-01-05,31.6947370600,31.2964190000,31.9223473800,31.2151296000,61908519,2398823818.0100,0.300100,-0.388100
2023-01-06,31.4264820400,31.1988717200,31.6459634200,30.8005536600,59000699,2255711423.6900,0.286000,-0.311700
2023-01-09,31.2232585400,31.5402872000,31.7841554000,31.2232585400,49914886,1937276819.4000,0.242000,1.094300
2023-01-10,31.5240293200,31.0931955000,31.5402872000,31.0200350400,54197159,2078031130.7400,0.262700,-1.417500
2023-01-11,31.1988717200,31.6378344800,31.8491869200,31.0037771600,54170698,2107076771.9100,0.262600,1.751600
2023-01-12,31.7922843400,31.7435107000,31.8248001000,31.4833846200,30434871,1185494430.7800,0.147500,0.334000
2023-01-13,31.7597685800,32.2393760400,32.2393760400,31.6784791800,46376708,1825772733.3500,0.224800,1.562100
2023-01-16,32.5157600000,32.8978201800,33.4424591600,32.3531812000,88046855,3569434000.0700,0.426800,2.042400
2023-01-17,32.8815623000,33.0685279200,33.2798803600,32.7433703200,43204705,1752751492.6800,0.209400,0.518900
2023-01-18,33.0441411000,32.8246597200,33.2880093000,32.7027256200,29467472,1191075288.6100,0.142800,-0.737500
2023-01-19,32.6783388000,33.0441411000,33.1660752000,32.4507284800,47249021,1910434243.6400,0.229000,0.668600
2023-01-20,33.3123961200,33.3692987000,33.4099434000,33.0685279200,41340273,1692997049.7600,0.200400,0.984000
2023-01-30,34.5886397000,34.1659348200,34.6536712200,34.0196139000,100700740,4255796700.2800,0.488200,2.387300
2023-01-31,34.4260609000,33.4993617400,34.4260609000,33.4993617400,64231185,2677248181.6600,0.311400,-1.951000
2023-02-01,33.8489061600,32.9547227600,33.8895508600,32.4751153000,91679130,3709963959.4100,0.444400,-1.625800
2023-02-02,33.0847858000,32.5401468200,33.1254305000,32.1499577000,72723293,2898996930.5300,0.352500,-1.258000
2023-02-03,32.3450522600,31.9467342000,32.3450522600,31.7109949400,63816364,2506324574.0000,0.309400,-1.823600
2023-02-06,31.4752556800,31.1744849000,31.4915135600,30.7924247200,73100066,2790029317.1700,0.354400,-2.417300
2023-02-07,31.2964190000,31.2232585400,31.6540923600,31.0200350400,42657086,1643882586.2100,0.206800,0.156500
2023-02-08,31.2964190000,31.2882900600,31.6378344800,31.1826138400,31706528,1222704067.6600,0.153700,0.208300
2023-02-09,31.2313874800,31.2882900600,31.6134476600,31.1500980800,49817481,1920854680.5000,0.241500,0.000000
2023-02-10,31.1338402000,31.0200350400,31.2070006600,30.8086826000,41102639,1567982947.6800,0.199200,-0.857400
2023-02-13,30.8086826000,30.6623616800,30.8737141200,30.1339805800,82518134,3095654449.8500,0.400000,-1.153000
2023-02-14,30.7111353200,30.8899720000,30.9387456400,30.4916539400,48607663,1836814071.8900,0.235600,0.742300
2023-02-15,30.8899720000,30.2152699800,30.9631324600,30.0770780000,77104778,2872782991.1400,0.373800,-2.184200
2023-02-16,30.2396568000,30.2965593800,30.7680379000,30.0933358800,65415231,2453427441.1200,0.317100,0.269000
2023-02-17,30.1990121000,29.8413387400,30.3859777200,29.8169519200,57581280,2130963531.0400,0.279100,-1.502500
2023-02-20,29.9307570800,31.2882900600,31.3045479400,29.9307570800,108022830,4089276989.8600,0.523600,4.848800
2023-02-21,31.2395164200,31.4508688600,31.5565450800,30.9956482200,53046540,2043801361.9000,0.257100,0.519600
2023-02-22,31.2639032400,31.0200350400,31.3777084000,31.0037771600,38309139,1467027311.4200,0.185700,-1.369900
2023-02-23,31.0200350400,31.1094533800,31.5159003800,31.0200350400,37063824,1423074975.2100,0.179700,0.288300
2023-02-24,31.0281639800,30.4510092400,31.0931955000,30.4022356000,53369015,2011474599.8400,0.258700,-2.116500
2023-02-27,30.2965593800,30.2071410400,30.5485565200,30.1502384600,44933367,1674343229.9300,0.217800,-0.800900
2023-02-28,30.2152699800,30.3290751400,30.4672671200,29.9551439000,37822552,1405386499.5000,0.183300,0.403700
2023-03-01,30.2803015000,31.0931955000,31.1663559600,30.2396568000,57119401,2169732584.6400,0.276900,2.519400
2023-03-02,30.9224877600,31.0931955000,31.2964190000,30.7030063800,34907009,1332878910.8900,0.169200,0.000000
2023-03-03,31.2964190000,31.0931955000,31.5159003800,30.8086826000,35711390,1365470222.0600,0.173100,0.000000
2023-03-06,30.9062298800,30.0770780000,31.0769376200,30.0039175400,81051939,3015166370.4300,0.392900,-3.268000
2023-03-07,29.9876596600,29.7194046400,30.4672671200,29.5974705400,73741149,2722185233.9300,0.357500,-1.189200
2023-03-08,29.4674075000,29.2641840000,29.5243100800,29.1016052000,61658357,2216886861.9600,0.298900,-1.531700
2023-03-09,29.2641840000,28.9227685200,29.3292155200,28.8577370000,53999602,1928666141.3900,0.261800,-1.166700
2023-03-10,28.4919347000,28.4756768200,28.9878000400,28.4106453000,55845366,1963698972.4500,0.270700,-1.545800
2023-03-13,28.3862584800,28.4919347000,28.7601897200,28.2155507400,58420463,2046110684.8100,0.283200,0.057100
2023-03-14,28.1911639200,28.1098745200,28.3943874200,27.9147799600,62666750,2168927833.5000,0.303800,-1.340900
2023-03-15,28.5732241000,28.3537427200,29.0284447400,28.3537427200,67638378,2380639264.4800,0.327900,0.867600
2023-03-16,28.0448430000,28.1667771000,28.5732241000,27.8091037400,40389489,1401995821.9800,0.195800,-0.659400
2023-03-17,28.4675478800,27.9310378400,28.7520607800,27.6546538800,83271578,2893458533.0500,0.403700,-0.836900
2023-03-20,27.9960693600,27.7359432800,28.3781295400,27.6546538800,52072515,1790157156.7300,0.252400,-0.698500
2023-03-21,27.8091037400,27.8253616200,28.0448430000,27.6465249400,36747539,1256872360.3100,0.178100,0.322400
2023-03-22,28.0611008800,28.0773587600,28.2318086200,27.8660063200,45986740,1587045184.2300,0.222900,0.905600
2023-03-23,27.9635536000,28.6138688000,28.7276739600,27.8985220800,54214633,1890730122.6100,0.262800,1.910800
2023-03-24,28.4350321200,27.9879404200,28.4350321200,27.8253616200,67871839,2342134999.2200,0.329000,-2.187500
2023-03-27,28.1261324000,27.8091037400,28.1261324000,27.6790407000,44983610,1538661023.9100,0.218100,-0.639000
2023-03-28,27.9716825400,27.9635536000,28.2236796800,27.7847169200,53323436,1834470874.2300,0.258500,0.555400
2023-03-29,28.1342613400,27.7359432800,28.2074218000,27.7196854000,41863012,1433206732.9200,0.202900,-0.814000
2023-03-30,27.7603301000,27.9229089000,27.9554246600,27.4026567400,56228970,1915822303.7200,0.272600,0.674100
2023-03-31,27.9310378400,27.8578773800,28.3049690800,27.7522011600,57779428,1993103478.9300,0.280100,-0.232900
2023-04-03,27.8903931400,27.9391667800,28.0041983000,27.6221381200,50467501,1727952627.6600,0.244600,0.291800
2023-04-04,27.9472957200,27.8660063200,27.9798114800,27.6871696400,48782066,1668757195.8100,0.236500,-0.261900
2023-04-06,27.7765879800,27.4758172000,27.7765879800,27.4189146200,48679567,1650684311.6500,0.236000,-1.400200
2023-04-07,27.5164619000,27.7522011600,27.8497484400,27.4351725000,39414120,1343439511.4100,0.191100,1.005900
2023-04-10,27.7603301000,27.8334905600,27.8822642000,27.6140091800,33015949,1128256664.9700,0.160000,0.292900
2023-04-11,27.8334905600,27.4189146200,27.9147799600,27.3376252200,73399153,2485887911.9200,0.355800,-1.489500
2023-04-12,27.5489776600,27.4270435600,27.5977513000,27.3620120400,41612769,1403968678.5700,0.201700,0.029600
2023-04-13,27.3538831000,27.6465249400,27.8334905600,27.0287255000,63430456,2142100175.3300,0.307500,0.800200
2023-04-14,27.8009748000,27.9554246600,28.2805822600,27.6546538800,69392338,2387857214.1500,0.336400,1.117300
2023-04-17,27.8985220800,28.6138688000,28.6138688000,27.7196854000,89373012,3107511587.1800,0.433200,2.355300
2023-04-18,28.6219977400,29.0040579200,29.5486969000,28.5488372800,94271463,3375509116.3000,0.457000,1.363600
2023-04-19,29.1341209600,28.8577370000,29.1341209600,28.6951582000,51088648,1815680622.0700,0.247700,-0.504500
2023-04-20,28.9390264000,28.4431610600,29.0528315600,28.3374848400,68091530,2393722844.5700,0.330100,-1.436600
2023-04-21,28.4431610600,28.0448430000,28.5976109200,27.9879404200,53159146,1849378443.0000,0.257700,-1.400400
2023-04-24,28.0611008800,27.3132384000,28.1992928600,27.2400779400,72987368,2474101752.7900,0.353800,-2.608700
2023-04-25,27.3213673400,27.6627828200,27.7522011600,27.2400779400,51221280,1731551112.8300,0.248300,1.279800
2023-04-26,27.4758172000,27.4920750800,27.6058802400,27.1100149000,49650070,1673601449.8500,0.240700,-0.617100
2023-04-27,26.8011151800,26.5247312200,26.8173730600,26.1264131600,155927939,5072330698.3200,0.755900,-3.518600
2023-04-28,26.3865392400,27.3132384000,27.4351725000,26.3458945400,94021308,3136764114.5300,0.455800,2.972700
2023-05-04,27.0612412600,27.7440722200,27.9635536000,26.6873100200,72543303,2457318979.1800,0.351700,1.577400
2023-05-05,27.7847169200,28.1992928600,28.5000636400,27.7603301000,80088973,2785096473.7400,0.388200,1.640800
2023-05-08,28.3374848400,28.9390264000,29.2235393000,28.1586481600,106426580,3773892300.0000,0.515900,2.623200
2023-05-09,29.0040579200,28.4431610600,29.3454734000,28.4187742400,98552978,3503564878.4200,0.477700,-1.713500
2023-05-10,28.3700006000,27.9635536000,28.5488372800,27.8741352600,63837387,2203715636.7000,0.309500,-1.686200
2023-05-11,28.1261324000,28.0041983000,28.7195450200,27.9635536000,44580284,1547837683.0800,0.216100,0.145300
2023-05-12,28.0204561800,27.6709117600,28.0854877000,27.6383960000,45936569,1569062496.7700,0.222700,-1.190100
2023-05-15,27.7115564600,28.2074218000,28.3293559000,27.4026567400,52809453,1811811262.5100,0.256000,1.938900
2023-05-16,28.4106453000,28.3049690800,28.6138688000,28.1017455800,38524804,1341479236.4400,0.186800,0.345800
2023-05-17,28.2968401400,28.0448430000,28.5569662200,27.9879404200,39637635,1380094248.0900,0.192100,-0.919000
2023-05-18,28.2318086200,28.0041983000,28.3212269600,27.8091037400,32901230,1137523120.5900,0.159500,-0.144900
2023-05-19,27.9229089000,27.5977513000,28.0041983000,27.5896223600,39298980,1339332374.9900,0.190500,-1.451400
2023-05-22,27.6221381200,27.8009748000,27.9147799600,27.6221381200,29693441,1014463032.7600,0.143900,0.736400
2023-05-23,27.8091037400,27.3132384000,27.9472957200,27.3132384000,34692126,1177389440.6700,0.168200,-1.754400
2023-05-24,27.3051094600,26.7685994200,27.3051094600,26.7685994200,46399873,1541649339.0500,0.224900,-1.994000
2023-05-25,26.6304074400,26.3540234800,26.6304074400,26.1426710400,70605103,2286618238.5800,0.342300,-1.548700
2023-05-26,26.3702813600,26.6141495600,26.7116968400,26.1914446800,29462374,958855792.2300,0.142800,0.987000
2023-05-29,26.7848573000,26.5735048600,26.7848573000,26.3702813600,38730090,1263259965.0900,0.187700,-0.152700
2023-05-30,26.5735048600,26.5328601600,26.7442126000,26.3052498400,34007178,1108840099.5200,0.164900,-0.153000
2023-05-31,26.5003444000,26.2564762000,26.6629232000,26.2077025600,52541398,1704091985.8700,0.254700,-1.041700
2023-06-01,26.2646051400,26.0613816400,26.4190550000,26.0288658800,47239881,1521250951.8600,0.229000,-0.743000
2023-06-02,26.1914446800,26.8824045800,26.9067914000,26.1751868000,55885607,1829053080.1300,0.270900,3.150300
2023-06-05,26.8824045800,26.8580177600,27.0449833800,26.6954389600,31273034,1033695633.7500,0.151600,-0.090700
2023-06-06,26.8580177600,26.8824045800,27.4758172000,26.8092441200,38663375,1288946278.0000,0.187400,0.090800
2023-06-07,27.0287255000,27.0693702000,27.3213673400,26.9555650400,33890635,1132209543.9400,0.164300,0.695500
2023-06-08,27.0856280800,27.7034275200,27.8172326800,27.0043386800,54961501,1859578016.1900,0.266400,2.342300
2023-06-09,27.6790407000,27.4270435600,27.8416195000,27.4270435600,41510872,1408235125.9000,0.201200,-0.997700
2023-06-12,27.4189146200,27.4189146200,27.5733644800,27.1344017200,40677376,1370601853.7000,0.197200,-0.029600
2023-06-13,27.2807226400,27.4189146200,27.5896223600,27.2319490000,23124556,779060071.3000,0.112100,0.000000
2023-06-14,27.5814934200,27.1425306600,27.6709117600,27.1425306600,38263310,1289658684.7200,0.185500,-1.008000
2023-06-15,27.2319490000,27.4107856800,27.4676882600,27.0774991400,36953706,1239411035.4300,0.179100,0.988300
2023-06-16,27.5245908400,27.5814934200,27.6709117600,27.4351725000,42680637,1448460382.0700,0.206900,0.622800
2023-06-19,27.5652355400,27.2969805200,27.5652355400,27.2807226400,27896062,939883956.7900,0.135200,-1.031500
2023-06-20,27.2319490000,26.9799518600,27.2807226400,26.9067914000,30764875,1024392135.2100,0.149100,-1.161400
2023-06-21,26.8742756400,26.9636939800,27.3457541600,26.8255020000,42786599,1426164911.4300,0.207400,-0.060300
2023-06-26,26.7685994200,26.5084733400,26.9067914000,26.3540234800,43210300,1410658234.8600,0.209500,-1.688300
2023-06-27,26.5247312200,26.6791810800,26.8336309400,26.3702813600,34571527,1132557912.9700,0.167600,0.644000
2023-06-28,26.6710521400,26.8661467000,26.9718229200,26.5978916800,33381801,1100128735.4900,0.161800,0.700800
2023-06-29,26.8661467000,26.5653759200,26.9718229200,26.5572469800,25854831,848217752.7800,0.125300,-1.119500
2023-06-30,26.6060206200,26.6304074400,26.8255020000,26.5328601600,29361327,964762581.3500,0.142300,0.244800
2023-07-03,26.7442126000,27.4107856800,27.4433014400,26.6629232000,45366767,1515242663.1300,0.219900,2.930400
2023-07-04,27.3132384000,27.2400779400,27.3132384000,27.1181438400,22408656,749827210.9100,0.108600,-0.622800
2023-07-05,27.2319490000,26.8498888200,27.2319490000,26.6954389600,41307158,1365494250.3800,0.200200,-1.432400
2023-07-06,26.8498888200,26.4840865200,26.9230492800,26.4271839400,40784246,1334753416.7100,0.197700,-1.362400
2023-07-07,26.4190550000,26.2646051400,26.4840865200,26.2483472600,47279440,1530388128.7500,0.229200,-0.828700
2023-07-10,26.4353128800,26.3784103000,26.5735048600,26.2808630200,27207677,883689382.4600,0.131900,0.433300
2023-07-11,26.6060206200,26.5897627400,26.6629232000,26.3946681800,32916654,1074347764.7600,0.159600,0.801200
2023-07-12,26.5978916800,26.9880808000,27.1831753600,26.5978916800,63204933,2098753494.2300,0.306400,1.498000
2023-07-13,27.4427494600,27.3226499000,27.4513280000,26.9795083000,56385028,1791570807.3200,0.273300,1.239700
2023-07-14,27.3998567600,27.3912782200,27.6143202600,27.2626001200,34752056,1111472582.0800,0.168500,0.251200
2023-07-17,27.2540215800,27.1510791000,27.2626001200,26.9623512200,26200279,827190405.8800,0.127000,-0.876900
2023-07-18,27.1510791000,26.9880868400,27.2540215800,26.9280370600,31638946,996591508.1700,0.153400,-0.600300
2023-07-19,26.8422516600,27.0910293200,27.1425005600,26.8165160400,24029564,755090293.1200,0.116500,0.381400
2023-07-20,27.2540215800,27.1853932600,27.5371134000,27.1081864000,27239443,867690875.7700,0.132000,0.348300
2023-07-21,27.2797572000,27.2797572000,27.4341709200,27.1167649400,31566900,1004431832.6700,0.153000,0.347100
2023-07-24,26.9880868400,26.9795083000,27.2197074200,26.9366156000,23912203,753332483.3600,0.115900,-1.100600
2023-07-25,27.4513280000,28.5408025800,28.6094309000,27.4513280000,126162096,4159900847.8000,0.611600,5.787000
2023-07-26,28.5408025800,28.6094309000,28.9354154200,28.3692317800,50175140,1673625171.1200,0.243200,0.240500
2023-07-27,28.7381090000,28.8753656400,29.0126222800,28.4807528000,54848896,1845231370.4700,0.265900,0.929500
2023-07-28,28.7295304600,30.1106754000,30.2736676600,28.6609021400,125628759,4358344106.8600,0.609000,4.278100
2023-07-31,30.4709740800,30.5052882400,30.9170581600,30.0334685400,116275605,4127807307.1500,0.563700,1.310500
2023-08-01,30.4795526200,30.0163114600,30.5224453200,29.8275835800,66009585,2316910862.9400,0.320000,-1.602900
2023-08-02,29.3042926400,29.1927716200,29.8704762800,28.9697295800,91535761,3124298659.8500,0.443700,-2.743600
2023-08-03,29.1841930800,29.7503767200,29.8361621200,29.0555149800,50929381,1750414828.5700,0.246900,1.910100
2023-08-04,30.0935183200,29.9219475200,30.4538170000,29.7846908800,81264248,2854335235.5400,0.393900,0.576700
2023-08-07,29.8104265000,29.5959630000,29.8361621200,29.4072351200,34467192,1187405634.9100,0.167100,-1.089400
2023-08-08,29.4501278200,29.2957141000,29.7246411000,29.0040437400,50228255,1715919700.0700,0.243500,-1.014500
2023-08-09,29.1841930800,29.1841930800,29.4329707400,29.1241433000,38683250,1318960193.1600,0.187500,-0.380700
2023-08-10,29.0812506000,29.2871355600,29.3814995000,28.9954652000,28772469,978706456.7200,0.139500,0.352700
2023-08-11,29.3042926400,28.4378601000,29.5702273800,28.4378601000,60624004,2032299866.5100,0.293900,-2.899800
2023-08-14,28.1376112000,27.8459408400,28.1633468200,27.6657915000,66707291,2167337310.8600,0.323400,-2.081400
2023-08-15,27.8459408400,27.7601554400,28.0003545600,27.5800061000,58295914,1887265044.1600,0.282600,-0.308100
2023-08-16,27.5800061000,27.4255923800,27.6657915000,27.3483855200,58015181,1857011415.8300,0.281200,-1.205200
2023-08-17,27.2626001200,27.2711786600,27.3398069800,27.0138224600,64607569,2043578650.8700,0.313200,-0.563000
2023-08-18,27.2368645000,27.3483855200,27.9917760200,27.2368645000,67459467,2169641215.5400,0.327000,0.283100
2023-08-21,27.2883357400,26.7049950200,27.3140713600,26.7049950200,80957531,2537398398.7400,0.392400,-2.352600
2023-08-22,26.7736233400,26.8679872800,26.9966653800,26.5934740000,60107044,1877097294.9600,0.291400,0.610300
2023-08-23,26.7650448000,26.4647959000,26.9709297600,26.4647959000,56074358,1743312675.9000,0.271800,-1.500600
2023-08-24,26.5934740000,26.6449452400,26.7221521000,26.4219032000,41225614,1277299345.4900,0.199800,0.680700
2023-08-25,26.5934740000,27.0738722400,27.3226499000,26.5076886000,64747134,2028793535.4900,0.313900,1.609800
2023-08-28,28.5665382000,27.6743700400,29.1069862200,27.4770636200,140509367,4608776006.1800,0.681100,2.218000
2023-08-29,27.6743700400,27.4856421600,27.8287837600,27.2540215800,72116998,2310485793.8800,0.349600,-0.682000
2023-08-30,27.6143202600,27.1596576400,27.6143202600,27.0652937000,63980158,2031430068.6600,0.310100,-1.186000
2023-08-31,27.2797572000,27.0652937000,27.5199563200,27.0138224600,50322017,1595044491.1400,0.243900,-0.347400
2023-09-01,27.4084353000,27.6829485800,27.9917760200,27.3483855200,69752619,2250478413.5100,0.338100,2.282100
2023-09-04,27.9488833200,28.7638446200,28.8324729400,27.8545193800,110429932,3671655440.6700,0.535300,3.904600
2023-09-05,28.5665382000,28.4035459400,28.6866377600,28.2834463800,44732261,1483496733.9300,0.216800,-1.252600
2023-09-06,28.3949674000,28.6180094400,28.7037948400,28.1118755800,54674047,1812037299.1800,0.265000,0.755100
2023-09-07,28.5751167400,28.4292815600,28.5751167400,28.3177605400,35870198,1188879205.1600,0.173900,-0.659500
2023-09-08,28.3091820000,28.4550171800,28.5322240400,28.2662893000,29850098,989879153.0900,0.144700,0.090500
2023-09-11,28.4207030200,28.2319751400,28.5579596600,28.2319751400,63287369,2091952941.1100,0.306800,-0.783800
2023-09-12,28.2233966000,28.2062395200,28.3520747000,28.1547682800,27759078,914017921.9600,0.134600,-0.091200
2023-09-13,28.2662893000,28.0947185000,28.3778103200,28.0175116400,29891534,980129607.7600,0.144900,-0.395400
2023-09-14,28.2662893000,28.3692317800,28.4721742600,28.1805039000,43734390,1443840329.2000,0.212000,0.977100
2023-09-15,28.5665382000,28.2748678400,28.6694806800,28.1376112000,43960215,1453249853.0000,0.213100,-0.332600
2023-09-18,28.1976609800,28.3263390800,28.3520747000,28.0518258000,36040192,1186454305.5100,0.174700,0.182000
2023-09-19,28.3091820000,28.2748678400,28.3091820000,28.0689828800,38465270,1263587161.1200,0.186500,-0.181700
2023-09-20,28.1890824400,28.0775614200,28.1890824400,27.9917760200,30931758,1012842173.4100,0.149900,-0.697800
2023-09-21,28.0947185000,27.7687339800,28.1461897400,27.7687339800,39031854,1270724457.6100,0.189200,-1.099900
2023-09-22,27.9574618600,28.6008523600,28.6265879800,27.7258412800,71283316,2349131840.6100,0.345500,2.996600
2023-09-25,28.5493811200,28.3091820000,28.5493811200,28.2233966000,45651541,1506238618.6900,0.221300,-1.019800
2023-09-26,28.2491322200,28.1376112000,28.3778103200,28.0947185000,32202356,1058673650.0900,0.156100,-0.606100
2023-09-27,28.2233966000,28.1547682800,28.3863888600,28.0947185000,35246679,1159673830.2900,0.170900,0.061000
2023-09-28,28.3263390800,28.2834463800,28.4292815600,28.0947185000,38856469,1280959168.9600,0.188400,0.457000
2023-10-09,28.0518258000,27.9488833200,28.0518258000,27.7773125200,36134267,1176010753.6200,0.175200,-1.182900
2023-10-10,28.4121244800,27.9574618600,28.4207030200,27.9574618600,34263698,1123856355.6800,0.166100,0.030700
2023-10-11,28.1719253600,27.8373623000,28.1805039000,27.7944696000,37609124,1226529937.8800,0.182300,-0.429600
2023-10-12,28.3006034600,28.3692317800,28.5922738200,28.1204541200,61745963,2041713575.8600,0.299300,1.910600
2023-10-13,28.1204541200,27.9746189400,28.2062395200,27.8888335400,41037187,1341527525.4000,0.198900,-1.391000
2023-10-16,27.9488833200,27.7172627400,28.0175116400,27.6572129600,28677414,928068012.8300,0.139000,-0.920000
2023-10-17,27.7858910600,27.8974120800,27.9660404000,27.6400558800,28622914,928757316.0300,0.138800,0.650000
2023-10-18,27.8716764600,27.8716764600,28.0003545600,27.8030481400,24931667,810933177.6600,0.120900,-0.092300
2023-10-19,27.7944696000,27.0824507800,27.7944696000,27.0395580800,60429338,1922080368.6800,0.292900,-2.831600
2023-10-20,27.0138224600,27.1510791000,27.2883357400,26.9366156000,37258937,1178535483.2800,0.180600,0.253400
2023-10-23,27.0996078600,26.7907804200,27.1510791000,26.5934740000,39380184,1232365016.1400,0.190900,-1.327000
2023-10-24,26.9194585200,26.8508302000,26.9451941400,26.6277881600,36552663,1142319005.6200,0.177200,0.224100
2023-10-25,27.1081864000,26.9537726800,27.2368645000,26.7650448000,37569332,1179249723.6700,0.182100,0.383400
2023-10-26,26.9023014400,27.0224010000,27.2368645000,26.8165160400,28702985,904374421.9200,0.139100,0.254600
2023-10-27,26.9795083000,27.0481366200,27.1510791000,26.7221521000,39145276,1231933968.2600,0.189800,0.095200
2023-10-30,26.6020525400,26.5076886000,26.7049950200,26.2074397000,83850056,2582604676.0600,0.406500,-1.998100
2023-10-31,26.3704319600,26.3875890400,26.5848954600,26.2589109400,52801599,1624462290.0800,0.256000,-0.453100
2023-11-01,26.4219032000,26.1216543000,26.4905315200,26.1044972200,52989707,1617976148.3300,0.256900,-1.007800
2023-11-02,26.2503324000,26.3189607200,26.4304817400,26.1731255400,36466771,1118895486.1300,0.176800,0.755300
2023-11-03,26.3189607200,26.5848954600,26.6277881600,26.2503324000,43956879,1357177292.5300,0.213100,1.010400
2023-11-06,26.7221521000,26.7135735600,26.8937229000,26.5591598400,51982385,1617714882.0300,0.252000,0.484000
2023-11-07,26.7135735600,26.4219032000,26.7135735600,26.2932251000,51624067,1589834114.3700,0.250300,-1.091800
2023-11-08,26.3704319600,26.2503324000,26.4047461200,26.1645470000,44518298,1363161957.3500,0.215800,-0.649400
2023-11-09,26.2074397000,26.3018036400,26.4047461200,26.1817040800,32764958,1003833045.3800,0.158800,0.196100
2023-11-10,26.1645470000,25.8728766400,26.2160182400,25.8214054000,51696462,1561581973.6300,0.250600,-1.630800
2023-11-13,25.8814551800,25.5812062800,25.9672405800,25.4010569400,63424273,1891693841.8100,0.307500,-1.127300
2023-11-14,25.6240989800,25.9071908000,25.9071908000,25.6155204400,44834267,1347710789.7300,0.217300,1.274300
2023-11-15,26.1216543000,26.2846465600,26.3961675800,26.0701830600,60193960,1842095991.9000,0.291800,1.457000
2023-11-16,26.3103821800,26.1988611600,26.3961675800,26.0530259800,31571993,965161753.9300,0.153000,-0.326400
2023-11-17,26.1302328400,26.0187118200,26.1817040800,25.8214054000,43245282,1308022703.3100,0.209600,-0.687600
2023-11-20,26.0272903600,26.2331753200,26.2417538600,25.8557195600,36922708,1123420441.9100,0.179000,0.824300
2023-11-21,26.3790105000,26.1044972200,26.4819529800,26.0530259800,48854470,1497630758.8500,0.236800,-0.490500
2023-11-22,25.9929762000,25.8728766400,26.0873401400,25.8642981000,27370542,828342907.6700,0.132700,-0.887300
2023-11-23,25.7527770800,25.8557195600,25.9157693400,25.6927273000,29979383,900540282.6400,0.145300,-0.066300
2023-11-24,25.7870912400,25.7356200000,25.8214054000,25.6755702200,29116276,873539195.9900,0.141100,-0.464500
2023-11-27,25.7356200000,25.2209076000,25.7613556200,25.1265436600,58101958,1714186982.0000,0.281700,-2.000000
2023-11-28,25.2294861400,25.0150226400,25.2981144600,24.9120801600,47516511,1389229277.8300,0.230300,-0.816300
2023-11-29,25.0493368000,24.7061952000,25.0836509600,24.6032527200,62063752,1789462812.6700,0.300900,-1.234600
2023-11-30,24.7061952000,24.6976166600,24.8606089200,24.5346244000,55156006,1585194741.6700,0.267400,-0.034700
2023-12-01,24.6375668800,24.2429540400,24.6547239600,24.0799617800,88273644,2496795770.2700,0.427900,-1.840900
2023-12-04,24.2515325800,24.0885403200,24.4145248400,24.0370690800,55787830,1569603287.9700,0.270400,-0.636900
2023-12-05,24.0713832400,23.5995635400,24.0799617800,23.5909850000,61890167,1717656518.5400,0.300000,-2.029900
2023-12-06,23.6424562400,23.8140270400,23.9855978400,23.5480923000,61125926,1697947804.6200,0.296300,0.908800
2023-12-07,23.8226055800,23.8569197400,23.9684407600,23.4108356600,59496698,1643064047.3500,0.288400,0.180100
2023-12-08,23.7625558000,23.5909850000,23.9770193000,23.5909850000,53349765,1479206063.9000,0.258600,-1.114700
2023-12-11,23.3765215000,23.8140270400,23.8912339000,23.0762726000,75808597,2067921108.2000,0.367500,0.945500
2023-12-12,23.7625558000,24.0628047000,24.0799617800,23.6853489400,50420111,1409339298.4600,0.244400,1.044700
2023-12-13,23.9512836800,23.3507858800,23.9512836800,23.3336288000,67123932,1844591026.5900,0.325400,-2.959000
2023-12-14,23.5395137600,23.1877936200,23.7110845600,23.1877936200,44526808,1214879008.3000,0.215800,-0.698000
2023-12-15,23.5652493800,23.3593644200,24.0628047000,23.3336288000,98068659,2697705036.6300,0.475400,0.739900
2023-12-18,23.1620580000,23.4022571200,23.4880425200,23.0762726000,47716425,1299068335.3000,0.231300,0.183600
2023-12-19,23.3336288000,23.4108356600,23.4623069000,23.1792150800,37657373,1024185206.1200,0.182500,0.036700
2023-12-20,23.4279927400,23.2135292400,23.5137781400,23.2135292400,53112808,1446520286.2400,0.257500,-0.842800
2023-12-21,23.1449009200,23.7711343400,23.8054485000,23.0934296800,75910481,2082187758.4700,0.368000,2.402100
2023-12-22,23.8311841200,23.6853489400,23.8912339000,23.5137781400,62364372,1721377205.2900,0.302300,-0.360900
2023-12-25,23.6767704000,23.6167206200,23.7797128800,23.5223566800,41903386,1154001374.9800,0.203100,-0.289800
2023-12-26,23.5824064600,23.3936785800,23.5824064600,23.2993146400,36525708,997177588.7200,0.177100,-0.944400
2023-12-27,23.4451498200,23.4194142000,23.4794639800,23.2049507000,41063687,1117439216.0100,0.199100,0.110000
2023-12-28,23.3765215000,24.0113334600,24.1314330200,23.3765215000,106106285,2953200857.8300,0.514400,2.527500
2023-12-29,23.9341266000,23.8654982800,24.0628047000,23.8226055800,65577345,1827818810.9800,0.317900,-0.607400
2024-01-02,23.9770193000,23.6596133200,23.9855978400,23.6424562400,54219480,1500865547.8700,0.262800,-0.862700
2024-01-03,23.6596133200,23.8226055800,23.8826553600,23.6081420800,43395588,1200383623.7000,0.210400,0.688900
2024-01-04,23.8140270400,23.8569197400,23.8740768200,23.4708854400,63710249,1759101592.9000,0.308800,0.144000
2024-01-05,23.8054485000,24.2686896600,24.6890381200,23.6939274800,119063315,3376466446.9300,0.577200,1.726000
2024-01-08,24.1657471800,24.1314330200,24.5260458600,23.9770193000,81682070,2305065735.9200,0.396000,-0.565600
2024-01-09,24.1228544800,24.1657471800,24.2601111200,23.9341266000,55866306,1569684230.0200,0.270800,0.142200
2024-01-10,24.0370690800,24.0628047000,24.3201609000,24.0370690800,45364048,1277638873.0900,0.219900,-0.426000
2024-01-11,24.0199120000,24.3458965200,24.5088887800,23.8912339000,73531826,2082611271.5300,0.356400,1.176500
2024-01-12,24.2429540400,24.4831531600,24.6890381200,24.2429540400,57783201,1652242625.5500,0.280100,0.563800
2024-01-15,24.4488390000,24.6804595800,24.8262947600,24.3373179800,48245229,1383953760.3600,0.233900,0.805900
2024-01-16,24.5603600200,24.9892870200,24.9892870200,24.5346244000,85344024,2469511282.1300,0.413700,1.251300
2024-01-17,24.9807084800,25.0407582600,25.3753213200,24.9035016200,130860146,3843478823.4400,0.634400,0.206000
2024-01-18,24.8262947600,25.3753213200,25.4611067200,24.5346244000,129512645,3762050845.8400,0.627800,1.336100
2024-01-19,25.1951719800,25.5039994200,25.6498346000,24.9978655600,96861623,2865398411.8300,0.469500,0.507100
2024-01-22,25.5297350400,25.9500835000,26.1645470000,25.4782638000,154970267,4691297099.7000,0.751200,1.749100
2024-01-23,25.7441985400,25.7270414600,26.0358689000,25.5640492000,88605552,2661547376.0900,0.429500,-0.859500
2024-01-24,25.8642981000,25.8128268600,25.9843976600,25.2037505200,97489239,2904947629.0400,0.472600,0.333400
2024-01-25,26.0015547400,26.5076886000,26.5934740000,25.8900337200,123450922,3791899866.2500,0.598400,2.691900
2024-01-26,26.5248456800,26.6964164800,26.8937229000,26.3018036400,100991578,3132788305.0600,0.489600,0.712000
2024-01-29,26.7650448000,26.8937229000,27.1081864000,26.7393091800,83882433,2632393040.2100,0.406600,0.739100
2024-01-30,26.7650448000,26.5934740000,27.0224010000,26.4047461200,74399913,2316762500.3000,0.360700,-1.116400
2024-01-31,26.5248456800,26.3446963400,26.7564662600,26.2417538600,80894928,2494516011.2800,0.392100,-0.935500
2024-02-01,26.3103821800,26.0959186800,26.4562173600,25.9071908000,85970009,2621519217.6100,0.416700,-0.944300
2024-02-02,26.1216543000,25.9329264200,26.3018036400,25.4267925600,98729165,2986530107.5800,0.478600,-0.624600
2024-02-05,25.9329264200,26.3446963400,26.5505813000,25.7870912400,106397881,3246673368.0400,0.515800,1.587800
2024-02-06,26.3446963400,26.8765658200,26.8937229000,26.2503324000,106215843,3296036540.0800,0.514900,2.018900
2024-02-07,26.9537726800,26.8594087400,27.0052439200,26.4304817400,111051058,3458135329.4600,0.538300,-0.063800
2024-02-08,26.8594087400,26.9366156000,26.9795083000,26.6106310800,87300436,2728137528.1500,0.423200,0.287400
2024-02-19,27.4427494600,27.1253434800,27.4427494600,26.9451941400,87549010,2770406837.2900,0.424400,0.700600
2024-02-20,27.1253434800,26.9366156000,27.1253434800,26.8422516600,60640469,1907541533.1800,0.294000,-0.695800
2024-02-21,26.9366156000,28.3091820000,28.6437450600,26.8937229000,152865612,5003152628.4700,0.741000,5.095500
2024-02-22,28.1461897400,28.1376112000,28.2662893000,27.7858910600,75276038,2461009464.7500,0.364900,-0.606100
2024-02-23,28.1461897400,28.2662893000,28.6523236000,27.9831974800,63984872,2118316306.6900,0.310200,0.457300
2024-02-26,28.1890824400,27.6657915000,28.3606532400,27.5199563200,66639018,2163023086.8600,0.323000,-2.124400
2024-02-27,27.6572129600,27.6057417200,27.7944696000,27.4427494600,54349154,1746108592.0200,0.263500,-0.217100
2024-02-28,27.7001056600,27.4684850800,27.7001056600,27.1081864000,68370752,2186677932.3700,0.331400,-0.497200
2024-02-29,27.3569640600,27.4856421600,27.6228988000,27.3226499000,49892829,1595634178.3500,0.241900,0.062500
2024-03-01,27.3826996800,27.3998567600,27.5199563200,27.2368645000,42717392,1361853700.9900,0.207100,-0.312100
2024-03-04,27.2454430400,27.0395580800,27.3398069800,26.9966653800,59135015,1868022543.5900,0.286700,-1.315000
2024-03-05,26.9537726800,27.6057417200,27.6314773400,26.8594087400,89402867,2850224114.4100,0.433400,2.093900
2024-03-06,27.5714275600,27.3398069800,27.6743700400,27.3398069800,51610177,1655425115.4700,0.250200,-0.963300
2024-03-07,27.3398069800,27.4513280000,27.5628490200,27.2626001200,51949197,1659111448.5000,0.251800,0.407900
2024-03-08,27.3569640600,27.1682361800,27.4599065400,27.0652937000,44107117,1399732268.5700,0.213800,-1.031300
2024-03-11,27.0652937000,27.0052439200,27.2368645000,26.7650448000,73853794,2318402185.3300,0.358000,-0.599900
2024-03-12,26.9537726800,27.4084353000,27.5800061000,26.8336731200,76925375,2447163517.3000,0.372900,1.493000
2024-03-13,27.4170138400,27.0395580800,27.4427494600,26.9623512200,46938714,1482651383.6900,0.227500,-1.345900
2024-03-14,26.9880868400,26.8079375000,27.2111288800,26.7307306400,50817498,1595073269.3300,0.246300,-0.856600
2024-03-15,26.7993589600,26.7478877200,26.9537726800,26.5934740000,52078063,1621589212.6400,0.252500,-0.224000
2024-03-18,26.7221521000,26.7049950200,26.8851443600,26.5934740000,46189770,1436837360.4700,0.223900,-0.160400
2024-03-19,26.6792594000,26.4219032000,26.6878379400,26.3618534200,54702530,1688506946.3700,0.265200,-1.060100
2024-03-20,26.4219032000,26.7478877200,26.7650448000,26.3018036400,49827225,1544956630.5400,0.241500,1.233800
2024-03-21,26.7393091800,27.0652937000,27.2454430400,26.6363667000,64676108,2040298376.2500,0.313500,1.186700
2024-03-22,27.0481366200,26.7650448000,27.0652937000,26.5076886000,55287852,1722145155.5100,0.268000,-1.109400
2024-03-25,26.6878379400,26.8937229000,27.0309795400,26.5248456800,48375902,1514858504.9500,0.234500,0.480800
2024-03-26,27.2797572000,27.7944696000,28.0175116400,27.2197074200,124430791,4014510510.1200,0.603200,3.349300
2024-03-27,27.7001056600,27.7086842000,28.0089331000,27.6314773400,78208488,2539984050.4500,0.379100,-0.308600
2024-03-28,27.7429983600,27.6057417200,27.8802550000,27.5113777800,69474492,2242513221.6500,0.336800,-0.371500
2024-03-29,27.5371134000,27.6228988000,28.0003545600,27.5113777800,51400131,1663236764.0500,0.249200,0.062200
2024-04-01,27.6057417200,28.0003545600,28.1805039000,27.6057417200,57015232,1861582315.8200,0.276400,1.366500
2024-04-02,28.0518258000,27.9231477000,28.2405536800,27.8287837600,53661899,1753251096.9900,0.260100,-0.275700
2024-04-03,27.9145691600,27.6486344200,27.9917760200,27.6486344200,49808163,1612691615.9600,0.241400,-0.983100
2024-04-08,27.6572129600,27.7944696000,27.9317262400,27.4770636200,47729123,1544564957.2600,0.231400,0.527500
2024-04-09,27.8802550000,27.7172627400,27.9917760200,27.7172627400,38477207,1248965234.8900,0.186500,-0.277800
2024-04-10,27.6143202600,27.8716764600,28.0346687200,27.6143202600,50401372,1638691786.1600,0.244300,0.557100
2024-04-11,27.7172627400,27.7086842000,27.8116266800,27.5628490200,44374773,1432073800.5300,0.215100,-0.584800
2024-04-12,27.6915271200,27.5542704800,27.8545193800,27.5027992400,47820414,1540845216.2300,0.231800,-0.557300
2024-04-15,27.5371134000,28.1633468200,28.3091820000,27.5285348600,76464473,2503221028.7000,0.370700,2.210500
2024-04-16,28.0604043400,28.0947185000,28.2834463800,27.8373623000,74155610,2429469044.5300,0.359500,-0.243700
2024-04-17,28.0432472600,28.5665382000,28.7295304600,27.8545193800,94821196,3131202073.9200,0.459700,1.679400
2024-04-18,28.5322240400,28.8667871000,29.2528214000,28.4721742600,100657401,3393695785.4000,0.487900,1.051100
2024-04-19,28.7895802400,28.8410514800,29.0297793600,28.6694806800,54038350,1818443520.5300,0.262000,-0.089200
2024-04-22,28.9783081200,28.6008523600,29.3300282600,28.3520747000,60753507,2034006573.1200,0.294500,-0.832800
2024-04-23,28.5665382000,28.6351665200,29.0126222800,28.5064884200,51245244,1717681681.7700,0.248400,0.120000
2024-04-24,28.6351665200,28.7037948400,28.7810017000,28.3949674000,44338353,1480785928.6400,0.214900,0.239700
2024-04-25,28.6866377600,29.5101776000,29.5101776000,28.6351665200,91948180,3136628386.3400,0.445700,2.809300
2024-04-26,29.5101776000,29.5788059200,29.9133689800,29.3557638800,95489883,3292052901.6000,0.462900,0.232600
2024-04-29,29.5101776000,29.9219475200,30.1621466400,29.3386068000,81806412,2854804596.4300,0.396600,1.160100
2024-04-30,29.5101776000,29.4329707400,29.6645913200,29.2099287000,86804180,2982962843.7600,0.420800,-1.634200
2024-05-06,30.1106754000,29.9219475200,30.3337174400,29.7846908800,100070494,3501168455.6400,0.485100,1.661300
2024-05-07,29.9219475200,29.9133689800,29.9819973000,29.7074840200,47384857,1649813220.8600,0.229700,-0.028700
2024-05-08,29.8704762800,29.6560127800,29.9905758400,29.6388557000,41286158,1434042864.9300,0.200100,-0.860300
2024-05-09,29.6817484000,29.8876333600,29.9648402200,29.6817484000,51239131,1782846432.2600,0.248400,0.781000
2024-05-10,29.8876333600,30.5567594800,30.7540659000,29.8533192000,94036570,3331360840.4900,0.455800,2.238800
2024-05-13,30.4023457600,30.8055371400,30.9427937800,30.3079818200,74780026,2674602937.5400,0.362500,0.814100
2024-05-14,30.7883800600,30.3165603600,30.9942650200,30.1964608000,68777884,2440460308.8500,0.333400,-1.587300
2024-05-15,30.3079818200,30.0677827000,30.4023457600,29.7589552600,67494406,2361226414.7600,0.327200,-0.820600
2024-05-16,30.0935183200,31.0972075000,31.2687783000,30.0248900000,129147553,4659047071.0400,0.626100,3.423700
2024-05-17,31.1401002000,31.6119199000,31.6548126000,30.9342152400,91687944,3342837157.8600,0.444500,1.655200
2024-05-20,31.6119199000,31.2087285200,31.7405980000,30.9599508600,91425000,3337501051.0500,0.443200,-1.275400
2024-05-21,31.1915714400,31.0886289600,31.3288280800,30.9942650200,44599944,1620630879.8600,0.216200,-0.384800
2024-05-22,31.0714718800,30.9342152400,31.2087285200,30.6768590400,66447739,2398900244.0200,0.322100,-0.496700
2024-05-23,30.7969586000,30.4538170000,30.8913225400,30.2994032800,92458495,3284073836.5800,0.448200,-1.553000
2024-05-24,30.2822462000,29.8018479600,30.4366599200,29.7332196400,87044000,3051224758.1400,0.422000,-2.140800
2024-05-27,29.8962119000,30.1449895600,30.2050393400,29.8104265000,57093814,1997775668.5700,0.276800,1.151400
2024-05-28,30.1106754000,29.8790548200,30.3079818200,29.7846908800,47619058,1660811058.1700,0.230800,-0.882200
2024-05-29,29.8104265000,29.6560127800,30.0763612400,29.5616488400,49104118,1703567317.8500,0.238000,-0.746500
2024-05-30,29.5530703000,29.4587063600,29.9391046000,29.3214497200,55924484,1928489153.7100,0.271100,-0.665300
2024-05-31,29.6216986200,29.4072351200,29.6817484000,29.4072351200,50893248,1752657846.2600,0.246700,-0.174700
2024-06-03,29.3557638800,29.2957141000,29.4930205200,29.0984076800,60811135,2071791244.8800,0.294800,-0.379200
2024-06-04,29.2957141000,29.6302771600,29.7503767200,29.2528214000,53378842,1840296168.7500,0.258800,1.142000
2024-06-05,29.7503767200,29.1584574600,29.7675338000,29.0726720600,69104122,2359792656.0000,0.335000,-1.592400
2024-06-06,29.2442428600,29.1670360000,29.3386068000,28.9783081200,67724066,2302856624.4000,0.328300,0.029400
2024-06-07,29.2099287000,29.1584574600,29.3814995000,28.8667871000,67826559,2298090329.6700,0.328800,-0.029400
2024-06-11,28.9783081200,28.6180094400,29.1413003800,28.4121244800,69044831,2309722312.7900,0.334700,-1.853500
2024-06-12,28.6094309000,28.3863888600,28.6180094400,28.2662893000,51138059,1693037687.6800,0.247900,-0.809400
2024-06-13,28.4807528000,28.1547682800,28.4979098800,28.0689828800,55018421,1808251998.1000,0.266700,-0.816000
2024-06-14,28.1547682800,29.0040437400,29.1841930800,28.1547682800,99167429,3324856784.7700,0.480700,3.016500
2024-06-17,28.8238944000,28.9354154200,28.9954652000,28.6437450600,45768248,1539063151.5800,0.221900,-0.236600
2024-06-18,29.0469364400,28.9182583400,29.4243922000,28.8410514800,45367539,1538144777.4000,0.219900,-0.059300
2024-06-19,28.9182583400,29.2957141000,29.5101776000,28.8753656400,58593722,1997678159.0500,0.284000,1.305300
2024-06-20,29.3042926400,29.1756145400,29.3643424200,29.0812506000,39246667,1336247231.5000,0.190300,-0.410000
2024-06-21,29.0640935200,28.9096798000,29.2356643200,28.7295304600,52396280,1765822361.7600,0.254000,-0.911500
2024-06-24,28.9868866600,29.2270857800,29.3557638800,28.7295304600,69258954,2350203463.6100,0.335700,1.097900
2024-06-25,29.2270857800,29.4243922000,29.5702273800,29.1413003800,63816020,2187945493.8100,0.309400,0.675100
2024-06-26,29.3214497200,29.2185072400,29.4758634400,29.1241433000,45263801,1545807548.4500,0.219400,-0.699700
2024-06-27,29.1327218400,29.3900780400,29.4587063600,29.0212008200,55517260,1894891373.4100,0.269100,0.587200
2024-06-28,29.3386068000,29.3300282600,29.5788059200,29.2013501600,52574940,1799951938.9500,0.254900,-0.204300
2024-07-01,29.3300282600,29.4758634400,29.5101776000,29.1241433000,47223865,1616131282.6200,0.228900,0.497200
2024-07-02,29.4930205200,30.0935183200,30.2393535000,29.4758634400,86877071,3041833255.0200,0.421100,2.095500
2024-07-03,30.0334685400,29.5616488400,30.1020968600,29.4329707400,69137270,2388331234.2600,0.335100,-1.767400
2024-07-04,29.6302771600,29.7761123400,30.0592041600,29.5788059200,69691892,2424281265.7800,0.337800,0.725500
2024-07-05,29.7761123400,29.0640935200,29.8790548200,28.8753656400,96778276,3295568198.6200,0.469100,-2.391200
2024-07-08,29.0383579000,29.1584574600,29.3643424200,28.9182583400,54573002,1855611836.2700,0.264500,0.324700
2024-07-09,29.1584574600,29.5702273800,29.6388557000,28.9268368800,62103701,2124005154.2100,0.301100,1.412200
2024-07-10,29.5702273800,29.7503767200,30.0248900000,29.5530703000,72631424,2524474646.1000,0.352100,0.609200
2024-07-11,30.0869216000,29.9232080000,30.1323976000,29.8231608000,73238896,2411951386.3100,0.355000,0.580900
2024-07-12,30.0232552000,30.9236800000,30.9964416000,30.0232552000,94490425,3199683546.9100,0.458000,3.343500
2024-07-15,30.9236800000,30.7235856000,30.9691560000,30.6690144000,47460366,1605883747.1600,0.230100,-0.647100
2024-07-16,30.7053952000,30.7326808000,30.8236328000,30.4325392000,45579255,1535668998.2900,0.220900,0.029600
2024-07-17,30.6508240000,30.9873464000,31.0964888000,30.6053480000,57795422,1964635267.0300,0.280200,0.828600
2024-07-18,30.9873464000,31.0055368000,31.1510600000,30.7053952000,59862717,2036474279.6900,0.290200,0.058700
2024-07-19,30.9236800000,31.1510600000,31.1965360000,30.5507768000,81007218,2749172009.5200,0.392700,0.469300
2024-07-22,31.0782984000,30.3233968000,31.0782984000,30.0960168000,80820577,2694241974.7400,0.391800,-2.656900
2024-07-23,30.3233968000,30.3233968000,30.6599192000,30.2233496000,53875468,1803269600.3100,0.261200,0.000000
2024-07-24,30.4234440000,30.1778736000,30.5416816000,30.0414456000,48245294,1604648703.1600,0.233900,-0.479900
2024-07-25,30.2142544000,29.8595416000,30.3052064000,29.4411624000,76207854,2496804672.6700,0.369400,-1.054900
2024-07-26,29.8322560000,29.4411624000,30.0505408000,29.2046872000,60146167,1952156131.9800,0.291600,-1.401200
2024-07-29,29.4502576000,29.5139240000,29.6958280000,29.2865440000,41347533,1343740115.0700,0.200400,0.247100
2024-07-30,29.4684480000,29.4866384000,29.6412568000,29.2410680000,39078161,1264925928.5100,0.189400,-0.092400
2024-07-31,29.4866384000,29.7685896000,30.0141600000,29.3320200000,59536965,1948675368.1300,0.288600,0.956200
2024-08-01,29.7685896000,29.7503992000,29.8777320000,29.3502104000,40913881,1332771462.5500,0.198300,-0.061100
2024-08-02,29.4866384000,29.3593056000,29.6503520000,29.3138296000,38613024,1250037016.6400,0.187200,-1.314600
2024-08-05,29.2865440000,29.1955920000,29.5775904000,29.1501160000,58441984,1884940814.9600,0.283300,-0.557600
2024-08-06,29.4320672000,28.8317840000,29.4593528000,28.6589752000,51438864,1637765271.6900,0.249400,-1.246100
2024-08-07,28.8590696000,28.7226416000,29.0136880000,28.6953560000,39073173,1238023516.3500,0.189400,-0.378500
2024-08-08,28.7499272000,29.0409736000,29.0864496000,28.5407376000,39459978,1252394781.5200,0.191300,1.108300
2024-08-09,29.0773544000,29.4047816000,29.6321616000,28.9318312000,48274847,1561254687.4500,0.234000,1.252700
2024-08-12,29.3774960000,29.2137824000,29.4138768000,29.0409736000,31894321,1023447631.7800,0.154600,-0.649600
2024-08-13,29.1955920000,29.0500688000,29.3138296000,28.8863552000,28237769,902009895.5100,0.136900,-0.560400
2024-08-14,29.0136880000,28.9773072000,29.2319728000,28.9318312000,28244610,901196910.6000,0.136900,-0.250500
2024-08-15,28.9682120000,29.7958752000,29.9413984000,28.7863080000,73978983,2409557382.7900,0.358600,2.824900
2024-08-16,29.7867800000,30.1505880000,30.2415400000,29.7594944000,41850302,1383877362.2800,0.202900,1.190500
2024-08-19,30.2415400000,30.3961584000,30.4689200000,30.0414456000,42284342,1409948503.1600,0.205000,0.814500
2024-08-20,30.4234440000,30.4507296000,30.5598720000,30.1596832000,42372873,1415473210.5100,0.205400,0.179500
2024-08-21,30.2870160000,30.2324448000,30.4052536000,29.8504464000,37810105,1254587420.8900,0.183300,-0.716800
2024-08-22,30.2688256000,30.2870160000,30.5143960000,30.1778736000,38286399,1276718683.4700,0.185600,0.180500
2024-08-23,30.2597304000,30.6508240000,30.7872520000,30.0778264000,46558726,1561509818.1000,0.225700,1.201200
2024-08-26,30.6508240000,30.7144904000,30.7781568000,30.4416344000,35117460,1182990039.6400,0.170200,0.207700
2024-08-27,30.7144904000,30.6508240000,30.8691088000,30.4962056000,38720857,1308314397.4300,0.187700,-0.207300
2024-08-28,30.7690616000,30.6326336000,30.9054896000,30.4143488000,41523208,1398682394.0500,0.201300,-0.059300
2024-08-29,30.5507768000,29.9504936000,30.7144904000,29.9232080000,51638782,1712021359.3800,0.250300,-2.226800
2024-08-30,29.8322560000,29.2410680000,30.1142072000,29.2137824000,111222983,3618077500.2600,0.539200,-2.368700
2024-09-02,29.1046400000,29.0409736000,29.4502576000,28.9591168000,55802065,1787602792.3900,0.270500,-0.684300
2024-09-03,29.1137352000,28.7590224000,29.1774016000,28.5589280000,50575188,1596269779.9600,0.245200,-0.970900
2024-09-04,28.6771656000,28.5225472000,29.0409736000,28.5134520000,38052590,1198859445.9400,0.184500,-0.822300
2024-09-05,28.5225472000,28.3770240000,28.5953088000,28.1041680000,54206345,1687017960.4400,0.262800,-0.510200
2024-09-06,28.4225000000,28.4225000000,28.8681648000,28.3770240000,38318214,1206615762.4100,0.185700,0.160300
2024-09-09,28.1769296000,27.5038848000,28.1860248000,27.3219808000,87107347,2641195520.9500,0.422300,-3.232000
2024-09-10,27.5129800000,27.4584088000,27.6766936000,27.2310288000,47602357,1435849554.5400,0.230800,-0.165300
2024-09-11,27.4129328000,27.3583616000,27.4675040000,27.2219336000,41579376,1249059023.1100,0.201600,-0.364400
2024-09-12,27.3765520000,27.4947896000,27.7403600000,27.2310288000,41026697,1242374644.9900,0.198900,0.498700
2024-09-13,27.5402656000,27.8313120000,28.1041680000,27.2856000000,49597443,1520857906.3200,0.240400,1.223900
2024-09-18,27.8404072000,28.2951672000,28.3770240000,27.8404072000,41854027,1295345114.3500,0.202900,1.666700
2024-09-19,28.3770240000,28.0314064000,28.4043096000,27.8585976000,45119126,1393040941.6900,0.218700,-0.932200
2024-09-20,28.0314064000,28.1405488000,28.2951672000,27.8858832000,48741755,1505998311.9200,0.236300,0.389400
2024-09-23,28.0586920000,28.5498328000,28.6407848000,28.0495968000,34460872,1076332364.9600,0.167100,1.454400
2024-09-24,28.8135936000,30.1323976000,30.1414928000,28.8044984000,136121800,4427310186.1600,0.659900,5.543200
2024-09-25,30.7872520000,31.0601080000,31.3693448000,30.6508240000,185624279,6327661420.9700,0.899800,3.078800
2024-09-26,31.0692032000,32.1788176000,32.1788176000,30.8418232000,174532999,6068657571.5800,0.846100,3.601800
2024-09-27,32.8427672000,32.4061976000,33.1974800000,31.7513432000,74545782,2653812670.1900,0.361400,0.706600
2024-09-30,33.0610520000,34.2070472000,34.5617600000,32.6699584000,256101260,9443438268.1600,1.241500,5.557100
2024-10-08,37.6268424000,36.3808000000,37.6268424000,35.3075664000,297303868,11999361938.2300,1.441200,6.354700
2024-10-09,36.1079440000,33.6613352000,36.1261344000,33.6613352000,185593210,7113813984.5100,0.899700,-7.475000
2024-10-10,34.0160480000,35.2257096000,35.9260400000,34.0160480000,143329841,5528664144.4400,0.694800,4.647400
2024-10-11,35.2257096000,34.9528536000,35.6713744000,34.5890456000,90347580,3498241860.0700,0.438000,-0.774600
2024-10-14,35.4803752000,35.7714216000,36.1988960000,35.1893288000,129293839,5076841419.7600,0.626800,2.341900
2024-10-15,35.6258984000,35.0165200000,36.3717048000,35.0165200000,95597653,3755705942.0700,0.463400,-2.110300
2024-10-16,34.6981880000,35.9260400000,35.9260400000,34.6799976000,101254815,3963555264.7100,0.490800,2.597400
2024-10-17,35.9533256000,35.0074248000,36.1898008000,35.0074248000,84892228,3315820470.7500,0.411500,-2.557000
2024-10-18,35.0256152000,35.5167560000,35.8623736000,34.7527592000,92819433,3603949497.5500,0.449900,1.454900
2024-10-21,35.6077080000,35.3348520000,35.6077080000,35.0165200000,71753946,2780905731.1800,0.347800,-0.512200
2024-10-22,35.3257568000,35.6258984000,36.0169920000,35.2439000000,60052610,2352800199.3300,0.291100,0.823700
2024-10-23,35.5258512000,36.0715632000,36.3262288000,35.4894704000,62709968,2482861345.3800,0.304000,1.251000
2024-10-24,35.9715160000,35.7532312000,36.0897536000,35.5986128000,33631220,1323826642.8000,0.163000,-0.882500
2024-10-25,35.6986600000,35.5622320000,35.9169448000,35.5258512000,44793119,1756222718.6200,0.217100,-0.534200
2024-10-28,35.4803752000,35.0347104000,35.5622320000,34.8164256000,66464094,2559210507.2100,0.322200,-1.483400
2024-10-29,35.1074720000,35.1074720000,35.5622320000,34.9346632000,51468161,1990283153.7100,0.249500,0.207700
2024-10-30,35.0256152000,34.4526176000,35.3803280000,34.2070472000,70340828,2680423056.4200,0.341000,-1.865300
2024-10-31,34.3798560000,33.9796672000,34.5526648000,33.5703832000,85039251,3173924098.6400,0.412200,-1.372800
2024-11-01,34.0524288000,34.5708552000,34.8346160000,33.9978576000,70310211,2671523514.7000,0.340800,1.739800
2024-11-04,34.6527120000,35.2439000000,35.2439000000,34.0251432000,64661209,2466019719.3600,0.313400,1.946900
2024-11-05,34.9528536000,35.5440416000,35.5622320000,34.9255680000,62874476,2445317943.2400,0.304800,0.851600
2024-11-06,35.4712800000,35.0710912000,35.5440416000,34.6981880000,64833629,2501077844.6600,0.314300,-1.330600
2024-11-07,34.9437584000,35.9897064000,35.9988016000,34.9073776000,74347218,2904874006.1900,0.360400,2.619300
2024-11-08,36.0897536000,35.2893760000,36.2443720000,35.2439000000,74536846,2920926027.0600,0.361300,-1.945900
2024-11-11,34.8346160000,34.8619016000,35.1984240000,34.4617128000,70314555,2682610299.3100,0.340900,-1.211300
2024-11-12,34.7345688000,34.1888568000,35.3257568000,34.1160952000,89328928,3399364219.3300,0.433000,-1.930600
2024-11-13,34.1888568000,34.3980464000,34.5435696000,34.1160952000,48530440,1833809094.2300,0.235300,0.611900
2024-11-14,34.2525232000,34.6163312000,34.9983296000,34.1342856000,67644030,2585688545.7000,0.327900,0.634600
2024-11-15,34.6345216000,34.3980464000,35.0801864000,34.3889512000,69927688,2671344641.8500,0.339000,-0.630600
2024-11-18,34.6072360000,34.4708080000,35.1620432000,34.3798560000,76344807,2918992439.9200,0.370100,0.211500
2024-11-19,34.4799032000,34.3070944000,34.7254736000,34.0615240000,52124855,1967719175.3100,0.252700,-0.474900
2024-11-20,34.3798560000,34.0888096000,34.4253320000,34.0160480000,45129126,1693331536.2800,0.218800,-0.636300
2024-11-21,34.0888096000,34.0433336000,34.2525232000,33.8978104000,35033614,1309684433.4100,0.169800,-0.133400
2024-11-22,34.0433336000,33.1520040000,34.1524760000,33.0701472000,69049090,2544524441.3300,0.334700,-2.618200
2024-11-25,33.3793840000,32.9428144000,33.5249072000,32.8518624000,53409473,1945383409.7700,0.258900,-0.631000
2024-11-26,32.7700056000,33.0974328000,33.2702416000,32.5971968000,45942121,1666651768.4200,0.222700,0.469400
2024-11-27,33.0974328000,33.2884320000,33.3611936000,32.8427672000,39207688,1429782933.4600,0.190100,0.577100
2024-11-28,33.2884320000,33.1701944000,33.5158120000,32.9064336000,45193910,1647865702.0900,0.219100,-0.355200
2024-11-29,33.2793368000,33.0519568000,33.6522400000,33.0246712000,66437999,2437776752.3800,0.322100,-0.356500
2024-12-02,33.1520040000,33.2065752000,33.3611936000,32.9246240000,42465209,1548959359.8800,0.205900,0.467800
2024-12-03,33.3339080000,33.7613824000,33.8523344000,33.0883376000,72198609,2658919819.0200,0.350000,1.670800
2024-12-04,33.7340968000,33.4794312000,33.7340968000,33.2247656000,62051124,2285383468.9400,0.300800,-0.835100
2024-12-05,33.3430032000,33.5703832000,33.9796672000,33.2975272000,56894934,2108115264.7900,0.275800,0.271700
2024-12-06,33.6613352000,34.2889040000,34.3980464000,33.6613352000,87723587,3296793041.6300,0.425200,2.140300
2024-12-09,34.1888568000,34.2889040000,34.5526648000,33.9705720000,49299535,1859542282.6700,0.239000,0.000000
2024-12-10,35.2893760000,35.1074720000,35.4621848000,34.9255680000,103895319,4022695500.7800,0.503600,2.387300
2024-12-11,35.0529008000,34.8346160000,35.2802808000,34.7709496000,51770936,1988895959.3300,0.251000,-0.777200
2024-12-12,34.8255208000,35.2893760000,35.3166616000,34.7527592000,58688876,2267252620.6000,0.284500,1.305500
2024-12-13,34.9710440000,33.9250960000,35.1074720000,33.9069056000,111798280,4213094969.0500,0.541900,-3.866000
2024-12-16,33.9705720000,34.3252848000,34.3616656000,33.9432864000,64031589,2409086953.5900,0.310400,1.179600
2024-12-17,34.1433808000,34.4253320000,34.7072832000,34.1433808000,60310408,2287237539.4700,0.292400,0.291500
2024-12-18,34.5799504000,35.0347104000,35.1620432000,34.4344272000,80585536,3101731956.1800,0.390600,1.770100
2024-12-19,34.9073776000,34.5799504000,35.0438056000,34.5617600000,61119582,2336249857.0600,0.296300,-1.298000
2024-12-20,34.6072360000,34.4799032000,34.8164256000,34.4344272000,54215038,2060744582.2400,0.262800,-0.289300
2024-12-23,34.5526648000,34.8800920000,35.1984240000,34.5435696000,90269156,3473126152.1900,0.437600,1.160600
2024-12-24,34.8800920000,35.6713744000,35.7350408000,34.8528064000,99342846,3875223368.2700,0.481600,2.268600
2024-12-25,35.6804696000,35.8350880000,35.9806112000,35.4621848000,75591307,2972981820.9700,0.366400,0.458900
2024-12-26,35.8350880000,35.9078496000,35.9624208000,35.4803752000,53925194,2125139424.6300,0.261400,0.203000
2024-12-27,35.9078496000,35.7805168000,36.0533728000,35.2711856000,70031955,2742768758.4900,0.339500,-0.354600
2024-12-30,35.7805168000,36.0351824000,36.1988960000,35.6986600000,67884533,2690314729.0200,0.329100,0.711700
2024-12-31,35.9806112000,35.7441360000,36.2898480000,35.7441360000,64371699,2549055493.9400,0.312000,-0.807700
2025-01-02,35.7896120000,35.0256152000,35.9260400000,34.8709968000,64200070,2493694677.0000,0.311200,-2.010200
2025-01-03,35.1074720000,35.1620432000,35.5076608000,35.0529008000,68258306,2646967328.6000,0.330900,0.389500
2025-01-06,35.3803280000,35.5167560000,35.5622320000,34.6799976000,61715863,2394244404.2700,0.299200,1.008800
2025-01-07,35.4439944000,35.3803280000,35.6077080000,35.1165672000,49275205,1917344813.6200,0.238900,-0.384100
2025-01-08,35.3166616000,35.7259456000,35.9715160000,35.3075664000,75148102,2952943868.0800,0.364300,0.976900
2025-01-09,35.8350880000,35.4712800000,35.8623736000,35.3166616000,44708335,1748399288.4800,0.216700,-0.712800
2025-01-10,35.7805168000,35.4530896000,35.8805640000,35.2984712000,48142480,1881660497.3700,0.233400,-0.051300
2025-01-13,35.4076136000,35.5349464000,35.6077080000,35.0529008000,60632274,2360608443.5000,0.293900,0.230900
2025-01-14,35.5531368000,36.2443720000,36.3535144000,35.3803280000,70801188,2802857577.7800,0.343200,1.996400
2025-01-15,36.3717048000,36.9628928000,37.2903200000,36.2807528000,79670088,3234242853.2900,0.386200,1.982400
2025-01-16,36.9719880000,37.2812248000,37.4267480000,36.8628456000,59259386,2423118468.9500,0.287300,0.861200
2025-01-17,37.2539392000,37.0265592000,37.4358432000,36.4990376000,47590050,1936832044.4700,0.230700,-0.683100
2025-01-20,37.2721296000,36.4899424000,37.3539864000,36.4808472000,54257482,2195966480.0200,0.263000,-1.449300
2025-01-21,36.6718464000,36.5081328000,36.8446552000,36.3898952000,40068506,1613495366.6100,0.194200,0.049900
2025-01-22,36.5081328000,35.8805640000,36.5263232000,35.7623264000,58891222,2327377020.7500,0.285500,-1.719000
2025-01-23,36.0806584000,36.2261816000,36.5899896000,35.9442304000,60661810,2417576582.5800,0.294100,0.963200
2025-01-24,36.0715632000,36.6172752000,36.8810360000,35.8896592000,57465234,2312073725.6300,0.278600,1.079600
2025-01-27,36.9083216000,36.9719880000,37.2630344000,36.8810360000,52606047,2144848680.7900,0.255000,0.968700
2025-02-05,37.1538920000,36.3808000000,37.1993680000,36.2898480000,50478889,2030411801.9600,0.244700,-1.599000
2025-02-06,36.3808000000,36.5627040000,36.7264176000,36.1352296000,46608842,1866867477.7700,0.225900,0.500000
2025-02-07,36.4717520000,36.5627040000,36.7446080000,36.3444192000,52106618,2092855370.4300,0.252600,0.000000
2025-02-10,36.5627040000,36.9265120000,37.2175584000,36.3444192000,58180595,2357786973.5000,0.282000,0.995000
2025-02-11,37.0629400000,37.2721296000,37.3267008000,36.9628928000,45777119,1872296623.4600,0.221900,0.936000
2025-02-12,37.2539392000,37.8542224000,37.8906032000,36.8901312000,60359149,2484722115.4000,0.292600,1.561700
2025-02-13,37.8815080000,37.9360792000,38.1543640000,37.5995568000,46220698,1927409815.8500,0.224100,0.216200
2025-02-14,37.9178888000,38.2271256000,38.2271256000,37.7632704000,49873690,2086301719.7200,0.241800,0.767200
2025-02-17,38.1907448000,37.9451744000,38.1907448000,37.6177472000,53612561,2228540281.8000,0.259900,-0.737600
2025-02-18,37.7541752000,38.2453160000,38.6364096000,37.7541752000,54666539,2301403254.1700,0.265000,0.791000
2025-02-19,38.1998400000,38.1816496000,38.3362680000,37.9815552000,37470223,1572476675.6000,0.181600,-0.166500
2025-02-20,38.1998400000,38.0634120000,38.2816968000,37.9087936000,40767508,1705724683.5400,0.197600,-0.309700
2025-02-21,38.1634592000,37.6541280000,38.1907448000,37.4904144000,59525579,2467492897.5500,0.288600,-1.075300
2025-02-24,37.6450328000,37.5358904000,37.9724600000,37.3812720000,57110709,2361716150.9400,0.276800,-0.314000
2025-02-25,37.4267480000,37.3176056000,37.6905088000,37.2084632000,50732120,2088784244.3500,0.245900,-0.581500
2025-02-26,37.4085576000,37.7268896000,37.9269840000,37.3357960000,47644661,1974231834.2000,0.231000,1.096800
2025-02-27,37.8360320000,38.5454576000,38.5636480000,37.5449856000,62259657,2611617502.5800,0.301800,2.169700
2025-02-28,38.5454576000,38.2453160000,38.8001232000,38.2453160000,70542365,2985755469.3900,0.342000,-0.778700
2025-03-03,38.3089824000,38.2453160000,38.7637424000,38.1543640000,47014902,1983165730.0200,0.227900,0.000000
2025-03-04,38.1179832000,38.0179360000,38.2907920000,37.9906504000,31724542,1329037847.1800,0.153800,-0.594500
2025-03-05,38.1634592000,39.0093128000,39.0275032000,37.9724600000,63203743,2689749943.9700,0.306400,2.607700
2025-03-06,39.0093128000,39.0729792000,39.2003120000,38.6091240000,57205304,2450800590.5600,0.277300,0.163200
2025-03-07,39.0184080000,39.6277864000,39.8369760000,38.9729320000,60541319,2626484643.8200,0.293500,1.419900
2025-03-10,39.5550248000,39.1730264000,39.6368816000,38.9456464000,50874971,2191791877.7900,0.246600,-1.147600
2025-03-11,38.9001704000,39.5732152000,39.6914528000,38.8455992000,56574109,2447134269.2700,0.274200,1.021600
2025-03-12,39.5641200000,39.6005008000,39.8915472000,39.3367400000,41825836,1822497448.1700,0.202800,0.068900
2025-03-13,39.6550720000,39.8733568000,40.3644976000,39.5641200000,58553928,2575079639.8400,0.283800,0.689000
2025-03-14,40.0188800000,41.0739232000,41.3558744000,39.9643088000,91127535,4095818342.5100,0.441700,3.010900
2025-03-17,41.2194464000,40.9647808000,41.3831600000,40.9102096000,65420973,2957486225.0900,0.317100,-0.265700
2025-03-18,41.1921608000,41.0557328000,41.2740176000,40.7646864000,42822001,1933102847.8300,0.207600,0.222000
2025-03-19,41.1830656000,41.8561104000,41.9288720000,41.0193520000,67070594,3061182014.7200,0.325100,1.949500
2025-03-20,41.7651584000,41.1466848000,41.7651584000,40.7283056000,67865603,3067327046.6800,0.329000,-1.694900
2025-03-21,41.0375424000,40.6555440000,41.2376368000,40.4918304000,67541170,3030118214.6100,0.327400,-1.193600
2025-03-24,40.5191160000,40.9738760000,41.1012088000,40.5191160000,44957619,2018232265.5900,0.217900,0.783000
2025-03-25,40.9284000000,41.0102568000,41.3831600000,40.8829240000,35687155,1610425397.2300,0.173000,0.088800
2025-03-26,40.4736400000,38.8001232000,40.5554968000,38.7546472000,157832632,6817699594.1600,0.765100,-5.389200
2025-03-27,38.8819800000,39.3458352000,39.7824048000,38.8728848000,82795081,3583722317.6400,0.401400,1.406500
2025-03-28,39.3822160000,39.3094544000,39.5186440000,39.1639312000,38618409,1671063293.8400,0.187200,-0.092500
2025-03-31,39.3003592000,39.3731208000,39.8187856000,38.7546472000,53956888,2334387176.6400,0.261600,0.162000
2025-04-01,39.3640256000,38.9911224000,39.3731208000,38.8819800000,38936035,1671945742.9500,0.188700,-0.970200
2025-04-02,38.9911224000,38.8637896000,39.2457880000,38.8183136000,33120189,1420244307.6200,0.160600,-0.326600
2025-04-03,38.2180304000,38.7910280000,38.9729320000,38.2180304000,46416550,1977833088.9500,0.225000,-0.187200
2025-04-07,37.2357488000,37.1357016000,38.1998400000,35.8259928000,181563292,7360169683.8100,0.880100,-4.267300
2025-04-08,37.0902256000,37.4267480000,37.4722240000,36.7809888000,161047736,6562173339.5000,0.780700,0.783700
2025-04-09,36.9265120000,36.7991792000,37.3085104000,36.6536560000,97396935,3956703948.8700,0.472100,-1.676800
2025-04-10,37.2812248000,37.3812720000,37.6996040000,36.8810360000,74378875,3057795207.8400,0.360600,1.581800
2025-04-11,37.3903672000,37.7541752000,37.9178888000,37.1175112000,58305691,2404586565.5200,0.282600,0.997600
2025-04-14,37.9087936000,37.7268896000,38.1179832000,37.6632232000,48215984,2006762052.6200,0.233700,-0.072300
2025-04-15,37.7359848000,38.2907920000,38.4636008000,37.6996040000,61456386,2578602434.7100,0.297900,1.494700
2025-04-16,38.1816496000,38.4272200000,38.7273616000,38.0361264000,57629358,2425842588.5100,0.279400,0.356300
2025-04-17,38.3089824000,38.3089824000,38.5272672000,38.0634120000,40579288,1711632454.0800,0.196700,-0.307700
2025-04-18,38.3180776000,38.8819800000,38.9183608000,38.2453160000,43500128,1849158561.9000,0.210900,1.495700
2025-04-21,38.8001232000,38.4545056000,39.1821216000,38.4545056000,41646585,1774479137.6500,0.201900,-1.099400
2025-04-22,38.4817912000,38.2089352000,38.6909808000,38.2089352000,43378813,1831804303.8900,0.210300,-0.638600
2025-04-23,38.4726960000,38.1907448000,38.4726960000,37.9906504000,46774359,1965588260.6300,0.226700,-0.047600
2025-04-24,38.1998400000,38.3908392000,38.5454576000,38.1543640000,41365185,1747384623.6200,0.200500,0.523900
2025-04-25,38.4636008000,38.2726016000,38.7000760000,38.2362208000,42434993,1792844932.5900,0.205700,-0.308000
2025-04-28,38.3362680000,38.5181720000,38.7091712000,38.2271256000,38697317,1639160750.0800,0.187600,0.641600
2025-04-29,38.5181720000,38.1998400000,38.7910280000,38.1998400000,45769853,1933096299.1100,0.221900,-0.826400
2025-04-30,37.8724128000,37.0538448000,37.8724128000,36.8446552000,117268210,4782474913.5000,0.568500,-3.000000
2025-05-06,37.1993680000,37.6268424000,37.6632232000,36.8446552000,66640999,2734586583.6600,0.323000,1.546400
2025-05-07,38.0088408000,38.2180304000,38.4090296000,37.5722712000,71291388,2985699306.3300,0.345600,1.571200
2025-05-08,38.2089352000,38.9274560000,39.4913584000,38.1998400000,83380964,3581050505.3300,0.404200,1.856300
2025-05-09,38.9274560000,39.5459296000,39.6550720000,38.9274560000,66815472,2897563044.6800,0.323900,1.588800
2025-05-12,39.5186440000,39.8369760000,40.3826880000,39.2094072000,84897409,3724155033.6700,0.411500,0.736000
2025-05-13,40.1007368000,40.5282112000,40.6100680000,39.8824520000,69912417,3099990420.1200,0.338900,1.735200
2025-05-14,40.5191160000,40.7555912000,41.2012560000,40.3099264000,71279018,3194543663.1900,0.345500,0.561000
2025-05-15,40.7737816000,40.8556384000,41.2740176000,40.6100680000,68460048,3080577618.4100,0.331900,0.245500
2025-05-16,40.7010200000,40.2644504000,40.9102096000,40.0461656000,61965535,2743750955.8900,0.300400,-1.447000
2025-05-19,40.2007840000,39.8733568000,40.4372592000,39.7915000000,50281701,2213557250.2800,0.243700,-0.971300
2025-05-20,40.0461656000,39.9279280000,40.5736872000,39.9006424000,50053483,2210731576.0600,0.242600,0.136900
2025-05-21,39.9734040000,39.9279280000,40.3554024000,39.8733568000,49920035,2199193618.3600,0.242000,0.000000
2025-05-22,39.9279280000,40.4827352000,40.5282112000,39.7915000000,56565562,2503244591.0500,0.274200,1.389500
2025-05-23,40.4827352000,40.0643560000,40.6373536000,39.9279280000,54146009,2395482582.1100,0.262500,-1.033500
2025-05-26,39.9188328000,39.8369760000,40.1734984000,39.6823576000,45609975,2000068964.3100,0.221100,-0.567500
2025-05-27,39.8369760000,39.7824048000,40.1553080000,39.7187384000,36375001,1594752083.7600,0.176300,-0.137000
2025-05-28,39.8187856000,39.7278336000,40.0643560000,39.6550720000,30035524,1313730557.3100,0.145600,-0.137200
2025-05-29,39.7460240000,39.5368344000,39.9734040000,39.5186440000,49298970,2152530685.5700,0.239000,-0.480800
2025-05-30,39.6095960000,39.5004536000,39.9097376000,39.4276920000,57139144,2491890458.3800,0.277000,-0.092000
2025-06-03,39.5641200000,39.9915944000,40.4099736000,39.5641200000,50368513,2216746051.7200,0.244200,1.243400
2025-06-04,40.0643560000,40.0734512000,40.2644504000,39.9279280000,37341667,1644649609.3500,0.181000,0.204700
2025-06-05,40.0734512000,40.3554024000,40.4008784000,40.0188800000,42131680,1865235665.8600,0.204200,0.703600
2025-06-06,40.4281640000,40.4463544000,40.6646392000,40.2917360000,37349895,1660462752.2100,0.181100,0.225400
2025-06-09,40.5645920000,40.5645920000,40.6373536000,40.2098792000,47477446,2111750061.3000,0.230100,0.292300
2025-06-10,40.5373064000,40.6282584000,40.9738760000,40.4281640000,52834892,2364300623.8900,0.256100,0.157000
2025-06-11,40.6737344000,41.2103512000,41.5468736000,40.6737344000,77676108,3518360400.5000,0.376500,1.432700
2025-06-12,41.2922080000,41.1375896000,41.5195880000,41.0193520000,45239070,2050510492.0800,0.219300,-0.176600
2025-06-13,41.1466848000,41.0921136000,41.2467320000,40.8829240000,47408056,2141145231.4400,0.229800,-0.110500
2025-06-16,41.0011616000,41.6378256000,41.6651112000,40.8829240000,41447435,1885267745.7500,0.200900,1.328000
2025-06-17,41.7287776000,41.8197296000,41.8833960000,41.5741592000,47420901,2177741322.4700,0.229900,0.436900
2025-06-18,41.7651584000,41.7014920000,41.9015864000,41.5195880000,42642859,1957406402.9900,0.206700,-0.282700
2025-06-19,41.6923968000,41.5013976000,41.8924912000,41.2649224000,51345430,2342843184.4700,0.248900,-0.479800
2025-06-20,41.5923496000,41.8288248000,42.0016336000,41.4286360000,44815652,2059058897.3100,0.217200,0.789000
2025-06-23,41.7469680000,42.0653000000,42.1471568000,41.3194936000,53893148,2475802503.9000,0.261300,0.565300
2025-06-24,42.1198712000,42.5200600000,42.7474400000,42.0016336000,65581461,3058493531.2100,0.317900,1.081100
2025-06-25,42.5200600000,43.2022000000,43.2022000000,42.3745368000,60767987,2862914072.7500,0.294600,1.604300
2025-06-26,43.1931048000,43.5478176000,43.5478176000,42.7929160000,59020064,2807185759.6800,0.286100,0.800000
2025-06-27,43.5205320000,42.0380144000,43.5387224000,41.8743008000,95414320,4461309935.4300,0.462500,-3.467000
2025-06-30,41.9561576000,41.7924440000,42.1016808000,41.6287304000,62461363,2870068037.4400,0.302800,-0.584200
2025-07-01,41.8015392000,42.2472040000,42.4472984000,41.7651584000,45061309,2089060871.8300,0.218400,1.088100
2025-07-02,42.4745840000,42.6564880000,42.8929632000,42.2472040000,51856318,2429269828.5900,0.251400,0.968800
2025-07-03,42.6564880000,42.3927272000,42.7019640000,42.1471568000,55622576,2595710464.8600,0.269600,-0.618300
2025-07-04,42.3836320000,42.8111064000,43.2022000000,42.2017280000,67894832,3190053517.5400,0.329100,0.986900
2025-07-07,42.8111064000,42.9293440000,43.0202960000,42.4745840000,56742742,2672021321.4400,0.275100,0.276200
2025-07-08,43.0021056000,43.3113424000,43.3568184000,42.8383920000,63742101,3025850416.4600,0.309000,0.889800
2025-07-09,43.2022000000,42.8656776000,43.4477704000,42.8656776000,61456635,2912999772.9000,0.297900,-1.029000
2025-07-10,42.8383920000,43.8752448000,44.1571960000,42.8383920000,121978404,5860161557.4800,0.591300,2.355200
2025-07-11,43.9131945200,43.3059247600,44.1219435000,43.2869475800,118444284,5446393735.2600,0.574200,-1.297600
2025-07-14,43.3154133500,43.2395046300,43.7329113100,43.1161529600,64848437,2969040140.7200,0.314400,-0.153400
2025-07-15,43.4292764300,42.9074039800,43.5716052800,42.5088832000,66620626,3018332343.7300,0.322900,-0.768000
2025-07-16,42.9453583400,42.8030294900,43.2110388600,42.5847919200,46818639,2112241747.5600,0.227000,-0.243300
2025-07-17,42.7935409000,42.6986550000,43.0117784700,42.6132576900,41689506,1877218806.9200,0.202100,-0.243800
2025-07-18,42.7460979500,42.7460979500,42.8504724400,42.4519516600,54343057,2445283609.1800,0.263400,0.111100
2025-07-21,42.7460979500,42.5563261500,42.9168925700,42.5373489700,56641201,2546034188.8400,0.274600,-0.444000
2025-07-22,42.5563261500,42.6417234600,42.6796778200,41.9490563900,92231906,4111116849.8500,0.447100,0.200700
2025-07-23,42.6701892300,42.8125180800,43.3628563000,42.6607006400,85324905,3864679805.2400,0.413600,0.400500
2025-07-24,42.8979153900,42.5847919200,43.0402442400,42.5088832000,82662013,3724435789.0000,0.400700,-0.531900
2025-07-25,42.5468375600,42.5373489700,42.8599610300,42.4614402500,69626423,3129427562.8700,0.337500,-0.111400
2025-07-28,42.5088832000,42.1672939600,42.8504724400,42.1388281900,63512720,2838575467.2600,0.307900,-0.870000
2025-07-29,42.1672939600,41.8826362600,42.5088832000,41.8826362600,78581282,3487013440.1200,0.380900,-0.675100
2025-07-30,41.9111020300,42.1483167800,42.4614402500,41.6833758700,72546085,3222441775.7500,0.351700,0.634300
2025-07-31,42.1293396000,42.2052483200,42.2811570400,41.6074671500,73319517,3247588211.4700,0.355400,0.135100
2025-08-01,42.2242255000,42.1483167800,42.6701892300,42.0818966500,59462094,2651723323.1500,0.288200,-0.134900
2025-08-04,42.0439422900,42.6037691000,42.6701892300,42.0439422900,49800832,2231447772.7300,0.241400,1.080600
2025-08-05,42.4899060200,42.9358697500,43.0781986000,42.3570657600,55525830,2502003950.4800,0.269200,0.779500
2025-08-06,42.9738241100,42.8125180800,43.3913220700,42.8030294900,43029640,1951697828.5700,0.208600,-0.287300
2025-08-07,42.8125180800,42.8409838500,43.2679704000,42.6607006400,44064325,1995029889.7700,0.213600,0.066500
2025-08-08,42.8884268000,42.2526912700,42.9643355200,42.2526912700,45642153,2044145471.7600,0.221300,-1.373200
2025-08-11,42.2526912700,41.8446819000,42.3475771700,41.8446819000,53672371,2375089438.3400,0.260200,-0.965600
2025-08-12,41.8731476700,41.7497960000,42.2052483200,41.7497960000,56225243,2482688843.2300,0.272600,-0.226800
2025-08-13,41.8826362600,41.3133208600,41.9870107500,41.2658779100,87673736,3837405882.7600,0.425000,-1.045500
2025-08-14,41.3228094500,41.5410470200,41.6928644600,41.2753665000,67635168,2959763585.8300,0.327900,0.551200
2025-08-15,41.4271839400,41.0855947000,41.5030926600,41.0855947000,93295684,4051326296.6100,0.452300,-1.096400
2025-08-18,40.8958229000,41.2848550900,41.4366725300,40.6965625100,92639738,4005818985.6800,0.449100,0.485000
2025-08-19,41.2279235500,41.1804806000,41.4651383000,41.0761061100,57411852,2493609521.5100,0.278300,-0.252800
2025-08-20,41.0855947000,41.2279235500,41.3987181700,40.9432658500,54724013,2374776327.7800,0.265300,0.115200
2025-08-21,41.2753665000,41.2469007300,41.3607638100,41.0191745700,57854002,2512170016.2100,0.280500,0.046000
2025-08-22,41.2469007300,41.0476403400,41.2563893200,40.8388913600,79449625,3432029283.2000,0.385100,-0.483100
2025-08-25,41.1045718800,41.6264443300,41.6264443300,40.9053114900,90738990,3956212555.1300,0.439900,1.410100
2025-08-26,41.6454215100,41.2943436800,41.7687731800,41.1994577800,75572231,3296532147.3900,0.366300,-0.797800
2025-08-27,41.2753665000,40.8009370000,41.4271839400,40.8009370000,75814078,3280973424.0800,0.367500,-1.194900
2025-08-28,40.8199141800,40.7819598200,41.0855947000,40.4213934000,82242557,3530397263.6700,0.398700,-0.046500
2025-08-29,40.7819598200,40.6965625100,41.7403074100,40.6965625100,136087899,5896873899.8800,0.659700,-0.209400
2025-09-01,40.4403705800,39.8331008200,40.4593477600,39.7382149200,127633329,5381676512.7800,0.618700,-2.121700
2025-09-02,39.7192377400,41.2184349600,41.2753665000,39.7192377400,145214114,6232062119.7000,0.703900,3.477800
2025-09-03,41.2184349600,40.7060511000,41.3417866300,40.5162793000,81840560,3528703353.9000,0.396700,-1.243100
2025-09-04,40.6206537900,40.8483799500,41.1045718800,39.9849182600,93536328,3997574925.2900,0.453400,0.349700
2025-09-05,40.8009370000,40.5732108400,40.8199141800,40.3549732700,57232838,2449941046.9400,0.277400,-0.673600
2025-09-08,40.5162793000,40.2600873700,40.8958229000,40.2031558300,85168162,3635065671.0900,0.412900,-0.771700
2025-09-09,40.2505987800,40.6396309700,40.6870739200,40.2316216000,58952653,2515896773.2000,0.285800,0.942700
2025-09-10,40.6111652000,40.8009370000,40.9432658500,40.3834390400,47138694,2022413171.2800,0.228500,0.396900
2025-09-11,40.9242886700,41.0855947000,41.1140604700,40.5921880200,65073072,2804175733.5200,0.315400,0.697700
2025-09-12,41.1615034200,40.3644618600,41.2469007300,40.2505987800,82314003,3521647842.5700,0.399000,-1.755200
2025-09-15,40.3075303200,40.0608269800,40.6016766100,39.9564524900,69949106,2964121228.0800,0.339100,-0.752200
2025-09-16,40.1557128800,39.6148632500,40.2600873700,39.5294659400,85905078,3600259578.1800,0.416400,-1.113200
2025-09-17,39.6243518400,39.6243518400,40.0323612100,39.5674203000,57236258,2392440771.4800,0.277500,0.024000
2025-09-18,39.6433290200,38.7419129700,39.7002605600,38.7134472000,100352240,4131887418.2800,0.486500,-2.227000
2025-09-19,38.7134472000,38.9032190000,39.4061142700,38.4762324500,83656307,3440376826.4800,0.405500,0.416400
2025-09-22,39.0455478500,38.8273102800,39.2542968300,38.7134472000,65611030,2688228051.3400,0.318100,-0.195100
2025-09-23,38.8842418200,39.4250914500,39.6148632500,38.5521411700,93885081,3891395840.9400,0.455100,1.539600
2025-09-24,39.3776485000,39.2068538800,39.7477035100,39.1783881100,64389951,2672303415.6300,0.312100,-0.553500
2025-09-25,39.2068538800,38.7324243800,39.2448082400,38.7229357900,66694887,2730478547.2200,0.323300,-1.210100
2025-09-26,38.7229357900,38.7134472000,38.9032190000,38.2390177000,68276667,2773964882.3400,0.331000,-0.049000
2025-09-29,38.6849814300,38.5995841200,39.1783881100,38.2959492400,83555055,3407163055.1400,0.405000,-0.294100
2025-09-30,38.5711183500,38.3433921900,38.7039586100,38.3433921900,70002520,2836889512.5700,0.339300,-0.663700
2025-10-09,38.1536203900,38.2674834700,38.3718579600,37.7835653800,97231953,3900217891.2300,0.471300,-0.198000
2025-10-10,38.2390177000,38.1251546200,38.5711183500,38.0777116700,95504979,3852817636.5500,0.463000,-0.371900
2025-10-13,37.7266338400,38.0587344900,38.2390177000,37.6697023000,106593617,4266014497.6300,0.516700,-0.174200
2025-10-14,38.0397573100,39.1499223400,39.3681599100,37.7930539700,173382668,7102543597.7100,0.840500,2.867100
2025-10-15,39.1404337500,39.3776485000,39.4440686300,38.9127075900,106276702,4392820737.9100,0.515200,0.581700
2025-10-16,39.3776485000,39.7856578700,39.8425894100,39.0265706700,106248776,4427156848.3100,0.515000,1.036100
2025-10-17,39.7382149200,39.4630458100,40.0608269800,39.2637854200,82982705,3470670300.9700,0.402300,-0.810900
2025-10-20,39.4820229900,39.3017397800,39.6528176100,38.9981049000,64947729,2694843444.9700,0.314800,-0.408800
2025-10-21,39.3681599100,39.8331008200,39.9469639000,39.3681599100,75993124,3184239228.3800,0.368400,1.352000
2025-10-22,39.8331008200,39.8046350500,40.0418498000,39.5958860700,55133364,2311324892.2300,0.267300,-0.071500
2025-10-23,39.8046350500,40.0798041600,40.3170189100,39.6433290200,71317373,3004975798.7300,0.345700,0.691300
2025-10-24,40.1841786500,39.8046350500,40.2790645500,39.7097491500,69883194,2938870334.8600,0.338800,-0.686600
2025-10-27,39.7571921000,39.4630458100,39.8236122300,39.3017397800,98894862,4120096208.0400,0.479400,-0.858200
2025-10-28,39.4915115800,39.4725344000,39.5863974800,39.1214565700,70595074,2928533807.3300,0.342200,0.024000
2025-10-29,39.4061142700,38.6849814300,39.4061142700,38.6090727100,91098760,3735043026.0100,0.441600,-1.995200
2025-10-30,38.7134472000,39.0929908000,39.2448082400,38.6470270700,113153844,4648170383.6800,0.548500,1.054700
2025-10-31,39.1499223400,38.7988445100,39.1878767000,38.7514015600,70260700,2881797757.9000,0.340600,-0.752400
2025-11-03,39.0360592600,39.6528176100,39.8236122300,38.9601505400,92198068,3837027067.9700,0.446900,2.201000
2025-11-04,39.7002605600,40.8104255900,40.9053114900,39.6717947900,134003592,5731414415.9600,0.649600,2.919400
2025-11-05,40.8958229000,40.6111652000,41.2469007300,40.5637222500,73171377,3142006311.5200,0.354700,-0.488300
2025-11-06,40.4688363500,40.1746900600,40.6965625100,40.1462242900,87197274,3704094151.6900,0.422700,-1.074800
2025-11-07,40.2316216000,40.3359960900,40.5352564800,40.1177585200,59319118,2521251001.7800,0.287600,0.401500
2025-11-10,40.2790645500,40.5352564800,40.6870739200,40.1177585200,53236873,2272065471.4800,0.258100,0.494000
2025-11-11,40.5067907100,40.7629826400,40.8388913600,40.3454846800,54467066,2335614859.5000,0.264000,0.561800
2025-11-12,40.9148000800,40.7345168700,41.1425262400,40.7345168700,58792878,2538488042.1800,0.285000,-0.069800
2025-11-13,40.7724712300,41.0001973900,41.0855947000,40.5542336600,58798006,2531083385.5600,0.285000,0.652200
2025-11-14,41.0286631600,41.0381517500,41.3607638100,40.9717316200,51820955,2251121742.7400,0.251200,0.092600
2025-11-17,40.8958229000,40.4688363500,40.9907088000,40.3265075000,61067446,2605355053.1200,0.296000,-1.387300
2025-11-18,40.3834390400,40.6870739200,40.7155396900,40.2695759600,51743927,2210394704.6200,0.250800,0.539300
2025-11-19,40.6870739200,41.0096859800,41.2753665000,40.6111652000,51169639,2211527917.5300,0.248000,0.792900
2025-11-20,41.0096859800,41.0191745700,41.5505356100,40.8483799500,58585152,2545450518.6300,0.284000,0.023100
2025-11-21,41.0286631600,40.8009370000,41.3228094500,40.5732108400,79126405,3414438912.7900,0.383600,-0.532000
2025-11-24,40.8958229000,40.4498591700,41.0001973900,40.3359960900,67854882,2903502508.3300,0.328900,-0.860500
2025-11-25,40.4783249400,41.0381517500,41.0855947000,40.2695759600,66640949,2860710968.0300,0.323000,1.454400
2025-11-26,41.1235490600,41.0381517500,41.3987181700,40.7724712300,45107206,1950643251.7500,0.218700,0.000000
2025-11-27,40.9717316200,40.9812202100,41.1709920100,40.4213934000,62143434,2671439101.8200,0.301200,-0.138700
2025-11-28,40.8958229000,40.7534940500,40.9148000800,40.6301423800,49465789,2126261782.3300,0.239800,-0.555700
2025-12-01,40.8768457200,41.2184349600,41.2469007300,40.7345168700,56791942,2454940642.8600,0.275300,1.140900
2025-12-02,41.2184349600,41.1615034200,41.4176953500,41.0096859800,40673497,1765681347.9600,0.197200,-0.138100
2025-12-03,41.0571289300,40.8104255900,41.3512752200,40.8009370000,46895972,2029264530.8800,0.227300,-0.852900
2025-12-04,40.8483799500,41.0096859800,41.1994577800,40.8104255900,36120746,1560898874.4000,0.175100,0.488300
2025-12-05,41.0381517500,41.2279235500,41.3228094500,40.7155396900,54890622,2372985274.7000,0.266100,0.532200
2025-12-08,41.2184349600,40.9717316200,41.4082067600,40.8673571300,58003881,2512101222.8000,0.281200,-0.621400
2025-12-09,40.9717316200,40.8388913600,41.0855947000,40.6396309700,46593870,2007147247.6300,0.225900,-0.324200
2025-12-10,40.8768457200,39.5674203000,40.8768457200,39.4250914500,108315686,4546989729.2100,0.525100,-3.113400
2025-12-11,39.7192377400,39.5484431200,39.8995209500,39.2922511900,84623107,3525927169.1200,0.410200,-0.048000
2025-12-12,39.6148632500,39.6053746600,39.6907719700,39.3586713200,71762547,2991877686.5000,0.347900,0.144000
2025-12-15,39.6053746600,39.6623062000,40.1177585200,39.5010001700,56266557,2361986962.3700,0.272800,0.143700
2025-12-16,39.6433290200,39.5674203000,39.9754296700,39.3112283700,56617635,2359934980.4400,0.274500,-0.239200
2025-12-17,39.4725344000,39.3966256800,39.7097491500,39.1214565700,63126744,2619154132.3700,0.306000,-0.431700
2025-12-18,39.4156028600,40.2031558300,40.2505987800,39.2827626000,76811931,3224732019.6700,0.372400,2.047200
2025-12-19,40.2031558300,39.8425894100,40.3075303200,39.7666806900,57382341,2421818092.9300,0.278200,-0.896900
2025-12-22,39.9279867200,39.6338404300,39.9754296700,39.5769088900,52473989,2197149655.5200,0.254400,-0.523900
2025-12-23,39.6053746600,39.7666806900,39.8900323600,39.5294659400,60651014,2539576612.5400,0.294000,0.335200
2025-12-24,39.7856578700,39.6907719700,39.8425894100,39.4250914500,53630520,2241620144.9800,0.260000,-0.190900
2025-12-25,39.7856578700,39.6433290200,39.9279867200,39.5674203000,49921351,2090265136.5500,0.242000,-0.119500
2025-12-26,39.6528176100,39.5674203000,39.7382149200,39.4915115800,50880959,2123779707.6700,0.246600,-0.191500
2025-12-29,39.5294659400,39.7287263300,39.7856578700,39.3017397800,68255105,2848984781.8800,0.330900,0.407700
2025-12-30,39.7571921000,40.1177585200,40.3075303200,39.6433290200,83478293,3522122451.9000,0.404700,0.979200
2025-12-31,40.0798041600,39.9469639000,40.1652014700,39.7761692800,55414239,2335536695.1600,0.268600,-0.425700
2026-01-05,40.3075303200,40.1841786500,40.6111652000,40.1082699300,84082964,3571507106.7100,0.407600,0.593800
2026-01-06,40.2790645500,40.5447450700,40.6016766100,39.9374753100,92371482,3918152818.8900,0.447800,0.897300
2026-01-07,40.5637222500,39.9944068500,40.8199141800,39.9849182600,88055952,3735889227.4800,0.426900,-1.357400
2026-01-08,40.0418498000,39.4535572200,40.0892927500,39.1878767000,111572692,4642639924.9500,0.540900,-1.352300
2026-01-09,39.4156028600,39.1878767000,39.6243518400,39.0170820800,98547074,4069939124.6200,0.477700,-0.673400
2026-01-12,39.1878767000,39.0170820800,39.3112283700,38.9032190000,118664058,4887859874.3200,0.575200,-0.435800
2026-01-13,39.0929908000,39.0265706700,39.2637854200,38.9316847700,115936473,4772124911.9700,0.562000,0.024300
2026-01-14,39.0265706700,38.0207801300,39.0645250300,38.0112915400,191774380,7803195414.9800,0.929600,-2.577200
2026-01-15,38.0587344900,38.0587344900,38.3528807800,37.9543600000,121727094,4886718462.7800,0.590100,0.099800
2026-01-16,38.4383418100,37.6888476800,38.4480755000,37.6207118500,152524530,5941062876.7800,0.739400,-0.971900
2026-01-19,37.6985813700,37.5233749500,37.8835214800,37.4747065000,98870273,3825610922.1000,0.479300,-0.439000
2026-01-20,37.5428423300,37.6985813700,38.0879289700,37.4844401900,111387322,4327688232.6900,0.540000,0.466900
2026-01-21,37.8835214800,37.2216305600,37.9029888600,37.1632284200,121499985,4683716085.1400,0.589000,-1.265200
2026-01-22,37.2508316300,36.8420166500,37.5525760200,36.7933482000,187754633,7138121617.3400,0.910200,-1.019900
2026-01-23,36.8420166500,36.5013375000,37.1534947300,36.3845332200,189211273,7135111002.8300,0.917200,-0.924700
2026-01-26,36.5013375000,37.0074893800,37.2800327000,36.3163973900,216679416,8225997387.1400,1.050400,1.386700
2026-01-27,37.0464241400,37.0853589000,37.4844401900,36.8614840300,157240627,6017368289.7900,0.762200,0.210400
2026-01-28,37.1048262800,36.7933482000,37.4163043600,36.6960113000,204166688,7757392685.1900,0.989700,-0.787400
2026-01-29,36.8712177200,37.5039075700,37.6207118500,36.5500059500,199998187,7627788339.0700,0.969500,1.931200
2026-01-30,37.5039075700,37.6401792300,38.1268637300,37.5039075700,166084303,6450474687.1200,0.805100,0.363400
2026-02-02,37.8445867200,37.4260380500,38.2534017000,37.3871032900,138497888,5374972303.8600,0.671400,-0.568900
2026-02-03,37.6401792300,37.2800327000,37.6401792300,37.1242936600,84279156,3228439116.8400,0.408500,-0.390100
2026-02-04,37.2800327000,37.9711246900,37.9808583800,37.2410979400,102131628,3961153582.8500,0.495100,1.853800
2026-02-05,37.9029888600,38.6524829900,38.8568904800,37.8737877900,121889452,4810048757.4700,0.590900,1.794400
2026-02-06,38.6427493000,38.5454124000,38.8860915500,38.2631353900,80297978,3178037638.9500,0.389200,-0.277000
2026-02-09,38.5454124000,38.4286081200,38.6816840600,38.2826027700,65894891,2601539088.5400,0.319400,-0.303000
2026-02-10,38.4383418100,38.2923364600,38.5064776400,38.2631353900,49596465,1953983696.0100,0.240400,-0.354600
2026-02-11,38.3118038400,38.3507386000,38.3994070500,38.1560648000,52881696,2080370292.7400,0.256300,0.152500
2026-02-12,38.3507386000,37.9516573100,38.3702059800,37.6985813700,77752571,3028037809.3800,0.376900,-1.040600
2026-02-13,37.9127225500,37.6791139900,38.0489942100,37.6012444700,70537032,2738389979.5900,0.341900,-0.718100
2026-02-24,38.1560648000,37.9029888600,38.3604722900,37.7861845800,75467438,2950566959.1100,0.365800,0.594200
2026-02-25,37.8640541000,37.7472498200,38.1073963500,37.6888476800,72397149,2817141580.4200,0.350900,-0.410900
2026-02-26,37.7667172000,37.6693803000,37.9808583800,37.4747065000,59332534,2297277144.1200,0.287600,-0.206300
2026-02-27,37.7180487500,37.7180487500,37.9127225500,37.6109781600,63703472,2472164576.4200,0.308800,0.129200
2026-03-02,37.5720434000,37.6401792300,37.8348530300,37.3968369800,68547313,2649577380.0100,0.332300,-0.206500
2026-03-03,37.6304455400,38.1365974200,38.4967439500,37.5331086400,138465642,5423934799.6300,0.671200,1.318900
2026-03-04,37.9711246900,37.5720434000,37.9905920700,36.9977556900,115193902,4442287555.0500,0.558400,-1.480300
2026-03-05,37.6304455400,38.1073963500,38.1949995600,37.6012444700,78336979,3058463948.2500,0.379700,1.424900
2026-03-06,38.0587279000,38.1560648000,38.2728690800,37.9127225500,46595667,1822138718.7300,0.225900,0.127700
2026-03-09,37.8640541000,37.7569835100,38.1365974200,37.7180487500,76677490,2983734019.2300,0.371700,-1.045900
2026-03-10,37.9029888600,38.1755321800,38.1949995600,37.7667172000,61371700,2399803866.1800,0.297500,1.108500
2026-03-11,38.2534017000,38.4480755000,38.4480755000,37.9127225500,68940710,2710371063.8200,0.334200,0.713900
2026-03-12,38.3994070500,38.4480755000,38.5259450200,38.2826027700,52772330,2081987129.6000,0.255800,0.000000
2026-03-13,38.4091407400,38.7011514400,38.9834284500,38.3020701500,76527668,3041555946.5300,0.371000,0.658200
2026-03-16,38.7108851300,38.8471567900,38.9736947600,38.5843471600,61094451,2435208935.7100,0.296200,0.377300
2026-03-17,38.8276894100,39.0515642800,39.2851728400,38.7692872700,65622927,2637804783.3300,0.318100,0.526200
2026-03-18,39.0612979700,38.8568904800,39.2462380800,38.7303525100,70583141,2822439833.5900,0.342200,-0.498500
2026-03-19,38.8179557200,38.7108851300,38.9736947600,38.6427493000,65024684,2591832049.9800,0.315200,-0.375800
2026-03-20,38.7887546500,38.6914177500,39.0126295200,38.6038145400,61580273,2453063179.5700,0.298500,-0.050300
2026-03-23,38.5259450200,37.6499129200,38.6427493000,37.5233749500,95773829,3730145439.3200,0.464300,-2.691800
2026-03-24,37.7667172000,38.2047332500,38.2728690800,37.6985813700,61633642,2408674585.7000,0.298800,1.473600
2026-03-25,38.2826027700,38.2144669400,38.3507386000,37.9029888600,65381669,2556622044.6400,0.316900,0.025500
2026-03-26,38.1073963500,38.5064776400,38.6330156100,38.0976626600,61679007,2437289721.0600,0.299000,0.764100
2026-03-27,38.4480755000,38.3896733600,38.6427493000,38.2047332500,46800671,1846335950.9000,0.226900,-0.303300
2026-03-30,38.1949995600,38.4286081200,38.5162113300,38.0879289700,64605410,2544968866.7400,0.313200,0.101400
2026-03-31,38.4870102600,38.2728690800,38.6719503700,38.2339343200,66309671,2617257386.8100,0.321400,-0.405300
2026-04-01,38.5064776400,38.7595535800,38.9736947600,38.3702059800,88152581,3510509344.7700,0.427300,1.271600
2026-04-02,38.7984883400,38.7011514400,38.8568904800,38.5259450200,53462988,2124222800.5200,0.259200,-0.150700
2026-04-03,38.7011514400,38.3507386000,38.7595535800,38.3118038400,46448537,1835962093.4400,0.225200,-0.905400
2026-04-07,38.3410049100,37.9516573100,38.5454124000,37.9224562400,52836661,2071766646.1900,0.256100,-1.040600
2026-04-08,38.4480755000,38.5648797800,38.5843471600,38.1463311100,66949789,2643490434.2300,0.324500,1.615800
2026-04-09,38.4286081200,38.2144669400,38.4675428800,38.0781952800,53585405,2104306040.8200,0.259800,-0.908600
2026-04-10,38.2728690800,38.1657984900,38.3312712200,38.0879289700,54320208,2130641528.9000,0.263300,-0.127400
2026-04-13,38.0879289700,37.9419236200,38.1171300400,37.8835214800,52514495,2047706850.4500,0.254600,-0.586600
2026-04-14,37.9613910000,38.0879289700,38.1365974200,37.9127225500,50399861,1967829540.2500,0.244300,0.384800
2026-04-15,38.2047332500,38.8374231000,38.8568904800,38.1755321800,105210379,4177253341.8800,0.510000,1.967800
2026-04-16,38.8374231000,38.8471567900,39.0807653500,38.6914177500,61725776,2467044522.0300,0.299200,0.025100
2026-04-17,38.7887546500,38.4675428800,38.8374231000,38.4480755000,58792518,2331744879.6800,0.285000,-0.977200
2026-04-20,38.4480755000,38.8082220300,38.8374231000,38.2826027700,58877642,2337084803.9600,0.285400,0.885600
2026-04-21,38.8471567900,38.8082220300,39.0807653500,38.7984883400,54594915,2182431154.1100,0.264700,0.000000
2026-04-22,38.8082220300,38.6816840600,38.9639610700,38.5648797800,50759455,2017733908.5400,0.246100,-0.326100
2026-04-23,38.6622166800,38.7498198900,38.7984883400,38.4675428800,56948934,2260647912.8700,0.276100,0.176100
2026-04-24,38.6816840600,38.3312712200,38.7400862000,38.3118038400,62941438,2485978698.7700,0.305100,-1.080100
2026-04-27,38.4675428800,38.3312712200,38.9250263100,38.2728690800,92616843,3669782210.5400,0.449000,0.000000
2026-04-28,38.3312712200,38.5454124000,38.5746134700,38.2144669400,66930520,2637104794.0800,0.324400,0.558700
2026-04-29,37.8737877900,37.4747065000,37.9808583800,37.3189674600,253311717,9780526575.0600,1.227900,-2.777800
2026-04-30,37.3773696000,37.2508316300,37.4844401900,37.1048262800,116957410,4477499783.2400,0.567000,-0.597400
2026-05-06,37.2702990100,36.9880220000,37.3287011500,36.8128155800,143177103,5437169067.7600,0.694100,-0.705500
2026-05-07,37.0366904500,36.9393535500,37.1437610400,36.9296198600,79008987,3001814235.0200,0.383000,-0.131600
2026-05-08,37.0172230700,36.9296198600,37.1632284200,36.8906851000,86953912,3303687173.6100,0.421500,-0.026400
2026-05-11,36.9393535500,36.9588209300,36.9685546200,36.6960113000,92548934,3502977207.6900,0.448600,0.079100
2026-05-12,36.9685546200,36.8906851000,37.1242936600,36.8517503400,96729929,3673345230.7100,0.468900,-0.184400
2026-05-13,36.9490872400,36.8712177200,37.0756252100,36.8420166500,71830416,2723485936.9700,0.348200,-0.052800
2026-05-14,36.8030818900,36.8030818900,37.0074893800,36.7252123700,86786790,3286217937.3600,0.420700,-0.184800
2026-05-15,36.8030818900,36.6473428500,36.9588209300,36.6084080900,82173796,3101358446.0500,0.398300,-0.423200
2026-05-18,36.6473428500,36.4721364300,36.6570765400,36.3553321500,70768410,2651016862.5900,0.343100,-0.478100
2026-05-19,36.4818701200,36.3747995300,36.7349460600,36.3455984600,71991007,2698787184.4300,0.349000,-0.266900
2026-05-20,36.3747995300,36.1801257300,36.4429353600,36.1801257300,69318422,2582329893.2500,0.336000,-0.535200
2026-05-21,36.1898594200,36.1606583500,36.3455984600,36.1217235900,72519969,2698141547.9300,0.351500,-0.053800
2026-05-22,36.1119899000,36.0341203800,36.3358647700,35.9854519300,79761712,2961273370.2400,0.386600,-0.349900
2026-05-25,36.0243866900,35.9562508600,36.2677289400,35.9173161000,71066833,2631256789.1400,0.344500,-0.216100
2026-05-26,35.9562508600,36.0146530000,36.2969300100,35.9173161000,70620290,2617323723.3600,0.342300,0.162400
2026-05-27,36.0243866900,36.0146530000,36.1995931100,35.8005118200,84514627,3125360324.7000,0.409700,0.000000
2026-05-28,36.0633214500,36.1314572800,36.4332016700,35.9854519300,99579106,3701401974.9400,0.482700,0.324300
2026-05-29,36.1119899000,36.9977556900,37.0269567600,35.9465171700,153138355,5769643134.0200,0.742300,2.397600
2026-06-01,36.9880220000,37.1826958000,37.1826958000,36.7933482000,96137886,3656722113.7800,0.466000,0.499900
2026-06-02,37.1437610400,37.7667172000,37.8445867200,37.0366904500,125696953,4860567502.1600,0.609300,1.570700
2026-06-03,37.7764508900,37.4747065000,37.7764508900,37.2313642500,88127454,3392945722.3000,0.427200,-0.773200
2026-06-04,37.3773696000,37.0853589000,37.6207118500,36.9782883100,73884128,2826182655.1300,0.358200,-1.039000
2026-06-05,37.1632284200,37.5525760200,37.6693803000,37.0950925900,77870900,3000501534.8000,0.377500,1.259800
2026-06-08,37.3773696000,37.4747065000,37.7277824400,37.3384348400,76947767,2965291901.7100,0.373000,-0.207400
2026-06-09,37.4747065000,37.4649728100,37.6109781600,37.3773696000,66450037,2559005933.0200,0.322100,-0.026000
2026-06-10,37.4260380500,37.8640541000,38.0392605200,37.3579022200,93586076,3632762821.6400,0.453700,1.065200
2026-06-11,37.8932551700,37.6985813700,38.0489942100,37.5428423300,59445402,2304178552.0600,0.288200,-0.437000
2026-06-12,37.5623097100,38.2923364600,38.3020701500,37.3189674600,111983390,4373132355.5000,0.542800,1.575000
2026-06-15,38.1657984900,37.9127225500,38.3215375300,37.6985813700,97740434,3811793413.3700,0.473800,-0.991400
2026-06-16,37.7764508900,37.5428423300,37.8543204100,37.3871032900,78966910,3048039102.8300,0.382800,-0.975600
2026-06-17,37.6499129200,37.2118968700,37.8153856500,37.1242936600,66045163,2530773389.0900,0.320200,-0.881500
2026-06-18,37.1340273500,36.2677289400,37.1826958000,36.2677289400,100346053,3765522215.3500,0.486400,-2.537300
2026-06-22,36.0243866900,36.6473428500,36.8906851000,35.9659845500,110076764,4112247286.5100,0.533600,1.046700
2026-06-23,36.6473428500,36.4040006000,37.1729621100,36.3553321500,100800729,3804117445.7800,0.488600,-0.664000
2026-06-24,36.4916038100,35.7810444400,36.5792070200,35.7713107500,123616556,4570750868.3400,0.599200,-1.711200
2026-06-25,35.7518433700,35.2651588700,36.0049193100,35.2359578000,118116225,4308980707.8500,0.572600,-1.441800
2026-06-26,35.4111642200,35.0412840000,35.4987674300,34.9244797200,105541023,3804353018.9400,0.511600,-0.634800
2026-06-29,34.9439471000,35.4500989800,35.7421096800,34.4572626000,108073461,3911537693.9900,0.523900,1.166700
2026-06-30,35.4014305300,34.5545995000,35.4208979100,34.4085941500,109903751,3919806245.3400,0.532800,-2.526100
2026-07-01,34.5740668800,34.9536807900,35.1580882800,34.3404583200,89122129,3183805654.3600,0.432000,1.154900
2026-07-02,35.3138273200,35.6253054000,35.8199792000,35.1678219700,94461448,3442082753.0900,0.457900,1.921500
2026-07-03,35.6934412300,35.8491802700,36.0730551400,35.3819631500,85312390,3133647736.0000,0.413600,0.628400
2026-07-06,35.7226423000,36.7252123700,36.7544134400,35.5474358800,97154407,3625395504.8600,0.471000,2.443700
2026-07-07,36.7154786800,36.5500059500,36.8517503400,36.3066637000,65258740,2448739027.2100,0.316300,-0.477100
2026-07-08,36.3650658400,36.9296198600,36.9588209300,36.1606583500,76713452,2899053622.5100,0.371900,1.038600
2026-07-09,36.6960113000,36.5500059500,36.8030818900,36.3747995300,76564557,2875450171.9800,0.371200,-1.027900
2026-07-10,36.6100000000,36.8800000000,36.9200000000,36.3300000000,79377153,2911440764.1900,0.384800,0.902900
2026-07-13,36.8100000000,37.2500000000,37.4000000000,36.7100000000,93308476,3469591941.2900,0.452300,1.003300
2026-07-14,37.1000000000,37.1800000000,37.2400000000,36.8200000000,80415432,2979122981.9300,0.389800,-0.187900
2026-07-15,37.0000000000,37.7600000000,37.9600000000,36.7500000000,115462595,4337619113.1600,0.559700,1.560000
2026-07-16,37.7000000000,37.6700000000,38.1200000000,37.5000000000,76689870,2894610320.4400,0.371800,-0.238300
2026-07-17,37.7600000000,38.0200000000,38.2000000000,37.6800000000,115858449,4404072222.9200,0.561600,0.929100
2026-07-20,37.9500000000,38.9100000000,38.9100000000,37.8900000000,143361015,5534176001.6300,0.695000,2.340900
2026-07-21,39.1800000000,37.9900000000,39.4000000000,37.9000000000,156012742,6018519241.3100,0.756300,-2.364400
2026-07-22,37.8500000000,38.7100000000,38.7100000000,37.6300000000,108454598,4146124499.5100,0.525700,1.895200
2026-07-23,38.6800000000,38.9100000000,38.9900000000,38.4500000000,79493797,3087846398.2500,0.385400,0.516700
2026-07-24,39.1800000000,39.2000000000,39.2500000000,38.9000000000,98296005,3846185673.6100,0.476500,0.745300
2026-07-27,39.1200000000,39.0000000000,39.2400000000,38.6900000000,71584573,2791660618.2600,0.347000,-0.510200
2026-07-28,39.1700000000,39.5900000000,39.5900000000,38.9500000000,105018681,4136021700.8300,0.509100,1.512800
2026-07-29,39.9800000000,39.6600000000,40.0700000000,39.4900000000,114871245,4563588940.5300,0.556800,0.176800
2026-07-30,39.6600000000,40.5500000000,40.5500000000,39.5500000000,137457952,5517774479.9700,0.666300,2.244100
2026-07-31,39.8500000000,39.6200000000,40.1700000000,39.0400000000,149155003,5898211992.9200,0.723000,-2.293500
