date,open,close,high,low,volume,amount,turn,pctChg
2001-08-27,4.4997934100,4.6354000500,4.9261719800,4.2833443500,40631800,1410347179.0000,56.827692,13.252630
2001-08-28,4.5623810900,4.8062122600,4.8244670000,4.5128325100,12964779,463463143.0000,18.132558,3.684955
2001-08-29,4.8218591800,4.7436245800,4.8244670000,4.7071151000,5325275,194689620.0000,7.447937,-1.302223
2001-08-30,4.7305854800,4.8375061000,4.8909664100,4.6940760000,4801306,177558558.0000,6.715113,1.979102
2001-08-31,4.8440256500,4.8257709100,4.9053094200,4.7983888000,2323148,86231237.0000,3.249158,-0.242588
2001-09-03,4.8505452000,4.8231630900,4.8987898700,4.8049083500,2211209,82129438.0000,3.092600,-0.054030
2001-09-04,4.8257709100,4.8844468600,4.9652892800,4.8088200800,3700677,139204380.0000,5.175772,1.270607
2001-09-05,4.9040055100,4.8818390400,4.9444267200,4.8518491100,2606695,97796243.0000,3.645727,-0.053392
2001-09-06,4.8701038500,4.7853497000,4.8857507700,4.7605754100,2899703,107078403.0000,4.055529,-1.976490
2001-09-07,4.7592715000,4.6523508800,4.8179474500,4.6484391500,3155225,113868743.0000,4.412902,-2.779293
2001-09-10,4.6158414000,4.7853497000,4.8049083500,4.5649889100,1887889,68406471.0000,2.640404,2.858746
2001-09-11,4.7983888000,4.7318893900,4.8179474500,4.7201542000,1139081,41579698.0000,1.593120,-1.117166
2001-09-12,4.6067140300,4.6914681800,4.7201542000,4.6028023000,2504519,89421380.0000,3.502824,-0.854234
2001-09-13,4.6953799100,4.6797329900,4.7331933000,4.6549587000,1098668,39512775.0000,1.536599,-0.250139
2001-09-14,4.6953799100,4.7331933000,4.7592715000,4.6679978000,767283,27740691.0000,1.073123,1.142379
2001-09-17,4.7045072800,4.6732134400,4.7318893900,4.6288805000,898397,32183249.0000,1.256499,-1.267215
2001-09-18,4.6784290800,4.7266737500,4.7657910500,4.6745173500,1077326,39006062.0000,1.506750,1.143973
2001-09-19,4.7331933000,4.8140357200,4.8140357200,4.7018994600,865053,31597369.0000,1.209864,1.848271
2001-09-20,4.8114279000,4.7736145100,4.8309865500,4.7592715000,1117335,41189577.0000,1.562706,-0.839647
2001-09-21,4.7305854800,4.7018994600,4.7723106000,4.6940760000,787972,28638681.0000,1.102059,-1.502320
2001-09-24,4.7018994600,4.7005955500,4.7449284900,4.6940760000,406860,14703096.0000,0.569035,-0.027737
2001-09-25,4.7305854800,4.7240659300,4.7644871400,4.7005955500,348845,12639790.0000,0.487895,0.499307
2001-09-26,4.7084190100,4.7045072800,4.7566636800,4.6940760000,495626,17892565.0000,0.693183,-0.414015
2001-09-27,4.7045072800,4.7853497000,4.8218591800,4.6940760000,877804,32085131.0000,1.227698,1.718400
2001-09-28,4.8114279000,4.8362021900,4.8505452000,4.7592715000,1708847,63169143.0000,2.389996,1.062669
2001-10-08,4.8244670000,4.7697027800,4.8479373800,4.7266737500,655217,24091149.0000,0.916387,-1.375029
2001-10-09,4.7723106000,4.8635843000,4.8896625000,4.7723106000,955852,35498605.0000,1.336856,1.968282
2001-10-10,4.8635843000,4.7071151000,4.8805351300,4.6979877300,1754869,63956753.0000,2.454362,-3.217160
2001-10-11,4.6953799100,4.6614782500,4.7592715000,4.6484391500,1230684,44319896.0000,1.721236,-0.969525
2001-10-12,4.6810369000,4.6940760000,4.7788301500,4.4398135500,2001070,70897331.0000,2.798699,0.699301
2001-10-15,4.6810369000,4.6028023000,4.6940760000,4.5506459000,975531,34501714.0000,1.364379,-1.944447
2001-10-16,4.5806358300,4.5376068000,4.6679978000,4.5310872500,831991,29068173.0000,1.163624,-1.416431
2001-10-17,4.5363028900,4.4593722000,4.5389107100,4.4202549000,1250768,42766283.0000,1.749326,-1.724134
2001-10-18,4.4593722000,4.4385096400,4.5193520600,4.4215588100,498346,16999063.0000,0.696987,-0.467836
2001-10-19,4.4332940000,4.3680985000,4.4528526500,4.3042069100,1568754,52422843.0000,2.194062,-1.586372
2001-10-22,4.3420203000,4.2755208900,4.3941767000,4.2637857000,976065,32268911.0000,1.365126,-2.119400
2001-10-23,4.6940760000,4.7032033700,4.7032033700,4.5649889100,4059824,145710538.0000,5.678076,10.003050
2001-10-24,4.7957809800,4.6758212600,4.7983888000,4.5780280100,4068239,147001102.0000,5.689845,-0.582199
2001-10-25,4.6549587000,4.5480380800,4.6679978000,4.5454302600,1603686,56527283.0000,2.242917,-2.732849
2001-10-26,4.5245677000,4.5636850000,4.5767241000,4.4880582200,900220,31280145.0000,1.259049,0.344034
2001-10-29,4.5480380800,4.6028023000,4.6458313300,4.5480380800,458786,16205054.0000,0.641659,0.857141
2001-10-30,4.5962827500,4.5636850000,4.6275765900,4.5532537200,348417,12214728.0000,0.487297,-0.849856
2001-10-31,4.5636850000,4.5702045500,4.5754201900,4.5376068000,476247,16633345.0000,0.666080,0.142855
2001-11-01,4.5702045500,4.6380078700,4.6471352400,4.5571654500,664303,23511580.0000,0.929095,1.483596
2001-11-02,4.6001944800,4.6106257600,4.6575665200,4.5845475600,343520,12189356.0000,0.480448,-0.590383
2001-11-05,4.5636850000,4.5506459000,4.5975866600,4.5245677000,369076,12879737.0000,0.516190,-1.300902
2001-11-06,4.5376068000,4.5832436500,4.6028023000,4.5271755200,260931,9138666.0000,0.364938,0.716332
2001-11-07,4.5636850000,4.4137353500,4.5636850000,4.4072158000,932538,31791131.0000,1.304249,-3.698444
2001-11-08,4.3485398500,4.3941767000,4.4189509900,4.3002951800,740216,24682905.0000,1.035267,-0.443125
2001-11-09,4.3941767000,4.4528526500,4.4958816800,4.3472359400,376076,12737203.0000,0.525980,1.335314
2001-11-12,4.4854504000,4.3811376000,4.4854504000,4.3707063200,268333,9088858.0000,0.375291,-1.610551
2001-11-13,4.3394124800,4.3863532400,4.3941767000,4.3302851100,267381,8965279.0000,0.373959,0.119050
2001-11-14,4.3863532400,4.3876571500,4.4332940000,4.3863532400,76900,2599260.0000,0.107552,0.029733
2001-11-15,4.3876571500,4.3915688800,4.4072158000,4.3680985000,219345,7378238.0000,0.306776,0.089149
2001-11-16,4.7201542000,4.4450291900,4.7201542000,4.4319900900,995470,34600364.0000,1.392266,1.217339
2001-11-19,4.4528526500,4.5702045500,4.5741162800,4.4463331000,373461,12950484.0000,0.522323,2.816072
2001-11-20,4.5897632000,4.6132335800,4.6327922300,4.5506459000,806908,28559195.0000,1.128543,0.941517
2001-11-21,4.6262726800,4.5871553800,4.6288805000,4.5506459000,511442,17957628.0000,0.715303,-0.565293
2001-11-22,4.5923710200,4.5793319200,4.6028023000,4.5519498100,419879,14713840.0000,0.587243,-0.170555
2001-11-23,4.5649889100,4.5610771800,4.5962827500,4.5349989800,396090,13866447.0000,0.553972,-0.398632
2001-11-26,4.5636850000,4.5128325100,4.5636850000,4.4984895000,310099,10749495.0000,0.433705,-1.057744
2001-11-27,4.5089207800,4.5636850000,4.5728123700,4.5089207800,256948,8954894.0000,0.359368,1.126840
2001-11-28,4.5702045500,4.5702045500,4.6145374900,4.5506459000,377362,13256608.0000,0.527779,0.142855
2001-11-29,4.5649889100,4.5415185300,4.5897632000,4.5389107100,304618,10658762.0000,0.426039,-0.627667
2001-11-30,4.5415185300,4.6080179400,4.6223609500,4.5376068000,407097,14292950.0000,0.569366,1.464250
2001-12-03,4.6093218500,4.7162424700,4.7292815700,4.6080179400,1603705,57741700.0000,2.242944,2.348608
2001-12-04,4.7266737500,4.7214581100,4.7292815700,4.6693017100,689499,24859860.0000,0.964334,0.110591
2001-12-05,4.8244670000,4.6940760000,4.8244670000,4.6888603600,1502835,54737513.0000,2.101867,-0.579948
2001-12-06,4.6810369000,4.7018994600,4.7331933000,4.6679978000,637222,23004767.0000,0.891220,0.166670
2001-12-07,4.7071151000,4.6758212600,4.7201542000,4.6679978000,390820,14031912.0000,0.546601,-0.554633
2001-12-10,4.6940760000,4.6927720900,4.7045072800,4.6562626100,416156,14941666.0000,0.582036,0.362524
2001-12-11,4.6940760000,4.6471352400,4.6940760000,4.6432235100,358002,12821499.0000,0.500702,-0.972499
2001-12-12,4.6419196000,4.6640860700,4.7071151000,4.6419196000,463267,16611472.0000,0.647926,0.364762
2001-12-13,4.6432235100,4.5975866600,4.6901642700,4.5897632000,354045,12580276.0000,0.495168,-1.425782
2001-12-14,4.5662928200,4.5897632000,4.6288805000,4.5662928200,284125,10026619.0000,0.397378,-0.170158
2001-12-17,4.5780280100,4.6106257600,4.6432235100,4.5702045500,441389,15611050.0000,0.617327,0.454545
2001-12-18,4.6262726800,4.6810369000,4.6888603600,4.5767241000,482120,17167382.0000,0.674294,1.527152
2001-12-19,4.6810369000,4.6888603600,4.7579675900,4.6458313300,962001,34761229.0000,1.345456,0.167124
2001-12-20,4.6810369000,4.5323911600,4.6810369000,4.5180481500,1136223,39988830.0000,1.589123,-3.337044
2001-12-21,4.5245677000,4.6771251700,4.6901642700,4.5245677000,813504,28861442.0000,1.137768,3.193327
2001-12-24,4.6927720900,4.7488402200,4.8570647500,4.6693017100,2725079,99947172.0000,3.811299,1.533313
2001-12-25,4.7527519500,4.7592715000,4.7879575200,4.6875564500,1218260,44420025.0000,1.703860,0.219665
2001-12-26,4.7644871400,4.8492412900,4.8570647500,4.7071151000,1680952,62127143.0000,2.350982,1.890407
2001-12-27,4.8531530200,4.8661921200,4.9339954400,4.8140357200,2328478,87052679.0000,3.256613,0.349559
2001-12-28,4.8635843000,4.8635843000,4.9027016000,4.8088200800,1227932,45692306.0000,1.717387,-0.053592
2001-12-31,4.9118289700,5.0265730500,5.1243663000,4.8844468600,5219541,202281565.0000,7.300057,3.351206
2002-01-04,5.0487395200,4.8961820500,5.0591708000,4.8831429500,2910962,111030307.0000,4.071276,-2.594034
2002-01-07,4.8440256500,4.8701038500,4.8896625000,4.7827418800,1894295,70279717.0000,2.649364,-0.532625
2002-01-08,4.8244670000,4.7710066900,4.9013976900,4.7566636800,1328664,48947614.0000,1.858271,-2.034801
2002-01-09,4.7592715000,4.8075161700,4.8479373800,4.7397128500,1060682,38912708.0000,1.483471,0.765233
2002-01-10,4.8218591800,4.8557608400,4.8753194900,4.7397128500,1881555,69093753.0000,2.631545,1.003533
2002-01-11,4.8257709100,4.7005955500,4.8427217400,4.6940760000,1183475,43306414.0000,1.655210,-3.195495
2002-01-14,4.6549587000,4.7071151000,4.7462324000,4.6197531300,1871851,67196713.0000,2.617973,0.138694
2002-01-15,4.6914681800,4.7644871400,4.8309865500,4.6823408100,1824741,66666866.0000,2.552085,1.218843
2002-01-16,4.7566636800,4.7397128500,4.8205552700,4.6158414000,1397433,50700232.0000,1.954452,-0.519985
2002-01-17,4.7201542000,4.5715084600,4.7579675900,4.5245677000,2418031,85418339.0000,3.381862,-3.548823
2002-01-18,4.5376068000,4.7788301500,4.8088200800,4.5245677000,3226208,116437266.0000,4.512179,4.535083
2002-01-21,4.7331933000,4.6771251700,4.7723106000,4.6393117800,1575593,56764193.0000,2.203627,-2.128247
2002-01-22,4.6679978000,4.7514480400,4.8179474500,4.6679978000,1348567,49186214.0000,1.886108,1.589071
2002-01-23,4.7788301500,4.9053094200,4.9092211500,4.7201542000,2333648,86396947.0000,3.263843,3.238201
2002-01-24,4.8714077600,4.8622803900,4.9379071700,4.7983888000,2661580,99483236.0000,3.722490,-0.877188
2002-01-25,4.8557608400,4.8375061000,4.8987898700,4.7983888000,1394112,51685502.0000,1.949807,-0.509527
2002-01-28,4.8244670000,4.6275765900,4.8622803900,4.6028023000,2166782,77886073.0000,3.030464,-4.339614
2002-01-29,4.5897632000,4.6497430600,4.7201542000,4.5610771800,1187200,42283085.0000,1.660420,0.479003
2002-01-30,4.6419196000,4.6393117800,4.7305854800,4.5897632000,841922,30030708.0000,1.177513,-0.224335
2002-01-31,4.6940760000,4.9027016000,4.9548580000,4.6940760000,4082830,152780902.0000,5.710252,5.677337
2002-02-01,4.8896625000,4.8322904600,4.9522501800,4.8114279000,1734503,64926556.0000,2.425878,-1.436163
2002-02-04,4.8479373800,4.9444267200,4.9744166500,4.8244670000,1651019,62395237.0000,2.309117,2.320552
2002-02-05,4.9457306300,4.9418189000,5.0435238800,4.9066133300,1119573,42691507.0000,1.565836,-0.052734
2002-02-06,4.9366032600,4.8479373800,4.9692010100,4.8362021900,966854,36137656.0000,1.352243,-1.899739
2002-02-07,4.8479373800,4.8779273100,4.9444267200,4.8401139200,668817,25158901.0000,0.935408,0.618611
2002-02-08,4.9027016000,4.9092211500,4.9809362000,4.9000937800,1256931,47643920.0000,1.757945,0.641544
2002-02-25,4.9092211500,4.9092211500,4.9092211500,4.9092211500,0,0.0000,,0.000000
2002-02-26,4.9535540900,4.9248680700,5.0200535000,4.8831429500,1481599,56234511.0000,2.072166,0.318722
2002-02-27,4.9352993500,4.9457306300,4.9678971000,4.8896625000,829081,31387541.0000,1.159554,0.423616
2002-02-28,4.9548580000,4.9548580000,5.0148378600,4.9261719800,1250698,47786791.0000,1.749228,0.184550
2002-03-01,4.9483384500,4.8753194900,4.9744166500,4.8505452000,742145,27907358.0000,1.037965,-1.605265
2002-03-04,4.8701038500,4.9600736400,4.9652892800,4.8401139200,522485,19593096.0000,0.730748,1.738437
2002-03-05,4.9626814600,5.0317886900,5.0982881000,4.9366032600,2218887,85787001.0000,3.103338,1.445844
2002-03-06,5.0591708000,5.0017987600,5.0956802800,4.9574658200,1862014,71904848.0000,2.604215,-0.596008
2002-03-07,4.9809362000,5.0200535000,5.0330926000,4.9613775500,1361602,52163426.0000,1.904338,0.364962
2002-03-08,5.0265730500,5.1673953300,5.1869539800,5.0265730500,3532681,137988821.0000,4.940813,2.935068
2002-03-11,5.1752187900,5.1439249500,5.1752187900,5.0943763700,1760600,69191402.0000,2.462378,-0.454202
2002-03-12,5.1439249500,5.0200535000,5.1439249500,5.0200535000,1725185,66875879.0000,2.412846,-2.408113
2002-03-13,4.9952792100,4.9861518400,5.0591708000,4.9796322900,779399,29935169.0000,1.090069,-0.675320
2002-03-14,4.9692010100,5.0357004200,5.0461317000,4.9613775500,638774,24487493.0000,0.893390,0.993717
2002-03-15,4.9574658200,4.9444267200,5.0722099000,4.9352993500,1189288,45551718.0000,1.663340,-1.812534
2002-03-18,4.9705049200,4.9548580000,5.0591708000,4.9418189000,607027,23162182.0000,0.848989,0.210975
2002-03-19,4.9678971000,5.0526512500,5.0696020800,4.9574658200,677404,26123110.0000,0.947418,1.973684
2002-03-20,5.0591708000,5.0813372700,5.1504445000,5.0461317000,1503133,58767953.0000,2.102284,0.567745
2002-03-21,5.1243663000,5.0748177200,5.1582679600,5.0409160600,1503721,58789396.0000,2.103106,-0.128312
2002-03-22,5.0748177200,5.0252691400,5.0852490000,5.0096222200,797276,30733685.0000,1.115071,-0.976355
2002-03-25,5.0187495900,5.0565629800,5.0722099000,4.9939753000,431507,16693141.0000,0.603506,0.622724
2002-03-26,5.0461317000,4.9809362000,5.0591708000,4.9705049200,623909,23950585.0000,0.872600,-1.495611
2002-03-27,4.9744166500,4.9678971000,5.0148378600,4.9431228100,499101,19022433.0000,0.698043,-0.261786
2002-03-28,4.9561619100,4.9561619100,4.9913674800,4.9548580000,529157,20150615.0000,0.740080,-0.236221
2002-03-29,4.9548580000,4.8583686600,4.9613775500,4.8375061000,1062547,39865325.0000,1.486080,-1.973165
2002-04-01,4.8453295600,4.9027016000,4.9274758900,4.8401139200,276605,10386559.0000,0.386860,0.912507
2002-04-02,4.9040055100,4.8270748200,4.9235641600,4.7996927100,732933,27163339.0000,1.025081,-1.542548
2002-04-03,4.8270748200,4.8218591800,4.8635843000,4.8009966200,601945,22255856.0000,0.841881,-0.108052
2002-04-04,4.8205552700,4.9000937800,4.9027016000,4.7605754100,516143,19068025.0000,0.721878,1.622505
2002-04-05,4.9261719800,4.8609764800,4.9470345400,4.8375061000,304685,11402145.0000,0.426133,-0.798305
2002-04-08,4.8635843000,4.8244670000,4.8766234000,4.8179474500,230046,8539346.0000,0.321743,-0.751070
2002-04-09,4.8244670000,4.8805351300,4.8896625000,4.8088200800,329157,12257478.0000,0.460359,1.162163
2002-04-10,4.8805351300,4.8870546800,4.9248680700,4.8505452000,342383,12828309.0000,0.478857,0.133581
2002-04-11,4.8883585900,4.8883585900,4.9392110800,4.8779273100,679799,25576043.0000,0.950768,0.026687
2002-04-12,4.9053094200,4.9548580000,4.9835440200,4.8922703200,451928,17168808.0000,0.632067,1.360358
2002-04-15,5.0148378600,4.9405149900,5.0200535000,4.9027016000,292594,11085699.0000,0.409222,-0.289475
2002-04-16,4.9392110800,4.9887596600,4.9939753000,4.9392110800,603615,23013458.0000,0.844217,0.976508
2002-04-17,5.0200535000,4.8218591800,5.0200535000,4.8049083500,1321928,48993045.0000,1.848850,-3.345527
2002-04-18,4.8244670000,4.7449284900,4.8492412900,4.7436245800,853815,31299469.0000,1.194147,-1.595457
2002-04-19,4.7449284900,4.7227620200,4.7527519500,4.6797329900,885432,31912486.0000,1.238366,-0.467156
2002-04-22,4.6940760000,4.7188502900,4.7462324000,4.6810369000,411365,14831735.0000,0.575336,-0.082834
2002-04-23,4.7188502900,4.6314883200,4.7188502900,4.6301844100,408822,14622595.0000,0.571779,-1.851335
2002-04-24,4.6288805000,4.5949788400,4.6784290800,4.5845475600,505088,17876338.0000,0.706417,-0.788285
2002-04-25,4.5767241000,4.6301844100,4.6523508800,4.5767241000,259676,9206508.0000,0.363183,0.766165
2002-04-26,4.6288805000,4.6966838200,4.7045072800,4.6158414000,238123,8537641.0000,0.333039,1.436221
2002-04-29,4.7201542000,4.7397128500,4.8244670000,4.7201542000,466521,17015082.0000,0.652477,0.916152
2002-04-30,4.7566636800,4.7201542000,4.7723106000,4.6875564500,597847,21592851.0000,0.836150,-0.412648
2002-05-08,4.7344972100,4.7266737500,4.7592715000,4.6966838200,170049,6152534.0000,0.237831,0.138119
2002-05-09,4.6940760000,4.6979877300,4.7527519500,4.6940760000,171221,6186437.0000,0.239470,-0.606900
2002-05-10,4.7005955500,4.6497430600,4.7110268300,4.6484391500,268850,9625820.0000,0.376014,-1.026919
2002-05-13,4.6380078700,4.6158414000,4.6549587000,4.6132335800,283074,10033864.0000,0.395908,-0.729104
2002-05-14,4.6158414000,4.6262726800,4.7566636800,4.5910671100,507003,18159637.0000,0.709095,0.225983
2002-05-15,4.6523508800,4.6080179400,4.6536547900,4.5897632000,224430,7948908.0000,0.313888,-0.394587
2002-05-16,4.5962827500,4.5584693600,4.6106257600,4.5519498100,554983,19465458.0000,0.776200,-1.075272
2002-05-17,4.5493419900,4.5689006400,4.6406156900,4.5310872500,385968,13508333.0000,0.539815,0.228838
2002-05-20,4.5623810900,4.4997934100,4.5623810900,4.4984895000,335369,11623861.0000,0.469048,-1.512564
2002-05-21,4.6340961400,4.5675967300,4.6340961400,4.5506459000,570700,20081800.0000,0.798182,1.506811
2002-05-22,4.5767241000,4.5662928200,4.6262726800,4.5571654500,297406,10442708.0000,0.415952,-0.028542
2002-05-23,4.6784290800,4.5897632000,4.6784290800,4.5767241000,161990,5705093.0000,0.226559,0.513993
2002-05-24,4.5649889100,4.5493419900,4.5897632000,4.5219598800,240735,8401313.0000,0.336692,-0.880686
2002-05-27,4.5636850000,4.5780280100,4.6080179400,4.5493419900,165326,5801250.0000,0.231225,0.630557
2002-05-28,4.5897632000,4.5845475600,4.6354000500,4.5767241000,261490,9258306.0000,0.365720,0.142407
2002-05-29,4.5910671100,4.5336950700,4.6132335800,4.5193520600,268474,9340641.0000,0.375488,-1.109213
2002-05-30,4.5480380800,4.5454302600,4.5715084600,4.5115286000,196225,6813508.0000,0.274441,0.258844
2002-05-31,4.5636850000,4.5571654500,4.5845475600,4.5376068000,180610,6326360.0000,0.252601,0.258176
2002-06-03,4.5506459000,4.5545576300,4.5649889100,4.4997934100,229022,7966689.0000,0.320310,-0.057226
2002-06-04,4.5506459000,4.4984895000,4.5636850000,4.4332940000,197600,6831604.0000,0.276364,-1.231034
2002-06-05,4.4984895000,4.4789308500,4.4984895000,4.4463331000,222475,7636262.0000,0.311154,-0.434787
2002-06-06,4.4828425800,4.5623810900,4.6249687700,4.4463331000,575740,19928860.0000,0.805231,1.863183
2002-06-07,4.5376068000,4.5532537200,4.5845475600,4.5128325100,362216,12686067.0000,0.506596,-0.200067
2002-06-10,4.5636850000,4.5167442400,4.5702045500,4.4997934100,183253,6371263.0000,0.256298,-0.801829
2002-06-11,4.5310872500,4.5402146200,4.5662928200,4.5180481500,153920,5368576.0000,0.215273,0.519631
2002-06-12,4.5376068000,4.5780280100,4.5793319200,4.5050090500,208220,7240715.0000,0.291217,0.832857
2002-06-13,4.5767241000,4.5506459000,4.6028023000,4.5480380800,162300,5701623.0000,0.226993,-0.598118
2002-06-14,4.5506459000,4.5180481500,4.5897632000,4.5115286000,94711,3289645.0000,0.132463,-0.716332
2002-06-17,4.5050090500,4.5180481500,4.5193520600,4.4724113000,135810,4678657.0000,0.189944,0.000000
2002-06-18,4.5245677000,4.5597732700,4.5741162800,4.5232637900,163699,5721280.0000,0.228950,0.923520
2002-06-19,4.5506459000,4.5284794300,4.5636850000,4.5245677000,83350,2900266.0000,0.116573,-0.686307
2002-06-20,4.5610771800,4.5480380800,4.5702045500,4.5323911600,131920,4609083.0000,0.184503,0.431908
2002-06-21,4.5636850000,4.6275765900,4.6549587000,4.5480380800,426651,15107102.0000,0.596715,1.748855
2002-06-24,5.0904646400,4.9783283800,5.0904646400,4.8244670000,6125441,234474989.0000,8.567050,7.579596
2002-06-25,4.9783283800,4.9783283800,4.9783283800,4.9783283800,0,0.0000,,0.000000
2002-06-26,4.8609764800,4.8049083500,4.8766234000,4.7670949600,1542300,56971879.0000,2.157063,-3.483504
2002-06-27,4.8114279000,4.7957809800,4.8479373800,4.7723106000,558178,20574559.0000,0.780669,-0.189959
2002-06-28,4.7853497000,4.8283787300,4.8740155800,4.7853497000,1076373,39735942.0000,1.505417,0.679717
2002-07-01,4.8348982800,4.7983888000,4.8883585900,4.7957809800,432000,16032014.0000,0.604196,-0.620000
2002-07-02,4.7983888000,4.7918692500,4.7983888000,4.7697027800,393507,14439880.0000,0.550359,-0.140000
2002-07-03,4.7918692500,4.7801340600,4.8049083500,4.7592715000,533312,19520104.0000,0.745891,-0.240000
2002-07-04,4.7827418800,4.7032033700,4.7853497000,4.6940760000,666987,24199148.0000,0.932849,-1.610000
2002-07-05,4.7018994600,4.7149385600,4.7175463800,4.6940760000,681567,24596151.0000,0.953241,0.250000
2002-07-08,4.7175463800,4.7162424700,4.7540558600,4.7071151000,319272,11563090.0000,0.446534,0.030000
2002-07-09,4.7175463800,4.7097229200,4.7253698400,4.6979877300,352323,12721871.0000,0.492759,-0.140000
2002-07-10,4.7097229200,4.6575665200,4.7253698400,4.6484391500,462279,16561215.0000,0.646544,-1.110000
2002-07-11,4.6458313300,4.6849486300,4.7266737500,4.6458313300,235761,8471292.0000,0.329736,0.590000
2002-07-12,4.6927720900,4.6979877300,4.7175463800,4.6679978000,158849,5724883.0000,0.222166,0.280000
2002-07-15,4.6953799100,4.6823408100,4.7149385600,4.6810369000,130858,4708941.0000,0.183018,-0.330000
2002-07-16,4.6523508800,4.6810369000,4.7110268300,4.6523508800,231649,8339593.0000,0.323985,-0.030000
2002-07-17,4.6875564500,4.6810369000,4.6940760000,4.6484391500,134219,4803760.0000,0.187719,0.000000
2002-07-18,4.7005955500,4.7253698400,4.7579675900,4.6940760000,589389,21394400.0000,0.824320,0.950000
2002-07-19,4.7423206700,4.7449284900,4.7540558600,4.7279776600,251689,9151205.0000,0.352013,0.410000
2002-07-22,4.7827418800,4.7462324000,4.7853497000,4.7371050300,610357,22267992.0000,0.853646,0.030000
2002-07-23,4.7527519500,4.7266737500,4.7527519500,4.6953799100,290158,10500988.0000,0.405815,-0.410000
2002-07-24,4.7331933000,4.7462324000,4.7579675900,4.7071151000,466387,16952456.0000,0.652290,0.410000
2002-07-25,4.7549619300,4.7112180300,4.7841245300,4.6820554300,170042,5497155.0000,0.216201,-0.740000
2002-07-26,4.7389225000,4.6849716900,4.7389225000,4.6762229100,155824,5017641.0000,0.198123,-0.557104
2002-07-29,4.6951786000,4.6208139700,4.7068436400,4.6047745400,255748,8122111.0000,0.325172,-1.370000
2002-07-30,4.6193558400,4.5960257600,4.6295627500,4.5901932400,344596,10878707.0000,0.438139,-0.540000
2002-07-31,4.5960257600,4.5668631600,4.6222721000,4.5566562500,257985,8116149.0000,0.328017,-0.630000
2002-08-01,4.5610306400,4.5551981200,4.5916513700,4.5420749500,200089,6261720.0000,0.254404,-0.260000
2002-08-02,4.5639469000,4.5829025900,4.6339371400,4.5274936500,125388,3927364.0000,0.159425,0.610000
2002-08-05,4.5843607200,4.5668631600,4.5931095000,4.5566562500,107812,3381678.0000,0.137078,-0.350000
2002-08-06,4.5668631600,4.5814444600,4.6047745400,4.5522818600,209237,6575058.0000,0.266036,0.320000
2002-08-07,4.5829025900,4.5814444600,4.5931095000,4.5712375500,135579,4259610.0000,0.172383,0.000000
2002-08-08,4.5814444600,4.5624887700,4.6033164100,4.5493656000,126460,3969885.0000,0.160788,-0.410000
2002-08-09,4.5508237300,4.5172867400,4.5712375500,4.5114542200,249020,7741685.0000,0.316618,-0.990000
2002-08-12,4.4910404000,4.4618778000,4.5027054400,4.4618778000,225050,6900600.0000,0.286141,-1.230000
2002-08-13,4.4764591000,4.4618778000,4.4764591000,4.4327152000,170413,5204223.0000,0.216673,0.000000
2002-08-14,4.5172867400,4.5172867400,4.5172867400,4.4618778000,247246,7621220.0000,0.314362,1.240000
2002-08-15,4.5172867400,4.4852078800,4.5172867400,4.4837497500,125955,3886298.0000,0.160146,-0.710000
2002-08-16,4.4472965000,4.4910404000,4.5012473100,4.4181339000,224098,6857222.0000,0.284931,0.130000
2002-08-19,4.4895822700,4.4706265800,4.5056217000,4.4633359300,110896,3407937.0000,0.140999,-0.450000
2002-08-20,4.4604196700,4.5056217000,4.5187448700,4.4604196700,237211,7316845.0000,0.301603,0.780000
2002-08-21,4.5202030000,4.5056217000,4.5202030000,4.4866660100,169451,5229829.0000,0.215449,0.000000
2002-08-22,4.5202030000,4.5464493400,4.5741538100,4.5056217000,422034,13173485.0000,0.536598,0.910000
2002-08-23,4.5420749500,4.5537399900,4.5712375500,4.5420749500,243141,7592485.0000,0.309143,0.160000
2002-08-26,4.5420749500,4.4808334900,4.5420749500,4.4750009700,263149,8109133.0000,0.334582,-1.600000
2002-08-27,4.4808334900,4.4983310500,4.5056217000,4.4618778000,258441,7938100.0000,0.328596,0.390000
2002-08-28,4.5041635700,4.4560452800,4.5377005600,4.4472965000,376582,11550533.0000,0.478807,-0.940000
2002-08-29,4.4545871500,4.4458383700,4.4735428400,4.4400058500,289937,8846652.0000,0.368642,-0.230000
2002-08-30,4.4560452800,4.4429221100,4.4560452800,4.4356314600,188668,5751168.0000,0.239883,-0.070000
2002-09-02,4.4400058500,4.4327152000,4.4472965000,4.4254245500,234130,7119903.0000,0.297686,-0.230000
2002-09-03,4.4327152000,4.4662521900,4.5027054400,4.4327152000,227701,6981608.0000,0.289512,0.760000
2002-09-04,4.4662521900,4.4604196700,4.4895822700,4.4356314600,178869,5457397.0000,0.227424,-0.130000
2002-09-05,4.4502127600,4.4181339000,4.4502127600,4.4181339000,289369,8795149.0000,0.367920,-0.950000
2002-09-06,4.4254245500,4.4254245500,4.4414639800,4.4035526000,185962,5634774.0000,0.236442,0.170000
2002-09-09,4.4181339000,4.3845969100,4.4254245500,4.3773062600,261390,7873842.0000,0.332346,-0.920000
2002-09-10,4.3743900000,4.3160648000,4.3889713000,4.2985672400,805712,23941530.0000,1.024427,-1.560000
2002-09-11,4.2956509800,4.2431583000,4.3160648000,4.1702518000,984529,28552916.0000,1.251785,-1.690000
2002-09-12,4.2285770000,4.2387839100,4.2650302500,4.1950400100,171659,4984486.0000,0.218257,-0.100000
2002-09-13,4.2300351300,4.2519070800,4.2548233400,4.2169119600,107173,3119148.0000,0.136266,0.310000
2002-09-16,4.2446164300,4.1848331000,4.2533652100,4.1833749700,392351,11280816.0000,0.498857,-1.580000
2002-09-17,4.1921237500,4.2139957000,4.2402420400,4.1731680600,261349,7538521.0000,0.332294,0.700000
2002-09-18,4.2271188700,4.2096213100,4.2271188700,4.1892074900,161606,4660761.0000,0.205475,-0.100000
2002-09-19,4.1994144000,4.2285770000,4.2504489500,4.1658774100,365015,10478770.0000,0.464100,0.450000
2002-09-20,4.2242026100,4.1892074900,4.2242026100,4.1804587100,137298,3949578.0000,0.174568,-0.930000
2002-09-23,4.1819168400,4.1454635900,4.1892074900,4.1410892000,212110,6061634.0000,0.269688,-1.040000
2002-09-24,4.1410892000,4.0798477400,4.1454635900,4.0681827000,714854,20063143.0000,0.908905,-1.580000
2002-09-25,4.0798477400,4.1265079000,4.1629611500,4.0798477400,355709,10075783.0000,0.452268,1.140000
2002-09-26,4.1352566800,4.0871383900,4.1352566800,4.0842221300,216807,6093149.0000,0.275661,-0.950000
2002-09-27,4.1002615600,4.1090103400,4.1337985500,4.0798477400,150545,4234851.0000,0.191411,0.540000
2002-10-08,4.1046359500,4.0944290400,4.1046359500,4.0725570900,358977,10069826.0000,0.456423,-0.350000
2002-10-09,4.0827640000,4.0433944900,4.0900546500,4.0215225400,245871,6822147.0000,0.312614,-1.250000
2002-10-10,4.0390201000,4.0506851400,4.0871383900,4.0317294500,108767,3018141.0000,0.138292,0.180000
2002-10-11,4.0361038400,4.0215225400,4.0681827000,4.0098575000,121705,3366265.0000,0.154743,-0.720000
2002-10-14,4.0681827000,4.0273550600,4.0681827000,4.0127737600,109529,3024408.0000,0.139261,0.150000
2002-10-15,4.0244388000,4.0506851400,4.0521432700,4.0171481500,206594,5710573.0000,0.262675,0.580000
2002-10-16,4.0506851400,4.0696408300,4.1104684700,4.0492270100,226133,6327939.0000,0.287518,0.470000
2002-10-17,4.0696408300,4.0229806700,4.0827640000,4.0098575000,156480,4336014.0000,0.198957,-1.150000
2002-10-18,4.0098575000,3.9092465300,4.0361038400,3.8713351500,463533,12464187.0000,0.589362,-2.830000
2002-10-21,3.9063302700,3.9150790500,3.9777786400,3.8713351500,164605,4391499.0000,0.209288,0.150000
2002-10-22,3.9325766100,3.9923599400,4.0171481500,3.9223697000,210571,5735513.0000,0.267732,1.970000
2002-10-23,4.0025668500,3.9559066900,4.0025668500,3.9413253900,108078,2938025.0000,0.137416,-0.910000
2002-10-24,3.9515323000,3.9529904300,3.9923599400,3.9515323000,97060,2637743.0000,0.123408,-0.070000
2002-10-25,3.9529904300,3.8859164500,3.9544485600,3.8786258000,236812,6346386.0000,0.301096,-1.700000
2002-10-28,3.8786258000,3.7853054800,3.8786258000,3.7765567000,447153,11679872.0000,0.568535,-2.590000
2002-10-29,3.8640445000,3.8217587300,3.8640445000,3.7342709300,319869,8294858.0000,0.406699,0.960000
2002-10-30,3.8275912500,3.7955123900,3.8348819000,3.7853054800,203557,5323624.0000,0.258814,-0.690000
2002-10-31,3.7955123900,3.8042611700,3.8611282400,3.7911380000,281730,7375701.0000,0.358207,0.230000
2002-11-01,3.8028030400,3.8232168600,3.8305075100,3.7853054800,147119,3830309.0000,0.187055,0.500000
2002-11-04,3.8232168600,3.8873745800,3.8873745800,3.8232168600,199503,5271415.0000,0.253659,1.680000
2002-11-05,3.8932071000,3.9238278300,3.9661136000,3.8655026300,348538,9402742.0000,0.443151,0.940000
2002-11-06,3.9296603500,3.8961233600,3.9340347400,3.8932071000,162265,4344756.0000,0.206313,-0.710000
2002-11-07,3.9004977500,3.8830001900,3.9150790500,3.8669607600,241652,6446131.0000,0.307250,-0.340000
2002-11-08,3.9661136000,3.8028030400,3.9661136000,3.7853054800,271756,7151816.0000,0.345526,-2.070000
2002-11-11,3.8100936900,3.7925961300,3.8421725500,3.7634335300,188282,4915876.0000,0.239392,-0.270000
2002-11-12,3.7984286500,3.7619754000,3.8319656400,3.7546847500,239589,6207445.0000,0.304627,-0.810000
2002-11-13,3.7590591400,3.7867636100,3.7896798700,3.7430197100,195368,5035473.0000,0.248402,0.660000
2002-11-14,3.7882217400,3.7663497900,3.8100936900,3.7619754000,168832,4380220.0000,0.214662,-0.540000
2002-11-15,3.7619754000,3.7648916600,3.7969705200,3.7401034500,234901,6065973.0000,0.298666,-0.040000
2002-11-18,3.7619754000,3.7911380000,3.7998867800,3.7619754000,194719,5049727.0000,0.247577,0.700000
2002-11-19,3.7911380000,3.8538375900,3.8713351500,3.7794729600,321819,8450560.0000,0.409179,1.650000
2002-11-20,3.8611282400,3.8407144200,3.8932071000,3.7765567000,957938,25196773.0000,1.217976,-0.340000
2002-11-21,3.8261331200,3.7707241800,3.8494632000,3.7692660500,401953,10494850.0000,0.511065,-1.820000
2002-11-22,3.7911380000,3.7780148300,3.8290493800,3.7298965400,242925,6292793.0000,0.308868,0.190000
2002-11-25,3.7794729600,3.8173843400,3.8319656400,3.7328128000,398796,10418495.0000,0.507051,1.040000
2002-11-26,3.8348819000,3.7488522300,3.8494632000,3.7473941000,205454,5354392.0000,0.261226,-1.800000
2002-11-27,3.7328128000,3.7371871900,3.7882217400,3.7065664600,332091,8506108.0000,0.422239,-0.310000
2002-11-28,3.7459359700,3.8319656400,3.8494632000,3.7357290600,249203,6508407.0000,0.316851,2.540000
2002-11-29,3.8319656400,3.8319656400,3.8319656400,3.8319656400,0,0.0000,,0.000000
2002-12-02,3.8640445000,3.7896798700,3.8932071000,3.7794729600,585087,15455370.0000,0.743912,-1.100000
2002-12-03,3.7794729600,3.8480050700,3.8523794600,3.7473941000,310385,8113029.0000,0.394641,1.540000
2002-12-04,3.8013449100,3.8567538500,3.9077884000,3.8013449100,415100,11045716.0000,0.527781,0.230000
2002-12-05,3.8465469400,3.9515323000,3.9923599400,3.8348819000,1302018,35246694.0000,1.655458,2.460000
2002-12-06,3.9369510000,3.9384091300,3.9661136000,3.9107046600,374154,10116516.0000,0.475720,-0.330000
2002-12-09,3.9369510000,3.9034140100,3.9515323000,3.8932071000,290258,7793264.0000,0.369050,-0.890000
2002-12-10,3.9107046600,3.8582119800,3.9223697000,3.8494632000,261198,6946196.0000,0.332102,-1.160000
2002-12-11,3.8421725500,3.8377981600,3.8567538500,3.8057193000,254680,6682742.0000,0.323814,-0.530000
2002-12-12,3.8377981600,3.8742514100,3.8786258000,3.8100936900,398933,10541432.0000,0.507226,0.950000
2002-12-13,3.7619754000,3.8625863700,3.8975814900,3.7619754000,222310,5860451.0000,0.282657,-0.300000
2002-12-16,3.8625863700,3.9238278300,3.9340347400,3.8450888100,797694,21310704.0000,1.014233,1.590000
2002-12-17,3.9238278300,3.9252859600,3.9515323000,3.8961233600,292615,7886188.0000,0.372047,0.040000
2002-12-18,3.9194534400,3.9019558800,3.9340347400,3.8961233600,202853,5434639.0000,0.257919,-0.590000
2002-12-19,3.9019558800,3.8815420600,3.9063302700,3.8655026300,231004,6160134.0000,0.293711,-0.520000
2002-12-20,3.8815420600,3.9121627900,3.9311184800,3.8815420600,162474,4353432.0000,0.206579,0.790000
2002-12-23,3.9486160400,3.9077884000,3.9515323000,3.8932071000,198455,5333977.0000,0.252327,-0.110000
2002-12-24,3.9092465300,3.9019558800,3.9311184800,3.8611282400,84816,2257524.0000,0.107840,-0.150000
2002-12-25,3.9063302700,3.8596701100,3.9077884000,3.8582119800,148138,3939760.0000,0.188351,-1.080000
2002-12-26,3.8567538500,3.7473941000,3.8640445000,3.7342709300,514561,13383935.0000,0.654242,-2.910000
2002-12-27,3.7459359700,3.7678079200,3.7867636100,3.7196896300,339021,8693114.0000,0.431050,0.540000
2002-12-30,3.7648916600,3.7255221500,3.7648916600,3.7109408500,300220,7672458.0000,0.381716,-1.120000
2002-12-31,3.7328128000,3.7123989800,3.7590591400,3.7109408500,164478,4200254.0000,0.209127,-0.350000
2003-01-02,3.7182315000,3.6044973600,3.7182315000,3.6015811000,356530,8921541.0000,0.453312,-2.910000
2003-01-03,3.5986648400,3.5986648400,3.6365762200,3.5724185000,174368,4300516.0000,0.221701,-0.160000
2003-01-06,3.5840835400,3.6249111800,3.6307437000,3.5738766300,98636,2438329.0000,0.125411,0.730000
2003-01-07,3.6234530500,3.5913741900,3.6394924800,3.5884579300,145050,3595101.0000,0.184425,-0.930000
2003-01-08,3.6467831300,3.6890689000,3.6890689000,3.5986648400,176802,4438021.0000,0.224796,2.720000
2003-01-09,3.6846945100,3.7211477600,3.7444778400,3.6482412600,260257,6616310.0000,0.330905,0.870000
2003-01-10,3.7182315000,3.7051083300,3.7765567000,3.6861526400,234638,6010671.0000,0.298332,-0.430000
2003-01-13,3.6744876000,3.6992758100,3.7182315000,3.6744876000,140380,3560912.0000,0.178487,-0.160000
2003-01-14,3.6963595500,3.8480050700,3.8961233600,3.6715713400,958825,25012085.0000,1.219104,4.020000
2003-01-15,3.8625863700,3.8932071000,3.9631973400,3.8480050700,1145168,30551168.0000,1.456031,1.170000
2003-01-16,3.9092465300,3.9529904300,3.9588229500,3.8873745800,735908,19870062.0000,0.935675,1.540000
2003-01-17,3.9631973400,3.8902908400,3.9631973400,3.8888327100,379518,10187340.0000,0.482540,-1.590000
2003-01-20,3.8786258000,3.8698770200,3.8786258000,3.8290493800,207090,5466246.0000,0.263306,-0.520000
2003-01-21,3.8713351500,3.8713351500,3.9369510000,3.8640445000,478744,12816356.0000,0.608702,0.040000
2003-01-22,3.8640445000,3.8407144200,3.8640445000,3.8348819000,163310,4309306.0000,0.207641,-0.790000
2003-01-23,3.8348819000,3.8421725500,3.8640445000,3.8348819000,216749,5719869.0000,0.275587,0.040000
2003-01-24,3.8348819000,3.8494632000,3.8611282400,3.8348819000,244119,6438339.0000,0.310387,0.190000
2003-01-27,3.8363400300,3.9092465300,3.9223697000,3.8363400300,395568,10571327.0000,0.502947,1.550000
2003-01-28,3.9077884000,3.9136209200,3.9369510000,3.8902908400,349496,9383544.0000,0.444369,0.110000
2003-01-29,3.9136209200,3.9194534400,3.9369510000,3.9004977500,330219,8889672.0000,0.419859,0.150000
2003-02-10,3.9165371800,3.8786258000,3.9165371800,3.8640445000,169378,4508037.0000,0.215357,-1.040000
2003-02-11,3.8465469400,3.8873745800,3.8902908400,3.8465469400,82150,2174401.0000,0.104450,0.230000
2003-02-12,3.8932071000,3.9194534400,3.9296603500,3.8640445000,147730,3959442.0000,0.187832,0.830000
2003-02-13,3.9165371800,3.8859164500,3.9325766100,3.8859164500,271832,7302546.0000,0.345622,-0.860000
2003-02-14,3.8786258000,3.9194534400,3.9354928700,3.8786258000,190475,5111392.0000,0.242181,0.860000
2003-02-17,3.8932071000,3.8713351500,3.9252859600,3.8669607600,156776,4181515.0000,0.199334,-1.230000
2003-02-18,3.8669607600,3.8640445000,3.8786258000,3.8494632000,104819,2772836.0000,0.133273,-0.190000
2003-02-19,3.8640445000,3.8757095400,3.8800839300,3.8567538500,102970,2732606.0000,0.130922,0.300000
2003-02-20,3.8800839300,3.8917489700,3.9077884000,3.8713351500,85120,2269016.0000,0.108226,0.410000
2003-02-21,3.8684188900,3.8465469400,3.8786258000,3.8203006000,226893,5978463.0000,0.288484,-1.160000
2003-02-24,3.8625863700,3.8363400300,3.8625863700,3.8217587300,61566,1625901.0000,0.078278,-0.270000
2003-02-25,3.8348819000,3.9209115700,3.9223697000,3.8319656400,187859,4998648.0000,0.238854,2.200000
2003-02-26,3.9296603500,3.8932071000,3.9442416500,3.8902908400,108215,2904654.0000,0.137591,-0.710000
2003-02-27,3.9004977500,3.8990396200,3.9340347400,3.8742514100,169761,4531823.0000,0.215844,0.150000
2003-02-28,3.9194534400,3.9077884000,3.9194534400,3.8786258000,136045,3636053.0000,0.172975,0.220000
2003-03-03,3.9194534400,3.9952762000,4.0054831100,3.9194534400,600093,16398104.0000,0.762992,2.240000
2003-03-04,3.9952762000,3.9763205100,4.0011087200,3.9456997800,190950,5200922.0000,0.242784,-0.470000
2003-03-05,3.9763205100,4.0579757900,4.0798477400,3.9529904300,940501,26031534.0000,1.195805,2.050000
2003-03-06,4.0681827000,4.0098575000,4.0681827000,3.9850692900,450769,12426005.0000,0.573133,-1.190000
2003-03-07,4.0127737600,3.9821530300,4.0229806700,3.9661136000,247545,6781984.0000,0.314743,-0.690000
2003-03-10,3.9879855500,3.9223697000,3.9967343300,3.9194534400,310340,8423721.0000,0.394584,-1.500000
2003-03-11,3.9150790500,3.9077884000,3.9223697000,3.8713351500,196449,5253243.0000,0.249776,-0.370000
2003-03-12,3.9063302700,3.9165371800,3.9223697000,3.8786258000,117717,3146322.0000,0.149672,0.220000
2003-03-13,3.9194534400,3.9282022200,3.9748623800,3.9150790500,199758,5398370.0000,0.253983,0.300000
2003-03-14,3.9194534400,3.9107046600,3.9282022200,3.8961233600,275642,7388968.0000,0.350467,-0.450000
2003-03-17,3.9048721400,3.8815420600,3.9048721400,3.8625863700,469292,12465705.0000,0.596684,-0.750000
2003-03-18,3.8786258000,3.8334237700,3.8932071000,3.8100936900,314790,8320204.0000,0.400242,-1.240000
2003-03-19,3.7925961300,3.7780148300,3.8348819000,3.7707241800,339792,8841844.0000,0.432031,-1.450000
2003-03-20,3.7911380000,3.7896798700,3.8538375900,3.7765567000,196840,5120173.0000,0.250273,0.310000
2003-03-21,3.7911380000,3.8538375900,3.8582119800,3.7911380000,202107,5285370.0000,0.256970,1.690000
2003-03-24,3.8523794600,3.8363400300,3.8640445000,3.8203006000,171870,4522748.0000,0.218525,-0.450000
2003-03-25,3.8246749900,3.7911380000,3.8363400300,3.7765567000,206238,5372767.0000,0.262223,-1.180000
2003-03-26,3.7911380000,3.7473941000,3.8567538500,3.7182315000,358951,9202596.0000,0.456390,-1.150000
2003-03-27,3.7444778400,3.8100936900,3.8305075100,3.7051083300,210565,5430724.0000,0.267724,1.670000
2003-03-28,3.8203006000,3.7969705200,3.8275912500,3.7925961300,381070,9946659.0000,0.484514,-0.340000
2003-03-31,3.7896798700,3.7984286500,3.8130099500,3.7882217400,304730,7935303.0000,0.387451,0.040000
2003-04-01,3.7998867800,3.8232168600,3.8275912500,3.7882217400,372984,9730810.0000,0.474233,0.650000
2003-04-02,3.8203006000,3.8421725500,3.8582119800,3.8100936900,371320,9769605.0000,0.472117,0.500000
2003-04-03,3.8494632000,3.8348819000,3.8640445000,3.8246749900,519367,13726384.0000,0.660352,-0.190000
2003-04-04,3.8334237700,3.7955123900,3.8348819000,3.7838473500,498473,12980379.0000,0.633786,-1.030000
2003-04-07,3.7911380000,3.7459359700,3.7955123900,3.7328128000,446211,11509954.0000,0.567338,-1.310000
2003-04-08,3.7459359700,3.7328128000,3.7473941000,3.6963595500,611287,15568085.0000,0.777224,-0.350000
2003-04-09,3.7313546700,3.7911380000,3.7984286500,3.6963595500,1012377,26059689.0000,1.287193,1.560000
2003-04-10,3.7911380000,3.7794729600,3.8057193000,3.7357290600,1078913,27753599.0000,1.371790,-0.310000
2003-04-11,3.7736404400,3.8582119800,3.8640445000,3.7692660500,2996684,78671196.0000,3.810151,2.080000
2003-04-14,3.8800839300,3.9471579100,3.9631973400,3.8786258000,1261241,33863674.0000,1.603612,2.310000
2003-04-15,3.9515323000,3.9311184800,3.9631973400,3.8800839300,779783,20927730.0000,0.991460,-0.410000
2003-04-16,3.9311184800,3.8625863700,3.9952762000,3.8523794600,1701715,45879208.0000,2.163655,-1.740000
2003-04-17,3.8713351500,3.8319656400,3.8917489700,3.8275912500,759887,20049212.0000,0.966163,-0.790000
2003-04-18,3.8421725500,3.8465469400,3.9048721400,3.8421725500,533932,14169319.0000,0.678871,0.380000
2003-04-21,3.8407144200,3.7284384100,3.8494632000,3.7182315000,1130153,29053506.0000,1.436940,-3.070000
2003-04-22,3.7255221500,3.7138571100,3.7619754000,3.7109408500,513114,13111434.0000,0.652402,-0.390000
2003-04-23,3.7153152400,3.6511575200,3.7240640200,3.6467831300,581664,14679641.0000,0.739560,-1.690000
2003-04-24,3.6511575200,3.6030392300,3.6671969500,3.6015811000,974938,24258559.0000,1.239591,-1.320000
2003-04-25,3.6278274400,3.6380343500,3.6963595500,3.6161624000,700841,17541876.0000,0.891088,0.970000
2003-04-28,3.6380343500,3.6657388200,3.6715713400,3.5724185000,784532,19413811.0000,0.997498,0.760000
2003-04-29,3.6963595500,3.6132461400,3.6992758100,3.5724185000,984093,24464578.0000,1.251231,-1.430000
2003-04-30,3.6161624000,3.6730294700,3.7123989800,3.6044973600,1349930,33816176.0000,1.716376,1.650000
2003-05-12,3.6744876000,3.6409506100,3.7007339400,3.6380343500,735120,18413860.0000,0.934673,-0.870000
2003-05-13,3.6453250000,3.4499355800,3.6467831300,3.4484774500,1523540,36698786.0000,1.937114,-5.250000
2003-05-14,3.4630587500,3.4703494000,3.4995120000,3.4411868000,934222,22223327.0000,1.187822,0.590000
2003-05-15,3.4849307000,3.5797091500,3.5869998000,3.4703494000,1041706,25192950.0000,1.324483,3.150000
2003-05-16,3.5869998000,3.5563790700,3.5972067100,3.5140933000,965805,23550103.0000,1.227978,-0.650000
2003-05-19,3.5724185000,3.6526156500,3.6890689000,3.5724185000,1289908,32321424.0000,1.640061,2.710000
2003-05-20,3.6482412600,3.6088717500,3.6526156500,3.5942904500,514816,12771620.0000,0.654566,-1.200000
2003-05-21,3.6088717500,3.6015811000,3.6569900400,3.6015811000,316358,7874689.0000,0.402235,-0.200000
2003-05-22,3.5884579300,3.6307437000,3.6438668700,3.5869998000,309946,7672879.0000,0.394083,0.810000
2003-05-23,3.6307437000,3.6059554900,3.6322018300,3.5724185000,688996,17042735.0000,0.876028,-0.680000
2003-05-26,3.6015811000,3.6205367900,3.6569900400,3.5986648400,998501,24833946.0000,1.269550,0.400000
2003-05-27,3.6234530500,3.6278274400,3.6424087400,3.5942904500,362268,8973935.0000,0.460608,0.200000
2003-05-28,3.6453250000,3.6671969500,3.7576010100,3.6307437000,961797,24413346.0000,1.222882,1.090000
2003-05-29,3.6599063000,3.7021920700,3.7328128000,3.6482412600,515602,13025241.0000,0.655565,0.950000
2003-05-30,3.7517684900,3.8115518200,3.8305075100,3.7094827200,1818094,47295540.0000,2.311626,2.950000
2003-06-02,3.8232168600,3.7969705200,3.8275912500,3.7634335300,625851,16282794.0000,0.795742,-0.380000
2003-06-03,3.7969705200,3.7459359700,3.8130099500,3.7415615800,553665,14325999.0000,0.703961,-1.340000
2003-06-04,3.7401034500,3.7240640200,3.7576010100,3.6905270300,399590,10206523.0000,0.508061,-0.580000
2003-06-05,3.7226058900,3.7269802800,3.7882217400,3.7109408500,679898,17422312.0000,0.864460,0.080000
2003-06-06,3.7269802800,3.6992758100,3.7298965400,3.6744876000,359633,9123796.0000,0.457257,-0.740000
2003-06-09,3.6963595500,3.6919851600,3.7109408500,3.6759457300,243618,6174170.0000,0.309750,-0.200000
2003-06-10,3.6963595500,3.7123989800,3.7401034500,3.6949014200,162842,4142275.0000,0.207046,0.550000
2003-06-11,3.7123989800,3.7342709300,3.7401034500,3.7123989800,301825,7712445.0000,0.383757,0.590000
2003-06-12,3.7342709300,3.7342709300,3.7342709300,3.7342709300,0,0.0000,,0.000000
2003-06-13,3.7328128000,3.7401034500,3.7736404400,3.7255221500,320027,8241151.0000,0.406900,0.160000
2003-06-16,3.7401034500,3.6949014200,3.7401034500,3.6876107700,201265,5108268.0000,0.255900,-1.210000
2003-06-17,3.6978176800,3.6671969500,3.7036502000,3.6467831300,299430,7523686.0000,0.380712,-0.750000
2003-06-18,3.6671969500,3.6482412600,3.7109408500,3.6380343500,318483,8004964.0000,0.404937,-0.520000
2003-06-19,3.6511575200,3.6307437000,3.6817782500,3.6088717500,326009,8113184.0000,0.414506,-0.480000
2003-06-20,3.6380343500,3.6453250000,3.6744876000,3.6234530500,167090,4175134.0000,0.212448,0.400000
2003-06-23,3.6453250000,3.7065664600,3.7546847500,3.6380343500,781120,19907731.0000,0.993160,1.680000
2003-06-24,3.7065664600,3.7153152400,3.7298965400,3.6890689000,169436,4313862.0000,0.215430,0.240000
2003-06-25,3.7153152400,3.7109408500,3.7765567000,3.6978176800,420470,10783228.0000,0.534609,-0.120000
2003-06-26,3.7109408500,3.6730294700,3.7401034500,3.6205367900,447705,11265141.0000,0.569237,-1.020000
2003-06-27,3.6744876000,3.6409506100,3.7036502000,3.6307437000,271970,6835321.0000,0.345798,-0.870000
2003-06-30,3.6453250000,3.6394924800,3.6599063000,3.6380343500,352014,8803181.0000,0.447570,-0.040000
2003-07-01,3.6307437000,3.6803201200,3.6890689000,3.6307437000,488577,12302828.0000,0.621204,1.120000
2003-07-02,3.6744876000,3.6599063000,3.6744876000,3.6453250000,133689,3354437.0000,0.169980,-0.550000
2003-07-03,3.6628225600,3.6511575200,3.6817782500,3.6292855700,287867,7192931.0000,0.366010,-0.240000
2003-07-04,3.6453250000,3.6438668700,3.6642806900,3.6380343500,219720,5492526.0000,0.279364,-0.200000
2003-07-07,3.6467831300,3.6263693100,3.6584481700,3.6161624000,166992,4154239.0000,0.212323,-0.480000
2003-07-08,3.6380343500,3.6701132100,3.6715713400,3.6322018300,227232,5693893.0000,0.288915,1.210000
2003-07-09,3.6686550800,3.6526156500,3.6730294700,3.6424087400,148399,3722710.0000,0.188683,-0.480000
2003-07-10,3.6730294700,3.7371871900,3.7532266200,3.6496993900,628810,16057693.0000,0.799504,2.320000
2003-07-11,3.7444778400,3.7473941000,3.7736404400,3.7313546700,576371,14825594.0000,0.732830,0.270000
2003-07-14,3.7910442500,3.8443937000,3.8799600000,3.7506280000,867430,20533771.0000,1.002635,2.590000
2003-07-15,3.8314605000,3.8621768500,3.9106763500,3.8120607000,666082,15884705.0000,0.769903,0.460000
2003-07-16,3.8637935000,3.8848099500,3.9122930000,3.8573269000,779619,18717481.0000,0.901137,0.590000
2003-07-17,3.8880432500,3.9122930000,3.9607925000,3.8799600000,997825,24185340.0000,1.153355,0.710000
2003-07-18,3.9122930000,3.8169106500,3.9284595000,3.8007441500,962967,23126678.0000,1.113064,-2.440000
2003-07-21,3.7991275000,3.8314605000,3.8443937000,3.7764944000,711248,16722758.0000,0.822109,0.380000
2003-07-22,3.8169106500,3.8508603000,3.8718767500,3.8169106500,310943,7381958.0000,0.359409,0.510000
2003-07-23,3.8508603000,3.8524769500,3.8718767500,3.8152940000,559227,13316655.0000,0.646393,0.040000
2003-07-24,3.8524769500,3.8233772500,3.8524769500,3.8152940000,145051,3437577.0000,0.167660,-0.760000
2003-07-25,3.8233772500,3.7667945000,3.8314605000,3.7376948000,287594,6717751.0000,0.332421,-1.480000
2003-07-28,3.7748777500,3.7554779500,3.7829610000,3.7506280000,188548,4383607.0000,0.217937,-0.300000
2003-07-29,3.7748777500,3.7829610000,3.7975108500,3.7506280000,130378,3043368.0000,0.150700,0.730000
2003-07-30,3.8120607000,3.7748777500,3.8120607000,3.7473947000,273090,6375509.0000,0.315656,-0.210000
2003-07-31,3.7748777500,3.7425447500,3.7748777500,3.7053618000,224938,5205478.0000,0.259999,-0.860000
2003-08-01,3.7182950000,3.7005118500,3.7393114500,3.6778787500,325583,7459787.0000,0.376331,-1.120000
2003-08-04,3.6859620000,3.7005118500,3.7021285000,3.6536290000,270968,6168033.0000,0.313203,0.000000
2003-08-05,3.7005118500,3.7312282000,3.7328448500,3.6778787500,193039,4411194.0000,0.223128,0.830000
2003-08-06,3.7312282000,3.7506280000,3.7538613000,3.7037451500,228444,5272928.0000,0.264051,0.520000
2003-08-07,3.7182950000,3.7215283000,3.7344615000,3.7069784500,75057,1725955.0000,0.086756,-0.780000
2003-08-08,3.7037451500,3.6827287000,3.7263782500,3.6714121500,186507,4268481.0000,0.215578,-1.040000
2003-08-11,3.6552456500,3.6746454500,3.6827287000,3.6552456500,99632,2260732.0000,0.115162,-0.220000
2003-08-12,3.6778787500,3.7166783500,3.7344615000,3.6778787500,75207,1725279.0000,0.086929,1.140000
2003-08-13,3.7021285000,3.7134450500,3.7199116500,3.7021285000,180270,4138095.0000,0.208368,-0.090000
2003-08-14,3.6875786500,3.6859620000,3.7166783500,3.6811120500,190650,4369482.0000,0.220366,-0.740000
2003-08-15,3.6827287000,3.6875786500,3.7005118500,3.6794954000,92840,2117303.0000,0.107311,0.040000
2003-08-18,3.6875786500,3.6778787500,3.6956619000,3.6746454500,89030,2029145.0000,0.102907,-0.260000
2003-08-19,3.6762621000,3.6827287000,3.6988952000,3.6665622000,114097,2595147.0000,0.131881,0.130000
2003-08-20,3.6859620000,3.6649455500,3.6859620000,3.6536290000,86875,1967310.0000,0.100416,-0.480000
2003-08-21,3.6617122500,3.5889630000,3.6859620000,3.3949650000,455128,9879703.0000,0.526068,-2.070000
2003-08-22,3.5889630000,3.5210637000,3.6277626000,3.5097471500,386467,8446625.0000,0.446705,-1.890000
2003-08-25,3.4919640000,3.4515477500,3.5000472500,3.4434645000,234532,5036822.0000,0.271088,-1.970000
2003-08-26,3.4515477500,3.4531644000,3.4757975000,3.4434645000,100100,2141565.0000,0.115702,0.050000
2003-08-27,3.4531644000,3.5356135500,3.7134450500,3.4531644000,424621,9547143.0000,0.490806,2.390000
2003-08-28,3.4935806500,3.5081305000,3.5501634000,3.4806474500,144678,3148383.0000,0.167229,-0.780000
2003-08-29,3.5162137500,3.4774141500,3.5242970000,3.4434645000,275200,5896174.0000,0.318095,-0.880000
2003-09-01,3.5065138500,3.5339969000,3.5372302000,3.4531644000,495174,10737291.0000,0.572356,1.630000
2003-09-02,3.5275303000,3.5711798500,3.6374625000,3.5275303000,720637,15963063.0000,0.832962,1.050000
2003-09-03,3.5727965000,3.5679465500,3.6002795500,3.5372302000,116140,2555237.0000,0.134243,-0.090000
2003-09-04,3.5695632000,3.5388468500,3.5970462500,3.5339969000,124451,2733564.0000,0.143849,-0.820000
2003-09-05,3.5388468500,3.4757975000,3.5388468500,3.3949650000,581204,12436931.0000,0.671796,-1.780000
2003-09-08,3.4466978000,3.4596310000,3.4757975000,3.4240647000,181364,3877014.0000,0.209633,-0.470000
2003-09-09,3.4596310000,3.4547810500,3.4725642000,3.3949650000,356254,7588439.0000,0.411783,-0.140000
2003-09-10,3.4547810500,3.4596310000,3.5339969000,3.4127481500,204150,4387546.0000,0.235971,0.140000
2003-09-11,3.4612476500,3.4466978000,3.4741808500,3.4434645000,100995,2160179.0000,0.116737,-0.370000
2003-09-12,3.4466978000,3.4305313000,3.4466978000,3.4175981000,280319,5941702.0000,0.324012,-0.470000
2003-09-15,3.4289146500,3.4111315000,3.4531644000,3.3949650000,264887,5601667.0000,0.306175,-0.570000
2003-09-16,3.4111315000,3.4143648000,3.4434645000,3.3658653000,181172,3803937.0000,0.209411,0.090000
2003-09-17,3.4402312000,3.3949650000,3.4515477500,3.3949650000,678865,14360717.0000,0.784679,-0.570000
2003-09-18,3.3787985000,3.3949650000,3.4078982000,3.3787985000,119568,2508659.0000,0.138205,0.000000
2003-09-19,3.3868817500,3.3933483500,3.4111315000,3.3804151500,383015,8044199.0000,0.442715,-0.050000
2003-09-22,3.4111315000,3.3755652000,3.4111315000,3.3642486500,118686,2488640.0000,0.137185,-0.520000
2003-09-23,3.3787985000,3.3755652000,3.3949650000,3.3480821500,95552,1991592.0000,0.110446,0.000000
2003-09-24,3.4208314000,3.4272980000,3.4305313000,3.3787985000,228521,4821609.0000,0.264140,1.530000
2003-09-25,3.4272980000,3.4272980000,3.4272980000,3.3868817500,213830,4498042.0000,0.247159,0.000000
2003-09-26,3.4224480500,3.4305313000,3.4596310000,3.3965816500,265450,5638160.0000,0.306825,0.090000
2003-09-29,3.4111315000,3.4127481500,3.4256813500,3.4062815500,188806,3986232.0000,0.218235,-0.520000
2003-09-30,3.4143648000,3.4337646000,3.4580143500,3.4143648000,144327,3068648.0000,0.166823,0.620000
2003-10-08,3.4143648000,3.4353812500,3.4418478500,3.3949650000,85201,1802810.0000,0.098481,0.050000
2003-10-09,3.4272980000,3.4272980000,3.4434645000,3.4127481500,113520,2406369.0000,0.131214,-0.240000
2003-10-10,3.4159814500,3.4919640000,3.5000472500,3.4095148500,133710,2869291.0000,0.154551,1.890000
2003-10-13,3.4919640000,3.5000472500,3.5081305000,3.4596310000,161982,3500004.0000,0.187230,0.230000
2003-10-14,3.4887307000,3.5048972000,3.5113638000,3.4644809500,179218,3875773.0000,0.207153,0.140000
2003-10-15,3.5162137500,3.5016639000,3.5323802500,3.4951973000,116127,2523298.0000,0.134228,-0.090000
2003-10-16,3.5016639000,3.4709475500,3.5162137500,3.4563977000,149039,3206207.0000,0.172270,-0.880000
2003-10-17,3.4693309000,3.4531644000,3.4709475500,3.4434645000,82288,1759531.0000,0.095114,-0.510000
2003-10-20,3.4563977000,3.4531644000,3.4757975000,3.4450811500,92842,1986082.0000,0.107313,0.000000
2003-10-21,3.4580143500,3.4596310000,3.4838807500,3.4531644000,66391,1421413.0000,0.076739,0.190000
2003-10-22,3.4677142500,3.5259136500,3.5372302000,3.4677142500,216321,4701448.0000,0.250039,1.920000
2003-10-23,3.5259136500,3.5016639000,3.5404635000,3.5016639000,225161,4898910.0000,0.260257,-0.690000
2003-10-24,3.4919640000,3.4757975000,3.5000472500,3.4757975000,97100,2091740.0000,0.112235,-0.740000
2003-10-27,3.4725642000,3.4289146500,3.4757975000,3.4143648000,365566,7761245.0000,0.422546,-1.350000
2003-10-28,3.4272980000,3.4483144500,3.5000472500,3.4272980000,298328,6367834.0000,0.344828,0.570000
2003-10-29,3.4483144500,3.5550133500,3.5598633000,3.4483144500,708496,15341314.0000,0.818929,3.090000
2003-10-30,3.5727965000,3.5695632000,3.6051295000,3.5259136500,930982,20522203.0000,1.076093,0.410000
2003-10-31,3.6374625000,3.6196793500,3.6374625000,3.5614799500,578462,12895253.0000,0.668626,1.400000
2003-11-03,3.6665622000,3.6778787500,3.6891953000,3.6099794500,487826,11043553.0000,0.563863,1.610000
2003-11-04,3.6794954000,3.7700278000,3.8152940000,3.6778787500,1538786,35781199.0000,1.778635,2.510000
2003-11-05,3.7570946000,3.8120607000,3.8557102500,3.7425447500,1731226,40944023.0000,2.001070,1.110000
2003-11-06,3.8266105500,3.7878109500,3.8314605000,3.7667945000,627370,14718968.0000,0.725157,-0.640000
2003-11-07,3.7667945000,3.7037451500,3.7829610000,3.6697955000,749701,17267141.0000,0.866556,-2.220000
2003-11-10,3.7182950000,3.7263782500,3.7490113500,3.6827287000,276093,6335394.0000,0.319127,0.610000
2003-11-11,3.7263782500,3.7587112500,3.7748777500,3.7102117500,260167,6018093.0000,0.300719,0.870000
2003-11-12,3.7182950000,3.7182950000,3.7667945000,3.7182950000,296058,6839594.0000,0.342204,-1.080000
2003-11-13,3.7166783500,3.6924286000,3.7376948000,3.6697955000,210393,4796537.0000,0.243187,-0.700000
2003-11-14,3.6859620000,3.7182950000,3.7312282000,3.6617122500,227357,5200996.0000,0.262795,0.700000
2003-11-17,3.7312282000,3.7134450500,3.7376948000,3.6988952000,171102,3937139.0000,0.197771,-0.130438
2003-11-18,3.7182950000,3.6778787500,3.7182950000,3.6697955000,244993,5590828.0000,0.283180,-0.960000
2003-11-19,3.6778787500,3.7102117500,3.7166783500,3.6552456500,314682,7192949.0000,0.363731,0.880000
2003-11-20,3.6940452500,3.7263782500,3.7457780500,3.6859620000,498785,11467710.0000,0.576530,0.440000
2003-11-21,3.7797277000,3.7150617000,3.7829610000,3.7037451500,182592,4207140.0000,0.211052,-0.300000
2003-11-24,3.7312282000,3.7603279000,3.7667945000,3.6859620000,249784,5751645.0000,0.288718,1.220000
2003-11-25,3.7667945000,3.7490113500,3.7667945000,3.7102117500,334901,7752298.0000,0.387102,-0.300000
2003-11-26,3.7182950000,3.7506280000,3.7587112500,3.7021285000,340195,7832142.0000,0.393221,0.040000
2003-11-27,3.7328448500,3.7263782500,3.7975108500,3.7069784500,584705,13553445.0000,0.675842,-0.650000
2003-11-28,3.7328448500,3.7150617000,3.7328448500,3.6940452500,310480,7138329.0000,0.358874,-0.300000
2003-12-01,3.7667945000,3.7199116500,3.7667945000,3.6940452500,876473,20159528.0000,1.013088,0.130000
2003-12-02,3.7490113500,3.7473947000,3.7603279000,3.7182950000,694387,16075321.0000,0.802620,0.740000
2003-12-03,3.7587112500,3.8023608000,3.8476270000,3.7473947000,1357229,31788191.0000,1.568779,1.470000
2003-12-04,3.8088274000,3.7861943000,3.8282272000,3.7684111500,816032,19152457.0000,0.943226,-0.430000
2003-12-05,3.7829610000,3.8589435500,3.8637935000,3.7684111500,2033561,48018185.0000,2.350530,1.920000
2003-12-08,3.8637935000,3.8298438500,3.8654101500,3.8120607000,353292,8392000.0000,0.408359,-0.750000
2003-12-09,3.8282272000,3.8072107500,3.8411604000,3.7910442500,379646,8935849.0000,0.438821,-0.590000
2003-12-10,3.8443937000,3.8346938000,3.8443937000,3.8023608000,536001,12660246.0000,0.619547,0.720000
2003-12-11,3.8395437500,3.8039774500,3.8540936000,3.8007441500,464016,10986759.0000,0.536342,-0.800000
2003-12-12,3.8039774500,3.8023608000,3.8136773500,3.7926609000,193225,4539656.0000,0.223343,-0.040000
2003-12-15,3.8023608000,3.8152940000,3.8298438500,3.7861943000,186242,4392702.0000,0.215271,0.340000
2003-12-16,3.8136773500,3.8055941000,3.8314605000,3.7506280000,333216,7816685.0000,0.385154,-0.250000
2003-12-17,3.8120607000,3.8831933000,3.9284595000,3.8120607000,828265,19926940.0000,0.957366,2.040000
2003-12-18,3.8799600000,3.9155263000,3.9236095500,3.8476270000,570803,13788180.0000,0.659773,0.830000
2003-12-19,3.9236095500,3.8799600000,3.9236095500,3.8492436500,582724,14005567.0000,0.673553,-0.910000
2003-12-22,3.8799600000,3.9527092500,3.9575592000,3.8314605000,625396,15017997.0000,0.722876,1.870000
2003-12-23,3.9527092500,3.9818089500,4.0189919000,3.9219929000,1033364,25513368.0000,1.194433,0.740000
2003-12-24,3.9898922000,4.0771913000,4.0852745500,3.9640258000,704315,17578282.0000,0.814096,2.400000
2003-12-25,4.0771913000,4.0497082500,4.0901245000,4.0432416500,743141,18686453.0000,0.858974,-0.670000
2003-12-26,4.0416250000,4.0868912000,4.1143742500,4.0254585000,515311,12938394.0000,0.595632,0.920000
2003-12-29,4.0868912000,4.0868912000,4.0868912000,4.0868912000,0,0.0000,,0.000000
2003-12-30,4.0707247000,4.1224575000,4.1515572000,4.0109086500,413823,10461733.0000,0.478325,0.870000
2003-12-31,4.1224575000,4.1062910000,4.1224575000,4.0788079500,551077,13951355.0000,0.636973,-0.390000
2004-01-02,4.0432416500,4.0723413500,4.1192242000,4.0416250000,651376,16401867.0000,0.752905,-0.830000
2004-01-05,4.0577915000,4.2679560000,4.2760392500,4.0577915000,853975,22096848.0000,0.987083,4.800000
2004-01-06,4.2841225000,4.3584884000,4.3940547000,4.2841225000,946736,25293426.0000,1.094303,2.120000
2004-01-07,4.3439385500,4.3568717500,4.3940547000,4.2566394500,1133619,30614269.0000,1.310315,-0.040000
2004-01-08,4.3649550000,4.4328543000,4.4425542000,4.3455552000,860742,23401787.0000,0.994905,1.740000
2004-01-09,4.4457875000,4.2372396500,4.4457875000,4.2113732500,882159,23829502.0000,1.019660,-4.410000
2004-01-12,4.2032900000,4.2889724500,4.3002890000,4.1758069500,649072,16933810.0000,0.750242,1.220000
2004-01-13,4.3326220000,4.4619540000,4.4748872000,4.3326220000,1342121,36807002.0000,1.551316,4.030000
2004-01-14,4.4619540000,4.6672685500,4.7125347500,4.4247710500,2509574,71681040.0000,2.900739,4.600000
2004-01-15,4.6074525000,4.5718862000,4.6737351500,4.5282366500,1017093,29112473.0000,1.175626,-2.040000
2004-01-16,4.5460198000,4.6058358500,4.6640352500,4.5266200000,740755,21179706.0000,0.856216,0.740000
2004-01-29,4.5266200000,4.6818184000,4.6915183000,4.5266200000,535372,15425466.0000,0.618820,1.650000
2004-01-30,4.6785851000,4.5460198000,4.6963682500,4.5427865000,778523,22429306.0000,0.899871,-2.900000
2004-02-02,4.6074525000,4.6753518000,4.7448677500,4.5751195000,3130494,90694934.0000,3.618441,2.840000
2004-02-03,4.6882850000,4.6882850000,4.7141514000,4.6430188000,812768,23508437.0000,0.939453,0.280000
2004-02-04,4.6882850000,4.6866683500,4.7125347500,4.6559520000,864639,25042786.0000,0.999409,-0.030000
2004-02-05,4.6688852000,4.5573363500,4.6866683500,4.5427865000,925663,26274156.0000,1.069945,-2.760000
2004-02-06,4.5266200000,4.4991369500,4.6236190000,4.4716539000,1292587,36392591.0000,1.494061,-1.280000
2004-02-09,4.5072202000,4.5492531000,4.5896693500,4.4748872000,577836,16136748.0000,0.667903,1.110000
2004-02-10,4.5557197000,4.4894370500,4.5735028500,4.4813538000,289139,8054689.0000,0.334207,-1.310000
2004-02-11,4.5266200000,4.4651873000,4.5266200000,4.4296210000,448803,12391205.0000,0.518757,-0.540000
2004-02-12,4.4765038500,4.4684206000,4.5589530000,4.4457875000,223103,6196653.0000,0.257878,0.070000
2004-02-13,4.4781205000,4.5088368500,4.5427865000,4.4554874000,253139,7068284.0000,0.292596,0.900000
2004-02-16,4.5088368500,4.6317022500,4.6397855000,4.5088368500,408151,11599148.0000,0.471769,2.720000
2004-02-17,4.6478687500,4.6139191000,4.6478687500,4.6090691500,723631,20708523.0000,0.836423,-0.380000
2004-02-18,4.6139191000,4.7028348500,4.7610342500,4.5654196000,970385,28085541.0000,1.121638,1.930000
2004-02-19,4.7044515000,4.6559520000,4.7125347500,4.6365522000,615535,17792327.0000,0.711478,-1.000000
2004-02-20,4.6252356500,4.6446354500,4.6688852000,4.5945193000,325602,9294561.0000,0.376353,-0.240000
2004-02-23,4.6802017500,4.5266200000,4.6850517000,4.5136868000,423426,11943403.0000,0.489425,-2.540000
2004-02-24,4.5072202000,4.5638029500,4.5896693500,4.4554874000,824540,22993324.0000,0.953060,0.820000
2004-02-25,4.5670362500,4.4166878000,4.6478687500,4.4134545000,559568,15651947.0000,0.646787,-3.220000
2004-02-26,4.4296210000,4.5670362500,4.5718862000,4.3972880000,1031348,28613246.0000,1.192103,3.400000
2004-02-27,4.5718862000,4.5912860000,4.5945193000,4.4862037500,443137,12479813.0000,0.512208,0.530000
2004-03-01,4.5832027500,4.6123024500,4.6203857000,4.5282366500,293833,8324629.0000,0.339632,0.460000
2004-03-02,4.5589530000,5.0326314500,5.0730477000,4.5589530000,2518762,75299463.0000,2.911359,9.110000
2004-03-03,5.0407147000,4.9614988500,5.1086140000,4.9129993500,2466123,76280342.0000,2.850515,-1.410000
2004-03-04,4.9437157000,4.9340158000,4.9792820000,4.8919829000,571829,17429571.0000,0.660959,-0.550000
2004-03-05,4.9469490000,4.9501823000,5.0439480000,4.8984495000,411731,12628392.0000,0.475907,0.330000
2004-03-08,4.9469490000,4.8644998500,5.0116150000,4.8014505000,632755,19124563.0000,0.731382,-1.730000
2004-03-09,4.8661165000,4.8337835000,4.8984495000,4.8095337500,449214,13474582.0000,0.519233,-0.630000
2004-03-10,4.8046838000,4.9049161000,4.9146160000,4.8046838000,311677,9368573.0000,0.360258,1.470000
2004-03-11,4.8499500000,4.9938318500,4.9954485000,4.8499500000,696695,21204913.0000,0.805288,1.810000
2004-03-12,5.1716633500,5.2864455000,5.3834445000,5.1005307500,3785209,123629708.0000,4.375205,5.860000
2004-03-15,5.2783622500,5.4028443000,5.4157775000,5.2379460000,1898572,62741210.0000,2.194500,2.200000
2004-03-16,5.4028443000,5.6437251500,5.7294076000,5.3527281500,3095761,106413222.0000,3.578294,4.460000
2004-03-17,5.6259420000,5.6437251500,5.6986912500,5.5467261500,1341120,46683001.0000,1.550159,0.000000
2004-03-18,5.6437251500,5.6534250500,5.7067745000,5.6097755000,1570380,55053859.0000,1.815153,0.170000
2004-03-19,5.6437251500,5.6372585500,5.7100078000,5.5936090000,1474395,51625581.0000,1.704207,-0.290000
2004-03-22,5.6582750000,5.5806758000,5.6873747000,5.5774425000,1020625,35526463.0000,1.179709,-1.000000
2004-03-23,5.5499594500,5.4658936500,5.5774425000,5.4222441000,1390974,47091718.0000,1.607784,-2.060000
2004-03-24,5.4481105000,5.6663582500,5.6906080000,5.4287107000,1329574,46222270.0000,1.536813,3.670000
2004-03-25,5.6340252500,5.5063099000,5.6906080000,5.4804435000,1493138,51190803.0000,1.725872,-2.820000
2004-03-26,5.5774425000,5.6146254500,5.6372585500,5.3591947500,1741546,59748602.0000,2.012999,1.970000
2004-03-29,5.6146254500,5.5418762000,5.7471907500,5.5289430000,1128175,39480878.0000,1.304022,-1.300000
2004-03-30,5.5289430000,5.6146254500,5.6259420000,5.5046932500,587654,20288601.0000,0.679251,1.310000
2004-03-31,5.6097755000,5.6647416000,5.6906080000,5.5903757000,731013,25543352.0000,0.844955,0.890000
2004-04-01,5.6243253500,5.7213243500,5.7391075000,5.6243253500,850421,29966660.0000,0.982975,1.000000
2004-04-02,5.7148577500,5.8668228500,5.9007725000,5.7148577500,1881821,67825517.0000,2.175138,2.540000
2004-04-05,5.8684395000,6.0220212500,6.0462710000,5.8684395000,1863134,68785082.0000,2.153539,2.650000
2004-04-06,6.0462710000,6.0187879500,6.0462710000,5.9654385000,713567,26461490.0000,0.824790,-0.050000
2004-04-07,6.0236379000,6.2839185500,6.3130182500,6.0236379000,1869220,72038041.0000,2.160573,4.410000
2004-04-08,6.2887685000,6.5441992000,6.5506658000,6.2596688000,1591324,63361314.0000,1.839362,4.140000
2004-04-09,6.5393492500,6.3372680000,6.5393492500,6.3340347000,3432280,135738045.0000,3.967266,-3.160000
2004-04-12,6.2887685000,6.2661354000,6.3857675000,6.1917695000,1027224,39974344.0000,1.187336,-1.120000
2004-04-13,6.2887685000,6.3291847500,6.3696010000,6.2402690000,1552441,60506087.0000,1.794418,1.010000
2004-04-14,6.2806852500,6.1675197500,6.3033183500,6.0786040000,1554383,59198319.0000,1.796663,-2.550000
2004-04-15,6.1432700000,6.1368034000,6.2402690000,6.1109370000,595863,22690028.0000,0.688740,-0.500000
2004-04-16,6.1141703000,6.1416533500,6.2208692000,6.0462710000,449778,17042489.0000,0.519884,0.080000
2004-04-19,6.1432700000,5.9573552500,6.1432700000,5.9492720000,589701,22127813.0000,0.681617,-3.000000
2004-04-20,5.9492720000,6.0139380000,6.0592042000,5.8700561500,770592,28305520.0000,0.890703,0.950000
2004-04-21,6.0446543500,5.9217889500,6.0624375000,5.8522730000,399419,14703155.0000,0.461676,-1.530000
2004-04-22,5.9007725000,5.9169390000,5.9492720000,5.8522730000,825244,30019962.0000,0.953874,-0.080000
2004-04-23,5.8846060000,5.9444220500,5.9460387000,5.8522730000,806507,29417711.0000,0.932216,0.460000
2004-04-26,5.9072391000,6.0171713000,6.0414210500,5.8846060000,660339,24414409.0000,0.763265,1.220000
2004-04-27,6.0220212500,6.1287201500,6.3049350000,6.0220212500,2059748,78913119.0000,2.380799,1.850000
2004-04-28,6.1271035000,6.0705207500,6.1271035000,5.9977715000,559678,21005617.0000,0.646914,-0.950000
2004-04-29,6.2208692000,5.9266389000,6.2726020000,5.7391075000,1738326,62795124.0000,2.009277,-2.370000
2004-04-30,5.8668228500,6.0511209500,6.0624375000,5.8215566500,1296166,47858161.0000,1.498198,2.100000
2004-05-10,6.0301045000,5.8571229500,6.0462710000,5.7520407000,800364,28883861.0000,0.925116,-3.210000
2004-05-11,5.7795237500,5.8264066000,5.9492720000,5.7795237500,673423,24441916.0000,0.778389,-0.520000
2004-05-12,5.8231733000,5.9508886500,5.9573552500,5.8215566500,868446,31635698.0000,1.003810,2.140000
2004-05-13,5.9007725000,6.1093203500,6.1109370000,5.9007725000,1472022,55043074.0000,1.701464,2.660000
2004-05-14,6.1238702000,6.0543542500,6.1416533500,5.9492720000,602882,22432732.0000,0.696853,-0.900000
2004-05-17,6.0252545500,5.9363388000,6.0252545500,5.8716728000,338903,12486993.0000,0.391727,-1.950000
2004-05-18,5.9411887500,5.8538896500,6.0139380000,5.6582750000,1938338,70073744.0000,2.240465,-1.390000
2004-05-19,5.9007725000,5.9153223500,5.9977715000,5.8280232500,480010,17709875.0000,0.554829,1.050000
2004-05-20,5.8846060000,5.8975392000,5.9266389000,5.8458064000,249530,9068633.0000,0.288424,-0.300000
2004-05-21,5.8975392000,5.8846060000,5.9331055000,5.7892236500,129100,4704499.0000,0.149223,-0.220000
2004-05-24,5.8781394000,5.8199400000,5.9007725000,5.8118567500,156303,5641346.0000,0.180666,-1.100000
2004-05-25,5.8086234500,5.7956902500,5.9007725000,5.7876070000,514661,18589609.0000,0.594881,-0.420000
2004-05-26,5.7973069000,5.8264066000,5.8425731000,5.7585073000,277641,10011880.0000,0.320917,0.530000
2004-05-27,5.9169390000,5.9007725000,5.9783717000,5.8199400000,375869,13778597.0000,0.434455,1.280000
2004-05-28,5.8846060000,5.9622052000,5.9767550500,5.8684395000,195159,7168549.0000,0.225578,1.040000
2004-05-31,5.9622052000,5.9622052000,5.9622052000,5.9622052000,0,0.0000,,0.000000
2004-06-01,5.9622052000,6.0462710000,6.0543542500,5.9605885500,363771,13507855.0000,0.420472,1.410000
2004-06-02,6.0462710000,5.9557386000,6.0462710000,5.9492720000,238130,8832775.0000,0.275247,-1.500000
2004-06-03,5.9654385000,5.9492720000,6.0252545500,5.9007725000,78244,2869881.0000,0.090440,-0.110000
2004-06-04,5.8538896500,5.8652062000,5.9622052000,5.8344898500,207044,7529168.0000,0.239316,-1.410000
2004-06-07,5.8247899500,5.8781394000,5.8975392000,5.8118567500,245352,8856253.0000,0.283595,0.220000
2004-06-08,5.8215566500,5.8700561500,5.8959225500,5.8037735000,335716,12115216.0000,0.388044,-0.140000
2004-06-09,5.8215566500,5.8183233500,5.8813727000,5.7876070000,472471,17036585.0000,0.546115,-0.880000
2004-06-10,5.8199400000,5.5451095000,5.8684395000,5.5046932500,2441416,84607735.0000,2.821957,-4.700000
2004-06-11,5.5063099000,5.5790591500,5.6744415000,5.5063099000,923677,31913342.0000,1.067650,0.610000
2004-06-14,5.5451095000,5.3996110000,5.5548094000,5.3672780000,1193222,40393296.0000,1.379208,-3.220000
2004-06-15,5.3882944500,5.4254774000,5.4448772000,5.2379460000,2148447,70392158.0000,2.483323,0.480000
2004-06-16,5.4157775000,5.5677426000,5.6000756000,5.3834445000,662343,22482333.0000,0.765582,2.620000
2004-06-17,5.5677426000,5.3559614500,5.5677426000,5.3058453000,1481615,49602583.0000,1.712553,-3.800000
2004-06-18,5.3349450000,5.3850611500,5.3996110000,5.2056130000,1167068,38053133.0000,1.348978,0.540000
2004-06-21,5.3042286500,5.4157775000,5.4287107000,5.2880621500,103422,3441885.0000,0.119542,0.570000
2004-06-22,5.4319440000,5.4966100000,5.4966100000,5.4157775000,125447,4238393.0000,0.145000,1.490000
2004-06-23,5.4885267500,5.3705113000,5.4885267500,5.3349450000,59593,1987467.0000,0.068882,-2.290000
2004-06-24,5.3705113000,5.3721279500,5.4626603500,5.3640447000,124164,4133360.0000,0.143517,0.030000
2004-06-25,5.4044609500,5.4642770000,5.6097755000,5.3478782000,369681,12619117.0000,0.427303,1.720000
2004-06-28,5.4157775000,5.5160098000,5.5612760000,5.4157775000,308020,10476223.0000,0.356031,0.950000
2004-06-29,5.5160098000,5.5111598500,5.5370262500,5.4642770000,689080,23479163.0000,0.796486,-0.090000
2004-06-30,5.5111598500,5.4723602500,5.5273263500,5.3349450000,410281,13952503.0000,0.474231,-0.700000
2004-07-01,5.3048655000,5.6674282500,5.6822700000,5.3027452500,278162,7361258.0000,0.247322,3.560000
2004-07-02,5.6822700000,5.7798015000,5.7882825000,5.5932195000,287337,7731847.0000,0.255480,1.980000
2004-07-05,5.7246750000,6.0066682500,6.0172695000,5.7246750000,520229,14545862.0000,0.462551,3.930000
2004-07-06,6.0384720000,5.9833455000,6.2292945000,5.9791050000,1635940,47067614.0000,1.454563,-0.390000
2004-07-07,5.9748645000,6.1126807500,6.1529655000,5.8730925000,1324498,38002932.0000,1.177651,2.160000
2004-07-08,6.1381237500,6.0617947500,6.1487250000,6.0448327500,235799,6779704.0000,0.209656,-0.830000
2004-07-09,6.0278707500,6.0427125000,6.1232820000,6.0278707500,163563,4678105.0000,0.145429,-0.310000
2004-07-12,6.0427125000,6.0766365000,6.1190415000,5.9579025000,432808,12351574.0000,0.384823,0.560000
2004-07-13,6.0427125000,6.2398957500,6.2547375000,6.0427125000,641932,18772253.0000,0.570761,2.690000
2004-07-14,6.2292945000,6.2674590000,6.2716995000,6.1487250000,447865,13176396.0000,0.398210,0.440000
2004-07-15,6.2674590000,6.4900852500,6.5006865000,6.2674590000,2818618,85455066.0000,2.506118,3.550000
2004-07-16,6.4922055000,6.4837245000,6.5409712500,6.3607500000,587664,17947709.0000,0.522510,-0.100000
2004-07-19,6.4858447500,6.4773637500,6.5282497500,6.3459082500,850801,25718864.0000,0.756473,-0.100000
2004-07-20,6.4561612500,6.4667625000,6.4773637500,6.3649905000,786877,23908753.0000,0.699636,-0.160000
2004-07-21,6.4667625000,6.5409712500,6.5515725000,6.3989145000,753375,23041353.0000,0.669848,1.150000
2004-07-22,6.5303700000,6.5240092500,6.7551165000,6.4879650000,2793623,87061727.0000,2.483894,-0.260000
2004-07-23,6.4667625000,6.6703065000,6.6787875000,6.4455600000,1055181,32608304.0000,0.938193,2.240000
2004-07-26,6.6999900000,6.5346105000,6.6999900000,6.4201170000,661689,20362836.0000,0.588328,-2.030000
2004-07-27,6.5515725000,6.3225855000,6.5515725000,6.3119842500,1111274,33370357.0000,0.988067,-3.240000
2004-07-28,6.5006865000,6.2504970000,6.5006865000,6.1105605000,884660,25861812.0000,0.786578,-1.140000
2004-07-29,6.2123325000,6.2823007500,6.2929020000,6.1550857500,341364,10010293.0000,0.303517,0.510000
2004-07-30,6.2547375000,6.3755917500,6.4370790000,6.2547375000,249072,7475971.0000,0.221457,1.480000
2004-08-02,6.3713512500,6.3077437500,6.4243575000,6.2547375000,732758,21734520.0000,0.651517,-1.060000
2004-08-03,6.2547375000,6.2314147500,6.3501487500,6.2144527500,776010,22860312.0000,0.689974,-1.210000
2004-08-04,6.1868895000,6.3374272500,6.3607500000,6.1741680000,474149,13978388.0000,0.421580,1.700000
2004-08-05,6.3183450000,6.2653387500,6.3183450000,6.2123325000,216903,6399271.0000,0.192855,-1.140000
2004-08-06,6.2335350000,6.3162247500,6.3395475000,6.1720477500,265717,7857159.0000,0.236257,0.810000
2004-08-09,6.2568577500,6.3501487500,6.3522690000,6.2568577500,245738,7317440.0000,0.218493,0.540000
2004-08-10,6.2992627500,6.3946740000,6.4031550000,6.2865412500,260996,7820329.0000,0.232059,0.700000
2004-08-11,6.3607500000,6.3501487500,6.3819525000,6.3183450000,104278,3119880.0000,0.092717,-0.700000
2004-08-12,6.2589780000,6.3798322500,6.3819525000,6.2589780000,281838,8383159.0000,0.250591,0.470000
2004-08-13,6.3374272500,6.3840727500,6.3989145000,6.2971425000,371948,11134747.0000,0.330710,0.070000
2004-08-16,6.3353070000,6.3310665000,6.3840727500,6.3289462500,178329,5336450.0000,0.158558,-0.830000
2004-08-17,6.3204652500,6.3607500000,6.3819525000,6.2695792500,197053,5905094.0000,0.175206,0.470000
2004-08-18,6.4031550000,6.3861930000,6.4264777500,6.3395475000,551093,16624721.0000,0.489993,0.400000
2004-08-19,6.3607500000,6.3437880000,6.4031550000,6.3204652500,588962,17653366.0000,0.523664,-0.660000
2004-08-20,6.3437880000,6.3501487500,6.4031550000,6.3183450000,563068,16868762.0000,0.500641,0.100000
2004-08-23,6.3183450000,6.1932502500,6.3183450000,6.1805287500,573309,16839797.0000,0.509746,-2.470000
2004-08-24,6.1487250000,6.2229337500,6.2335350000,6.1487250000,285989,8339871.0000,0.254281,0.480000
2004-08-25,6.2547375000,6.2462565000,6.2568577500,6.1699275000,163089,4768554.0000,0.145007,0.370000
2004-08-26,6.1911300000,6.2610982500,6.2759400000,6.1911300000,216110,6353347.0000,0.192150,0.240000
2004-08-27,6.2526172500,6.2462565000,6.2865412500,6.2123325000,132490,3898855.0000,0.117801,-0.240000
2004-08-30,6.1911300000,6.1423642500,6.2314147500,6.1063200000,349173,10126801.0000,0.310460,-1.660000
2004-08-31,6.2102122500,6.1847692500,6.3395475000,6.1275225000,241383,7032456.0000,0.214621,0.690000
2004-09-01,6.1593262500,6.0681555000,6.1593262500,6.0639150000,379803,10907461.0000,0.337694,-1.890000
2004-09-02,6.0363517500,6.0829972500,6.0851175000,5.9176177500,439983,12428743.0000,0.391202,0.240000
2004-09-03,6.0427125000,6.0787567500,6.0872377500,5.9579025000,272964,7734124.0000,0.242700,-0.070000
2004-09-06,6.0066682500,6.0872377500,6.1063200000,6.0066682500,232713,6677838.0000,0.206912,0.140000
2004-09-07,6.1423642500,6.1487250000,6.1741680000,6.1063200000,263540,7621058.0000,0.234321,1.010000
2004-09-08,6.1635667500,6.2632185000,6.2759400000,6.1529655000,469634,13766558.0000,0.417566,1.860000
2004-09-09,6.2653387500,6.2886615000,6.3607500000,6.2229337500,1020881,30324405.0000,0.907696,0.410000
2004-09-10,6.2759400000,6.2929020000,6.3183450000,6.2123325000,220635,6519369.0000,0.196173,0.070000
2004-09-13,6.2929020000,6.2335350000,6.2929020000,6.1487250000,324288,9459180.0000,0.288334,-0.940000
2004-09-14,6.2335350000,6.3268260000,6.3607500000,6.1487250000,612594,18071359.0000,0.544676,1.500000
2004-09-15,6.3141045000,6.6045787500,6.6130597500,6.2801805000,1140958,35117697.0000,1.014460,4.390000
2004-09-16,6.5939775000,6.7063507500,6.7848000000,6.5727750000,1147161,36213781.0000,1.019975,1.540000
2004-09-17,6.7360342500,6.8484075000,6.8717302500,6.5960977500,1319689,42076514.0000,1.173375,2.120000
2004-09-20,6.9014137500,6.9310972500,6.9968250000,6.8293252500,1202166,39168091.0000,1.068882,1.210000
2004-09-21,6.8038822500,6.8484075000,6.9925845000,6.8038822500,837413,27222818.0000,0.744569,-1.190000
2004-09-22,6.7911607500,6.8187240000,6.8886922500,6.7911607500,434812,13965168.0000,0.386604,-0.430000
2004-09-23,6.8081227500,7.0858755000,7.1070780000,6.8081227500,1766748,58219692.0000,1.570869,3.920000
2004-09-24,7.1240400000,7.3127422500,7.6095772500,7.1240400000,3098137,108295826.0000,2.754646,3.200000
2004-09-27,7.4102737500,7.4060332500,7.6286595000,7.3148625000,606663,21339456.0000,0.539402,1.280000
2004-09-28,7.3975522500,7.5904950000,7.6265392500,7.3784700000,674055,23948625.0000,0.599322,2.490000
2004-09-29,7.5904950000,7.5353685000,7.6710645000,7.5056850000,1362842,48864987.0000,1.211744,-0.730000
2004-09-30,7.5268875000,7.6265392500,7.6498620000,7.3254637500,736647,26230672.0000,0.654975,1.210000
2004-10-08,7.5247672500,7.7410327500,7.7495137500,7.4229952500,966784,34809243.0000,0.859597,1.500000
2004-10-11,7.7495137500,7.8809692500,8.0823930000,7.7495137500,1019776,38270567.0000,0.906713,1.810000
2004-10-12,7.8237225000,7.6392607500,7.8237225000,7.5480900000,745222,26810800.0000,0.662599,-3.070000
2004-10-13,7.5756532500,7.5671722500,7.6222987500,7.4441977500,664517,23571291.0000,0.590842,-0.940000
2004-10-14,7.5692925000,7.4993242500,7.8194820000,7.4590395000,647914,23199283.0000,0.576080,-0.900000
2004-10-15,7.4208750000,7.4950837500,7.6329000000,7.3487865000,512154,18189199.0000,0.455371,-0.060000
2004-10-18,7.4823622500,7.3911915000,7.4887230000,7.3466662500,233687,8190572.0000,0.207778,-1.390000
2004-10-19,7.3784700000,7.6286595000,7.6753050000,7.3572675000,1058364,37755969.0000,0.941023,3.210000
2004-10-20,7.6329000000,7.7770770000,7.9530577500,7.5926152500,1593384,58326643.0000,1.416725,1.950000
2004-10-21,7.7495137500,7.8597667500,7.9509375000,7.5904950000,599603,22003540.0000,0.533125,1.060000
2004-10-22,7.8512857500,8.3007787500,8.3559052500,7.8449250000,1816145,70151234.0000,1.614789,5.610000
2004-10-25,8.3749875000,8.3665065000,8.5446075000,8.2944180000,1560178,61900269.0000,1.387201,0.790000
2004-10-26,8.3071395000,8.4385950000,8.4555570000,8.2053675000,497347,19618432.0000,0.442206,0.860000
2004-10-27,8.4470760000,8.3537850000,8.6082150000,8.3368230000,1187804,47630068.0000,1.056112,-1.010000
2004-10-28,8.2901775000,8.2689750000,8.4089115000,8.1884055000,933820,36495905.0000,0.830287,-1.020000
2004-10-29,8.0590702500,8.2604940000,8.3325825000,8.0590702500,1436314,55678746.0000,1.277070,-0.100000
2004-11-01,8.1799245000,8.3495445000,8.3898292500,8.1672030000,367318,14302880.0000,0.326593,1.080000
2004-11-02,8.2689750000,8.2880572500,8.2901775000,8.0781525000,335602,12926156.0000,0.298394,-0.740000
2004-11-03,8.2689750000,8.2541332500,8.3113800000,8.1417600000,761586,29484721.0000,0.677149,-0.410000
2004-11-04,8.1841650000,8.1226777500,8.2689750000,8.0908740000,678567,26198028.0000,0.603334,-1.590000
2004-11-05,8.0675512500,7.7431530000,8.0675512500,7.6307797500,2599409,95080945.0000,2.311212,-4.670000
2004-11-08,7.7389125000,7.8385642500,7.8449250000,7.6371405000,358553,13062547.0000,0.318800,1.230000
2004-11-09,7.9085325000,8.1184372500,8.1205575000,7.8343237500,731479,27801916.0000,0.650380,3.570000
2004-11-10,8.0569500000,8.3643862500,8.4449557500,8.0569500000,1128862,44436007.0000,1.003705,3.030000
2004-11-11,8.3537850000,8.2265700000,8.4385950000,8.2265700000,833013,32780357.0000,0.740657,-1.650000
2004-11-12,8.2011270000,8.1629625000,8.2901775000,8.1141967500,566794,21837428.0000,0.503954,-0.770000
2004-11-15,8.1650827500,8.2180890000,8.2265700000,7.9721400000,894776,34292416.0000,0.795572,0.680000
2004-11-16,8.1629625000,8.0569500000,8.2180890000,8.0569500000,329847,12563653.0000,0.293277,-1.960000
2004-11-17,8.0569500000,8.0569500000,8.1014752500,7.9933425000,803272,30415917.0000,0.714213,0.000000
2004-11-18,8.0527095000,8.0527095000,8.1099562500,7.9615387500,262416,9967008.0000,0.233322,-0.050000
2004-11-19,8.0590702500,8.0378677500,8.0590702500,7.9933425000,319634,12098840.0000,0.284196,-0.180000
2004-11-22,8.0166652500,7.9297350000,8.0357475000,7.8661275000,642908,24094050.0000,0.571629,-1.350000
2004-11-23,7.8979312500,7.8173617500,7.9700197500,7.8025200000,615590,22797433.0000,0.547340,-1.420000
2004-11-24,7.8003997500,7.7495137500,7.8873300000,7.7389125000,429206,15819097.0000,0.381620,-0.870000
2004-11-25,7.7198302500,7.9785007500,8.0739120000,7.7198302500,592414,22286271.0000,0.526733,2.950000
2004-11-26,7.9763805000,7.9742602500,8.0484690000,7.9085325000,197401,7411584.0000,0.175515,-0.050000
2004-11-29,7.9827412500,8.0760322500,8.1756840000,7.9721400000,544253,20728652.0000,0.483912,1.280000
2004-11-30,7.9148932500,7.8555262500,8.0569500000,7.8449250000,161830,6026605.0000,0.143888,-2.730000
2004-12-01,7.9530577500,7.8428047500,7.9530577500,7.8025200000,78490,2900938.0000,0.069788,-0.160000
2004-12-02,7.8873300000,7.8449250000,7.8873300000,7.7389125000,398528,14671547.0000,0.354343,0.030000
2004-12-03,7.8025200000,7.7897985000,7.8640072500,7.7601150000,62624,2303971.0000,0.055681,-0.700000
2004-12-06,7.8449250000,7.7791972500,7.8449250000,7.7410327500,111117,4068796.0000,0.098797,-0.140000
2004-12-07,7.7431530000,7.7982795000,7.8661275000,7.7410327500,189908,6998528.0000,0.168853,0.250000
2004-12-08,7.8449250000,7.8046402500,7.8809692500,7.7389125000,1029083,37575758.0000,0.914989,0.080000
2004-12-09,7.8046402500,7.7579947500,7.9509375000,7.7558745000,1134904,41890865.0000,1.009077,-0.600000
2004-12-10,7.7728365000,7.8449250000,7.8470452500,7.7664757500,89703,3311205.0000,0.079758,1.120000
2004-12-13,7.7601150000,7.8661275000,7.8873300000,7.7601150000,220832,8189873.0000,0.196348,0.270000
2004-12-14,7.8449250000,7.7982795000,7.8661275000,7.7982795000,124544,4601617.0000,0.110736,-0.860000
2004-12-15,7.7558745000,7.7410327500,7.8618870000,7.7389125000,1096973,40055481.0000,0.975352,-0.730000
2004-12-16,7.7389125000,7.7940390000,7.8194820000,7.6965075000,1150003,42361519.0000,1.022502,0.680000
2004-12-17,7.7389125000,7.6753050000,7.7495137500,7.6477417500,104903,3805636.0000,0.093272,-1.520000
2004-12-20,7.6329000000,7.3996725000,7.7389125000,7.3827105000,245930,8749161.0000,0.218664,-3.590000
2004-12-21,7.4208750000,7.3636282500,7.5056850000,7.3487865000,219868,7700170.0000,0.195491,-0.490000
2004-12-22,7.3509067500,7.4844825000,7.4950837500,7.2470145000,316854,11055083.0000,0.281724,1.640000
2004-12-23,7.4844825000,7.4632800000,7.5841342500,7.4632800000,688348,24351861.0000,0.612031,-0.280000
2004-12-24,7.4208750000,7.5268875000,7.6010962500,7.4208750000,446959,15920008.0000,0.397405,0.850000
2004-12-27,7.5268875000,7.6329000000,7.6477417500,7.5268875000,157084,5614076.0000,0.139668,1.410000
2004-12-28,7.5268875000,7.7749567500,7.8300832500,7.5268875000,292412,10655265.0000,0.259992,1.860000
2004-12-29,7.8428047500,7.9042920000,7.9466970000,7.7749567500,565478,21025179.0000,0.502783,1.660000
2004-12-30,7.8237225000,7.8046402500,7.8979312500,7.7028682500,334500,12358921.0000,0.297414,-1.260000
2004-12-31,7.7813175000,7.7685960000,7.9933425000,7.6498620000,586990,21514898.0000,0.521910,-0.460000
2005-01-04,7.7177100000,7.7283112500,7.8025200000,7.6329000000,234881,8566179.0000,0.208840,-0.520000
2005-01-05,7.7177100000,7.8958110000,7.9042920000,7.6816657500,613933,22582400.0000,0.545866,2.170000
2005-01-06,7.8449250000,7.7601150000,7.8661275000,7.7389125000,552372,20282548.0000,0.491130,-1.720000
2005-01-07,7.7389125000,7.8237225000,7.8873300000,7.7389125000,300274,11115440.0000,0.266983,0.820000
2005-01-10,7.8237225000,8.1099562500,8.1205575000,7.8237225000,1071811,40597723.0000,0.952979,3.660000
2005-01-11,8.1120765000,8.1205575000,8.1841650000,8.0993550000,500356,19240403.0000,0.444882,0.130000
2005-01-12,8.1163170000,8.1417600000,8.1523612500,8.0315070000,338903,12949338.0000,0.301329,0.260000
2005-01-13,8.0781525000,8.1884055000,8.2371712500,8.0781525000,288383,11159242.0000,0.256410,0.570000
2005-01-14,8.1523612500,8.0399880000,8.2053675000,7.9933425000,333847,12691131.0000,0.296833,-1.810000
2005-01-17,7.9403362500,8.0357475000,8.0951145000,7.8682477500,181239,6845213.0000,0.161145,-0.050000
2005-01-18,8.0357475000,8.1629625000,8.1629625000,7.9933425000,263820,10016326.0000,0.234570,1.580000
2005-01-19,8.0569500000,8.0399880000,8.2435320000,8.0357475000,265200,10180585.0000,0.235797,-1.510000
2005-01-20,8.0230260000,8.0378677500,8.0548297500,7.9509375000,97405,3670093.0000,0.086606,-0.030000
2005-01-21,7.9721400000,8.0357475000,8.0569500000,7.7389125000,317736,11879307.0000,0.282509,-0.030000
2005-01-24,8.0463487500,8.1120765000,8.1820447500,7.9891020000,417340,15943177.0000,0.371069,0.950000
2005-01-25,8.1629625000,8.3516647500,8.3749875000,8.0887537500,581665,22704867.0000,0.517176,2.950000
2005-01-26,8.3643862500,8.3516647500,8.4385950000,8.2647345000,373498,14767520.0000,0.332088,0.000000
2005-01-27,8.2880572500,8.3156205000,8.3643862500,8.2880572500,102162,4007784.0000,0.090835,-0.430000
2005-01-28,8.3156205000,8.2880572500,8.3156205000,8.1862852500,134123,5226481.0000,0.119253,-0.330000
2005-01-31,8.1841650000,8.3453040000,8.3537850000,8.1841650000,116507,4552532.0000,0.103590,0.690000
2005-02-01,8.2689750000,8.2689750000,8.3325825000,8.1990067500,400260,15598247.0000,0.355883,-0.910000
2005-02-02,8.2498927500,8.4491962500,8.4767595000,8.2498927500,537817,21280023.0000,0.478189,2.180000
2005-02-03,8.4491962500,8.3431837500,8.4491962500,8.2689750000,444264,17455936.0000,0.395008,-1.250000
2005-02-04,8.3516647500,8.4089115000,8.4491962500,8.2689750000,400838,15785371.0000,0.356397,0.790000
2005-02-16,8.4767595000,8.4428355000,8.4810000000,8.3961900000,444063,17660778.0000,0.394830,0.400000
2005-02-17,8.4703987500,8.2732155000,8.4703987500,8.2265700000,1159168,45296879.0000,1.030651,-2.010000
2005-02-18,8.2392915000,8.3241015000,8.3325825000,8.2392915000,959549,37550338.0000,0.853164,0.620000
2005-02-21,8.3283420000,8.5446075000,8.5870125000,8.3262217500,1062998,42401501.0000,0.945143,2.650000
2005-02-22,8.5446075000,8.5636897500,8.5870125000,8.4810000000,562902,22687067.0000,0.500493,0.220000
2005-02-23,8.5827720000,8.7820755000,8.7990375000,8.5149240000,564706,23056177.0000,0.502097,2.550000
2005-02-24,8.7566325000,9.1170750000,9.1488787500,8.6951452500,944726,40046102.0000,0.839984,3.810000
2005-02-25,9.1700812500,9.1128345000,9.1700812500,9.0174232500,599053,25777149.0000,0.532636,-0.050000
2005-02-28,9.1128345000,9.2230875000,9.3842265000,9.0492270000,448344,19453353.0000,0.398636,1.210000
2005-03-01,9.3078975000,9.2167267500,9.3078975000,9.0746700000,550609,23670511.0000,0.489563,-0.070000
2005-03-02,9.0916320000,9.0131827500,9.1997647500,9.0110625000,1139674,48820913.0000,1.013318,-2.210000
2005-03-03,8.9644170000,9.0704295000,9.1128345000,8.9474550000,342985,14586728.0000,0.304958,0.640000
2005-03-04,8.9962207500,9.1594800000,9.2018850000,8.9962207500,436496,18804824.0000,0.388102,0.980000
2005-03-07,9.1700812500,9.4669162500,9.5411250000,9.1700812500,1022284,45290496.0000,0.908943,3.360000
2005-03-08,9.5411250000,9.5962515000,9.6216945000,9.3948277500,658554,29575338.0000,0.585540,1.370000
2005-03-09,9.6683400000,9.7701120000,9.9185295000,9.6047325000,471303,21694338.0000,0.419050,1.810000
2005-03-10,9.9651750000,9.6725805000,9.9651750000,9.3927075000,472621,21498741.0000,0.420221,-1.000000
2005-03-11,9.6683400000,9.8337195000,9.9185295000,9.4775175000,936231,42521284.0000,0.832431,1.670000
2005-03-14,9.7107450000,10.0330230000,10.3680225000,9.6683400000,1037897,48987452.0000,0.922825,2.030000
2005-03-15,10.0287825000,9.9397320000,10.0817887500,9.8803650000,578303,27220784.0000,0.514187,-0.930000
2005-03-16,9.8591625000,9.9397320000,9.9651750000,9.7425487500,682964,31720439.0000,0.607244,0.000000
2005-03-17,9.9015675000,10.0690672500,10.2386872500,9.7955550000,501569,23726912.0000,0.445960,1.300000
2005-03-18,10.0690672500,9.9948585000,10.0923900000,9.8591625000,240549,11319532.0000,0.213879,-0.740000
2005-03-21,9.9651750000,9.9651750000,10.0605862500,9.7531500000,270126,12692125.0000,0.240177,-0.300000
2005-03-22,9.9651750000,10.3425795000,10.4697945000,9.9227700000,1225920,59468831.0000,1.090002,3.790000
2005-03-23,10.3680225000,10.3955857500,10.6436550000,10.3340985000,1255123,62550272.0000,1.115967,0.510000
2005-03-24,10.3892250000,9.9694155000,10.4210287500,9.8591625000,916267,43515225.0000,0.814680,-4.100000
2005-03-25,9.9651750000,10.0245420000,10.1559975000,9.7997955000,232946,10960985.0000,0.207119,0.550000
2005-03-28,10.0287825000,10.4083072500,10.4697945000,9.9651750000,242851,11802982.0000,0.215926,3.830000
2005-03-29,10.4083072500,10.2005227500,10.5800475000,10.1772000000,244856,11989719.0000,0.217709,-2.000000
2005-03-30,10.1772000000,10.0436242500,10.1772000000,9.9863775000,248040,11744620.0000,0.220540,-1.540000
2005-03-31,9.9694155000,10.2005227500,10.2196050000,9.9227700000,150718,7129716.0000,0.134008,1.560000
2005-04-01,10.1941620000,10.3828642500,10.6224525000,10.1772000000,341085,16774374.0000,0.303269,1.790000
2005-04-04,10.3828642500,10.5885285000,10.6203322500,10.2726112500,542751,26985512.0000,0.482576,1.980000
2005-04-05,10.6436550000,10.5906487500,10.8111547500,10.5376425000,490233,24660016.0000,0.435881,0.020000
2005-04-06,10.6372942500,10.8471990000,10.8747622500,10.5143197500,567488,28795816.0000,0.504571,2.420000
2005-04-07,10.8556800000,10.6182120000,11.1291922500,10.6012500000,1243752,64340829.0000,1.105857,-2.110000
2005-04-08,10.6182120000,10.5800475000,10.6182120000,10.2429277500,450513,22165004.0000,0.400565,-0.360000
2005-04-11,10.5588450000,10.2196050000,10.5588450000,10.1135925000,912619,44306742.0000,0.811437,-3.410000
2005-04-12,10.2238455000,10.0860292500,10.2408075000,10.0393837500,199491,9516181.0000,0.177373,-1.310000
2005-04-13,10.2408075000,10.3659022500,10.4719147500,10.1772000000,868912,42332154.0000,0.772576,2.770000
2005-04-14,10.3680225000,10.3871047500,10.4273895000,10.1984025000,191460,9295179.0000,0.170233,0.200000
2005-04-15,10.4952375000,10.3468200000,10.4952375000,10.2832125000,163559,7963442.0000,0.145425,-0.390000
2005-04-18,10.3213770000,10.0839090000,10.3256175000,10.0754280000,295745,14168640.0000,0.262956,-2.540000
2005-04-19,10.0711875000,9.8591625000,10.1305545000,9.8379600000,780795,36608850.0000,0.694228,-2.230000
2005-04-20,9.8549220000,9.9312510000,9.9630547500,9.8209980000,535762,24960623.0000,0.476362,0.730000
2005-04-21,9.8803650000,10.2344467500,10.2832125000,9.8591625000,280896,13403617.0000,0.249753,3.050000
2005-04-22,10.2471682500,10.2026430000,10.3340985000,10.1559975000,352043,16950065.0000,0.313012,-0.310000
2005-04-25,10.4104275000,11.0253000000,11.1313125000,10.3065352500,1270437,65092003.0000,1.129584,8.060000
2005-04-26,11.0231797500,11.0825467500,11.3496982500,10.9828950000,1360923,71600714.0000,1.210037,0.520000
2005-04-27,10.9998570000,11.1991605000,11.2627680000,10.9850152500,747270,39437614.0000,0.664420,1.050000
2005-04-28,11.1991605000,11.2373250000,11.3433375000,11.0740657500,852121,45118705.0000,0.757646,0.340000
2005-04-29,11.0889075000,11.2373250000,11.2691287500,11.0274202500,682503,35950860.0000,0.606834,0.000000
2005-05-09,11.1313125000,10.9235280000,11.2267237500,10.8790027500,765575,39655697.0000,0.680696,-2.790000
2005-05-10,10.8132750000,10.7411865000,10.8768825000,10.5588450000,644694,32384041.0000,0.573217,-1.670000
2005-05-11,10.7496675000,10.4634337500,10.7496675000,10.4316300000,678491,33782884.0000,0.603267,-2.590000
2005-05-12,10.2832125000,10.3680225000,10.7009017500,10.1878012500,1425051,69749251.0000,1.267056,-0.910000
2005-05-13,10.2853327500,10.3298580000,10.5779272500,10.1750797500,1507669,73784829.0000,1.340514,-0.370000
2005-05-16,10.2789720000,10.3680225000,10.4528325000,10.2153645000,259641,12703148.0000,0.230855,0.370000
2005-05-17,10.3892250000,10.5270412500,10.6224525000,10.3680225000,772452,38326325.0000,0.686810,1.530000
2005-05-18,10.5779272500,10.1772000000,10.5800475000,9.8634030000,967809,46208050.0000,0.860508,-3.320000
2005-05-19,10.1772000000,10.4252692500,10.5270412500,9.9757762500,512332,25028891.0000,0.455530,2.440000
2005-05-20,10.3913452500,10.4210287500,10.6309335000,10.3913452500,584502,29146429.0000,0.519698,-0.040000
2005-05-23,10.3913452500,10.2598897500,10.5779272500,10.1772000000,261457,12730239.0000,0.232469,-1.550000
2005-05-24,10.2598897500,10.2111240000,10.3150162500,10.1899215000,137917,6674005.0000,0.122626,-0.480000
2005-05-25,10.1899215000,10.1347950000,10.1984025000,10.0923900000,320833,15348058.0000,0.285262,-0.750000
2005-05-26,10.1559975000,9.7637512500,10.1793202500,9.7107450000,1063427,49432691.0000,0.945525,-3.660000
2005-05-27,9.6471375000,9.4987200000,9.7319475000,9.3609037500,1594979,71377627.0000,1.418144,-2.710000
2005-05-30,9.3291000000,9.4775175000,9.5835300000,9.1828027500,903473,40352669.0000,0.803305,-0.220000
2005-05-31,9.4669162500,9.4499542500,9.5835300000,9.3884670000,1187976,53080356.0000,1.056265,-0.290000
2005-06-01,9.4563150000,9.4775175000,9.5411250000,9.2336887500,865843,38201051.0000,0.769847,0.290000
2005-06-02,9.4351125000,8.7142275000,9.4351125000,8.5870125000,2529774,105700729.0000,2.249298,-8.050000
2005-06-03,8.5870125000,8.9453347500,9.0110625000,8.4004305000,714669,29143703.0000,0.635434,2.650000
2005-06-06,8.8690057500,9.4647960000,9.4987200000,8.7629932500,421356,18349446.0000,0.374640,5.810000
2005-06-07,9.5305237500,9.5920110000,9.7955550000,9.4690365000,598946,27080944.0000,0.532541,1.340000
2005-06-08,9.4987200000,10.4761552500,10.5461235000,9.4987200000,1103910,52789496.0000,0.981519,9.220000
2005-06-09,10.4528325000,10.2471682500,10.6394145000,10.1772000000,777000,38204045.0000,0.690854,-2.190000
2005-06-10,10.2026430000,9.9694155000,10.3616617500,9.8803650000,416509,19681140.0000,0.370331,-2.710000
2005-06-13,9.9969787500,10.0139407500,10.1772000000,9.8697637500,706973,33389071.0000,0.628591,0.450000
2005-06-14,9.9651750000,10.1072317500,10.2768517500,9.9651750000,727149,34530651.0000,0.646530,0.930000
2005-06-15,9.9884977500,10.0987507500,10.1772000000,9.9863775000,159677,7599370.0000,0.141974,-0.080000
2005-06-16,10.1135925000,10.2810922500,10.2853327500,10.0711875000,593153,28452404.0000,0.527390,1.810000
2005-06-17,10.2832125000,10.2832125000,10.3892250000,10.0966305000,326299,15703945.0000,0.290122,0.020000
2005-06-20,10.3892250000,10.9828950000,11.2585275000,10.2832125000,1236889,62906075.0000,1.099755,6.800000
2005-06-21,10.9171672500,10.7751105000,11.0231797500,10.7199840000,259792,13347957.0000,0.230989,-1.890000
2005-06-22,10.7708700000,11.0910277500,11.1313125000,10.7687497500,612174,31728393.0000,0.544302,2.930000
2005-06-23,11.0846670000,11.0443822500,11.1461542500,10.9595722500,527645,27503937.0000,0.469145,-0.420000
2005-06-24,10.9532115000,11.1334327500,11.1525150000,10.4104275000,615049,31786457.0000,0.546858,0.810000
2005-06-27,11.1949200000,11.6295712500,11.6486535000,11.1101100000,1082423,58344425.0000,0.962415,4.460000
2005-06-28,11.4493500000,11.3221350000,11.5532422500,11.2415655000,376636,20129464.0000,0.334878,-2.640000
2005-06-29,11.3221350000,11.3221350000,11.3221350000,11.3221350000,0,0.0000,,0.000000
2005-06-30,11.2373250000,11.3751412500,11.5235587500,11.2373250000,1277817,68740725.0000,1.136145,0.470000
2005-07-01,11.6592547500,11.1016290000,11.6592547500,10.8578002500,610431,32182036.0000,0.542752,-2.400000
2005-07-04,11.0253000000,11.0867872500,11.1949200000,10.9235280000,301851,15730157.0000,0.268385,-0.130000
2005-07-05,11.0253000000,11.0189392500,11.0253000000,10.9320090000,224838,11662288.0000,0.199910,-0.610000
2005-07-06,10.9722937500,10.6669777500,11.0253000000,10.6012500000,631676,32226601.0000,0.561642,-3.190000
2005-07-07,10.6012500000,10.7093827500,10.8047940000,10.5291615000,578532,29052550.0000,0.514390,0.400000
2005-07-08,10.6351740000,11.0040975000,11.0677050000,10.6351740000,693076,35940472.0000,0.616235,2.750000
2005-07-11,11.0253000000,11.0168190000,11.2585275000,10.9744140000,656277,34538170.0000,0.583516,0.120000
2005-07-12,10.9977367500,11.3433375000,11.3857425000,10.8641610000,571243,30210107.0000,0.507909,2.960000
2005-07-13,11.3200147500,11.1313125000,11.3390970000,10.7072625000,385796,19981575.0000,0.343023,-1.870000
2005-07-14,11.0253000000,11.2161225000,11.2330845000,11.0189392500,201266,10624551.0000,0.178952,0.760000
2005-07-15,11.1334327500,11.2352047500,11.2966920000,11.1334327500,100290,5300561.0000,0.089171,0.170000
2005-07-18,11.2267237500,11.1737175000,11.2797300000,11.1440340000,156407,8258010.0000,0.139066,-0.550000
2005-07-19,11.1694770000,11.2267237500,11.3157742500,11.1525150000,132540,7015760.0000,0.117845,0.470000
2005-07-20,11.2246035000,11.0486227500,11.2309642500,11.0083380000,301229,15767931.0000,0.267832,-1.590000
2005-07-21,11.0486227500,11.0210595000,11.1440340000,10.8768825000,253682,13127981.0000,0.225556,-0.250000
2005-07-22,11.0253000000,11.0401417500,11.2097617500,10.9362495000,609596,31708848.0000,0.542010,0.170000
2005-07-25,11.0274202500,10.8896040000,11.0846670000,10.8302370000,696189,35971529.0000,0.619002,-1.360000
2005-07-26,10.8132750000,10.9807747500,11.0422620000,10.8132750000,800824,41433496.0000,0.712037,0.840000
2005-07-27,11.0846670000,11.2097617500,11.2797300000,11.0253000000,536982,28350004.0000,0.477447,2.090000
2005-07-28,11.2118820000,11.3009325000,11.3390970000,11.1376732500,859252,45732284.0000,0.763987,0.810000
2005-07-29,11.2415655000,11.2712490000,11.3433375000,11.2373250000,242518,12951117.0000,0.215630,-0.260000
2005-08-01,11.2882110000,11.3602995000,11.4069450000,11.2373250000,384030,20465514.0000,0.341453,0.790072
2005-08-02,11.3496982500,11.3178945000,11.3857425000,11.1843187500,426287,22676468.0000,0.379025,-0.373275
2005-08-03,11.2797300000,11.3624197500,11.3857425000,11.2373250000,818421,43619808.0000,0.727683,0.393404
2005-08-04,11.3836222500,11.7695077500,11.8309950000,11.3836222500,1056044,58044426.0000,0.938960,3.582755
2005-08-05,11.9800483200,11.9774808000,12.1854499200,11.8105920000,636516,29678263.0000,0.471621,1.767019
2005-08-08,11.9903184000,11.8388347200,12.0622089600,11.5024896000,854555,39434837.0000,0.633175,-1.157558
2005-08-09,11.8105920000,11.6668108800,11.8105920000,11.5820827200,584198,26540331.0000,0.432857,-1.453051
2005-08-10,11.5846502400,11.8542398400,11.9389680000,11.5846502400,580027,26665195.0000,0.429766,1.606513
2005-08-11,11.8131595200,12.1623422400,12.1700448000,11.8131595200,1359360,63589532.0000,1.007206,2.599092
2005-08-12,12.1623422400,12.0724790400,12.1700448000,11.9055902400,471545,22081209.0000,0.349387,-0.738861
2005-08-15,12.0391012800,12.3215284800,12.4755796800,11.8105920000,702040,32711316.0000,0.520171,2.062955
2005-08-16,12.3215284800,12.1905849600,12.3215284800,12.0519388800,575151,27203993.0000,0.426153,-1.062726
2005-08-17,12.7580068800,12.5346326400,13.4101569600,11.9389680000,1250674,60400828.0000,0.926676,2.822241
2005-08-18,12.7092240000,12.0904516800,12.7862496000,12.0673440000,1098909,52638476.0000,0.814227,-3.543629
2005-08-19,12.0365337600,12.0904516800,12.1803148800,11.9851833600,497271,23314587.0000,0.368449,0.000000
2005-08-22,12.0622089600,12.1957200000,12.2753131200,11.9389680000,692987,32877617.0000,0.513463,0.870673
2005-08-23,12.1186944000,12.3266635200,12.3395011200,12.1186944000,478600,22825313.0000,0.354615,1.073681
2005-08-24,12.3240960000,12.3112584000,12.3754464000,12.2111251200,321412,15394347.0000,0.238148,-0.124969
2005-08-25,12.3138259200,12.3112584000,12.3446361600,12.2213952000,354008,16937359.0000,0.262299,0.000000
2005-08-26,12.2496379200,12.4319318400,12.5166600000,12.2496379200,458241,22162003.0000,0.339530,0.980182
2005-08-29,12.4524720000,12.5012548800,12.5500377600,12.4267968000,512830,24984384.0000,0.379977,0.557622
2005-08-30,12.4781472000,12.4216617600,12.5423352000,12.3497712000,245326,11883761.0000,0.181772,-0.636676
2005-08-31,12.3497712000,12.5449027200,12.5757129600,12.3266635200,239434,11660189.0000,0.177407,0.992144
2005-09-01,12.5192275200,12.8376000000,12.9197606400,12.5192275200,548726,27342423.0000,0.406574,2.333196
2005-09-02,12.7862496000,12.9813811200,13.1328648000,12.7862496000,499816,25226079.0000,0.370334,1.120003
2005-09-05,12.9659760000,13.0815144000,13.2432681600,12.9659760000,391058,19986278.0000,0.289751,0.771360
2005-09-06,13.0840819200,12.8632752000,13.1688100800,12.8376000000,319483,16132458.0000,0.236718,-1.668307
2005-09-07,12.8607076800,12.9762460800,13.0070563200,12.8401675200,518627,26062481.0000,0.384272,0.878248
2005-09-08,12.9762460800,12.8453025600,12.9762460800,12.7631419200,630752,31589421.0000,0.467350,-1.009106
2005-09-09,12.8453025600,12.7862496000,12.8504376000,12.5808480000,425447,21034934.0000,0.315231,-0.459723
2005-09-12,12.7862496000,12.7374667200,12.7862496000,12.5372001600,159547,7856513.0000,0.118215,-0.381523
2005-09-13,12.6578736000,13.0404340800,13.0430016000,12.6578736000,490115,24688592.0000,0.363147,2.378553
2005-09-14,13.0173264000,13.0584067200,13.1457024000,12.8632752000,329947,16772020.0000,0.244471,0.137822
2005-09-15,13.0327315200,13.0275964800,13.1816476800,12.9300307200,174066,8846890.0000,0.128973,-0.235940
2005-09-16,12.9993537600,13.0866494400,13.1405673600,12.9993537600,321733,16398350.0000,0.238385,0.453290
2005-09-19,12.9916512000,12.9608409600,13.1919177600,12.9351657600,204025,10355074.0000,0.151171,-0.961353
2005-09-20,12.9788136000,12.9557059200,12.9788136000,12.8889504000,179522,9041752.0000,0.133015,-0.039621
2005-09-21,12.8581401600,12.7580068800,12.9916512000,12.7066564800,294927,14686809.0000,0.218524,-1.525962
2005-09-22,12.6784137600,12.5936856000,12.8324649600,12.3703113600,335826,16372929.0000,0.248827,-1.287984
2005-09-23,12.5526052800,12.5603078400,12.7066564800,12.4139592000,306446,15048364.0000,0.227059,-0.265038
2005-09-26,12.5680104000,12.4730121600,12.6707112000,12.4524720000,176660,8657470.0000,0.130895,-0.695005
2005-09-27,12.4653096000,12.3882840000,12.5166600000,12.3626088000,170921,8278850.0000,0.126642,-0.679296
2005-09-28,12.3292310400,12.5217950400,12.5782804800,12.3292310400,233695,11331850.0000,0.173154,1.077721
2005-09-29,12.5680104000,12.7605744000,12.7862496000,12.5320651200,208496,10308512.0000,0.154483,1.906911
2005-09-30,12.7605744000,12.6989539200,12.7605744000,12.4524720000,332415,16352331.0000,0.246300,-0.482901
2005-10-10,12.6013881600,12.4884172800,12.7605744000,12.4781472000,264795,12946800.0000,0.196198,-1.657905
2005-10-11,12.4524720000,12.5397676800,12.5705779200,12.3805814400,135909,6622928.0000,0.100701,0.411186
2005-10-12,12.5808480000,12.1982875200,12.5808480000,12.1751798400,832795,39835259.0000,0.617052,-2.723181
2005-10-13,12.2085576000,12.0904516800,12.3009883200,11.9954534400,1090753,51553349.0000,0.808184,-0.884021
2005-10-14,12.0622089600,11.6924860800,12.1828824000,11.6308656000,494258,22786107.0000,0.366216,-3.291568
2005-10-17,11.5923528000,11.7361339200,11.9389680000,11.5255972800,946838,43391916.0000,0.701552,0.373294
2005-10-18,11.7335664000,12.0416688000,12.0416688000,11.7335664000,964218,44960711.0000,0.714429,2.603374
2005-10-19,12.0904516800,12.0416688000,12.1828824000,11.9312654400,792451,37063755.0000,0.587160,0.000000
2005-10-20,11.9954534400,11.8696449600,12.0930192000,11.8234296000,572162,26662088.0000,0.423939,-1.428576
2005-10-21,11.8362672000,11.8876176000,11.9261304000,11.8105920000,339538,15694623.0000,0.251578,0.151416
2005-10-24,11.8619424000,12.0801816000,12.1058568000,11.8619424000,444467,20771238.0000,0.329324,1.619870
2005-10-25,12.1520721600,12.2316652800,12.2727456000,12.1443696000,1159486,55177336.0000,0.859111,1.253985
2005-10-26,12.2265302400,12.2162601600,12.2573404800,12.1443696000,963579,45847901.0000,0.713956,-0.125940
2005-10-27,12.2059900800,12.0596414400,12.2059900800,11.9518056000,974815,45785210.0000,0.722281,-1.282053
2005-10-28,12.0622089600,12.2111251200,12.3497712000,12.0622089600,698231,33237651.0000,0.517348,1.256121
2005-10-31,12.1931524800,12.3728788800,12.5294976000,12.0955867200,668572,32099219.0000,0.495373,1.324637
2005-11-01,12.4242292800,12.4011216000,12.4653096000,12.2778806400,854288,41028115.0000,0.632978,0.228264
2005-11-02,12.3240960000,12.3651763200,12.4653096000,12.2162601600,276609,13366082.0000,0.204951,-0.289854
2005-11-03,12.4242292800,12.1212619200,12.4396344000,12.1186944000,253970,12120721.0000,0.188177,-1.972593
2005-11-04,12.1238294400,12.1315320000,12.2213952000,11.9107252800,489562,22899009.0000,0.362737,0.084730
2005-11-07,11.9415355200,12.0493713600,12.0673440000,11.9132928000,247517,11545343.0000,0.183396,-0.677248
2005-11-08,12.0468038400,12.0493713600,12.0750465600,12.0313987200,607730,28543068.0000,0.450292,0.000000
2005-11-09,12.1135593600,11.9954534400,12.1957200000,11.9415355200,602073,28203162.0000,0.446101,-0.447473
2005-11-10,12.0416688000,11.9723457600,12.0416688000,11.8516723200,395013,18352311.0000,0.292682,-0.192637
2005-11-11,11.8670774400,11.9081577600,11.9749132800,11.8080244800,292691,13501333.0000,0.216867,-0.536136
2005-11-14,11.8259971200,11.7078912000,11.8876176000,11.6950536000,216289,9877960.0000,0.160258,-1.681765
2005-11-15,11.7464040000,11.6565408000,11.7797817600,11.6565408000,776760,35512394.0000,0.575534,-0.438590
2005-11-16,11.6514057600,11.7823492800,11.8003219200,11.5538400000,724856,33007959.0000,0.537076,1.079291
2005-11-17,11.7592416000,11.5435699200,11.7746467200,11.0891188800,1100802,49497150.0000,0.815630,-2.026586
2005-11-18,11.5538400000,11.6308656000,11.7592416000,11.2996555200,694123,31397165.0000,0.514305,0.756228
2005-11-21,11.5538400000,11.7207288000,11.7464040000,11.5024896000,457517,20639360.0000,0.338993,0.772632
2005-11-22,11.6693784000,11.8465372800,11.9595081600,11.4254640000,353881,16131067.0000,0.262205,1.073380
2005-11-23,11.7387014400,11.8773475200,11.9132928000,11.7078912000,137141,6306488.0000,0.101613,0.260076
2005-11-24,11.8105920000,11.6488382400,11.8105920000,11.5538400000,1088295,49193081.0000,0.806363,-1.923907
2005-11-25,11.5795152000,11.6899185600,11.7078912000,11.5230297600,391387,17618489.0000,0.289995,0.352656
2005-11-28,11.6745134400,11.6719459200,11.7284313600,11.4254640000,152378,6903246.0000,0.112903,-0.153744
2005-11-29,11.6693784000,11.3972212800,11.7284313600,11.0403360000,248880,11117104.0000,0.184406,-2.353717
2005-11-30,11.2970880000,11.2303324800,11.3381683200,11.0146608000,650820,28172021.0000,0.482220,-1.464289
2005-12-01,11.1661444800,11.1173616000,11.2585752000,11.0942539200,535424,23266367.0000,0.396718,-1.005950
2005-12-02,11.1173616000,11.4305990400,11.5024896000,11.1173616000,963383,42441653.0000,0.713811,2.817555
2005-12-05,11.4305990400,11.3407358400,11.4639768000,11.2046572800,275743,12151492.0000,0.204309,-0.786169
2005-12-06,11.2200624000,11.2354675200,11.3304657600,11.1687120000,1491667,65529318.0000,1.105238,-0.928231
2005-12-07,11.1687120000,11.2303324800,11.3304657600,11.1687120000,430998,18878496.0000,0.319344,-0.045696
2005-12-08,11.1789820800,11.1943872000,11.2970880000,11.1764145600,365778,16002582.0000,0.271020,-0.320080
2005-12-09,11.2200624000,11.0095257600,11.2200624000,10.9889856000,1546206,66478204.0000,1.145648,-1.651370
2005-12-12,10.9889856000,10.6962883200,10.9889856000,10.6937208000,1510220,63383458.0000,1.118985,-2.845152
2005-12-13,10.7065584000,10.6218302400,10.7707464000,10.3984560000,2041441,83729902.0000,1.512589,-0.696114
2005-12-14,10.5396696000,10.9068249600,10.9889856000,10.5345345600,1797593,75326820.0000,1.331911,2.683105
2005-12-15,10.9196625600,11.0043907200,11.0146608000,10.7861515200,593465,25306079.0000,0.439723,0.894541
2005-12-16,10.9889856000,11.1610094400,11.2097923200,10.9119600000,667061,28659038.0000,0.494253,1.423240
2005-12-19,11.1687120000,11.2585752000,11.3176281600,11.1045240000,470267,20587488.0000,0.348440,0.874160
2005-12-20,11.3073580800,11.1379017600,11.3099256000,11.0403360000,454042,19679338.0000,0.336419,-1.071830
2005-12-21,11.0660112000,11.0300659200,11.1943872000,10.9684454400,495917,21349222.0000,0.367446,-0.968193
2005-12-22,10.9530403200,11.0993889600,11.1943872000,10.9145275200,334067,14361625.0000,0.247524,0.628493
2005-12-23,11.0172283200,11.3176281600,11.3484384000,11.0146608000,629183,27434932.0000,0.466188,1.966232
2005-12-26,11.3484384000,11.3510059200,11.4254640000,11.2457376000,699235,30863111.0000,0.518092,0.294912
2005-12-27,11.3741136000,11.5332998400,11.5512724800,11.3304657600,729017,32574560.0000,0.540159,1.605969
2005-12-28,11.5512724800,11.6745134400,11.6822160000,11.4922195200,625035,28274416.0000,0.463114,1.224406
2005-12-29,11.6822160000,12.0082910400,12.0159936000,11.6822160000,1567435,72783428.0000,1.161378,2.859026
2005-12-30,11.9389680000,11.7130262400,11.9441030400,11.5281648000,3664756,167469295.0000,2.715370,-2.458844
2006-01-04,11.6565408000,11.3689785600,11.6565408000,11.3253307200,3550713,157456208.0000,2.630871,-2.937309
2006-01-05,11.3484384000,11.4922195200,11.6308656000,11.3278982400,1699230,75918198.0000,1.259030,1.084010
2006-01-06,11.5024896000,11.6128929600,11.6693784000,11.3869512000,1716230,77233333.0000,1.271626,1.050048
2006-01-09,11.6437032000,12.0134260800,12.1443696000,11.6308656000,2077080,96726018.0000,1.538995,3.449041
2006-01-10,12.0673440000,12.0596414400,12.2162601600,11.9466705600,1745682,82153545.0000,1.293448,0.384698
2006-01-11,12.0545064000,11.9543731200,12.2213952000,11.9415355200,831515,39227536.0000,0.616104,-0.872897
2006-01-12,11.9132928000,12.0673440000,12.0827491200,11.8362672000,998972,46568064.0000,0.740180,0.945014
2006-01-13,12.0673440000,12.1905849600,12.4011216000,11.9389680000,993688,47330433.0000,0.736265,1.021276
2006-01-16,12.2676105600,11.9518056000,12.2984208000,11.9415355200,773084,36255138.0000,0.572810,-1.958720
2006-01-17,11.8105920000,11.8234296000,11.9697782400,11.7592416000,1382470,63618353.0000,1.024330,-1.074114
2006-01-18,11.8105920000,11.8516723200,12.0570739200,11.8105920000,970685,45114697.0000,0.719221,0.238872
2006-01-19,12.0108585600,11.8311321600,12.0159936000,11.7515390400,728303,33651491.0000,0.539630,-0.173306
2006-01-20,11.8362672000,11.8054569600,11.9004552000,11.6462707200,1421637,65092507.0000,1.053350,-0.217019
2006-01-23,11.8105920000,11.5538400000,11.8105920000,11.5281648000,1328642,59899023.0000,0.984446,-2.131360
2006-01-24,11.5564075200,11.6847835200,11.8824825600,11.5538400000,1145289,52535743.0000,0.848592,1.133330
2006-01-25,11.7130262400,12.1289644800,12.1957200000,11.6360006400,1573073,73251753.0000,1.165555,3.801370
2006-02-06,12.2085576000,12.1700448000,12.2470704000,11.9389680000,1569141,74143388.0000,1.162642,0.338696
2006-02-07,12.1700448000,12.8376000000,12.8401675200,12.1058568000,2866581,140985315.0000,2.123969,5.485229
2006-02-08,12.7528718400,12.7965196800,12.8607076800,12.5500377600,2226437,110727360.0000,1.649660,-0.320000
2006-02-09,12.7734120000,12.4473369600,12.8376000000,12.4011216000,777030,38004186.0000,0.575734,-2.728733
2006-02-10,12.4267968000,13.4871825600,13.6078560000,12.3446361600,3187395,160573342.0000,2.361674,8.353959
2006-02-13,14.8351305600,14.8351305600,14.8351305600,14.8351305600,1696600,98029548.0000,1.257082,9.994289
2006-02-14,14.8351305600,14.8351305600,14.8351305600,14.8351305600,0,0.0000,,0.000000
2006-02-15,15.2767440000,14.9147236800,15.2767440000,14.5835136000,2899655,168845650.0000,2.148475,0.536520
2006-02-16,14.8017528000,15.0636398400,15.4025524800,14.7118896000,1897750,110783125.0000,1.406122,0.998447
2006-02-17,15.0610723200,14.9583715200,15.1175577600,14.9224262400,890782,51929488.0000,0.660017,-0.698824
2006-02-20,14.8351305600,14.7349972800,14.9172912000,14.4243273600,1084398,62004351.0000,0.803476,-1.493304
2006-02-21,14.6040537600,15.0302620800,15.0328296000,14.6040537600,1023900,59431946.0000,0.758650,2.003836
2006-02-22,14.9814792000,15.0713424000,15.1483680000,14.8916160000,1033510,60384853.0000,0.765771,0.273317
2006-02-23,15.0739099200,15.9879470400,16.0470000000,14.9660740800,1173027,69601180.0000,0.869145,6.081771
2006-02-24,15.9879470400,15.9879470400,15.9879470400,15.9879470400,0,0.0000,,0.000000
2006-02-27,15.9879470400,15.9879470400,15.9879470400,15.9879470400,0,0.0000,,0.000000
2006-02-28,15.9879470400,15.9879470400,15.9879470400,15.9879470400,0,0.0000,,0.000000
2006-03-01,15.9879470400,15.9879470400,15.9879470400,15.9879470400,0,0.0000,,0.000000
2006-03-02,15.9879470400,15.9879470400,15.9879470400,15.9879470400,0,0.0000,,0.000000
2006-03-03,15.9879470400,15.9879470400,15.9879470400,15.9879470400,0,0.0000,,0.000000
2006-03-06,15.9879470400,15.9879470400,15.9879470400,15.9879470400,0,0.0000,,0.000000
2006-03-07,15.9879470400,15.9879470400,15.9879470400,15.9879470400,0,0.0000,,0.000000
2006-03-08,15.9879470400,15.9879470400,15.9879470400,15.9879470400,0,0.0000,,0.000000
2006-03-09,15.9879470400,15.9879470400,15.9879470400,15.9879470400,0,0.0000,,0.000000
2006-03-10,15.9879470400,15.9879470400,15.9879470400,15.9879470400,0,0.0000,,0.000000
2006-03-13,15.9879470400,15.9879470400,15.9879470400,15.9879470400,0,0.0000,,0.000000
2006-03-14,15.9879470400,15.9879470400,15.9879470400,15.9879470400,0,0.0000,,0.000000
2006-03-15,15.9879470400,15.9879470400,15.9879470400,15.9879470400,0,0.0000,,0.000000
2006-03-16,15.9879470400,15.9879470400,15.9879470400,15.9879470400,0,0.0000,,0.000000
2006-03-17,15.9879470400,15.9879470400,15.9879470400,15.9879470400,0,0.0000,,0.000000
2006-03-20,15.9879470400,15.9879470400,15.9879470400,15.9879470400,0,0.0000,,0.000000
2006-03-21,15.9879470400,15.9879470400,15.9879470400,15.9879470400,0,0.0000,,0.000000
2006-03-22,15.9879470400,15.9879470400,15.9879470400,15.9879470400,0,0.0000,,0.000000
2006-03-23,15.9879470400,15.9879470400,15.9879470400,15.9879470400,0,0.0000,,0.000000
2006-03-24,15.9879470400,15.9879470400,15.9879470400,15.9879470400,0,0.0000,,0.000000
2006-03-27,15.9879470400,15.9879470400,15.9879470400,15.9879470400,0,0.0000,,0.000000
2006-03-28,15.9879470400,15.9879470400,15.9879470400,15.9879470400,0,0.0000,,0.000000
2006-03-29,15.9879470400,15.9879470400,15.9879470400,15.9879470400,0,0.0000,,0.000000
2006-03-30,15.9879470400,15.9879470400,15.9879470400,15.9879470400,0,0.0000,,0.000000
2006-03-31,15.9879470400,15.9879470400,15.9879470400,15.9879470400,0,0.0000,,0.000000
2006-04-03,15.9879470400,15.9879470400,15.9879470400,15.9879470400,0,0.0000,,0.000000
2006-04-04,15.9879470400,15.9879470400,15.9879470400,15.9879470400,0,0.0000,,0.000000
2006-04-05,15.9879470400,15.9879470400,15.9879470400,15.9879470400,0,0.0000,,0.000000
2006-04-06,15.9879470400,15.9879470400,15.9879470400,15.9879470400,0,0.0000,,0.000000
2006-04-07,15.9879470400,15.9879470400,15.9879470400,15.9879470400,0,0.0000,,0.000000
2006-04-10,15.9879470400,15.9879470400,15.9879470400,15.9879470400,0,0.0000,,0.000000
2006-04-11,15.9879470400,15.9879470400,15.9879470400,15.9879470400,0,0.0000,,0.000000
2006-04-12,15.9879470400,15.9879470400,15.9879470400,15.9879470400,0,0.0000,,0.000000
2006-04-13,15.9879470400,15.9879470400,15.9879470400,15.9879470400,0,0.0000,,0.000000
2006-04-14,15.9879470400,15.9879470400,15.9879470400,15.9879470400,0,0.0000,,0.000000
2006-04-17,17.5875120000,17.5875120000,17.5875120000,17.5875120000,23810,1630985.0000,0.017642,10.004820
2006-04-18,19.3462632000,19.3462632000,19.3462632000,19.3462632000,32444,2444655.0000,0.024039,9.999998
2006-04-19,21.2821732800,21.2821732800,21.2821732800,21.0742041600,4396751,364421942.0000,3.257736,10.006640
2006-04-20,23.1025449600,21.5748705600,23.1025449600,20.5529976000,5561501,475176332.0000,4.120748,1.375316
2006-04-21,21.5081150400,22.8329553600,23.2360560000,21.3129835200,3188609,278281209.0000,2.362573,5.831253
2006-04-24,22.9793040000,22.8843057600,23.5672660800,22.4144496000,3624898,322955394.0000,2.685838,0.224893
2006-04-25,22.8509280000,23.4697003200,23.9292864000,22.4940427200,3970465,357994221.0000,2.941883,2.558069
2006-04-26,23.4697003200,23.4697003200,23.4697003200,23.4697003200,0,0.0000,,0.000000
2006-04-27,23.4697003200,23.4697003200,23.4697003200,23.4697003200,0,0.0000,,0.000000
2006-04-28,23.4697003200,23.4697003200,23.4697003200,23.4697003200,0,0.0000,,0.000000
2006-05-08,23.4697003200,23.4697003200,23.4697003200,23.4697003200,0,0.0000,,0.000000
2006-05-09,23.4697003200,23.4697003200,23.4697003200,23.4697003200,0,0.0000,,0.000000
2006-05-10,23.4697003200,23.4697003200,23.4697003200,23.4697003200,0,0.0000,,0.000000
2006-05-11,23.4697003200,23.4697003200,23.4697003200,23.4697003200,0,0.0000,,0.000000
2006-05-12,23.4697003200,23.4697003200,23.4697003200,23.4697003200,0,0.0000,,0.000000
2006-05-15,23.4697003200,23.4697003200,23.4697003200,23.4697003200,0,0.0000,,0.000000
2006-05-16,23.4697003200,23.4697003200,23.4697003200,23.4697003200,0,0.0000,,0.000000
2006-05-17,23.4697003200,23.4697003200,23.4697003200,23.4697003200,0,0.0000,,0.000000
2006-05-18,23.4697003200,23.4697003200,23.4697003200,23.4697003200,0,0.0000,,0.000000
2006-05-19,23.4697003200,23.4697003200,23.4697003200,23.4697003200,0,0.0000,,0.000000
2006-05-22,23.4697003200,23.4697003200,23.4697003200,23.4697003200,0,0.0000,,0.000000
2006-05-23,23.4697003200,23.4697003200,23.4697003200,23.4697003200,0,0.0000,,0.000000
2006-05-24,23.4697003200,23.4697003200,23.4697003200,23.4697003200,0,0.0000,,0.000000
2006-05-25,23.4853650000,20.6619022300,24.5291590000,19.8842757000,19811697,811908674.0000,7.339655,-11.963530
2006-05-26,20.6097125300,20.8706610300,20.8863179400,19.6650789600,9180196,360661885.0000,3.400995,1.010360
2006-05-29,20.8758800000,22.9582490300,22.9582490300,20.8758800000,8068362,345986865.0000,2.989093,10.002500
2006-05-30,24.5813487000,25.2545958300,25.2545958300,23.8037221700,13875854,664776550.0000,5.140599,10.002270
2006-05-31,25.2859096500,25.0614939400,27.0864543000,24.4665313600,15173103,747411522.0000,5.621192,-0.764619
2006-06-01,25.0614939400,25.8339015000,26.1470397000,24.5187210600,9033167,438913211.0000,3.346525,3.082048
2006-06-02,25.8339015000,24.5865676700,25.8339015000,24.3204002000,7310473,348052311.0000,2.708317,-4.828282
2006-06-05,24.3204002000,23.4175183900,24.3204002000,22.8590886000,6874756,308294272.0000,2.546896,-4.754833
2006-06-06,23.0835043100,22.4676658500,23.0835043100,22.4415710000,5664197,246688992.0000,2.098420,-4.056162
2006-06-07,22.2171552900,21.9353309100,22.9582490300,21.7631049000,7100113,302769993.0000,2.630385,-2.369339
2006-06-08,21.8309515100,22.2954398400,22.4885417300,21.4029959700,5845435,247094039.0000,2.165563,1.641690
2006-06-09,22.2954398400,22.2328122000,22.5459504000,21.6587255000,5841082,247306955.0000,2.163950,-0.280905
2006-06-12,21.9196740000,23.5271167600,23.5845254300,21.6587255000,7134449,311536764.0000,2.643105,5.821604
2006-06-13,23.5271167600,23.9759481800,24.6178814900,23.5271167600,7482948,347247357.0000,2.772214,1.907712
2006-06-14,23.7463135000,24.4247796000,24.6335384000,22.7025195000,6223384,287725376.0000,2.305582,1.872008
2006-06-15,24.4195606300,24.2160208000,25.1554354000,23.9550723000,5131147,242480009.0000,1.900940,-0.854696
2006-06-16,24.2108018300,24.3934657800,24.6857281000,24.1116414000,4008029,188160360.0000,1.484858,0.732759
2006-06-19,24.2682105000,25.3276614100,25.8756532600,23.8506929000,7630589,368697291.0000,2.826910,3.829690
2006-06-20,25.1293405500,25.2337199500,25.4998874200,24.8997058700,3760892,181973717.0000,1.393301,-0.370905
2006-06-21,25.2337199500,24.7013850100,25.3120045000,24.3986847500,3632394,172805456.0000,1.345696,-2.109611
2006-06-22,24.5291590000,24.4091226900,24.7796695600,24.3725899000,2365379,111205968.0000,0.876304,-1.183185
2006-06-23,24.2682105000,24.3621519600,24.6857281000,24.1638311000,2792408,130091791.0000,1.034506,-0.192431
2006-06-26,24.3725899000,24.9049248400,25.2337199500,24.3725899000,4786959,227823194.0000,1.773429,2.227937
2006-06-27,24.9832093900,25.5520771200,25.8860912000,24.9571145400,5146617,252140738.0000,1.906671,2.598487
2006-06-28,25.4998874200,24.9727714500,25.4998874200,24.8422972000,2680057,128599786.0000,0.992883,-2.267158
2006-06-29,24.9988663000,25.1032457000,25.3067855300,24.8422972000,3719105,178456804.0000,1.377820,0.522466
2006-06-30,25.1815302500,24.7587936800,25.4424787500,24.4247796000,3903278,185164398.0000,1.446051,-1.372141
2006-07-03,24.7483557400,24.4247796000,24.7483557400,24.2055828600,4828774,225238880.0000,1.788920,-1.349071
2006-07-04,24.2682105000,24.5291590000,24.5552538500,23.8245980500,5250666,242839931.0000,1.945218,0.427352
2006-07-05,24.6335384000,24.2943053500,24.6335384000,24.1116414000,1557263,72575812.0000,0.576920,-0.957448
2006-07-06,24.2682105000,24.3621519600,24.5813487000,24.0594517000,2205560,103048532.0000,0.817096,0.279272
2006-07-07,24.3830278400,24.0020430300,24.5239400300,23.9602912700,2802363,129587181.0000,1.038194,-1.478146
2006-07-10,23.9446343600,23.5010219100,23.9446343600,23.4070804500,2769775,125019271.0000,1.026121,-2.087416
2006-07-11,23.4853650000,23.3548907500,23.7254376200,23.2766062000,2721409,122211032.0000,1.008203,-0.621805
2006-07-12,23.3287959000,22.9582490300,23.3548907500,22.7286143500,3312513,145831734.0000,1.227189,-1.698320
2006-07-13,22.8329937500,23.3131389900,23.6941238000,22.5877021600,3942420,175231413.0000,1.460552,1.545798
2006-07-14,23.0678474000,23.2609492900,23.3548907500,22.7651471400,1834374,80947648.0000,0.679582,-0.223860
2006-07-17,23.1200371000,23.4122994200,23.7724083500,22.8851834500,2568418,115482082.0000,0.951524,0.650664
2006-07-18,23.3914235400,23.1304750400,23.4122994200,22.9791249100,1539232,68227611.0000,0.570241,-1.203747
2006-07-19,23.0678474000,22.6868625900,23.1722268000,22.3893813000,3132698,136738969.0000,1.160573,-1.917867
2006-07-20,22.6659867100,23.1148181300,23.1670078300,22.3789433600,1937201,85005958.0000,0.717676,1.886358
2006-07-21,23.0939422500,23.1878837100,23.2244165000,22.9686869700,1075971,47693738.0000,0.398616,0.316097
2006-07-24,23.0156577000,24.1168603700,24.4613123900,22.8590886000,4052541,185467434.0000,1.501348,4.006299
2006-07-25,24.1168603700,24.4352175400,24.5291590000,23.8506929000,3254213,151329073.0000,1.205591,1.320062
2006-07-26,24.4352175400,24.2682105000,24.5291590000,23.9289774500,1740430,80947127.0000,0.644779,-0.683468
2006-07-27,24.2160208000,24.1012034600,24.4195606300,23.9028826000,2451514,113653352.0000,0.908214,-0.688171
2006-07-28,24.0072620000,23.7463135000,24.0542327300,23.6158392500,2288646,104187953.0000,0.847877,-1.472500
2006-07-31,23.6836858600,22.9634680000,23.6941238000,22.9634680000,1594807,70945071.0000,0.590829,-3.296704
2006-08-01,22.9634680000,23.3496717800,23.4853650000,22.9112783000,1316838,58663703.0000,0.487850,1.681822
2006-08-02,23.3287959000,23.0052197600,23.4853650000,22.9008403600,886022,39215950.0000,0.328245,-1.475190
2006-08-03,23.0156577000,22.4311330600,23.2505113500,22.2850019000,1665548,71947181.0000,0.617037,-2.495468
2006-08-04,22.4415710000,22.2797829300,22.6398918600,21.9196740000,1479341,63433581.0000,0.548053,-0.674735
2006-08-07,22.0501482500,22.1075569200,22.6451108300,21.4395287600,1414235,59874589.0000,0.523933,-0.773010
2006-08-08,21.9196740000,22.5511693700,22.5668262800,21.9196740000,777176,33435494.0000,0.287921,2.006606
2006-08-09,22.5720452500,22.8851834500,23.1200371000,22.4415710000,1028841,44982771.0000,0.381156,1.481137
2006-08-10,22.8851834500,22.9686869700,23.1617888600,22.8851834500,1310561,57720598.0000,0.485525,0.364880
2006-08-11,23.0052197600,23.0052197600,23.2244165000,22.9895628500,724713,32036673.0000,0.268485,0.159063
2006-08-14,23.0052197600,22.8643075700,23.1095991600,22.5459504000,1117366,49033692.0000,0.413951,-0.612524
2006-08-15,22.7286143500,23.0260956400,23.0574094600,22.7025195000,639825,28008387.0000,0.237036,0.707595
2006-08-16,23.0156577000,23.4801460300,23.5323357300,22.9634680000,899888,40252021.0000,0.333382,1.971901
2006-08-17,23.5323357300,23.0939422500,23.5323357300,22.6451108300,1092965,48410678.0000,0.404912,-1.644814
2006-08-18,22.9112783000,23.0313146100,23.2035406200,22.7338333200,338123,14888941.0000,0.125265,-0.271184
2006-08-21,22.4311330600,23.0521904900,23.0678474000,22.3632864500,729321,32062134.0000,0.270192,0.090635
2006-08-22,22.9634680000,23.5845254300,23.6680289500,22.9634680000,1110875,49977253.0000,0.411547,2.309261
2006-08-23,22.8590886000,23.1826647400,23.3235769300,22.8590886000,2105623,93035269.0000,0.780072,-1.703918
2006-08-24,22.9634680000,23.0208766700,23.1722268000,22.9008403600,1257407,55366636.0000,0.465833,-0.697878
2006-08-25,23.0208766700,22.9843438800,23.2713872300,22.8590886000,747487,32852244.0000,0.276922,-0.158693
2006-08-28,22.9164972700,22.8851834500,23.0626284300,22.6503298000,2557259,112066807.0000,0.947390,-0.431432
2006-08-29,22.9478110900,23.8298170200,24.1168603700,22.9425921200,3785440,171776439.0000,1.402395,4.127711
2006-08-30,23.6158392500,23.4749270600,23.9028826000,23.3809856000,969292,43806887.0000,0.359094,-1.489269
2006-08-31,23.4853650000,23.6054013100,23.7306565900,23.3809856000,1235848,55827539.0000,0.457846,0.555803
2006-09-01,23.6680289500,23.5218977900,23.6784668900,23.4227373600,1087394,48927412.0000,0.402848,-0.353747
2006-09-04,23.3705476600,23.5532116100,23.6262771900,23.3705476600,590376,26589669.0000,0.218717,0.133129
2006-09-05,23.4905839700,23.4540511800,23.6054013100,23.3914235400,1235476,55522598.0000,0.457708,-0.421011
2006-09-06,23.4331753000,23.5479926400,23.7202186500,23.3809856000,1138069,51403210.0000,0.421621,0.400535
2006-09-07,23.4749270600,23.4801460300,23.5636495500,23.1670078300,1051862,46987030.0000,0.389684,-0.288114
2006-09-08,23.2244165000,23.2035406200,23.4331753000,23.0469715200,589062,26157744.0000,0.218230,-1.178045
2006-09-11,23.0678474000,23.0313146100,23.1774457700,22.9060593300,830299,36625467.0000,0.307602,-0.742236
2006-09-12,23.0313146100,22.8590886000,23.0313146100,22.8068989000,1939305,85026963.0000,0.718456,-0.747795
2006-09-13,22.8695265400,22.9008403600,23.0991612200,22.8695265400,1842146,81014932.0000,0.682461,0.182653
2006-09-14,22.9634680000,24.0594517000,24.0803275800,22.5459504000,6336687,284212834.0000,2.347558,5.059247
2006-09-15,24.0594517000,23.9237584800,24.4143416600,23.5375547000,2924397,134841289.0000,1.083404,-0.563988
2006-09-18,23.9446343600,23.9185395100,24.0594517000,23.6314961600,3408476,155113047.0000,1.262741,-0.021811
2006-09-19,23.8298170200,24.2212397700,24.3934657800,23.7202186500,2999252,138992138.0000,1.111135,1.265542
2006-09-20,24.1586121300,24.5239400300,24.6961660400,24.0490137600,2244246,105158852.0000,0.831428,1.249735
2006-09-21,24.5291590000,24.4247796000,24.6074435500,24.4247796000,1631283,76643185.0000,0.604343,-0.404347
2006-09-22,24.4039037200,24.4299985700,24.5291590000,24.0594517000,1242597,57912198.0000,0.460346,0.021372
2006-09-25,24.1899259500,24.3830278400,24.6074435500,24.1899259500,1047525,49168157.0000,0.388077,-0.192267
2006-09-26,24.3569329900,23.9968240600,24.3621519600,23.9863861200,1178972,54462375.0000,0.436775,-1.583908
2006-09-27,23.9498533300,24.0698896400,24.1899259500,23.8298170200,805218,36977026.0000,0.298310,0.304479
2006-09-28,24.0072620000,24.4299985700,24.5030641500,23.8611308400,1677920,77577351.0000,0.621620,1.496102
2006-09-29,24.4247796000,24.7535747100,24.9884283600,24.2682105000,2275622,107764446.0000,0.843052,1.324501
2006-10-09,25.0562749700,26.5489003900,26.7733161000,25.0562749700,3797012,191569287.0000,1.406682,7.252791
2006-10-10,26.8776955000,26.4758348100,27.3995925000,26.3557985000,2412448,124074029.0000,0.893742,-0.275210
2006-10-11,26.4445209900,25.9591567800,26.6167470000,25.8339015000,1211797,60357112.0000,0.448935,-1.951504
2006-10-12,25.9591567800,25.9017481100,26.2305432200,25.6147047600,1428689,70986726.0000,0.529288,-0.221151
2006-10-13,25.9017481100,25.5781719700,25.9904706000,25.4216028700,1489803,73257749.0000,0.551929,-1.249250
2006-10-16,25.5729530000,24.7379178000,25.5729530000,24.4247796000,3807675,180476685.0000,1.410632,-3.285037
2006-10-17,24.7379178000,25.1241215800,25.2598148000,24.4508744500,1537044,73212480.0000,0.569430,1.561177
2006-10-18,25.0510560000,25.9956895700,26.2044483700,24.7901075000,2387883,118175550.0000,0.884641,3.469053
2006-10-19,25.9121860500,26.0948500000,26.3557985000,25.5833909400,1661115,83199478.0000,0.615395,0.381447
2006-10-20,26.0739741200,25.8860912000,26.1731345500,25.8704342900,1209540,60370256.0000,0.448099,-0.800003
2006-10-23,25.6773324000,26.6167470000,26.7994109500,25.6773324000,3899875,198293833.0000,1.444790,2.822584
2006-10-24,26.6428418500,27.2221475200,27.4413442600,26.5123676000,2670912,138579123.0000,0.989495,2.274509
2006-10-25,27.5039719000,28.7982764600,29.1636043600,27.2430234000,4747608,261743388.0000,1.758850,5.789878
2006-10-26,28.7043350000,28.7043350000,28.8922179200,28.1824380000,2042850,112072591.0000,0.756816,-0.326206
2006-10-27,28.6991160300,28.1928759400,28.6991160300,28.1302483000,1479145,80382720.0000,0.547980,-1.781817
2006-10-30,28.1824380000,28.2033138800,28.3651019500,27.8171101000,1236943,66246109.0000,0.458251,0.037024
2006-10-31,28.2033138800,28.1772190300,28.8609041000,27.8745187700,1126683,61092387.0000,0.417403,-0.092523
2006-11-01,27.9736792000,27.7649204000,28.1824380000,27.6501030600,1276204,67866974.0000,0.472796,-1.463235
2006-11-02,27.7179496700,28.5842986900,28.5947366300,27.3265269200,2331900,123978621.0000,0.863901,2.951127
2006-11-03,28.6991160300,28.5842986900,28.9600645300,28.0258689000,1387640,75858369.0000,0.514080,0.000000
2006-11-06,28.2085328500,29.2732027300,29.8525084000,28.1824380000,2674004,147856261.0000,0.990640,2.410078
2006-11-07,29.2784217000,29.1218526000,29.6959393000,28.9652835000,2132645,119649818.0000,0.790083,-0.517028
2006-11-08,28.9652835000,29.6489685700,30.0090775000,28.7043350000,2534830,143238979.0000,0.939081,1.810040
2006-11-09,29.5132753500,29.8368514900,29.8525084000,29.2888596400,1596243,90494365.0000,0.591361,0.633686
2006-11-10,29.7220341500,30.0612672000,30.7397333000,29.5393702000,3315329,191717604.0000,1.228233,0.752143
2006-11-13,30.0090775000,29.7011582700,30.0090775000,29.1740423000,2831549,161068513.0000,1.049006,-1.197914
2006-11-14,29.5654650500,31.2616303000,31.3921045500,29.5654650500,3130677,183957465.0000,1.159824,5.253912
2006-11-15,31.5643305600,32.2741104800,32.8795110000,31.1050612000,3403376,211445126.0000,1.260851,3.238729
2006-11-16,32.2897673900,33.7562979600,34.9566610600,32.2793294500,4862857,313184874.0000,1.801547,4.592497
2006-11-17,33.9128670600,33.6936703200,34.1842535000,32.8795110000,3834146,244957666.0000,1.420439,-0.185533
2006-11-20,33.1561164100,33.7145462000,34.3408226000,33.1561164100,2706049,174396384.0000,1.002512,0.061959
2006-11-21,33.7458600200,32.9473576100,33.7771738400,32.3576140000,3024121,190983784.0000,1.120349,-2.275538
2006-11-22,32.9317007000,33.1091456800,33.5005684300,32.2845484200,2890047,182237646.0000,1.070678,0.491046
2006-11-23,32.8847299700,33.1195836200,33.6623565000,32.8847299700,1254785,79824997.0000,0.464861,0.031527
2006-11-24,33.0934887700,33.3492183000,33.5527581300,32.5663728000,2349589,148702618.0000,0.870454,0.693354
2006-11-27,33.3492183000,33.5579771000,34.2677570200,33.2918096300,1649849,106393463.0000,0.611221,0.625980
2006-11-28,33.5005684300,32.7803505700,33.9180860300,32.7751316000,2832241,180775984.0000,1.049263,-2.317266
2006-11-29,32.3576140000,33.6153857700,34.5234865500,31.7991842100,2675401,172337879.0000,0.991158,2.547369
2006-11-30,33.7823928100,35.3585217500,36.1048344600,33.7823928100,2101203,141522146.0000,0.778434,5.185524
2006-12-01,35.3585217500,36.0108930000,37.4200149000,35.3585217500,4041469,282813533.0000,1.497246,1.845018
2006-12-04,36.1465862200,36.0630827000,37.0181542100,35.3846166000,2688658,185669864.0000,0.996069,0.144925
2006-12-05,35.9587033000,36.5745417600,37.2008181600,35.9065136000,3811783,266976425.0000,1.412154,1.418239
2006-12-06,36.5327900000,36.0265499100,36.5327900000,34.9149093000,3749300,256408498.0000,1.389006,-1.498292
2006-12-07,35.7551634700,36.2927173800,36.5849797000,35.7551634700,2185538,151160168.0000,0.809678,0.738812
2006-12-08,36.0108930000,36.0369878500,36.4806003000,35.4889960000,2206889,152466866.0000,0.817588,-0.704627
2006-12-11,35.5411857000,37.7331531000,37.8375325000,35.5411857000,2675430,188889525.0000,0.991169,4.706734
2006-12-12,38.0358533600,37.4826425400,38.3489915600,37.2634458000,1176703,84919970.0000,0.435934,-0.663905
2006-12-13,37.7227151600,37.2112561000,37.8062186800,36.8772420200,3341653,239515640.0000,1.237985,-0.724028
2006-12-14,37.4722046000,40.2069448800,40.3843898600,37.2112561000,3762824,279885276.0000,1.394016,8.050488
2006-12-15,40.1860690000,41.2977096100,41.7308841200,39.6798289100,2369730,185540482.0000,0.877916,2.712872
2006-12-18,41.2194250600,45.0919008000,45.2275940200,41.2194250600,3523829,295726593.0000,1.305476,9.187419
2006-12-19,45.0919008000,44.0950775300,46.3444536000,43.7767203600,3803816,326181880.0000,1.409203,-2.210652
2006-12-20,43.8289100600,43.9959171000,44.8309523000,43.5836184700,2519590,212351401.0000,0.933435,-0.224873
2006-12-21,43.9959171000,43.3070130600,44.6221935000,43.0565025000,3030146,256088471.0000,1.122581,-1.565836
2006-12-22,43.0565025000,42.1849345100,43.6827789000,41.7413220600,3043946,249249212.0000,1.127693,-2.590987
2006-12-25,42.3049708200,43.4270493700,43.9332894600,42.3049708200,2495441,207941105.0000,0.924488,2.944448
2006-12-26,43.4270493700,43.4270493700,43.4270493700,43.4270493700,0,0.0000,,0.000000
2006-12-27,43.9489463700,44.6117555600,45.0919008000,43.9437274000,1985302,169858959.0000,0.735496,2.728043
2006-12-28,44.7787626000,44.6117555600,44.8831420000,43.5783995000,2928105,248296941.0000,1.084777,0.000000
2006-12-29,44.6169745300,45.8382135100,48.0667137000,44.1316103200,8297549,728497750.0000,3.074000,2.749179
2007-01-04,46.9759489700,44.7996384800,47.0646714600,44.6221935000,4466467,394957199.0000,1.654696,-2.265747
2007-01-05,44.2516466300,45.0240541900,45.2432509300,43.4740201000,2780501,236787475.0000,1.030094,0.500932
2007-01-08,45.0397111000,44.2881794200,45.1962802000,43.7767203600,4892359,417405505.0000,1.812476,-1.634399
2007-01-09,44.3038363300,46.3392346300,46.9655110300,44.1524862000,2830001,248096035.0000,1.048433,4.631157
2007-01-10,46.4488330000,46.4331760900,47.2264595300,45.7181772000,2823940,249921322.0000,1.046187,0.202726
2007-01-11,46.4488330000,48.0093050300,48.6303624600,46.1878845000,3748280,341540304.0000,1.388628,3.394399
2007-01-12,47.9623343000,50.6031331200,50.7283884000,46.9707300000,3640208,347136997.0000,1.348591,5.402762
2007-01-15,50.6501038500,51.9861601700,53.2334940000,50.6501038500,3067052,305993934.0000,1.136253,2.733087
2007-01-16,51.8556859200,51.0049938100,52.5967796600,50.2482431600,3503970,344077710.0000,1.298119,-1.887358
2007-01-17,50.9319282300,51.2085336400,53.7553910000,50.1125499400,2591604,257353976.0000,0.960114,0.399058
2007-01-18,51.1459060000,54.9140023400,55.0549145300,50.6240090000,3064535,315103130.0000,1.135321,7.236036
2007-01-19,54.9140023400,57.0694369500,58.3950553300,54.9140023400,2225551,243504208.0000,0.824502,3.925107
2007-01-22,57.4608597000,59.0787404000,60.5400520000,57.4086700000,2552122,290839225.0000,0.945487,3.520803
2007-01-23,59.3918786000,54.9453161600,59.9137756000,54.3294777000,4178280,450098219.0000,1.547931,-6.996465
2007-01-24,55.0601335000,57.2938526600,58.9743610000,55.0601335000,1940422,212553649.0000,0.718870,4.274316
2007-01-25,56.1039275000,56.5579778900,57.9044721500,55.4776511000,4484815,490557153.0000,1.661493,-1.284383
2007-01-26,55.8429790000,56.8293643300,57.3825751500,51.1459060000,3584570,380378208.0000,1.327979,0.479834
2007-01-29,56.2604966000,56.0987085300,58.9743610000,55.3732717000,1856036,201345338.0000,0.687607,-1.285703
2007-01-30,55.7020668100,57.2781957500,57.9827567000,55.5715925600,2656109,287395106.0000,0.984011,2.102523
2007-01-31,56.2604966000,53.8754273100,57.4086700000,53.2334940000,3326784,352147545.0000,1.232476,-5.940772
2007-02-01,52.1844810300,54.7991850000,55.3054250900,51.9287515000,2590975,265744453.0000,0.959881,1.714615
2007-02-02,54.2616310900,52.7115970000,54.6948056000,52.1897000000,1498880,151508799.0000,0.555291,-3.809524
2007-02-05,52.7063780300,50.6240090000,52.7115970000,50.4778778400,1983799,194534210.0000,0.734940,-3.960396
2007-02-06,49.5854339700,49.9716377500,50.5718193000,46.7097815000,3952256,365914405.0000,1.464195,-1.288660
2007-02-07,49.6741564600,50.8693005900,52.1792620600,49.5854339700,1797622,175261713.0000,0.665966,1.796346
2007-02-08,50.5718193000,50.0812361200,51.6573650600,48.7973695000,1837314,176642962.0000,0.680671,-1.549197
2007-02-09,49.6741564600,49.1470404900,50.4048122600,48.5364210000,1226217,116298291.0000,0.454278,-1.865362
2007-02-12,48.9539386000,50.6240090000,51.5373287500,48.6408004000,1251133,120701377.0000,0.463508,3.005205
2007-02-13,51.0832783600,52.0853206000,52.1061964800,50.6240090000,1876710,184420201.0000,0.695266,2.886601
2007-02-14,52.4924002600,51.9600653200,53.2282750300,51.1459060000,1561447,154853057.0000,0.578471,-0.240486
2007-02-15,52.5289330500,53.8649893700,54.7887470600,52.1949189700,1680518,173731362.0000,0.622583,3.666133
2007-02-16,54.6791486900,52.2784224900,54.7991850000,51.9600653200,2507162,256784061.0000,0.928830,-2.945452
2007-02-26,52.0853206000,50.6344469400,52.0853206000,50.1073309700,1532146,150045013.0000,0.567615,-3.144656
2007-02-27,50.3630605000,45.7390530800,50.3630605000,45.5720460400,3186695,292514587.0000,1.180577,-9.668107
2007-02-28,45.7390530800,45.7390530800,45.7390530800,45.7390530800,0,0.0000,,0.000000
2007-03-01,50.3108708000,50.3108708000,50.3108708000,48.4737933600,4458245,429485218.0000,1.651650,9.995439
2007-03-02,50.6240090000,51.0363076300,52.7063780300,50.0812361200,3477066,341362336.0000,1.288151,1.441908
2007-03-05,51.0989352700,49.5280253000,51.0989352700,49.4758356000,2180501,208807884.0000,0.807812,-2.955312
2007-03-06,49.0583180000,52.2418897000,52.7898815500,48.5364210000,2435058,241040734.0000,0.902118,5.479449
2007-03-07,52.8681661000,52.9516696200,53.9902446500,52.1949189700,2642534,271589373.0000,0.978982,1.358642
2007-03-08,52.6594073000,52.9464506500,53.2334940000,51.7199927000,1380763,138217148.0000,0.511532,-0.009858
2007-03-09,52.2418897000,52.1949189700,53.4840045600,51.7199927000,1618595,162560220.0000,0.599642,-1.419413
2007-03-12,52.0853206000,52.0853206000,52.1949189700,51.4747011100,1944399,193188602.0000,0.720343,-0.209978
2007-03-13,51.6469271200,51.3598837700,52.0853206000,50.1125499400,1908052,186420809.0000,0.706878,-1.392785
2007-03-14,50.6240090000,50.1125499400,51.1459060000,49.7367841000,2160027,207586165.0000,0.800227,-2.428622
2007-03-15,49.5802150000,50.8432057400,51.1459060000,49.5802150000,2097319,201776897.0000,0.776995,1.458031
2007-03-16,51.0415266000,50.9423661700,51.1459060000,49.6324047000,1463493,140836291.0000,0.542181,0.195034
2007-03-19,49.5854339700,50.8223298600,51.2607233400,49.4758356000,2595161,253220579.0000,0.961431,-0.235635
2007-03-20,50.8014539800,49.3766751700,50.8849575000,49.2931716500,2118752,201378936.0000,0.784936,-2.844523
2007-03-21,49.3975510500,49.0583180000,50.2586811000,47.8162031400,2828956,266389529.0000,1.048046,-0.644753
2007-03-22,49.1679163700,49.3140475300,49.5175873600,48.0145240000,3139702,291678124.0000,1.163168,0.521274
2007-03-23,48.8025884700,49.5749960300,49.6324047000,48.1189034000,3027938,283551750.0000,1.121763,0.529157
2007-03-26,49.4758356000,49.0687559400,49.5280253000,48.9017489000,2265620,212983960.0000,0.839346,-1.021161
2007-03-27,48.9382816900,48.4268226300,49.0583180000,47.9362394500,3719764,345056807.0000,1.378064,-1.308228
2007-03-28,48.4685743900,48.5833917300,48.9800334500,47.4926270000,3492636,323233779.0000,1.293920,0.323306
2007-03-29,48.6303624600,50.2952138900,50.3578415300,48.1606551600,4941537,465028032.0000,1.830695,3.523479
2007-03-30,50.4048122600,49.3192665000,50.4413450500,48.6408004000,3098507,293158039.0000,1.147906,-1.940441
2007-04-02,49.5802150000,49.0009093300,49.5854339700,47.9623343000,2825719,261934932.0000,1.046846,-0.645503
2007-04-03,49.0009093300,49.5175873600,49.8933532000,48.0719326700,4280091,402378753.0000,1.585649,1.054423
2007-04-04,49.5749960300,50.8014539800,51.1406870300,49.5749960300,4080726,395605830.0000,1.511790,2.592748
2007-04-05,50.5613813600,49.7576599800,50.5613813600,49.4340838400,3746014,358362495.0000,1.387789,-2.054654
2007-04-06,49.3714562000,49.0583180000,49.5854339700,48.7973695000,2761536,259568009.0000,1.023068,-1.405492
2007-04-09,49.3453613500,49.5802150000,50.4152502000,48.4842313000,6283418,591101165.0000,2.327823,1.063830
2007-04-10,49.6950323400,49.2618578300,49.9925136300,49.1105077000,6304682,597770870.0000,2.335701,-0.642106
2007-04-11,49.5541201500,48.9956903600,49.5541201500,48.4842313000,5382825,504663488.0000,1.994180,-0.540314
2007-04-12,48.9017489000,51.5842994800,52.2418897000,48.5259830600,7645857,739231914.0000,2.832567,5.283340
2007-04-13,51.6678030000,53.7292961500,54.9975058600,50.6240090000,8478318,867089257.0000,3.140969,4.158237
2007-04-16,53.1813043000,53.0925818100,54.2511931500,52.4506485000,3781242,383878218.0000,1.400840,-1.185035
2007-04-17,53.2334940000,51.5060149300,53.9850256800,50.6240090000,4461885,442356324.0000,1.652998,-2.988303
2007-04-18,51.5060149300,50.4100312300,51.5060149300,49.8411635000,4878084,470273102.0000,1.807188,-2.127881
2007-04-19,49.9455429000,48.4320416000,50.1021120000,47.7013858000,3988171,372975317.0000,1.477501,-3.923795
2007-04-20,48.5364210000,49.3557992900,49.8411635000,48.4842313000,4151694,392180310.0000,1.538081,1.907324
2007-04-23,49.3610182600,49.8829152600,50.0029515700,48.5364210000,4748675,447869454.0000,1.759245,1.067994
2007-04-24,50.0603602400,49.3088285600,50.0916740600,48.8025884700,3947857,372593709.0000,1.462566,-1.150867
2007-04-25,49.3140475300,50.0968930300,50.5196296000,48.8495592000,3782234,362266657.0000,1.401207,1.598216
2007-04-26,50.1438637600,50.8014539800,51.3964165600,49.5802150000,3369828,325641558.0000,1.248423,1.406395
2007-04-27,50.7701401600,48.9435006600,50.7857970700,48.8599971400,2647491,250199461.0000,0.980818,-3.657281
2007-04-30,48.5364210000,49.7994117400,50.8171108900,48.3015673500,4355729,414391808.0000,1.613670,1.748773
2007-05-08,50.4152502000,50.3630605000,51.0937163000,49.8568204100,4602697,444700567.0000,1.705165,1.131840
2007-05-09,50.3630605000,48.0145240000,50.3682794700,46.9185403000,15177660,1394029058.0000,5.622880,-4.663213
2007-05-10,48.0145240000,48.0145240000,48.0145240000,48.0145240000,0,0.0000,,0.000000
2007-05-11,48.0145240000,48.0145240000,48.0145240000,48.0145240000,0,0.0000,,0.000000
2007-05-14,48.8495592000,49.2618578300,52.5967796600,48.1084654600,13187045,1263779092.0000,4.885415,2.597826
2007-05-15,49.3088285600,47.4560942100,49.3088285600,47.4195614200,7103792,655524409.0000,2.631748,-3.665642
2007-05-16,47.4404373000,48.8391212600,49.3714562000,47.3360579000,5043288,468228612.0000,1.868391,2.914331
2007-05-17,48.7190849500,51.6782409400,52.2157948500,48.7086470100,9518160,930266093.0000,3.526200,5.813202
2007-05-18,51.3024751000,51.3703217100,52.7637867000,50.6240090000,5183691,517580169.0000,1.920406,-0.595836
2007-05-21,49.7420030700,50.4309071100,51.7617444600,49.1261646100,4150822,402560491.0000,1.537758,-1.828714
2007-05-22,50.1595206700,49.4967114800,50.3630605000,49.1574784300,5990195,567699268.0000,2.219192,-1.852428
2007-05-23,49.3975510500,50.6083520900,51.6678030000,49.3923320800,4033890,391972671.0000,1.494438,2.245893
2007-05-24,50.8693005900,51.8609048900,51.9861601700,50.4361260800,5579895,548678429.0000,2.067188,2.474994
2007-05-25,52.2053569100,55.5246218300,57.0485610700,52.2053569100,8310533,883158731.0000,2.037240,7.064503
2007-05-28,55.5820305000,57.5704580700,58.0610412500,55.5715925600,5551105,607604935.0000,1.360795,3.684555
2007-05-29,57.6696185000,57.0015903400,60.2269138000,56.5214451000,4294511,480225991.0000,1.052754,-0.988121
2007-05-30,54.2772880000,53.2178370900,56.8815540300,52.0853206000,7290654,756701836.0000,1.787227,-6.637979
2007-05-31,53.2178370900,53.2178370900,53.2178370900,53.2178370900,0,0.0000,,0.000000
2007-06-01,56.8919919700,57.6383046800,58.5411864900,56.4692554000,6966650,775108764.0000,1.707801,8.306365
2007-06-04,57.7635599600,55.1279801100,60.1225344000,54.0163395000,5694906,627231638.0000,1.396047,-4.355310
2007-06-05,53.7553910000,55.3576147900,55.8377600300,49.6167477900,5294878,544757934.0000,1.297984,0.416551
2007-06-06,54.7991850000,55.0653524700,56.8867730000,53.2491509100,3138434,329128886.0000,0.769354,-0.527951
2007-06-07,55.0705714400,55.1436370200,56.1039275000,54.3712294600,5337084,562638223.0000,1.308330,0.142168
2007-06-08,55.7333806300,55.7960082700,56.0987085300,54.7991850000,3581908,381067005.0000,0.878067,1.183040
2007-06-11,56.1561172000,61.3750872000,61.3750872000,55.8221031200,5409546,620110688.0000,1.326093,9.999059
2007-06-12,62.6224210300,62.8520557100,63.9323825000,60.0494688200,4419028,529299495.0000,1.083278,2.406464
2007-06-13,62.3614725300,62.5597933900,64.4281846500,61.5838460000,3868378,465951672.0000,0.948292,-0.464998
2007-06-14,62.0013636000,65.3206285200,67.8466100000,61.7351961300,3488110,435609721.0000,0.855074,4.413115
2007-06-15,64.6995710900,65.6963943600,65.8634014000,64.6108486000,1489786,185772690.0000,0.365205,0.575259
2007-06-18,66.0095325600,66.2600431200,68.5981416800,65.2945336700,2172221,277680174.0000,0.532497,0.857962
2007-06-19,65.5398252600,64.4020898000,66.2809190000,63.6714340000,2794684,348478544.0000,0.685087,-2.804031
2007-06-20,63.9428204400,64.4177467100,66.2704810600,63.2539164000,1917026,236303439.0000,0.469939,0.024310
2007-06-21,63.4626752000,64.6265055100,65.1223076600,63.1495370000,1940141,238688175.0000,0.475605,0.324072
2007-06-22,64.6473813900,63.0608145100,65.4458838000,62.1057430000,1785337,218079514.0000,0.437657,-2.422676
2007-06-25,62.6798297000,62.1527137300,64.9813954700,61.8447945000,3275657,398355115.0000,0.802993,-1.440044
2007-06-26,62.0483343300,62.7424573400,63.1495370000,60.3156362900,1227169,145796096.0000,0.300828,0.948866
2007-06-27,63.2591353700,64.9709575300,65.0388041400,62.2101224000,2376647,293372111.0000,0.582610,3.551819
2007-06-28,65.1849353000,63.6088063600,65.4980735000,63.4261424100,2621217,326430499.0000,0.642564,-2.096555
2007-06-29,62.3666915000,62.4606329600,64.4281846500,61.6621305500,1549939,186255139.0000,0.379951,-1.805052
2007-07-02,62.1057430000,62.1422757900,62.6276400000,60.0181550000,1960022,229624506.0000,0.480479,-0.509693
2007-07-03,62.2101224000,61.6986633400,62.3666915000,60.5400520000,1100903,129623748.0000,0.269875,-0.713865
2007-07-04,61.6986633400,61.1245766400,62.3145018000,60.6496503700,1155694,135460424.0000,0.283306,-0.930467
2007-07-05,60.5400520000,59.5119149100,61.5838460000,59.0317696700,1704363,194675509.0000,0.417807,-2.638323
2007-07-06,59.2874992000,61.5212183600,61.6099408500,59.2874992000,1559604,180456456.0000,0.382321,3.376303
2007-07-09,61.6882254000,62.7059245500,62.9929679000,61.3228975000,1164344,138656746.0000,0.285427,1.925691
2007-07-10,62.6276400000,61.5838460000,62.6276400000,61.0619490000,979370,115825748.0000,0.240082,-1.789431
2007-07-11,61.0619490000,60.4565484800,61.0619490000,59.9137756000,1212996,140017458.0000,0.297353,-1.830512
2007-07-12,60.5400520000,59.6893598900,60.7853435900,59.4388493300,1473914,168661711.0000,0.361315,-1.268986
2007-07-13,59.8784073300,60.1199583900,60.6398182800,59.8206451200,916686,104813064.0000,0.224716,0.721386
2007-07-16,60.3772627800,58.4343520800,60.3772627800,58.4080965300,1074733,121378863.0000,0.263460,-2.803737
2007-07-17,58.3923432000,60.4560294300,60.4927872000,57.3946323000,1506588,168233760.0000,0.369324,3.459740
2007-07-18,59.7733851300,60.9548848800,61.4432381100,58.8124320000,1135686,130799471.0000,0.278402,0.825158
2007-07-19,60.4350249900,62.3569312500,62.5302178800,60.3877650000,1474677,173893104.0000,0.361502,2.300136
2007-07-20,61.9105869000,62.9818133400,63.2758755000,61.4379870000,1429446,171502982.0000,0.350414,1.002107
2007-07-23,63.4334088000,65.8751749500,66.5105592600,62.5197156600,1909284,237054485.0000,0.468041,4.593959
2007-07-24,65.9539416000,64.8302040600,66.1639860000,64.5361419000,1310379,162555321.0000,0.321226,-1.586288
2007-07-25,64.3260975000,64.0582908900,65.1137640000,63.8009865000,1524167,186522568.0000,0.373634,-1.190670
2007-07-26,64.5256396800,64.6096574400,65.6388750000,64.1685642000,1305304,161489704.0000,0.319982,0.860729
2007-07-27,63.3021310500,62.7507645000,64.3208463900,62.4934601100,1631215,196650321.0000,0.399875,-2.877114
2007-07-30,62.7507645000,65.3185572900,65.9539416000,62.5984823100,2787699,339526695.0000,0.683375,4.092050
2007-07-31,65.0507506800,67.7760767700,68.2644300000,64.7041774200,2716592,344790131.0000,0.665944,3.762367
2007-08-01,67.7393190000,66.1797393300,68.2644300000,65.6441261100,1996605,253670740.0000,0.489447,-2.355318
2007-08-02,66.4265415000,68.2171700100,69.0520965000,66.4265415000,2052129,264786522.0000,0.503058,3.078636
2007-08-03,68.2014166800,72.5125779900,73.0376889900,68.0858922600,3410698,458343376.0000,0.836097,6.296661
2007-08-06,72.5335824300,72.5020757700,73.5102888900,71.4255982200,1746992,239532860.0000,0.428257,-0.014475
2007-08-07,72.4915735500,72.7383757200,72.9799267800,71.6566470600,2387426,327024703.0000,0.585252,0.325919
2007-08-08,72.7383757200,72.9116623500,76.6557037800,71.2838182500,1294506,183151083.0000,0.317335,0.238234
2007-08-09,74.8808286000,75.9257994900,76.8552459600,73.5155400000,1547505,224211231.0000,0.379355,4.133950
2007-08-10,75.7000017600,73.4945355600,76.4036505000,72.9904290000,2384176,338962358.0000,0.584456,-3.202151
2007-08-13,73.5050377800,72.3235380300,73.5050377800,70.0288029600,1914059,259481908.0000,0.469211,-1.593320
2007-08-14,71.4150960000,71.9034492300,72.4653180000,70.4803984200,1614446,218395050.0000,0.395765,-0.580849
2007-08-15,71.8929470100,71.4150960000,73.7780955000,70.6274295000,2351953,323360822.0000,0.576557,-0.679174
2007-08-16,70.6326806100,70.8952361100,72.4653180000,69.0520965000,2130630,286757937.0000,0.522302,-0.727945
2007-08-17,71.5096159800,70.9740027600,74.1351709800,70.6326806100,2416437,330979043.0000,0.592364,0.111110
2007-08-20,71.9927181000,75.3481773900,76.0360728000,71.9927181000,1875135,265241753.0000,0.459670,6.163067
2007-08-21,75.3639307200,77.7374324400,78.7666500000,75.3639307200,1881098,278103261.0000,0.461131,3.170944
2007-08-22,76.6662060000,81.5129805300,82.3374048000,76.4036505000,2619515,401151824.0000,0.642147,4.856797
2007-08-23,81.5077294200,83.9915044500,84.6478932000,80.8670940000,1926367,304024687.0000,0.472229,3.040650
2007-08-24,83.9599977900,82.5211936500,85.0627308900,81.9173160000,2063017,326076166.0000,0.505727,-1.750549
2007-08-27,82.4424270000,81.4237116600,84.0072577800,81.3922050000,2082282,327422195.0000,0.510450,-1.329937
2007-08-28,80.8723451100,80.7568206900,81.9173160000,80.3944941000,1720550,265824520.0000,0.421775,-0.819040
2007-08-29,80.2264585800,80.6570496000,82.6839780600,79.8168720000,1199701,186047475.0000,0.294094,-0.123537
2007-08-30,80.8145829000,81.3869538900,81.8070426900,80.5782829500,919487,142153246.0000,0.225403,0.904948
2007-08-31,81.3922050000,83.9810022300,84.0702711000,80.8670940000,1000740,158100458.0000,0.245321,3.187294
2007-09-03,84.4903599000,83.9232400200,85.8031374000,83.7552045000,1874914,303353295.0000,0.459616,-0.068771
2007-09-04,83.8077156000,80.2369608000,83.8077156000,79.2917610000,4722008,723864066.0000,1.157551,-4.392444
2007-09-05,80.2999741200,79.7171009100,81.3659494500,78.0209923800,2287969,343653908.0000,0.560872,-0.647909
2007-09-06,79.8168720000,78.7613988900,79.8168720000,78.1890279000,2752558,412746126.0000,0.674761,-1.198862
2007-09-07,78.7613988900,75.8575350600,78.7613988900,75.5634729000,3301169,480091647.0000,0.809247,-3.686912
2007-09-10,73.6468177500,74.6235242100,75.7787684100,73.6468177500,4080208,577753207.0000,1.000220,-1.626752
2007-09-11,74.5657620000,75.5109618000,76.9182592800,74.5657620000,2586608,374651914.0000,0.634080,1.189221
2007-09-12,75.0908730000,75.4689529200,76.6662060000,73.6888266300,1219184,173598048.0000,0.298870,-0.055634
2007-09-13,75.6159840000,75.5319662400,75.8785395000,74.0406510000,2116570,302740276.0000,0.518855,0.083492
2007-09-14,75.6159840000,77.9212212900,78.7666500000,74.4239820300,3662580,533527808.0000,0.897843,3.163239
2007-09-17,77.7164280000,79.8011186700,80.3314807800,76.5401793600,3881924,581454298.0000,0.951613,2.412563
2007-09-18,79.9218942000,76.9130081700,79.9218942000,76.0780816800,1483666,218334186.0000,0.363705,-3.619135
2007-09-19,76.1936061000,74.3032065000,76.4036505000,73.3947644700,2901321,410862934.0000,0.711228,-3.393187
2007-09-20,74.4187309200,76.1568483300,76.5874393500,74.4187309200,1290305,185888065.0000,0.316305,2.494699
2007-09-21,76.1726016600,76.0623283500,76.3983993900,74.4607398000,1278793,183153720.0000,0.313483,-0.124107
2007-09-24,75.6159840000,74.3032065000,76.5611838000,73.7833466100,3170462,450160399.0000,0.777206,-2.312742
2007-09-25,74.2822020600,73.9933910100,75.2484063000,72.7698823800,3024982,424466923.0000,0.741543,-0.416959
2007-09-26,72.9956801100,76.4981704800,77.4538725000,72.9956801100,3095959,450482553.0000,0.758942,3.385131
2007-09-27,76.4929193700,76.7134659900,77.4538725000,74.8545730500,1271470,185721030.0000,0.311688,0.281441
2007-09-28,76.6557037800,79.0134521700,80.1319386000,76.4141527200,2693713,406110739.0000,0.660336,2.998155
2007-10-08,79.5700698300,77.2700836500,81.2924339100,77.1913170000,2339280,349755743.0000,0.573450,-2.206425
2007-10-09,76.9287615000,83.3666223600,84.5428710000,76.9287615000,3771099,587350510.0000,0.924445,7.889909
2007-10-10,84.3905888100,86.3650061700,88.4286924000,82.4424270000,2265111,370471299.0000,0.555268,3.596628
2007-10-11,86.5592972400,90.9859829700,92.9446470000,86.3807595000,3055829,530601955.0000,0.749104,5.350522
2007-10-12,91.9469361000,93.8950979100,94.7352755100,88.2186480000,2600908,456041256.0000,0.637585,3.197318
2007-10-15,92.4720471000,99.0254323800,101.8715340000,92.4720471000,2090812,388728699.0000,0.512541,5.463902
2007-10-16,99.2407278900,97.1612883300,99.2407278900,95.1081043200,2109353,389861626.0000,0.517086,-1.882492
2007-10-17,96.6204240000,95.5702020000,96.6204240000,95.0450910000,1470772,267399495.0000,0.360544,-1.637572
2007-10-18,93.8268334800,92.8343736900,95.5702020000,91.3693140000,1995408,355237068.0000,0.489153,-2.862641
2007-10-19,92.6820915000,94.6039977600,97.6706460000,92.6820915000,1772868,320347389.0000,0.434600,1.906222
2007-10-22,93.4697580000,93.9476090100,95.5702020000,92.1569805000,779737,139362375.0000,0.191144,-0.693828
2007-10-23,96.3578685000,98.7208680000,101.3464230000,96.2528463000,2229093,420266818.0000,0.546439,5.080765
2007-10-24,98.7471235500,100.8160608900,104.4970890000,88.8487812000,2546944,485816458.0000,0.624357,2.122343
2007-10-25,99.2459790000,101.7402562500,103.9719780000,97.6706460000,2035328,394422086.0000,0.498939,0.916712
2007-10-26,100.1596721400,102.4176494400,102.9217560000,97.2085483200,2001033,379656727.0000,0.490532,0.665803
2007-10-29,101.3516741100,100.1596721400,103.7094225000,99.1829656800,1107361,212842981.0000,0.271458,-2.204670
2007-10-30,100.8318142200,98.4058014000,101.8610317800,96.2685996300,1256486,233823943.0000,0.308014,-1.751081
2007-10-31,98.6210969100,100.3014521100,101.0313564000,98.6210969100,1081422,206054370.0000,0.265099,1.926361
2007-11-01,101.0838675000,97.0510150200,101.0838675000,96.5679129000,962049,178327384.0000,0.235836,-3.240661
2007-11-02,96.0953130000,96.6571817700,97.0352616900,93.4697580000,1383580,250008018.0000,0.339170,-0.405800
2007-11-05,96.6204240000,95.5754531100,97.6706460000,94.5199800000,527930,96705832.0000,0.129417,-1.119146
2007-11-06,94.5619888800,95.5334442300,97.4711038200,94.5619888800,245919,44828815.0000,0.060284,-0.043955
2007-11-07,95.8327575000,93.8268334800,97.1455350000,93.1546914000,908571,162628670.0000,0.222727,-1.786402
2007-11-08,93.8478379200,91.3798162200,94.5147288900,90.3243431100,572311,99837136.0000,0.140296,-2.608008
2007-11-09,90.3295942200,90.0670387200,93.1021803000,89.5314255000,512665,88657729.0000,0.125674,-1.436616
2007-11-12,90.1142987100,89.4369055200,90.6341586000,87.9560925000,1522422,256445671.0000,0.373206,-0.699625
2007-11-13,90.3190920000,93.3542335800,96.0690574500,90.3190920000,2391144,425423638.0000,0.586164,4.379985
2007-11-14,93.3542335800,98.1800036700,98.3795458500,93.3542335800,1116403,203847742.0000,0.273674,5.169312
2007-11-15,98.2325147700,96.6204240000,98.2325147700,96.2003352000,1055782,195317064.0000,0.258814,-1.588491
2007-11-16,96.3578685000,94.5147288900,96.3578685000,94.1629045200,371566,67016964.0000,0.091086,-2.179345
2007-11-19,94.5199800000,95.8327575000,97.6706460000,93.2597136000,539734,98848664.0000,0.132310,1.394519
2007-11-20,95.8327575000,97.4185927200,97.6706460000,95.5702020000,947292,174670137.0000,0.232219,1.654797
2007-11-21,97.6706460000,96.9197372700,98.3532903000,95.8222552800,1241100,229047999.0000,0.304243,-0.512073
2007-11-22,95.5702020000,93.6062868600,96.6204240000,93.3489824700,772689,140489848.0000,0.189417,-3.418764
2007-11-23,93.4697580000,91.3693140000,95.0450910000,90.5816475000,769224,134898312.0000,0.188567,-2.389765
2007-11-26,93.2072025000,94.1629045200,94.5094777800,91.8944250000,865649,154008451.0000,0.212205,3.057475
2007-11-27,93.9423579000,95.6332153200,96.6204240000,92.6820915000,1103638,199433858.0000,0.270545,1.561448
2007-11-28,94.6250022000,92.7503559300,95.6752242000,90.3190920000,1140600,201326440.0000,0.279606,-3.014491
2007-11-29,91.9049272200,92.1517293900,93.9896178900,90.5711452800,1846321,323298143.0000,0.452606,-0.645417
2007-11-30,93.3647358000,91.1015073900,93.3647358000,90.8442030000,1427292,248057710.0000,0.349886,-1.139666
2007-12-03,90.5974008300,91.4323273200,91.8944250000,90.5816475000,851564,147689836.0000,0.208752,0.363127
2007-12-04,91.6318695000,92.6820915000,93.7323135000,91.6318695000,900989,158913696.0000,0.220868,1.366876
2007-12-05,92.7346026000,96.1005641100,97.1455350000,92.7346026000,992985,180611804.0000,0.243420,3.688382
2007-12-06,97.1297816700,96.8199661800,97.1297816700,95.3076465000,527399,96863844.0000,0.129286,0.748599
2007-12-07,97.0877727900,101.3674274400,101.8715340000,97.0877727900,1161519,222166859.0000,0.284734,4.696815
2007-12-10,101.3674274400,101.3674274400,101.3674274400,101.3674274400,0,0.0000,,0.000000
2007-12-11,104.4970890000,105.9253909200,108.2778882000,104.2345335000,2970227,596580876.0000,0.728120,4.496481
2007-12-12,105.7573554000,105.9673998000,108.2778882000,105.0011955600,2528187,511973884.0000,0.619759,0.039660
2007-12-13,105.0222000000,105.2795043900,106.8600885000,103.4468670000,1743749,349075780.0000,0.427462,-0.649156
2007-12-14,104.4970890000,113.4239760000,114.4111846800,103.4626203300,1600346,331667409.0000,0.392308,7.736043
2007-12-17,112.9513761000,110.7984210000,118.1499750000,108.6979770000,1745132,373879346.0000,0.427801,-2.314815
2007-12-18,108.7504881000,105.5420598900,108.7557392100,103.9772291100,1850765,372844742.0000,0.453696,-4.744073
2007-12-19,107.0176218000,106.5712774500,108.1203549000,103.4416158900,1393365,278674107.0000,0.341569,0.975169
2007-12-20,108.0678438000,107.0071195800,108.2988926400,105.0484555500,690341,140714576.0000,0.169230,0.408969
2007-12-21,107.1226440000,110.8141743300,111.5335764000,107.1226440000,951587,198189104.0000,0.233272,3.557758
2007-12-24,113.3609626800,109.9477411800,113.3977204500,109.7376967800,2120379,449776303.0000,0.519789,-0.781876
2007-12-25,109.9477411800,113.6865315000,114.6737401800,109.9477411800,1715678,368772023.0000,0.420580,3.400514
2007-12-26,113.4134737800,116.5798931100,117.3623085000,112.9251205500,1459384,322367541.0000,0.357753,2.545032
2007-12-27,116.5746420000,118.0712083500,118.3075083000,114.0541092000,2190698,485898989.0000,0.537027,1.279227
2007-12-28,116.3645976000,120.7755300000,120.8280411000,114.3534224700,2662799,600445954.0000,0.652757,2.290413
2008-01-02,119.2001970000,116.5851442200,120.2189123400,116.0495310000,1908575,428486871.0000,0.467867,-3.469563
2008-01-03,116.7321753000,112.4525206500,119.2001970000,111.2080075800,2979946,638361163.0000,0.730503,-3.544730
2008-01-04,111.3235320000,113.0248916400,113.4659848800,109.2230880000,3330368,704732968.0000,0.816405,0.508995
2008-01-07,113.1561693900,111.4968186300,114.9993090000,110.2523055600,3040917,646078990.0000,0.745449,-1.351981
2008-01-08,110.7984210000,112.9146183300,114.2589024900,109.5381546000,3221828,682166585.0000,0.789797,1.271604
2008-01-09,111.2605186800,112.9198694400,113.9280825600,111.2605186800,1200960,256589157.0000,0.294403,0.004648
2008-01-10,113.4239760000,113.9910958800,115.2933711600,112.0586874000,2082664,450693940.0000,0.510543,0.948665
2008-01-11,114.4741980000,113.4344782200,115.4456533500,111.3235320000,1981108,425014224.0000,0.485648,-0.488298
2008-01-14,118.1499750000,117.6878773200,120.0403746000,114.7367535000,4292507,959882221.0000,1.052263,3.749649
2008-01-15,117.8349084000,119.9143479600,121.0643410500,117.8349084000,2130322,486145572.0000,0.522226,1.891846
2008-01-16,119.0951748000,117.0157352400,119.2001970000,116.5746420000,2241908,502236876.0000,0.549580,-2.417238
2008-01-17,117.3570573900,114.4741980000,117.3623085000,113.4239760000,3161352,697313171.0000,0.774972,-2.171960
2008-01-18,114.5057046600,112.8831116700,115.2618645000,111.8486430000,2041694,441871091.0000,0.500500,-1.389908
2008-01-21,113.1351649500,110.8036721100,114.0961180800,108.6979770000,2498681,531115484.0000,0.612525,-1.842121
2008-01-22,108.6874747800,110.5516188300,115.4981644500,105.5473110000,4490866,949589574.0000,1.100889,-0.227475
2008-01-23,112.4262651000,115.5874333200,115.6819533000,111.6596030400,2314633,502720215.0000,0.567408,4.555169
2008-01-24,116.5746420000,116.5746420000,117.7823973000,113.9490870000,1848556,408534678.0000,0.453154,0.854082
2008-01-25,116.5221309000,114.9415467900,118.4125305000,113.4239760000,1799311,397838438.0000,0.441082,-1.400901
2008-01-28,113.1614205000,112.7885916900,115.5244200000,109.6956879000,1417041,303150636.0000,0.347373,-1.873090
2008-01-29,112.8200983500,113.1404160600,114.4741980000,111.8486430000,1010703,217278903.0000,0.247763,0.311939
2008-01-30,113.9490870000,112.7728383600,113.9490870000,108.2778882000,2933197,621090086.0000,0.719042,-0.324892
2008-01-31,110.7931698900,108.1886193300,111.8486430000,108.1728660000,1390499,289075904.0000,0.340866,-4.065001
2008-02-01,107.6425038900,106.3402286100,107.6425038900,104.4445779000,2146695,431423198.0000,0.526240,-1.708491
2008-02-04,107.4429617100,111.3130297800,112.7150761500,107.1226440000,2954633,617972158.0000,0.724297,4.676313
2008-02-05,111.3235320000,109.9477411800,111.3235320000,109.2230880000,847830,177590097.0000,0.207837,-1.226526
2008-02-13,109.2230880000,106.5975330000,109.2230880000,106.0724220000,497172,101444765.0000,0.121877,-3.047094
2008-02-14,107.6477550000,106.6552952100,108.1203549000,106.1249331000,755616,153806138.0000,0.185231,0.054187
2008-02-15,106.5817796700,105.5893198800,106.5975330000,103.9719780000,1281110,256163700.0000,0.314051,-0.999458
2008-02-18,105.9673998000,108.6769725600,108.7504881000,105.9673998000,1257682,257765662.0000,0.308308,2.924212
2008-02-19,108.6717214500,108.6927258900,109.2230880000,106.5975330000,728733,149403801.0000,0.178641,0.014495
2008-02-20,108.6979770000,108.2253771000,110.2207989000,107.7265216500,970139,200650696.0000,0.237819,-0.429972
2008-02-21,109.4856435000,107.8788038400,109.6904367900,107.5427328000,1220408,250662269.0000,0.299170,-0.320235
2008-02-22,107.6530061100,105.3372666000,108.4196681700,103.4468670000,1942193,391675409.0000,0.476108,-2.355917
2008-02-25,104.9696889000,103.3733514600,105.0222000000,102.9217560000,1121779,222633128.0000,0.274992,-1.864409
2008-02-26,103.9719780000,98.6158458000,105.2059888500,97.6181349000,3514323,669275552.0000,0.861499,-4.602254
2008-02-27,98.1957570000,100.9158319800,102.3966450000,96.2003352000,1211616,231597749.0000,0.297015,2.332263
2008-02-28,100.9210830900,99.7710900000,101.8715340000,98.7313702200,722637,137808743.0000,0.177147,-1.134349
2008-02-29,100.0336455000,102.3966450000,102.9112537800,98.7733791000,711440,137296143.0000,0.174402,2.631579
2008-03-03,107.1751551000,112.6363095000,112.6363095000,107.1751551000,1778317,380241620.0000,0.435936,10.000000
2008-03-04,118.5805660200,116.0127732300,120.1979079000,113.9753425500,3789826,847885908.0000,0.929036,2.997666
2008-03-05,116.0022710100,115.8762443700,118.7275971000,114.2116425000,1403869,310232368.0000,0.344144,-0.117682
2008-03-06,115.8814954800,113.9595892200,117.6248640000,113.8440648000,819736,180277491.0000,0.200950,-1.654051
2008-03-07,113.5552537500,111.9379118700,113.6917826100,109.8007101000,1489627,315047844.0000,0.365166,-1.774033
2008-03-10,110.2733100000,110.0580144900,112.9093672200,108.8029992000,1067285,223726599.0000,0.261634,-1.679412
2008-03-11,108.9605325000,112.7833405800,113.6865315000,108.1991215500,1137728,241463106.0000,0.278902,2.476264
2008-03-12,114.4689468900,111.4548097500,114.8837845800,109.4121279600,611960,130239209.0000,0.150016,-1.177949
2008-03-13,104.0297402100,111.6911097000,112.8988650000,100.3172054400,1669009,344992828.0000,0.409140,0.212013
2008-03-14,110.1682878000,107.6687594400,110.1682878000,107.1173928900,1185808,244698923.0000,0.290688,-3.601318
2008-03-17,105.0379533300,105.3950288100,107.1121417800,104.2345335000,1718918,344059102.0000,0.421375,-2.111777
2008-03-18,103.3628492400,99.5295389400,105.0222000000,97.6706460000,3022486,577180431.0000,0.740931,-5.565250
2008-03-19,99.2512301100,100.3382098800,102.3966450000,98.7786302100,1857929,355372038.0000,0.455452,0.812498
2008-03-20,99.7185789000,101.3149163400,102.9217560000,94.2574245000,1475599,275079993.0000,0.361728,0.973415
2008-03-21,102.0290673000,101.7034984800,103.4468670000,100.4012232000,399904,77823413.0000,0.098032,0.383534
2008-03-24,101.8715340000,100.9840964100,103.1107959600,99.5610456000,935677,179280128.0000,0.229371,-0.707350
2008-03-25,98.7208680000,98.1747525600,100.8108097800,97.6706460000,1128782,211875344.0000,0.276709,-2.781962
2008-03-26,98.4583125000,97.4028393900,99.7710900000,96.0953130000,447511,83590677.0000,0.109703,-0.786265
2008-03-27,95.0450910000,95.0765976600,98.7103657800,94.9925799000,1892465,344830534.0000,0.463918,-2.388273
2008-03-28,95.3076465000,97.9752103800,98.5108236000,94.5199800000,671620,123097898.0000,0.164641,3.048716
2008-03-31,97.5656238000,98.5685858100,99.5085345000,96.0953130000,1502108,281358730.0000,0.368226,0.605641
2008-04-01,99.5085345000,96.9617461500,99.5085345000,95.5702020000,1367900,252613478.0000,0.335326,-1.630181
2008-04-02,96.6204240000,95.8747663800,99.2459790000,90.3243431100,1643103,298960718.0000,0.402789,-1.121036
2008-04-03,93.9948690000,93.4750091100,95.5702020000,91.8944250000,1341976,237997145.0000,0.328971,-2.503016
2008-04-07,92.9446470000,97.0300105800,97.4080905000,91.8944250000,2196869,394870541.0000,0.538539,3.803160
2008-04-08,96.8829795000,100.5745098300,101.3464230000,95.5702020000,1305819,247291459.0000,0.320108,3.652993
2008-04-09,99.0884457000,96.3316129500,99.7710900000,96.0165463500,1250713,234604519.0000,0.306599,-4.218661
2008-04-10,95.5702020000,93.6745512900,96.0953130000,92.3670249000,2040977,365825520.0000,0.500324,-2.758244
2008-04-11,93.7323135000,92.2357471500,93.9948690000,91.8944250000,2395773,424169970.0000,0.587299,-1.535964
2008-04-14,91.8839227800,88.2659079900,91.8839227800,88.0506124800,2168437,369038598.0000,0.531570,-4.304012
2008-04-15,87.6935370000,88.4181901800,88.4812035000,84.8054265000,2014840,330691480.0000,0.493917,0.172532
2008-04-16,88.2186480000,88.8067723200,90.8442030000,86.1497106600,1563877,265734673.0000,0.383368,0.439476
2008-04-17,89.5314255000,88.8067723200,91.3693140000,87.2209371000,1040105,176634095.0000,0.254971,0.000000
2008-04-18,87.5097481500,89.3003766600,90.5816475000,86.1182040000,1376797,229547374.0000,0.337507,0.555820
2008-04-21,94.5199800000,90.0775409400,96.0953130000,87.1789282200,1452256,250079531.0000,0.356005,0.870279
2008-04-22,87.1684260000,86.7483372000,90.3190920000,81.3922050000,2212942,359871902.0000,0.542480,-3.695929
2008-04-23,84.7529154000,89.8044832200,90.8442030000,82.4424270000,1266988,211089327.0000,0.310589,3.523007
2008-04-24,96.0953130000,97.6548926700,98.7838813200,92.9446470000,3932187,718031257.0000,0.963934,8.741666
2008-04-25,96.6204240000,93.3752380200,96.6204240000,93.3647358000,2384507,429087518.0000,0.584537,-4.382424
2008-04-28,92.4142848900,92.7346026000,93.1914491700,89.3581388700,1277232,220439148.0000,0.313100,-0.686088
2008-04-29,90.3243431100,92.7188492700,93.3489824700,90.3243431100,614926,107374297.0000,0.150743,-0.016987
2008-04-30,92.7661092600,96.1635774300,97.0930239000,92.7661092600,1188327,215284885.0000,0.291306,3.715239
2008-05-05,96.3053574000,96.4418862600,97.4500993800,95.5071886800,808973,148396736.0000,0.198311,0.289411
2008-05-06,96.0953130000,94.4044555800,96.0953130000,93.5117668800,848761,152222994.0000,0.208065,-2.112602
2008-05-07,93.4697580000,92.1779849400,95.3601576000,92.1464782800,735375,131020228.0000,0.180269,-2.358441
2008-05-08,91.8891738900,94.0106223300,94.4149578000,89.7939810000,886066,154116406.0000,0.217210,1.988154
2008-05-09,94.5147288900,93.3332291400,94.5147288900,92.1622316100,577401,102419877.0000,0.141544,-0.720546
2008-05-12,91.6266183900,95.0450910000,95.8590130500,90.7391808000,920633,163594356.0000,0.225684,1.834137
2008-05-13,92.6715892800,93.9738645600,96.0428019000,91.9994472000,514506,91723212.0000,0.126126,-1.127068
2008-05-14,93.1021803000,94.9190643600,95.2026243000,93.0076603200,600844,108222058.0000,0.147291,1.005805
2008-05-15,95.5702020000,96.3998773800,98.4583125000,93.9948690000,1469044,271639672.0000,0.360121,1.560084
2008-05-16,96.0953130000,96.0638063400,97.6706460000,95.5964575500,467332,85690776.0000,0.114562,-0.348621
2008-05-19,96.0638063400,94.5252311100,96.0638063400,94.0263756600,382832,68955076.0000,0.093847,-1.601622
2008-05-20,93.5222691000,90.8914629900,95.1501132000,90.8442030000,992735,176605312.0000,0.243359,-3.844230
2008-05-21,90.1090476000,91.1802740400,92.9446470000,89.2688700000,1954296,334549900.0000,0.479075,0.317756
2008-05-22,91.0227407400,90.7601852400,91.8944250000,88.4496968400,753639,129331816.0000,0.184747,-0.460725
2008-05-23,89.2741211100,90.3190920000,90.8442030000,89.2688700000,1289114,220240585.0000,0.316013,-0.485996
2008-05-26,89.2688700000,90.7601852400,90.8442030000,89.2688700000,735452,125694889.0000,0.161595,0.488370
2008-05-27,89.7834787800,89.1690989100,91.3693140000,89.0588256000,1545589,265513865.0000,0.339600,-1.753066
2008-05-28,89.1690989100,89.1690989100,89.1690989100,89.1690989100,0,0.0000,,0.000000
2008-05-29,89.2058566800,89.1848522400,90.3190920000,87.8248147500,943131,160096339.0000,0.207226,0.017666
2008-05-30,89.1113367000,88.2921635400,89.5314255000,87.6987881100,520308,87809655.0000,0.114323,-1.000940
2008-06-02,88.6387368000,89.8885009800,90.3190920000,86.1182040000,842312,141068877.0000,0.185074,1.808013
2008-06-03,89.2688700000,89.6837076900,90.3190920000,89.0115656100,657703,112098666.0000,0.144512,-0.227830
2008-06-04,88.2396524400,88.3131679800,89.2688700000,88.0558635900,677030,113903649.0000,0.148758,-1.528193
2008-06-05,88.2186480000,86.6380638900,89.7309676800,86.4857817000,392205,65373349.0000,0.086176,-1.896770
2008-06-06,86.6380638900,86.0236840200,86.6485661100,84.5481221100,781469,127119585.0000,0.171706,-0.709133
2008-06-10,83.5241556600,82.8782691300,84.5376198900,81.9750782100,1271558,201611524.0000,0.279389,-3.656456
2008-06-11,82.3531581300,82.6997313900,82.9675380000,80.8670940000,912631,142357442.0000,0.200525,-0.215419
2008-06-12,82.6944802800,79.4020343100,82.6944802800,77.4013614000,1378990,210043603.0000,0.302994,-3.987554
2008-06-13,77.7741902100,78.4988433900,79.5018054000,77.7741902100,618634,92612196.0000,0.135927,-1.137492
2008-06-16,77.9971206000,76.3072710000,78.1555440000,76.2755863200,1021954,148642350.0000,0.224546,-2.791789
2008-06-17,75.7844737800,74.9712336600,75.7844737800,73.9890085800,1747415,246424803.0000,0.383945,-1.750864
2008-06-18,74.0999049600,76.1963746200,76.5713100000,73.7091272400,1759240,250451606.0000,0.386543,1.634143
2008-06-19,76.4656944000,74.1791166600,76.4656944000,73.9309200000,697038,98494725.0000,0.153154,-2.647441
2008-06-20,73.9309200000,75.9957049800,76.7719796400,73.5031768200,1417752,202610966.0000,0.311511,2.448923
2008-06-23,74.9870760000,71.2377222000,74.9870760000,70.7677327800,1540615,212913434.0000,0.338507,-6.260864
2008-06-24,68.7082285800,72.1512971400,72.6107250000,67.5939840000,2205273,297466611.0000,0.484547,1.282440
2008-06-25,71.3961456000,76.3125517800,76.5713100000,70.7677327800,1278254,180759313.0000,0.280860,5.767393
2008-06-26,77.3634270000,76.8617529000,78.1555440000,75.2511150000,775352,111847423.0000,0.170362,0.719679
2008-06-27,75.1930264200,74.0682202800,75.8584047000,73.4081227800,1626046,228606779.0000,0.357278,-3.634496
2008-06-30,72.8747640000,73.1810492400,74.9870760000,72.4047745800,849792,118554068.0000,0.186718,-1.197770
2008-07-01,73.1810492400,72.1882626000,73.1810492400,71.8186080000,767765,105264085.0000,0.168695,-1.356621
2008-07-02,72.0826470000,71.8766965800,72.8694832200,71.2958107800,604580,82567695.0000,0.132839,-0.431599
2008-07-03,71.1479489400,74.4748403400,75.5151540000,70.9842447600,789510,109603235.0000,0.173473,3.614722
2008-07-04,74.4748403400,74.6068598400,75.1190955000,73.4186843400,398205,56193917.0000,0.087494,0.177267
2008-07-07,74.6068598400,77.1046687800,77.3634270000,73.9309200000,1251457,180401010.0000,0.274972,3.347959
2008-07-08,77.0307378600,75.9323356200,77.9971206000,75.6471735000,1364836,198628781.0000,0.299884,-1.520445
2008-07-09,76.3125517800,76.9937724000,78.1555440000,76.3125517800,1018303,149141345.0000,0.223743,1.397879
2008-07-10,76.5713100000,77.1257919000,77.8017317400,76.2016554000,717003,104839731.0000,0.157541,0.171468
2008-07-11,76.5765907800,76.3125517800,77.5112888400,76.0432320000,301677,43833508.0000,0.066285,-1.054439
2008-07-14,76.5607484400,77.6802738000,77.8915050000,75.9376164000,525811,77047467.0000,0.115532,1.792272
2008-07-15,77.6855545800,76.7455757400,78.2505980400,76.4709751800,573525,83892162.0000,0.126016,-1.203266
2008-07-16,76.4656944000,77.9654359200,78.2822827200,75.5151540000,901048,132617391.0000,0.197980,1.589484
2008-07-17,77.9971206000,81.9524248200,83.3307084000,77.9971206000,1801551,279088472.0000,0.395840,5.113792
2008-07-18,80.7959340000,83.4152008800,83.6950822200,80.5318950000,921966,142269871.0000,0.202576,1.784912
2008-07-21,82.7920688400,85.2898777800,85.5486360000,82.3801680000,819227,130639362.0000,0.180002,2.247397
2008-07-22,85.2898777800,83.9485596600,87.1275892200,83.4363240000,427627,68299820.0000,0.093959,-1.572654
2008-07-23,83.4944125800,82.7603841600,84.2390025600,81.8626515600,452493,71187874.0000,0.099423,-1.415361
2008-07-24,83.0666694000,85.2001045200,85.2845970000,83.0666694000,444681,70637128.0000,0.097706,2.947929
2008-07-25,84.5347262400,85.2845970000,86.0767140000,83.7637323600,527951,84972166.0000,0.116002,0.099172
2008-07-28,85.7387440800,85.5486360000,86.3407530000,85.2845970000,256285,41662711.0000,0.056311,0.309598
2008-07-29,85.5433552200,85.4324588400,86.0661524400,83.7056437800,359419,57706465.0000,0.078972,-0.135803
2008-07-30,85.5539167800,84.9994348800,85.7070594000,83.9644020000,349929,56168227.0000,0.076887,-0.506856
2008-07-31,84.5928148200,84.4343914200,84.9994348800,83.7109245600,475142,75934188.0000,0.104399,-0.664766
2008-08-01,83.8640671800,83.9855251200,85.0205580000,82.7392610400,323571,51369908.0000,0.071096,-0.531600
2008-08-04,83.0191423800,82.9874577000,84.4660761000,82.8026304000,285052,44858745.0000,0.062632,-1.188400
2008-08-05,82.7445418200,82.5861184200,83.4891318000,82.3801680000,236338,37049801.0000,0.051929,-0.483600
2008-08-06,83.1089156400,83.1511618800,83.5947474000,82.1425329000,330257,51922049.0000,0.072565,0.684200
2008-08-07,82.6706109000,81.0758153400,83.4310432200,80.5318950000,427944,66288542.0000,0.094029,-2.495900
2008-08-08,80.9015496000,80.5424565600,81.4718738400,79.6341624000,611698,93064197.0000,0.134403,-0.657900
2008-08-11,78.6836220000,77.1363534600,80.7959340000,77.0993880000,799941,119572175.0000,0.175764,-4.229000
2008-08-12,76.5185022000,77.9654359200,78.6836220000,75.5732425800,453050,66330532.0000,0.099545,1.074800
2008-08-13,77.6221852200,78.1344208800,78.4618292400,77.2578114000,637325,93902071.0000,0.140034,0.216700
2008-08-14,78.1502632200,78.6889027800,80.5847028000,77.4532002600,1297055,195801266.0000,0.284991,0.709700
2008-08-15,78.6836220000,80.1516788400,80.7959340000,78.2083518000,554096,83530667.0000,0.121747,1.858900
2008-08-18,80.1516788400,77.3264615400,80.7431262000,77.2050036000,333925,50108017.0000,0.073371,-3.524800
2008-08-19,75.0346030200,76.0537935600,77.5271311800,75.0346030200,627008,90342081.0000,0.137767,-1.645800
2008-08-20,75.5574002400,79.8770782800,80.7959340000,75.5574002400,725041,107725247.0000,0.159307,5.027100
2008-08-21,78.9582225600,78.0868938600,80.7959340000,76.5765907800,514322,76438604.0000,0.113008,-2.241200
2008-08-22,78.1397016600,76.7138910600,78.6202526400,76.1277244800,291123,42273682.0000,0.063966,-1.758300
2008-08-25,76.6610832600,76.1541283800,77.0465802000,75.2616765600,477613,69152201.0000,0.104942,-0.729700
2008-08-26,76.1594091600,73.9362007800,76.1594091600,73.2972264000,470471,66199366.0000,0.103373,-2.912400
2008-08-27,72.9434141400,71.3697417000,75.2458342200,71.2746876600,453888,62380812.0000,0.099729,-3.471200
2008-08-28,73.9203584400,72.0826470000,74.9870760000,71.8186080000,963350,132676988.0000,0.211669,0.998900
2008-08-29,72.3361244400,73.9256392200,74.4589980000,71.8186080000,917211,127159473.0000,0.201531,2.556800
2008-09-01,73.7724966000,71.6337807000,74.0893434000,71.5598497800,1385644,190733791.0000,0.304456,-3.100200
2008-09-02,71.6390614800,68.6448592200,71.6390614800,67.5094915200,2662945,345618729.0000,0.585107,-4.172500
2008-09-03,67.8633037800,67.1451177000,68.0164464000,66.3741238200,3545636,449922401.0000,0.779054,-2.184800
2008-09-04,67.1503984800,68.3544163200,68.6501400000,66.8599555800,805584,103033863.0000,0.177004,1.801000
2008-09-05,67.4619645000,69.3102375000,69.6006804000,66.5906358000,860680,110693148.0000,0.189110,1.398300
2008-09-08,69.3788876400,68.9458636800,69.9967389000,68.0745349800,804867,105669098.0000,0.176847,-0.525700
2008-09-09,68.1431851200,70.1287584000,70.4720091000,68.1431851200,414508,54748548.0000,0.091076,1.715700
2008-09-10,69.4422570000,70.1129160600,71.8186080000,69.4422570000,660379,87984658.0000,0.145100,-0.022600
2008-09-11,70.6990826400,69.9016848600,70.6990826400,69.7062960000,465700,61859282.0000,0.102324,-0.301300
2008-09-12,69.8700001800,70.2343740000,70.9419985200,69.8700001800,620163,82660639.0000,0.136263,0.475900
2008-09-16,70.1181968400,69.2996759400,70.1340391800,68.1326235600,1375774,179668933.0000,0.302288,-1.330800
2008-09-17,69.3524837400,67.6890380400,70.1287584000,67.4883684000,852372,110881400.0000,0.187285,-2.324200
2008-09-18,67.3299450000,63.8023839600,67.5939840000,62.4082580400,3058171,376114728.0000,0.671947,-5.741900
2008-09-19,70.1815662000,70.1815662000,70.1815662000,68.6501400000,4674712,620150766.0000,1.027136,9.998300
2008-09-22,72.8219562000,70.1498815200,76.0432320000,70.0917929400,5648653,768578260.0000,1.241132,-0.045100
2008-09-23,68.6923862400,63.5330641800,68.6923862400,63.3957639000,3495594,429875015.0000,0.768058,-9.432400
2008-09-24,62.8412820000,66.7913054400,66.9497288400,60.8240240400,1419794,173930712.0000,0.311960,5.128400
2008-09-25,66.8018670000,68.2223968200,69.4422570000,66.8018670000,1506991,194816771.0000,0.331119,2.142600
2008-09-26,68.6026129800,69.6482074200,70.6990826400,68.6026129800,1368966,180847064.0000,0.300792,2.089900
2008-10-06,69.0726024000,67.1609600400,69.6534882000,66.0097500000,610171,79100704.0000,0.134068,-3.571200
2008-10-07,66.0150307800,65.5080759000,66.5378280000,63.9132803400,995724,122750250.0000,0.218782,-2.461100
2008-10-08,64.3727082000,63.5277834000,64.9535940000,63.4380101400,1034410,125437058.0000,0.227282,-3.023000
2008-10-09,64.5311316000,62.0755689000,64.5839394000,62.0491650000,876721,104831467.0000,0.192635,-2.286000
2008-10-10,60.2008920000,58.8278892000,60.6233544000,58.1466685800,1354716,152282552.0000,0.297661,-5.231800
2008-10-13,58.6166580000,58.8648546600,58.9282240200,53.9695716000,2209322,235133757.0000,0.485436,0.062800
2008-10-14,61.3468212600,56.2931148000,62.0227611000,56.2191838800,1184398,132830726.0000,0.260238,-4.368900
2008-10-15,54.8039348400,55.0362891600,56.4990652200,54.1279950000,884236,92239896.0000,0.194286,-2.232600
2008-10-16,53.0718390000,53.1140852400,54.9729198000,52.2797220000,1506136,153358634.0000,0.330931,-3.492600
2008-10-17,52.8236423400,51.6935554200,53.3305972200,49.9561788000,2881243,279732706.0000,0.633072,-2.674500
2008-10-20,50.5740300600,51.0862657200,51.6460284000,49.3752930000,3044762,290614960.0000,0.669001,-1.174800
2008-10-21,51.0545810400,49.9720211400,52.7972384400,49.9033710000,1308180,126303889.0000,0.287436,-2.181100
2008-10-22,49.5178740600,50.8961576400,51.2235660000,49.0478846400,1900644,180490227.0000,0.417613,1.849300
2008-10-23,49.6393320000,52.3536529200,52.3853376000,49.6393320000,1465493,143747863.0000,0.322001,2.863700
2008-10-24,52.8078000000,51.8995058400,52.9926273000,50.1674100000,897561,87060611.0000,0.197214,-0.867500
2008-10-27,50.1726907800,48.1871175000,51.4876050000,47.5798278000,2774307,256201117.0000,0.609576,-7.153000
2008-10-28,47.4847737600,49.7871938400,49.7977554000,46.4761447800,1399519,128811658.0000,0.307505,3.320500
2008-10-29,49.6393320000,50.2624640400,50.7218919000,48.6095799000,1222683,115424336.0000,0.268650,0.954600
2008-10-30,50.6902072200,50.3258334000,50.9595270000,49.3277659800,1015716,96284438.0000,0.223175,0.126100
2008-10-31,49.7977554000,48.6887916000,50.2202178000,48.6148606800,870573,81109754.0000,0.191284,-3.252900
2008-11-03,48.0656595600,48.4247526000,49.3752930000,48.0656595600,630617,58047685.0000,0.138560,-0.542300
2008-11-04,48.4775604000,47.4319659600,48.6465453600,47.3421927000,1107660,100749260.0000,0.243377,-2.050200
2008-11-05,47.8438668000,49.6446127800,49.9561788000,47.5217392200,1165566,107649675.0000,0.256100,4.664900
2008-11-06,48.5778952200,47.7171280800,49.1059732200,47.5798278000,599739,54677055.0000,0.131776,-3.882600
2008-11-07,46.7824300200,45.2985308400,47.2629810000,44.4641676000,3506714,300147112.0000,0.770502,-5.068600
2008-11-10,45.6681854400,47.8597091400,48.3613832400,45.4147080000,4070807,356262510.0000,0.894445,5.654000
2008-11-11,47.2101732000,46.2649135800,47.2101732000,46.1434556400,2710401,238775064.0000,0.595534,-3.332200
2008-11-12,45.3354963000,46.4655832200,46.5659180400,44.6753988000,1840088,158558387.0000,0.404307,0.433700
2008-11-13,45.9427860000,47.3316311400,47.5323007800,44.8919107800,3513508,308558184.0000,0.771994,1.863800
2008-11-14,47.5587046800,52.0632100200,52.0632100200,47.5587046800,4730806,453503655.0000,1.039461,9.996700
2008-11-17,52.8078000000,53.6474440200,54.1332757800,51.7516440000,2590585,259620384.0000,0.569208,3.042900
2008-11-18,53.3358780000,51.0228963600,53.3358780000,49.6921398000,3008889,293853929.0000,0.661119,-4.892200
2008-11-19,51.0228963600,54.0910295400,54.4078763400,50.5370646000,1698748,169157858.0000,0.373252,6.013200
2008-11-20,52.8078000000,52.8764501400,54.4976496000,51.9259097400,1567803,158050735.0000,0.344481,-2.245400
2008-11-21,51.7358016600,53.0876813400,54.6560730000,50.5159414800,2391762,240102783.0000,0.525522,0.399500
2008-11-24,53.2725086400,52.6546573800,53.8639560000,52.5437610000,940207,94604336.0000,0.206584,-0.815700
2008-11-25,52.8078000000,52.3642144800,53.8639560000,51.5720974800,987335,98311604.0000,0.216939,-0.551600
2008-11-26,52.3114066800,52.3536529200,53.0084696400,52.0843331400,734047,72963471.0000,0.161286,-0.020200
2008-11-27,54.9570774600,54.5874228600,56.5043460000,53.6263209000,2677180,279561185.0000,0.588235,4.266700
2008-11-28,53.9642908200,53.7583404000,54.3709108800,52.9398195000,1221804,124047780.0000,0.268457,-1.518800
2008-12-01,53.5471092000,54.5029303800,54.5504574000,52.8289231200,788328,80427907.0000,0.173213,1.385100
2008-12-02,53.3622819000,55.4165053200,55.5115593600,53.3622819000,1488514,154215263.0000,0.327059,1.676200
2008-12-03,55.4481900000,56.9268084000,57.1486011600,55.4481900000,1436995,154141971.0000,0.315739,2.725400
2008-12-04,57.8245410000,59.6569716600,60.8821126200,57.8245410000,2633055,297576223.0000,0.578540,4.795900
2008-12-05,58.8859777800,60.9666051000,62.3607310200,58.8595738800,1838462,212898263.0000,0.403950,2.195300
2008-12-08,62.4716274000,62.8360012200,63.7918224000,60.8081817000,1742992,205494828.0000,0.382973,3.066300
2008-12-09,62.8729666800,61.2728903400,63.1475672400,60.6233544000,1301335,152317570.0000,0.285932,-2.487600
2008-12-10,60.7289700000,61.3626636000,61.7323182000,60.6391967400,1349502,156049024.0000,0.296515,0.146500
2008-12-11,61.5474909000,62.2762385400,63.6862068000,61.2570480000,2015809,238497429.0000,0.442917,1.488800
2008-12-12,61.6055794800,58.6166580000,62.7356664000,58.5374463000,1631445,186650270.0000,0.358464,-5.876400
2008-12-15,59.1447360000,60.3434730600,61.8168106800,59.1394552200,1400771,160434275.0000,0.307780,2.945900
2008-12-16,59.9632569000,60.2906652600,61.4154714000,58.5321655200,1236738,138960606.0000,0.271738,-0.087500
2008-12-17,60.3065076000,61.0510975800,62.0491650000,60.3065076000,1001362,116363451.0000,0.220021,1.261300
2008-12-18,61.0510975800,62.3026424400,62.6617354800,61.0510975800,1177063,138647935.0000,0.258626,2.050000
2008-12-19,62.5244352000,62.1178151400,63.1053210000,61.2570480000,1062197,125345376.0000,0.233388,-0.296700
2008-12-22,62.6881393800,61.4471560800,62.6881393800,60.8873934000,902842,105588565.0000,0.198374,-1.079700
2008-12-23,61.1408708400,59.0972089800,61.4471560800,58.5691309800,1827166,205256836.0000,0.401468,-3.824300
2008-12-24,58.6166580000,58.8014853000,59.6728140000,57.9829644000,787763,87320039.0000,0.173089,-0.500400
2008-12-25,59.1394552200,58.1044223400,59.1394552200,57.5605020000,902853,99538455.0000,0.198376,-1.185500
2008-12-26,57.6661176000,58.1202646800,58.8754162200,57.6661176000,894460,98854298.0000,0.196532,0.027300
2008-12-29,57.7928563200,57.4284825000,58.3526190000,55.5326824800,3002856,323745151.0000,0.659793,-1.190300
2008-12-30,57.3756747000,57.3703939200,57.5605020000,56.5043460000,2182996,236161195.0000,0.479652,-0.101100
2008-12-31,57.1380396000,57.4020786000,57.8192602200,56.7683850000,1831313,198482898.0000,0.402379,0.055200
2009-01-05,57.8245410000,57.2330936400,58.6589042400,56.5043460000,1350550,145941833.0000,0.296745,-0.294400
2009-01-06,56.7683850000,57.4073593800,57.6661176000,55.5960518400,3815408,406113062.0000,0.838328,0.304500
2009-01-07,57.5182557600,56.3934496200,57.5605020000,56.3459226000,1523802,164245370.0000,0.334813,-1.766200
2009-01-08,55.5802095000,57.3123053400,57.3334284600,55.0257276000,1863467,198641989.0000,0.409444,1.629400
2009-01-09,56.8106312400,56.6574886200,57.3228669000,56.5043460000,1180016,127445738.0000,0.259275,-1.142500
2009-01-12,56.4990652200,55.9287409800,56.9162468400,55.7967214800,1666790,176815197.0000,0.366230,-1.286200
2009-01-13,55.4376284400,53.7900250800,55.9709872200,53.6104785600,1809911,186485267.0000,0.397677,-3.824000
2009-01-14,53.4678975000,53.8639560000,54.9148312200,52.5860072400,3200370,323066499.0000,0.703191,0.137400
2009-01-15,53.7583404000,52.7919576600,53.7583404000,52.7021844000,2982065,298447689.0000,0.655225,-1.990200
2009-01-16,52.8025192200,53.6051977800,55.1260624200,52.7444306400,9459955,955914881.0000,2.078558,1.540500
2009-01-19,54.0804679800,54.0540640800,54.8144964000,53.7055326000,4856293,498196988.0000,1.067033,0.837400
2009-01-20,54.0223794000,53.6527248000,54.0223794000,52.7866768800,4910405,493242104.0000,1.078923,-0.742500
2009-01-21,52.8078000000,52.6599381600,53.3200356600,52.2797220000,6052648,605392794.0000,1.329899,-1.850400
2009-01-22,52.8078000000,53.2302624000,53.4414936000,52.7549922000,2129344,214057665.0000,0.467863,1.083000
2009-01-23,53.0718390000,54.4976496000,55.0838161800,53.0718390000,3274252,336252633.0000,0.719425,2.380946
2009-02-02,55.1788702200,53.5048629600,55.1788702200,52.8078000000,3088726,312618479.0000,0.678660,-1.821700
2009-02-03,53.5418284200,54.9729198000,55.1788702200,52.8447654600,4812665,497248868.0000,1.057447,2.743800
2009-02-04,55.0257276000,56.1241298400,56.6522078400,55.0257276000,4287890,454067228.0000,0.942143,2.094100
2009-02-05,56.3195187000,56.5254691200,58.4054268000,55.9762680000,3823158,412164202.0000,0.840031,0.715100
2009-02-06,56.5149075600,58.7275543800,59.1394552200,56.5149075600,3966141,433677718.0000,0.871448,3.895700
2009-02-09,59.4034942200,61.6795104000,61.7851260000,59.4034942200,4543559,521391758.0000,0.998319,5.026500
2009-02-10,61.5210870000,61.2412056600,61.5210870000,60.2008920000,2761349,317723285.0000,0.606729,-0.710600
2009-02-11,60.7184084400,63.4168870200,66.3001929000,60.2008920000,4038656,478088769.0000,0.887381,3.552600
2009-02-12,63.3693600000,63.6492413400,64.1614770000,62.5825237800,5447034,653107948.0000,1.196832,0.366400
2009-02-13,63.4221678000,64.6473087600,64.9535940000,63.3746407800,2492019,301643451.0000,0.547551,1.568100
2009-02-16,65.1912291000,64.7951706000,66.1681734000,63.9502458000,2725648,334068266.0000,0.598884,0.228700
2009-02-17,65.3760564000,66.5959165800,68.6184553200,65.3760564000,5652541,719184147.0000,1.241987,2.779100
2009-02-18,65.4816720000,64.0875460800,66.5378280000,63.8340686400,4558128,566412062.0000,1.001520,-3.766600
2009-02-19,63.6333990000,64.3621466400,65.4288642000,63.6333990000,2467779,300896281.0000,0.542225,0.428500
2009-02-20,64.4202352200,66.0519962400,67.2137678400,64.4202352200,3392422,424596429.0000,0.745389,2.625500
2009-02-23,66.0942424800,67.4778068400,67.6467918000,65.1912291000,1944278,245915638.0000,0.427200,2.158600
2009-02-24,67.3299450000,68.0111656200,69.7062960000,66.8810787000,3693633,480302641.0000,0.811572,0.790400
2009-02-25,68.6448592200,67.3299450000,68.6501400000,64.9535940000,2691796,341607459.0000,0.591446,-1.001600
2009-02-26,66.8018670000,64.6525895400,68.5973322000,64.1614770000,2711209,343984112.0000,0.595712,-3.976500
2009-02-27,63.1264441200,62.5402775400,64.9535940000,62.1706229400,4117059,494464222.0000,0.904608,-3.267173
2009-03-02,61.7851260000,61.8009683400,62.5402775400,60.6603198600,2717285,318786734.0000,0.597047,-1.182100
2009-03-03,60.8345856000,60.6867237600,61.6795104000,60.0952764000,1878013,215625552.0000,0.412640,-1.803000
2009-03-04,60.9930090000,65.9146959600,66.6962514000,60.6867237600,4224525,510627173.0000,0.928220,8.614690
2009-03-05,65.9569422000,64.4255160000,66.8018670000,63.3746407800,2353230,289227189.0000,0.517056,-2.259300
2009-03-06,63.3693600000,62.4293811600,63.7918224000,62.1442190400,2066413,245701371.0000,0.454036,-3.098400
2009-03-09,62.4399427200,60.6761622000,63.1053210000,60.6656006400,2315203,268799957.0000,0.508701,-2.808300
2009-03-10,60.1480842000,62.3818541400,62.9468976000,59.9896608000,1578292,185611677.0000,0.346785,2.811100
2009-03-11,63.3693600000,62.0386034400,63.8340686400,61.2570480000,881494,104417185.0000,0.193683,-0.550200
2009-03-12,61.2992942400,61.2253633200,62.2023076200,60.2695421400,1129627,130769829.0000,0.248204,-1.310900
2009-03-13,61.6795104000,60.1058379600,62.0491650000,60.0847148400,2003820,230105105.0000,0.440283,-1.828500
2009-03-16,60.1216803000,60.4015616400,60.6708814200,59.1447360000,1339542,151397338.0000,0.294327,0.492000
2009-03-17,60.4385271000,61.9646725200,62.8360012200,60.2008920000,1834473,213668060.0000,0.403074,2.587900
2009-03-18,62.2709577600,61.2992942400,62.7884742000,61.2359248800,1776703,208086081.0000,0.390380,-1.073800
2009-03-19,61.5210870000,62.7251048400,62.9891438400,61.3098558000,1889193,223567500.0000,0.415097,2.326000
2009-03-20,63.2637444000,62.2498346400,63.3535176600,61.8907416000,1539612,182170364.0000,0.338286,-0.757700
2009-03-23,62.3079232200,62.6775778200,62.9363360400,62.0016379800,3246311,384766613.0000,0.713285,0.687100
2009-03-24,63.6333990000,62.6775778200,65.2651600200,62.5033120800,3529464,424130707.0000,0.775500,0.000000
2009-03-25,61.2570480000,60.2114535600,61.2570480000,59.4879867000,8621716,984739037.0000,1.894379,-3.934600
2009-03-26,60.2114535600,59.4087750000,60.2536998000,58.5004808400,5929248,664500701.0000,1.302785,-1.333100
2009-03-27,59.9157298800,60.1903304400,60.7289700000,59.5671984000,4207572,479104606.0000,0.924495,1.315600
2009-03-30,60.2008920000,60.2325766800,60.7289700000,59.1975438000,2426944,276929285.0000,0.533253,0.070200
2009-03-31,59.8470797400,60.5916697200,60.6761622000,59.6728140000,2642862,301354057.0000,0.580694,0.596200
2009-04-01,60.7184084400,61.3943482800,61.6002987000,60.6761622000,4038757,468753741.0000,0.887403,1.324700
2009-04-02,61.5527716800,62.3132040000,63.0525132000,61.5527716800,3743051,441249387.0000,0.822430,1.496600
2009-04-03,62.8940898000,61.5580524600,63.6598029000,61.4682792000,4144100,492530479.0000,0.910549,-1.211900
2009-04-07,61.5580524600,62.3132040000,62.4082580400,61.4682792000,2141919,251182411.0000,0.470626,1.226700
2009-04-08,62.3132040000,61.8168106800,62.4716274000,61.1936786400,2565313,299738748.0000,0.563655,-0.796600
2009-04-09,61.7217566400,62.2128691800,62.3079232200,61.3679443800,1835185,214789862.0000,0.403230,0.640700
2009-04-10,62.7409471800,63.0683555400,63.6333990000,62.1970268400,4063061,484222233.0000,0.892743,1.375100
2009-04-13,63.6809260200,64.4572006800,65.0592096000,63.6809260200,3668776,448077486.0000,0.806110,2.202100
2009-04-14,64.4624814600,63.6386797800,64.5047277000,62.7409471800,3802377,457162680.0000,0.835465,-1.269900
2009-04-15,63.3482368800,63.7020491400,64.0452998400,62.0491650000,3836163,457652477.0000,0.842889,0.099600
2009-04-16,63.3746407800,63.2373405000,63.7918224000,62.4452235000,3863241,462321653.0000,0.848838,-0.729500
2009-04-17,63.0155477400,63.9819304800,65.1384213000,62.4716274000,3830956,466339526.0000,0.841745,1.177500
2009-04-20,64.5258508200,67.1398369200,67.2243294000,63.9819304800,3241949,406055404.0000,0.712327,4.935600
2009-04-21,66.1312079400,67.3352257800,67.3827528000,66.0678385800,3892770,492951211.0000,0.855326,0.291000
2009-04-22,67.6890380400,65.3866179600,69.0250753800,65.2176330000,3970610,504087423.0000,0.872430,-2.893900
2009-04-23,64.6895550000,64.1931616800,65.4235834200,63.3693600000,2249701,274007781.0000,0.494308,-1.825200
2009-04-24,64.4202352200,64.4888853600,65.9463806400,64.4149544400,2271987,280863293.0000,0.499205,0.460700
2009-04-27,64.1614770000,62.5719622200,64.1826001200,61.9963572000,2867031,339940606.0000,0.629949,-2.972500
2009-04-28,61.7217566400,60.8768318400,62.6194892400,60.1480842000,3430733,395869106.0000,0.753807,-2.709100
2009-04-29,60.8821126200,61.6636680600,61.9435494000,60.8609895000,3107715,360384150.0000,0.682833,1.292500
2009-04-30,61.8907416000,61.4418753000,61.8960223800,60.7289700000,2051448,238142369.0000,0.450748,-0.359700
2009-05-04,61.7270374200,62.9574591600,63.0366708600,61.4418753000,2355551,278414610.0000,0.517566,2.466700
2009-05-05,63.3693600000,62.8624051200,63.7918224000,62.5138736400,2269054,270072390.0000,0.498561,-0.151000
2009-05-06,62.6353315800,61.9224262800,62.8412820000,61.7323182000,3806462,447395076.0000,0.836363,-1.495300
2009-05-07,62.2075884000,61.7904067800,62.7937549800,61.0775014800,3472362,406117083.0000,0.762954,-0.213200
2009-05-08,61.5210870000,62.0544457800,62.1019728000,60.9402012000,3100720,359535974.0000,0.681296,0.427300
2009-05-11,62.0491650000,61.4788407600,62.6194892400,61.3890675000,3277361,384271989.0000,0.720108,-0.927600
2009-05-12,60.9982897800,61.5158062200,62.0755689000,60.8926741800,2598890,300962117.0000,0.571033,0.060100
2009-05-13,61.7851260000,61.0880630400,61.8379338000,60.8451471600,3579244,415020691.0000,0.786438,-0.695300
2009-05-14,60.7289700000,61.4418753000,61.5738948000,60.6233544000,2150481,249787985.0000,0.472508,0.579200
2009-05-15,61.6583872800,61.2623287800,61.7745644400,61.0510975800,1679862,195071191.0000,0.369102,-0.292200
2009-05-18,61.2042402000,62.5455583200,62.6828586000,61.1039053800,3507236,412318356.0000,0.770616,2.094600
2009-05-19,62.6511739200,61.9329878400,62.8676859000,61.5210870000,2655401,312662778.0000,0.583449,-0.979400
2009-05-20,61.8168106800,61.2940134600,62.2815193200,61.2464864400,1471127,171589134.0000,0.323239,-1.031700
2009-05-21,61.1514324000,60.4226847600,61.7798452200,60.3065076000,2578840,296204406.0000,0.566627,-1.421600
2009-05-22,60.4226847600,60.4226847600,60.4226847600,60.4226847600,0,0.0000,,0.000000
2009-05-25,59.5777599600,59.8629220800,59.9526953400,59.1764206800,3367628,380853032.0000,0.356816,-0.926400
2009-05-26,59.8629220800,59.6464101000,60.5018964600,59.6252869800,1680681,190817891.0000,0.178076,-0.361700
2009-05-27,59.7414641400,60.6075120600,61.0035705600,59.6464101000,2763000,316980547.0000,0.292753,1.611300
2009-06-01,60.7342507800,62.1864652800,62.3660118000,60.5758273800,4592011,537473265.0000,0.486545,2.605200
2009-06-02,61.7956875600,63.3059906400,63.8763148800,61.7956875600,5016813,600394403.0000,0.531555,1.800300
2009-06-03,63.3059906400,63.2214981600,63.4696948200,62.2181499600,2924590,347246937.0000,0.309874,-0.133500
2009-06-04,63.2637444000,62.9785822800,63.3799215600,62.2603962000,4653332,553191419.0000,0.493042,-0.384200
2009-06-05,62.6617354800,66.5695126800,68.4917166000,62.6564547000,7774093,973345740.0000,0.823701,5.701800
2009-06-08,67.1715216000,67.3827528000,68.1484659000,66.0097500000,3688621,469785127.0000,0.390827,1.221600
2009-06-09,67.3827528000,69.3049567200,71.2905300000,67.1715216000,7330385,969552012.0000,0.776688,2.852700
2009-06-10,69.5425918200,69.3366414000,70.2502163400,68.6554207800,2647692,348306255.0000,0.280535,0.045700
2009-06-11,69.3260798400,70.3875166200,72.0826470000,69.3260798400,3973846,533435068.0000,0.421047,1.515600
2009-06-12,70.5881862600,68.9722675800,71.7129924000,68.2276776000,2703533,357604702.0000,0.286452,-2.010700
2009-06-15,68.6765439000,71.9453467200,72.1354548000,68.6765439000,4408128,592083839.0000,0.467062,4.310500
2009-06-16,71.7129924000,71.6549038200,72.4258977000,70.7624520000,2003920,271544262.0000,0.212325,-0.403700
2009-06-17,71.4753573000,72.6899367000,73.1388030000,71.3961456000,2258367,310521875.0000,0.239284,1.444500
2009-06-18,72.3466860000,72.8061138600,73.1388030000,71.5545690000,4119002,564072323.0000,0.436427,0.159800
2009-06-19,72.3361244400,72.3044397600,73.2391378200,71.6073768000,1853345,253253630.0000,0.196371,-0.689100
2009-06-22,72.6107250000,70.2185316600,72.9803796000,70.1710046400,2118112,285552148.0000,0.224424,-2.884900
2009-06-23,69.6006804000,70.4297628600,71.0264910000,68.4177856800,2758804,364099880.0000,0.292308,0.300800
2009-06-24,70.3927974000,69.7010152200,70.7624520000,69.1834987800,2093623,276526128.0000,0.221829,-1.034700
2009-06-25,70.2290932200,71.7605194200,71.9242236000,69.7115767800,2183414,295200887.0000,0.231343,2.954800
2009-06-26,71.8186080000,72.3466860000,72.8747640000,71.8186080000,1826249,250833621.0000,0.193500,0.816800
2009-06-29,72.8800447800,78.0076821600,78.6889027800,72.5051094000,3801548,553072336.0000,0.402792,7.824800
2009-06-30,78.4195830000,78.1608247800,79.3701234000,76.4656944000,2455349,359599491.0000,0.260156,0.196300
2009-07-01,78.0278500000,77.5222125000,78.7730000000,77.1656050000,1935675,281759830.0000,0.205094,-0.817200
2009-07-02,77.4956000000,78.7463875000,80.3484600000,76.4843250000,2699019,395317139.0000,0.285974,1.579100
2009-07-03,78.2407500000,77.6659200000,79.3052500000,77.3891500000,2573876,376552059.0000,0.272714,-1.372100
2009-07-06,77.1762500000,76.6014200000,77.6978550000,76.0053000000,2949182,423754900.0000,0.312480,-1.370600
2009-07-07,76.6120650000,77.4636650000,78.7783225000,76.1170725000,2740569,399773428.0000,0.290376,1.125622
2009-07-08,76.3778750000,76.6067425000,77.2560875000,75.3133750000,2651579,378380305.0000,0.280947,-1.106200
2009-07-09,76.2235225000,78.3578450000,79.0338025000,76.2235225000,3464234,505222990.0000,0.367052,2.285800
2009-07-10,78.5601000000,80.9924825000,81.7003750000,78.4376825000,2977018,451971144.0000,0.315429,3.362300
2009-07-13,81.0882875000,81.5779575000,81.9665000000,79.4808925000,3976567,601703320.0000,0.421336,0.722900
2009-07-14,81.5353775000,81.5939250000,82.1527875000,80.9020000000,2664455,408475427.0000,0.282311,0.019600
2009-07-15,81.5939250000,79.8534675000,82.1155300000,79.8215325000,3159841,477906537.0000,0.334800,-2.133100
2009-07-16,80.1089475000,79.0125125000,80.3697500000,78.7463875000,3643057,542209782.0000,0.385999,-1.053100
2009-07-17,79.1615425000,78.7250975000,80.0983025000,78.6133250000,1410005,210098779.0000,0.149397,-0.363800
2009-07-20,78.7730000000,78.8315475000,79.6246000000,78.2301050000,3873799,572069340.0000,0.410447,0.135200
2009-07-21,79.2520250000,78.4110700000,79.9439500000,78.2247825000,4222026,627819240.0000,0.447343,-0.533400
2009-07-22,78.2407500000,78.4589725000,78.9805775000,77.5488250000,2503621,366601445.0000,0.265270,0.061100
2009-07-23,78.6931625000,77.8575300000,78.7676775000,77.7138225000,1724952,253176789.0000,0.182767,-0.766600
2009-07-24,78.0172050000,78.2407500000,80.2579775000,77.8575300000,4537056,673882706.0000,0.480722,0.492200
2009-07-27,78.5015525000,81.4927975000,81.7003750000,78.5015525000,6453123,969451469.0000,0.683738,4.156500
2009-07-28,81.4874750000,81.5407000000,84.6117825000,81.2213500000,3622961,564423483.0000,0.383870,0.058800
2009-07-29,81.5939250000,78.7783225000,83.1108375000,76.6440000000,3695563,556652765.0000,0.391562,-3.387700
2009-07-30,80.7423250000,79.7470175000,80.7423250000,77.9799475000,2755049,410415145.0000,0.291910,1.229600
2009-07-31,80.3644275000,79.8481450000,80.3644275000,79.1189625000,3299219,494144461.0000,0.349568,0.126800
2009-08-03,80.9020000000,82.8766475000,84.4042050000,80.9020000000,4445840,693624944.0000,0.471057,3.792800
2009-08-04,83.5738950000,82.0356925000,83.5738950000,81.2213500000,2143538,329545708.0000,0.227118,-1.014700
2009-08-05,82.3390750000,87.1665825000,87.2304525000,82.3390750000,5544896,893443535.0000,0.587508,6.254500
2009-08-06,85.6975725000,87.8585075000,88.6196250000,85.2132250000,3944209,644496759.0000,0.417907,0.793800
2009-08-07,88.7793000000,87.2251300000,90.4825000000,85.9903100000,5786746,953137970.0000,0.613133,-0.720900
2009-08-10,87.2943225000,87.0228750000,87.8212500000,84.5638800000,2929893,472002862.0000,0.310436,-0.231900
2009-08-11,87.2251300000,90.4825000000,91.8131250000,86.0435350000,3630736,611324918.0000,0.384693,3.975500
2009-08-12,90.4292750000,88.4918850000,93.4098750000,86.2245000000,4140439,698628591.0000,0.438699,-2.200000
2009-08-13,86.6928800000,86.7248150000,88.4865625000,85.0535500000,3376867,544005102.0000,0.357795,-1.996900
2009-08-14,86.7514275000,83.9784050000,86.7514275000,83.0310000000,2470694,390424195.0000,0.261782,-3.166800
2009-08-17,82.5519750000,79.5926650000,83.8080850000,78.7091300000,2975040,451437989.0000,0.315219,-5.222500
2009-08-18,79.0391250000,79.9173375000,80.9871600000,78.7783225000,2983979,448107193.0000,0.316166,0.407900
2009-08-19,80.8860325000,79.6299225000,82.5519750000,78.7730000000,3357636,509878566.0000,0.355757,-0.359600
2009-08-20,79.3052500000,80.8966775000,81.1681250000,78.7730000000,3459953,522725007.0000,0.366598,1.590800
2009-08-21,80.9073225000,83.3024475000,83.5632500000,80.3750725000,2474337,383636526.0000,0.262168,2.973900
2009-08-24,83.5579275000,84.3137225000,84.6224275000,83.3237375000,1341758,212008261.0000,0.142166,1.214000
2009-08-25,84.0422750000,82.9830975000,84.0422750000,80.9552250000,2450125,377947429.0000,0.259602,-1.578200
2009-08-26,81.7163425000,84.7288775000,85.4261250000,81.7163425000,2235461,353413336.0000,0.236857,2.103800
2009-08-27,84.5638800000,85.8732150000,86.5864300000,84.0955000000,2216114,356997195.0000,0.234808,1.350600
2009-08-28,85.6922500000,84.7714575000,86.5970750000,84.6277500000,2404913,386203839.0000,0.254812,-1.283000
2009-08-31,84.0955000000,79.8321775000,84.1008225000,79.5713750000,3733394,568178140.0000,0.395570,-5.826600
2009-09-01,79.8375000000,80.6624875000,82.6584250000,79.8215325000,2063249,313194378.0000,0.218611,1.040100
2009-09-02,80.3591050000,80.2739450000,80.8753875000,79.6033100000,1615629,243221073.0000,0.171183,-0.481700
2009-09-03,79.8641125000,82.5572975000,82.7648750000,79.8481450000,1915657,293428432.0000,0.202973,2.844500
2009-09-04,82.4934275000,82.6956825000,83.0310000000,81.4342500000,2155402,332587085.0000,0.228375,0.167600
2009-09-07,83.2545450000,86.1659525000,88.0873750000,83.1800300000,3884516,630053587.0000,0.411583,4.196400
2009-09-08,86.1712750000,88.5930125000,89.5244500000,84.6916200000,3449008,572753391.0000,0.365438,2.816700
2009-09-09,88.5930125000,87.4699650000,89.9449275000,86.2245000000,3120277,512038300.0000,0.330608,-1.267600
2009-09-10,87.4486750000,88.3268875000,88.4067250000,86.4906250000,1325477,218828433.0000,0.140440,0.979700
2009-09-11,88.3002750000,88.7633325000,89.4180000000,87.2357750000,1347190,224260634.0000,0.142741,0.494100
2009-09-14,89.4446125000,88.9283300000,89.9502500000,88.7793000000,1555148,260573647.0000,0.164775,0.185900
2009-09-15,88.9922000000,88.1139875000,89.8491225000,87.4114175000,1781601,294648966.0000,0.188769,-0.915700
2009-09-16,87.8372175000,87.6935100000,88.8325250000,86.6928800000,1343134,219954118.0000,0.142311,-0.477200
2009-09-17,87.7148000000,87.6988325000,88.2204375000,87.5072225000,1669416,275360254.0000,0.176882,0.006100
2009-09-18,87.7148000000,86.6396550000,87.7414125000,86.2245000000,1841155,301101120.0000,0.195079,-1.207700
2009-09-21,85.8678925000,88.0447950000,88.1406000000,84.7342000000,2612924,422889399.0000,0.276851,1.621800
2009-09-22,87.8797975000,90.2642775000,91.3820025000,87.5444800000,4097482,697323678.0000,0.434147,2.520900
2009-09-23,90.3175025000,87.9223775000,90.9615250000,87.8212500000,2121493,356415097.0000,0.224782,-2.594500
2009-09-24,87.8212500000,86.0222450000,87.8212500000,85.0322600000,1878660,302998962.0000,0.199053,-2.161100
2009-09-25,86.2245000000,87.5498025000,88.7047850000,86.2245000000,1852804,304628817.0000,0.196313,1.775800
2009-09-28,87.6083500000,87.3422250000,88.6249475000,87.2890000000,1345344,222874121.0000,0.142545,-0.237100
2009-09-29,87.2890000000,86.3522400000,87.8212500000,85.9583750000,1542377,251534805.0000,0.163422,-1.133500
2009-09-30,87.2836775000,87.7467350000,88.7686550000,86.7567500000,1288249,212532258.0000,0.136496,1.614900
2009-10-09,88.7793000000,89.6096100000,89.9449275000,88.7260750000,1250608,210257020.0000,0.132508,2.123000
2009-10-12,89.9502500000,88.8963950000,90.4771775000,88.8325250000,876204,147502660.0000,0.092838,-0.795900
2009-10-13,88.3588225000,88.2949525000,89.6788025000,87.5551250000,1023723,170054046.0000,0.108468,-0.676600
2009-10-14,88.5983350000,87.4380300000,88.6143025000,86.8152975000,3729999,612459767.0000,0.395211,-0.970500
2009-10-15,87.7520575000,85.7667650000,87.7520575000,85.3782225000,2811233,454982752.0000,0.297863,-1.911400
2009-10-16,85.7561200000,85.1493550000,86.2245000000,84.7129100000,2798654,447651087.0000,0.296530,-0.719900
2009-10-19,85.2717725000,86.4853025000,86.4906250000,84.6011375000,4363978,698074669.0000,0.462384,1.568900
2009-10-20,86.5970750000,88.0501175000,88.1406000000,85.6975725000,4078812,666676389.0000,0.432169,1.809300
2009-10-21,87.8212500000,85.6337025000,87.8212500000,85.5858000000,3808393,617367731.0000,0.403517,-2.744400
2009-10-22,85.2132250000,84.5851700000,86.2085325000,84.0848550000,3681739,585366561.0000,0.390097,-1.224400
2009-10-23,84.5851700000,84.7927475000,85.2664500000,84.2551750000,4651561,739672651.0000,0.492855,0.245400
2009-10-26,85.1440325000,83.3450275000,85.1493550000,83.1693850000,4564431,716061313.0000,0.483623,-1.707400
2009-10-27,83.3450275000,83.0256775000,83.5632500000,82.7648750000,2542841,396334908.0000,0.269426,-0.383200
2009-10-28,83.0842250000,83.7921175000,84.0156625000,82.9245500000,1914190,300201158.0000,0.202817,0.923128
2009-10-29,83.2439000000,83.2226100000,84.2977550000,82.8181000000,2056523,323781024.0000,0.217898,-0.679700
2009-10-30,83.8293750000,83.8879225000,84.0369525000,83.1906750000,2750385,432308188.0000,0.291416,0.799400
2009-11-02,83.0310000000,85.1653225000,85.2132250000,82.7542300000,3202027,506826774.0000,0.339270,1.522700
2009-11-03,85.1600000000,85.0961300000,85.9051500000,84.6596850000,2011889,322722635.0000,0.213169,-0.081200
2009-11-04,85.0908075000,86.5065925000,86.7620725000,84.6277500000,3361238,543718745.0000,0.356139,1.657500
2009-11-05,86.4853025000,86.4001425000,86.9430375000,85.9636975000,2002860,325198987.0000,0.212212,-0.123100
2009-11-06,86.8152975000,85.7135400000,86.8578775000,85.3249975000,2642166,427266654.0000,0.279950,-0.794700
2009-11-09,85.7135400000,85.1014525000,86.1180500000,84.7874250000,1847589,295938895.0000,0.195761,-0.714100
2009-11-10,85.3888675000,85.3462875000,86.0169225000,84.6277500000,3287833,527631019.0000,0.348361,0.287700
2009-11-11,85.2398375000,86.9802950000,88.2470500000,85.2398375000,4275738,698929654.0000,0.453034,1.914600
2009-11-12,86.9962625000,88.6196250000,89.2104225000,86.8632000000,4262095,706940280.0000,0.451589,1.884700
2009-11-13,88.6728500000,89.7213825000,90.6421750000,87.9436675000,5010775,845848184.0000,0.530915,1.243200
2009-11-16,89.8863800000,92.5476300000,93.4258425000,89.8863800000,4148038,721755719.0000,0.439504,3.150000
2009-11-17,92.6115000000,92.6115000000,93.1437500000,89.8438000000,2939921,506410452.0000,0.311498,0.069000
2009-11-18,91.9834450000,90.9934600000,92.8244000000,90.9349125000,1644019,282834420.0000,0.174191,-1.747100
2009-11-19,91.0573300000,90.5410475000,91.9674775000,90.0567000000,1710850,291816172.0000,0.181273,-0.497200
2009-11-20,90.4984675000,89.8757350000,90.7486250000,89.6628350000,2313306,391812970.0000,0.245106,-0.734800
2009-11-23,90.0034750000,91.4299050000,91.5470000000,89.8597675000,3533050,602278226.0000,0.374343,1.729200
2009-11-24,92.0207025000,90.3973400000,94.2667975000,90.2696000000,4337935,757143585.0000,0.459624,-1.129400
2009-11-25,90.4292750000,92.6434350000,93.0798800000,90.4292750000,3223322,557388538.0000,0.341526,2.484700
2009-11-26,93.0852025000,89.6788025000,93.0852025000,89.6309000000,2650131,452465235.0000,0.280794,-3.200000
2009-11-27,89.5883200000,87.9330225000,89.7373500000,87.8531850000,2466989,411859873.0000,0.261389,-1.946700
2009-11-30,88.8751050000,92.5635975000,92.8456900000,88.0341500000,4374659,749610425.0000,0.463515,5.266000
2009-12-01,91.9461875000,94.3359900000,94.8469500000,91.5576450000,3957941,698056574.0000,0.419362,1.914800
2009-12-02,94.3359900000,93.7505150000,94.4424400000,92.5476300000,2059622,362528922.0000,0.218227,-0.620600
2009-12-03,93.6706775000,92.5582750000,93.6866450000,91.3607125000,2500586,433467098.0000,0.264949,-1.271700
2009-12-04,92.5582750000,90.9615250000,92.5582750000,89.9555725000,3103525,530120181.0000,0.328833,-1.725100
2009-12-07,95.8050000000,93.9580925000,96.3691850000,93.0373000000,4568280,808969972.0000,0.484031,3.294300
2009-12-08,93.9793825000,92.9095600000,94.7405000000,92.3453750000,2614410,456591109.0000,0.277009,-1.116000
2009-12-09,92.6115000000,91.9781225000,92.8456900000,91.4405500000,1782365,308029900.0000,0.188850,-1.002500
2009-12-10,92.6221450000,92.8350450000,92.9042375000,91.7492550000,1640437,284681531.0000,0.173812,0.931700
2009-12-11,93.1490725000,93.0958475000,93.6600325000,92.3453750000,1659376,290069819.0000,0.175819,0.280900
2009-12-14,93.4098750000,92.8137550000,93.4098750000,92.0047350000,2118208,368762139.0000,0.224434,-0.303000
2009-12-15,92.8776250000,92.0366700000,93.1437500000,91.4671625000,2079146,359287534.0000,0.220295,-0.837300
2009-12-16,92.0260250000,90.1631500000,92.0313475000,89.8384775000,3265028,555677963.0000,0.345945,-2.035600
2009-12-17,90.5410475000,88.5344650000,90.5410475000,88.4067250000,2795703,469717785.0000,0.296218,-1.806400
2009-12-18,88.3535000000,87.9596350000,88.4014025000,87.0228750000,1830917,302160706.0000,0.193994,-0.649300
2009-12-21,88.3535000000,89.2955825000,90.0726675000,88.3535000000,1812323,303592013.0000,0.192024,1.518800
2009-12-22,89.5191275000,88.8165575000,89.6841250000,88.0873750000,1626432,271984510.0000,0.172328,-0.536400
2009-12-23,88.8005900000,89.2476800000,89.4712250000,88.3694675000,2091885,350286334.0000,0.221645,0.485400
2009-12-24,88.8857500000,91.7865125000,92.5742425000,88.7846225000,3820366,655732970.0000,0.404786,2.844700
2009-12-25,91.7865125000,90.7166900000,92.0792500000,90.0513775000,3184660,542382941.0000,0.337430,-1.165600
2009-12-28,90.5889500000,90.6954000000,91.5257100000,90.2163750000,2790543,474640192.0000,0.295671,-0.023500
2009-12-29,91.2755525000,91.1212000000,91.4086150000,90.3760500000,2152713,367265881.0000,0.228090,0.469500
2009-12-30,91.2755525000,89.9928300000,91.2755525000,89.4180000000,4825415,815387555.0000,0.511275,-1.238300
2009-12-31,90.0726675000,90.3866950000,90.5091125000,89.8438000000,2993429,507306247.0000,0.317168,0.437700
2010-01-04,91.5470000000,90.4505650000,91.5470000000,90.1152475000,4430488,753405635.0000,0.469431,0.070700
2010-01-05,91.0094275000,90.1844400000,91.2808750000,89.9502500000,3151318,535720422.0000,0.333897,-0.294200
2010-01-06,89.9449275000,88.7580100000,90.2163750000,88.5184975000,3988903,666073283.0000,0.422643,-1.581700
2010-01-07,88.7580100000,87.1399700000,88.9868775000,86.1606300000,4882555,801445269.0000,0.517329,-1.823000
2010-01-08,87.2890000000,86.2245000000,87.2890000000,85.2132250000,3670209,593162176.0000,0.388876,-1.050600
2010-01-11,87.0761000000,85.8466025000,87.7680250000,85.4261250000,2446103,395563861.0000,0.259176,-0.438300
2010-01-12,85.9317625000,88.1672125000,88.4439825000,85.4846725000,3106340,509373871.0000,0.329131,2.703200
2010-01-13,87.2836775000,85.9264400000,87.9010875000,85.6922500000,3792444,621261800.0000,0.401827,-2.541500
2010-01-14,86.2245000000,89.7054150000,90.0567000000,86.2245000000,4645464,775471608.0000,0.492209,4.397900
2010-01-15,89.6894475000,90.4133075000,92.2815050000,89.6894475000,4593850,788328964.0000,0.486740,0.789100
2010-01-18,90.4825000000,91.0041050000,91.6853850000,90.4292750000,2146153,368485894.0000,0.227395,0.653400
2010-01-19,91.0094275000,90.3600825000,91.2808750000,90.2163750000,1781891,302797491.0000,0.188800,-0.707700
2010-01-20,90.4345975000,88.3109200000,90.5623375000,88.2470500000,2097295,353315689.0000,0.222218,-2.267800
2010-01-21,88.2789850000,88.7420425000,89.6202550000,88.0873750000,1725748,287779661.0000,0.182851,0.488200
2010-01-22,88.6728500000,87.3581925000,89.0401025000,86.1659525000,2543294,416305093.0000,0.269474,-1.559400
2010-01-25,87.2091625000,88.3747900000,89.0454250000,86.4959475000,2323915,385581318.0000,0.246230,1.163700
2010-01-26,89.5617075000,88.7260750000,90.5729825000,87.6083500000,3288916,553152669.0000,0.348476,0.397500
2010-01-27,88.3694675000,87.2783550000,89.3009050000,87.0761000000,1931657,320765897.0000,0.204668,-1.631700
2010-01-28,87.2144850000,90.0567000000,90.6687875000,87.0228750000,3026752,507716302.0000,0.320698,3.183300
2010-01-29,90.4558875000,89.7054150000,90.5889500000,89.2476800000,3717282,628192888.0000,0.393863,-0.390100
2010-02-01,89.8863800000,89.8917025000,90.2589550000,88.8910725000,2965594,499867002.0000,0.314218,0.207700
2010-02-02,89.4180000000,88.6302700000,90.4825000000,88.5078525000,1549353,260426281.0000,0.164161,-1.403300
2010-02-03,88.4652725000,88.3162425000,89.4712250000,87.3954500000,2303465,382974414.0000,0.244063,-0.354300
2010-02-04,88.3002750000,89.7373500000,90.0833125000,87.8904425000,2247533,376703449.0000,0.238137,1.609100
2010-02-05,89.2104225000,91.1478125000,91.4831300000,88.8857500000,2623430,445744684.0000,0.277965,1.571800
2010-02-08,91.1478125000,91.1371675000,93.4631000000,90.7592700000,3149610,548228595.0000,0.333716,-0.011700
2010-02-09,91.5470000000,91.0732975000,92.2548925000,90.7645925000,1415124,243172993.0000,0.149939,-0.070100
2010-02-10,91.5470000000,91.4565175000,91.8610275000,90.8550750000,639814,109830207.0000,0.067791,0.420800
2010-02-11,91.4405500000,92.2815050000,92.8456900000,91.3341000000,1494505,259254548.0000,0.158350,0.902100
2010-02-12,92.5955325000,92.1271525000,92.7179500000,91.6534500000,934640,161899961.0000,0.099029,-0.167300
2010-02-22,92.0792500000,89.9928300000,92.1324750000,89.9875075000,1217808,207127846.0000,0.129032,-2.316700
2010-02-23,90.0833125000,88.7526875000,90.7486250000,87.6615750000,2356213,391601201.0000,0.249652,-1.378000
2010-02-24,88.7580100000,89.3754200000,89.7373500000,88.0873750000,990427,165405133.0000,0.104940,0.701600
2010-02-25,88.8325250000,89.5510625000,90.4825000000,88.8325250000,1531396,258220826.0000,0.162259,0.196500
2010-02-26,89.9396050000,88.8005900000,89.9396050000,88.6728500000,1033858,173028879.0000,0.109542,-0.838000
2010-03-01,88.5930125000,88.4812400000,89.1252625000,88.3481775000,2173474,361550327.0000,0.230290,-0.359600
2010-03-02,88.6781725000,88.1406000000,88.7739775000,87.7680250000,1718223,284524248.0000,0.182054,-0.385000
2010-03-03,88.3481775000,88.1725350000,88.4812400000,87.7839925000,1423286,235470730.0000,0.150804,0.036200
2010-03-04,88.3641450000,87.8957650000,88.8059125000,87.2890000000,1416897,234440689.0000,0.150127,-0.313900
2010-03-05,87.9010875000,87.5072225000,88.0607625000,87.4380300000,977055,160821083.0000,0.103524,-0.442000
2010-03-08,87.5444800000,86.8525550000,87.8106050000,86.6503000000,2325944,380034354.0000,0.246445,-0.748100
2010-03-09,86.8632000000,86.8472325000,87.1293250000,86.5970750000,1234097,201437828.0000,0.130758,-0.006100
2010-03-10,86.9004575000,87.1080350000,87.1293250000,86.7035250000,1181406,192984027.0000,0.125175,0.300300
2010-03-11,87.2144850000,86.7620725000,87.5285125000,86.5332050000,1351856,220769894.0000,0.143235,-0.397200
2010-03-12,86.7673950000,86.1819200000,87.1133575000,86.0062775000,1219227,197699619.0000,0.129183,-0.668700
2010-03-15,86.1765975000,84.4680750000,86.1765975000,84.0422750000,1580851,251338919.0000,0.167499,-1.988600
2010-03-16,84.4680750000,84.5958150000,84.9737125000,84.0422750000,776413,123284715.0000,0.082265,0.151200
2010-03-17,84.6171050000,85.4314475000,85.4687050000,84.5745250000,1871093,298972351.0000,0.198251,0.987800
2010-03-18,85.4687050000,84.3137225000,85.8891825000,83.9624375000,1472662,234364030.0000,0.156035,-1.308300
2010-03-19,84.5638800000,84.5000100000,84.8087150000,84.0955000000,1336163,212046433.0000,0.141573,0.220900
2010-03-22,84.7554900000,84.0955000000,84.9471000000,83.9251800000,2300846,364454790.0000,0.243785,-0.478700
2010-03-23,83.9943725000,83.7122800000,84.3509800000,83.5206700000,1832990,288785264.0000,0.194214,-0.455700
2010-03-24,83.8719550000,84.7075875000,85.0429050000,83.8559875000,2017566,320611718.0000,0.213771,1.189000
2010-03-25,84.5745250000,84.0422750000,84.5745250000,83.9890500000,981360,155141078.0000,0.103980,-0.785400
2010-03-26,84.1859825000,84.9790350000,85.6283800000,84.1380800000,2052737,328239751.0000,0.217497,1.114600
2010-03-29,85.0003250000,86.0754700000,86.2085325000,84.6330725000,3147543,505626392.0000,0.333497,1.290200
2010-03-30,86.0967600000,85.1653225000,86.2032100000,84.8938750000,1901210,304981145.0000,0.201442,-1.057400
2010-03-31,85.1440325000,84.5000100000,86.0222450000,84.3616250000,1490516,237596436.0000,0.157927,-0.781200
2010-04-01,84.5106550000,85.1919350000,85.4261250000,84.5000100000,2398083,383228783.0000,0.254088,0.818800
2010-04-02,84.0955000000,81.2373175000,84.0955000000,80.6891000000,15428170,2359758883.0000,1.634686,-4.642000
2010-04-06,80.8487750000,80.8168400000,81.4289275000,80.5294250000,5312291,806704607.0000,0.562862,-0.517600
2010-04-07,80.8328075000,80.9711925000,81.3544125000,80.4868450000,4106108,623779291.0000,0.435061,0.191000
2010-04-08,80.9871600000,80.1089475000,80.9924825000,79.8375000000,3292119,497205376.0000,0.348815,-1.064900
2010-04-09,79.8428225000,79.3797650000,80.1568500000,78.6612275000,5441818,809627274.0000,0.576586,-0.910200
2010-04-12,79.4117000000,78.3951025000,79.7204050000,78.1236550000,3851423,568871643.0000,0.408076,-1.240400
2010-04-13,78.4536500000,79.7736300000,80.3644275000,78.1875250000,5430527,807780230.0000,0.575390,1.758400
2010-04-14,80.3005575000,80.1142700000,80.3005575000,78.9113850000,4636844,693802745.0000,0.491295,0.427000
2010-04-15,80.1834625000,78.4962300000,80.1834625000,78.2407500000,4061730,602138292.0000,0.430359,-2.019700
2010-04-16,78.4909075000,78.7623550000,79.5766975000,78.1343000000,2939556,434500524.0000,0.311460,0.339000
2010-04-19,78.7783225000,77.7936600000,79.5979875000,77.6286625000,4133219,609860437.0000,0.437934,-1.229900
2010-04-20,77.7085000000,76.3885200000,77.7085000000,74.5788700000,4938723,704502590.0000,0.523281,-1.806200
2010-04-21,76.3778750000,78.7836450000,78.8847725000,75.4251475000,6336587,922573405.0000,0.671391,3.135500
2010-04-22,78.4270375000,79.0710600000,79.4383125000,77.7244675000,3706395,549560405.0000,0.392710,0.364800
2010-04-23,78.7730000000,76.5535175000,79.6246000000,76.1649750000,6668694,972162191.0000,0.706579,-3.183900
2010-04-26,73.9827500000,72.8809925000,74.2914550000,72.8650250000,10703613,1480340425.0000,1.134098,-4.797300
2010-04-27,72.8597025000,70.7626375000,72.8597025000,70.6295750000,5823448,781868466.0000,0.617021,-2.906600
2010-04-28,70.2570000000,70.3261925000,71.0021500000,69.7247500000,2628743,347144556.0000,0.278528,-0.616800
2010-04-29,70.5550600000,71.4545625000,71.9921350000,70.5550600000,3450120,464124490.0000,0.365556,1.604500
2010-04-30,69.9536175000,68.6762175000,69.9536175000,67.9949375000,8556670,1102902799.0000,0.906619,-3.888300
2010-05-04,68.1226775000,68.4686400000,68.9583100000,67.5372025000,2397516,308504586.0000,0.254028,-0.302300
2010-05-05,68.0215500000,69.6129775000,69.8524900000,67.7554250000,3383878,440483241.0000,0.358538,1.671300
2010-05-06,69.7247500000,67.7820375000,69.7247500000,67.7554250000,2824034,364015607.0000,0.299220,-2.630200
2010-05-07,67.0635000000,69.1978225000,69.3894325000,66.7973750000,3125476,401357091.0000,0.331159,2.088700
2010-05-10,70.2570000000,71.0766650000,72.3860000000,70.2570000000,6619258,888886062.0000,0.701341,2.715200
2010-05-11,72.1677775000,71.1405350000,72.3860000000,70.6987675000,3363241,450668323.0000,0.356351,0.089900
2010-05-12,70.9436025000,70.8850550000,71.3215000000,69.1925000000,2164319,285567368.0000,0.229320,-0.359100
2010-05-13,70.9116675000,71.7845575000,72.2263250000,70.9116675000,2704954,365164014.0000,0.286602,1.269000
2010-05-14,71.7898800000,71.8271375000,72.4445475000,71.3215000000,1812616,245038802.0000,0.192055,0.059300
2010-05-17,71.6940750000,69.0860500000,71.6940750000,68.9796000000,1764359,231880074.0000,0.186942,-3.816200
2010-05-18,69.1925000000,69.2510475000,69.7087825000,67.1593050000,2603747,334232104.0000,0.275879,0.238800
2010-05-19,69.4586250000,69.1020175000,69.8312000000,68.1386450000,1079897,140244493.0000,0.114420,-0.215200
2010-05-20,68.8997625000,69.9802300000,70.9648925000,68.6655725000,2274045,300553538.0000,0.240946,1.270900
2010-05-21,68.8731500000,71.4332725000,71.6408500000,68.3781575000,2734138,362007811.0000,0.289695,2.076400
2010-05-24,71.8484275000,72.3700325000,72.6521250000,71.4811750000,2978347,404173639.0000,0.315570,1.311400
2010-05-25,72.1731000000,69.8578125000,72.1731000000,69.5916875000,2205077,292444449.0000,0.233638,-3.471400
2010-05-26,69.9908750000,70.2250650000,70.6082850000,69.2776600000,1102531,145156073.0000,0.116818,0.525700
2010-05-27,70.2250650000,70.2250650000,70.2250650000,70.2250650000,0,0.0000,,0.000000
2010-05-28,70.2250650000,70.2250650000,70.2250650000,70.2250650000,0,0.0000,,0.000000
2010-05-31,71.0553750000,70.1931300000,71.9708450000,70.1931300000,2354988,314717160.0000,0.249522,-0.045500
2010-06-01,70.1239375000,70.5923175000,71.0340850000,69.4586250000,2352557,311393511.0000,0.249264,0.568700
2010-06-02,70.5550600000,71.4066600000,71.5344000000,70.0707125000,2188944,291694861.0000,0.231929,1.153600
2010-06-03,71.8484275000,71.8697175000,72.6521250000,71.0021500000,2494942,338070633.0000,0.264351,0.648500
2010-06-04,71.8164925000,73.5143700000,73.6634000000,71.4332725000,3003643,410658458.0000,0.318250,2.288400
2010-06-07,72.9182500000,75.0791850000,75.7232075000,72.3860000000,3812507,535882247.0000,0.403953,2.128600
2010-06-08,75.0791850000,74.5788700000,75.5156300000,73.9827500000,1439478,202331408.0000,0.152519,-0.666400
2010-06-09,74.6320950000,75.2707950000,75.8988500000,74.5575800000,1805393,255194304.0000,0.191290,0.927778
2010-06-10,75.2601500000,75.2335375000,75.8988500000,74.7970925000,1178127,166835001.0000,0.124828,-0.049500
2010-06-11,75.3506325000,73.8283975000,75.8456250000,73.7485600000,1957275,274933803.0000,0.207382,-1.867700
2010-06-17,74.0892000000,72.6414800000,74.2435525000,72.5509975000,1252371,172316218.0000,0.132695,-1.607700
2010-06-18,72.3913225000,70.3953850000,72.8118000000,69.7300725000,2010229,270316817.0000,0.212993,-3.092000
2010-06-21,70.4699000000,71.5556900000,71.5876250000,69.8312000000,1895401,251513446.0000,0.200827,1.648300
2010-06-22,70.9276350000,70.3581275000,71.2895650000,69.9376500000,2077910,275184084.0000,0.220164,-1.673600
2010-06-23,70.2570000000,70.0973250000,70.7253800000,69.9482950000,1281276,169174743.0000,0.135757,-0.370700
2010-06-24,70.2090975000,69.1765325000,70.5071575000,69.0221800000,2434403,317936253.0000,0.257936,-1.313600
2010-06-25,69.0860500000,69.4692700000,69.7247500000,68.5697675000,1901135,246313336.0000,0.201434,0.423200
2010-06-28,69.2989500000,68.1333225000,69.3095950000,68.0268725000,1481698,190660624.0000,0.156993,-1.923100
2010-06-29,68.3994475000,67.2072075000,68.8678275000,66.8026975000,2778266,354061610.0000,0.294370,-1.359300
2010-06-30,67.0635000000,67.7873600000,67.8618750000,66.8772125000,1782412,225134758.0000,0.188855,0.863200
2010-07-01,68.0481625000,67.6063950000,68.0481625000,67.3296250000,744969,94688255.0000,0.078933,-0.267000
2010-07-02,67.3562375000,67.9576800000,68.7134750000,67.3562375000,1645270,209978232.0000,0.174324,0.519600
2010-07-05,67.9576975000,67.5870191500,68.1188620000,66.9155004000,1404074,176428087.0000,0.148768,-0.545500
2010-07-06,67.6353685000,68.5486340000,68.8494744000,67.1518750000,1530643,195146898.0000,0.162179,1.422800
2010-07-07,68.5486340000,68.3982138000,69.0321275000,67.9576975000,878828,111689439.0000,0.093116,-0.219400
2010-07-08,68.2853986500,68.9354288000,69.0321275000,68.2853986500,851641,108893890.0000,0.090235,0.785400
2010-07-09,69.0751047000,70.4073979000,71.0198230000,68.6077276500,2737851,357390425.0000,0.290088,2.135300
2010-07-12,70.2677220000,70.2193726500,71.6107595000,70.1334182500,1783426,235347809.0000,0.188962,-0.267100
2010-07-13,70.2354891000,69.5962032500,70.2354891000,69.0374996500,743911,96225621.0000,0.078821,-0.887500
2010-07-14,69.5156210000,69.9668816000,70.4611194000,69.3168514500,964266,125763296.0000,0.102168,0.532600
2010-07-15,70.1065575000,70.8210534500,71.5570380000,70.0259752500,1883333,248573676.0000,0.199548,1.220800
2010-07-16,70.3214435000,71.8847391500,72.1694631000,70.1495347000,3294951,438987876.0000,0.349115,1.501931
2010-07-19,71.4764557500,72.9537970000,73.1686830000,71.4012456500,1941232,261608074.0000,0.205683,1.487200
2010-07-20,73.0504957000,73.3352196500,73.7542473500,72.3521162000,2688619,366053258.0000,0.284872,0.522800
2010-07-21,73.3352196500,74.0712042000,75.4249860000,73.3352196500,2436302,338324505.0000,0.258138,1.003600
2010-07-22,74.5654420000,74.1141814000,74.5654420000,73.4910120000,1622166,223560516.0000,0.171876,0.058000
2010-07-23,74.2323687000,75.5915226500,75.7580593000,74.2323687000,3846600,539887868.0000,0.407565,1.993300
2010-07-26,75.5915226500,75.7258264000,76.7035577000,75.3444037500,2201691,311555737.0000,0.233279,0.177700
2010-07-27,75.2638215000,76.2845300000,76.3812287000,75.2638215000,2522904,357546813.0000,0.267313,0.737800
2010-07-28,76.6068590000,76.7895121000,76.8378614500,76.0159225000,2774035,395352770.0000,0.293922,0.662000
2010-07-29,76.7841399500,74.8985153000,76.8754665000,74.7588394000,4537287,636454908.0000,0.480747,-2.462600
2010-07-30,74.8233052000,74.4956040500,74.8233052000,73.8670625000,2943877,406203348.0000,0.311917,-0.537900
2010-08-02,74.4741154500,77.1172132500,78.0358509000,74.4741154500,4296573,614400254.0000,0.455242,3.519100
2010-08-03,76.8217450000,76.4242059000,77.7887320000,76.2899021500,1757323,251858817.0000,0.186197,-0.898600
2010-08-04,76.2845300000,77.3697043000,77.4664030000,76.1341098000,1735013,249201032.0000,0.183833,1.237200
2010-08-05,77.4019372000,79.5937744000,80.2330602500,77.4019372000,4196613,620781742.0000,0.444651,2.874600
2010-08-06,79.4003770000,79.6152630000,79.9375920000,79.0780480000,2184053,323918732.0000,0.231411,0.027000
2010-08-09,79.6421237500,81.4471661500,81.7748673000,79.6421237500,3870373,586147268.0000,0.410084,2.300900
2010-08-10,81.4471661500,78.8416734000,82.5108518500,78.7019975000,2873994,427619893.0000,0.304513,-3.199000
2010-08-11,78.4333900000,79.4272377500,80.0450350000,78.4333900000,1519063,224550906.0000,0.160952,0.742700
2010-08-12,79.4003770000,80.0020578000,81.6029585000,78.5462051500,3102587,463112778.0000,0.328734,0.723700
2010-08-13,79.9805692000,80.7917638500,81.3665839000,79.6797288000,1577559,236758807.0000,0.167150,0.987100
2010-08-16,80.8025081500,82.1401735000,82.3496873500,80.8025081500,2591045,395272912.0000,0.274533,1.669000
2010-08-17,82.0864520000,83.3166743500,83.9398437500,81.9252875000,3574757,554777110.0000,0.378762,1.432300
2010-08-18,83.2575807000,82.1079406000,84.0311703000,81.8178445000,3017378,464752257.0000,0.319705,-1.450800
2010-08-19,82.1294292000,81.2591409000,82.6773885000,80.8508575000,3543714,536485063.0000,0.375473,-1.033800
2010-08-20,81.2215358500,79.9859413500,81.2215358500,79.7656832000,2084159,311220147.0000,0.220826,-1.566800
2010-08-23,79.6421237500,80.9690448000,81.0657435000,79.5078200000,1321493,197952515.0000,0.140018,1.229100
2010-08-24,80.7541588000,81.3450953000,82.1885228500,80.0987565000,1083825,164253365.0000,0.114836,0.464400
2010-08-25,80.8508575000,80.4694348500,81.6137028000,80.3834804500,1650788,249067209.0000,0.174909,-1.076500
2010-08-26,80.5285285000,80.7810195500,80.8777182500,79.7764275000,1223254,183116485.0000,0.129609,0.387200
2010-08-27,80.5822500000,81.1516979000,81.2430244500,80.1524780000,879939,132580368.0000,0.093234,0.458900
2010-08-30,81.4847712000,85.8577013000,85.9544000000,81.4847712000,5378443,849497659.0000,0.569871,5.799000
2010-08-31,85.1646939500,85.5407444500,86.4862428500,84.8155042000,3139997,501261374.0000,0.332697,-0.369200
2010-09-01,85.3097420000,84.2782892000,86.5990580000,83.7518185000,2558928,406904438.0000,0.271130,-1.475900
2010-09-02,84.8799700000,85.9490278500,87.0718072000,84.8101320500,2482198,399335601.0000,0.263000,1.982400
2010-09-03,85.8469570000,87.3619033000,88.8446167000,85.8469570000,2776144,452832217.0000,0.294145,1.643900
2010-09-06,88.1032600000,89.5644848000,90.5744490000,88.1032600000,2900844,485289346.0000,0.307358,2.521200
2010-09-07,89.7417657500,88.7855230500,90.8430565000,88.5330320000,2237367,372434005.0000,0.237059,-0.869700
2010-09-08,88.6404750000,89.4355532000,89.9835125000,88.6404750000,1501080,250344694.0000,0.159046,0.732130
2010-09-09,89.7149050000,89.6558113500,90.8430565000,89.1776900000,2150384,360593531.0000,0.227843,0.246300
2010-09-10,89.9835125000,91.0525703500,91.2728285000,89.4462975000,1986768,335023684.0000,0.210507,1.557900
2010-09-13,90.7893350000,90.6711477000,93.1799417500,90.2252592500,2806347,480493819.0000,0.297346,-0.418900
2010-09-14,90.6550312500,89.8706973500,91.4447373000,88.9628040000,2638343,441034013.0000,0.279545,-0.882800
2010-09-15,89.7149050000,87.2705767500,89.8706973500,86.8676655000,2103208,347008844.0000,0.222845,-2.893200
2010-09-16,87.0825515000,85.5998381000,88.1301207500,84.2836613500,2049773,327836606.0000,0.217183,-1.914400
2010-09-17,85.5353723000,86.9267591500,88.3396346000,84.6167346500,1797526,290800424.0000,0.190456,1.550100
2010-09-20,87.4908349000,88.4524497500,89.1776900000,87.0288300000,1257607,206418537.0000,0.133249,1.755100
2010-09-21,89.4462975000,89.2206672000,89.6504392000,88.1086321500,1494036,247684425.0000,0.158300,0.868500
2010-09-27,89.2314115000,90.6980084500,90.7893350000,88.8016395000,1854846,310077012.0000,0.196530,1.655800
2010-09-28,90.5690768500,91.7455777000,91.9658358500,90.2521200000,2258512,384574256.0000,0.239300,1.155000
2010-09-29,91.5414360000,89.8008594000,92.1592332500,89.7202771500,1327200,225065386.0000,0.140623,-2.119700
2010-09-30,89.4785304000,90.6442869500,90.8967780000,89.1776900000,1457890,244719876.0000,0.154470,0.939200
2010-10-08,90.7893350000,93.2229189500,94.2812325000,90.7893350000,3160889,549853018.0000,0.334911,2.844800
2010-10-11,93.4754100000,90.1446770000,94.7808424500,89.1776900000,4374269,742024422.0000,0.463474,-3.302000
2010-10-12,90.1500491500,89.5000190000,91.3158057000,88.2590523500,2854304,473412980.0000,0.302427,-0.715100
2010-10-13,89.1776900000,86.4916150000,89.4624139500,85.8738177500,6028775,972450177.0000,0.638777,-3.361300
2010-10-14,86.5023593000,85.1163446000,86.6527795000,84.2406841500,5324373,842374776.0000,0.564142,-1.590100
2010-10-15,85.1593218000,85.9436557000,87.5660450000,85.0465066500,7209979,1152421933.0000,0.763931,0.972000
2010-10-18,85.9544000000,87.2544603000,88.7264294000,83.1608820000,9656442,1522116994.0000,1.023145,1.525200
2010-10-19,86.7172453000,87.7110930500,88.5867535000,85.9544000000,5344848,870135034.0000,0.566312,0.523300
2010-10-20,86.0081215000,89.9351631500,90.7356135000,86.0027493500,4737289,788461639.0000,0.501938,2.535700
2010-10-21,90.0372340000,89.9673960500,91.3534107500,89.0702470000,3762194,632118759.0000,0.398622,0.035800
2010-10-22,89.9727682000,90.3112136500,92.1860940000,89.5322519000,4104654,697025656.0000,0.434907,0.382200
2010-10-25,90.7893350000,92.9381950000,93.3679670000,90.3219579500,3619520,622609050.0000,0.383505,2.908800
2010-10-26,92.8307520000,90.7947071500,92.8737292000,90.2574921500,2859063,484027261.0000,0.302931,-2.306400
2010-10-27,90.6550312500,90.3327022500,91.0042210000,89.4462975000,2891262,484076380.0000,0.306343,-0.508800
2010-10-28,90.1983985000,89.7363936000,90.4132845000,89.5698569500,1944068,325743881.0000,0.205983,-0.660100
2010-10-29,88.5007991000,87.6466272500,88.6780800500,86.2230075000,6546557,1064852159.0000,0.693638,-2.328800
2010-11-01,87.6734880000,87.9743284000,88.5867535000,87.1362730000,4965892,810910408.0000,0.526159,0.373900
2010-11-02,88.3826118000,87.3887640500,88.3826118000,86.8085718500,6229217,1009953812.0000,0.660015,-0.665600
2010-11-03,87.5660450000,87.7540702500,88.9896647500,86.7602225000,4225317,693876483.0000,0.447692,0.418000
2010-11-04,88.0763992500,88.6673357500,88.9305711000,87.4478577000,4462919,732196946.0000,0.472867,1.040700
2010-11-05,88.8016395000,88.0925157000,89.1776900000,87.7272095000,3465491,569207561.0000,0.367185,-0.648300
2010-11-08,88.0978878500,87.8292803500,88.1032600000,86.6259187500,5689413,922801037.0000,0.602820,-0.298800
2010-11-09,87.8883740000,89.1024799000,89.4946468500,87.4156248000,6073790,1002019514.0000,0.643546,1.449600
2010-11-10,89.5000190000,96.5536519500,98.0148767500,89.4462975000,15000509,2670067328.0000,1.589374,8.362500
2010-11-11,97.7677578500,94.5068628000,97.7677578500,93.5345036500,7421720,1322968333.0000,0.786366,-2.119800
2010-11-12,94.3080932500,95.3717789500,101.0393972000,94.2919768000,12650029,2298576167.0000,1.340329,0.915200
2010-11-15,97.7677578500,98.6810233500,100.9964200000,97.7677578500,7903878,1458250426.0000,0.837453,3.469800
2010-11-16,99.9166178500,95.1891258500,99.9219900000,93.7440175000,7229177,1294350638.0000,0.765965,-3.538600
2010-11-17,94.4961185000,88.6404750000,94.4961185000,87.9958170000,8050906,1362362423.0000,0.853031,-6.879600
2010-11-18,89.4731582500,91.0525703500,91.8476485500,89.1776900000,4028604,680881283.0000,0.426849,2.721200
2010-11-19,91.9174865000,94.0985794000,94.5498400000,91.4393651500,4895475,848958178.0000,0.518698,3.345300
2010-11-22,93.9481592000,95.8982496500,97.9772717000,93.3679670000,4794081,857696481.0000,0.507955,1.912500
2010-11-23,95.8284117000,101.5551236000,101.6410780000,94.6572830000,10846981,1995630382.0000,1.149288,5.898800
2010-11-24,103.1452800000,107.4000228000,110.9886190000,103.1452800000,11079930,2220954810.0000,1.173970,5.755400
2010-11-25,107.7277239500,109.0385285500,109.3877183000,105.8313550000,4557974,916382376.0000,0.482939,1.525600
2010-11-26,109.0385285500,111.3324366000,114.2495140500,107.7707011500,6379942,1324934628.0000,0.675985,2.103800
2010-11-29,110.2633787500,116.2694424500,119.2617300000,110.2633787500,6749939,1441023288.0000,0.715187,4.434500
2010-11-30,116.2372095500,110.0270041500,116.2372095500,107.6202809500,6566539,1356812148.0000,0.695755,-5.368900
2010-12-01,109.0546450000,108.7323160000,111.7407200000,107.4537443000,3801622,773495042.0000,0.402800,-1.176700
2010-12-02,109.6993030000,106.4598965500,110.6662900000,106.3202206500,4294009,864862808.0000,0.454970,-2.089900
2010-12-03,106.3685700000,107.3301848500,109.3178803500,106.2074055000,4303732,863905870.0000,0.456000,0.817500
2010-12-06,107.3624177500,103.6932393000,108.5174300000,102.1299436500,4328158,839963278.0000,0.458588,-3.388600
2010-12-07,103.0861863500,106.1321954000,106.7983420000,101.9956399000,3180480,621615004.0000,0.336987,2.352100
2010-12-08,106.0999625000,105.3908387000,108.4099870000,105.2995121500,2833468,564539229.0000,0.300219,-0.698500
2010-12-09,105.2887678500,104.8966009000,105.7131677000,103.3064445000,2446140,474949022.0000,0.259180,-0.469000
2010-12-10,103.8705202500,106.2181498000,106.8413192000,102.6080650000,3958731,766519126.0000,0.419446,1.259900
2010-12-13,106.0999625000,105.8259828500,106.0999625000,103.9511025000,5859283,1144043372.0000,0.620818,-0.369200
2010-12-14,105.9978916500,106.3202206500,108.2488225000,105.7239120000,6154272,1224103219.0000,0.652074,0.467000
2010-12-15,106.3685700000,107.8190505000,109.2319259500,106.3685700000,4742380,953073582.0000,0.502477,1.409700
2010-12-16,113.8842078500,111.1927607000,114.1581875000,110.9348975000,6681758,1396868342.0000,0.707963,3.129000
2010-12-17,111.7407200000,109.8174903000,112.3853780000,109.4897891500,5176982,1060471130.0000,0.548525,-1.236800
2010-12-20,110.6555457000,106.0354967000,111.0208519000,104.2197100000,6855725,1361002093.0000,0.726396,-3.443900
2010-12-21,106.0193802500,104.2197100000,106.1590561500,103.6878671500,5935942,1153389514.0000,0.628941,-1.712400
2010-12-22,104.2573150500,102.5812042500,104.4829453500,102.0708500000,4415122,845830946.0000,0.467803,-1.572200
2010-12-23,102.5274827500,102.4522726500,103.5213305000,102.0708500000,3274389,626262013.0000,0.346937,-0.125700
2010-12-24,102.4522726500,101.3832148000,102.5597156500,100.4592050000,2940852,553596991.0000,0.311597,-1.043500
2010-12-27,101.5336350000,98.3049728500,102.0654778500,97.9396666500,4524640,844631482.0000,0.479407,-3.036200
2010-12-28,98.3103450000,98.4500209000,100.2443190000,95.3019410000,4817644,873676036.0000,0.510452,0.147500
2010-12-29,98.3640665000,99.9219900000,99.9595950500,97.7731300000,3096760,569651391.0000,0.328116,1.495100
2010-12-30,100.1905975000,97.7355249500,100.1905975000,96.8061430000,4177468,760950273.0000,0.442622,-2.188200
2010-12-31,97.6656870000,98.8045828000,98.9979802000,97.2627757500,4608487,843075733.0000,0.488291,1.093800
2011-01-04,100.4054835000,99.6533825000,100.9426985000,98.0954590000,6046226,1116558389.0000,0.640626,0.859100
2011-01-05,99.3310535000,97.2788922000,99.5996610000,96.9673075000,5819802,1064872709.0000,0.616635,-2.382700
2011-01-06,97.3487301500,96.8276316000,98.6326740000,95.8606446000,3758456,677983969.0000,0.398226,-0.463900
2011-01-07,96.7953987000,96.5482798000,97.6065933500,95.8928775000,3053380,548732363.0000,0.323520,-0.288500
2011-01-10,96.4945583000,93.6419466500,96.9726796500,93.5506201000,3878483,687881571.0000,0.410943,-3.010200
2011-01-11,93.3035012000,93.2390354000,94.2812325000,91.9765801500,4532210,787943021.0000,0.480209,-0.430300
2011-01-12,93.5291315000,93.7279010500,94.5498400000,92.6212381500,3132325,546334112.0000,0.331884,0.524300
2011-01-13,94.2812325000,96.4247203500,97.2359150000,93.7386453500,4134174,740207616.0000,0.438035,2.877300
2011-01-14,96.1346242500,96.8007708500,97.3487301500,95.2482195000,2577266,461741103.0000,0.273073,0.390000
2011-01-17,96.5375355000,94.3295818500,97.8805730000,94.0233693000,3747516,673586235.0000,0.397067,-2.552900
2011-01-18,94.0663465000,98.0739704000,98.1008311500,93.4700378500,4096235,738283975.0000,0.434015,3.969500
2011-01-19,98.0739704000,98.2190184500,98.6165575500,97.2950086500,2619867,478032606.0000,0.277587,0.147900
2011-01-20,97.9342945000,96.7363050500,98.8421878500,95.7585737500,2452305,444085191.0000,0.259833,-1.509600
2011-01-21,96.5912570000,94.4907463500,97.5045225000,94.3671869000,2686737,479005923.0000,0.284672,-2.321300
2011-01-24,94.4800020500,92.1431168000,95.3449182000,91.3319221500,3477549,601578015.0000,0.368462,-2.484500
2011-01-25,91.8530207000,91.7026005000,92.6158660000,91.3265500000,1723864,294978979.0000,0.182651,-0.478100
2011-01-26,91.8691371500,92.4761901000,93.4700378500,91.8691371500,1432571,247045171.0000,0.151788,0.843600
2011-01-27,92.3794914000,92.9704279000,94.1630452000,91.1009197000,2944427,507387589.0000,0.311976,0.534400
2011-01-28,92.9435671500,93.1208481000,93.5452479500,92.6051217000,1959143,339796042.0000,0.207580,0.161800
2011-01-31,93.2068025000,95.6188978500,97.1929378000,92.9435671500,3244243,577621803.0000,0.343743,2.682600
2011-02-01,95.6242700000,96.8491202000,97.6925477500,95.3556625000,1775846,319648600.0000,0.188159,1.286600
2011-02-09,96.6933278500,95.6027814000,97.1338441500,95.0870550000,1767531,317003717.0000,0.187278,-1.286900
2011-02-10,95.2750802500,99.4008914500,99.9166178500,95.2482195000,3600875,656695297.0000,0.381529,3.972800
2011-02-11,99.2450991000,99.3471699500,101.2381667500,99.0033523500,3400141,634257226.0000,0.360261,-0.054000
2011-02-14,99.3471699500,100.5182986500,100.9964200000,98.7938385000,3663915,681621643.0000,0.388209,1.178800
2011-02-15,100.5182986500,99.5137066000,101.4261920000,99.2773320000,2971640,554140643.0000,0.314859,-0.999400
2011-02-16,99.3901471500,98.6756512000,99.9166178500,97.6119655000,3644018,667440837.0000,0.386101,-0.842200
2011-02-17,98.3103450000,97.3755909000,98.6863955000,97.1445884500,3636380,662075979.0000,0.385291,-1.317500
2011-02-18,97.1284720000,97.7623857000,99.6265217500,96.8598645000,3682873,676343235.0000,0.390218,0.397200
2011-02-21,97.7731300000,98.5682082000,99.2773320000,97.3433580000,2728985,498811371.0000,0.289149,0.824300
2011-02-22,98.5682082000,97.7086642000,99.5190787500,97.2359150000,3829380,701713006.0000,0.405741,-0.872000
2011-02-23,97.2950086500,98.1814134000,98.5628360500,97.2950086500,1942229,353816777.0000,0.205788,0.483800
2011-02-24,98.0847147000,97.8537122500,98.5628360500,97.3003808000,2047631,373539569.0000,0.216956,-0.333800
2011-02-25,98.2458792000,96.4945583000,98.2458792000,96.2689280000,2941343,532482186.0000,0.311649,-1.389000
2011-02-28,96.3226495000,95.9895762000,96.4086039000,94.5498400000,3909310,693295724.0000,0.414210,-0.523300
2011-03-01,96.0056926500,95.9680876000,96.6610949500,95.5168270000,2305941,411728226.0000,0.244325,-0.022383
2011-03-02,95.7317130000,95.1998701500,96.1614850000,94.5552121500,3209550,569125294.0000,0.340067,-0.800500
2011-03-03,95.2321030500,94.0126250000,95.9949483500,93.8783212500,3773509,663456221.0000,0.399821,-1.247100
2011-03-04,94.0126250000,94.5122349500,94.9688677000,93.7440175000,3335119,587411610.0000,0.353371,0.531400
2011-03-07,94.4638856000,95.2911967000,95.3717789500,94.4638856000,3355369,593119911.0000,0.355517,0.824200
2011-03-08,95.3180574500,94.9366348000,95.4093840000,93.9051820000,3186955,560058561.0000,0.337673,-0.372100
2011-03-09,95.3502903500,95.6188978500,95.7317130000,94.5767007500,2297146,406818003.0000,0.243393,0.718700
2011-03-10,95.6081535500,97.7731300000,98.9550030000,95.2911967000,5449213,991540447.0000,0.577369,2.252900
2011-03-11,97.5582440000,96.7201886000,98.5252310000,96.6396063500,2334545,424871796.0000,0.247356,-1.076900
2011-03-14,96.4408368000,98.2458792000,98.8475600000,96.2205786500,2237298,408383265.0000,0.237052,1.577400
2011-03-15,97.5797326000,96.3065330500,98.4285323000,95.1031714500,3089855,554199756.0000,0.327385,-1.974000
2011-03-16,96.4838140000,97.6871756000,98.2942285500,96.3280216500,2417624,438681962.0000,0.256159,1.433600
2011-03-17,97.1821935000,101.5497514500,101.8183589500,96.7953987000,8852277,1653009378.0000,0.937940,3.954000
2011-03-18,101.8291032500,102.6886472500,104.2734315000,100.5290429500,6148407,1175141410.0000,0.651452,1.121500
2011-03-21,101.9634070000,100.5290429500,102.5973207000,99.1430282500,4865124,910057839.0000,0.515483,-2.103100
2011-03-22,101.2005617000,99.7876862500,102.0601057000,99.4922180000,2788755,521369663.0000,0.295482,-0.737500
2011-03-23,99.9273621500,100.2120861000,100.2926683500,98.5789525000,4288185,792668100.0000,0.454353,0.425300
2011-03-24,100.0831545000,98.6058132500,100.2174582500,98.5789525000,2135318,393924337.0000,0.226247,-1.602900
2011-03-25,98.3103450000,98.5413474500,99.6963597000,98.3103450000,2790552,513404256.0000,0.295672,-0.065400
2011-03-28,98.6058132500,97.1875656500,99.0624460000,96.9619353500,4029587,731053019.0000,0.426953,-1.373800
2011-03-29,97.2359150000,96.1346242500,97.3970795000,95.8928775000,2652330,476995781.0000,0.281027,-1.083400
2011-03-30,96.1292521000,96.0056926500,96.8383759000,95.7854345000,2060299,368964875.0000,0.218298,-0.134100
2011-03-31,96.0056926500,96.6181177500,98.2029020000,95.8928775000,1752586,316949399.0000,0.185695,0.637900
2011-04-01,96.6879557000,96.4086039000,97.4239402500,95.9197382500,1822749,326554075.0000,0.193129,-0.216800
2011-04-06,96.3763710000,95.0763107000,96.6449785000,94.9312626500,2877481,510620637.0000,0.304882,-1.381900
2011-04-07,94.6572830000,93.9803921000,95.0870550000,93.8944377000,4683074,820484804.0000,0.496193,-1.152700
2011-04-08,93.9911364000,94.3671869000,94.8184475000,93.9051820000,2182315,383817086.0000,0.231226,0.411600
2011-04-11,94.2543717500,95.3502903500,95.9734597500,94.0717186500,2617314,463960298.0000,0.277317,1.041800
2011-04-12,95.3556625000,95.3126853000,96.3441381000,94.9258905000,3494568,623251647.0000,0.370266,-0.039400
2011-04-13,95.2482195000,95.8015509500,96.1614850000,95.0977993000,2938919,522953556.0000,0.311392,0.512900
2011-04-14,95.7854345000,94.4101641000,95.8928775000,94.2704882000,3662196,644626738.0000,0.388027,-1.452400
2011-04-15,94.5337235500,92.6051217000,95.0816828500,91.7402055500,5332701,919620925.0000,0.565024,-1.911900
2011-04-18,92.4976787000,92.9704279000,93.1477088500,91.9765801500,1960899,338287704.0000,0.207766,0.394500
2011-04-19,92.9704279000,93.1423367000,93.8192276000,92.1270003500,2288067,395248447.0000,0.242431,0.184900
2011-04-20,93.1423367000,93.9051820000,94.1093237000,92.9381950000,2250928,392495921.0000,0.238496,0.819000
2011-04-21,94.0126250000,93.9374149000,95.4040118500,93.8568326500,2868434,505336037.0000,0.303924,0.034300
2011-04-22,94.2812325000,94.6304222500,94.7647260000,93.7601339500,1450023,254794864.0000,0.153637,0.737700
2011-04-25,96.6987000000,98.3425779000,99.4277522000,96.4300925000,7022553,1280812447.0000,0.744072,3.922800
2011-04-26,98.3103450000,97.3272415500,98.5789525000,97.1714492000,3109542,565862126.0000,0.329470,-1.032400
2011-04-27,97.5582440000,97.3164972500,99.3847750000,97.2359150000,2774847,508713443.0000,0.294008,-0.011000
2011-04-28,97.8268515000,95.8499003000,98.0847147000,95.5168270000,2535717,455048059.0000,0.268671,-1.507000
2011-04-29,95.8391560000,97.9396666500,98.3586943500,95.4523612000,2208382,401140719.0000,0.233988,2.180200
2011-05-03,98.3103450000,99.8467799000,100.3517620000,97.7731300000,4127082,764382818.0000,0.437284,1.947200
2011-05-04,99.1107953500,98.5789525000,101.0393972000,98.5467196000,3252106,604784367.0000,0.344576,-1.269800
2011-05-05,98.5843246500,99.3579142500,100.7278125000,98.3157171500,2669349,496448129.0000,0.282830,0.790200
2011-05-06,98.8475600000,99.8199191500,100.4592050000,98.3157171500,2396065,444808841.0000,0.253874,0.465000
2011-05-09,100.2335747000,98.9335144000,100.7224403500,98.7938385000,1217595,225581746.0000,0.129010,-0.888000
2011-05-10,98.8851650500,98.6273018500,99.1161675000,98.1921577000,1591880,292606289.0000,0.168667,-0.309500
2011-05-11,98.3210893000,99.5298230500,100.0831545000,98.3210893000,1289667,238855455.0000,0.136646,0.915100
2011-05-12,99.3847750000,100.6311138000,101.8022425000,99.1698890000,2502771,470405158.0000,0.265180,1.106500
2011-05-13,100.6472302500,100.8137669000,101.5282628500,99.6533825000,1225320,229207566.0000,0.129828,0.181500
2011-05-16,100.7278125000,100.8191390500,101.5228907000,100.1905975000,1150557,216417130.0000,0.121907,0.005300
2011-05-17,100.4699493000,100.7976504500,102.2320145000,99.9219900000,2086644,393848458.0000,0.221090,-0.021300
2011-05-18,100.6203695000,104.7300642500,106.0677296000,100.6203695000,6216505,1212084674.0000,0.658668,3.901300
2011-05-19,105.2941400000,107.3785342000,108.3294047500,105.2941400000,8573805,1716471110.0000,0.908435,2.528900
2011-05-20,107.8190505000,107.8888884500,108.3347769000,106.8037141500,4004386,801739991.0000,0.424283,0.475300
2011-05-23,107.4430000000,105.8474714500,108.9203412500,105.8313550000,3942088,783913346.0000,0.417683,-1.892100
2011-05-24,105.0309046500,104.5474111500,106.0999625000,104.4883175000,2399707,470085883.0000,0.254260,-1.228200
2011-05-25,104.5474111500,104.5474111500,104.5474111500,104.5474111500,0,0.0000,,0.000000
2011-05-26,104.6494820000,106.7392483500,108.9418298500,104.6494820000,3897036,779314782.0000,0.412909,2.096500
2011-05-27,107.3785342000,104.0800341000,107.8620277000,103.7953101500,3172958,626618182.0000,0.336190,-2.491300
2011-05-30,103.2419787000,108.8021539500,108.8290147000,103.0217205500,4728600,942388980.0000,0.501017,4.537000
2011-05-31,108.8666197500,109.4844170000,109.5811157000,108.1413795000,3385483,685945963.0000,0.358708,0.627100
2011-06-01,109.6455815000,112.7560563500,112.8044057000,109.0653893000,3909376,813188052.0000,0.414217,2.988200
2011-06-02,112.0093275000,110.9832468500,112.6324969000,109.3769740000,3958543,818431995.0000,0.419426,-1.572300
2011-06-03,110.6770343000,113.6800661500,114.2656305000,110.6770343000,2948396,618505293.0000,0.312396,2.429900
2011-06-07,113.8788357000,111.6708820500,113.8842078500,110.8167102000,2687617,559703875.0000,0.284766,-1.767400
2011-06-08,111.4989732500,112.1382591000,112.6539855000,109.3662297000,2507047,517190772.0000,0.265633,0.418500
2011-06-09,111.7675807500,108.4207313000,111.9018845000,108.3884984000,3617970,737042713.0000,0.383341,-3.315100
2011-06-10,108.2488225000,108.8182704000,109.8550953500,107.3355570000,3427917,692444753.0000,0.363204,0.366700
2011-06-13,108.7860375000,108.2434503500,109.5381385000,106.7983420000,2800457,562464133.0000,0.296721,-0.528200
2011-06-14,108.2327060500,109.8389789000,110.1183307000,107.7116075000,3748788,758192892.0000,0.397202,1.474000
2011-06-15,109.6026043000,109.1674601500,109.8443510500,108.6195008500,1640856,333131863.0000,0.173856,-0.611400
2011-06-16,108.6248730000,109.0653893000,110.2848673500,107.5611873000,1773147,359795619.0000,0.187873,-0.093500
2011-06-17,109.3232525000,112.0791654500,112.8097778500,108.8666197500,3341100,690941504.0000,0.354005,2.763300
2011-06-20,111.7944415000,109.3017639000,111.8911402000,107.9802150000,2990915,611059058.0000,0.316901,-2.478100
2011-06-21,108.5335464500,109.2158095000,110.0431206000,108.5335464500,1273817,259198214.0000,0.134967,-0.078600
2011-06-22,109.1620880000,110.6286849500,111.4613682000,109.1620880000,1618853,333499822.0000,0.171525,1.293700
2011-06-23,110.2902395000,111.7353478500,112.3853780000,110.1290750000,2028098,421820426.0000,0.214886,1.000300
2011-06-24,111.6601377500,110.9026646000,112.8957322500,110.3171002500,3706850,770684579.0000,0.392758,-0.745200
2011-06-27,111.3109480000,111.8857680500,112.2564464000,110.5481027000,2319042,480816709.0000,0.245713,0.886500
2011-06-28,112.2779350000,113.0568967500,113.8197420500,111.3216923000,2554048,536916003.0000,0.270613,1.046700
2011-06-29,113.2878992000,113.3201321000,114.3623292000,111.6869985000,1959670,412274520.0000,0.207636,0.232800
2011-06-30,112.8258943000,114.2280254500,114.5879595000,112.8258943000,3270121,694508280.0000,0.346485,0.801200
2011-07-01,114.9985375000,114.4788038500,114.9985375000,113.4453105000,1581050,302002762.0000,0.152291,0.219700
2011-07-04,114.2278979500,115.3091829000,115.4943753500,113.9829660000,4633841,888995936.0000,0.446343,0.725400
2011-07-05,115.2972350000,114.3593248500,115.3091829000,113.3855710000,2705785,516722478.0000,0.260628,-0.823700
2011-07-06,114.0904971000,114.1442626500,114.6998400000,113.5707634500,1975377,377527543.0000,0.190273,-0.188100
2011-07-07,114.1024450000,115.9603434500,117.1372116000,114.1024450000,4095675,793379763.0000,0.394505,1.591000
2011-07-08,116.1037182500,115.9424216000,116.7787746000,115.2673652500,1718381,333151331.0000,0.165519,-0.015455
2011-07-11,115.9304737000,117.5852578500,118.3260276500,115.5660627500,2561574,502438508.0000,0.246737,1.416900
2011-07-12,117.2805864000,115.7393073000,117.5852578500,115.6795678000,2848826,554927096.0000,0.274406,-1.569900
2011-07-13,115.9483955500,116.2470930500,116.7847485500,115.5122972000,2210907,429986678.0000,0.212960,0.438700
2011-07-14,116.2470930500,115.4465837500,116.3725460000,115.1777560000,2482217,480420222.0000,0.239093,-0.688600
2011-07-15,115.0523030500,116.5816342500,116.9639670500,115.0523030500,1776389,346071487.0000,0.171106,0.983200
2011-07-18,116.6115040000,118.8577092000,119.7418538000,116.6115040000,2852341,566196215.0000,0.274744,1.952300
2011-07-19,118.8218655000,118.7860218000,119.4969218500,117.8062940000,2027661,403182838.0000,0.195309,-0.060300
2011-07-20,119.4730260500,119.4132865500,119.7657496000,118.5829075000,1896708,378689393.0000,0.182695,0.528100
2011-07-21,119.5805571500,121.5280648500,122.7646725000,119.4790000000,4767686,968173564.0000,0.459235,1.771000
2011-07-22,121.3667682000,123.2306406000,124.7838676000,121.3667682000,4986088,1029115254.0000,0.480272,1.401000
2011-07-25,123.6607650000,121.6594917500,124.0669936000,120.9784614500,3526043,720951264.0000,0.339637,-1.275000
2011-07-26,121.5698825000,121.6057262000,121.8626060500,120.6737900000,2479175,503434823.0000,0.238800,-0.044200
2011-07-27,121.8028665500,122.0597464000,123.9594625000,121.0680707000,3067625,630035091.0000,0.295481,0.373400
2011-07-28,121.8028665500,124.1088112500,124.1984205000,120.6737900000,2292323,468616881.0000,0.220802,1.678700
2011-07-29,123.9594625000,123.4755725500,123.9594625000,122.6451935000,1910416,394180474.0000,0.184016,-0.510200
2011-08-01,123.8579053500,121.4981951000,123.8579053500,121.1517060000,1857289,378447567.0000,0.178899,-1.601400
2011-08-02,120.7932690000,120.1421084500,121.1218362500,118.6127772500,2784958,555745763.0000,0.268254,-1.116100
2011-08-03,119.0070579500,120.5483370500,121.1517060000,118.8816050000,1706132,344076872.0000,0.164339,0.338100
2011-08-04,120.9724875000,122.4540271000,122.8781775500,120.5543110000,1777327,363287270.0000,0.171196,1.580900
2011-08-05,119.5267916000,121.3488463500,122.8244120000,119.5267916000,2131985,433966204.0000,0.205358,-0.902500
2011-08-08,120.0823689500,119.2758857000,122.5257145000,118.2842100000,3688434,740883138.0000,0.355279,-1.708300
2011-08-09,117.3522738000,120.1361345000,121.2711850000,115.2972350000,3692433,726671479.0000,0.355664,0.721200
2011-08-10,120.9127480000,122.8841515000,123.3560935500,119.3296512500,3843626,782644219.0000,0.370227,2.287400
2011-08-11,121.8685800000,128.2607065000,128.7983620000,121.8685800000,6194915,1301728291.0000,0.596709,4.375300
2011-08-12,128.4399250000,129.4973141500,129.9931520000,127.2451350000,3946631,851693649.0000,0.380149,0.964100
2011-08-15,129.7541940000,127.4243535000,130.7040520500,126.5999484000,2945063,630341327.0000,0.283676,-1.600800
2011-08-16,127.6334417500,125.2677575500,128.6071956000,124.4194566500,3749156,788423427.0000,0.361128,-1.692500
2011-08-17,125.4529500000,125.3633407500,126.3430685500,124.6882844000,1355328,284382051.0000,0.130548,0.076300
2011-08-18,125.0407474500,124.3776390000,125.3633407500,123.2784322000,2934173,609082956.0000,0.282627,-0.786300
2011-08-19,123.6010255000,125.3932105000,125.5425592500,123.3919372500,3748808,780729993.0000,0.361094,0.816500
2011-08-22,125.5126895000,122.0537724500,125.9906055000,121.6296220000,2816438,581020716.0000,0.271286,-2.663200
2011-08-23,121.8626060500,122.4241573500,123.1828490000,121.5101430000,2357921,482616543.0000,0.227121,0.303500
2011-08-24,122.4659750000,122.9438910000,124.2521860500,121.9223455500,1795707,370146593.0000,0.172967,0.424500
2011-08-25,123.9594625000,123.9116709000,124.5568575000,122.4719489500,3008305,623188931.0000,0.289767,0.787200
2011-08-26,123.8877751000,127.1734476000,127.2391610500,123.5711557500,2274888,477352661.0000,0.219123,2.632343
2011-08-29,126.6477400000,128.6012216500,129.0253721000,125.1542525000,2608244,558335962.0000,0.251232,1.122700
2011-08-30,128.7386225000,128.3323939000,129.8915948500,127.2511089500,2881601,619557333.0000,0.277563,-0.209000
2011-08-31,130.7100260000,128.3025241500,131.1282025000,128.1412275000,5001461,1079339679.0000,0.481753,-0.023300
2011-09-01,128.2607065000,126.3370946000,128.7266746000,125.7516475000,2568961,544632806.0000,0.247449,-1.531900
2011-09-02,125.9667097000,126.5641047000,126.7672190000,125.3932105000,1383257,292111762.0000,0.133239,0.179700
2011-09-05,126.1638500500,123.8220616500,126.2773551000,123.3620675000,2734484,569905681.0000,0.263392,-2.166500
2011-09-06,123.0633700000,121.2771589500,124.4373785000,120.8410606000,3209469,656690808.0000,0.309144,-2.055300
2011-09-07,121.6296220000,124.0132280500,124.1864726000,121.5698825000,2008770,412012245.0000,0.193490,2.256000
2011-09-08,124.2581600000,122.9857086500,124.8495810500,122.8363599000,1318267,274052384.0000,0.126979,-0.828557
2011-09-09,123.3979112000,123.7085566000,125.2617836000,121.8626060500,1422719,294079503.0000,0.137040,0.587700
2011-09-13,122.2210430500,120.4527538500,123.0633700000,120.1241866000,1894913,384543767.0000,0.182523,-2.631800
2011-09-14,121.2711850000,118.2543402500,121.4384556000,115.9961871500,4762579,940641402.0000,0.458743,-1.825100
2011-09-15,118.2842100000,118.5769335500,119.5984790000,118.1468091500,1912200,380380017.0000,0.184188,0.272800
2011-09-16,119.1743285500,121.2233934000,121.3488463500,118.2842100000,1802927,361574736.0000,0.173662,2.231900
2011-09-19,121.6893615000,121.1039144000,122.1672775000,120.6259984000,1535204,311793484.0000,0.147875,-0.098600
2011-09-20,121.0919665000,119.9808118000,121.0919665000,119.1803025000,1278463,256651648.0000,0.123145,-0.927400
2011-09-21,119.9688639000,122.0836422000,122.4838968500,119.7776975000,2464016,501953365.0000,0.237340,1.752600
2011-09-22,121.2711850000,118.0810957000,121.7968926000,117.8660335000,2433610,489514705.0000,0.234411,-3.278500
2011-09-23,115.9543695000,115.9244997500,117.0894200000,113.4393365500,7653720,1476263517.0000,0.737225,-1.826400
2011-09-26,114.6162047000,112.3819474000,116.0439787500,112.3102600000,4221118,803193662.0000,0.406588,-3.055900
2011-09-27,113.4871281500,113.1824567000,114.4847778000,112.1131196500,2474981,468028768.0000,0.238396,0.712300
2011-09-28,113.9829660000,111.7845524000,113.9829660000,111.2528708500,3238984,611544825.0000,0.311987,-1.235100
2011-09-29,110.4583355000,111.7666305500,114.1024450000,110.4583355000,3003061,563567697.0000,0.289262,-0.016000
2011-09-30,111.8084482000,113.8575130500,114.1621845000,111.8084482000,1826966,346902283.0000,0.175978,1.870800
2011-10-10,114.0307576000,112.3102600000,114.5803610000,112.0892238500,1428391,270790788.0000,0.137586,-1.358900
2011-10-11,114.6938660500,111.6949431500,114.6938660500,109.3232850000,2058625,387171386.0000,0.198292,-0.547900
2011-10-12,111.4141675000,114.7237358000,115.0582770000,110.1775598500,2977855,563092939.0000,0.286834,2.711700
2011-10-13,114.7237358000,114.7416576500,116.3964418000,113.5050500000,2396172,460883857.0000,0.230805,0.015600
2011-10-14,114.1323147500,114.3652988000,115.1658081000,113.3855710000,1246836,238319748.0000,0.120098,-0.328000
2011-10-17,114.8013971500,117.7704503000,117.9914864500,114.4608820000,2600851,509046255.0000,0.250520,2.977400
2011-10-18,116.6951393000,117.3403259000,119.1026411500,116.4979989500,2278575,451487836.0000,0.219478,-0.365200
2011-10-19,117.9377209000,118.3558974000,120.3750925000,117.6868150000,2265785,451701350.0000,0.218246,0.865500
2011-10-20,117.6868150000,114.1621845000,118.6187512000,113.8634870000,2931263,569297369.0000,0.282346,-3.543300
2011-10-21,113.8993307000,116.1276140500,116.4920250000,113.8993307000,1711645,330777243.0000,0.164870,1.721600
2011-10-24,116.9699410000,119.8075672500,120.1421084500,116.1335880000,3239068,638275445.0000,0.311995,3.168900
2011-10-25,119.0010840000,119.8493849000,121.4683253500,119.0010840000,3204192,643502583.0000,0.308635,0.034900
2011-10-26,119.4073126000,120.5901547000,120.7215816000,118.7083604500,2949276,591834128.0000,0.284081,0.618100
2011-10-27,120.7036597500,120.6737900000,122.0836422000,120.3989883000,2010454,407006042.0000,0.193652,0.069400
2011-10-28,121.5758564500,122.4719489500,123.5412860000,121.5758564500,2605660,533715365.0000,0.250983,1.490100
2011-10-31,122.6451935000,121.9940329500,123.1709011000,121.0800186000,2812199,574616414.0000,0.270878,-0.390200
2011-11-01,121.3787161000,123.7742700500,123.9594625000,120.9784614500,2714739,559038584.0000,0.261490,1.459300
2011-11-02,122.4361052500,125.1960701500,125.2438617500,122.2270170000,2664701,550968563.0000,0.256670,1.148700
2011-11-03,126.0921626500,123.8280356000,126.3490425000,123.7623221500,3046590,636306542.0000,0.293455,-1.092700
2011-11-04,124.1864726000,124.1147852000,125.4529500000,123.2605103500,1854675,384686866.0000,0.178647,0.231600
2011-11-07,124.3776390000,123.5412860000,124.6763365000,123.3979112000,1657390,344437182.0000,0.159644,-0.462100
2011-11-08,124.0550457000,122.3166262500,124.2163423500,121.8566321000,2554641,525028363.0000,0.246069,-0.991300
2011-11-09,122.4062355000,121.9402674000,123.4576507000,120.9724875000,2469607,506506704.0000,0.237878,-0.307700
2011-11-10,121.4444295500,122.4719489500,122.8244120000,121.3488463500,1461770,298980855.0000,0.140801,0.436000
2011-11-11,122.4719489500,121.8506581500,122.5555842500,121.2891068500,1169264,238543944.0000,0.112626,-0.507300
2011-11-14,122.7586985500,123.8160877000,124.3477692500,121.9880590000,1798624,371343631.0000,0.173248,1.613000
2011-11-15,124.0192020000,121.8267623500,124.2282902500,121.2711850000,1778226,364242671.0000,0.171283,-1.606700
2011-11-16,121.8387102500,119.9389941500,121.8387102500,119.4192605000,2954580,592948956.0000,0.284592,-1.549600
2011-11-17,119.9867857500,120.5782068000,121.6296220000,119.6641924500,1558904,315328822.0000,0.150157,0.532900
2011-11-18,120.6021026000,119.8195151500,121.1994976000,119.2997815000,1990746,401272250.0000,0.191753,-0.629200
2011-11-21,119.8971765000,119.9987336500,121.5101430000,119.5447134500,1838975,370926323.0000,0.177135,0.149600
2011-11-22,120.0106815500,123.1051876500,123.5950515500,119.8374370000,3565252,729198883.0000,0.343414,2.588700
2011-11-23,122.8363599000,124.9212684500,125.0347735000,122.8363599000,3153785,656169793.0000,0.303780,1.475200
2011-11-24,124.6165970000,124.0729675500,124.9630861000,123.9594625000,2655899,554286399.0000,0.255823,-0.679100
2011-11-25,124.1088112500,125.4410021000,127.4482493000,123.6607650000,4023570,848244760.0000,0.387560,1.102600
2011-11-28,125.6381424500,127.7648686500,128.3025241500,125.0407474500,5337998,1136929564.0000,0.514169,1.852600
2011-11-29,127.7230510000,126.9822812000,129.0910855500,126.5282610000,4135500,884545013.0000,0.398341,-0.612500
2011-11-30,127.1734476000,125.4887937000,128.3084981000,124.7360760000,4026323,850997830.0000,0.387825,-1.176100
2011-12-01,127.3646140000,127.1495518000,128.5534300500,125.6142466500,3378549,719311327.0000,0.325430,1.323400
2011-12-02,126.6477400000,127.8604518500,129.1567990000,126.6477400000,2726718,584935196.0000,0.262644,0.559100
2011-12-05,128.1113577500,123.4934944000,128.1113577500,123.3023280000,3902560,816027278.0000,0.375904,-3.415400
2011-12-06,123.3680414500,121.6714396500,123.3919372500,120.4945715000,3715216,756470593.0000,0.357859,-1.475400
2011-12-07,121.6893615000,122.8841515000,123.3620675000,121.6893615000,2733376,562146777.0000,0.263285,0.996700
2011-12-08,123.0036305000,121.2711850000,124.6165970000,121.1994976000,2466108,506265018.0000,0.237541,-1.312600
2011-12-09,121.1815757500,119.3714689000,121.7789707500,119.2997815000,3674573,737854853.0000,0.353944,-1.566500
2011-12-12,119.3714689000,118.0094083000,120.0166555000,117.6211015500,2952692,585362504.0000,0.284410,-1.141000
2011-12-13,117.6390234000,117.2387687500,118.2722621000,117.0774721000,2999583,591182085.0000,0.288927,-0.653000
2011-12-14,117.2387687500,118.1886268000,119.4790000000,117.2387687500,2081322,412444014.0000,0.200478,0.810200
2011-12-15,117.6091536500,117.6748671000,118.8099176000,116.5218947500,2188003,430851248.0000,0.210754,-0.434700
2011-12-16,118.2842100000,120.5423631000,120.6618421000,118.2782360500,3064900,614353385.0000,0.295219,2.436800
2011-12-19,120.0584731500,120.0763950000,120.3093790500,119.0608235000,2545636,510463389.0000,0.245202,-0.386600
2011-12-20,120.0763950000,119.6223748000,121.1517060000,118.5829075000,1710630,342834670.0000,0.164772,-0.378100
2011-12-21,120.1839261000,117.8242158500,120.3631446000,117.6748671000,2196281,437207569.0000,0.211551,-1.503200
2011-12-22,117.9855125000,119.2818596500,120.0286034000,116.9699410000,1744332,346785291.0000,0.168018,1.237100
2011-12-23,119.4192605000,119.9330202000,120.3153530000,118.8816050000,1760956,353128167.0000,0.169620,0.545900
2011-12-26,119.8434109500,115.3689224000,119.8493849000,114.8790585000,4699504,918253511.0000,0.452668,-3.805500
2011-12-27,115.2972350000,112.9255768500,115.2972350000,112.5014264000,3131498,594898815.0000,0.301633,-2.117900
2011-12-28,112.4894785000,113.6424508500,113.8037475000,111.4081935500,2773843,524088087.0000,0.267183,0.634800
2011-12-29,112.9673945000,114.8252929500,115.2315215500,112.9673945000,2006213,384717995.0000,0.193243,1.040800
2011-12-30,115.1180165000,115.4764535000,116.4203376000,113.5050500000,2946086,569875567.0000,0.283774,0.567100
2012-01-04,114.4011425000,110.6793716500,115.1598341500,110.5180750000,3387828,637232812.0000,0.326324,-4.154200
2012-01-05,109.9206800000,109.4128942500,110.6375540000,108.9409522000,3012264,553347012.0000,0.290149,-1.144300
2012-01-06,109.3830245000,111.4978028000,112.3401297500,108.5168017500,2519062,464647453.0000,0.242642,1.905500
2012-01-09,111.1154700000,112.3162339500,112.3640255500,108.5884891500,2616016,483282452.0000,0.251981,0.734000
2012-01-10,111.7128650000,116.1813796000,116.2889107000,111.1811834500,3923560,749263279.0000,0.377927,3.441300
2012-01-11,115.2673652500,113.3138836000,115.8289165500,113.0868735000,3989116,761167931.0000,0.384241,-2.468100
2012-01-12,112.6567491000,113.7141382500,114.4369862000,112.6567491000,2744036,522231553.0000,0.264312,0.353200
2012-01-13,113.9232265000,112.7224625500,114.2219240000,112.0235104000,2054230,387615921.0000,0.197868,-0.872100
2012-01-16,111.9398751000,105.9838469500,111.9398751000,104.9384057000,5165579,933514133.0000,0.497561,-5.978100
2012-01-17,106.2765705000,107.7939538000,108.7139421000,102.0948055000,6122764,1077158896.0000,0.589759,1.707900
2012-01-18,108.3794009000,105.9659251000,110.6256061000,105.5358007000,4729465,858725547.0000,0.455553,-1.695900
2012-01-19,106.2705965500,107.9492765000,108.4869320000,104.8487964500,2432942,437246157.0000,0.234347,1.871700
2012-01-20,108.7258900000,111.0975481500,111.2349490000,108.7258900000,2968320,548292985.0000,0.285916,2.916400
2012-01-30,111.1094960500,109.8012010000,111.7068910500,109.3591287000,3055021,563162776.0000,0.294267,-1.166900
2012-01-31,110.1715859000,111.3604019500,111.4739070000,110.1297682500,1585470,294490836.0000,0.152716,1.420000
2012-02-01,111.2349490000,111.2050792500,112.6209054000,110.4463876000,2482436,464159684.0000,0.239114,-0.139500
2012-02-02,111.2050792500,111.3723498500,111.7128650000,110.0879506000,2037511,378596177.0000,0.196258,0.150400
2012-02-03,111.3902717000,111.4022196000,111.4739070000,109.6160085500,2651789,490438844.0000,0.255427,0.026800
2012-02-06,111.4798809500,112.6328533000,112.7642802000,110.9959910000,2974767,557205041.0000,0.286537,1.104700
2012-02-07,111.8920835000,111.0318347000,112.5790877500,110.7570330000,1794210,334371756.0000,0.172823,-1.421400
2012-02-08,111.0318347000,112.4835045500,112.9076550000,110.5658666000,2308220,432175419.0000,0.222333,1.307400
2012-02-09,112.3102600000,113.9530962500,114.1920542500,112.1071457000,3138479,596916589.0000,0.302306,1.306500
2012-02-10,113.2242743500,113.8097214500,114.9387980000,112.9673945000,2227637,425266909.0000,0.214571,-0.125800
2012-02-13,113.2063525000,115.5481409000,116.5935821500,112.7045407000,2163921,416409710.0000,0.208434,1.527500
2012-02-14,115.1120425500,115.7870989000,116.2889107000,114.5803610000,1514248,292922052.0000,0.145856,0.206800
2012-02-15,115.1359383500,116.3725460000,117.0296805000,115.1359383500,2471409,481676731.0000,0.238052,0.505600
2012-02-16,115.6078804000,114.5325694000,116.3725460000,113.8634870000,2201602,424963025.0000,0.212064,-1.581100
2012-02-17,115.8229426000,114.3652988000,115.8229426000,113.7260861500,1228791,235751780.0000,0.118360,-0.146000
2012-02-20,115.2733392000,114.0188097000,115.6974896500,113.9829660000,1853002,356774753.0000,0.178486,-0.303000
2012-02-21,114.5743870500,114.6699702500,115.0463291000,113.7440080000,1378929,264260509.0000,0.132822,0.571100
2012-02-22,115.1538602000,115.1538602000,115.5959325000,114.0904971000,2235227,429952037.0000,0.215302,0.422000
2012-02-23,115.0104854000,116.0798224500,116.5159208000,115.0104854000,3343326,649316717.0000,0.322037,0.804100
2012-02-24,116.0021611000,118.3320016000,118.4096629500,115.9842392500,2394408,471970592.0000,0.230635,1.940200
2012-02-27,118.7501781000,118.5829075000,119.4909479000,117.9855125000,2656235,528808015.0000,0.255855,0.212000
2012-02-28,119.1384848500,119.9210723000,120.0465252500,118.6187512000,2569800,514122721.0000,0.247529,1.128500
2012-02-29,120.0763950000,122.1433817000,122.4659750000,119.7776975000,3943224,802601071.0000,0.379821,1.853100
2012-03-01,121.5818304000,121.0202791000,122.7467506500,120.9067740500,1692079,345438323.0000,0.162985,-0.919500
2012-03-02,121.0501488500,120.0166555000,121.6893615000,119.1862764500,3521672,706746810.0000,0.339216,-0.829300
2012-03-05,119.9867857500,119.3834168000,120.0047076000,118.6426470000,3055381,609500901.0000,0.294302,-0.527600
2012-03-06,118.8816050000,117.1192897500,119.3834168000,117.0894200000,3147400,621286494.0000,0.303165,-1.896500
2012-03-07,116.3247544000,115.3748963500,116.8444880500,115.2852871000,2919886,567286770.0000,0.281250,-1.489400
2012-03-08,115.4226879500,116.1574838000,117.1551334500,115.2852871000,2357465,458505182.0000,0.227077,0.678300
2012-03-09,116.3068325500,119.4371823500,119.5506874000,116.0141090000,2923934,578119773.0000,0.281640,2.823500
2012-03-12,119.5506874000,119.8015933000,120.4408059500,118.8995268500,2568162,514548199.0000,0.247372,0.305100
2012-03-13,119.5387395000,120.4706757000,121.4504035000,119.5387395000,1831624,370157885.0000,0.176426,0.558500
2012-03-14,120.4288580500,118.6844646500,121.8984497500,118.2842100000,4069986,820433738.0000,0.392031,-1.482700
2012-03-15,118.9055008000,118.8397873500,120.9127480000,118.6426470000,2809496,562966952.0000,0.270617,0.130900
2012-03-16,119.9509420500,124.0132280500,124.2581600000,119.6582185000,5158356,1060740607.0000,0.496865,4.353300
2012-03-19,124.1386810000,124.0430978000,126.3908601500,122.8064901500,4563576,952934077.0000,0.439575,0.024100
2012-03-20,123.9893322500,124.1088112500,124.9152945000,123.1290834500,2340021,486464276.0000,0.225396,0.053000
2012-03-21,124.1386810000,122.5257145000,124.8555550000,121.7849447000,2952771,607930947.0000,0.284418,-1.275600
2012-03-22,122.0597464000,122.6750632500,123.6010255000,122.0418245500,833187,171049550.0000,0.080255,0.121900
2012-03-23,123.9594625000,126.6596879000,126.9763072500,123.9594625000,5487370,1159278435.0000,0.528557,3.248100
2012-03-26,126.1220324000,128.5594040000,128.9775805000,126.1100845000,3765379,807094326.0000,0.362690,1.499900
2012-03-27,125.5843769000,120.3750925000,126.0443710500,120.0763950000,7910614,1635757954.0000,0.761969,-6.366200
2012-03-28,118.8816050000,120.3153530000,122.4659750000,118.4694024500,5546101,1116354644.0000,0.534214,-0.049600
2012-03-29,119.9569160000,120.1660042500,122.7646725000,119.4790000000,3698279,751200412.0000,0.356227,-0.124100
2012-03-30,120.1719782000,117.6629192000,121.2652110500,116.4920250000,3795990,749355396.0000,0.365639,-2.083000
2012-04-05,117.1491595000,123.0633700000,123.3023280000,117.1491595000,4096098,831105661.0000,0.394546,4.589800
2012-04-06,122.8363599000,124.2402381500,124.3059516000,122.7825943500,2672989,553032996.0000,0.257469,0.956300
2012-04-09,123.9893322500,125.0108777000,125.4051584000,122.8244120000,1447453,300301660.0000,0.139422,0.620300
2012-04-10,125.0228256000,124.3238734500,125.3215231000,122.5316884500,1664063,344431373.0000,0.160287,-0.549600
2012-04-11,122.4659750000,124.7659457500,126.3490425000,121.5758564500,3146072,655577444.0000,0.303037,0.355600
2012-04-12,124.7659457500,126.8986459000,126.9583854000,123.4695986000,2842297,597232641.0000,0.273777,1.709400
2012-04-13,126.9464375000,127.2630568500,127.8723997500,126.2893030000,2052730,436617432.0000,0.197724,0.287200
2012-04-16,126.9464375000,127.1435778500,128.6788830000,126.4028080500,2089329,447725423.0000,0.201249,-0.093900
2012-04-17,127.1495518000,125.5604811000,127.2511089500,125.4529500000,1787226,377050666.0000,0.172150,-1.245100
2012-04-18,125.6978819500,127.7588947000,128.3204460000,125.4529500000,2281545,485407318.0000,0.219764,1.750900
2012-04-19,127.7111031000,125.1423046000,128.0635661500,124.1446549500,2182370,459867207.0000,0.210211,-2.048100
2012-04-20,124.4373785000,126.9464375000,127.4542232500,124.4373785000,1704631,360265741.0000,0.164194,1.441700
2012-04-23,126.4804694000,126.5521568000,128.0038266500,125.3693147000,1328165,281175038.0000,0.127932,-0.310600
2012-04-24,126.7612450500,126.3609904000,127.2511089500,125.4171063000,2178206,459834811.0000,0.209810,-0.151100
2012-04-25,126.9165677500,127.1973434000,127.4004577000,125.4529500000,1552942,329552763.0000,0.149583,0.661900
2012-04-26,127.9918787500,129.4495225500,129.6347150000,127.5438325000,3501976,753334296.0000,0.337319,1.770600
2012-04-27,129.4495225500,134.1510212000,134.7006246000,129.4495225500,4272823,954712957.0000,0.411569,3.631900
2012-05-02,135.0112700000,134.9993221000,135.3517851500,132.6216900000,3533975,793434507.0000,0.340401,0.632300
2012-05-03,134.9993221000,135.4234725500,135.7878835000,133.5834959500,2565446,579082874.0000,0.247110,0.314200
2012-05-04,135.3099675000,139.7904300000,140.3161376000,135.3099675000,3187943,734789680.0000,0.307070,3.224700
2012-05-07,140.2683460000,140.0951014500,142.0366352000,139.3603056000,3424466,805751890.0000,0.329853,0.217900
2012-05-08,140.0592577500,139.8561434500,140.2982157500,137.0304651000,3666491,851128752.0000,0.353165,-0.170600
2012-05-09,138.0699324000,137.8966878500,138.9839467500,135.7281440000,3290959,756259728.0000,0.316993,-1.401100
2012-05-10,137.9982450000,136.0268415000,137.9982450000,135.5787952500,3057404,697959454.0000,0.294497,-1.356000
2012-05-11,136.2060600000,136.0208675500,136.5047575000,134.9515305000,2326071,528011697.0000,0.224053,-0.004400
2012-05-14,136.2060600000,132.7292211000,136.2060600000,131.7913109500,3879704,863502637.0000,0.373702,-2.420000
2012-05-15,132.0840345000,133.2847984500,133.6133657000,131.4866395000,1616874,359784509.0000,0.155741,0.418600
2012-05-16,133.1892152500,131.4388479000,133.4580430000,130.2321100000,2813954,619595453.0000,0.271047,-1.385000
2012-05-17,131.4985874000,131.3731344500,132.2632530000,130.5965209500,3417233,751957382.0000,0.329156,-0.050000
2012-05-18,130.6323646500,130.1843184000,131.4089781500,128.9775805000,2627778,571816871.0000,0.253114,-0.904900
2012-05-21,129.9812041000,133.3325900500,134.1271254000,129.9812041000,2884345,638767871.0000,0.277827,2.418300
2012-05-22,134.4198489500,136.9707256000,138.2969425000,134.4198489500,4145847,951034142.0000,0.399338,2.728600
2012-05-23,136.9528037500,137.6816256500,138.6553795000,136.2060600000,2472263,570787761.0000,0.238134,0.519000
2012-05-24,137.2813710000,131.5702748000,139.0556341500,130.1604226000,5374347,1201209541.0000,0.517670,-4.438800
2012-05-25,131.5702748000,130.5785991000,131.9466336500,129.0373200000,3056929,667952251.0000,0.294451,-0.753700
2012-05-28,130.2380839500,134.7065985500,134.9515305000,130.1186049500,2783372,618961099.0000,0.268101,3.161300
2012-05-29,134.7065985500,134.7065985500,134.7065985500,134.7065985500,0,0.0000,,0.000000
2012-05-30,135.9133364500,136.6003407000,137.3889021000,135.6086650000,2570070,587866122.0000,0.247555,1.405800
2012-05-31,136.3255390000,141.3914486000,142.0605310000,136.2060600000,3736705,877484818.0000,0.359928,3.507400
2012-06-01,142.1800100000,143.5958361500,145.1669850000,141.4093704500,3850434,923904347.0000,0.370883,1.559100
2012-06-04,142.1800100000,141.3018393500,145.1610110500,141.2659956500,2432761,581257511.0000,0.234329,-1.597500
2012-06-05,141.8693646000,143.8527160000,144.4501110000,141.7080679500,2456131,588242228.0000,0.236580,1.805300
2012-06-06,143.9721950000,141.3317091000,144.5695900000,141.2301519500,1872894,445576921.0000,0.180402,-1.752500
2012-06-07,142.4129940500,142.1680621000,143.7690807000,141.4631360000,1967730,470452059.0000,0.189536,0.591800
2012-06-08,142.7774050000,142.7654571000,143.4823311000,140.9852200000,1728624,411908852.0000,0.166505,0.420200
2012-06-11,142.7176655000,140.7163922500,143.5122008500,139.4319930000,3306123,780468481.0000,0.318454,-1.435300
2012-06-12,139.9158829500,139.7008207500,141.2779435500,138.6733013500,1637252,382922345.0000,0.157704,-0.721700
2012-06-13,140.0891275000,142.7714310500,142.8849361000,139.2527745000,2046347,485626133.0000,0.197109,2.198000
2012-06-14,142.1800100000,146.1168430500,146.8337170500,141.7140419000,2870473,698222394.0000,0.276491,2.343200
2012-06-15,146.3737229000,145.3939951000,147.2041019500,143.2373991500,1985984,483582930.0000,0.191295,-0.494700
2012-06-18,145.4119169500,147.2339717000,148.3391524500,145.4119169500,1953835,482525469.0000,0.188198,1.265500
2012-06-19,146.4274884500,145.5851615000,148.2555171500,144.5456942000,1729994,423906505.0000,0.166637,-1.119900
2012-06-20,145.6628228500,145.5015262000,145.9973640500,144.5695900000,1139346,277398320.0000,0.109745,-0.057400
2012-06-21,145.5015262000,143.2433731000,145.5254220000,142.6579260000,1703403,409685074.0000,0.164076,-1.552000
2012-06-25,142.2397495000,141.9410520000,144.5456942000,141.8813125000,1843405,440645799.0000,0.177561,-0.909200
2012-06-26,141.7020940000,142.0904007500,142.7057176000,138.9660249000,2612247,615182456.0000,0.251618,0.105200
2012-06-27,142.1800100000,144.5098505000,144.7547824500,142.1800100000,2325714,559606599.0000,0.224018,1.702800
2012-06-28,144.4979026000,141.0688553000,144.5695900000,140.9792460500,2221341,529704806.0000,0.213965,-2.381100
2012-06-29,140.6088611500,142.8670142500,143.9721950000,140.6088611500,2322419,555873153.0000,0.223701,1.274700
2012-07-02,143.3748000000,144.4799807500,146.3259313000,140.9971679000,2573126,622505563.0000,0.247850,1.129000
2012-07-03,144.1514135000,152.2998813000,152.3357250000,143.9781689500,5015863,1255671521.0000,0.483140,5.412400
2012-07-04,153.5305150000,154.5221907000,155.2629605000,150.5435400000,4503524,1155572210.0000,0.433790,1.459200
2012-07-05,152.6655964000,152.7020031400,154.1157982100,151.1850556400,2274937,572395284.0000,0.219127,-1.178000
2012-07-06,152.8779690500,157.7564722100,158.9639624200,151.8161058000,3915883,1005403254.0000,0.377187,3.310000
2012-07-09,157.6897265200,154.5648146700,159.5828770000,154.5041367700,2852711,736832305.0000,0.274780,-2.023200
2012-07-10,154.4252555000,151.9374616000,156.0574910100,151.6158687300,2698710,683253815.0000,0.259946,-1.699800
2012-07-11,152.2529866800,156.5550497900,156.7492190700,150.7117680200,3200994,808688574.0000,0.308327,3.039100
2012-07-12,156.6157276900,155.3718307400,160.8025027900,154.7286450000,3727302,968810613.0000,0.359023,-0.755800
2012-07-13,155.1351869300,159.4008433000,160.1896560000,154.9106787000,2954811,769107549.0000,0.284615,2.593100
2012-07-16,159.0367759000,159.1277927500,161.4517563200,158.9154201000,2953356,779744589.0000,0.284474,-0.171300
2012-07-17,157.7625400000,153.9762390400,158.3632512100,153.7031884900,3603098,925218299.0000,0.347059,-3.237400
2012-07-18,153.8791544000,148.6365838400,155.2747461000,145.5662821000,7404692,1815273721.0000,0.713238,-3.467800
2012-07-19,148.0480082100,149.3950575900,150.8149204500,147.4776359500,2658099,654750767.0000,0.256035,0.510300
2012-07-20,148.9581767100,147.4958393200,152.1437664600,147.3805513100,2605464,644548783.0000,0.250965,-1.271300
2012-07-23,145.5541465200,147.1924498200,147.7264153400,145.0201810000,1981140,477867229.0000,0.190828,-0.205700
2012-07-24,145.9970951900,151.3185470200,154.2310862200,145.9970951900,3437214,853488549.0000,0.331081,2.803200
2012-07-25,151.6947500000,155.0623734500,155.2140682000,151.3974282900,2617022,664005628.0000,0.252078,2.474100
2012-07-26,154.6679671000,151.9617327600,157.4591505000,151.5127163000,2341879,594576399.0000,0.225575,-1.999600
2012-07-27,152.2287155200,151.3610215500,152.9083080000,149.7530572000,1842165,458534524.0000,0.177442,-0.395300
2012-07-30,151.2396657500,151.5976653600,153.2723754000,150.2081414500,1749531,439211392.0000,0.168519,0.156300
2012-07-31,151.3913605000,149.5346167600,154.1218660000,149.2979729500,1946572,487548460.0000,0.187499,-1.360900
2012-08-01,149.3768542200,147.4776359500,150.8634627700,146.7737723100,2671517,654397913.0000,0.257327,-1.375600
2012-08-02,147.5140426900,146.9376026400,148.9581767100,146.3247558500,1705477,414452980.0000,0.164276,-0.366200
2012-08-03,147.1439075000,149.8501418400,149.8744130000,146.9436704300,1647273,403397229.0000,0.158669,1.982200
2012-08-06,149.6559725600,150.9848185700,151.4520384000,148.7822108000,1732099,428757448.0000,0.166840,0.757200
2012-08-07,150.9787507800,152.8476301000,153.3755278300,150.5540054800,1811918,454543099.0000,0.174528,1.233800
2012-08-08,153.1874263400,153.3937312000,154.1218660000,151.0879710000,1489341,375890830.0000,0.143457,0.357300
2012-08-09,152.7869522000,158.3207766800,158.7637253500,152.4228848000,3067240,789861698.0000,0.295444,3.212000
2012-08-10,152.3015290000,150.6086155900,154.5466113000,148.0662115800,9122580,2273430545.0000,0.878709,-4.871200
2012-08-13,150.7724459200,150.4811920000,151.5005807200,149.7530572000,2303706,572237191.0000,0.221899,-0.084600
2012-08-14,150.4811920000,150.1778025000,151.6886822100,148.6608550000,1878686,465808752.0000,0.180960,-0.201600
2012-08-15,149.8622774200,148.1329572700,150.1171246000,147.7506865000,2272348,556345599.0000,0.218878,-1.361600
2012-08-16,148.2118385400,145.1900791200,148.9642445000,145.0626555300,3148258,758259700.0000,0.303248,-1.986600
2012-08-17,144.6682491800,139.3285939800,144.6682491800,138.6490015000,5907195,1365745648.0000,0.568995,-4.037100
2012-08-20,139.3225261900,141.1671343500,141.1853377200,137.1199184200,2405208,554470085.0000,0.231675,1.319600
2012-08-21,141.1792699300,143.0724204100,145.5662821000,141.1792699300,2632324,624105412.0000,0.253552,1.349700
2012-08-22,143.7580806800,140.8819482200,143.7580806800,139.5591700000,2042310,473902047.0000,0.196720,-1.531000
2012-08-23,140.7120501000,138.5094423300,140.7120501000,137.1745285300,2795600,639443950.0000,0.269279,-1.684000
2012-08-24,137.8662565900,140.6999145200,141.3248968900,137.7691719500,2167620,500922594.0000,0.208790,1.581500
2012-08-27,139.8625595000,138.6490015000,139.9414407700,137.8298498500,2089940,478778009.0000,0.201308,-1.457700
2012-08-28,138.9523910000,136.8468678700,139.9111018200,136.5313427900,2029476,461461656.0000,0.195484,-1.299800
2012-08-29,136.5252750000,132.9816856400,136.5252750000,132.7450418300,3042567,674492583.0000,0.293067,-2.824500
2012-08-30,131.6649752100,132.2050085200,132.9998890100,129.5473165000,4834871,1046698765.0000,0.465706,-0.584048
2012-08-31,132.2778220000,133.3457530400,134.7049380000,131.7923988000,2248472,496296849.0000,0.216578,0.862900
2012-09-03,133.3457530400,133.3457530400,133.3457530400,133.3457530400,0,0.0000,,0.000000
2012-09-04,143.8066230000,141.6404219700,144.4134020000,140.1659490000,11150873,2606767797.0000,1.074079,6.220400
2012-09-05,141.0761175000,142.0226927400,142.5748616300,140.7727280000,2749049,643292488.0000,0.264795,0.269900
2012-09-06,142.1379807500,140.6210332500,142.2896755000,139.0130689000,2079419,481683557.0000,0.200295,-0.986900
2012-09-07,141.5008628000,146.5978064000,147.4472970000,141.5008628000,4281280,1023079148.0000,0.412383,4.250300
2012-09-10,146.6645520900,146.6463487200,149.2676340000,145.1900791200,2816965,683513906.0000,0.271337,0.033100
2012-09-11,145.8089937000,145.4631296700,145.8089937000,144.4012664200,1613572,385605480.0000,0.155423,-0.806900
2012-09-12,146.5371285000,145.7847225400,149.5710235000,144.9595031000,2902325,703237246.0000,0.279559,0.221100
2012-09-13,145.9000105500,145.6148244200,146.5613996600,144.5954357000,1429423,342849642.0000,0.137685,-0.116500
2012-09-14,146.2337390000,148.5152280400,148.7518718500,145.0869266900,2458683,597041985.0000,0.236826,1.991800
2012-09-17,148.6608550000,146.4157727000,149.6802437200,146.3550948000,2001452,488152584.0000,0.192785,-1.413600
2012-09-18,146.1063154100,145.8271970700,147.5079749000,145.3235705000,1827708,441080167.0000,0.176049,-0.402000
2012-09-19,145.3478416600,140.5057452400,146.2337390000,139.6501868500,4099132,958082585.0000,0.394838,-3.649100
2012-09-20,140.1052711000,138.9766621600,141.2520834100,138.8856453100,2151753,496309722.0000,0.207262,-1.088300
2012-09-21,138.5337134900,139.9171696100,141.3795070000,138.4184254800,1567968,361373291.0000,0.151030,0.676700
2012-09-24,138.9523910000,140.9911684400,141.3673714200,138.3941543200,1763483,408195802.0000,0.169863,0.767600
2012-09-25,141.0579141300,144.7228592900,144.7653338200,140.4693385000,2623050,619272096.0000,0.252658,2.646800
2012-09-26,144.4134020000,143.1209627300,145.9667562400,141.8042523000,2036267,482230825.0000,0.196138,-1.106900
2012-09-27,142.5930650000,146.0456375100,146.5856708200,142.3078788700,2714042,650222918.0000,0.261423,2.043500
2012-09-28,145.0323165800,149.1462782000,149.2372950500,145.0201810000,3128344,760146554.0000,0.301330,2.123100
2012-10-08,148.8428887000,145.5905532600,148.8428887000,144.0978769200,2360828,566527560.0000,0.227401,-2.384100
2012-10-09,146.2216034200,148.1450928500,148.6911939500,145.6512311600,2341089,569554621.0000,0.225499,1.754600
2012-10-10,147.4472970000,147.9448557800,148.5577025700,146.0820442500,1345670,327126305.0000,0.129618,-0.135200
2012-10-11,147.0528906500,146.7980434700,147.9023812500,146.3126202700,1062599,257483485.0000,0.102352,-0.775200
2012-10-12,147.2167209800,147.7567542900,148.5334314100,146.6766876700,1174212,285916686.0000,0.113103,0.653100
2012-10-15,148.5212958300,149.0916680900,150.0200399600,148.5212958300,1888333,464547296.0000,0.181889,0.903500
2012-10-16,148.7276006900,151.5794619900,152.3500713200,148.7276006900,2773791,690466784.0000,0.267178,1.668600
2012-10-17,151.5794619900,150.9544796200,151.9981395000,150.4205141000,1598080,397637468.0000,0.153931,-0.412300
2012-10-18,151.2396657500,152.4350203800,154.4252555000,151.0879710000,2227806,561905413.0000,0.214588,0.980800
2012-10-19,152.4532237500,153.5150870000,154.7043738400,152.4532237500,1862954,472389448.0000,0.179444,0.708542
2012-10-22,153.3209177200,152.0224106600,153.8366798700,150.3598362000,1911744,478244292.0000,0.184144,-0.972300
2012-10-23,152.1801732000,148.4788213000,152.1801732000,148.4181434000,1870276,461008027.0000,0.180149,-2.331000
2012-10-24,148.4181434000,149.4375321200,149.9472264800,148.1147539000,1097208,269652766.0000,0.105686,0.645700
2012-10-25,149.8744130000,149.3101085300,150.4811920000,148.2361097000,915980,225725463.0000,0.088229,-0.085300
2012-10-26,150.9180728800,146.2883491100,151.0758354200,145.6694345300,2455909,596652705.0000,0.236559,-2.023800
2012-10-29,146.5917386100,146.7312977800,147.8113644000,145.0505199500,1449080,349849288.0000,0.139579,0.302800
2012-10-30,146.7191622000,148.4060078200,148.9581767100,146.3611625900,1561011,380664727.0000,0.150360,1.141300
2012-10-31,148.3696010800,150.0807178600,150.4447852600,147.8417033500,1584535,390460776.0000,0.152626,1.128500
2012-11-01,150.6086155900,151.3306826000,152.2105121500,149.4800066500,1819126,453437145.0000,0.175223,0.832900
2012-11-02,151.2093268000,150.6996324400,151.9981395000,149.4375321200,1697481,420531725.0000,0.163505,-0.417000
2012-11-05,149.8683452100,147.3987546800,149.8683452100,146.3550948000,2266559,552311463.0000,0.218320,-2.190400
2012-11-06,147.0892973900,143.1573694700,147.0892973900,142.8964545000,4171323,991450620.0000,0.401792,-2.877500
2012-11-07,142.5930650000,144.0918091300,144.4316053700,142.5930650000,1621759,383915183.0000,0.156212,0.652700
2012-11-08,143.1937762100,142.0469639000,143.7762840500,141.8952691500,1626181,382711598.0000,0.156638,-1.419100
2012-11-09,142.0408961100,142.4777769900,143.0784882000,141.7799811400,1167006,273825060.0000,0.112409,0.303300
2012-11-12,142.5930650000,140.4450673400,143.0663526200,138.8856453100,2046433,472928286.0000,0.197117,-1.426700
2012-11-13,140.1659490000,138.3820187400,140.1659490000,136.9500203000,2044777,465306375.0000,0.196958,-1.468900
2012-11-14,138.5761880200,139.9535763500,140.1659490000,137.4354435000,1223848,280680242.0000,0.117884,1.135700
2012-11-15,138.9523910000,137.8905277500,138.9523910000,137.3322910700,1140061,259657230.0000,0.109813,-1.474100
2012-11-16,137.6174772000,136.1612076000,137.7084940500,135.0083275000,1967713,441363632.0000,0.189535,-1.254100
2012-11-19,136.1612076000,129.8810449500,136.1612076000,126.7561331000,7048401,1508795035.0000,0.678919,-4.612300
2012-11-20,129.1529101500,131.0399928400,132.4841268600,128.9405375000,3807816,820492572.0000,0.366778,0.892300
2012-11-21,130.9732471500,132.6722283500,133.3700242000,128.5097244100,3333464,719458140.0000,0.321087,1.245600
2012-11-22,125.9066425000,131.8470089100,131.9501613400,125.4818972000,5152080,1093946850.0000,0.496261,-0.622000
2012-11-23,130.4696205800,134.8444971700,135.3117170000,130.4635527900,2984464,655947672.0000,0.287471,2.273500
2012-11-26,134.3469383900,131.7013819500,134.5835822000,130.7608745000,2195475,478884312.0000,0.211473,-2.330900
2012-11-27,131.7013819500,133.3457530400,134.1527691100,131.1734842200,2045885,447807811.0000,0.197065,1.248600
2012-11-28,133.0362957500,132.5144658100,133.0362957500,131.6710430000,1501708,328018453.0000,0.144648,-0.623400
2012-11-29,132.5205336000,133.0544991200,133.5641934800,132.3627710600,1567574,343521807.0000,0.150993,0.407500
2012-11-30,133.0059568000,131.0703317900,133.0059568000,129.3713505900,2137137,459310347.0000,0.205854,-1.491200
2012-12-03,129.2439270000,121.4710880100,129.2439270000,120.7793599500,7937236,1620343239.0000,0.764534,-7.323700
2012-12-04,118.3279727900,119.5051240500,121.3436644200,115.7734332000,7870541,1534594318.0000,0.758109,-1.618500
2012-12-05,117.8971597000,119.3170225600,121.6713250800,114.4567227700,11170381,2172380167.0000,1.075958,-0.157400
2012-12-06,119.0500398000,117.8425495900,119.5354630000,111.6473360000,11756199,2244829139.0000,1.132385,-1.235800
2012-12-07,119.5293952100,120.6215974100,122.9880355100,119.2806158200,9950141,1983064728.0000,0.958422,2.358300
2012-12-10,120.6215974100,120.6215974100,120.6215974100,120.6215974100,0,0.0000,,0.000000
2012-12-11,120.4456315000,122.7574594900,126.2100320000,120.4456315000,9223260,1869715843.0000,0.888407,1.770700
2012-12-12,124.3896950000,128.5521989400,128.6310802100,122.8727475000,6432531,1327462831.0000,0.619597,4.720500
2012-12-13,127.3568443100,124.8144403000,130.4453494200,124.4503729000,6199646,1297953947.0000,0.597165,-2.907600
2012-12-14,123.1761370000,126.1614896800,127.1202005000,120.4456315000,7892633,1609442087.0000,0.760237,1.079200
2012-12-17,124.9964740000,128.0849791100,129.6444011400,122.5693580000,7136126,1488539580.0000,0.687369,1.524600
2012-12-18,128.1577925900,130.1722988700,131.5375516200,128.1335214300,4694545,1005177386.0000,0.452190,1.629600
2012-12-19,129.3228082700,133.1576515500,134.0981590000,129.2499947900,4756978,1039482925.0000,0.458204,2.293400
2012-12-20,132.5812115000,132.5205336000,133.7340916000,130.8154846100,3443414,750851790.0000,0.331678,-0.478500
2012-12-21,132.0897205100,131.4283314000,132.8846010000,130.9611115700,2509281,544719331.0000,0.241700,-0.824200
2012-12-24,128.6432157900,124.1348478200,128.6432157900,121.3558000000,10005074,2054317655.0000,0.963713,-5.549400
2012-12-25,123.1154591000,124.2197968800,125.5243717300,122.0960703800,5953352,1218659231.0000,0.573441,0.068400
2012-12-26,123.6494246200,124.5413897500,125.4818972000,123.0001710900,4486624,918674030.0000,0.432162,0.258900
2012-12-27,124.5717287000,125.9551848200,127.1202005000,123.6251534600,6092624,1259077997.0000,0.586856,1.135200
2012-12-28,125.9673204000,128.8191817000,130.8094168200,125.9673204000,5658924,1202787580.0000,0.545081,2.273800
2012-12-31,129.4320284900,126.8289465800,130.3361292000,125.2088466500,5191483,1085776117.0000,0.500056,-1.545000
2013-01-04,128.6371480000,125.5668462600,128.6371480000,124.3896950000,5837034,1205796538.0000,0.562237,-0.995100
2013-01-07,124.9236605200,123.9588819100,124.9236605200,122.8727475000,4127139,840359829.0000,0.397536,-1.280600
2013-01-08,123.2853572200,127.9332843600,127.9393521500,123.2853572200,6528698,1362186171.0000,0.628860,3.206200
2013-01-09,128.3337585000,131.3373145500,132.0654493500,128.3337585000,5374932,1159330305.0000,0.517726,2.660800
2013-01-10,130.8094168200,130.1540955000,131.6710430000,129.2439270000,3052786,656830931.0000,0.294052,-0.900900
2013-01-11,129.6808078800,128.1881315400,130.5485018500,127.3507765200,3700999,784542945.0000,0.356489,-1.510500
2013-01-14,126.5134215000,127.0716581800,127.6056237000,123.0608489900,6818358,1410483972.0000,0.656761,-0.871000
2013-01-15,126.6893874100,127.9393521500,128.6978259000,125.4940327800,5263508,1103130868.0000,0.506994,0.682800
2013-01-16,124.3896950000,124.9964740000,125.4818972000,123.5887467200,6950165,1427067086.0000,0.669457,-2.300200
2013-01-17,124.3836272100,124.4685762700,126.0158627200,124.0984410800,3620185,744614971.0000,0.348705,-0.422300
2013-01-18,125.0874908500,123.6372890400,125.2877279200,121.4225456900,5531807,1122848386.0000,0.532837,-0.667900
2013-01-21,123.0547812000,119.7235644900,123.0547812000,119.1107177000,7477928,1482664898.0000,0.720292,-3.165500
2013-01-22,118.8133959900,120.6458685700,121.1919696700,114.6812310000,7381541,1425054465.0000,0.711008,0.770400
2013-01-23,118.9286840000,120.7368854200,121.0584782900,117.5937702000,5101393,1006483564.0000,0.491378,0.075400
2013-01-24,120.0815641000,118.9044128400,121.4164779000,118.2005492000,5947438,1171137855.0000,0.572872,-1.517700
2013-01-25,114.6812310000,114.7115699500,116.3802122000,112.9215719000,8000786,1508197810.0000,0.770655,-3.526200
2013-01-28,112.8608940000,108.3100515000,113.9530962000,108.0066620000,15829058,2857092951.0000,1.524693,-5.580500
2013-01-29,106.7931040000,108.1037466400,109.2141522100,104.3659880000,11544787,2034723439.0000,1.112022,-0.190500
2013-01-30,107.4302219500,109.2930334800,110.7310997100,107.2057137200,7137678,1285436676.0000,0.687518,1.100100
2013-01-31,109.9483548000,108.5527631000,110.3124222000,107.8671028300,3781623,678384682.0000,0.364255,-0.677300
2013-02-01,108.5406275200,108.6013054200,110.2942188300,108.0248653700,4526564,813241680.0000,0.436010,0.044700
2013-02-04,109.2202200000,106.2652062700,109.7966600500,105.5795460000,6496402,1142310991.0000,0.625749,-2.151100
2013-02-05,106.1559860500,111.9082509700,111.9507255000,105.4581902000,8782540,1575281159.0000,0.845955,5.310300
2013-02-06,112.2419794200,111.6048614700,112.2965895300,110.4337780000,4619517,849026089.0000,0.444963,-0.271100
2013-02-07,111.0405570000,112.3572674300,113.1946224500,110.0211682800,4856791,895061569.0000,0.467818,0.674200
2013-02-08,112.3451318500,113.9895029400,114.3171636000,111.8293697000,4157253,778273770.0000,0.400437,1.452700
2013-02-18,114.2564857000,109.0321185100,114.2564857000,108.6134410000,5656978,1024714902.0000,0.544894,-4.349000
2013-02-19,108.6013054200,107.9581196800,109.5782196100,107.2785272000,3773753,673362435.0000,0.363497,-0.985000
2013-02-20,107.3998830000,107.9459841000,109.2080844200,106.1984605800,3658226,650765308.0000,0.352369,-0.011200
2013-02-21,106.3258841700,109.2323555800,112.3754708000,106.2166639500,5383287,974530658.0000,0.518531,1.191700
2013-02-22,109.8269990000,112.6121146100,113.2249614000,109.8269990000,6286418,1163340820.0000,0.605523,3.094100
2013-02-25,111.6473360000,109.8816091100,112.4664876500,109.3779825400,3454909,629472576.0000,0.332785,-2.424700
2013-02-26,109.6449653000,107.6243912300,111.6473360000,107.6001200700,4375479,783158037.0000,0.421457,-2.054200
2013-02-27,107.1632391900,107.2603238300,108.4314073000,106.5261212400,3415815,602608232.0000,0.329020,-0.338300
2013-02-28,107.8853062000,106.1863250000,107.8853062000,104.3659880000,5678643,990766787.0000,0.546981,-1.001300
2013-03-01,105.7615797000,105.4703257800,106.7688328400,104.9666992100,3800345,661720749.0000,0.366058,-0.674300
2013-03-04,105.4096478800,106.0164268800,107.1693069800,105.4096478800,5207295,912360626.0000,0.501579,0.517800
2013-03-05,106.4411721800,106.1863250000,107.0722223400,105.4945969400,3697471,648668784.0000,0.356149,0.160300
2013-03-06,106.7931040000,107.5333743800,107.5819167000,105.3671733500,4922726,861725426.0000,0.474169,1.268600
2013-03-07,108.8440170200,111.5623869400,114.4385194000,108.8076102800,8519062,1573676093.0000,0.820577,3.746800
2013-03-08,112.8669617900,111.7262172700,113.7710625000,111.4470989300,3595978,667118431.0000,0.346373,0.146900
2013-03-11,111.5259802000,112.3754708000,112.5575045000,110.3184899900,3496528,642927319.0000,0.336794,0.581100
2013-03-12,112.8608940000,110.5429982200,112.9215719000,109.2202200000,2539365,465220571.0000,0.244598,-1.630700
2013-03-13,110.6764896000,111.5441835700,112.8730295800,110.6764896000,3076990,567812074.0000,0.296383,0.905700
2013-03-14,110.7371675000,108.5770342600,112.1145558300,108.4071361400,3512400,635985859.0000,0.338323,-2.660100
2013-03-15,107.7154080800,107.3816796300,109.6449653000,106.2470029000,3596112,639236967.0000,0.346386,-1.100900
2013-03-18,107.3392051000,102.8187015500,107.3392051000,102.0541600100,7823153,1336285568.0000,0.753545,-4.249300
2013-03-19,102.0602278000,100.2277552200,103.0432097800,99.8212132900,6341403,1052322560.0000,0.610819,-2.519900
2013-03-20,100.2762975400,103.0978198900,103.5104296100,99.5724339000,7189498,1202347904.0000,0.692510,2.863500
2013-03-21,102.8490405000,101.1986016200,102.8490405000,100.6039582000,6539272,1091400960.0000,0.629878,-1.842200
2013-03-22,101.0165679200,102.5759899500,103.0917521000,100.5493480900,4557863,767262016.0000,0.439024,1.361100
2013-03-25,102.5456510000,102.5638543700,103.6196498300,101.9995499000,3196646,541959936.0000,0.307909,-0.011800
2013-03-26,102.6063289000,103.0796165200,103.8866325900,102.1876513900,3248009,551865792.0000,0.312856,0.502900
2013-03-27,103.1584977900,101.2046694100,103.3951416000,100.3612466000,4766221,795809856.0000,0.459094,-1.818900
2013-03-28,100.7738563200,101.2228727800,102.0480922200,98.4862994900,4149090,685703936.0000,0.399650,0.018000
2013-03-29,101.4837877500,102.4607019400,102.8915150300,100.7374495800,4771709,802924416.0000,0.459623,1.222900
2013-04-01,101.9934821100,100.0881960500,102.2179903400,99.8636878200,2912880,483197216.0000,0.280576,-2.315500
2013-04-02,100.1792129000,99.3357900900,100.7071106300,99.0688073300,3252490,534554080.0000,0.313288,-0.751700
2013-04-03,99.3175867200,99.4207391500,100.1185350000,99.0141972200,2199050,360543776.0000,0.211818,0.085500
2013-04-08,98.3831470600,99.7059252800,100.1185350000,97.3576905500,3773276,613230336.0000,0.363451,0.286800
2013-04-09,99.4450103100,99.2690444000,100.0578571000,98.7229433000,2419465,396645824.0000,0.233049,-0.438200
2013-04-10,99.5117560000,103.1281588400,103.8259546900,98.7229433000,7085838,1194391168.0000,0.682525,3.887500
2013-04-11,103.1524300000,102.4971086800,103.7592090000,102.1209057000,2972952,504695104.0000,0.286362,-0.611900
2013-04-12,102.4971086800,104.5055471700,105.8222576000,102.2422615000,5980006,1032119616.0000,0.576009,1.959506
2013-04-15,104.5298183300,104.8150044600,105.3732411400,103.1645655800,2833673,487286272.0000,0.272946,0.296100
2013-04-16,103.1524300000,105.0698516400,106.3076808000,102.9097184000,3913792,676673408.0000,0.376986,0.243139
2013-04-17,105.3368344000,108.3039837100,108.4738818300,105.3064954500,4297408,760898368.0000,0.413937,3.078100
2013-04-18,107.5212388000,108.7044578500,109.2202200000,106.7991717900,4195684,749007232.0000,0.404138,0.369800
2013-04-19,108.8561526000,108.7530001700,109.1474065200,107.3331373100,3923838,701185024.0000,0.377954,0.044656
2013-04-22,108.5527631000,105.4035800900,108.5527631000,105.2761565000,4274596,747616512.0000,0.411739,-3.079800
2013-04-23,105.2761565000,104.2506999900,106.1741894200,104.1839543000,3095262,535923136.0000,0.298143,-1.093800
2013-04-24,104.4994793800,106.1074437300,106.1863250000,103.3344637000,3040261,525381344.0000,0.292845,1.781000
2013-04-25,105.5916815800,107.2178493000,107.7396792400,105.1062583800,2535969,446045056.0000,0.244271,1.046500
2013-04-26,107.6486623900,105.5734782100,108.0066620000,104.9788347900,1630764,285787936.0000,0.157079,-1.533668
2013-05-02,104.9727670000,103.8259546900,105.0031059500,102.5638543700,2858679,489586432.0000,0.275355,-1.655300
2013-05-03,104.2446322000,104.6390385500,105.5916815800,103.5164974000,2146052,369986944.0000,0.206713,0.783120
2013-05-06,104.9727670000,107.8853062000,107.9945264200,104.3538524200,3019639,529181408.0000,0.290859,3.102400
2013-05-07,108.6255765800,113.8863505100,114.2807568600,108.6255765800,7102055,1305178752.0000,0.684087,5.562400
2013-05-08,113.9530962000,114.6144853100,115.2880100000,112.9397752700,4241606,799534976.0000,0.408562,0.639400
2013-05-09,114.8389935400,119.6446832200,119.6568188000,114.8389935400,7013468,1370326144.0000,0.675554,4.388800
2013-05-10,119.5415307900,119.6022086900,121.9140366800,118.9347517900,4877659,970169984.0000,0.469828,-0.035500
2013-05-13,119.6022086900,119.9480727200,122.3266464000,117.5755668300,3257904,645155904.0000,0.313809,0.289200
2013-05-14,118.9893619000,116.0100770100,119.5961409000,115.2940777900,3643160,701153984.0000,0.350918,-3.283100
2013-05-15,115.8219755200,118.1156001400,119.3291581400,115.7248908800,2326440,452499712.0000,0.224088,1.814900
2013-05-16,117.7211937900,118.2308881500,121.6652572900,116.5015680000,4546227,893376384.0000,0.437904,0.097600
2013-05-17,117.7636683200,118.8740738900,119.2017345500,117.1083470000,3355672,654713536.0000,0.323226,0.544000
2013-05-20,119.4141072000,118.3219050000,120.4334959200,117.9881765500,3094406,605798016.0000,0.298061,-0.464500
2013-05-21,118.2490915200,118.3340405800,118.7830570400,117.4178042900,2310234,449227072.0000,0.222527,0.010259
2013-05-22,118.7163113500,121.0342071300,121.7198674000,118.3825829000,4614964,917905216.0000,0.444524,2.281800
2013-05-23,121.1130884000,122.8363407600,125.2937957100,121.1130884000,6224745,1272531712.0000,0.599582,1.488900
2013-05-24,123.7829160000,121.9201044700,125.7064054300,121.3558000000,4507312,915894080.0000,0.434155,-0.745900
2013-05-27,122.5511546300,122.3448497700,122.6300359000,120.1422420000,2677812,536544384.0000,0.257933,0.348400
2013-05-28,122.4965445200,122.6543070600,123.3642384900,121.0827494500,2367636,477386720.0000,0.228056,0.252900
2013-05-29,123.1761370000,122.2599007100,125.5243717300,122.1749516500,3234002,659505408.0000,0.311507,-0.321600
2013-05-30,121.8412232000,121.5074947500,123.0669167800,120.7550887900,2501942,500916416.0000,0.240993,-0.615400
2013-05-31,121.9443756300,119.5961409000,122.2052906000,119.5354630000,2459056,490984256.0000,0.236862,-1.573031
2013-06-03,120.2029199000,122.6179003200,122.9030864500,119.6446832200,4025675,807356544.0000,0.387763,2.526600
2013-06-04,122.7513917000,122.3873243000,124.5717287000,122.3569853500,4235692,862313600.0000,0.407992,-0.188000
2013-06-05,122.5632902100,122.0657314300,122.8727475000,121.1009528200,2372442,476555328.0000,0.228519,-0.262800
2013-06-06,122.0900025900,122.3630531400,124.2683392000,122.0900025900,3387735,688473472.0000,0.326315,0.243600
2013-06-07,122.2814854100,123.0022260600,125.3462000000,121.2787158100,2547838,502252992.0000,0.245414,0.522400
2013-06-13,122.2877527200,122.0307930100,124.3935688800,120.3386193100,4499864,876852224.0000,0.433438,-0.789800
2013-06-14,121.8051698500,121.5983486200,122.2125450000,118.8156629800,3251867,625711424.0000,0.313228,-0.354400
2013-06-17,121.7550313700,118.7529898800,122.2000103800,118.5837725100,2968927,568914688.0000,0.285974,-2.340000
2013-06-18,118.5524359600,120.1129961500,120.2070058000,116.8978661200,2737772,516512032.0000,0.263709,1.145200
2013-06-19,119.6304132800,122.1060007300,122.5259105000,117.9507742000,2890918,556142208.0000,0.278460,1.659300
2013-06-20,121.8741102600,120.1694019400,122.5133758800,119.4611959100,2558681,493350656.0000,0.246458,-1.586000
2013-06-21,119.1039592400,119.8121652700,122.7640682800,117.5120625000,3965419,762942592.0000,0.381959,-0.297300
2013-06-24,120.0879269100,116.3338082200,120.3323520000,116.0580465800,4080720,765344896.0000,0.393065,-2.903200
2013-06-25,116.2962043600,118.9786130400,119.2669093000,110.3234579300,5135249,952843648.0000,0.494640,2.273500
2013-06-26,118.1325261900,118.2766743200,118.9660784200,115.8073541800,3290348,613847360.0000,0.316934,-0.590000
2013-06-27,118.2766743200,118.8156629800,120.5517078500,117.8818337900,3413576,651525248.0000,0.328804,0.455700
2013-06-28,118.3581493500,120.5642424700,121.2473792600,118.3581493500,2807002,540002752.0000,0.270377,1.471700
2013-07-01,120.3511539300,121.7675659900,122.1937430700,119.7181556200,2582852,498364224.0000,0.248787,0.998100
2013-07-02,121.7550313700,124.0614014500,124.7132016900,120.7209252200,3345317,656544896.0000,0.322229,1.883800
2013-07-03,124.6567959000,124.0739360700,125.2208538000,122.9207510300,3542464,702154048.0000,0.341219,0.010100
2013-07-04,123.5098781700,123.2278492200,125.2584576600,123.2027799800,2421452,480333696.0000,0.233240,-0.681900
2013-07-05,123.4033339000,123.5412147200,124.9513594700,123.4033339000,1777954,351961216.0000,0.171257,0.254300
2013-07-08,123.3907992800,122.3128219600,124.0237975900,120.9590830000,2411390,471887296.0000,0.232271,-0.994300
2013-07-09,123.0272953000,120.3636885500,123.0272953000,119.5238690100,2023361,390495520.0000,0.194895,-1.593600
2013-07-10,119.8372345100,121.4855370400,121.6484871000,118.3832185900,3324496,635969664.0000,0.320223,0.932000
2013-07-11,121.9305160500,122.8204740700,123.1526415000,120.3511539300,4605661,897968896.0000,0.443628,1.098800
2013-07-12,122.2814854100,118.3330801100,123.3218588700,118.2641397000,4299164,823552000.0000,0.414106,-3.653600
2013-07-15,118.6903167800,117.7940914500,119.1415631000,115.9013638300,3660735,683259584.0000,0.352611,-0.455500
2013-07-16,117.9257049600,119.6742844500,119.8811056800,116.2586005000,3701140,698456704.0000,0.356503,1.596200
2013-07-17,119.3922555000,117.1485585200,119.5740074900,117.0796181100,2738846,517180736.0000,0.263812,-2.110500
2013-07-18,117.1986970000,115.9891061700,117.4807259500,115.1304847000,2569977,475329664.0000,0.247546,-0.989700
2013-07-19,115.9515023100,110.3109233100,115.9515023100,109.3833614300,7331922,1309145856.0000,0.706228,-4.895400
2013-07-22,110.0915674600,109.6027172800,110.9877927900,108.4557995500,2706232,472471744.0000,0.260671,-0.642000
2013-07-23,110.2607848300,112.5546202900,112.9933319900,109.6653903800,2875611,513622528.0000,0.276986,2.693300
2013-07-24,112.4355414000,109.4397672200,112.4355414000,108.4871361000,4406723,772480640.0000,0.424466,-2.767400
2013-07-25,109.9286174000,112.0218989400,112.6862338000,109.2392133000,3954054,701690240.0000,0.380864,2.359400
2013-07-26,110.9313870000,109.6591230700,111.4327718000,109.6152519000,1904567,334279488.0000,0.183452,-2.109200
2013-07-29,109.2266786800,107.3715549200,109.2266786800,107.1710010000,2688331,462873568.0000,0.258947,-2.086100
2013-07-30,106.7322893000,105.5603023300,107.3464856800,103.7803862900,4211397,708812288.0000,0.405652,-1.686900
2013-07-31,106.3437160800,105.6041735000,107.2963472000,105.1027887000,1459004,246901552.0000,0.140535,0.041600
2013-08-01,106.5317353800,107.7287915900,108.1110975000,105.9551428600,2485259,426199168.0000,0.239386,2.011900
2013-08-02,108.2928494900,110.3234579300,111.6583949600,108.2301763900,2924078,514840320.0000,0.281654,2.408500
2013-08-05,110.3234579300,109.9912905000,110.7872388700,108.9885209000,1806507,316638080.0000,0.174007,-0.301100
2013-08-06,109.0073228300,109.8220731300,109.9912905000,108.2364437000,2656226,462053664.0000,0.255854,-0.153800
2013-08-07,109.5525788000,110.5428137800,111.9717604600,108.8819766300,2837775,501679168.0000,0.273341,0.656300
2013-08-08,110.5678830200,109.7782019600,111.1570101600,109.3018864000,1607673,282184704.0000,0.154855,-0.691700
2013-08-09,109.9599539500,108.3179187300,110.3610617900,107.1333971400,2288924,396239808.0000,0.220475,-1.330200
2013-08-12,108.2991168000,111.7524046100,111.8276123300,108.1173648100,3939034,692000832.0000,0.379417,3.170700
2013-08-13,111.5643853100,112.7802434500,113.1249455000,110.6180215000,2543583,453549760.0000,0.245004,0.919700
2013-08-14,112.7426395900,111.9905623900,114.2781305400,111.8088104000,2172190,392821888.0000,0.209231,-0.700200
2013-08-15,112.0971066600,111.2196832600,113.5636572000,111.1758120900,1536566,274789280.0000,0.148006,-0.688300
2013-08-16,111.2635544300,109.3018864000,113.4383110000,109.0825305500,3497393,617783360.0000,0.336877,-1.724300
2013-08-19,109.9286174000,109.7844692700,110.2482502100,108.4244630000,1935761,337652096.0000,0.186457,0.441500
2013-08-20,109.1452036500,108.8067689100,109.6779250000,108.2364437000,3125074,541646656.0000,0.301015,-0.890600
2013-08-21,109.6841923100,109.4836383900,109.7719346500,108.0484244000,2310320,401820448.0000,0.222536,0.622100
2013-08-22,109.4272326000,109.7280634800,110.7308330800,109.0637286200,1550152,272139840.0000,0.149314,0.223300
2013-08-23,110.2858540700,108.4181956900,110.2921213800,107.4843665000,1952964,338959488.0000,0.188114,-1.193700
2013-08-26,108.4934034100,109.0135901400,109.6779250000,107.7977320000,1688531,293255616.0000,0.162643,0.549200
2013-08-27,108.9070458700,108.5184726500,108.9070458700,107.7977320000,2443655,422029088.0000,0.235379,-0.454200
2013-08-28,107.9042762700,106.4815969000,107.9042762700,106.2747756700,3060304,521639360.0000,0.294776,-1.877000
2013-08-29,106.5442700000,105.5916388800,106.7573585400,105.3597484100,2180402,368545664.0000,0.210022,-0.835800
2013-08-30,105.5916388800,105.7796581800,105.9175390000,105.0087790500,2586142,435606368.0000,0.249103,0.178100
2013-09-02,100.7783448000,95.2129735200,100.7783448000,95.2004389000,22497074,3438418432.0000,2.166972,-9.989300
2013-09-03,94.6363810000,95.0500234600,95.7644968000,93.3829190000,12321105,1855978624.0000,1.186799,-0.171100
2013-09-04,95.2631120000,95.3257851000,96.2345450500,95.0124196000,7678998,1171694848.0000,0.739660,0.290100
2013-09-05,95.1753696600,94.1788673700,95.7644968000,93.5709383000,7128326,1070129408.0000,0.686618,-1.203200
2013-09-06,94.0723231000,94.1851346800,94.5737079000,93.8655018700,3778366,567391488.0000,0.363941,0.006700
2013-09-09,94.6363810000,94.6050444500,94.9622811200,93.9344422800,6927092,1042258752.0000,0.667234,0.445800
2013-09-10,94.5110348000,95.0249542200,95.1879042800,94.0597884800,5409309,816720640.0000,0.521038,0.443900
2013-09-11,95.1064292500,95.6203486700,95.7519621800,94.0096500000,6901293,1045733440.0000,0.664749,0.626600
2013-09-12,95.6579525300,95.0938946300,96.0151892000,94.7679945100,4772311,725740672.0000,0.459680,-0.550600
2013-09-13,95.0688253900,95.2756466200,96.8174048800,95.0437561500,6825487,1044001952.0000,0.657447,0.191100
2013-09-16,95.6516852200,93.7902941500,95.6516852200,93.7526902900,5887712,889024064.0000,0.567119,-1.559000
2013-09-17,93.3829190000,88.5570903000,93.5082652000,88.0619728100,10905797,1571781600.0000,1.050473,-5.579700
2013-09-18,88.3690710000,88.9331289000,89.2339597800,87.4289745000,6731766,949223072.0000,0.648420,0.424600
2013-09-23,88.9895346900,88.2499921100,88.9958020000,87.7736765500,6540962,921212144.0000,0.630041,-0.768100
2013-09-24,88.3690710000,85.7368008000,89.1587520600,85.6741277000,9881915,1371542704.0000,0.951850,-2.847800
2013-09-25,85.5801180500,84.7089619600,86.1755125000,83.3677576200,6978901,943851488.0000,0.672225,-1.198800
2013-09-26,83.9819540000,84.8719120200,85.3732968200,83.9819540000,4722783,638421040.0000,0.454910,0.192400
2013-09-27,84.9157831900,84.0195578600,85.3356929600,83.8503404900,3463925,465617872.0000,0.333654,-1.004300
2013-09-30,83.9380828300,85.1978121400,85.4297026100,83.6811231200,5046064,681360336.0000,0.486049,1.402400
2013-10-08,85.0850005600,85.6553257700,86.1128394000,84.1010328900,5686725,773294160.0000,0.547759,0.537000
2013-10-09,85.6114546000,85.8558796900,86.1128394000,85.1100698000,4081504,557664496.0000,0.393140,0.234100
2013-10-10,85.8621470000,85.8872162400,86.1003047800,85.3920987500,2904552,397207808.0000,0.279773,0.036500
2013-10-11,84.7967043000,86.1880471200,86.3823337300,84.7967043000,3645556,499830912.0000,0.351149,0.350300
2013-10-14,86.4575414500,87.5229841500,87.5731226300,86.0627009200,5527479,767129552.0000,0.532420,1.548900
2013-10-15,87.5793899400,90.4059467500,90.7506488000,87.1657474800,6927751,986261712.0000,0.667298,3.293900
2013-10-16,91.6907453000,90.3996794400,92.5681687000,89.0584751000,9481320,1382754192.0000,0.913264,-0.006900
2013-10-17,90.6190352900,90.3683428900,91.3773798000,89.9358985000,4862119,703391968.0000,0.468331,-0.034700
2013-10-18,90.5563621900,89.6099983800,90.8195892100,88.9958020000,3557495,510349744.0000,0.342666,-0.839200
2013-10-21,89.9421658100,90.9324007900,91.0640143000,89.1211482000,4702298,677908672.0000,0.452937,1.475700
2013-10-22,90.7506488000,89.8857600200,90.7506488000,89.4658502500,2458139,353140640.0000,0.236774,-1.151000
2013-10-23,89.7854830600,90.0549773900,90.6754410800,89.1274155100,2621511,375070080.0000,0.252510,0.188300
2013-10-24,89.8105523000,90.0675120100,90.2304620700,89.4345137000,2625533,376580496.0000,0.252898,0.013900
2013-10-25,89.6288003100,85.6929296300,89.6288003100,84.9847236000,5858415,807380208.0000,0.564297,-4.857000
2013-10-28,85.0975351800,83.9631520700,85.7179988700,83.5181730600,3214102,431472144.0000,0.309590,-2.018600
2013-10-29,84.0759636500,83.2298768000,84.3955964600,82.4151265000,3518294,468246864.0000,0.338891,-0.873300
2013-10-30,83.3426883800,83.0982632900,83.5432423000,82.7034227600,2534346,335579616.0000,0.244114,-0.158100
2013-10-31,83.1358671500,84.6776254100,85.5550488100,83.0418575000,3489343,471033936.0000,0.336102,1.900600
2013-11-01,84.1887752300,84.7214965800,85.1351390400,83.8566078000,2215447,299057616.0000,0.213397,0.051800
2013-11-04,84.8907139500,85.4485045400,85.8433450700,84.7779023700,1943628,264834002.0000,0.187215,0.858100
2013-11-05,85.1100698000,86.5578184100,86.7333030900,84.4206657000,2784307,381603616.0000,0.268191,1.298200
2013-11-06,86.6643626800,87.5229841500,88.3753383100,86.1755125000,4444925,619496992.0000,0.428146,1.115100
2013-11-07,87.3412321600,87.0968070700,87.6671322800,85.6741277000,2135888,294635360.0000,0.205734,-0.486900
2013-11-08,86.8649166000,85.3231583400,87.7360726900,85.2416833100,2153743,298492272.0000,0.207454,-2.036400
2013-11-11,86.4888780000,87.4603110500,88.7952480800,85.3482275800,5232877,729491568.0000,0.504043,2.504800
2013-11-12,87.3788360200,90.7757180400,91.0953508500,87.1469455500,6947801,997440464.0000,0.669229,3.790800
2013-11-13,90.3056697900,90.7005103200,91.7847549500,89.6852061000,3188146,460888128.0000,0.307090,-0.082900
2013-11-14,90.8759950000,90.2931351700,90.8759950000,88.8015153900,2404202,344294688.0000,0.231579,-0.449100
2013-11-15,90.0863139400,89.8982946400,90.6378372200,89.0584751000,3359785,481165008.0000,0.323623,-0.437300
2013-11-18,90.2492640000,89.9296311900,90.7882526600,89.4971868000,4157171,596980144.0000,0.400429,0.034900
2013-11-19,89.9358985000,89.5097214200,90.3746102000,88.5570903000,4116683,588099504.0000,0.396529,-0.466900
2013-11-20,89.4595829400,89.0334058600,89.5723945200,88.6197634000,2551780,362889664.0000,0.245794,-0.532100
2013-11-21,88.7952480800,86.9025204600,89.1775539900,86.8335800500,3299198,459524464.0000,0.317787,-2.393400
2013-11-22,86.9025204600,86.7834415700,87.3349648500,86.4763433800,2811090,389528912.0000,0.270771,-0.137000
2013-11-25,86.3509971800,88.3251998300,88.9080596600,86.1880471200,2618102,367831840.0000,0.252182,1.776600
2013-11-26,88.3628036900,87.7298053800,88.8955250400,87.6044591800,1640604,230259508.0000,0.158027,-0.674100
2013-11-27,87.7360726900,87.7110034500,88.4881498900,86.8649166000,1567952,219358339.0000,0.151029,-0.021400
2013-11-28,87.7298053800,88.8892577300,89.4031771500,87.7298053800,2224051,315027616.0000,0.214226,1.343300
2013-11-29,88.3690710000,88.6448326400,88.7764461500,87.6922015200,2042378,287184368.0000,0.196727,-0.275000
2013-12-02,87.7486073100,85.7242661800,87.9115573700,85.5487815000,4289240,591853936.0000,0.413150,-3.294700
2013-12-03,85.5801180500,86.2256509800,86.4387395200,84.8217735400,3288230,448934464.0000,0.316730,0.584900
2013-12-04,86.1504432600,86.7897088800,87.1281436200,85.5926526700,3351042,463071200.0000,0.322780,0.654200
2013-12-05,86.7646396400,85.8558796900,86.7646396400,85.8308104500,1932631,265765318.0000,0.186156,-1.076000
2013-12-06,85.7179988700,86.9589262500,87.1782821000,85.2354160000,2915072,402741312.0000,0.280787,1.284800
2013-12-09,86.8649166000,86.4512741400,86.9275897000,85.2354160000,2537190,347999968.0000,0.244388,-0.583800
2013-12-10,86.1817798100,85.8308104500,86.4262049000,85.3607622000,2539266,347805552.0000,0.244588,-0.717700
2013-12-11,85.7744046600,85.4798410900,86.2381856000,85.3419602700,1986816,271716032.0000,0.191375,-0.408900
2013-12-12,85.4422372300,85.4861084000,86.0752355400,85.3607622000,1830695,250384797.0000,0.176337,0.007300
2013-12-13,85.3795641300,85.4861084000,86.1065720900,85.3732968200,1926726,263371186.0000,0.185587,0.000000
2013-12-16,85.2416833100,83.3364210700,85.4986430200,83.2737479700,3286944,439536256.0000,0.316606,-2.514700
2013-12-17,83.3238864500,83.4868365100,84.4394676300,82.9791844000,1564120,209082464.0000,0.150660,0.180500
2013-12-18,83.3489556900,83.0355901900,83.6685885000,82.9227786100,2010517,266750697.0000,0.193658,-0.540500
2013-12-19,83.5369749900,82.1957706500,83.6059154000,82.1644341000,1781345,235156558.0000,0.171583,-1.011400
2013-12-20,82.2584437500,79.3754811500,82.5718092500,78.9681060000,3855601,495862864.0000,0.371381,-3.431200
2013-12-23,79.2376003300,79.2877388100,79.9959448400,79.0433137200,1922251,243709867.0000,0.185156,-0.110500
2013-12-24,79.5948370000,79.3504119100,80.0335487000,79.2062637800,2789714,354505536.0000,0.268712,0.079000
2013-12-25,79.5948370000,79.1310560600,79.8267274700,78.8991655900,1843945,233016830.0000,0.177613,-0.276400
2013-12-26,78.9681060000,78.1784249400,79.1122541300,77.8023863400,3415622,427007200.0000,0.329001,-1.203900
2013-12-27,78.4667212000,79.0934522000,79.7389851300,78.1784249400,2545548,321517728.0000,0.245193,1.170400
2013-12-30,79.2501349500,78.0029402600,79.5823023800,77.7083766900,3216672,401569200.0000,0.309838,-1.378800
2013-12-31,77.7146440000,80.4597257800,81.0425856100,76.7745475000,5754649,730676608.0000,0.554302,3.149600
2014-01-02,80.2153006900,78.9555713800,80.2153006900,78.7174136000,2197666,277430224.0000,0.211684,-1.869500
2014-01-03,78.4980577500,77.7021093800,78.8427598000,77.2320611300,2334165,288934608.0000,0.224832,-1.587600
2014-01-06,77.0127052800,75.6652336300,78.2787019000,75.6464317000,3022921,367274768.0000,0.291175,-2.621400
2014-01-07,75.2766604100,75.5586893600,76.0538068500,74.7063352000,1803946,216936563.0000,0.173760,-0.140800
2014-01-08,75.5148181900,74.8316814000,75.9472625800,73.9605253100,3198959,380752976.0000,0.308131,-0.962200
2014-01-09,74.5809890000,74.7940775400,76.3358358000,74.3302966000,4788671,575090336.0000,0.461256,-0.050300
2014-01-10,74.5872563100,74.7502063700,75.4772143300,73.9855945500,2112663,251742737.0000,0.203497,-0.058700
2014-01-13,74.7690083000,75.1387795900,76.6617359200,74.6311274800,3764646,454274352.0000,0.362620,0.519800
2014-01-14,75.3330662000,76.0287376100,76.3295684900,74.5183159000,2347499,282925552.0000,0.226117,1.184400
2014-01-15,75.5273528100,74.4305735600,75.9284606500,73.9855945500,1972069,235363881.0000,0.189954,-2.102100
2014-01-16,74.4869793500,76.4549146900,76.7432109500,74.4180389400,3911963,474484848.0000,0.376810,2.719800
2014-01-17,76.3358358000,75.3957393000,76.8685571500,75.2829277200,3236373,393324784.0000,0.311735,-1.385400
2014-01-20,76.3985089000,79.4632234900,79.7828563000,75.8469856200,6009063,751598256.0000,0.578807,5.394800
2014-01-21,78.9681060000,79.5885696900,80.6665470100,78.5607308500,3540462,451224688.0000,0.341026,0.157700
2014-01-22,79.5823023800,84.0884982700,84.4896061100,79.1561253000,7366781,975900192.0000,0.709586,5.654000
2014-01-23,84.0947655800,84.0383597900,84.8593774000,82.5780765600,4025848,538497408.0000,0.387779,-0.059600
2014-01-24,83.6685885000,84.9220505000,85.0411293900,83.0481248100,3578070,482834464.0000,0.344648,1.051500
2014-01-27,84.5397445900,88.2123882500,90.1113831800,84.3955964600,8351084,1170783936.0000,0.804397,3.874500
2014-01-28,88.0619728100,87.2534898200,88.9958020000,86.1755125000,3640115,508739360.0000,0.350625,-1.087000
2014-01-29,87.6044591800,85.8684143100,88.4066748600,85.5425141900,3152040,434136672.0000,0.303612,-1.587400
2014-01-30,85.5487815000,82.8538382000,85.8308104500,82.1017610000,3722344,496967648.0000,0.358545,-3.510700
2014-02-07,82.7660958600,83.9130135900,84.3705272200,82.1393648600,2386561,317924208.0000,0.229879,1.278400
2014-02-10,83.9819540000,83.2674806600,84.2326464000,82.0140186600,3625174,479835312.0000,0.349185,-0.769300
2014-02-11,83.2298768000,84.0070232400,84.9721889800,82.7911651000,4300694,578123056.0000,0.414253,0.888200
2014-02-12,84.1073002000,84.0759636500,84.5898830700,83.5495096100,1928348,258332741.0000,0.185743,0.082100
2014-02-13,84.0007559300,85.0285947700,86.7333030900,83.9882213100,3856747,528398496.0000,0.371491,1.133100
2014-02-14,84.8531100900,89.5598599000,89.6225330000,84.8531100900,6741037,946589744.0000,0.649313,5.329100
2014-02-17,90.3119371000,93.9971153800,94.6301136900,90.3119371000,8746517,1301703984.0000,0.842486,4.954500
2014-02-18,93.6586806400,92.1357243100,93.6586806400,91.5779337200,3364035,496116912.0000,0.324032,-1.980300
2014-02-19,92.1607935500,93.7150864300,95.2505773800,92.1607935500,3148266,472702784.0000,0.303249,1.714200
2014-02-20,93.6962845000,93.3766516900,94.9998849800,92.7561880000,2318897,346513536.0000,0.223362,-0.361100
2014-02-21,92.7561880000,93.4330574800,94.1036596500,92.6183071800,3412540,508426624.0000,0.328704,0.060400
2014-02-24,93.4455921000,92.5180302200,94.6865194800,91.2583009100,3117865,463140896.0000,0.300320,-0.979300
2014-02-25,92.7561880000,89.2276924700,93.0068804000,88.3690710000,4627993,662701584.0000,0.445779,-3.556400
2014-02-26,88.0933093600,89.0146039300,90.8634603800,87.1469455500,2651394,377024800.0000,0.255389,-0.238800
2014-02-27,89.0898116500,90.8446584500,91.3711124900,87.7548746200,2564611,367761888.0000,0.247030,2.055900
2014-02-28,90.8759950000,94.0221846200,94.5110348000,90.8446584500,4192617,626931552.0000,0.403843,3.497800
2014-03-03,94.0096500000,97.0994338300,97.1370376900,92.9630092300,4881665,745535040.0000,0.470214,3.272900
2014-03-04,95.3383197200,96.1405354000,99.8319809900,95.2631120000,5086676,795957008.0000,0.489961,-0.987500
2014-03-05,96.5353759300,100.1766830400,100.2706926900,95.2631120000,4721154,741663984.0000,0.454753,4.198200
2014-03-06,100.4085735100,101.5304220000,101.7184413000,98.3967670000,4274121,684035152.0000,0.411694,1.351400
2014-03-07,101.5304220000,103.7177131900,104.7894232000,100.3020292400,5811048,952251168.0000,0.559734,2.154300
2014-03-10,103.2852688000,98.3591631400,103.9119998000,96.5353759300,4998548,797666912.0000,0.481472,-5.166500
2014-03-11,97.7700360000,101.6432335800,102.5331916000,97.2059781000,3856141,619885232.0000,0.371433,3.338800
2014-03-12,100.9538294800,99.3556654300,102.5331916000,97.6321551800,3676392,582653264.0000,0.354119,-2.250600
2014-03-13,98.7728056000,103.3291399700,103.4732881000,98.4657074100,4263778,695571568.0000,0.410697,3.999200
2014-03-14,102.8214878600,102.7024089700,104.0373460000,101.4050758000,2493355,407076144.0000,0.240166,-0.606500
2014-03-17,103.4106150000,104.3319095700,104.4509884600,101.5366893100,3219888,529609728.0000,0.310147,1.586600
2014-03-18,105.4788273000,107.3715549200,110.4300022000,105.4788273000,5947371,1030329360.0000,0.572865,2.913400
2014-03-19,106.4815969000,109.2830844700,109.6779250000,105.9175390000,3536579,613576544.0000,0.340652,1.780300
2014-03-20,109.2392133000,106.0303505800,109.3645595000,105.9175390000,3389521,579777920.0000,0.326487,-2.976400
2014-03-21,105.5665696400,107.4216934000,107.7851973800,103.7239805000,4031881,680945760.0000,0.388360,1.312200
2014-03-24,107.1710010000,107.3527529900,110.1354386300,106.4815969000,2632092,453477904.0000,0.253529,-0.064200
2014-03-25,105.5415004000,104.5449981100,105.5415004000,97.5130762900,6240383,1024298848.0000,0.601089,-2.615400
2014-03-26,103.4732881000,99.3305961900,104.1062864100,99.2491211600,5737639,927285408.0000,0.552663,-4.987700
2014-03-27,98.8104094600,98.8104094600,100.7783448000,98.0207284000,3804459,603835728.0000,0.366455,-0.523700
2014-03-28,98.9106864200,95.6642198400,99.6439616900,94.6426483100,4827296,740132768.0000,0.464977,-3.184100
2014-03-31,95.2693793100,96.9552857000,98.6349247800,95.2631120000,3058360,473939136.0000,0.294589,1.349600
2014-04-01,96.9615530100,101.8375201900,101.8751240500,96.7672664000,3404689,544622704.0000,0.327948,5.035600
2014-04-02,101.9942029400,103.8117228400,106.3311814600,100.9224929300,4669833,777378720.0000,0.449810,1.938600
2014-04-03,105.0150463600,103.6049016100,105.0965213900,102.4705185000,2691848,444348448.0000,0.259285,-0.199200
2014-04-04,103.1912591500,102.8214878600,103.5986343000,100.9036910000,2320651,377896960.0000,0.223531,-0.756200
2014-04-08,102.7337455200,103.1223187400,103.6738420200,100.9099583100,2592749,423934496.0000,0.249740,0.292600
2014-04-09,103.4231496200,102.3765088500,104.4321865300,101.6118970300,2161889,354031808.0000,0.208238,-0.723200
2014-04-10,102.3263703700,106.2371718100,107.1835356200,99.9635945000,5417787,897611264.0000,0.521854,3.771000
2014-04-11,107.7977320000,110.3547944800,112.5608876000,107.7977320000,9022579,1593651872.0000,0.869077,3.875900
2014-04-14,109.4899057000,109.2768171600,111.1256736100,108.4244630000,2682436,469646912.0000,0.258379,-0.976800
2014-04-15,108.5498092000,109.3582921900,110.2231809700,108.5498092000,2588021,452432800.0000,0.249284,0.074600
2014-04-16,108.8631747000,107.1835356200,109.4021633600,106.6633488900,2204062,379301952.0000,0.212301,-1.988700
2014-04-17,107.0456548000,109.8032712000,110.3046560000,106.6758835100,2974441,517914688.0000,0.286505,2.444200
2014-04-18,109.6779250000,109.8722116100,111.4139698700,108.6124823000,1960146,344825520.0000,0.188806,0.062800
2014-04-21,109.0574613100,107.8290685500,110.2921213800,107.7977320000,1833379,318935968.0000,0.176595,-1.859600
2014-04-22,107.7977320000,107.8792070300,109.7594000300,107.4969011200,2234496,387206384.0000,0.215232,0.046500
2014-04-23,107.8478704800,110.3422598600,110.6117541900,107.8165339300,3375573,592119536.0000,0.325143,2.283200
2014-04-24,110.3986656500,110.1542405600,110.7496350100,108.8631747000,1258135,220213004.0000,0.121187,-0.170400
2014-04-25,105.2782733800,103.2163283900,105.2908080000,101.3988084900,9587743,1581409280.0000,0.923515,-6.298400
2014-04-28,101.5805604800,102.0255394900,103.1348533600,100.1578811100,3302860,535511088.0000,0.318139,-1.153700
2014-04-29,102.0318068000,102.5269242900,103.7114458800,101.8249855700,2799649,459181200.0000,0.269669,0.491400
2014-04-30,102.7525474500,102.7086762800,102.9656359900,101.8625894300,1922066,314017280.0000,0.185138,0.177300
2014-05-05,102.4705185000,100.4336427500,102.4705185000,98.4469054800,3674347,585326688.0000,0.353922,-2.215000
2014-05-06,100.2769600000,100.7720774900,101.9691337000,100.2769600000,1362295,219512505.0000,0.131220,0.337000
2014-05-07,101.2859969100,100.6906024600,101.2859969100,100.0262676000,1196073,192090276.0000,0.115209,-0.080800
2014-05-08,100.7783448000,100.6968697700,101.8375201900,100.5401870200,1469786,237490046.0000,0.141573,0.006200
2014-05-09,100.6906024600,100.6655332200,101.7184413000,100.4649793000,1672145,269803728.0000,0.161065,-0.031100
2014-05-12,101.7121739900,100.8472852100,101.7184413000,99.9635945000,2619478,420667488.0000,0.252314,0.180600
2014-05-13,100.7595428700,100.7407409400,101.2859969100,100.0011983600,1593936,256197646.0000,0.153532,-0.105600
2014-05-14,100.2706926900,97.3125223700,100.8598198300,96.5228413100,3401655,534826240.0000,0.327656,-3.403000
2014-05-15,97.1307703800,97.8640456500,98.4469054800,96.8299395000,1698338,264995351.0000,0.163588,0.566700
2014-05-16,97.8640456500,97.2435819600,98.4594401000,96.9364837700,1846730,286938912.0000,0.177881,-0.634000
2014-05-19,95.5764775000,92.7436533800,95.8898430000,92.7185841400,5625009,838456336.0000,0.541814,-4.627500
2014-05-20,92.8188611000,90.8634603800,93.6586806400,89.9985716000,4688591,682615744.0000,0.451616,-2.027300
2014-05-21,90.3119371000,94.6363810000,95.0500234600,90.2179274500,3873787,575063792.0000,0.373133,4.152300
2014-05-22,94.5737079000,94.0409865500,96.2658816000,93.7902941500,1867894,281907872.0000,0.179920,-0.629100
2014-05-23,94.0096500000,95.4511313000,95.7519621800,93.9971153800,1400963,212338047.0000,0.134944,1.499500
2014-05-26,97.0806319000,96.2470796700,97.0806319000,95.7958333500,891056,137024228.0000,0.085829,0.833900
2014-05-27,95.8898430000,96.0151892000,97.6133532500,95.8021006600,1303507,201097681.0000,0.125557,-0.240900
2014-05-28,95.8209025900,96.4789701400,97.1433050000,95.7644968000,1250197,192903907.0000,0.120422,0.483000
2014-05-29,96.3473566300,96.6983259900,97.7261648300,96.1781392600,1010682,156525431.0000,0.097351,0.227400
2014-05-30,96.6732567500,96.0277238200,97.3187896800,95.9023776200,921765,141927539.0000,0.088787,-0.693500
2014-06-03,95.8898430000,95.7456948700,96.8299395000,95.4197947500,1304848,199563914.0000,0.125686,-0.293700
2014-06-04,95.8835756900,94.7303906500,96.1280007800,94.0221846200,1049431,158991999.0000,0.101084,-1.060400
2014-06-05,94.7115887200,96.9991568700,97.1433050000,93.5897402300,2067863,314507728.0000,0.199182,2.395000
2014-06-06,96.9427510800,96.2596142900,97.5506801500,95.4448639900,947745,145936330.0000,0.091289,-0.762400
2014-06-09,95.4511313000,96.0339911300,96.7672664000,95.4511313000,1003481,154198989.0000,0.096658,-0.234400
2014-06-10,96.0465257500,97.0179588000,97.3250569900,96.0465257500,1930551,298186720.0000,0.185955,1.024600
2014-06-11,96.9866222500,96.4789701400,97.3814627800,96.0214565100,1078145,166086241.0000,0.103850,-0.555600
2014-06-12,96.5604451700,95.6579525300,96.5604451700,95.3383197200,1149960,175855795.0000,0.110767,-0.851000
2014-06-13,95.6955563900,95.7707641100,96.4100297300,94.7366579600,1697046,259337717.0000,0.163464,0.117900
2014-06-16,95.8271699000,96.7798010200,97.0054241800,95.5138044000,1623790,249568876.0000,0.156407,1.053600
2014-06-17,96.7045933000,96.0089218900,96.7045933000,95.3884582000,1636486,250297887.0000,0.157630,-0.796500
2014-06-18,96.3912278000,96.2533469800,96.7986029500,96.1405354000,1402456,215965707.0000,0.135088,0.254600
2014-06-19,96.2408123600,95.7206256300,96.6419202000,95.5764775000,1155144,176868338.0000,0.111266,-0.553500
2014-06-20,95.7018237000,96.0026545800,96.2658816000,95.4636659200,1201940,183993516.0000,0.115774,0.294600
2014-06-23,96.2032085000,97.9643226100,98.0081937800,96.1154661600,2898385,449611776.0000,0.279179,2.043400
2014-06-24,98.1586092200,102.5143896700,102.6585378000,98.1147380500,3853263,621636112.0000,0.371156,4.644600
2014-06-25,102.9465401200,100.7506117200,102.9465401200,100.2335060000,3817111,546556384.0000,0.334248,-1.720600
2014-06-26,100.7506117200,100.3326769600,101.2818847200,100.1697532400,3634851,515915136.0000,0.318289,-0.414800
2014-06-27,100.1768368800,99.4401383200,100.1768368800,98.6184360800,2647792,371027136.0000,0.231856,-0.889600
2014-06-30,100.0068295200,100.5735207200,101.2181319600,99.4543056000,2439950,345879984.0000,0.213656,1.139800
2014-07-01,101.0056227600,100.4247642800,101.0056227600,99.7376512000,1194668,168987424.0000,0.104612,-0.147900
2014-07-02,100.6089389200,100.6443571200,100.8356154000,99.8793240000,1206848,171127803.0000,0.105679,0.218700
2014-07-03,100.7364444400,101.4802266400,101.5793976000,100.1626696000,1933167,275808352.0000,0.169279,0.830500
2014-07-04,101.5793976000,101.5227284800,102.1319215200,101.0977100800,1540280,220860905.0000,0.134876,0.041900
2014-07-07,101.1543792000,102.1177542400,102.2027579200,100.7364444400,2287987,327900736.0000,0.200349,0.586100
2014-07-08,102.0752524000,100.7151935200,102.1248378800,99.8934912800,2109160,299615520.0000,0.184690,-1.373500
2014-07-09,100.5876880000,100.0493313600,101.2039646800,99.8934912800,1432860,203120918.0000,0.125470,-0.661100
2014-07-10,99.9643276800,99.9076585600,100.4672661200,99.5959784000,1215988,171762392.0000,0.106479,-0.141600
2014-07-11,100.2122550800,100.4956006800,101.3598047600,99.9643276800,1843286,262292694.0000,0.161409,0.588500
2014-07-14,100.4956006800,106.0916762800,106.8850439600,100.2335060000,4653481,684819808.0000,0.407486,5.568500
2014-07-15,105.6241560400,108.9534668400,111.9215120000,105.6241560400,5878798,913284352.0000,0.514782,2.697500
2014-07-16,108.9818014000,109.4918234800,111.0573079200,108.9818014000,2445933,379071456.0000,0.214180,0.494100
2014-07-17,109.1518087600,108.9109650000,110.1860202000,107.6713280000,2019117,309501856.0000,0.176806,-0.530500
2014-07-18,108.7976267600,114.0324367200,116.8800600000,108.1671828000,7489691,1200093424.0000,0.655841,4.702400
2014-07-21,113.6145019600,114.0324367200,115.3783283200,112.3394467600,3014322,485174688.0000,0.263952,0.000000
2014-07-22,113.0548944000,115.6050048000,116.1716960000,113.0548944000,2982062,483906544.0000,0.261127,1.379100
2014-07-23,114.7549680000,116.0937759600,116.8800600000,114.4716224000,2783633,455655824.0000,0.243751,0.422800
2014-07-24,116.0016886400,115.8387649200,119.7843524000,114.9674772000,3568240,595593136.0000,0.312456,-0.219700
2014-07-25,116.1716960000,116.0866923200,117.6238422000,114.0891058400,2783358,454235008.0000,0.243727,0.214000
2014-07-28,116.3346197200,116.3487870000,118.9980683600,115.4066628800,4296899,706875696.0000,0.376262,0.225800
2014-07-29,116.3842052000,114.0891058400,116.3842052000,113.5224146400,3601700,580708800.0000,0.315386,-1.942200
2014-07-30,113.8624293600,112.2827776400,113.8624293600,110.8589660000,5487629,865210176.0000,0.480529,-1.583300
2014-07-31,112.1269375600,113.5294982800,113.6074183200,111.1848134400,2520631,400860672.0000,0.220721,1.110300
2014-08-01,113.4586618800,115.4491647200,116.3842052000,113.0690616800,4325999,704961968.0000,0.378810,1.690900
2014-08-04,115.4633320000,116.4550416000,117.3192456800,114.9603935600,3884820,637175456.0000,0.340177,0.871300
2014-08-05,116.1716960000,117.7655150000,118.0559442400,114.5212078800,3835797,627210400.0000,0.335885,1.125300
2014-08-06,116.7383872000,115.6900084800,117.4325839200,114.7549680000,2031723,332041712.0000,0.177910,-1.762400
2014-08-07,115.5341684000,113.7632584000,116.4479579600,113.6924220000,2539649,411237184.0000,0.222386,-1.665400
2014-08-08,114.7266334400,114.8541389600,115.6970921200,113.1965672000,2381942,384676144.0000,0.208577,0.958900
2014-08-11,115.0949827200,115.5129174800,115.6050048000,114.4078696400,2007072,326555328.0000,0.175751,0.573600
2014-08-12,114.6203788400,114.7833025600,115.2862410000,113.4444946000,1960436,316255856.0000,0.171667,-0.631600
2014-08-13,114.7833025600,115.1020663600,116.7242199200,113.9049312000,3445403,560675712.0000,0.301700,0.277700
2014-08-14,114.7691352800,114.3724514400,115.7750121600,114.2449459200,2295894,373085472.0000,0.201042,-0.633900
2014-08-15,114.8966408000,114.4291205600,115.1020663600,114.1386913200,2180268,352476096.0000,0.190917,0.049500
2014-08-18,114.7549680000,113.1611490000,114.9674772000,112.7007124000,4169827,667452064.0000,0.365134,-1.108100
2014-08-19,113.1611490000,112.4031995200,113.1611490000,112.2402758000,3209577,509709616.0000,0.281049,-0.669800
2014-08-20,112.4457013600,114.7549680000,114.7974698400,112.2756940000,3708495,596509536.0000,0.324737,2.092300
2014-08-21,114.7549680000,113.3169890800,114.9816444800,112.6298760000,1887273,301791008.0000,0.165261,-1.253100
2014-08-22,113.3382400000,112.8211342800,113.6145019600,112.4527850000,1863671,297023440.0000,0.163194,-0.437600
2014-08-25,112.8211342800,112.4527850000,113.4444946000,112.1340212000,1537672,244745466.0000,0.134648,-0.326500
2014-08-26,112.2756940000,111.7231700800,112.9273888800,111.1848134400,1658960,261850709.0000,0.145268,-0.648800
2014-08-27,111.7231700800,110.7668786800,111.7656719200,110.6322895200,1382867,216703370.0000,0.121092,-0.856000
2014-08-28,110.5047840000,110.5189512800,112.1765230400,110.5047840000,1761803,276811136.0000,0.154274,-0.223800
2014-08-29,110.5047840000,112.0844357200,112.3394467600,109.7964200000,2383883,375517440.0000,0.208747,1.416500
2014-09-01,112.0631848000,112.2402758000,112.9840580000,111.7160864400,1645024,260760134.0000,0.144048,0.139000
2014-09-02,112.4952868400,115.1516518400,115.2083209600,111.9427629200,4124613,664712704.0000,0.361175,2.593900
2014-09-03,115.1658191200,116.7525544800,118.5943008800,115.1516518400,4204225,695551840.0000,0.368146,1.390300
2014-09-04,116.6675508000,116.9225618400,117.5459221600,115.9450195200,2397587,395280320.0000,0.209947,0.145600
2014-09-05,117.3759148000,118.6580536400,119.1184902400,117.0288164400,3473195,579714720.0000,0.304133,1.484300
2014-09-09,118.7572246000,116.2283651200,118.9839010800,116.1716960000,2056281,339388096.0000,0.180060,-2.047600
2014-09-10,115.9591868000,116.1079432400,116.8800600000,115.4704156400,1786772,293245984.0000,0.156460,-0.103600
2014-09-11,116.0796086800,114.7408007200,116.7525544800,114.3866187200,3187554,519406672.0000,0.279121,-1.177500
2014-09-12,114.3937023600,115.0737318000,115.2154046000,113.5649164800,1735601,280548672.0000,0.151979,0.290200
2014-09-15,114.6841316000,112.9203052400,114.6912152400,112.4882032000,3254386,519621408.0000,0.284973,-1.871300
2014-09-16,113.6924220000,111.5389954400,113.7632584000,111.2273152800,3482315,551314384.0000,0.304932,-1.223300
2014-09-17,112.2544430800,112.0844357200,113.0123925600,111.4539917600,2584128,408684992.0000,0.226281,0.489000
2014-09-18,111.9356792800,112.8069670000,112.8990543200,111.2698171200,2648204,418431984.0000,0.231892,0.644600
2014-09-19,112.8069670000,113.9403494000,114.0324367200,112.2756940000,2266599,362408976.0000,0.198477,1.004700
2014-09-22,113.8411784400,111.1706461600,113.8411784400,111.0998097600,3719154,586709104.0000,0.325671,-2.430800
2014-09-23,111.0006388000,111.5531627200,111.5673300000,110.7597950400,3454611,541705824.0000,0.302506,0.344100
2014-09-24,110.8518823600,113.4728291600,113.6924220000,110.2214384000,4344896,687426592.0000,0.380464,1.720900
2014-09-25,113.9899348800,114.8895571600,116.1575287200,113.9757676000,5685144,924878320.0000,0.497824,1.248500
2014-09-26,114.4007860000,114.9745608400,115.5483356800,112.7715488000,2271665,366907280.0000,0.198920,0.074000
2014-09-29,114.9887281200,115.0878990800,115.6050048000,114.3228659600,2348859,381683088.0000,0.205680,0.098600
2014-09-30,115.2791573600,114.8470553200,115.4562483600,114.1882768000,2157419,349657792.0000,0.188916,-0.209300
2014-10-08,114.0466040000,113.8553457200,114.1174404000,111.7798392000,4565282,725030224.0000,0.399763,-0.863500
2014-10-09,113.2461526800,113.3453236400,113.5153310000,112.3323631200,3624491,578151792.0000,0.317382,-0.448000
2014-10-10,112.6440432800,112.6440432800,113.1965672000,111.7090028000,4314771,684789408.0000,0.377826,-0.618700
2014-10-13,111.7869228400,110.5756204000,111.8365083200,108.8613795200,5317638,826349744.0000,0.465643,-1.836200
2014-10-14,109.7964200000,109.7326672400,111.2060643600,109.3997361600,2889594,449942592.0000,0.253030,-0.762300
2014-10-15,109.6193290000,111.4398244800,111.6239991200,109.5909944400,2223805,348033856.0000,0.194729,1.555700
2014-10-16,110.5756204000,111.4398244800,112.0561011600,110.5756204000,2394969,377655664.0000,0.209717,0.000000
2014-10-17,111.9215120000,112.1906903200,112.6652942000,111.1423116000,3097659,489885680.0000,0.271249,0.673800
2014-10-20,112.1906903200,111.1564788800,112.2756940000,110.7881296000,3291008,517853728.0000,0.288180,-0.921800
2014-10-21,111.2131480000,112.2473594400,112.8707197600,110.9298024000,3991128,632422368.0000,0.349486,0.981400
2014-10-22,112.2331921600,112.6865451200,112.9557234400,111.5673300000,2283641,363211440.0000,0.199969,0.391300
2014-10-23,112.3252794800,112.6652942000,113.5365819200,111.8435919600,3191734,508245984.0000,0.279487,-0.018900
2014-10-24,112.5944578000,112.5448723200,113.2603199600,111.7019191600,1998007,317073600.0000,0.174957,-0.106900
2014-10-27,111.1918970800,111.5673300000,112.7007124000,109.7184999600,2797069,439570896.0000,0.244928,-0.868600
2014-10-28,111.4398244800,112.4457013600,112.7007124000,111.3406535200,2054841,325762192.0000,0.179934,0.787300
2014-10-29,112.4882032000,112.1340212000,113.0265598400,111.5531627200,2142344,339064784.0000,0.187596,-0.277200
2014-10-30,111.9215120000,110.0939328800,111.9215120000,109.8672564000,4908702,764742336.0000,0.429835,-1.819300
2014-10-31,110.1293510800,110.9864715200,111.1423116000,109.3359834000,3642170,567067440.0000,0.318930,0.810700
2014-11-03,111.0360570000,110.2072711200,111.1281443200,110.1151838000,2467006,384677504.0000,0.216025,-0.702100
2014-11-04,110.1435183600,107.2392259600,110.1435183600,106.9629640000,5594390,854409056.0000,0.489877,-2.693100
2014-11-05,106.9983822000,103.5273986000,106.9983822000,103.0669620000,7671979,1131348480.0000,0.671803,-3.461300
2014-11-06,103.5273986000,104.2357626000,104.4766063600,103.4282276400,3636297,533913216.0000,0.318415,0.684200
2014-11-07,104.2499298800,104.8662065600,105.0503812000,104.2074280400,4150731,613638080.0000,0.363462,0.604800
2014-11-10,106.2546000000,108.9251322800,108.9322159200,105.5462360000,6232521,945032816.0000,0.545756,3.870600
2014-11-11,109.3005652000,108.6276194000,109.9380928000,107.6784116400,4770689,733026112.0000,0.417749,-0.273100
2014-11-12,108.3655247200,108.3017719600,108.7976267600,106.3962728000,3082375,467531856.0000,0.269911,-0.300000
2014-11-13,108.1813500800,107.3738151200,108.1884337200,106.0279235200,4915556,739602880.0000,0.430435,-0.856800
2014-11-14,107.3596478400,111.4185735600,111.6594173200,106.8992112400,7522508,1168803280.0000,0.658715,3.767000
2014-11-17,119.0051520000,113.3736582000,119.0051520000,113.3382400000,15041623,2451673888.0000,1.317132,1.754700
2014-11-18,114.0466040000,110.2568566000,114.6274624800,109.7964200000,6349780,1001883696.0000,0.556024,-2.749100
2014-11-19,110.2001874800,108.4292774800,110.2568566000,108.1034300400,4629074,710715296.0000,0.405349,-1.657600
2014-11-20,108.2946883200,106.7362875200,108.3230228800,106.6016983600,4625841,698848960.0000,0.405066,-1.561400
2014-11-21,106.6512838400,108.4717793200,108.5213648000,106.3962728000,4199078,638007376.0000,0.367696,1.626000
2014-11-24,109.0030523200,109.0526378000,109.7964200000,107.6713280000,5387899,828662512.0000,0.471796,0.535500
2014-11-25,108.6772048800,109.5414089600,109.6901654000,108.2380192000,5323130,816840944.0000,0.466124,0.448200
2014-11-26,109.5130744000,110.4693658000,110.7597950400,109.0101359600,6385897,990302240.0000,0.559186,0.847100
2014-11-27,109.7964200000,110.9864715200,111.3689880800,109.0880560000,9655151,1508603312.0000,0.845461,0.468100
2014-11-28,110.9085514800,110.3914457600,110.9085514800,108.5001138800,8828818,1363855088.0000,0.773103,-0.536100
2014-12-01,110.9085514800,113.3807418400,114.0466040000,110.5047840000,12174001,1932844688.0000,1.066026,2.707900
2014-12-02,112.6652942000,114.1457749600,114.1882768000,112.0986030000,9926819,1588412352.0000,0.869250,0.674700
2014-12-03,115.0666481600,116.7596381200,119.2176612000,115.0099790400,11732264,1936848368.0000,1.027345,2.289900
2014-12-04,117.9426060000,123.3474233200,123.6095180000,117.9426060000,11778143,2020248736.0000,1.031363,5.642200
2014-12-05,126.0817083600,121.0735748800,126.7688214400,119.4301704000,11290144,1943937520.0000,0.988631,-1.843500
2014-12-08,119.6001777600,122.5257210800,125.0191623600,118.4384608000,10089431,1731248496.0000,0.883489,1.199400
2014-12-09,121.8386080000,122.4478010400,132.1948896800,121.4844260000,15189028,2713372288.0000,1.330040,-0.063600
2014-12-10,123.9637000000,127.4488508800,129.9847940000,123.9637000000,10665611,1919193472.0000,0.933943,4.084200
2014-12-11,127.5055200000,124.5941439600,128.8797461600,124.1691255600,5488215,975885696.0000,0.480580,-2.239900
2014-12-12,125.2245879200,125.0899987600,128.2068003600,124.6720640000,5105516,911591088.0000,0.447069,0.398000
2014-12-15,125.0970824000,130.3673105600,130.4098124000,124.2682965200,7096432,1281924240.0000,0.621405,4.218800
2014-12-16,130.1264668000,127.9517893200,130.1264668000,126.1667120400,5112944,918180192.0000,0.447719,-1.852900
2014-12-17,127.4984363600,126.8467414800,128.5326478000,125.9471192000,6002047,1071735184.0000,0.525574,-0.863600
2014-12-18,127.2859271600,127.0379997600,129.0639208000,126.7971560000,3856750,695500784.0000,0.337720,0.150800
2014-12-19,126.8396578400,128.0863784800,128.9080807200,126.0887920000,4963106,892730640.0000,0.434598,0.825300
2014-12-22,127.2575926000,130.4098124000,130.5444015600,124.5870603200,7362381,1327712480.0000,0.644693,1.814000
2014-12-23,130.1831359200,133.7816250400,137.0613503600,128.9293316400,8565082,1611272912.0000,0.750008,2.585500
2014-12-24,133.1724320000,129.6731138400,135.8642152000,127.9872075200,6355459,1187206208.0000,0.556521,-3.071100
2014-12-25,129.7368666000,131.6352821200,131.7557040000,128.2209676400,4407168,806958768.0000,0.385917,1.513200
2014-12-26,131.1110927600,132.8678354800,133.8807960000,129.6306120000,4267749,793340608.0000,0.373709,0.936300
2014-12-29,133.2432684000,129.9706267200,134.5891600000,128.9222480000,8983865,1678243808.0000,0.786680,-2.180500
2014-12-30,129.6306120000,132.3507297600,133.1582647200,129.2622627200,5617110,1043215632.0000,0.491867,1.831300
2014-12-31,131.4723584000,134.3199816800,134.5891600000,131.0473400000,4626936,871581696.0000,0.405161,1.487900
2015-01-05,134.3199816800,143.4578772800,144.6762633600,133.6612031600,9451517,1875063136.0000,0.827630,6.803100
2015-01-06,141.6728000000,140.1356501200,143.4862118400,138.8535112800,5502001,1094977376.0000,0.481787,-2.315800
2015-01-07,138.8676785600,136.6717501600,141.3186180000,134.5820763600,5479784,1063925648.0000,0.479842,-2.471800
2015-01-08,137.4226160000,135.8358806400,137.7909652800,134.6883309600,4052530,777874672.0000,0.354863,-0.611600
2015-01-09,134.8725056000,134.8087528400,138.6764202800,134.6670800400,5398220,1039955152.0000,0.472700,-0.756200
2015-01-12,134.5891600000,132.0603005200,136.4238227600,130.6648234400,4991459,934643408.0000,0.437081,-2.038800
2015-01-13,132.4640680000,130.9623363200,133.5549485600,130.7639944000,3670808,683429632.0000,0.321437,-0.831400
2015-01-14,131.0473400000,129.7581175200,132.1098860000,128.1288803200,5240344,965036192.0000,0.458875,-0.919500
2015-01-15,130.2610559600,131.8052894800,132.0390496000,129.2622627200,4858552,895503104.0000,0.425443,1.577700
2015-01-16,131.8973768000,131.8336240400,133.1724320000,131.7415367200,3997806,746304288.0000,0.350071,0.021500
2015-01-19,128.2138840000,124.3037147200,129.7722848000,121.4631750800,6467937,1151544272.0000,0.566370,-5.711700
2015-01-20,124.6862312800,126.1454611200,127.8597020000,122.5469720000,6102274,1086018448.0000,0.534351,1.481700
2015-01-21,126.2800502800,129.1772590400,129.5597756000,125.5221008000,5267474,950750400.0000,0.461251,2.403400
2015-01-22,129.1843426800,128.3768077200,130.5939870400,127.5055200000,3825481,696541248.0000,0.334981,-0.619700
2015-01-23,127.5905236800,128.2280512800,129.8289539200,127.5834400400,3308455,600627344.0000,0.289708,-0.115900
2015-01-26,128.7097388000,129.4889392000,129.9847940000,128.2493022000,3564906,650642096.0000,0.312164,0.983300
2015-01-27,129.5031064800,127.5834400400,129.5031064800,126.0887920000,4188362,755025856.0000,0.366757,-1.471600
2015-01-28,126.7971560000,125.7133590800,127.7888656000,125.5929372000,3068066,547979152.0000,0.268658,-1.465800
2015-01-29,124.8137368000,124.7783186000,126.0887920000,123.9637000000,3249254,571553424.0000,0.284524,-0.743800
2015-01-30,125.3733443600,125.5079335200,128.2138840000,125.0262460000,4750834,848744496.0000,0.416011,0.584700
2015-02-02,124.3249656400,123.8361944800,124.9554096000,122.9011540000,3398336,593379648.0000,0.297578,-1.332000
2015-02-03,125.7204427200,126.3508866800,126.5492286000,124.8137368000,2779280,493512560.0000,0.243370,2.030700
2015-02-04,126.9034106000,125.5575190000,128.9789171200,125.3804280000,3529371,634135328.0000,0.309052,-0.627900
2015-02-05,126.7759050800,123.2907542000,128.1430476000,123.2553360000,4123962,735861120.0000,0.361118,-1.805400
2015-02-06,123.7086889600,123.6803544000,125.0262460000,122.9719904000,3710238,648205632.0000,0.324890,0.316000
2015-02-09,124.5091402800,130.5514852000,131.1181764000,123.9637000000,8729358,1584342288.0000,0.764393,5.555600
2015-02-10,130.9056672000,129.5456083200,131.1890128000,128.5326478000,5363887,984795856.0000,0.469693,-0.770500
2015-02-11,129.2055936000,129.7368666000,130.5160670000,128.9789171200,2289479,420358864.0000,0.200480,0.147600
2015-02-12,130.3318923600,130.0343794800,130.6860743600,128.9293316400,2505098,458818624.0000,0.219361,0.229300
2015-02-13,130.4168960400,129.2693463600,130.6931580000,128.4972296000,4012705,734977408.0000,0.351376,-0.588300
2015-02-16,129.3047645600,129.8502048400,130.0768813200,128.3697240800,3952108,722512096.0000,0.346070,0.449300
2015-02-17,130.0202122000,129.0780880800,130.2610559600,128.8584952400,3417255,624854080.0000,0.299235,-0.594600
2015-02-25,129.6306120000,130.3106414400,131.5431948000,128.2918040400,5993512,1104113264.0000,0.524827,0.954900
2015-02-26,130.1973032000,132.2090569600,133.4486939600,130.0202122000,6229772,1163369600.0000,0.545515,1.456800
2015-02-27,132.3932316000,135.3329422000,137.7767980000,132.3223952000,6337094,1217723184.0000,0.554913,2.362800
2015-03-02,135.1558512000,135.1062657200,137.2809432000,133.8807960000,3109870,592027088.0000,0.272318,-0.167500
2015-03-03,134.0933052000,131.7202858000,136.0058880000,131.1606782400,4299960,812905776.0000,0.376530,-2.506200
2015-03-04,132.4569843600,132.5986571600,133.1795156400,130.7639944000,4066223,757815040.0000,0.356062,0.666800
2015-03-05,131.0544236400,131.4156892800,132.4853189200,130.3743942000,3620624,670609776.0000,0.317043,-0.892100
2015-03-06,131.2952674000,130.0697976800,132.0957187200,129.8218702800,2547066,471454752.0000,0.223036,-1.024200
2015-03-09,131.6140312000,135.6942078400,136.7071683600,130.1973032000,4348603,815432192.0000,0.380789,4.324100
2015-03-10,135.2550221600,133.0520101200,135.6517060000,132.6624099200,2963706,561292480.0000,0.259519,-1.947200
2015-03-11,133.0520101200,135.9917207200,136.7142520000,133.0307592000,4058339,778418704.0000,0.355372,2.209400
2015-03-12,136.7142520000,136.5371610000,138.8322603600,135.5808696000,3849640,747203168.0000,0.337097,0.401100
2015-03-13,136.5017428000,134.5254072400,137.3517796000,133.5832831200,2547927,486997360.0000,0.223111,-1.473400
2015-03-16,134.6316618400,137.2526086400,137.7767980000,132.4711516400,3116097,597313680.0000,0.272864,2.027300
2015-03-17,138.1238963600,139.3847842800,140.7448431600,138.0530599600,4590408,903712736.0000,0.401963,1.553500
2015-03-18,139.4060352000,141.2831998000,141.6657163600,138.4993292800,3930446,778884992.0000,0.344173,1.362000
2015-03-19,140.6385885600,138.3293219200,140.9573523600,137.4651178400,3353977,658535488.0000,0.293694,-2.090700
2015-03-20,137.5642888000,136.8205066000,138.1238963600,135.2125203200,5137371,991294896.0000,0.449858,-1.090700
2015-03-23,137.8972198800,138.1876491200,139.3706170000,136.8559248000,4097901,799009920.0000,0.358836,0.999200
2015-03-24,138.3434892000,138.6197511600,139.8593881600,136.0767244000,6007944,1172628512.0000,0.526091,0.312700
2015-03-25,136.7142520000,136.5584119200,138.2018164000,136.0483898400,4224030,815963248.0000,0.369881,-1.487000
2015-03-26,137.1038522000,140.6527558400,141.6019636000,136.0058880000,6710525,1315872112.0000,0.587613,2.998200
2015-03-27,140.2560720000,137.8122162000,140.6527558400,136.6788338000,4014459,784086656.0000,0.351529,-2.019500
2015-03-30,137.9043035200,139.3847842800,140.9290178000,136.7850884000,6345139,1237889232.0000,0.555617,1.141100
2015-03-31,139.3210315200,138.8110094400,142.2182402800,137.4367832800,8813097,1746870224.0000,0.771726,-0.411600
2015-04-01,138.8605949200,138.3718237600,139.9443918400,137.7626307200,7687523,1504959696.0000,0.673164,-0.316400
2015-04-02,138.8110094400,137.8334671200,139.9727264000,136.6292483200,6298161,1228604480.0000,0.551504,-0.389100
2015-04-03,137.4226160000,139.4131188400,139.5547916400,136.5584119200,5121088,996536048.0000,0.448432,1.146100
2015-04-07,139.4414534000,142.1474038800,142.4378331200,138.6976712000,5982433,1189027072.0000,0.523857,1.961300
2015-04-08,143.4437100000,144.8604380000,149.2381275200,142.7990987600,13585716,2798381808.0000,1.189644,1.908600
2015-04-09,144.8462707200,141.6728000000,145.8379803200,140.9998542000,6239973,1255308048.0000,0.546408,-2.200500
2015-04-10,141.6657163600,141.8286400800,143.7908083600,141.3965380400,10201946,2048914304.0000,0.893342,0.110000
2015-04-13,142.7707642000,144.4354196000,144.8533543600,140.9219341600,9135609,1840018384.0000,0.799967,1.838000
2015-04-14,144.5062560000,145.9229840000,148.2464179200,144.4779214400,8190313,1691094336.0000,0.717192,1.029900
2015-04-15,148.1189124000,145.7104748000,148.6005999200,144.6195942400,5500520,1135635920.0000,0.481658,-0.145600
2015-04-16,147.7293122000,160.2815222800,160.2815222800,147.2192901200,8601417,1877332304.0000,0.753190,10.000000
2015-04-17,169.2281596000,164.7371318400,176.1701268000,161.7053339200,19209491,4577504000.0000,1.682095,2.779900
2015-04-20,162.9237200000,165.7784269200,174.0450348000,162.2153560000,13058871,3118764544.0000,1.143511,0.632100
2015-04-21,170.0073600000,182.3541445200,182.3541445200,170.0073600000,12240188,3039243968.0000,1.071822,9.998700
2015-04-22,190.4082432000,186.9301759600,190.5499160000,182.1274680400,13463506,3543576704.0000,1.178943,2.509400
2015-04-23,187.0080960000,181.3695185600,187.1285178800,179.2019247200,8603012,2214737648.0000,0.753330,-2.974700
2015-04-24,178.4227243200,183.1050103600,183.9479635200,173.5562636400,10053123,2547399872.0000,0.880310,0.956900
2015-04-27,182.4603991200,181.1924275600,189.6998792000,179.2090083600,7897335,2050832432.0000,0.691537,-1.044500
2015-04-28,179.9244560000,175.5963519600,183.1829304000,175.0013262000,8729177,2187970736.0000,0.764378,-3.088500
2015-04-29,174.3283804000,176.9351599200,179.2160920000,174.3283804000,5930057,1477767696.0000,0.519270,0.762400
2015-04-30,177.9056186000,178.6706517200,180.5619836000,175.4971810000,6406407,1610938048.0000,0.560982,0.980900
2015-05-04,178.9752482400,180.6115690800,183.4662760000,177.1051672800,5473902,1398337296.0000,0.479327,1.086300
2015-05-05,178.5077280000,170.6803058000,178.5077280000,169.9223563200,7370003,1801146752.0000,0.645360,-5.498700
2015-05-06,172.8266487200,171.9057755200,174.9588243600,170.0144436400,6032432,1472597536.0000,0.528235,0.718000
2015-05-07,173.5491800000,173.4995945200,178.4227243200,171.8207718400,6810290,1693825904.0000,0.596349,0.927100
2015-05-08,174.3425476800,180.0448778800,180.5478163200,174.1867076000,5780559,1447670272.0000,0.506179,3.772500
2015-05-11,178.1535460000,182.3612281600,182.7508283600,177.0910000000,6134570,1552417968.0000,0.537179,1.286500
2015-05-12,182.1912208000,180.2219688800,182.1912208000,178.5077280000,4703129,1193035136.0000,0.411833,-1.173100
2015-05-13,179.7827832000,181.6245296000,186.2784810800,178.8619100000,5891341,1520374560.0000,0.515880,0.778200
2015-05-14,181.5182750000,178.0897932400,183.8204580000,177.9552040800,4185329,1062504720.0000,0.366492,-1.946200
2015-05-15,178.0897932400,173.6696018800,179.5631903600,171.1478260400,5418507,1333031168.0000,0.474476,-2.482000
2015-05-18,173.5491800000,170.8148949600,173.5491800000,170.0781964000,3536324,856505072.0000,0.309661,-1.643800
2015-05-19,170.7511422000,177.1193345600,177.2468400800,170.1490328000,4763777,1174434448.0000,0.417144,3.690800
2015-05-20,178.5077280000,179.8890378000,184.1746400000,176.5951452000,6377150,1631009456.0000,0.558420,1.563800
2015-05-21,181.3411840000,183.1758467600,185.0955132000,179.9315396400,4766913,1230234944.0000,0.417419,1.827100
2015-05-22,183.9479635200,195.4092930400,196.0751552000,183.8842107600,6664906,1779754352.0000,0.583618,6.678500
2015-05-25,191.2582800000,203.1800461200,204.3559303600,190.5499160000,6747362,1868570176.0000,0.590838,3.976700
2015-05-26,203.0171224000,202.2662565600,205.4255600000,201.1470414400,6091468,1746031120.0000,0.533404,-0.449700
2015-05-27,202.2520892800,196.1459916000,204.9438724800,193.3833720000,4693479,1309260000.0000,0.410988,-3.025900
2015-05-28,194.9771910000,184.9609240400,199.0502840000,184.2454764000,6088499,1650995552.0000,0.533144,-5.702400
2015-05-29,184.1817236400,186.8876741200,190.5499160000,184.0967199600,5778309,1531805536.0000,0.505982,1.041700
2015-06-01,186.9655941600,192.2924914400,193.3692047200,184.0329672000,6581670,1747123648.0000,0.576329,2.892000
2015-06-02,191.6124620000,188.8640096800,191.6124620000,184.6421602400,6463560,1708951664.0000,0.565987,-1.783000
2015-06-03,187.8439655200,186.1509755600,188.8640096800,184.1817236400,4642403,1218378720.0000,0.406516,-1.436500
2015-06-04,186.2855647200,182.9066684400,187.7164600000,170.0073600000,9236273,2332785392.0000,0.808782,-1.742800
2015-06-05,182.8358320400,179.8111177600,185.6622044000,174.2575440000,8573823,2188974560.0000,0.750774,-1.692400
2015-06-08,178.1606296400,187.4614489600,189.5157045600,176.9493272000,9600797,2462736704.0000,0.840702,4.254700
2015-06-09,187.7164600000,183.4875269200,191.1166072000,181.6953660000,7785186,2045525408.0000,0.681716,-2.119900
2015-06-10,181.0861729600,184.9184222000,189.0481843200,179.7827832000,8046208,2096832880.0000,0.704573,0.779800
2015-06-11,184.1746400000,184.2171418400,187.3622780000,182.5949882800,5295454,1378413760.0000,0.463701,-0.379200
2015-06-12,185.6763716800,188.4248240000,193.3833720000,184.8830040000,9090952,2438986512.0000,0.796057,2.284100
2015-06-15,189.1190207200,184.8050839600,192.6750080000,184.2313091200,10001422,2664672592.0000,0.875783,-1.921000
2015-06-16,183.4662760000,179.8890378000,188.2831512000,178.8619100000,6930384,1789696032.0000,0.606865,-2.660100
2015-06-17,179.8961214400,180.6965727600,182.5879046400,176.3826360000,5838881,1478407040.0000,0.511286,0.448900
2015-06-18,179.2302592800,172.8195650800,180.4911472000,170.4323784000,6150650,1530836128.0000,0.538587,-4.359200
2015-06-19,174.1654566800,166.6851328400,176.0213703600,165.7713432800,6760866,1646002768.0000,0.592021,-3.549600
2015-06-23,169.8656872000,178.6848190000,181.2349294000,165.8492633200,8124734,1989068144.0000,0.711449,7.199000
2015-06-24,177.0910000000,185.0317604400,187.8581328000,175.4263446000,9570694,2463553856.0000,0.838066,3.552000
2015-06-25,185.2371860000,178.3589715600,185.6126189200,177.2397564400,6652166,1707385600.0000,0.582502,-3.606300
2015-06-26,177.1051672800,171.7428518000,181.1640930000,166.6780492000,9933201,2451381600.0000,0.869809,-3.709400
2015-06-29,175.9363666800,174.7108969600,181.6953660000,161.3653192000,16507167,4057069904.0000,1.445464,1.728200
2015-06-30,174.7108969600,182.5099846000,184.0471344800,174.2575440000,12629819,3205285536.0000,1.105941,4.464000
2015-07-01,180.6328200000,182.3966463600,190.1957340000,177.7851967200,10332654,2696026032.0000,0.904787,-0.062100
2015-07-02,180.8453292000,184.3871492000,200.1836664000,173.5562636400,11845972,3011363680.0000,1.037302,1.091300
2015-07-03,180.6328200000,176.9564108400,184.5288220000,171.5657608000,10960531,2772183168.0000,0.959768,-4.030000
2015-07-06,189.8061338000,179.9527905600,189.8344683600,169.6531780000,27279966,7012491264.0000,2.388793,1.693300
2015-07-07,177.0910000000,172.9683215200,181.7520351200,169.6531780000,16756224,4121731568.0000,1.467273,-3.881300
2015-07-08,162.2153560000,167.7830970400,173.5420963600,155.6700726400,28914054,6738026752.0000,2.531883,-2.997800
2015-07-09,167.7830970400,182.7154101600,184.4650692400,165.0488120000,13820334,3409950544.0000,1.210189,8.899800
2015-07-10,182.0495480000,188.1343947600,200.4670120000,178.4793934400,25614930,6888908288.0000,2.242993,2.965800
2015-07-13,182.7579120000,182.5808210000,188.1273111200,177.7993640000,14892616,3838169456.0000,1.304084,-2.951900
2015-07-14,180.6328200000,176.4180542000,180.7603255200,175.1075808000,9676830,2425239232.0000,0.847360,-3.375400
2015-07-15,175.3200900000,177.9835386400,179.0035828000,172.3307939200,10407746,2585923328.0000,0.911363,0.887400
2015-07-16,177.9835386400,178.2172987600,180.0519615200,175.8584466400,7281433,1826618384.0000,0.637605,0.131300
2015-07-17,181.5953970000,181.0323719700,182.3804600700,178.2172468200,5641853,1284361184.0000,0.449121,1.579600
2015-07-20,180.1283599500,178.5106542300,180.7231047000,176.4409425000,6793355,1531275696.0000,0.540787,-1.393000
2015-07-21,175.8461977500,175.7748283800,177.7890306000,174.4584600000,5178996,1148423248.0000,0.412276,-1.532600
2015-07-22,174.4584600000,172.1825700900,176.0444460000,171.7464239400,7085510,1552554832.0000,0.564044,-2.043700
2015-07-23,172.8645440700,174.0936832200,174.9342558000,171.1040996100,6474810,1411411696.0000,0.515429,1.109900
2015-07-24,174.8549565000,173.8319955300,177.3846041700,173.4672187500,5739009,1271122144.0000,0.456856,-0.150300
2015-07-27,172.0794810000,159.8039493600,175.4893509000,159.3915930000,7694415,1628465536.0000,0.612516,-8.069900
2015-07-28,158.4875809800,163.2217491900,166.0844539200,156.6002576400,8670357,1766521472.0000,0.690206,2.138700
2015-07-29,164.7680855400,164.7363658200,166.5285300000,160.2876750900,6650743,1364157584.0000,0.529434,0.928000
2015-07-30,165.6007281900,163.3248382800,165.6007281900,162.6428643000,4113400,853284368.0000,0.327448,-0.856800
2015-07-31,163.9116531000,164.0147421900,164.0940414900,160.9775790000,4073664,835374144.0000,0.324285,0.422400
2015-08-03,162.5635650000,166.1796130800,166.5206000700,160.9775790000,5455303,1117796048.0000,0.434271,1.319900
2015-08-04,165.9417151800,168.0907262100,169.6846421400,165.9417151800,5953396,1260302960.0000,0.473922,1.150000
2015-08-05,168.8519994900,164.3002196700,169.5815530500,164.1019714200,4314385,907597376.0000,0.343448,-2.255000
2015-08-06,163.5389463900,162.5318452800,164.5460475000,160.9775790000,3924980,805358560.0000,0.312449,-1.076300
2015-08-07,164.5381175700,164.0940414900,165.4183398000,163.0393608000,3952134,819022560.0000,0.314611,0.961200
2015-08-10,164.1574809300,168.3524139000,168.9075090000,162.6666540900,5649643,1182083552.0000,0.449742,2.595100
2015-08-11,168.3524139000,167.1232747500,168.4396431300,166.5364599300,5089705,1076261232.0000,0.405167,-0.730100
2015-08-12,166.5206000700,166.1082437100,169.9304699700,165.5372887500,4582434,968610592.0000,0.364786,-0.607400
2015-08-13,167.7180195000,166.1399634300,167.7180195000,163.3565580000,3518025,733202192.0000,0.280053,0.019100
2015-08-14,166.9250265000,166.5126701400,167.6387202000,165.9337852500,3066690,645849792.0000,0.244125,0.224300
2015-08-17,164.9584038600,163.5310164600,165.5927982600,161.7705720000,5385832,1108212048.0000,0.428741,-1.790600
2015-08-18,164.1336911400,159.4391725800,164.5460475000,158.8761475500,5128552,1047896512.0000,0.408260,-2.502200
2015-08-19,158.4003517500,159.8832486600,160.3114648800,157.1553527400,5026180,1004394400.0000,0.400111,0.278500
2015-08-20,159.2567841900,154.6891445100,159.3915930000,154.5543357000,3964503,788892224.0000,0.315595,-3.248700
2015-08-21,151.8740193600,147.7583856900,154.5226159800,147.5918571600,7562061,1433277968.0000,0.601980,-4.480400
2015-08-24,143.5317330000,134.5233325200,143.9282295000,133.3814226000,8981284,1559048768.0000,0.714958,-8.957200
2015-08-25,132.7946077800,140.0346338700,144.7291524300,131.7954366000,12308058,2165823584.0000,0.979787,4.096900
2015-08-26,140.1694426800,145.8155528400,149.4791805000,138.7737750000,9157253,1663612848.0000,0.728966,4.128200
2015-08-27,150.6686700000,156.2751305100,158.5193007000,146.6164757700,8705201,1663248880.0000,0.692980,7.173200
2015-08-28,154.6336350000,152.7701014500,154.8636029700,148.3927800900,8992583,1720106864.0000,0.715857,-2.242900
2015-08-31,150.1452946200,154.9270424100,155.0301315000,146.8464437400,6273019,1198185024.0000,0.499366,1.411900
2015-09-01,152.1119172600,154.1340494100,154.6336350000,149.0826840000,8743269,1688392992.0000,0.696011,-0.511800
2015-09-02,150.7558992300,154.3243677300,154.6336350000,150.0342756000,10694546,2052413264.0000,0.851343,0.123500
2015-09-07,152.7304518000,149.6457090300,153.8406420000,149.5981294500,3221642,615819760.0000,0.256460,-3.031700
2015-09-08,149.4474607800,150.1294347600,151.0413767100,146.7037050000,3309858,621914336.0000,0.263482,0.323200
2015-09-09,150.7796890200,152.1436369800,153.7375529100,150.7796890200,3521516,676337504.0000,0.280331,1.341600
2015-09-10,150.9700073400,153.2141775300,153.2855469000,149.9866960200,2685248,514766384.0000,0.213760,0.703600
2015-09-11,152.1594968400,152.9762796300,153.9199413000,151.5013126500,1693214,326277632.0000,0.134789,-0.155300
2015-09-14,152.5956429900,160.6048722900,160.8189804000,149.0033847000,8617555,1678995776.0000,0.686003,4.986800
2015-09-15,157.0205439300,160.1845860000,160.2004458600,154.7287941600,5188434,1035493472.0000,0.413027,-0.261700
2015-09-16,158.6065299300,162.2067181500,166.1637532200,156.7985058900,3719802,753188784.0000,0.296116,1.262400
2015-09-17,160.6603818000,157.0126140000,163.1979594000,156.7033467300,2642300,533638544.0000,0.210341,-3.202200
2015-09-18,157.4884098000,158.1465939900,159.3043637700,157.0126140000,1564276,312040976.0000,0.124525,0.722200
2015-09-21,157.0205439300,158.0435049000,159.1536951000,157.0126140000,1652767,329196736.0000,0.131569,-0.065200
2015-09-22,159.2092046100,158.0197151100,159.5343317400,157.7897471400,1645740,329161936.0000,0.131010,-0.015100
2015-09-23,156.3385699500,154.4115969600,157.7976770700,153.9199413000,2234432,438412336.0000,0.177873,-2.283300
2015-09-24,155.2680294000,153.8406420000,155.6486660400,152.8890504000,1388674,269653184.0000,0.110546,-0.369800
2015-09-25,153.8327120700,153.4124257800,154.5543357000,150.2721735000,2445597,470411104.0000,0.194682,-0.278300
2015-09-28,151.8422996400,151.7630003400,152.4925539000,150.0580653900,1234110,235369401.0000,0.098242,-1.075200
2015-09-29,150.3118231500,150.8034788100,151.7550704100,149.3205819000,1840982,348759184.0000,0.146552,-0.632300
2015-09-30,150.8510583900,150.9144978300,151.8422996400,150.8034788100,1163463,222178053.0000,0.092618,0.073600
2015-10-08,157.6311485400,156.6319773600,159.8515289400,156.2196210000,3439179,684138048.0000,0.273777,3.788600
2015-10-09,157.6311485400,156.1799713500,157.7263077000,155.8231245000,1572174,310187696.0000,0.125153,-0.288600
2015-10-12,157.8056070000,157.0839833700,162.1591385700,156.8936650500,4903000,982174160.0000,0.390305,0.578800
2015-10-13,157.0839833700,157.5994288200,158.6699693700,157.0839833700,1575113,313495456.0000,0.125387,0.328100
2015-10-14,157.7897471400,156.8778051900,158.2021035000,156.2275509300,1521339,301666752.0000,0.121107,-0.457900
2015-10-15,157.1394928800,158.5906700700,158.8920074100,156.6636970800,1655013,329836768.0000,0.131748,1.091800
2015-10-16,159.5660514600,159.1854148200,160.5017832000,158.1307341300,1923843,386383072.0000,0.153148,0.375000
2015-10-19,162.5159854200,160.7555409600,162.5159854200,160.1052867000,2612145,531101872.0000,0.207941,0.986300
2015-10-20,160.2004458600,160.1607962100,160.8824198400,159.5343317400,1478429,298284288.0000,0.117691,-0.370000
2015-10-21,160.2480254400,158.8444278300,160.6207321500,156.2275509300,2234914,447195040.0000,0.177911,-0.821900
2015-10-22,158.7889183200,160.6048722900,160.7634708900,158.1465939900,2372030,478632752.0000,0.188826,1.108300
2015-10-23,163.1979594000,167.3056631400,172.5552768000,162.9997111500,5627734,1189746960.0000,0.447997,4.172200
2015-10-26,168.1145160000,172.6583658900,173.1103719000,164.9425440000,4334626,932490832.0000,0.345059,3.199400
2015-10-27,172.1587803000,170.6917432500,172.6187162400,168.5744519400,2257279,484597008.0000,0.179691,-1.139000
2015-10-28,170.4855650700,168.4634329200,170.4855650700,168.0352167000,1655922,353020512.0000,0.131820,-1.305500
2015-10-29,168.1145160000,168.9075090000,170.3269664700,168.1145160000,1345435,287688320.0000,0.107104,0.263600
2015-10-30,168.8678593500,169.5894829800,171.1278894000,168.2096751600,1225791,263117287.0000,0.097579,0.403800
2015-11-02,170.1762978000,168.5585920800,171.1754689800,168.5110125000,1529820,328246688.0000,0.121782,-0.607900
2015-11-03,168.8440695600,166.2985620300,171.0961696800,165.2597412000,2317329,493565248.0000,0.184472,-1.340800
2015-11-04,166.9884659400,170.4776351400,171.2864880000,166.6157592300,3080972,659118992.0000,0.245262,2.513000
2015-11-05,170.1762978000,171.7305640800,177.0594770400,169.3040055000,4998258,1087812240.0000,0.397888,0.735000
2015-11-06,172.3570285500,173.2055310600,173.3482698000,170.9375710800,2169571,471929424.0000,0.172709,0.858900
2015-11-09,176.0444460000,175.1166441900,178.1538073800,173.6654670000,4052729,900398640.0000,0.322619,1.103400
2015-11-10,174.4584600000,176.3457833400,177.7255911600,173.7923458800,2872976,639416128.0000,0.228704,0.701900
2015-11-11,176.0523759300,174.5774089500,176.8374390000,173.3482698000,2381550,524296320.0000,0.189584,-1.002800
2015-11-12,174.6408483900,174.4663899300,176.8374390000,173.9668043400,1618085,357408912.0000,0.128808,-0.063600
2015-11-13,172.9517733000,170.5807242300,174.0619635000,170.3586861900,2839718,614644800.0000,0.226057,-2.227200
2015-11-16,168.5110125000,169.5260435400,171.6829845000,168.1145160000,2391670,511461328.0000,0.190390,-0.618300
2015-11-17,170.2714569600,169.9859794800,172.4759775000,169.0185280200,2198635,473813952.0000,0.175023,0.271300
2015-11-18,169.3753748700,170.2238773800,171.2864880000,169.3753748700,1972554,423815328.0000,0.157026,0.140000
2015-11-19,169.7005020000,170.5172847900,171.2864880000,169.6212027000,1526276,327777824.0000,0.121500,0.172400
2015-11-20,170.6045140200,169.4784639600,171.1120295400,168.9868083000,2227423,476413648.0000,0.177315,-0.609200
2015-11-23,168.9075090000,168.6061716600,169.5736231200,168.5189424300,2099473,446996432.0000,0.167129,-0.514700
2015-11-24,168.4237832700,167.8686881700,169.1295470400,166.5285300000,2046902,431548240.0000,0.162944,-0.437400
2015-11-25,167.8766181000,168.8916491400,168.9075090000,166.8457272000,2424981,512351424.0000,0.193041,0.609400
2015-11-26,169.2960755700,168.7806301200,169.5339734700,167.9797071900,1880453,400523680.0000,0.149694,-0.065700
2015-11-27,168.5030825700,164.7363658200,168.5427322200,163.8561435900,1622072,339061424.0000,0.129126,-2.396200
2015-11-30,164.9742637200,169.9463298300,170.3190365400,164.7760154700,3344003,702029936.0000,0.266200,3.162600
2015-12-01,168.9075090000,169.5419034000,169.6608523500,167.3215230000,1887754,400895904.0000,0.150275,-0.238000
2015-12-02,170.0811386400,175.7113889400,180.0094110000,168.1145160000,4789145,1055325952.0000,0.381241,3.638900
2015-12-03,173.6654670000,174.6170586000,175.5686502000,171.8415831000,2238683,489928576.0000,0.178211,-0.622800
2015-12-04,174.4267402800,170.7393228300,174.4267402800,170.5014249300,2084871,452200736.0000,0.165967,-2.220700
2015-12-07,170.4934950000,170.1049284300,172.0636211400,169.0661076000,1925509,413697600.0000,0.153281,-0.371600
2015-12-08,170.1366481500,168.0669364200,170.1366481500,167.6862997800,1739368,370510928.0000,0.138463,-1.198100
2015-12-09,167.7814589400,170.0732087100,170.5331446500,167.7180195000,1411977,302039600.0000,0.112401,1.193700
2015-12-10,170.4934950000,168.8757892800,171.4450866000,168.1065860700,1378671,295297552.0000,0.109750,-0.704100
2015-12-11,168.5110125000,167.6466501300,168.5110125000,166.9250265000,1303548,275655728.0000,0.103769,-0.727800
2015-12-14,166.6791986700,169.7798013000,170.3983358400,165.7355370000,2070134,439584112.0000,0.164794,1.272400
2015-12-15,169.5419034000,170.1049284300,170.1683678700,168.1779554400,1508839,321828816.0000,0.120112,0.191500
2015-12-16,170.0256291300,169.6291326300,170.2080175200,168.5823818700,2014480,430371568.0000,0.160363,-0.279700
2015-12-17,170.0097692700,171.1754689800,171.9843218400,169.7005020000,2425321,523818384.0000,0.193068,0.911600
2015-12-18,170.8899915000,171.9843218400,173.7844159500,170.5807242300,2846020,618897536.0000,0.226558,0.472500
2015-12-21,172.8724740000,180.0332007900,181.7381357400,172.8724740000,5939189,1341466592.0000,0.472791,4.680000
2015-12-22,179.8508124000,178.4472147900,179.8508124000,177.0594770400,2840245,638684800.0000,0.226099,-0.880900
2015-12-23,178.7802718500,176.8374390000,179.7635831700,176.5995411000,2237497,501438272.0000,0.178117,-0.902100
2015-12-24,177.6145721400,178.2489665400,178.9626602400,176.9960376000,1557788,350137312.0000,0.124008,0.798200
2015-12-25,178.4234250000,178.0269285000,178.9468003800,176.7422798400,1154295,258870006.0000,0.091888,-0.124600
2015-12-28,178.8040616400,173.7606261600,179.2164180000,173.6654670000,2559452,569404128.0000,0.203746,-2.396400
2015-12-29,173.3641296600,174.3236511900,174.8073769200,173.2769004300,1577433,345982480.0000,0.125572,0.324000
2015-12-30,174.6011987400,173.5544479800,174.9818353800,172.4918373600,2014766,440489184.0000,0.160386,-0.441300
2015-12-31,173.0469324600,173.0231426700,174.0619635000,172.7297352600,1967387,429872176.0000,0.156614,-0.306100
2016-01-04,172.8724740000,166.5443898600,172.8724740000,166.5206000700,1734969,371909824.0000,0.138113,-3.744400
2016-01-05,166.5285300000,168.7647702600,169.6767122100,164.5539774300,3190891,672596336.0000,0.254012,1.333200
2016-01-06,168.7330505400,168.2572547400,169.4308843800,165.9734349000,2376090,502483568.0000,0.189149,-0.300700
2016-01-07,165.7276070700,160.3669743900,165.7276070700,158.6223897900,814868,167829920.0000,0.064868,-4.689400
2016-01-08,161.9053808100,162.2701575900,164.9425440000,158.5986000000,4451009,911812832.0000,0.354324,1.186800
2016-01-11,161.1044578800,158.4875809800,161.6040434700,158.1228042000,2970258,596838944.0000,0.236448,-2.331000
2016-01-12,159.4708923000,156.0530924700,160.2638853000,155.4266280000,4028723,801495584.0000,0.320708,-1.536100
2016-01-13,157.8849063000,158.4241415400,163.3565580000,157.4884098000,2920198,592420624.0000,0.232463,1.519400
2016-01-14,156.3068502300,162.4208262600,163.3406981400,155.0380614300,3477606,699341424.0000,0.276836,2.522800
2016-01-15,162.3653167500,157.8056070000,163.4992967400,157.0126140000,2668119,537750016.0000,0.212396,-2.841500
2016-01-18,157.0126140000,158.1465939900,160.5017832000,156.3782196000,2737123,548614384.0000,0.217889,0.216100
2016-01-19,159.3915930000,166.7188483200,166.7902176900,158.6065299300,5911022,1224859280.0000,0.470549,5.420500
2016-01-20,164.1495510000,160.4383437600,166.6554088800,159.3995229300,4096866,835946960.0000,0.326132,-3.767100
2016-01-21,159.5977711800,158.8047781800,162.2384378700,158.5193007000,2183229,439737648.0000,0.173797,-1.018200
2016-01-22,161.0648082300,160.7714008200,161.2947762000,157.6549383300,2273348,456952016.0000,0.180971,1.238400
2016-01-25,160.9775790000,160.7951906100,161.3661455700,159.7880895000,1375045,278273552.0000,0.109461,0.014800
2016-01-26,159.3836630700,157.8135369300,162.1432787100,157.4091105000,2228092,448487472.0000,0.177368,-1.854300
2016-01-27,158.5827401400,158.5430904900,159.3043637700,155.1887301000,2984041,589842576.0000,0.237545,0.462300
2016-01-28,158.4003517500,155.9341435200,158.4003517500,155.1252906600,1790300,353744032.0000,0.142517,-1.645600
2016-01-29,156.6002576400,159.1140454500,160.5810825000,156.2196210000,2309024,461975280.0000,0.183811,2.039300
2016-02-01,160.2638853000,159.6215609700,160.8189804000,158.5113707700,1917802,386028336.0000,0.152667,0.319000
2016-02-02,160.1845860000,162.2067181500,162.4049664000,159.1061155200,1784208,362596992.0000,0.142032,1.619600
2016-02-03,160.6445219400,161.5009543800,162.2146480800,159.7880895000,1515699,307933680.0000,0.120658,-0.435100
2016-02-04,162.4049664000,162.5556350700,163.2613988400,161.4057952200,1662475,340315136.0000,0.132342,0.653100
2016-02-05,162.5556350700,161.6674829100,162.7063037400,160.6048722900,1422767,290691680.0000,0.113260,-0.546400
2016-02-15,158.5986000000,158.9237271300,160.9775790000,158.2814028000,1947018,390748384.0000,0.154993,-1.697200
2016-02-16,159.0426760800,161.7071325600,164.9425440000,159.0426760800,1922316,393326288.0000,0.153027,1.751400
2016-02-17,161.5643938200,160.4224839000,162.5001255600,159.0030264300,2034911,411126976.0000,0.161990,-0.794400
2016-02-18,161.1361776000,159.9546180300,161.4533748000,159.4708923000,1889256,381696256.0000,0.150395,-0.291600
2016-02-19,159.8832486600,161.0648082300,161.1203177400,159.4946820900,1423846,287755552.0000,0.113346,0.694100
2016-02-22,163.3565580000,164.7839454000,165.1963017600,163.3565580000,2775986,574540624.0000,0.220983,2.309100
2016-02-23,164.7601556100,168.4396431300,170.4776351400,164.1654108600,3746089,795824528.0000,0.298209,2.218500
2016-02-24,168.2731146000,172.6662958200,172.8962637900,167.3294529300,3312902,717612352.0000,0.263725,2.509300
2016-02-25,173.5068684000,168.4396431300,174.8390966400,168.2176050900,3948065,855036784.0000,0.314287,-2.447900
2016-02-26,168.9868083000,171.9526021200,173.8637152500,167.5277011800,2833271,609924304.0000,0.225543,2.085600
2016-02-29,173.6575370700,170.4221256300,175.1562938400,163.9909524000,4771246,1022532384.0000,0.379816,-0.890100
2016-03-01,171.2547682800,173.2055310600,174.6963579000,166.8457272000,3400459,736088848.0000,0.270695,1.633200
2016-03-02,173.6654670000,177.8048904600,178.8199215000,173.4037793100,4794266,1073462816.0000,0.381649,2.655400
2016-03-03,178.4234250000,180.6517353300,183.9585161400,175.7748283800,4019328,914557328.0000,0.319960,1.601100
2016-03-04,179.9142518400,189.3508685400,190.4451988800,178.4313549300,8583869,2007278352.0000,0.683321,4.815400
2016-03-07,188.8195632300,185.2748845200,190.3183200000,183.2210326500,3934555,924016288.0000,0.313211,-2.152600
2016-03-08,185.0052669000,181.7619255300,185.0052669000,180.0094110000,2614722,600938832.0000,0.208146,-1.896100
2016-03-09,180.0094110000,180.3583279200,184.4898214500,179.2957173000,1640260,375804064.0000,0.130573,-0.772200
2016-03-10,181.5874670700,180.8499835800,185.3224641000,180.8024040000,2572746,593953296.0000,0.204804,0.272600
2016-03-11,179.6446342200,180.8420536500,183.8792168400,178.8199215000,1632008,373343712.0000,0.129916,-0.004400
2016-03-14,182.9910646800,178.0824380100,185.1638655000,176.2030446000,4527783,1029457824.0000,0.360436,-1.526000
2016-03-15,178.2648264000,183.9109365600,185.8696292700,177.9000496200,3635633,832373600.0000,0.289416,3.272900
2016-03-16,182.5628484600,181.2861297300,184.3708725000,178.4234250000,2425097,555358080.0000,0.193051,-1.427200
2016-03-17,182.3883900000,182.0394730800,185.6396613000,181.0403019000,2882095,665454448.0000,0.229430,0.415600
2016-03-18,183.9743760000,179.2164180000,184.1805541800,179.0419595400,7056894,1613934128.0000,0.561766,-1.550800
2016-03-21,179.7397933800,183.9585161400,183.9902358600,179.7318634500,3854745,885665712.0000,0.306858,2.646000
2016-03-22,184.1805541800,185.9489285700,188.8750727400,183.5778795000,4176661,981582400.0000,0.332484,1.082000
2016-03-23,186.5119536000,186.3295652100,187.9393410000,184.5136112400,2141206,503035648.0000,0.170451,0.204700
2016-03-24,186.3533550000,192.4276813800,194.6004822000,183.4192809000,6206802,1487290880.0000,0.494094,3.272800
2016-03-25,192.3008025000,194.2674251400,198.0817214700,191.1271728600,4475616,1100326144.0000,0.356283,0.956100
2016-03-28,194.2674251400,197.9151929400,200.9285663400,194.2674251400,4833765,1207751712.0000,0.384793,1.877700
2016-03-29,197.9310528000,196.7494932300,199.0412430000,193.8392089200,3668805,911522992.0000,0.292056,-0.589000
2016-03-30,197.4552570000,197.1856393800,198.5654472000,194.6639216400,2778260,688591408.0000,0.221164,0.221700
2016-03-31,198.1213711200,196.3767865200,198.4861479000,195.8613410700,1945734,483196896.0000,0.154891,-0.410200
2016-04-01,197.4156073500,194.3546543700,198.6368165700,193.9185082200,2514607,620149504.0000,0.200176,-1.029700
2016-04-05,192.6972990000,194.6956413600,196.2657675000,192.6972990000,2504785,615354320.0000,0.199394,0.175400
2016-04-06,194.9176794000,203.9657295300,204.2749968000,194.9176794000,4842492,1225137024.0000,0.385488,4.761300
2016-04-07,203.7119717700,201.5074512300,204.1798376400,200.3258916600,2553639,650128768.0000,0.203283,-1.205200
2016-04-08,199.8342360000,198.1372309800,202.9189787700,196.8208626000,2315602,583704016.0000,0.184334,-1.672500
2016-04-11,198.6447465000,193.2682539600,202.3559537400,193.0937955000,11928468,2930751136.0000,0.949569,-2.457400
2016-04-12,193.2523941000,194.2198455600,194.2832850000,191.9836053000,2333909,568663728.0000,0.185792,0.492400
2016-04-13,194.6004822000,192.0946243200,197.1618495900,191.6664081000,5427425,1328412384.0000,0.432052,-1.094200
2016-04-14,192.2056433400,192.5069806800,194.1484761900,191.1113130000,2866437,696651872.0000,0.228184,0.214700
2016-04-15,192.4118215200,194.2039857000,194.2674251400,191.2699116000,1902926,463404864.0000,0.151483,0.881500
2016-04-18,192.5387004000,193.2365342400,195.0762780000,192.3008025000,1859304,453989136.0000,0.148010,-0.498200
2016-04-19,193.9581578700,192.8400377400,194.4339536700,191.4681598500,1423668,345816832.0000,0.113332,-0.205200
2016-04-20,192.8479676700,189.0812509200,193.8074892000,186.9877494000,3370850,808354336.0000,0.268338,-1.949200
2016-04-21,190.7148165000,190.6117274100,192.1422039000,188.9702319000,2967222,713190672.0000,0.236207,0.809400
2016-04-22,191.1113130000,196.1864682000,196.5671048400,190.6117274100,3545938,869560464.0000,0.282275,2.924700
2016-04-25,195.9644301600,193.9026483600,196.7415633000,192.9351969000,2499028,614481808.0000,0.198936,-1.164100
2016-04-26,194.2436353500,193.3792729800,195.7741118400,192.6972990000,1515668,370224912.0000,0.120655,-0.269900
2016-04-27,193.8867885000,194.1881258400,194.6639216400,193.0858655700,1391510,340092448.0000,0.110772,0.418300
2016-04-28,194.9414691900,195.4251949200,195.6630928200,193.4902920000,1715655,421012816.0000,0.136575,0.637000
2016-04-29,196.1785382700,199.1998416000,200.1752229900,196.1785382700,4607949,1155915392.0000,0.366817,1.931500
2016-05-03,198.6843961500,206.1781800000,207.9862040400,198.6843961500,5647486,1463972624.0000,0.449570,3.503200
2016-05-04,206.1781800000,203.1727365300,208.0734332700,202.9982780700,2863626,743425168.0000,0.227960,-1.457700
2016-05-05,203.4027045000,204.4098056100,204.7111429500,202.6097115000,1351789,347050352.0000,0.107610,0.608900
2016-05-06,204.0450288300,200.0086944600,205.0045503600,199.1364021600,2717369,689911424.0000,0.216317,-2.153100
2016-05-09,198.3513390900,198.8985042600,200.4686304000,197.4631869300,2779918,696784544.0000,0.221296,-0.555100
2016-05-10,197.8517535000,199.8976754400,201.4202220000,197.5424862300,3350589,843441776.0000,0.266725,0.502400
2016-05-11,200.1117835500,203.6961119100,206.5588166400,200.1117835500,4927713,1268594576.0000,0.392272,1.900200
2016-05-12,201.4360818600,202.9744882800,203.4502840800,199.8342360000,1889411,480711456.0000,0.150407,-0.354300
2016-05-13,202.9903481400,199.0095232800,205.3058877000,198.6447465000,2814561,714915408.0000,0.224054,-1.953400
2016-05-16,198.9302239800,199.5408285900,199.6756374000,196.1071689000,2220273,553627504.0000,0.176745,0.267000
2016-05-17,199.0491729300,198.2720397900,200.1514332000,198.1134411900,1178569,295827984.0000,0.093820,-0.635900
2016-05-18,197.5186964400,193.8392089200,199.7152870500,192.7765983000,2838034,700172112.0000,0.225923,-2.235700
2016-05-19,194.4101638800,194.8938896100,197.0587605000,193.8867885000,2088943,514050848.0000,0.166291,0.544100
2016-05-20,195.7423921200,199.2474211800,199.9769747400,193.7440497600,2550157,638079264.0000,0.203006,2.233800
2016-05-23,198.0262119600,201.5788206000,202.2052850700,198.0262119600,1870618,474832784.0000,0.148911,1.170100
2016-05-24,201.7453491300,199.7866564200,202.3797435300,198.3275493000,1167440,294383664.0000,0.092934,-0.889100
2016-05-25,201.8008586400,199.7232169800,202.1656354200,199.0491729300,1778534,450815936.0000,0.141581,-0.031800
2016-05-26,199.8263060700,200.3972610300,201.2616234000,197.6138556000,1812026,454859056.0000,0.144247,0.337500
2016-05-27,200.4051909600,200.1831529200,201.9673871700,199.3425803400,1323044,334258000.0000,0.105321,-0.106800
2016-05-30,199.4377395000,203.1092970900,203.4027045000,198.2482500000,2980692,756013040.0000,0.237279,1.461700
2016-05-31,203.0062080000,209.7228587100,211.4277936600,202.3718136000,5394965,1418668240.0000,0.429468,3.256200
2016-06-01,210.4603422000,209.1836234700,210.5396415000,208.5571590000,2187669,578184016.0000,0.174150,-0.257100
2016-06-02,208.5650889300,212.3159458200,213.0613592400,208.5650889300,2476076,660335568.0000,0.197109,1.497400
2016-06-03,211.7291310000,225.1227827700,227.3828128200,211.2533352000,6479813,1806172752.0000,0.515827,6.032000
2016-06-06,223.6240260000,218.9057176500,224.4170190000,218.0730750000,3726166,1034692864.0000,0.296623,-2.761600
2016-06-07,219.2625645000,220.3331050500,220.8406205700,218.0810049300,1875353,518246016.0000,0.149288,0.652100
2016-06-08,219.1832652000,217.5021200400,220.3410349800,216.8835855000,2388209,656530784.0000,0.190114,-1.284900
2016-06-13,216.7646365500,211.7767105800,219.3894433800,211.1343862500,3777506,1030012784.0000,0.300709,-2.632300
2016-06-14,212.2921560300,216.2888407500,217.1214834000,212.2921560300,2558729,696446752.0000,0.203688,2.130600
2016-06-15,214.6711350300,219.2546345700,220.2934554000,214.2746385300,2732201,752172240.0000,0.217498,1.371200
2016-06-16,217.9620559800,217.2959418600,220.2934554000,217.1056235400,1964357,540824576.0000,0.156373,-0.893300
2016-06-17,216.9628848000,220.6582321800,224.0125925700,216.9628848000,2470518,689165056.0000,0.196666,1.547300
2016-06-20,221.8556516100,218.9532972300,221.9270209800,217.2800820000,1901926,523759584.0000,0.151403,-0.772700
2016-06-21,219.6907807200,217.1294133300,220.4044744200,216.4870890000,1674933,460067360.0000,0.133334,-0.833000
2016-06-22,217.0976936100,220.8009709200,221.5305244800,216.3047006100,2088448,577353680.0000,0.166252,1.691000
2016-06-23,222.0142502100,219.2149849200,222.0142502100,217.9779158400,1398451,386801280.0000,0.111324,-0.718300
2016-06-24,218.2951130400,217.0976936100,219.6590610000,211.8877296000,2012951,550877440.0000,0.160242,-0.965900
2016-06-27,218.0730750000,228.1282262400,231.7918539000,218.0730750000,6364269,1823624048.0000,0.506630,5.080900
2016-06-28,227.6048508600,228.5485125300,229.6983523800,227.0497557600,2428223,699351504.0000,0.193299,0.184200
2016-06-29,228.0251371500,228.5247227400,229.5318238500,225.3686106000,2814760,805690464.0000,0.224070,-0.010400
2016-06-30,229.9838298600,231.4905165600,236.4705126000,229.9838298600,3802240,1116195904.0000,0.302678,1.297800
2016-07-01,232.6653152000,231.8308957200,236.4566580800,230.0729440000,2601495,746622848.0000,0.207093,0.147000
2016-07-04,232.5032920000,238.0930924000,239.3082664000,231.6931760000,2948864,859625104.0000,0.234745,2.701200
2016-07-05,239.0085234800,243.5046672800,245.5461596000,239.0085234800,4170773,1252985744.0000,0.332016,2.272900
2016-07-06,242.8727768000,256.9606940400,257.6168880000,242.2327851600,4734770,1463885920.0000,0.376913,5.526000
2016-07-07,255.8346328000,256.7338615600,264.7459088000,252.8210012800,5072520,1619384208.0000,0.403799,-0.088300
2016-07-08,253.9956694800,251.0630495600,255.5915980000,248.0251145600,4554563,1412963904.0000,0.362567,-2.208800
2016-07-11,250.3501474800,255.2999562400,262.4775840000,250.3501474800,5748167,1825388224.0000,0.457585,1.687600
2016-07-12,255.8022281600,263.0689686800,264.5838856000,255.1865400000,5311945,1712151168.0000,0.422859,3.043100
2016-07-13,261.6917714800,256.9606940400,263.0689686800,255.2270458000,5344828,1697002624.0000,0.425477,-2.321900
2016-07-14,256.0695664400,256.8796824400,259.8852128000,255.3485632000,2923085,928017840.0000,0.232693,-0.031500
2016-07-15,256.9039859200,257.2280323200,257.6411914800,255.2351469600,2681101,848676192.0000,0.213430,0.135600
2016-07-18,257.2118300000,256.1667803600,258.8320620000,255.7212165600,2335289,741065232.0000,0.185901,-0.412600
2016-07-19,255.5915980000,249.6048407600,256.2396908000,247.5309438000,4143166,1282256496.0000,0.329818,-2.561600
2016-07-20,250.0179999200,249.9693929600,251.8407609200,249.1106700000,1773384,548187888.0000,0.141171,0.146100
2016-07-21,251.2574774000,254.6842680800,257.2928416000,250.3258440000,3300949,1041004816.0000,0.262773,1.886200
2016-07-22,253.4852964000,249.4509187200,255.3485632000,249.0134560800,2887145,893047920.0000,0.229832,-2.054800
2016-07-25,249.1916816000,252.1567061600,254.5303460400,248.7056120000,2362353,736751808.0000,0.188056,1.084700
2016-07-26,250.3339451600,258.4594086400,258.8320620000,249.9207860000,3555567,1121135552.0000,0.283042,2.499500
2016-07-27,259.1156026000,254.3845251600,259.7231896000,249.7587628000,3922806,1235833184.0000,0.312276,-1.576600
2016-07-28,252.7561920000,256.0371618000,258.6700388000,252.3511340000,3964399,1254912048.0000,0.315587,0.649700
2016-07-29,255.2513492800,253.6878254000,258.3297900800,253.5663080000,2900737,913987184.0000,0.230914,-0.917600
2016-08-01,253.5663080000,248.6732073600,254.3359182000,247.0853800000,3170185,980681840.0000,0.252364,-1.976700
2016-08-02,248.9081410000,248.0656203600,251.5410180000,245.3436306000,2654142,812078464.0000,0.211284,-0.244300
2016-08-03,248.7056120000,248.5597911200,249.4347164000,246.3967814000,2403907,735080448.0000,0.191364,0.199200
2016-08-04,248.5840946000,248.1385308000,249.7830662800,246.4534895200,2179364,666165440.0000,0.173489,-0.169500
2016-08-05,248.2924528400,247.8387878800,249.8154709200,247.1096834800,2030848,622324416.0000,0.161666,-0.120800
2016-08-08,248.0170134000,249.5967396000,249.7587628000,245.5137549600,2200740,672724160.0000,0.175191,0.709300
2016-08-09,249.6534477200,255.7941270000,257.3495497200,248.2357447200,3928967,1230571984.0000,0.312767,2.483000
2016-08-10,255.2270458000,254.2225019600,256.4017140000,253.8336462800,2094471,659451040.0000,0.166731,-0.614400
2016-08-11,254.6842680800,256.6204453200,260.5090021200,254.3845251600,3193972,1016399248.0000,0.254257,0.943200
2016-08-12,257.1308184000,256.7824685200,257.1308184000,254.3845251600,2335283,737487488.0000,0.185901,0.063100
2016-08-15,255.8346328000,258.2487784800,260.6062160400,254.4979414000,3411013,1084418384.0000,0.271535,0.571000
2016-08-16,260.8573520000,250.7471043200,261.2462076800,249.5157280000,8837869,2755749504.0000,0.703541,-2.904800
2016-08-17,250.8119136000,249.6453465600,251.9217725200,248.3005540000,4375406,1347397792.0000,0.348305,-0.439400
2016-08-18,249.4752222000,248.2438458800,250.8524194000,247.1906950800,3100599,951674784.0000,0.246824,-0.561400
2016-08-19,247.7334728000,248.2843516800,249.0701642000,246.9233568000,1914091,585467696.0000,0.152372,0.016300
2016-08-22,248.0008110800,248.9648491200,250.7957112800,247.8954960000,2081270,640455200.0000,0.165680,0.274100
2016-08-23,248.9729502800,248.6083980800,250.3582486400,247.7334728000,1991426,612752800.0000,0.158528,-0.143200
2016-08-24,248.7218143200,247.3122124800,249.1025688400,246.1375442800,2277942,695005296.0000,0.181336,-0.521400
2016-08-25,247.2474032000,245.4732491600,247.3932240800,243.0915081200,2536258,766099104.0000,0.201900,-0.743600
2016-08-26,245.5785642400,244.2094682000,246.7208278000,243.3588464000,2143645,648346752.0000,0.170645,-0.514800
2016-08-29,249.5157280000,249.1349734800,250.1638208000,247.2474032000,3805557,1169052448.0000,0.302942,2.016900
2016-08-30,248.7056120000,247.7820797600,249.9207860000,246.8180417200,2117052,649198656.0000,0.168529,-0.543000
2016-08-31,248.4625772000,251.2898820400,251.7516481600,247.5228426400,4040144,1250762224.0000,0.321617,1.415700
2016-09-01,250.8929252000,250.0909103600,252.7561920000,249.7182570000,1718597,532785264.0000,0.136809,-0.477100
2016-09-02,249.5157280000,247.7172704800,250.6903962000,246.9881660800,1857224,570909568.0000,0.147845,-0.949100
2016-09-05,248.0575192000,249.9207860000,250.3258440000,247.7415739600,1913870,589626256.0000,0.152354,0.889529
2016-09-06,249.9207860000,251.0873530400,251.4276017600,249.7992686000,2062583,638681584.0000,0.164193,0.466776
2016-09-07,250.8767228800,248.3815656000,250.8767228800,247.4904380000,2964515,908976240.0000,0.235991,-1.077627
2016-09-08,247.2555043600,247.7496751200,248.3005540000,246.6074115600,1670578,509979664.0000,0.132987,-0.254403
2016-09-09,248.4220714000,246.7856370800,248.5921957600,246.2752640000,1622251,494663728.0000,0.129140,-0.389119
2016-09-12,244.6550320000,241.4631749600,246.2752640000,241.2282413200,3823881,1148690128.0000,0.304401,-2.156717
2016-09-13,242.9942942000,243.3831498800,243.8206125200,242.4677188000,1625588,488095088.0000,0.129405,0.795140
2016-09-14,243.1158116000,242.6864501200,244.8170552000,241.4226691600,1852765,556106064.0000,0.147490,-0.286251
2016-09-19,243.0753058000,243.1401150800,244.3066821200,242.9375860800,1285210,385804384.0000,0.102310,0.186934
2016-09-20,243.6666904800,238.9518153600,243.6828928000,238.1741040000,3489260,1031649952.0000,0.277764,-1.722591
2016-09-21,239.0328269600,238.2146098000,239.3001652400,234.2126367600,3903723,1139374176.0000,0.310757,-0.308518
2016-09-22,238.4171388000,240.5882496800,243.0185976800,238.1822051600,2960617,879666032.0000,0.235681,0.996437
2016-09-23,240.6206543200,241.1553308800,242.1841782000,239.3082664000,1267190,376554080.0000,0.100875,0.235700
2016-09-26,240.6044520000,233.9047926800,240.6125531600,233.7589718000,3717608,1080278320.0000,0.295941,-3.006578
2016-09-27,234.0263100800,235.8814757200,236.5376696800,233.9290961600,1791582,520513712.0000,0.142619,0.845081
2016-09-28,236.3837476400,233.6455555600,236.3837476400,232.9569569600,2236001,648736320.0000,0.177998,-0.947903
2016-09-29,233.1918906000,235.7275536800,237.3639880000,233.1918906000,2370569,688873472.0000,0.188710,0.891095
2016-09-30,234.9336400000,241.3416575600,242.7350570800,234.9336400000,2960350,880477808.0000,0.235660,2.381604
2016-10-10,241.8277271600,245.4327433600,246.1618477600,241.8277271600,2110362,637178864.0000,0.167996,1.695139
2016-10-11,246.2752640000,250.2610347200,250.3258440000,245.4651480000,4173675,1279755344.0000,0.332247,1.967264
2016-10-12,249.9207860000,247.7496751200,249.9207860000,247.0043684000,1928602,590793824.0000,0.153527,-1.003498
2016-10-13,248.5435888000,246.1861512400,248.6570050400,245.8783071600,1614398,491591616.0000,0.128515,-0.631088
2016-10-14,245.8459025200,247.5714496000,247.8954960000,245.6271712000,1269092,386317904.0000,0.101026,0.562701
2016-10-17,247.4499322000,245.0195842000,247.4904380000,244.2499740000,1895703,574503344.0000,0.150908,-1.030757
2016-10-18,245.0600900000,248.8352305600,249.9207860000,244.6550320000,3038931,932443504.0000,0.241915,1.557279
2016-10-19,249.9207860000,248.2600482000,250.1233150000,247.1663916000,1412328,433658688.0000,0.112429,-0.231147
2016-10-20,249.0215572400,247.4742356800,249.0215572400,246.9233568000,1407992,429896208.0000,0.112084,-0.316528
2016-10-21,247.1501892800,246.4291860400,247.4742356800,245.1330004400,1148332,349209696.0000,0.091413,-0.422289
2016-10-24,245.1411016000,248.6489038800,248.7056120000,245.1411016000,2624652,802002336.0000,0.208936,0.900750
2016-10-25,249.0215572400,253.5177010400,253.5663080000,249.0215572400,4376239,1363211040.0000,0.348372,1.958104
2016-10-26,253.5663080000,254.1171868800,257.8680239600,252.4726514000,4681307,1475976848.0000,0.372657,0.236464
2016-10-27,253.5582068400,256.7014569200,257.7951135200,251.9541771600,3295162,1039017328.0000,0.262312,1.016961
2016-10-28,257.2118300000,256.8472778000,257.9652378800,254.3764240000,2013733,637478016.0000,0.160304,0.056803
2016-10-31,258.4270040000,257.5763822000,261.5054448000,256.6447488000,4359610,1394967920.0000,0.347048,0.283875
2016-11-01,257.5763822000,256.5475348800,258.4270040000,255.6321038000,1951239,617880128.0000,0.155329,-0.399440
2016-11-02,256.0695664400,255.3323608800,256.9363905600,254.1171868800,2063642,650629056.0000,0.164277,-0.473664
2016-11-03,255.1865400000,255.8832397600,256.3693093600,254.4979414000,1869081,589861360.0000,0.148789,0.215747
2016-11-04,255.9885548400,255.0407191200,257.8194170000,254.3602216800,2061927,650490000.0000,0.164140,-0.329253
2016-11-07,255.1865400000,255.4538782800,256.8067720000,253.7283312000,1604780,505304912.0000,0.127749,0.161991
2016-11-08,256.4017140000,259.2371200000,261.0031728800,255.7374188800,3419383,1093003616.0000,0.272201,1.480993
2016-11-09,259.2371200000,256.6528499600,260.8330485200,254.2144008000,3000449,951077200.0000,0.238852,-0.996876
2016-11-10,258.5080156000,258.5323190800,260.0472360000,257.3981566800,1780496,568571584.0000,0.141737,0.732302
2016-11-11,257.6087868400,255.2513492800,257.8599228000,255.0245168000,3590265,1133744320.0000,0.285804,-1.269081
2016-11-14,255.6321038000,251.9379748400,255.8913409200,251.1278588400,3992049,1246340880.0000,0.317788,-1.298082
2016-11-15,251.1602634800,254.3845251600,255.7131154000,251.1602634800,2447055,766112496.0000,0.194799,0.971099
2016-11-16,254.2225019600,253.6878254000,255.5105864000,252.7561920000,1339981,419672480.0000,0.106670,-0.273882
2016-11-17,252.8210012800,251.9784806400,253.5663080000,251.5653214800,1833776,570642080.0000,0.145978,-0.673794
2016-11-18,252.0756945600,251.1359600000,252.5941688000,251.0387460800,1937769,601883504.0000,0.154257,-0.334365
2016-11-21,251.9622783200,250.7309020000,252.4807525600,249.8154709200,2608384,807014528.0000,0.207641,-0.161290
2016-11-22,251.3789948000,250.2205289200,251.5005122000,249.8154709200,2642427,816561744.0000,0.210351,-0.203556
2016-11-23,251.9460760000,253.5258022000,253.5663080000,250.4149567600,3401504,1058266304.0000,0.270778,1.320950
2016-11-24,253.7283312000,256.7500638800,256.8067720000,252.2863247200,3907870,1227937712.0000,0.311087,1.271762
2016-11-25,256.8391766400,256.7176592400,257.6168880000,253.9065567200,2236967,706042464.0000,0.178074,-0.012614
2016-11-28,257.2523358000,258.8320620000,259.3829408800,256.4827256000,4925301,1568882896.0000,0.392080,0.823625
2016-11-29,259.8042012000,262.4451793600,267.7028322000,258.7591515600,5883062,1911874432.0000,0.468323,1.395929
2016-11-30,260.2254615200,258.4918132800,261.9105028000,257.9814402000,2675237,855564592.0000,0.212963,-1.506360
2016-12-01,259.2371200000,260.0634383200,262.9555524400,258.1677668800,2794182,896065024.0000,0.222432,0.607999
2016-12-02,260.0472360000,260.6710253200,261.8294912000,258.4270040000,3062833,984836864.0000,0.243818,0.233630
2016-12-05,258.5890272000,255.9399478800,262.9150466400,255.8508351200,4206081,1342647360.0000,0.334826,-1.814960
2016-12-06,256.1829826800,264.4380647200,264.5676832800,256.1829826800,3892309,1251764480.0000,0.309848,3.320362
2016-12-07,265.0051459200,265.2724842000,266.1231060000,262.4532805200,2527174,825849248.0000,0.201176,0.315544
2016-12-08,265.7261491600,273.5842743600,275.4394400000,264.9079320000,5447578,1825332448.0000,0.433656,3.133296
2016-12-09,273.1711152000,273.6247801600,274.9695727200,270.5949463200,3449559,1162079792.0000,0.274603,0.014811
2016-12-12,273.5761732000,264.7945157600,275.4394400000,263.8547812000,5033244,1667557008.0000,0.400673,-3.227151
2016-12-13,264.7783134400,269.7767291600,271.3888600000,263.6927580000,4178000,1384533792.0000,0.332591,1.881547
2016-12-14,269.7686280000,269.1772433200,270.6354521200,266.1231060000,3202902,1062697136.0000,0.254968,-0.222222
2016-12-15,269.3311653600,265.7585538000,269.7605268400,263.7575672800,3920275,1285279904.0000,0.312075,-1.270052
2016-12-16,264.9079320000,265.3777992800,267.2410660800,262.1373352800,2505126,818412416.0000,0.199421,-0.143271
2016-12-19,264.0978160000,264.0654113600,270.8784869200,263.7818707600,3047187,1002365472.0000,0.242572,-0.494534
2016-12-20,264.1302206400,264.4866716800,264.9079320000,260.7034299600,3083159,1001345152.0000,0.245436,0.159535
2016-12-21,264.8269204000,266.2527245600,266.7630976400,262.1211329600,2471124,807548096.0000,0.196715,0.667726
2016-12-22,265.7180480000,263.4497232000,266.0907013600,263.1904860800,1467813,478750704.0000,0.116846,-1.052757
2016-12-23,262.1130318000,259.2614234800,262.8826420000,258.5323190800,3109555,1001068080.0000,0.247537,-1.589795
2016-12-26,258.4513074800,262.8664396800,263.2795988400,256.1586792000,2600143,835811088.0000,0.206985,1.390499
2016-12-27,262.8907431600,264.2274345600,266.3661408000,262.0725260000,2006229,655887936.0000,0.159706,0.517749
2016-12-28,264.8998308400,262.2507515200,265.7180480000,261.9348062800,1787811,581648976.0000,0.142319,-0.748100
2016-12-29,262.4775840000,265.1590679600,265.6127329200,261.6674680000,2122512,690986080.0000,0.168963,1.108982
2016-12-30,264.5919867600,270.7002614000,271.6237936400,264.5919867600,3468767,1152982240.0000,0.276132,2.089761
2017-01-03,270.8055764800,271.0324089600,273.0090920000,269.6147059600,2076389,695005296.0000,0.165292,0.122701
2017-01-04,271.0810159200,285.0879215600,285.2985517200,271.0648136000,6525738,2245051872.0000,0.519483,5.185918
2017-01-05,283.5406000000,280.8996218400,284.7152682000,279.8464710400,4170448,1449077680.0000,0.331990,-1.469129
2017-01-06,280.8186102400,284.1562881600,291.4635344800,280.3811476000,6809562,2402546304.0000,0.542077,1.159376
2017-01-09,281.7583448000,282.3335271600,285.8737340800,280.7375986400,3540500,1233977968.0000,0.281843,-0.641464
2017-01-10,282.2849202000,282.7304840000,285.1608320000,280.7862056000,3172764,1108100800.0000,0.252569,0.140596
2017-01-11,281.9203680000,279.8545722000,281.9203680000,278.2748460000,2359851,814074640.0000,0.187857,-1.017188
2017-01-12,280.7456998000,281.1507578000,281.4342984000,279.0930631600,1777940,614822048.0000,0.141533,0.463157
2017-01-13,281.0940496800,279.3847049200,281.4261972400,278.5826900800,1828248,631734944.0000,0.145538,-0.628149
2017-01-16,278.7852190800,276.6303105200,279.3279968000,274.4673008000,3685545,1259384864.0000,0.293389,-0.985877
2017-01-17,277.5457416000,282.8357990800,284.7557740000,277.0596720000,3518838,1223967888.0000,0.280118,2.243243
2017-01-18,282.6332700800,287.6559892800,289.0250853200,281.2803763600,4600570,1622110976.0000,0.366230,1.704231
2017-01-19,287.5911800000,287.3643475200,290.4103836800,284.9177972000,2852392,1011320064.0000,0.227066,-0.101381
2017-01-20,287.5101684000,287.5830788400,289.5354584000,285.9952514800,2134417,758416000.0000,0.169911,0.076113
2017-01-23,289.1141980800,284.5289415200,291.4797368000,283.1031373600,3258118,1151869296.0000,0.259363,-1.061999
2017-01-24,284.5694473200,283.7917359600,285.8089248000,280.9077230000,2691458,939129472.0000,0.214254,-0.259098
2017-01-25,283.5243976800,281.6206250800,283.5243976800,280.4621592000,2299036,799259968.0000,0.183015,-0.765035
2017-01-26,282.0337842400,279.0201527200,282.5684608000,276.4925908000,3782617,1303262144.0000,0.301116,-0.923393
2017-02-03,280.3001360000,280.9887346000,282.8763048800,279.4900200000,2093643,727140784.0000,0.166665,0.705532
2017-02-06,282.3173248400,280.9887346000,282.6413712400,279.4576153600,1568079,543401904.0000,0.124827,0.000000
2017-02-07,280.9806334400,278.3396552800,281.4342984000,277.9832042400,2051983,707114112.0000,0.163349,-0.942776
2017-02-08,278.4854761600,278.8500283600,279.8950780000,277.6024497200,1908854,656786320.0000,0.151955,0.183365
2017-02-09,279.4900200000,281.6044227600,282.5603596400,279.1740747600,2332438,808958176.0000,0.185674,0.987767
2017-02-10,282.4226399200,279.5548292800,283.3947791200,279.4900200000,2405659,835679328.0000,0.191503,-0.727827
2017-02-13,278.6799040000,283.3380710000,285.0798204000,276.9948627200,5358790,1869148352.0000,0.426588,1.353313
2017-02-14,283.1679466400,283.7107243600,285.6469016000,282.8114956000,2655868,931733728.0000,0.211421,0.131520
2017-02-15,284.7557740000,282.3497294800,285.5172830400,281.2722752000,2625696,917475856.0000,0.209019,-0.479710
2017-02-16,282.3254260000,281.9932784400,282.4226399200,279.9031791600,1764230,612607280.0000,0.140442,-0.126245
2017-02-17,282.6494724000,283.9942649600,287.1375150400,281.5153100000,2910234,1022647968.0000,0.231670,0.709587
2017-02-20,283.8727475600,292.6868096400,293.5212291200,283.5487011600,6185340,2215563600.0000,0.492386,3.060820
2017-02-21,293.1647780800,290.6210138400,293.6103418800,289.3572328800,2770577,994112864.0000,0.220553,-0.705809
2017-02-22,292.1359307600,293.1728792400,296.9237163200,291.6417600000,3713031,1347469104.0000,0.295577,0.878080
2017-02-23,292.4275725200,293.0189572000,296.0811956800,291.4473321600,2332806,844123200.0000,0.185704,-0.052503
2017-02-24,293.2619920000,293.7642639200,293.9829952400,291.6822658000,1769278,639123200.0000,0.140844,0.254350
2017-02-27,293.6589488400,289.3734352000,293.9505906000,289.0493888000,2540046,912927184.0000,0.202201,-1.494673
2017-02-28,289.2114120000,287.3157405600,290.9936672000,286.4408152800,2747351,975788672.0000,0.218704,-0.711089
2017-03-01,287.6721916000,288.8954667600,290.1835512000,287.5911800000,2194420,782349008.0000,0.174687,0.549817
2017-03-02,288.9764783600,289.0655911200,289.2114120000,287.2104254800,2210362,785560416.0000,0.175957,0.058894
2017-03-03,287.5911800000,288.8387586400,290.1997535200,287.5911800000,1415355,505108560.0000,0.112670,-0.078471
2017-03-06,289.7460885600,290.7992393600,291.2691066400,288.8468598000,2281884,818625872.0000,0.181650,0.678741
2017-03-07,290.0458314800,297.4745952000,298.8355900800,290.0458314800,4628698,1694198544.0000,0.368469,2.295526
2017-03-08,297.4583928800,297.5394044800,298.5196448400,296.0973980000,1603770,588667680.0000,0.127669,0.021783
2017-03-09,297.3125720000,299.6619084000,299.7267176800,296.1460049600,2340606,860084032.0000,0.186325,0.713351
2017-03-10,299.6781107200,299.6214026000,305.4137320000,298.4143297600,4095105,1524343088.0000,0.325992,-0.013514
2017-03-13,299.7834258000,300.9985998000,303.2507222800,297.7419334800,2767432,1027592800.0000,0.220302,0.459641
2017-03-14,300.9985998000,299.3378620000,302.8618666000,298.3981274400,2041649,756359632.0000,0.162526,-0.551740
2017-03-15,299.3378620000,303.5342628800,303.9150174000,298.9409051600,2515526,935994832.0000,0.200249,1.401893
2017-03-16,305.0572809600,303.6071733200,306.4668828000,302.0112448000,2502260,938231440.0000,0.199193,0.024020
2017-03-17,302.2542796000,306.6127036800,311.4490962000,302.2542796000,3470026,1315336848.0000,0.276232,0.989946
2017-03-20,308.2491380000,313.0369235600,313.2799583600,306.9367500800,3154594,1209603920.0000,0.251122,2.095221
2017-03-21,313.1503398000,319.1938051600,321.2109940000,313.1098340000,4846096,1901883744.0000,0.385775,1.966824
2017-03-22,316.3746014800,319.5745596800,319.6717736000,311.8946600000,4553271,1775217760.0000,0.362464,0.119287
2017-03-23,317.5897754800,315.7751156400,319.1776028400,313.1908456000,3450481,1345058752.0000,0.274677,-1.188908
2017-03-24,317.8247091200,313.3690711200,318.5538135200,311.8946600000,3328772,1292313392.0000,0.264988,-0.761949
2017-03-27,312.7290794800,306.8881431200,315.3457541600,306.5397932400,5369028,2054742976.0000,0.427403,-2.068145
2017-03-28,307.8035742000,308.0547101600,308.7757134000,305.1382925600,4118717,1558258560.0000,0.327872,0.380128
2017-03-29,308.6622971600,310.8010034000,312.5427528000,307.7630684000,3729967,1429610960.0000,0.296925,0.891491
2017-03-30,310.2744280000,312.8181922400,313.4257792400,309.9503816000,3161299,1216016528.0000,0.251656,0.649034
2017-03-31,312.8667992000,312.9964177600,314.3250080000,311.2303648800,2447422,945503280.0000,0.194828,0.056967
2017-04-05,312.4293365600,315.6698005600,319.9877188400,311.8946600000,4078998,1594997312.0000,0.324710,0.854130
2017-04-06,315.1432251600,317.4925615600,318.3755880000,313.2151490800,2885720,1125204240.0000,0.229719,0.577426
2017-04-07,318.3674868400,318.2702729200,319.1857040000,315.6211936000,2409723,945589200.0000,0.191827,0.244952
2017-04-10,319.1857040000,315.2971472000,319.1857040000,314.3250080000,2886948,1126296272.0000,0.229816,-0.934147
2017-04-11,314.3655138000,312.1295936400,316.5123212000,308.3301496000,4353072,1679537552.0000,0.346528,-1.004626
2017-04-12,312.1295936400,316.1315666800,316.7553560000,311.7326368000,2700291,1049245584.0000,0.214957,1.282152
2017-04-13,316.5771304800,322.7421132400,322.9041364400,316.3583991600,4564835,1805008864.0000,0.363385,2.091075
2017-04-14,323.5846338800,320.3603722000,323.9491860800,319.9958200000,2364656,938378992.0000,0.188239,-0.737971
2017-04-17,316.7553560000,320.6358116400,322.6530004800,314.7705718000,2879371,1136763712.0000,0.229213,0.085977
2017-04-18,319.6717736000,327.8134394000,329.3526598000,319.6717736000,4958100,1987661264.0000,0.394691,2.238557
2017-04-19,326.4767480000,328.6964658400,331.4184556000,326.3633317600,3755011,1521983648.0000,0.298919,0.269368
2017-04-20,328.9800064400,336.4492759600,340.5970698800,328.9800064400,5045768,2091241456.0000,0.401670,2.358655
2017-04-21,336.1981400000,324.4757614800,336.6842096000,324.0464000000,4933292,2015062640.0000,0.392716,-3.558787
2017-04-24,324.5486719200,322.8717318000,328.0969800000,315.1351240000,5003797,1986424992.0000,0.398329,-0.494348
2017-04-25,327.9349568000,339.3494912400,340.3864397200,327.9349568000,7619271,3143136336.0000,0.606534,5.103507
2017-04-26,339.3170866000,338.5960833600,347.2805268800,334.5860091600,5662412,2384125120.0000,0.450758,-0.222021
2017-04-27,336.6275014800,341.4152870400,341.8446485200,332.4959098800,2824071,1180494896.0000,0.224811,0.832618
2017-04-28,341.8608508400,334.9667636800,342.6790680000,332.0665484000,4950587,2052093808.0000,0.394093,-1.888760
2017-05-02,333.4437456000,333.8326012800,336.1981400000,331.4832648800,2329168,960137248.0000,0.185414,-0.338595
2017-05-03,332.9576760000,338.3125427600,338.3530485600,332.9576760000,2026791,842560352.0000,0.161343,1.341972
2017-05-04,335.8983970800,337.0082560000,339.0173436800,335.8983970800,2670915,1111200112.0000,0.212619,-0.385524
2017-05-05,337.1702792000,337.1621780400,342.5008424800,336.2791516000,3743711,1566063424.0000,0.298019,0.045674
2017-05-08,337.1540768800,328.4858356800,337.8183720000,327.8701475200,4072165,1671035536.0000,0.324166,-2.573342
2017-05-09,327.6433150400,331.1430161600,332.0503460800,322.4261680000,5280192,2126236512.0000,0.420331,0.808917
2017-05-10,330.8513744000,332.2204704400,335.7444750400,329.7334143200,2603938,1070652720.0000,0.207287,0.325371
2017-05-11,330.8513744000,333.8974105600,335.9551052000,329.3202551600,3046764,1254053008.0000,0.242539,0.504769
2017-05-12,335.0558764400,334.9586625200,336.4411748000,332.1556611600,2233742,921621376.0000,0.177818,0.317837
2017-05-15,334.6751219200,339.8841678000,340.5322606000,334.6751219200,3344735,1398908208.0000,0.266259,1.470478
2017-05-16,339.9246736000,348.4470939200,349.3382215200,338.8391181600,5016490,2145037952.0000,0.399339,2.519368
2017-05-17,347.5397640000,345.5954856000,348.5038020400,344.2020860800,2751521,1174696176.0000,0.219036,-0.818374
2017-05-18,344.3398058000,347.9772266400,348.9169612000,344.3074011600,2430080,1040535488.0000,0.193447,0.689171
2017-05-19,348.0015301200,357.1153351200,357.9092488000,348.0015301200,3831083,1672948416.0000,0.304975,2.626065
2017-05-22,355.6733286400,357.8930464800,361.3198371600,353.3725992000,3532149,1560087952.0000,0.281178,0.217774
2017-05-23,358.2738010000,367.9546872000,368.1734185200,358.2738010000,4845439,2178738032.0000,0.385723,2.811357
2017-05-24,366.9015364000,364.8114371200,369.8017516800,361.3117360000,4022618,1812513088.0000,0.320222,-0.854250
2017-05-25,363.5071503600,365.0382696000,366.9501433600,362.5269100000,2889842,1299628592.0000,0.230047,0.062178
2017-05-26,365.2164951200,366.1076227200,369.0888496000,362.9319680000,2738664,1237323136.0000,0.218012,0.292944
2017-05-31,364.5522000000,358.8327810400,364.9572580000,356.5401527600,4431225,1968887168.0000,0.352749,-1.987080
2017-06-01,358.4763300000,363.9689164800,364.5116942000,357.2692571600,4060478,1808305712.0000,0.323236,1.431344
2017-06-02,364.5522000000,362.3729879600,365.3218102000,360.9876896000,2178526,974893312.0000,0.173422,-0.438480
2017-06-05,362.9643726400,360.0236515600,363.7420840000,358.3548126000,1924120,854876928.0000,0.153170,-0.648319
2017-06-06,360.4773165200,363.5962631200,363.7420840000,359.8535272000,2040244,912438704.0000,0.162414,0.992328
2017-06-07,363.8392979200,372.1429869200,372.6533600000,363.8392979200,3883430,1774212480.0000,0.309142,2.350605
2017-06-08,373.7227131200,376.1449599600,376.2178704000,371.4381860000,2895111,1338443408.0000,0.230466,1.075386
2017-06-09,376.0882518400,377.3034258400,381.4026128000,375.0837080000,3143076,1467836832.0000,0.250206,0.307982
2017-06-12,378.3241720000,383.0876540800,385.1615510400,376.7039400000,3510916,1654502000.0000,0.279488,1.533047
2017-06-13,383.2253738000,383.2172726400,384.4000420000,378.3241720000,2423798,1141536368.0000,0.192947,0.033836
2017-06-14,383.0147436400,384.3109292400,386.8303900000,381.1433756800,3376863,1600846624.0000,0.268816,0.285389
2017-06-15,384.8051000000,376.1368588000,385.1939556800,375.8938240000,5020280,2347172384.0000,0.399641,-2.126948
2017-06-16,373.8685340000,374.7839650800,378.7211288400,373.6741061600,3333180,1544955952.0000,0.265339,-0.359678
2017-06-19,374.2411873600,380.8922397200,381.0704652400,374.2411873600,3853668,1803585248.0000,0.306772,1.629814
2017-06-20,383.1848680000,377.7570908000,384.7078860800,377.2386165600,3450539,1614858144.0000,0.274681,-0.823112
2017-06-21,380.3899678000,382.9499343600,383.1848680000,377.5383594800,4203854,1974672848.0000,0.334649,1.374652
2017-06-22,383.2010703200,382.9823390000,387.1787398800,381.7266592000,3824234,1815684368.0000,0.304429,0.008464
2017-06-23,383.0714517600,382.9661366800,384.7078860800,379.4016262800,3130362,1473803776.0000,0.249193,-0.004228
2017-06-26,383.1929691600,392.6470228800,392.9062600000,382.3747520000,5293257,2536430496.0000,0.421371,2.527866
2017-06-27,391.1402071200,392.1771556000,392.9062600000,389.5442786000,2798078,1350476768.0000,0.222742,-0.119664
2017-06-28,392.1690544400,385.0481348000,392.1690544400,383.1848680000,3772874,1799676816.0000,0.300341,-1.817810
2017-06-29,385.8582508000,383.1929691600,386.7088726000,380.7545200000,3509272,1657994400.0000,0.279357,-0.481796
2017-06-30,381.9777951600,382.2532346000,384.1246025600,378.9722648000,2242717,1056424784.0000,0.178532,-0.245239
2017-07-03,384.1570072000,372.9531029200,384.1570072000,370.9521164000,4962853,2298656464.0000,0.395069,-2.432979
2017-07-04,371.8108393600,366.1076227200,372.6533600000,363.7420840000,5648895,2563886384.0000,0.449682,-1.835476
2017-07-05,366.9906491600,372.7586750800,372.9206982800,366.9906491600,3754032,1718844528.0000,0.298841,1.816691
2017-07-06,371.1222407600,369.3966936800,372.8153832000,365.0382696000,4204439,1913037504.0000,0.334696,-0.901918
2017-07-07,370.9259290500,366.7483351700,370.9670471000,362.8256732000,3779647,1681450720.0000,0.300880,-0.716846
2017-07-10,367.4966836800,373.7384036700,374.0920189000,364.2812521700,3662409,1648443664.0000,0.291547,1.905958
2017-07-11,373.7630745000,380.8600499300,382.0524733800,373.3518940000,4460182,2054854496.0000,0.355054,1.905517
2017-07-12,383.0557538000,376.2054866700,383.2120023900,374.1742550000,2895072,1330327920.0000,0.230463,-1.222120
2017-07-13,374.4620813500,375.1281937600,379.8567695100,373.0887384800,2595135,1183440448.0000,0.206586,-0.286357
2017-07-14,375.2022062500,375.3337840100,377.2663323600,372.5706510500,1772657,806510272.0000,0.141113,0.054805
2017-07-17,375.8518714400,370.1200152700,376.6742324400,367.0032670800,3526368,1595292992.0000,0.280718,-1.389101
2017-07-18,371.6989483900,372.1594705500,373.3436703900,368.4177280000,3068449,1384468256.0000,0.244265,0.551021
2017-07-19,373.3518940000,375.7038464600,381.2630068200,372.3650608000,5625994,2574934656.0000,0.447859,0.952380
2017-07-20,374.8814854600,383.6067356700,383.9521272900,374.8814854600,4663487,2160731536.0000,0.371238,2.103493
2017-07-21,384.0096925600,389.1412252000,390.6296986100,381.2959012600,4679241,2207195744.0000,0.372492,1.442753
2017-07-24,390.5227916800,392.9240858000,399.1329113500,390.5227916800,4271643,2052709808.0000,0.340045,0.972100
2017-07-25,396.5424742000,393.0556635600,397.0358908000,391.5260721000,2192999,1051446096.0000,0.174574,0.033488
2017-07-26,393.1296760500,387.8501184300,396.0737284300,383.6807481600,3147018,1487729152.0000,0.250519,-1.324376
2017-07-27,387.8501184300,389.6922070700,391.3204818500,387.4142671000,1959503,928077232.0000,0.155987,0.474946
2017-07-28,387.3320310000,397.9569351200,398.0802892700,384.6264633100,4661877,2235811536.0000,0.371110,2.120839
2017-07-31,398.0227240000,395.7365604200,401.2792735600,395.5556410000,3841218,1861154800.0000,0.305781,-0.557946
2017-08-01,395.5556410000,394.9306466400,397.2003630000,392.5951414000,2750154,1318453664.0000,0.218927,-0.203651
2017-08-02,394.7661744400,397.0687852400,398.7464016800,393.5079621100,2677422,1289564016.0000,0.213137,0.541397
2017-08-03,397.7595684800,392.4471164200,400.3664528500,391.1395624300,3176839,1522998144.0000,0.252893,-1.163946
2017-08-04,392.2661970000,389.5030640400,393.8944717800,388.6478086000,1868114,887074160.0000,0.148712,-0.750175
2017-08-07,388.5655725000,396.0161631600,396.7069464000,387.4389379300,2309937,1104715344.0000,0.183883,1.672152
2017-08-08,396.3780020000,396.8549713800,398.2036434200,394.3220995000,1605158,773408192.0000,0.127779,0.211809
2017-08-09,398.7135072400,403.6558968500,405.4075257800,396.4026728300,4179447,2045888048.0000,0.332706,1.713710
2017-08-10,403.8532634900,404.2973384300,410.8515556000,402.1345290000,3536438,1747693648.0000,0.281519,0.158908
2017-08-11,402.1345290000,398.0720656600,408.3433545500,397.5950962800,3657257,1785149168.0000,0.291137,-1.539777
2017-08-14,399.0177808100,411.0406986300,411.2627361000,399.0177808100,3933147,1952353920.0000,0.313099,3.257858
2017-08-15,411.2709597100,407.8663851700,412.0850971000,407.0769186100,2716322,1350104672.0000,0.216234,-0.772260
2017-08-16,409.5357780000,408.2940128900,410.1936668000,405.4239730000,1858722,921412992.0000,0.147964,0.104843
2017-08-17,409.2068336000,405.1690410900,409.2068336000,402.7924178000,2584673,1272341264.0000,0.205754,-0.765370
2017-08-18,405.2595008000,402.6690636500,406.6081728400,401.3121680000,2385775,1169732672.0000,0.189920,-0.617023
2017-08-21,401.3121680000,402.7348525300,406.5752784000,400.4404653400,2354662,1153168720.0000,0.187444,0.016342
2017-08-22,400.8187514000,400.6707264200,402.5292622800,391.4438360000,4245703,2051271360.0000,0.337980,-0.512529
2017-08-23,399.2151474500,406.2545576100,406.7644214300,398.2858795200,2721499,1337347648.0000,0.216646,1.393623
2017-08-24,406.2381103900,405.2677244100,408.2200004000,404.6180592200,1815678,896861680.0000,0.144538,-0.242913
2017-08-25,405.7940354500,405.4157493900,406.4519242500,402.3976845200,1729788,850598720.0000,0.137700,0.036524
2017-08-28,405.4239730000,404.6345064400,408.9519016900,403.8039218300,2902107,1432545552.0000,0.231023,-0.192698
2017-08-29,405.4404202200,402.4963678400,406.9700116800,401.3203916100,2517662,1234431712.0000,0.200419,-0.528414
2017-08-30,402.7101817000,405.3993021700,406.0407437500,402.2661067600,1850364,910133936.0000,0.147299,0.721232
2017-08-31,406.2792284400,403.9026051500,406.9700116800,402.7924178000,1873686,921659712.0000,0.149155,-0.369192
2017-09-01,403.1213622000,407.2167199800,408.1213170800,402.9815608300,3145100,1554634576.0000,0.250367,0.820523
2017-09-04,407.2167199800,404.9470036200,408.4338142600,404.0012884700,1893162,932954816.0000,0.150706,-0.557369
2017-09-05,405.3252896800,402.9486663900,406.2381103900,402.5457095000,2262215,1112006400.0000,0.180084,-0.493486
2017-09-06,402.9568900000,398.8286377800,405.2348299700,398.7135072400,3300650,1608066096.0000,0.262749,-1.022466
2017-09-07,399.1000169100,395.7776784700,400.4075709000,394.7826216600,3332016,1605408576.0000,0.265246,-0.764984
2017-09-08,393.2941482500,390.1033875700,395.1444605000,389.7991140000,4117327,1962989424.0000,0.327761,-1.433705
2017-09-11,387.4060434900,393.3517135200,396.5589214200,386.4932227800,4537440,2161657248.0000,0.361204,0.832686
2017-09-12,394.3220995000,398.7710725100,399.6674460000,393.4175024000,3434163,1661294228.0000,0.273378,1.377738
2017-09-13,398.8450850000,404.2973384300,404.7660842000,395.8681381800,3307570,1618956527.0000,0.263300,1.385824
2017-09-14,405.4157493900,403.5407663100,406.2710048300,402.1263053900,1939949,953145166.0000,0.154430,-0.187135
2017-09-15,405.0127925000,402.8253122400,405.0127925000,401.3121680000,1603946,786562205.0000,0.127683,-0.177293
2017-09-18,403.0720205400,410.3334681700,411.5916805000,403.0720205400,4220681,2101680376.0000,0.335989,1.863875
2017-09-19,411.4272083000,408.6722989500,413.2364025000,407.8992796100,2305481,1151152851.0000,0.183529,-0.404832
2017-09-20,408.6311809000,408.0555282000,411.1969472200,407.8910560000,1731816,862024944.0000,0.137862,-0.150921
2017-09-21,407.8417143400,410.1689959700,411.6574693800,405.3252896800,1940268,963615276.0000,0.154456,0.517932
2017-09-22,408.6311809000,411.1229347300,411.3285249800,407.7265838000,1634353,815718865.0000,0.130103,0.232573
2017-09-25,411.4354319100,417.1343936400,417.9238602000,411.4272083000,3269756,1649582919.0000,0.260290,1.462204
2017-09-26,416.6820950900,418.8202336900,419.4041100000,414.1409996000,2547049,1292872632.0000,0.202759,0.404152
2017-09-27,418.5159601200,417.9320838100,420.2511418300,416.1722312700,1667111,847627355.0000,0.132711,-0.212063
2017-09-28,417.1014992000,426.3612840600,427.7921922000,417.0603811500,2596985,1340236075.0000,0.206734,2.016889
2017-09-29,424.3382760000,425.6869480400,432.4632026800,423.9270955000,2243622,1166403112.0000,0.178604,-0.158162
2017-10-09,431.3612389400,434.0174649700,440.4154335500,427.7099561000,3489129,1844481600.0000,0.277753,1.956959
2017-10-10,433.4253650500,444.1242816600,444.4778968900,433.3924706100,3100644,1662690453.0000,0.246828,2.328662
2017-10-11,442.5124541000,448.6308199400,453.3265012500,442.5124541000,3340643,1824898708.0000,0.265933,1.014699
2017-10-12,448.1867450000,447.4383964900,450.2426475000,444.2229649800,1964622,1067464518.0000,0.156394,-0.265783
2017-10-13,448.1867450000,457.3560701500,457.7261326000,445.7278856100,2785842,1534212916.0000,0.221768,2.216545
2017-10-16,460.5139363900,461.0895890900,465.9990842600,457.1258090700,2990901,1676809992.0000,0.238092,0.816323
2017-10-17,461.3198501700,457.8330395300,461.3198501700,455.5879940000,2097712,1168943280.0000,0.166989,-0.706276
2017-10-18,455.7524662000,461.1142599200,462.6520749900,455.7524662000,1917865,1072237528.0000,0.152672,0.716683
2017-10-19,461.3445210000,479.1075186000,481.2045391500,461.1142599200,4065882,2338901855.0000,0.323666,3.902127
2017-10-20,477.7917410000,472.3065931300,477.7917410000,470.1931253600,3153433,1812957242.0000,0.251030,-1.419492
2017-10-23,472.7917861200,471.5500210100,477.3805605000,467.1010480000,2377182,1362900409.0000,0.189236,-0.160194
2017-10-24,470.3904920000,466.5500661300,471.8707418000,463.4908832100,3127428,1775645971.0000,0.248960,-1.060316
2017-10-25,468.5401797500,465.1849468700,470.1273364800,462.2162236600,2507600,1418395221.0000,0.199618,-0.292605
2017-10-26,497.5284050000,497.6024174900,504.1072930000,486.7636995100,11543497,6957625411.0000,0.918924,6.968735
2017-10-27,495.1517817100,534.2303764300,538.6464550000,493.4412708300,8438379,5284485766.0000,0.671740,7.360885
2017-10-30,528.8192410500,511.5743308800,529.6004840000,510.6861810000,8100786,5099041747.0000,0.644865,-4.240874
2017-10-31,511.5167656100,508.2437688300,516.1137636000,503.1862486800,5187568,3206280600.0000,0.412958,-0.651040
2017-11-01,510.5874976800,512.3391266100,519.3538659400,509.2223784200,4343525,2712016939.0000,0.345768,0.805783
2017-11-02,515.5792289500,515.5545581200,517.9065105800,510.6861810000,3424973,2144671943.0000,0.272646,0.627594
2017-11-03,516.9772426500,525.6284803700,529.1399618400,516.9772426500,4818897,3075651167.0000,0.383610,1.953997
2017-11-06,527.5445815000,537.0510746600,540.8010408200,526.4755122000,4851398,3153638704.0000,0.386197,2.173133
2017-11-07,535.0116193800,528.0133272700,540.4145311500,524.8143429800,5556485,3592238407.0000,0.442326,-1.682845
2017-11-08,528.2271411300,534.8471471800,538.2352745000,528.2271411300,4395194,2855374070.0000,0.349881,1.294251
2017-11-09,532.8899280000,534.5922152700,537.9474481500,530.1021242100,3364113,2183815390.0000,0.267801,-0.047664
2017-11-10,534.8882652300,557.5196399500,562.0015074000,534.8882652300,7407860,4967970730.0000,0.589705,4.288770
2017-11-13,559.2054800000,565.6856846800,569.7152535800,555.7515638000,4986984,3402794002.0000,0.396990,1.464709
2017-11-14,565.0771375400,558.1775287500,565.1429264200,557.0262233500,4636671,3159112664.0000,0.369104,-1.327267
2017-11-15,558.1775287500,565.8501568800,567.4208663900,554.2713140000,4503633,3074244081.0000,0.358513,1.374588
2017-11-16,564.1478696100,591.3680187100,592.0670255600,564.1478696100,6071632,4299283186.0000,0.483334,4.509645
2017-11-17,572.3632560000,567.6346802500,583.0539490000,557.3716149700,12386124,8548747991.0000,0.986001,-4.013292
2017-11-20,556.5739248000,558.5064731500,563.8107016000,542.7582600000,8830582,5954131851.0000,0.702961,-1.608109
2017-11-21,550.1595090000,556.9439872500,566.4422568000,544.4194292200,9601651,6491134446.0000,0.764342,-0.279765
2017-11-22,556.7383970000,534.9622777200,565.7843680000,534.5346500000,12849826,8528143403.0000,1.022914,-3.946841
2017-11-23,527.9557620000,521.1548365300,531.2452060000,518.2683494200,10959913,6984097475.0000,0.872467,-2.581018
2017-11-24,522.9393599000,518.1203244400,528.3669425000,511.6976850300,7654194,4835808966.0000,0.609314,-0.582267
2017-11-27,521.3768740000,510.9246656900,523.2929751300,504.1155166100,6354846,3975262024.0000,0.505879,-1.388801
2017-11-28,514.0249666600,533.0790710300,533.6136056800,513.1532640000,7029183,4491543613.0000,0.559560,4.336140
2017-11-29,534.4853083400,524.7650013200,536.1547011700,521.3850976100,4676372,3005733412.0000,0.372264,-1.559629
2017-11-30,522.6186391100,518.9097910000,533.2846612800,514.7979860000,3801962,2419959854.0000,0.302656,-1.115777
2017-12-01,524.6745416100,511.7963683500,525.4804553900,509.9707269300,4719274,2959772009.0000,0.375679,-1.370844
2017-12-04,513.1121459500,524.4936221900,529.6827201000,507.1664759200,5426771,3436687377.0000,0.432000,2.480920
2017-12-05,521.3768740000,520.5216185600,532.3965114000,518.1943369300,4746576,3026076465.0000,0.377853,-0.757296
2017-12-06,519.3209715000,513.9838486100,529.6827201000,509.8638200000,5817409,3657236582.0000,0.463097,-1.256006
2017-12-07,513.9345069500,507.1418050900,513.9674013900,505.9658288600,5103262,3155212010.0000,0.406247,-1.331180
2017-12-08,506.0974066200,515.8506080800,517.1417148500,506.0974066200,4550339,2842464437.0000,0.362231,1.717237
2017-12-11,518.9097910000,535.3487873900,536.1382539500,518.9097910000,7284917,4702239221.0000,0.579918,3.779805
2017-12-12,541.6891907000,535.6201665200,541.7467559700,535.3734582200,4788931,3138650306.0000,0.381224,0.050695
2017-12-13,538.6382313900,549.5098438100,550.9818700000,535.1267499200,4850248,3197982045.0000,0.386105,2.593198
2017-12-14,550.9654227800,546.5000025500,552.0509393000,543.1694405000,3196794,2126665894.0000,0.254482,-0.547737
2017-12-15,546.0477040000,537.6513981900,549.2960299500,535.1760915800,3225595,2126579404.0000,0.256774,-1.619142
2017-12-18,542.7582600000,547.5032829700,550.8173978000,541.5905073800,3916228,2599749872.0000,0.311752,1.832399
2017-12-19,545.2253430000,548.5887994900,552.9884308400,543.5806210000,4407221,2944470867.0000,0.350838,0.198268
2017-12-20,550.8996339000,563.2432725100,564.8468764600,546.0723748300,6360131,4321305755.0000,0.506300,2.671296
2017-12-21,561.6725630000,560.6363881400,565.3073986200,555.5048555000,4668038,3178595839.0000,0.371601,-0.462832
2017-12-22,559.2054800000,561.6067741200,564.0574099000,556.7466206100,2831701,1930315469.0000,0.225418,0.173085
2017-12-25,564.1396460000,565.8830513200,572.6099643000,562.2646629200,3621428,2497653982.0000,0.288285,0.761438
2017-12-26,565.9323929800,559.8715924100,569.8879493900,556.3272165000,3186766,2174103282.0000,0.253683,-1.062314
2017-12-27,563.2021544600,546.1957289800,563.2021544600,544.8141625000,3772205,2539720696.0000,0.300288,-2.442679
2017-12-28,564.9620070000,591.0226270900,592.0176839000,552.0673865200,12414107,8656875718.0000,0.988229,8.207114
2017-12-29,590.4551980000,573.5885738900,597.4452665000,568.7448676000,7603887,5372514665.0000,0.605310,-2.949813
2018-01-02,575.6527000000,578.8187898500,584.0078877600,567.3386302900,4961248,3482407646.0000,0.394942,0.911839
2018-01-03,576.8862415000,588.6953454600,593.2512254000,575.4388861400,5201941,3713523701.0000,0.414102,1.706331
2018-01-04,593.2512254000,606.1376222700,611.4254035000,591.5489381300,7220508,5309890210.0000,0.574791,2.962873
2018-01-05,609.3695010000,607.1984679600,613.5059768300,598.8597274200,3998907,2946493013.0000,0.318334,0.175014
2018-01-08,604.4517822200,618.5223789300,622.1160965000,604.4517822200,5220456,3899951720.0000,0.415576,1.864947
2018-01-09,618.5881678100,643.5139297200,643.9086630000,618.5881678100,6459195,5001164506.0000,0.514186,4.040527
2018-01-10,645.5533850000,646.1372613100,648.7441456800,636.0797862800,4771424,3731993154.0000,0.379831,0.407658
2018-01-11,647.1981070000,637.1735264100,648.0204680000,634.8626920000,5065607,3942075854.0000,0.403249,-1.387283
2018-01-12,636.3182709700,648.3658596200,648.6783568000,630.7673342200,4598824,3577281776.0000,0.366091,1.756558
2018-01-15,652.5105590600,645.8576585700,657.1157806600,640.6356662200,5247313,4136645487.0000,0.417714,-0.386848
2018-01-16,641.8363132800,635.6357113400,648.5221082100,631.5732480000,6542833,5084966063.0000,0.520844,-1.582693
2018-01-17,633.2179700000,615.0684627300,636.5074140000,607.3218221100,9070954,6835580477.0000,0.722096,-3.235699
2018-01-18,615.0684627300,617.3792971400,629.1061650000,611.9105964900,5897851,4443031234.0000,0.469500,0.375703
2018-01-19,619.1555969000,616.9187749800,624.0897629000,607.7412262200,5092556,3818021990.0000,0.405394,-0.074593
2018-01-22,618.2592234100,636.2113640400,636.5074140000,618.2592234100,6712675,5129674653.0000,0.534364,3.127252
2018-01-23,639.6406094100,636.3264945800,641.4415800000,632.0666646000,4954918,3836387690.0000,0.394438,0.018098
2018-01-24,638.5139748400,628.6620900600,638.5304220600,623.8430546000,4329881,3311348774.0000,0.344681,-1.204478
2018-01-25,625.8167210000,632.5271867600,638.1521360000,617.5931110000,5004072,3821875040.0000,0.398351,0.614807
2018-01-26,630.9482536400,639.1554164200,639.3034414000,628.2838040000,4397833,3389953777.0000,0.350091,1.047896
2018-01-29,640.4218523600,605.5208515200,641.1702008700,604.4353350000,7453551,5637041971.0000,0.593342,-5.262341
2018-01-30,605.2576960000,610.2576508800,615.7592459700,600.3399772200,5191103,3852705098.0000,0.413239,0.782270
2018-01-31,607.7247790000,628.7278789400,634.6242073100,607.7247790000,6040241,4601994781.0000,0.480835,3.026623
2018-02-01,630.7508870000,623.1276005300,630.9975953000,619.1720441200,5058261,3846421613.0000,0.402664,-0.890731
2018-02-02,618.5963914200,608.8760844000,619.4269760300,596.2117250000,7542082,5583742782.0000,0.600390,-2.287089
2018-02-05,598.0373664200,590.6443410300,600.2906355600,580.2579216000,9899585,7104095616.0000,0.788059,-2.994333
2018-02-06,578.1197830000,582.9388184600,594.2380586000,578.1197830000,8816871,6270888575.0000,0.701870,-1.304595
2018-02-07,592.0999200000,562.0261782300,595.2906806800,560.8584256100,8828998,6231141116.0000,0.702835,-3.587449
2018-02-08,561.0146742000,576.4668373900,590.4551980000,561.0146742000,8340943,5860233484.0000,0.663983,2.569392
2018-02-09,559.2054800000,562.0261782300,567.3386302900,541.1135380000,10557826,7160206330.0000,0.840459,-2.505028
2018-02-12,568.2514510000,573.5803502800,580.1756855000,563.4817572000,6417955,4466343242.0000,0.510903,2.055805
2018-02-13,579.7809522200,585.5045847800,587.8400900200,579.3533245000,5338918,3793782378.0000,0.425006,2.078913
2018-02-14,592.0999200000,590.8252604500,592.0999200000,585.7019514200,3065260,2198728707.0000,0.244011,0.908738
2018-02-22,598.1031553000,610.5619244500,611.8365840000,594.7643696400,5076469,3717469267.0000,0.404114,3.340525
2018-02-23,614.3036670000,610.5865952800,622.1654381600,606.0800570000,3815877,2844936758.0000,0.303764,0.004036
2018-02-26,614.2049836800,611.4336271100,618.4565900500,602.8070602200,4365824,3243216345.0000,0.347543,0.138728
2018-02-27,615.9483890000,606.8859707800,621.7049160000,606.2609764200,4260154,3181778842.0000,0.339131,-0.743773
2018-02-28,601.9682520000,596.7215888200,610.4385703000,591.2775590000,4833067,3522004686.0000,0.384738,-1.674840
2018-03-01,598.6788080000,610.1671911700,614.1803128500,595.2002209700,4479465,3303604159.0000,0.356589,2.253242
2018-03-02,606.9024180000,605.5948640100,611.4747451600,600.3235300000,2599190,1912613830.0000,0.206909,-0.749356
2018-03-05,607.0504429800,592.1903797100,610.1918620000,589.6575078300,3723470,2703926955.0000,0.296408,-2.213439
2018-03-06,596.2117250000,590.6690118600,598.3498636000,573.2925239300,6457036,4581658583.0000,0.514014,-0.256902
2018-03-07,587.9881150000,583.9092044400,595.3893640000,583.0457253900,3459594,2480929043.0000,0.275402,-1.144437
2018-03-08,587.1657540000,594.3696363600,595.3893640000,582.2315880000,3534930,2540452000.0000,0.281399,1.791453
2018-03-09,598.3087455500,598.8432802000,602.4369977700,594.9781835000,3017100,2199081672.0000,0.240177,0.752671
2018-03-12,599.9534675500,595.3482459500,603.5471851200,594.3778599700,3988841,2900950557.0000,0.317533,-0.583631
2018-03-13,594.5670030000,584.1641363500,597.5275026000,583.8763100000,3857709,2764426996.0000,0.307094,-1.878588
2018-03-14,583.6049308700,597.7577636800,598.7445968800,581.5901464200,3735576,2683830110.0000,0.297372,2.327026
2018-03-15,598.6952552200,613.8678156700,614.3036670000,598.6952552200,5614879,4161645760.0000,0.446974,2.695076
2018-03-16,614.7970836000,608.4237858500,620.0437467800,607.6260956800,3585552,2676682524.0000,0.285429,-0.886840
2018-03-19,611.8119131700,619.6325662800,620.0519703900,607.7247790000,3866658,2897348542.0000,0.307806,1.842266
2018-03-20,616.7707500000,614.9039905300,618.4154720000,608.5471400000,2887720,2154897794.0000,0.229878,-0.763126
2018-03-21,616.8612097100,610.1918620000,619.3282927100,608.5471400000,2674271,1996584261.0000,0.212886,-0.766317
2018-03-22,611.8365840000,597.0998748800,615.1260280000,595.3975876100,3748697,2748721669.0000,0.298416,-2.145550
2018-03-23,576.4750610000,584.7480126600,594.9699598900,575.7184888800,5254677,3727044980.0000,0.418300,-2.068645
2018-03-26,582.2315880000,586.7463498900,588.0374566600,577.1987386800,4625611,3276880070.0000,0.368223,0.341742
2018-03-27,594.5670030000,587.7743011400,596.9354026800,578.9421440000,4754844,3399900239.0000,0.378511,0.175195
2018-03-28,575.6280291700,560.8913200500,578.1197830000,550.1595090000,11353972,7786098263.0000,0.903836,-4.573692
2018-03-29,561.0146742000,566.6889651000,573.8846238500,541.4507060100,7908196,5362890034.0000,0.629534,1.033647
2018-03-30,564.1396460000,562.1824268200,570.3073535000,559.1067966800,3654028,2502696336.0000,0.290880,-0.795237
2018-04-02,559.2054800000,559.2548216600,568.2514510000,554.3617737100,3203908,2185060765.0000,0.255048,-0.520757
2018-04-03,557.5607580000,557.4867455100,564.9620070000,555.4143957900,4023558,2737509485.0000,0.320297,-0.316152
2018-04-04,560.8502020000,570.7267576100,576.0063152300,559.5179771800,5689131,3948712791.0000,0.452885,2.374952
2018-04-09,573.2678531000,574.2546863000,580.1181202300,567.5524441500,3083305,2149178951.0000,0.245447,0.618143
2018-04-10,579.6000328000,582.2480352200,582.6427685000,574.3862640600,3204325,2252069676.0000,0.255081,1.391956
2018-04-11,583.8763100000,580.0605549600,587.8071955800,578.1362302200,2572318,1822237882.0000,0.204770,-0.375700
2018-04-12,578.9421440000,570.8830062000,581.3105436800,569.2547314200,3071361,2139139504.0000,0.244497,-1.582167
2018-04-13,574.4191585000,564.8468764600,576.4750610000,563.3830738800,2754952,1904051062.0000,0.219309,-1.057336
2018-04-16,559.6824493800,560.3403381800,564.8386528500,556.7383970000,3293967,2241463093.0000,0.262217,-0.797831
2018-04-17,563.3172850000,547.8568982000,563.6297821800,547.3634816000,3517276,2377407817.0000,0.279994,-2.227831
2018-04-18,551.8042310000,539.1727660400,551.8042310000,530.4228450000,6261660,4104175827.0000,0.498461,-1.585109
2018-04-19,542.6349058500,559.1725855600,559.2054800000,540.0115742600,4420757,2976468492.0000,0.351916,3.709354
2018-04-20,560.0278410000,551.1956838600,570.7185340000,549.5262910300,4151168,2831559751.0000,0.330455,-1.426556
2018-04-23,547.7006496100,554.2795376100,559.4768591300,547.7006496100,3265920,2196761047.0000,0.259985,0.559484
2018-04-24,555.9160360000,567.3304066800,570.3073535000,555.0936750000,4728256,3252280969.0000,0.376394,2.354564
2018-04-25,566.6067290000,568.2267801700,569.0738120000,561.6890102200,2525222,1738767067.0000,0.201021,0.157994
2018-04-26,569.0738120000,557.7499010300,569.3040730800,553.4489530000,3504790,2378744475.0000,0.279000,-1.843783
2018-04-27,563.5228752500,544.8388333300,566.0804179600,538.6464550000,5791521,3866680412.0000,0.461036,-2.314842
2018-05-02,542.7582600000,549.1973466300,550.1512853900,530.4721866600,7025911,4589885607.0000,0.559300,0.799962
2018-05-03,547.6924260000,551.7055476800,554.0081584800,541.1135380000,3632653,2426248236.0000,0.289178,0.456701
2018-05-04,551.7877837800,545.1184360700,554.9538736300,543.2270057700,3737584,2492610223.0000,0.297531,-1.193956
2018-05-07,542.7171419500,574.1477793700,577.1987386800,540.9243949700,8559143,5858519223.0000,0.681353,5.325326
2018-05-08,574.0326488300,582.9141476300,585.6279389300,574.0326488300,6249783,4414037853.0000,0.497516,1.526854
2018-05-09,583.1197378800,577.2563039500,585.7677403000,573.2843003200,3233106,2267880036.0000,0.257372,-0.970614
2018-05-10,578.5309635000,587.3220025900,588.8104760000,578.5309635000,3929380,2794919589.0000,0.312799,1.743712
2018-05-11,591.0226270900,590.4716452200,600.7347105000,588.5637677000,3914165,2826877192.0000,0.311588,0.536274
2018-05-14,595.3893640000,610.5290300100,611.0142230000,595.3893640000,5101471,3753818029.0000,0.406104,3.396835
2018-05-15,613.4813060000,611.0635646600,613.8431448400,603.6129740000,3805580,2811622722.0000,0.302944,0.087556
2018-05-16,608.5471400000,604.0406017200,613.2017032600,603.0208740800,3079520,2275092450.0000,0.245146,-1.149299
2018-05-17,604.5340183200,598.1689441800,606.4912375000,595.3893640000,2851793,2077476640.0000,0.227018,-0.972065
2018-05-18,595.3811403900,607.9879345200,609.3695010000,593.0785295900,2925517,2140724039.0000,0.232887,1.641508
2018-05-21,611.8365840000,604.2873100200,614.5503753000,602.3629852800,2905958,2150582003.0000,0.231330,-0.608667
2018-05-22,604.6162544200,608.1935247700,608.4155622400,600.3399772200,1699896,1250693946.0000,0.135321,0.646417
2018-05-23,608.5471400000,595.2084445800,608.5471400000,595.0439723800,2826871,2061375201.0000,0.225034,-2.135021
2018-05-24,592.0999200000,588.3170594000,599.2215662600,586.3433930000,3041634,2191695815.0000,0.242130,-1.157811
2018-05-25,585.5210320000,589.5177064600,597.8564470000,585.5210320000,2651146,1908701139.0000,0.211045,0.204076
2018-05-28,590.4551980000,608.8760844000,609.0898982600,588.0867983200,4280523,3129960293.0000,0.340752,3.283771
2018-05-29,607.5603068000,601.4995062300,616.7707500000,601.3761520800,4082027,3029700817.0000,0.324951,-1.211511
2018-05-30,598.0373664200,596.9271790700,606.3267653000,592.1410380500,3714710,2706486799.0000,0.295711,-0.760154
2018-05-31,600.5291202500,617.7000179300,618.1029748200,600.5208966400,7185287,5356222572.0000,0.571987,3.479963
2018-06-01,617.7000179300,612.7494047100,620.8661077800,607.5274123600,3617763,2694415012.0000,0.287993,-0.801462
2018-06-04,618.7032983500,643.0616311700,643.8264269000,613.3826226800,7380597,5697540359.0000,0.587535,4.946919
2018-06-05,646.7869265000,648.0615860500,653.5302867000,639.1636400300,5262967,4136578583.0000,0.418960,0.777526
2018-06-06,648.0204680000,646.1701557500,658.6700429500,643.3330103000,4896948,3870616725.0000,0.389823,-0.291858
2018-06-07,649.6487427800,642.2392701700,654.2292935500,640.5369829000,3916778,3078137471.0000,0.311796,-0.608340
2018-06-08,641.4415800000,639.7557399500,646.2935099000,633.2179700000,3495846,2712363711.0000,0.278288,-0.386693
2018-06-11,638.1932540500,637.9300985300,646.3757460000,631.8446271300,3654755,2837404005.0000,0.290938,-0.285369
2018-06-12,639.7968580000,657.2226875900,660.7670635000,638.5633165000,5528708,4385043270.0000,0.440114,3.024251
2018-06-13,657.8888000000,649.9365691300,660.0433858200,648.7441456800,3524437,2803441679.0000,0.280564,-1.108621
2018-06-14,649.6651900000,646.4826529300,652.7901618000,637.4777999800,3615961,2830514231.0000,0.287850,-0.531425
2018-06-15,644.8735424000,644.9819665600,649.3606345600,641.4540112000,3170773,2455441877.0000,0.252410,-0.232217
2018-06-19,641.3706080000,615.5156160000,641.3706080000,614.6815840000,6019587,4535664030.0000,0.479191,-4.568556
2018-06-20,618.0177120000,636.8584948800,638.0344800000,618.0177120000,4583802,3454583693.0000,0.364895,3.467484
2018-06-21,638.2179670400,633.2971782400,649.6191844800,632.8384606400,3918255,3013867644.0000,0.311914,-0.559203
2018-06-22,628.8601280000,639.3105489600,639.7025440000,625.5240000000,2885481,2190055865.0000,0.229700,0.949537
2018-06-25,638.8685120000,638.5015379200,649.6859070400,637.9510768000,3293416,2543272262.0000,0.262173,-0.126548
2018-06-26,638.2930299200,629.5273536000,642.1045561600,623.0219040000,4657798,3516945435.0000,0.370785,-1.405508
2018-06-27,627.1920640000,602.5380780800,631.3622240000,601.3370720000,5729801,4194739085.0000,0.456123,-4.287227
2018-06-28,595.4988480000,592.9383697600,599.6690080000,581.3203040000,5083394,3610842734.0000,0.404665,-1.593213
2018-06-29,594.0809936000,610.0610467200,610.7616336000,587.9925600000,3292927,2378884218.0000,0.262134,2.887771
2018-07-02,612.6131846400,593.4554696000,616.6248785600,586.3244960000,3755811,2709882026.0000,0.298982,-2.721958
2018-07-03,591.9625523200,579.5855174400,596.9834249600,565.6655233600,8283710,5743330241.0000,0.659427,-2.337152
2018-07-04,577.1501440000,576.2410491200,583.8224000000,573.8140160000,3799075,2637494710.0000,0.302426,-0.577046
2018-07-05,583.8224000000,585.8157364800,597.3337184000,583.8224000000,4712380,3333680083.0000,0.375130,1.661583
2018-07-06,589.6606240000,595.5989318400,601.2786897600,583.2052163200,4415661,3140922350.0000,0.351510,1.670010
2018-07-09,600.5280609600,606.5414316800,608.7265955200,600.2778513600,4057266,2944655287.0000,0.322980,1.837226
2018-07-10,608.0093280000,605.3070643200,610.0944080000,594.9400465600,2901047,2096683487.0000,0.230939,-0.203507
2018-07-11,592.1627200000,600.1527465600,603.8391680000,585.6739510400,2427845,1736875980.0000,0.193269,-0.851520
2018-07-12,598.8349760000,615.1319612800,618.1594974400,598.8349760000,4017004,2947129140.0000,0.319775,2.495895
2018-07-13,619.1019536000,623.0135636800,623.9393392000,613.1136038400,2890704,2152944602.0000,0.230115,1.281288
2018-07-16,627.4422736000,629.4272697600,637.2921915200,626.3830529600,3247487,2454501604.0000,0.258517,1.029465
2018-07-17,631.3622240000,619.2103777600,631.3622240000,613.8642326400,2780603,2064190615.0000,0.221351,-1.623205
2018-07-18,619.2103777600,615.0485580800,625.2654500800,613.0135200000,2452171,1818760392.0000,0.195206,-0.672116
2018-07-19,616.3496480000,617.9760104000,620.4781064000,613.0302006400,1807850,1337080011.0000,0.143914,0.475972
2018-07-20,618.4347280000,618.1261361600,619.7942001600,607.1752960000,3054850,2249792135.0000,0.243182,0.024292
2018-07-23,613.8475520000,610.5698062400,618.1428168000,600.5113803200,3596989,2621763717.0000,0.286339,-1.222457
2018-07-24,611.0785657600,621.6874528000,623.2721136000,603.0051360000,4180860,3091209135.0000,0.332819,1.820866
2018-07-25,622.9802024000,620.3613419200,625.4239161600,617.1920203200,2174388,1618737612.0000,0.173093,-0.213312
2018-07-26,624.6065648000,613.5306198400,624.6065648000,612.3713153600,2306726,1707662628.0000,0.183628,-1.101088
2018-07-27,613.8475520000,615.9826739200,620.7700176000,608.8433600000,2091360,1546655260.0000,0.166483,0.399663
2018-07-30,616.2662448000,599.8441547200,617.7341411200,596.3328800000,4217166,3058614520.0000,0.335709,-2.619960
2018-07-31,600.7532496000,605.8742060800,607.0752121600,599.8441547200,2068346,1499353469.0000,0.164651,1.005267
2018-08-01,610.0110048000,596.2828380800,610.7616336000,595.5905915200,2523788,1821933661.0000,0.200907,-1.583063
2018-08-02,597.1418910400,580.3528268800,597.1418910400,573.7139321600,5500143,3840134516.0000,0.437841,-2.671550
2018-08-03,579.6522400000,566.2993876800,579.6522400000,563.9724384000,4733699,3230239085.0000,0.376828,-2.421539
2018-08-06,564.6396640000,558.5345497600,570.4778880000,552.3376920000,4524812,3039091096.0000,0.360199,-1.371154
2018-08-07,560.7197136000,572.3794809600,573.6722305600,552.1458646400,3908559,2645263310.0000,0.311142,2.478801
2018-08-08,572.9966646400,563.9891190400,574.6480480000,560.3610798400,2968544,2016438669.0000,0.236312,-1.465882
2018-08-09,559.6354720000,577.0500601600,579.2352240000,558.9015238400,3448575,2368461339.0000,0.274525,2.315820
2018-08-10,577.0500601600,573.1301097600,579.4604126400,570.6446944000,2381767,1643993563.0000,0.189601,-0.679310
2018-08-13,569.6438560000,566.4912150400,569.6438560000,556.0324537600,3457041,2329262063.0000,0.275199,-1.158361
2018-08-14,566.4912150400,567.2501841600,570.8949040000,561.7288923200,2169683,1474124248.0000,0.172718,0.133982
2018-08-15,566.9749536000,552.7964096000,567.1417600000,551.2951520000,3499709,2336994709.0000,0.278595,-2.548045
2018-08-16,543.7888640000,540.8197100800,557.5503920000,533.7804800000,5993985,3908421566.0000,0.477153,-2.166564
2018-08-17,548.3760400000,529.4935555200,548.3760400000,525.4485003200,4657457,3001465861.0000,0.370758,-2.094260
2018-08-20,527.4835384000,537.7754932800,538.4093576000,514.4809795200,4885234,3081035729.0000,0.388891,1.564123
2018-08-21,539.6187040000,560.0441476800,560.7197136000,539.6187040000,5224902,3460897975.0000,0.415930,4.140885
2018-08-22,559.6354720000,556.8831664000,561.4703424000,552.9632160000,2067551,1381418422.0000,0.164588,-0.564413
2018-08-23,560.2192944000,558.9765867200,565.8907120000,554.7814057600,2735727,1836880236.0000,0.217778,0.375919
2018-08-24,557.9674080000,550.7113296000,557.9674080000,547.5086467200,2609026,1725516320.0000,0.207692,-1.478646
2018-08-27,552.1291840000,573.2301936000,573.2301936000,552.1291840000,4801692,3261483990.0000,0.382240,4.089050
2018-08-28,577.9841760000,567.9757920000,578.6347209600,565.9324136000,3248890,2222697903.0000,0.258629,-0.916628
2018-08-29,568.8098240000,572.0208472000,574.5479641600,566.3911312000,2740403,1877474370.0000,0.218151,0.712184
2018-08-30,573.9891627200,567.4753728000,577.6505632000,566.3160683200,3378833,2312993223.0000,0.268973,-0.794627
2018-08-31,564.0141400000,549.7855540800,564.6396640000,547.5420080000,5898093,3911486180.0000,0.469519,-3.117287
2018-09-03,543.7888640000,555.6404587200,556.8581454400,542.7880256000,3017984,1992654934.0000,0.240248,1.064946
2018-09-04,556.1325376000,563.0049612800,563.8056320000,551.7955712000,2154048,1441658194.0000,0.171474,1.325401
2018-09-05,562.9716000000,548.6179092800,564.6313236800,547.9590240000,2898342,1927600143.0000,0.230723,-2.555404
2018-09-06,543.7888640000,537.1166080000,549.8439363200,533.7804800000,4237058,2744204071.0000,0.337292,-2.096411
2018-09-07,538.3676560000,542.9298110400,548.8180769600,538.0674044800,2924006,1903829724.0000,0.232766,1.082294
2018-09-10,543.9556704000,537.7838336000,545.2984619200,534.3643024000,2120220,1369296442.0000,0.168781,-0.947814
2018-09-11,538.4260382400,538.7846720000,542.9298110400,534.3059201600,1949687,1258466309.0000,0.155205,0.186106
2018-09-12,536.2825760000,525.4401600000,537.8422158400,523.7804363200,4115737,2612360007.0000,0.327634,-2.476780
2018-09-13,532.1124160000,527.0915433600,535.4485440000,517.0998400000,4771316,3004019091.0000,0.379822,0.314283
2018-09-14,528.7596073600,536.1991728000,541.9373129600,524.2141329600,4090019,2617626839.0000,0.325587,1.727910
2018-09-17,537.9506400000,538.6262059200,544.5895347200,534.6645539200,2911295,1884188491.0000,0.231755,0.452632
2018-09-18,536.2825760000,556.0491344000,557.1333760000,535.6320310400,3785868,2480477388.0000,0.301375,3.234700
2018-09-19,555.9490505600,568.3260854400,572.1459520000,555.4653120000,4822184,3277470608.0000,0.383871,2.207885
2018-09-20,571.4787264000,565.9324136000,572.8965808000,564.9399155200,2751948,1878075359.0000,0.219070,-0.421179
2018-09-21,568.8098240000,583.8307403200,583.8307403200,567.1501003200,4261720,2945196257.0000,0.339255,3.162630
2018-09-25,579.6522400000,581.3369846400,588.6347646400,578.2010243200,3063991,2142679110.0000,0.243910,-0.427135
2018-09-26,585.5738672000,604.6148177600,611.0785657600,585.4821236800,7228777,5200777033.0000,0.575449,4.004185
2018-09-27,606.7582800000,603.8391680000,607.1752960000,596.6664928000,4050853,2918965007.0000,0.322469,-0.128287
2018-09-28,606.0910544000,608.8433600000,611.5122624000,599.5689241600,3508980,2551115844.0000,0.279333,0.828729
2018-10-08,596.6748331200,572.2710568000,599.6690080000,572.2710568000,8274502,5798721501.0000,0.658694,-6.006846
2018-10-09,572.8965808000,579.6522400000,582.7464987200,572.0625488000,4022283,2785526957.0000,0.320195,1.289802
2018-10-10,581.5371523200,559.5687494400,582.1543360000,558.5428900800,6309820,4288785948.0000,0.502295,-3.464751
2018-10-11,529.6186603200,537.9422996800,557.9173660800,529.6186603200,9158196,5953169079.0000,0.729041,-3.864841
2018-10-12,542.9548320000,557.1333760000,561.0366457600,542.6045385600,5447256,3599837217.0000,0.433630,3.567499
2018-10-15,558.3760836800,556.2159408000,560.4278024000,550.4861409600,3560730,2372056680.0000,0.283453,-0.164667
2018-10-16,555.4486313600,556.4161084800,566.7497649600,552.1375243200,2639360,1766613793.0000,0.210107,0.035986
2018-10-17,562.9716000000,555.2317830400,564.8898736000,542.0373968000,4307707,2846537063.0000,0.342916,-0.212856
2018-10-18,550.4611200000,538.7346300800,550.4611200000,537.9256190400,5215607,3394332712.0000,0.415190,-2.971215
2018-10-19,532.1124160000,558.8014400000,562.9716000000,529.6770425600,7619938,4973381203.0000,0.606587,3.724804
2018-10-22,562.9716000000,577.9841760000,585.5071446400,562.9716000000,7310857,5036971569.0000,0.581983,3.432836
2018-10-23,574.6480480000,535.2316956800,574.6480480000,529.6103200000,12311273,8076618589.0000,0.980043,-7.396827
2018-10-24,523.8638395200,531.2700436800,542.1208000000,517.0998400000,7611282,4818473584.0000,0.605898,-0.740175
2018-10-25,517.0998400000,516.2658080000,519.1849200000,507.5751945600,7556838,4657019123.0000,0.601564,-2.824219
2018-10-26,516.2658080000,508.8429232000,521.2700000000,507.0747753600,5532738,3388947805.0000,0.440435,-1.437807
2018-10-29,457.9586308800,457.9586308800,457.9586308800,457.9586308800,4907600,2694714084.0000,0.390671,-9.999992
2018-10-30,425.3563200000,437.0327680000,452.8793760000,424.5389686400,20439667,10663392394.0000,1.627106,-4.569383
2018-10-31,439.5348640000,457.8001648000,462.8877600000,435.3647040000,9688482,5239853122.0000,0.771254,4.751913
2018-11-01,462.8877600000,469.5600160000,488.3257360000,459.7601400000,9810672,5581027253.0000,0.780981,2.568769
2018-11-02,487.9087200000,500.3357968000,500.4192000000,477.2664716800,8915696,5227695093.0000,0.709737,6.554178
2018-11-05,494.5809760000,480.2356256000,494.5809760000,476.8744766400,7551708,4373994135.0000,0.601156,-4.017342
2018-11-06,478.7343680000,472.0621120000,478.8678131200,465.3981963200,4556614,2572068930.0000,0.362731,-1.701978
2018-11-07,474.5642080000,472.3957248000,479.5266984000,468.7343243200,3810778,2165679706.0000,0.303358,0.070676
2018-11-08,478.7343680000,475.6818108800,481.2364640000,473.7301760000,3376374,1933594956.0000,0.268777,0.695622
2018-11-09,473.0796310400,468.7259840000,474.5642080000,468.7259840000,2433682,1374731688.0000,0.193734,-1.462290
2018-11-12,461.2196960000,460.3856640000,462.2205344000,447.7083776000,6782422,3709848786.0000,0.539917,-1.779359
2018-11-13,455.4815558400,475.3982400000,475.3982400000,452.8793760000,6642905,3695850099.0000,0.528810,3.260870
2018-11-14,475.3648787200,462.9711632000,475.3648787200,460.8443816000,4176683,2331999884.0000,0.332486,-2.614039
2018-11-15,466.0570816000,466.8077104000,471.0612736000,463.3047760000,3083340,1728199015.0000,0.245450,0.828686
2018-11-16,467.8919520000,467.0579200000,472.0621120000,465.4148769600,2893879,1625453517.0000,0.230368,0.053598
2018-11-19,467.3081296000,474.5808886400,477.0663040000,466.3156315200,3617925,2052509531.0000,0.288006,1.610718
2018-11-20,471.2280800000,468.3923712000,473.7301760000,467.0579200000,2694326,1514353125.0000,0.214483,-1.304004
2018-11-21,462.0537280000,470.9778704000,474.4808048000,461.7868377600,2710730,1527915052.0000,0.215788,0.552001
2018-11-22,471.3531848000,470.8110640000,473.1713745600,465.3898560000,2121333,1193347565.0000,0.168869,-0.035419
2018-11-23,470.3940480000,464.4724208000,473.1463536000,464.4724208000,2012621,1126652921.0000,0.160215,-1.346320
2018-11-26,465.3898560000,460.4774075200,467.2247264000,460.3856640000,1912019,1063536979.0000,0.152207,-0.860125
2018-11-27,460.3856640000,457.1329392000,462.8794196800,455.7984880000,2023382,1112920631.0000,0.161072,-0.726306
2018-11-28,459.4265272000,464.5558240000,466.3823540800,454.9644560000,2773793,1535544366.0000,0.220809,1.623796
2018-11-29,472.0871329600,460.0520512000,475.2314336000,457.8919083200,4506945,2524752310.0000,0.358777,-0.969484
2018-11-30,464.5558240000,471.2280800000,474.4724644800,461.2196960000,4901046,2762808219.0000,0.390149,2.429301
2018-12-03,491.2448480000,501.4200384000,504.5893600000,487.7168926400,8341468,4964130146.0000,0.664025,6.407082
2018-12-04,502.9129556800,502.2790913600,503.9721763200,496.2490400000,3147388,1888148735.0000,0.250549,0.171319
2018-12-05,498.3341200000,508.8429232000,514.1807280000,496.2490400000,4158819,2523641849.0000,0.331064,1.306809
2018-12-06,500.4192000000,493.5801376000,505.4067113600,492.3791315200,3775807,2250440655.0000,0.300574,-2.999506
2018-12-07,496.7494592000,489.5767840000,499.4684035200,487.6585104000,2684167,1583970320.0000,0.213674,-0.811083
2018-12-10,480.4024320000,481.4282913600,489.9938000000,478.8844937600,2464068,1427993218.0000,0.196153,-1.664399
2018-12-11,481.2364640000,486.2323156800,489.2014696000,481.2364640000,1631660,949962155.0000,0.129889,0.997871
2018-12-12,491.0697012800,491.2448480000,491.4116544000,486.0738496000,1992154,1168089518.0000,0.158586,1.030894
2018-12-13,492.0788800000,501.8787560000,506.1573401600,491.7452672000,4039941,2427823194.0000,0.321601,2.164686
2018-12-14,498.7594763200,494.5476147200,500.2523936000,493.7469440000,2455448,1461585126.0000,0.195467,-1.460736
2018-12-17,494.2223422400,492.5125766400,497.0580510400,487.9170603200,2489585,1466942952.0000,0.198184,-0.411495
2018-12-18,488.6426681600,492.8628700800,493.3632892800,487.9087200000,1922218,1130221286.0000,0.153019,0.071121
2018-12-19,491.2448480000,481.9036896000,492.9045716800,480.4274529600,2571596,1501321336.0000,0.204713,-2.223578
2018-12-20,480.5859190400,479.1513840000,484.9896080000,474.4724644800,2694098,1549600760.0000,0.214464,-0.571130
2018-12-21,476.2322720000,473.2380971200,478.2756504000,468.9011307200,3064043,1736537277.0000,0.243914,-1.234121
2018-12-24,469.9770320000,473.7301760000,476.1572091200,465.3898560000,1910986,1080787424.0000,0.152125,0.103986
2018-12-25,468.9094710400,471.8869652800,473.3131600000,461.7284555200,2659286,1490157587.0000,0.211693,-0.389088
2018-12-26,470.2355819200,467.1246425600,474.0637888000,465.3898560000,1786620,1005617678.0000,0.142224,-1.009202
2018-12-27,475.3982400000,469.5600160000,476.9411992000,468.9094710400,2949357,1670211285.0000,0.234784,0.521351
2018-12-28,469.8102256000,492.0872203200,497.4166848000,467.0579200000,6367837,3705150490.0000,0.506914,4.797515
2019-01-02,508.7428393600,499.5684873600,510.4275840000,496.2573803200,6228649,3754387984.0000,0.495833,1.520308
2019-01-03,500.3941790400,492.0788800000,501.8036931200,488.5759456000,3097735,1838179174.0000,0.246596,-1.499212
2019-01-04,489.8103129600,502.0872640000,506.8162254400,485.4233046400,3768347,2258501484.0000,0.299980,2.033898
2019-01-07,507.0914560000,504.9980356800,510.4275840000,502.2707510400,3475013,2105981461.0000,0.276629,0.579733
2019-01-08,505.0063760000,504.4142132800,510.4275840000,500.6527289600,2883813,1750413219.0000,0.229567,-0.115611
2019-01-09,508.7511796800,513.8637958400,522.2374771200,507.9588492800,4989227,3084214779.0000,0.397169,1.873381
2019-01-10,514.7061681600,516.0739806400,521.1699161600,508.9680280000,2904390,1797683134.0000,0.231205,0.430115
2019-01-11,521.2700000000,530.3442681600,531.2783840000,516.0573000000,3888421,2445929483.0000,0.309539,2.765161
2019-01-14,527.9422560000,520.9363872000,530.3526084800,518.3925896000,2564890,1606308126.0000,0.204179,-1.773924
2019-01-15,523.6553315200,550.4444393600,551.7121680000,521.2700000000,5576485,3613919068.0000,0.443918,5.664426
2019-01-16,548.7930560000,551.3785552000,555.1734008000,545.1233152000,4208364,2775103930.0000,0.335008,0.169701
2019-01-17,552.9632160000,549.8355960000,558.5512304000,546.9581856000,3028476,2004454115.0000,0.241083,-0.279833
2019-01-18,554.6312800000,570.1526155200,575.6488864000,551.7121680000,6860918,4647515824.0000,0.546165,3.695106
2019-01-21,575.4820800000,572.9633033600,582.8882841600,568.7097401600,4705193,3242615722.0000,0.374558,0.492970
2019-01-22,572.1459520000,559.6354720000,572.1459520000,554.8147670400,4212221,2834735031.0000,0.335315,-2.326120
2019-01-23,556.4828310400,555.1817411200,562.5545840000,553.0716401600,3362481,2247371221.0000,0.267671,-0.795831
2019-01-24,559.0516496000,560.8865200000,565.3319105600,554.3643897600,2915527,1960227058.0000,0.232091,1.027556
2019-01-25,563.7055481600,566.8915504000,571.2285168000,558.7430577600,2898635,1966232090.0000,0.230747,1.070634
2019-01-28,570.4778880000,564.6396640000,578.8015273600,563.8306529600,3610287,2476277972.0000,0.287398,-0.397236
2019-01-29,565.0566800000,571.3119200000,573.8140160000,557.1333760000,3034259,2069407513.0000,0.241543,1.181684
2019-01-30,571.3035796800,563.8056320000,572.3294390400,563.8056320000,2269996,1545353573.0000,0.180704,-1.313869
2019-01-31,567.1417600000,575.1484672000,575.1484672000,565.1067219200,3669657,2515374970.0000,0.292124,2.011831
2019-02-01,581.3536652800,577.7089454400,582.9883680000,575.1568075200,3052062,2121326140.0000,0.242960,0.445187
2019-02-11,579.6522400000,604.9234096000,608.4263440000,573.9641417600,5814075,4143849806.0000,0.462831,4.710758
2019-02-12,603.0051360000,598.7682534400,605.0818756800,596.4996864000,3509143,2521840124.0000,0.279346,-1.017511
2019-02-13,603.0051360000,613.2220280000,613.9809971200,598.1844310400,3567706,2589623528.0000,0.284008,2.413920
2019-02-14,609.8441984000,614.8150291200,620.2362371200,608.9601244800,3225813,2375987077.0000,0.256792,0.259772
2019-02-15,612.9134361600,604.4897129600,612.9134361600,603.0218166400,2323798,1691515518.0000,0.184987,-1.679411
2019-02-18,609.6773920000,617.1836800000,621.3121384000,609.6773920000,3774589,2787522993.0000,0.300477,2.099944
2019-02-19,617.9843507200,609.4772243200,619.2687600000,606.0576931200,2950150,2164408781.0000,0.234848,-1.248647
2019-02-20,613.0135200000,602.1711040000,613.0135200000,597.2169539200,3788237,2742919644.0000,0.301564,-1.198753
2019-02-21,600.5030400000,600.7115480000,609.2436953600,598.0009440000,2985040,2163554333.0000,0.237625,-0.242382
2019-02-22,598.0009440000,605.5155723200,607.5839716800,595.5822512000,2590877,1867253930.0000,0.206248,0.799724
2019-02-25,609.4688840000,619.1269745600,620.8867820800,598.8266356800,8262259,6034261367.0000,0.657720,2.247904
2019-02-26,623.6891296000,606.6331752000,624.8400937600,605.5072320000,5796466,4265279124.0000,0.461429,-2.017976
2019-02-27,611.3454560000,617.7675024000,632.2129366400,609.6773920000,6594227,4908445127.0000,0.524935,1.835435
2019-02-28,615.4322128000,629.7025003200,636.7167094400,614.6398824000,5698625,4289145218.0000,0.453641,1.931956
2019-03-01,635.1153680000,658.3014576000,658.8852800000,634.6983520000,6384023,4952509171.0000,0.508202,4.541658
2019-03-04,663.0554400000,652.0962595200,665.8327665600,648.2263510400,8458596,6661386571.0000,0.673349,-0.942608
2019-03-05,654.7151200000,650.3614729600,658.5099656000,647.1087481600,4483056,3501155936.0000,0.356875,-0.266027
2019-03-06,646.3748000000,640.5365760000,650.1279440000,638.7684281600,4673137,3602140487.0000,0.372006,-1.510686
2019-03-07,635.7158710400,624.3563552000,635.7158710400,621.8208979200,6018053,4526351877.0000,0.479069,-2.526045
2019-03-08,615.4322128000,615.0986000000,622.8801185600,611.8875768000,5227525,3868415483.0000,0.416139,-1.482765
2019-03-11,617.2170412800,632.6466332800,639.6608424000,617.2170412800,5305724,4001728730.0000,0.422364,2.852878
2019-03-12,637.0503222400,621.3621803200,637.0586625600,616.3496480000,5251001,3946382127.0000,0.418007,-1.783686
2019-03-13,621.7708560000,628.8601280000,634.4898440000,621.7708560000,4056136,3058080906.0000,0.322890,1.206694
2019-03-14,631.3622240000,648.8768960000,654.7151200000,628.8601280000,6217256,4808607656.0000,0.494927,3.183024
2019-03-15,647.2088320000,648.2930736000,656.8002000000,637.9093752000,5240071,4084798328.0000,0.417137,-0.089976
2019-03-18,649.5441216000,675.6409828800,679.3440849600,648.0428640000,8131880,6499566987.0000,0.647341,4.218453
2019-03-19,669.7276960000,661.0621035200,673.8311334400,660.8035536000,4063493,3244967390.0000,0.323476,-2.157790
2019-03-20,658.8852800000,661.2205696000,669.1438736000,654.7151200000,3111752,2470811128.0000,0.247712,0.023972
2019-03-21,657.2172160000,655.3406440000,661.2205696000,651.7960080000,3257328,2558222913.0000,0.259301,-0.889252
2019-03-22,657.4007030400,662.2214080000,667.2089193600,654.7151200000,3051750,2420497823.0000,0.242935,1.049952
2019-03-25,655.5491520000,646.8752192000,657.2172160000,644.9569456000,3727046,2903744159.0000,0.296693,-2.317384
2019-03-26,650.5449600000,644.7067360000,655.4991100800,637.2838512000,3759569,2914112997.0000,0.299282,-0.335221
2019-03-27,651.3789920000,657.6342320000,662.1213241600,646.3748000000,4280739,3366132247.0000,0.340770,2.005175
2019-03-28,661.7460097600,672.8970176000,679.3023833600,655.2822617600,5756676,4615969704.0000,0.458262,2.320861
2019-03-29,696.4167200000,712.2549876800,722.8388537600,692.3883454400,9093396,7702154797.0000,0.723882,5.849033
2019-04-01,717.2675200000,716.4334880000,724.7321064000,709.7612320000,6093461,5228521999.0000,0.485072,0.586659
2019-04-02,717.2591796800,708.9272000000,717.2591796800,697.3007939200,5322705,4496538880.0000,0.423716,-1.047730
2019-04-03,700.6869638400,704.3400240000,710.3784156800,695.7578347200,4305680,3629854319.0000,0.342755,-0.647059
2019-04-04,700.5868800000,721.4376800000,722.1049056000,697.4175584000,5577236,4763897857.0000,0.443978,2.427472
2019-04-08,750.6288000000,750.7956064000,757.3010560000,742.3885638400,6625193,5944780639.0000,0.527400,4.069366
2019-04-09,753.1308960000,754.7989600000,757.4678624000,744.3819003200,4798980,4308645696.0000,0.382024,0.533214
2019-04-10,753.1308960000,790.6539956800,793.9150608000,750.6288000000,6781438,6331858748.0000,0.539838,4.750275
2019-04-11,790.6623360000,771.6464064000,792.3304000000,755.2576776000,6110254,5643817564.0000,0.486409,-2.404032
2019-04-12,758.1350880000,762.3052480000,767.3010996800,750.6371403200,4861217,4419349981.0000,0.386979,-1.210550
2019-04-15,776.4837920000,756.4670240000,783.1560480000,756.4670240000,4552264,4205548308.0000,0.362384,-0.765864
2019-04-16,754.7155568000,783.9066768000,783.9066768000,751.6463190400,4642344,4297385218.0000,0.369555,3.627346
2019-04-17,782.3220160000,793.9984640000,796.9259163200,771.4796000000,4076102,3848216557.0000,0.324479,1.287368
2019-04-18,788.5021931200,788.5772560000,796.2336697600,780.8374390400,1959852,1853076080.0000,0.156015,-0.682773
2019-04-19,787.2928467200,794.4655219200,801.4630504000,776.7423419200,3237978,3064971032.0000,0.257760,0.746695
2019-04-22,800.2537040000,791.6631744000,816.4255844800,784.4988395200,4062796,3897168684.0000,0.323420,-0.352732
2019-04-23,793.1644320000,813.1394984000,818.3688790400,791.6631744000,4885205,4725480295.0000,0.388888,2.712811
2019-04-24,817.2512761600,809.0110400000,825.6916800000,793.3479190400,4522700,4383873128.0000,0.360031,-0.507720
2019-04-25,808.0018612800,794.3070558400,812.3388276800,793.3479190400,3980134,3822767525.0000,0.316840,-1.817526
2019-04-26,789.2444816000,788.1602400000,800.5706361600,788.1602400000,4327768,4119727292.0000,0.344513,-0.773858
2019-04-29,788.1602400000,810.6540830400,824.8576480000,779.8199200000,5257230,5086408528.0000,0.418503,2.853965
2019-04-30,807.3429760000,812.3471680000,821.4881587200,803.2645595200,3594318,3503937512.0000,0.286127,0.208857
2019-05-06,771.8966160000,755.6329920000,779.8199200000,744.7905760000,13509968,12299395806.0000,1.075465,-6.981520
2019-05-07,745.0241049600,742.2884800000,762.2552060800,725.7913270400,10083726,9045117765.0000,0.802718,-1.766004
2019-05-08,717.2675200000,737.6179008000,752.1300576000,717.2675200000,8188298,7217709507.0000,0.651832,-0.629211
2019-05-09,729.7780000000,716.2750219200,733.8397358400,702.6719600000,9154515,7863312116.0000,0.728748,-2.893490
2019-05-10,730.3284611200,756.5671078400,759.6196649600,724.0982420800,7990738,7121198718.0000,0.636105,5.625225
2019-05-13,749.6780035200,743.9565440000,759.7864713600,737.2842880000,4663718,4179329433.0000,0.371257,-1.666813
2019-05-14,738.1183200000,739.4277502400,755.6329920000,728.1099360000,5998312,5349455647.0000,0.477497,-0.608744
2019-05-15,742.4886476800,773.1476640000,778.1518560000,742.4886476800,6312425,5778791845.0000,0.502502,4.560271
2019-05-16,766.4754080000,775.5746971200,777.3178240000,754.7989600000,4454012,4108281950.0000,0.354563,0.313913
2019-05-17,773.1643446400,756.2918772800,777.5680336000,750.7122032000,4984161,4551116799.0000,0.396766,-2.486262
2019-05-20,750.6288000000,738.0849587200,750.6288000000,726.4418720000,4440799,3931645928.0000,0.353511,-2.407388
2019-05-21,738.1183200000,746.4586400000,758.9691200000,727.2925846400,4238565,3791406204.0000,0.337412,1.134512
2019-05-22,746.4419593600,740.6204160000,753.9649280000,733.9481600000,3204158,2853872828.0000,0.255068,-0.782123
2019-05-23,734.7821920000,718.1015520000,737.2676073600,714.1148790400,5805863,5062812286.0000,0.462177,-3.040541
2019-05-24,721.4376800000,732.6971120000,738.1183200000,720.9706220800,4403409,3858962204.0000,0.350535,2.032520
2019-05-27,733.1975312000,733.1141280000,736.4419156800,717.3092216000,3916191,3417213669.0000,0.311750,0.056915
2019-05-28,732.2717556800,740.6204160000,756.8756996800,729.7946806400,7477277,6670856081.0000,0.595231,1.023891
2019-05-29,740.6287563200,760.5621211200,771.4378984000,740.6287563200,6564696,5963755397.0000,0.522585,2.692564
2019-05-30,758.9691200000,755.0491696000,767.3010996800,743.3059990400,4024720,3634187681.0000,0.320389,-0.724851
2019-05-31,751.0708369600,742.2884800000,756.4586836800,742.2884800000,3579380,3211384923.0000,0.284938,-1.690046
2019-06-03,743.9565440000,743.9565440000,751.7547432000,739.1858809600,3447924,3076922330.0000,0.274473,0.224719
2019-06-04,746.4586400000,730.0282096000,746.8172737600,726.4418720000,3968948,3481384251.0000,0.315949,-1.872199
2019-06-05,737.2842880000,726.9422912000,739.1692003200,725.6078400000,3406736,2988114670.0000,0.271194,-0.422714
2019-06-06,730.2950998400,719.0440081600,730.4202046400,715.5994560000,3478685,3009567792.0000,0.276922,-1.086504
2019-06-10,715.5827753600,726.5085945600,733.0724264000,700.5868800000,5550246,4790052574.0000,0.441829,1.038128
2019-06-11,730.6120320000,759.7114084800,763.6480395200,729.7780000000,8010644,7209086880.0000,0.637690,4.570189
2019-06-12,755.8164790400,756.2168144000,759.7948116800,745.6246080000,3774740,3420899273.0000,0.300489,-0.459990
2019-06-13,758.9691200000,758.9691200000,760.8873936000,748.1267040000,3291742,2984741685.0000,0.262040,0.363956
2019-06-14,759.8031520000,761.4712160000,777.5680336000,758.9858006400,4245504,3905679105.0000,0.337965,0.329670
2019-06-17,756.4670240000,760.3035712000,773.0976220800,755.6496726400,3276903,3001512189.0000,0.260859,-0.153343
2019-06-18,764.8073440000,764.8073440000,767.3094400000,752.7972832000,2944138,2687679912.0000,0.234369,0.592368
2019-06-19,783.9900800000,777.3261643200,789.5780944000,777.3261643200,5372640,5051192622.0000,0.427691,1.636860
2019-06-20,777.7348400000,813.1812000000,813.5982160000,777.4846304000,6727197,6468666073.0000,0.535521,4.612610
2019-06-21,808.9860190400,814.2654416000,821.0961636800,804.4238640000,4592675,4482726902.0000,0.365601,0.133332
2019-06-24,815.9335056000,823.2729872000,833.7734500800,813.1812000000,4577920,4532526991.0000,0.364427,1.106216
2019-06-25,827.3597440000,819.8367753600,833.1979680000,806.5089440000,5129595,5035624420.0000,0.408343,-0.417384
2019-06-26,821.5215200000,817.2345955200,821.5215200000,810.0285590400,2958818,2896585581.0000,0.235538,-0.317402
2019-06-27,821.5215200000,830.9877832000,834.8660320000,818.2854758400,4797845,4772724089.0000,0.381934,1.682892
2019-06-28,834.5251741700,832.8408720000,836.9712210400,822.1171993900,3108840,3050739277.0000,0.247480,0.223058
2019-07-01,850.2086511600,873.3487623800,876.5142348000,846.5692042600,5233723,5325575854.0000,0.416632,4.863820
2019-07-02,867.5425750000,867.5425750000,871.3512985000,859.9251280000,3906109,3989722046.0000,0.310947,-0.664817
2019-07-03,863.3106600000,836.1417657000,865.8498090000,830.7249145000,6713932,6717755678.0000,0.534465,-3.619510
2019-07-04,834.3643614000,830.4709996000,838.5962764000,822.0240972600,4621668,4531686001.0000,0.367909,-0.678207
2019-07-05,834.5336380000,846.2306510600,851.4612980000,826.3237229000,5003271,4968920475.0000,0.398287,1.897676
2019-07-08,842.1934041500,833.5687613800,844.6055957000,825.2234250000,3361352,3313713091.0000,0.267581,-1.496271
2019-07-09,828.8628719000,826.1205909800,837.0727870000,819.5949780500,3172332,3103986405.0000,0.252534,-0.893527
2019-07-10,830.2424761900,831.5882251600,838.4100721400,826.9161910000,2816670,2774054724.0000,0.224222,0.661847
2019-07-11,837.8853146800,830.7249145000,845.0118595400,826.0698080000,3051419,3011117079.0000,0.242909,-0.103817
2019-07-12,830.5556379000,834.6098124700,839.1887445000,829.4638038300,2817385,2778937975.0000,0.224279,0.467654
2019-07-15,819.1294674000,826.0105611900,829.5399783000,805.0202627900,5987040,5785726590.0000,0.476600,-1.030335
2019-07-16,825.6042973500,819.2987440000,831.4020209000,816.7595950000,3324524,3226755644.0000,0.264650,-0.812558
2019-07-17,819.2987440000,815.4900205000,823.5221951700,814.3304757900,2546887,2459954487.0000,0.202746,-0.464876
2019-07-18,813.7972545000,801.9478925000,815.0668290000,801.6770499400,3925295,3748507464.0000,0.312474,-1.660612
2019-07-19,808.2957650000,809.0321182100,813.2047864000,802.3710840000,2801481,2679887449.0000,0.223013,0.883377
2019-07-22,812.5276800000,810.0054586600,815.9132120000,804.2754457500,2812549,2695084029.0000,0.223894,0.120312
2019-07-23,814.4743609000,807.4324543400,814.7198119700,798.8670583800,3248395,3087319264.0000,0.258589,-0.317657
2019-07-24,811.0972927300,800.9830158800,812.4430417000,799.5695562700,4677120,4450509786.0000,0.372324,-0.798758
2019-07-25,800.6529265100,815.0668290000,815.3715268800,794.0342114500,3825570,3633246146.0000,0.304536,1.758318
2019-07-26,814.1950545100,816.7849864900,821.8378930000,811.3004246500,2646759,2556208822.0000,0.210700,0.210800
2019-07-29,814.2458374900,826.4168250300,829.0321485000,812.5361438300,2698133,2626793557.0000,0.214786,1.179232
2019-07-30,826.4929995000,828.5497101900,831.9944890000,821.8378930000,1953797,1911965179.0000,0.155500,0.258100
2019-07-31,825.2234250000,823.1921058000,830.9534379100,818.1053439700,2252620,2191909987.0000,0.179300,-0.646600
2019-08-01,826.5014633300,811.9352119000,826.9161910000,806.6199266600,3508952,3385045858.0000,0.279300,-1.367500
2019-08-02,798.9855520000,807.8302543500,810.8179863400,798.1391690000,3971940,3772328947.0000,0.316200,-0.505600
2019-08-05,799.8319350000,797.6567306900,807.4493820000,795.6000200000,3677431,3473341317.0000,0.292700,-1.259400
2019-08-06,787.9825730000,800.9322329000,802.3710840000,781.8886154000,4399116,4121445010.0000,0.350200,0.410600
2019-08-07,803.6406585000,799.8319350000,808.7443479900,799.8319350000,2686998,2553463419.0000,0.213900,-0.137400
2019-08-08,807.0261905000,822.4134334400,824.3770420000,805.7566160000,3880813,3755086990.0000,0.308900,2.823300
2019-08-09,828.1857655000,814.2458374900,830.2594038500,811.6728331700,2846170,2760764357.0000,0.226600,-0.993100
2019-08-12,855.1092087300,862.1511152900,863.3952983000,842.1595488300,8149895,8208540716.0000,0.648800,5.883400
2019-08-13,860.0605492800,861.5755748500,868.3889580000,855.4223704400,3032970,3088013760.0000,0.241400,-0.066800
2019-08-14,871.7914176600,883.0567753900,890.3102777000,871.7914176600,4141095,4327071299.0000,0.329700,2.493200
2019-08-15,870.0817240000,884.3855967000,885.7228818400,870.0817240000,2723739,2821331120.0000,0.216800,0.150500
2019-08-16,888.5667287200,892.5955118000,910.3526271400,881.0847030000,3608673,3822488363.0000,0.287300,0.928300
2019-08-19,898.0123630000,893.6788820400,905.6128823400,887.8980861500,3286758,3471558016.0000,0.261600,0.121400
2019-08-20,892.9340650000,905.6298100000,908.7444994400,888.7021500000,2860213,3038219263.0000,0.227700,1.337300
2019-08-21,905.7144483000,902.2442780000,911.5290995100,898.5709757800,2506662,2678841887.0000,0.199500,-0.373800
2019-08-22,908.1604951700,934.4068320000,934.4068320000,905.6298100000,3759078,4099045126.0000,0.299200,3.564700
2019-08-23,935.2532150000,956.4974283000,959.4259134800,927.3141424600,4019230,4495782910.0000,0.320000,2.364100
2019-08-26,942.0242790000,933.5181298500,954.7200240000,928.2113084400,4849789,5382792365.0000,0.386100,-2.402400
2019-08-27,945.4098110000,938.6387470000,957.5215517300,938.6387470000,5216421,5830617878.0000,0.415300,0.548500
2019-08-28,938.6387470000,931.1144021300,950.6489217700,916.6412528300,4700967,5169778985.0000,0.374200,-0.801600
2019-08-29,935.2532150000,942.1089173000,946.4085429400,924.6734275000,2933042,3247704307.0000,0.233500,1.180800
2019-08-30,952.1808750000,966.5693860000,969.9549180000,950.4881090000,4489077,5093877152.0000,0.357400,2.596400
2019-09-02,964.8681561700,963.8271050800,969.0916073400,955.5664070000,2823433,3210850606.0000,0.224800,-0.283700
2019-09-03,964.8766200000,964.8766200000,974.2037606600,955.1939984800,2948509,3358578409.0000,0.234700,0.108900
2019-09-04,965.5537264000,952.1893388300,967.3395945300,948.0420621300,3360022,3785904728.0000,0.267500,-1.314900
2019-09-05,955.5664070000,968.2621520000,969.0238967000,954.7200240000,3293084,3746608087.0000,0.262100,1.688000
2019-09-06,968.6853435000,966.9841136700,970.0818754500,957.2591730000,2617659,2978155822.0000,0.208400,-0.132000
2019-09-09,969.1085350000,961.9312071600,971.6476840000,960.6447050000,2937934,3346080774.0000,0.233900,-0.522500
2019-09-10,960.0522369000,951.2075345500,960.6447050000,947.9574238300,2622707,2952753655.0000,0.208800,-1.114800
2019-09-11,947.2887812600,905.2235461600,947.9235685100,903.9370440000,8171654,8904690560.0000,0.650500,-4.834300
2019-09-12,902.2442780000,930.1749170000,939.4682023400,902.2442780000,4121133,4498210332.0000,0.328100,2.756400
2019-09-16,916.6327890000,930.1749170000,934.3645128500,916.6327890000,3137180,3432292113.0000,0.249700,0.000000
2019-09-17,925.9430020000,925.9514658300,936.6582107800,920.0183210000,2519693,2767385769.0000,0.200600,-0.454000
2019-09-18,938.2155555000,972.4094287000,973.3404500000,937.9447129400,6931447,7899560194.0000,0.551800,5.017300
2019-09-19,971.6476840000,969.1085350000,973.3404500000,962.4221093000,2447980,2800064436.0000,0.194900,-0.339500
2019-09-20,974.1868330000,979.6206118600,981.8042800000,971.3006669700,3762666,4346138244.0000,0.299500,1.084700
2019-09-23,979.2651310000,972.4940670000,979.2651310000,957.2591730000,3002633,3431058973.0000,0.239000,-0.727500
2019-09-24,977.5723650000,1002.1174720000,1002.8792167000,975.0332160000,3626913,4259833998.0000,0.288700,3.046100
2019-09-25,998.7319400000,993.6536420000,1006.2393572100,990.6913015000,2402458,2832308420.0000,0.191200,-0.844600
2019-09-26,994.4492420200,987.7289610000,1001.5673230500,980.7970842300,2608194,3050478322.0000,0.207600,-0.596300
2019-09-27,985.1898120000,994.2884292500,1001.2710890000,975.8795990000,2282661,2671754323.0000,0.181700,0.664100
2019-09-30,984.3434290000,973.3404500000,989.7856716900,973.3404500000,3082514,3565988675.0000,0.245400,-2.106800
2019-10-08,975.8795990000,987.8135993000,998.7319400000,975.0416798300,3104527,3631091491.0000,0.247100,1.487000
2019-10-09,987.0518546000,970.6404882300,987.0518546000,960.6870241500,3578857,4105282379.0000,0.284900,-1.738500
2019-10-10,953.8736410000,977.5723650000,980.8986501900,938.6556746600,4117370,4685560483.0000,0.327800,0.714100
2019-10-11,979.2651310000,994.1614718000,994.5000250000,975.2109564300,2868925,3343559812.0000,0.228400,1.697000
2019-10-14,1003.8102380000,998.7319400000,1005.2152337800,990.2681100000,2718751,3209362988.0000,0.216400,0.459700
2019-10-15,998.7319400000,1024.9698130000,1028.9308854400,996.2181824900,4003473,4806856333.0000,0.318700,2.627100
2019-10-16,988.5753440000,990.2681100000,1005.0798125000,981.8042800000,5915059,6935972684.0000,0.470900,-3.385600
2019-10-17,995.3464080000,1001.5503953900,1004.3688507800,983.9202375000,3050870,3578144114.0000,0.242900,1.139300
2019-10-18,997.8855570000,995.1686675700,1007.1873061700,991.6984972700,2829161,3335011086.0000,0.225200,-0.637200
2019-10-21,991.8423823800,988.9985355000,997.8009187000,984.5973439000,2527467,2955023935.0000,0.201200,-0.620000
2019-10-22,997.0391740000,990.9452164000,1000.0015145000,985.0967098700,1930943,2262188262.0000,0.153700,0.196800
2019-10-23,988.5753440000,980.8817225300,997.0391740000,978.5118501300,2308021,2684922174.0000,0.183700,-1.015500
2019-10-24,985.9938758500,973.5689734100,986.8825780000,970.9367222800,2617844,3025245582.0000,0.208400,-0.745500
2019-10-25,976.1335139000,991.4107270500,992.3840675000,967.4411604900,2599845,3015928985.0000,0.207000,1.832600
2019-10-28,986.8910418300,997.2846250700,999.5867868300,986.0361950000,2248599,2644563044.0000,0.179000,0.592500
2019-10-29,999.6714251300,1009.7349190000,1015.6257446800,996.8445059100,2780371,3314271728.0000,0.221300,1.248400
2019-10-30,1007.1957700000,1001.9481954000,1009.4810041000,995.3464080000,2125475,2516524166.0000,0.169200,-0.771200
2019-10-31,1012.2740680000,998.7404038300,1013.9668340000,995.4733654500,2590927,3068884874.0000,0.206300,-0.320200
2019-11-01,999.5783230000,1002.9638550000,1008.8462168500,992.3840675000,2281196,2697638375.0000,0.181600,0.422900
2019-11-04,1007.1957700000,1015.3125829700,1024.1149661700,1006.3493870000,2673798,3209264033.0000,0.212800,1.231200
2019-11-05,1015.2364085000,1014.8132170000,1019.8915150000,1008.8885360000,2225472,2667596023.0000,0.177200,-0.049200
2019-11-06,1013.1204510000,1009.7349190000,1019.0451320000,1006.2478210400,1973751,2362005422.0000,0.157100,-0.500400
2019-11-07,1012.7057233300,1016.8191447100,1017.2508000400,1006.3493870000,1616788,1933203877.0000,0.128700,0.701600
2019-11-08,1019.8915150000,1019.8915150000,1028.9054939500,1016.9376383300,2451211,2964133776.0000,0.195100,0.302200
2019-11-11,1016.9291745000,1014.8132170000,1020.9071746000,1010.1665743300,1734246,2082060830.0000,0.138100,-0.497900
2019-11-12,1019.0451320000,1017.0138128000,1023.7848768000,1014.1445744300,1915055,2303205539.0000,0.152400,0.216800
2019-11-13,1021.5842810000,1035.9727920000,1039.1890474000,1015.6596000000,3197704,3890666569.0000,0.254600,1.864200
2019-11-14,1038.5119410000,1041.0510900000,1049.5149200000,1034.2800260000,2352112,2898399700.0000,0.187200,0.490200
2019-11-15,1041.0510900000,1036.7345367000,1043.5140645300,1033.8568345000,1634072,2003665313.0000,0.130100,-0.414600
2019-11-18,1036.9207409600,1038.7489282400,1040.5855793500,1030.8944940000,1803766,2204546132.0000,0.143600,0.194300
2019-11-19,1039.3583240000,1043.0146985600,1050.8775966300,1036.8361026600,2062375,2542105913.0000,0.164200,0.410700
2019-11-20,1041.0510900000,1044.2250262500,1049.1001923300,1039.4091069800,1528053,1884957278.0000,0.121600,0.116000
2019-11-21,1041.8974730000,1042.1513879000,1045.7146603300,1033.4844259800,1918739,2356277766.0000,0.152700,-0.198600
2019-11-22,1035.1264090000,1010.5813020000,1040.2047070000,1002.9638550000,4705428,5677646465.0000,0.374600,-3.029300
2019-11-25,1005.5453231500,1000.4754889800,1010.5813020000,992.0116589800,3828175,4518778939.0000,0.304700,-1.000000
2019-11-26,1004.3857784400,1002.9638550000,1014.4746638000,1001.2710890000,4023961,4794179893.0000,0.320300,0.248700
2019-11-27,1009.5656424000,1007.1534508500,1012.7988254600,1002.5491273300,1984881,2363839726.0000,0.158000,0.417700
2019-11-28,1011.4022935100,995.1771314000,1013.5521063300,989.4386546600,2884499,3405325549.0000,0.229600,-1.189100
2019-11-29,986.4593865000,955.5664070000,986.4593865000,941.9311768700,8239732,9338326554.0000,0.655900,-3.980300
2019-12-02,946.4254706000,958.9519390000,964.8935476600,946.4254706000,3078441,3479717421.0000,0.245100,0.354300
2019-12-03,958.9519390000,946.2561940000,958.9519390000,946.0361344200,2734093,3066695648.0000,0.217600,-1.323900
2019-12-04,964.8766200000,949.9210323900,968.8207647800,946.2561940000,3528308,3980511004.0000,0.280900,0.387300
2019-12-05,952.1808750000,956.2435134000,958.1140198300,946.2561940000,2133879,2402503470.0000,0.169900,0.665600
2019-12-06,961.4656965100,990.2681100000,990.2681100000,956.4974283000,3950626,4565643688.0000,0.314500,3.558100
2019-12-09,994.5000250000,980.7039821000,995.3464080000,978.5033863000,2182412,2543532527.0000,0.173700,-0.965800
2019-12-10,981.4657268000,985.5283652000,986.0361950000,974.1868330000,1508658,1749356289.0000,0.120100,0.491900
2019-12-11,988.5753440000,980.9409693400,990.9028972500,978.0378756500,1456799,1689987674.0000,0.116000,-0.465500
2019-12-12,978.4187480000,962.3374710000,981.7534970200,956.4805006400,2940916,3362699683.0000,0.234100,-1.896500
2019-12-13,969.9549180000,984.3434290000,986.0361950000,969.9549180000,3000059,3473927971.0000,0.238800,2.286700
2019-12-16,984.3434290000,971.5799733600,984.3434290000,963.1330710200,3093642,3554133640.0000,0.246300,-1.296600
2019-12-17,973.0865351000,990.2511823400,993.3150888000,967.4411604900,4261696,4937041950.0000,0.339300,1.921700
2019-12-18,993.6536420000,988.5753440000,994.6693016000,985.1898120000,1964009,2295963803.0000,0.156300,-0.169200
2019-12-19,984.3434290000,979.6036842000,984.3434290000,975.0332160000,1955230,2262598597.0000,0.155600,-0.907500
2019-12-20,983.6493949400,970.2088329000,983.6493949400,966.1461945000,2356384,2703612358.0000,0.187600,-0.959000
2019-12-23,964.0302370000,972.7479819000,983.9202375000,961.4910880000,2591918,2981937538.0000,0.206300,0.261700
2019-12-24,975.8795990000,971.6476840000,977.5723650000,969.1085350000,1182310,1358536199.0000,0.094100,-0.113100
2019-12-25,967.4157690000,959.5444071000,967.4157690000,956.4212538300,2430597,2755735164.0000,0.193500,-1.245600
2019-12-26,958.1055560000,960.7293433000,966.5524583400,947.9404961700,2287727,2585996501.0000,0.182100,0.123500
2019-12-27,973.3404500000,984.3434290000,991.9608760000,973.3404500000,4706628,5486452901.0000,0.374700,2.457900
2019-12-30,990.4373866000,1003.6409614000,1011.8508765000,990.4373866000,4076066,4827682057.0000,0.324500,1.960500
2019-12-31,1001.2710890000,1001.2710890000,1005.5030040000,995.7780633300,2258881,2666705100.0000,0.179800,-0.236100
2020-01-02,954.7200240000,956.4127900000,969.1593179800,944.5634280000,14809916,16696837095.0000,1.178900,-4.480100
2020-01-03,945.4098110000,912.8748484800,945.4098110000,911.4698527000,13031878,14266380596.0000,1.037400,-4.552200
2020-01-06,906.3576993800,912.3924101700,925.0119807000,903.3445759000,6341478,6853917601.0000,0.504800,-0.052900
2020-01-07,911.9776825000,926.3915849900,930.1749170000,911.0466612000,4785359,5220697068.0000,0.380900,1.534300
2020-01-08,918.3678741500,920.9831976200,927.2125765000,916.2773081400,2500825,2720371915.0000,0.199100,-0.583800
2020-01-09,925.9430020000,933.3065341000,935.5833043700,922.5574700000,3740587,4110949814.0000,0.297800,1.338100
2020-01-10,938.6387470000,941.6010875000,944.5549641700,933.1372575000,3597587,3993457118.0000,0.286400,0.888700
2020-01-13,941.6010875000,951.5630154100,955.7356836000,941.1778960000,3851575,4325687959.0000,0.306600,1.058000
2020-01-14,951.5037686000,937.2845342000,952.0877728700,933.5604490000,3514465,3916300790.0000,0.279800,-1.500500
2020-01-15,938.6472108300,941.2879257900,949.3031728000,935.2532150000,2602911,2895603674.0000,0.207200,0.427100
2020-01-16,946.9925472100,936.9459810000,946.9925472100,933.2049681400,2319165,2571593141.0000,0.184600,-0.461300
2020-01-17,939.4851300000,937.3691725000,941.8380747400,931.8761468300,2347275,2599645144.0000,0.186900,0.045200
2020-01-20,941.0594023800,923.4038530000,941.0594023800,915.7864060000,3539130,3858246844.0000,0.281700,-1.489800
2020-01-21,914.9400230000,910.1156399000,920.0183210000,907.5764909000,3287405,3542441308.0000,0.261700,-1.439000
2020-01-22,905.6298100000,910.2933803300,917.4791720000,893.2556905400,3620004,3875275065.0000,0.288200,0.019500
2020-01-23,910.7081080000,891.0720224000,910.7081080000,877.6991710000,5346843,5638945742.0000,0.425600,-2.111600
2020-02-03,833.6872550000,849.7008213600,855.4223704400,829.4553400000,12344288,12314991759.0000,0.982700,-4.642900
2020-02-04,859.0787450000,878.5540178300,894.6268310000,855.7016768300,6262418,6490469043.0000,0.498500,3.395700
2020-02-05,888.7021500000,888.6936861700,892.0876820000,874.3390304900,4741824,4956355235.0000,0.377500,1.154100
2020-02-06,896.6835416900,906.4761930000,909.8617250000,890.4118436600,4717121,5011246407.0000,0.375500,2.001000
2020-02-07,905.6382738300,910.7081080000,911.5544910000,898.0292906600,3127871,3348894576.0000,0.249000,0.466900
2020-02-10,898.8587460000,902.6590056700,909.5231718000,894.7961076000,3053342,3251908506.0000,0.243100,-0.883800
2020-02-11,899.7051290000,929.3285340000,930.7504574400,899.5358524000,4791793,5222918915.0000,0.381500,2.954600
2020-02-12,921.7110870000,928.7106744100,929.9971765700,919.0703720400,2812543,3072293973.0000,0.223900,-0.066500
2020-02-13,929.3285340000,923.4038530000,942.7775598700,920.8731678300,3035736,3335277425.0000,0.241700,-0.571400
2020-02-14,922.9383423500,920.8647040000,925.5282743300,916.7258911300,2328760,2534568401.0000,0.185400,-0.275000
2020-02-17,916.2095975000,925.7906530600,927.7965807700,916.1249592000,2702822,2946182657.0000,0.215200,0.534900
2020-02-18,922.5659338300,917.4791720000,928.3805850400,916.6327890000,2666496,2897729692.0000,0.212300,-0.897800
2020-02-19,918.3255550000,928.0589595000,932.2908745000,912.4008740000,3705147,4052365602.0000,0.294900,1.153100
2020-02-20,928.2282361000,946.2561940000,951.3344920000,927.1364020300,4680262,5220660940.0000,0.372600,1.960800
2020-02-21,940.7208491800,941.9227130400,950.9451558200,939.4935938300,2894008,3225337160.0000,0.230400,-0.458000
2020-02-24,935.6764065000,920.1706699400,939.4851300000,918.7487465000,3865036,4221857466.0000,0.307700,-2.309300
2020-02-25,912.4008740000,909.7009122300,915.8625804700,903.8354780400,3838562,4127432130.0000,0.305600,-1.137800
2020-02-26,898.8587460000,908.7614271000,917.4791720000,892.9340650000,4356097,4663278433.0000,0.346800,-0.103300
2020-02-27,910.7081080000,920.3484103700,926.7809211700,910.7081080000,3449829,3758783810.0000,0.274600,1.275000
2020-02-28,905.8837249000,894.6268310000,915.7864060000,888.6767585100,4994657,5307929213.0000,0.397600,-2.794800
2020-03-02,888.7952521300,919.1804018300,928.1012786500,888.7106138300,4766304,5154329159.0000,0.379400,2.744600
2020-03-03,929.3285340000,942.0242790000,947.0010110400,929.3285340000,5025015,5585227657.0000,0.400000,2.485200
2020-03-04,952.1808750000,955.4986963600,964.0302370000,944.7665599200,5379299,6080149243.0000,0.428200,1.430400
2020-03-05,961.7534667300,991.1144930000,994.4915611700,956.8867644800,6242645,7210485104.0000,0.496900,3.727500
2020-03-06,984.3434290000,977.9955565000,995.3464080000,975.0162883400,3064100,3553622358.0000,0.243900,-1.323700
2020-03-09,960.6447050000,942.8791258300,960.6447050000,940.5938917300,4340409,4865288500.0000,0.345500,-3.590700
2020-03-10,942.0242790000,978.4187480000,988.5753440000,942.0242790000,5806293,6635936156.0000,0.462200,3.769300
2020-03-11,977.9955565000,980.5516331600,989.9126291400,965.7230030000,3554757,4124607952.0000,0.283000,0.218000
2020-03-12,965.9092072600,963.6070455000,975.8795990000,952.2655133000,3663063,4172606105.0000,0.291600,-1.728100
2020-03-13,922.5574700000,941.2032874900,955.5494793400,914.0936400000,7588531,8348496480.0000,0.604100,-2.325000
2020-03-16,934.3899043400,903.0906610000,937.7500448500,898.8587460000,5123254,5548946745.0000,0.407800,-4.049400
2020-03-17,892.9340650000,884.5548733000,912.4008740000,855.7947789600,7935912,8277472787.0000,0.631700,-2.052500
2020-03-18,880.2383200000,853.1456001700,897.1659800000,853.1456001700,7345988,7582762547.0000,0.584800,-3.550900
2020-03-19,841.2962381700,842.9974680000,859.0787450000,812.6123183000,10226507,10075880470.0000,0.814100,-1.189500
2020-03-20,855.6932130000,876.2433922400,882.7774690000,855.6932130000,6013919,6169094444.0000,0.478700,3.943800
2020-03-23,846.3830000000,862.4642770000,876.2433922400,839.2056721600,4847210,4918121944.0000,0.385900,-1.572500
2020-03-24,882.7774690000,893.7804480000,896.2180310400,876.0064050000,4665096,4900364144.0000,0.371400,3.631000
2020-03-25,920.8477763400,914.1782783000,923.7085508800,909.1846186000,3704866,4015061222.0000,0.294900,2.282200
2020-03-26,908.4482653900,901.3301843600,923.5731296000,898.8587460000,3004856,3231754298.0000,0.239200,-1.405400
2020-03-27,918.3255550000,910.2849165000,924.2502360000,909.8701888300,3626112,3931759353.0000,0.288700,0.993500
2020-03-30,897.3775757500,907.3225760000,911.5544910000,894.6268310000,3068741,3279823025.0000,0.244300,-0.325400
2020-03-31,915.7864060000,940.3315130000,943.7170450000,915.6171294000,4798437,5293170703.0000,0.382000,3.638100
2020-04-01,945.4098110000,933.5604490000,955.5664070000,933.5604490000,3320535,3700184247.0000,0.264300,-0.720100
2020-04-02,934.4068320000,969.1085350000,969.1085350000,934.3052660400,4520561,5095167594.0000,0.359900,3.807800
2020-04-03,964.0556284900,964.6988795700,971.6138286800,958.0886283400,2761761,3148421866.0000,0.219900,-0.455000
2020-04-07,983.4547268500,981.7619608500,987.3057695000,972.4009648700,4348800,5041525481.0000,0.346200,1.768700
2020-04-08,975.0332160000,981.6011480800,987.1449567300,975.0332160000,2422442,2809422100.0000,0.192800,-0.016400
2020-04-09,986.8825780000,980.5347055000,989.4217270000,971.6138286800,2281697,2640230492.0000,0.181600,-0.108600
2020-04-10,980.0099480400,986.0361950000,1000.0015145000,976.3027905000,2780434,3252600672.0000,0.221300,0.561100
2020-04-13,986.0361950000,983.7509609000,990.2511823400,972.0708755000,1598147,1854563731.0000,0.127200,-0.231800
2020-04-14,995.3464080000,1003.0484933000,1008.5076636500,986.8825780000,3679955,4340858665.0000,0.292900,1.961600
2020-04-15,1008.8885360000,1006.8572168000,1019.0366681700,1004.7412593000,2933229,3501318260.0000,0.233500,0.379700
2020-04-16,1009.7095275100,1013.2050893000,1013.2050893000,1002.2021103000,2172774,2588431844.0000,0.173000,0.630500
2020-04-17,1024.1234300000,1037.6655580000,1044.9105964800,1019.8999788300,3824569,4676618151.0000,0.304500,2.414200
2020-04-20,1033.4336430000,1038.7658559000,1042.3206645000,1029.8788344000,2423864,2963483323.0000,0.193000,0.106000
2020-04-21,1033.4505706600,1015.6596000000,1035.9643281700,1009.7349190000,2922422,3517018487.0000,0.232600,-2.224400
2020-04-22,1020.7378980000,1053.3236435000,1057.5555585000,1017.5385702600,4403473,5430377598.0000,0.350500,3.708300
2020-04-23,1057.9787500000,1059.8915755800,1071.2500354400,1056.0913159100,2689851,3377042463.0000,0.214100,0.623500
2020-04-24,1056.2859840000,1058.4527244800,1066.3494778700,1045.4353539400,1912240,2390444036.0000,0.152200,-0.135800
2020-04-27,1063.9034310000,1079.9847080000,1081.8213591100,1058.7912776800,2590391,3284513346.0000,0.206200,2.034300
2020-04-28,1087.8645337300,1082.6338867900,1100.2471170200,1076.4976100400,3466190,4458549425.0000,0.275900,0.245300
2020-04-29,1081.5081974000,1079.0536867000,1090.2259423000,1064.7498140000,2344406,2976724957.0000,0.186600,-0.330700
2020-04-30,1075.7527930000,1071.2669631000,1087.6106188300,1065.4946310400,2466087,3134408881.0000,0.196300,-0.721600
2020-05-06,1058.8251330000,1100.2979000000,1100.2979000000,1057.9787500000,3583481,4598589768.0000,0.285300,2.710000
2020-05-07,1099.7900702000,1110.4544960000,1112.9851811700,1094.3732190000,2793474,3647628296.0000,0.222400,0.923100
2020-05-08,1114.6864110000,1112.6635556300,1132.4604540000,1107.5006193300,2907868,3839218026.0000,0.231500,0.198900
2020-05-11,1117.2255600000,1119.7731728300,1129.9213050000,1111.8679556100,2367119,3135990964.0000,0.188400,0.639000
2020-05-12,1115.5327940000,1128.2285390000,1129.9128411700,1113.8400280000,1972181,2621824685.0000,0.157000,0.755100
2020-05-13,1128.2285390000,1130.7253688500,1132.4519901700,1119.6631430400,2201431,2931464950.0000,0.175200,0.221300
2020-05-14,1125.6893900000,1122.8032239700,1129.8197390400,1121.5505771300,1857492,2467976357.0000,0.147900,-0.700600
2020-05-15,1124.8430070000,1111.3008790000,1128.6517305000,1101.8891000400,2639808,3469736812.0000,0.210100,-1.024400
2020-05-18,1105.3761980000,1139.4092584300,1143.8866245000,1104.6398447900,3436211,4587989708.0000,0.273500,2.529300
2020-05-19,1154.4664120000,1139.3246201300,1154.4664120000,1132.4604540000,2478746,3342210487.0000,0.197300,-0.007400
2020-05-20,1139.3246201300,1143.4634330000,1150.3868459400,1131.4532582300,2118340,2859455106.0000,0.168600,0.363300
2020-05-21,1146.8489650000,1156.2438163000,1161.2036206800,1145.0377053800,2305158,3147105462.0000,0.183500,1.117700
2020-05-22,1156.1591780000,1124.1659006000,1156.2438163000,1119.6631430400,3442746,4608696074.0000,0.274100,-2.774300
2020-05-25,1125.6893900000,1153.5353907000,1156.6500801400,1118.0719430000,3156100,4260387678.0000,0.251200,2.612600
2020-05-26,1159.4431440400,1149.3881140000,1159.5023908500,1146.8489650000,2247019,3056188321.0000,0.178900,-0.359500
2020-05-27,1150.2344970000,1132.4604540000,1151.0808800000,1128.2285390000,2677741,3596654307.0000,0.213200,-1.472800
2020-05-28,1132.4350625100,1137.5387520000,1140.0271180200,1118.1819727900,2648591,3536546893.0000,0.210800,0.448400
2020-05-29,1127.4667943000,1156.6670078000,1159.5277823400,1127.4667943000,3044435,4144247222.0000,0.242400,1.681500
2020-06-01,1168.8549230000,1201.4406685000,1201.9484983000,1168.8549230000,3547976,4986178912.0000,0.282400,3.870900
2020-06-02,1198.4867918300,1194.0009619300,1208.5502857000,1190.5731107800,2596010,3679210598.0000,0.206700,-0.619200
2020-06-03,1197.6319450000,1184.3437319000,1199.7479025000,1181.3559999100,2355736,3308382799.0000,0.187500,-0.808800
2020-06-04,1181.5506680000,1191.6988001700,1194.2464130000,1181.5506680000,1803741,2534459742.0000,0.143600,0.621000
2020-06-05,1189.3797107500,1206.0957750000,1209.3797410400,1185.8502936400,1834706,2597524609.0000,0.146100,1.208100
2020-06-08,1206.0957750000,1190.0991363000,1214.5596050000,1186.6374298300,2930045,4145298455.0000,0.233200,-1.326300
2020-06-09,1191.7072640000,1198.9438386500,1206.0957750000,1185.5117404400,2261191,3199849660.0000,0.180000,0.743200
2020-06-10,1206.0957750000,1204.9616217800,1213.1461453900,1199.3247110000,2270074,3234843851.0000,0.180700,0.501900
2020-06-11,1194.2548768300,1185.3255361800,1200.1626301700,1182.3885871700,3071171,4314846228.0000,0.244500,-1.629600
2020-06-12,1174.0771061100,1198.7914897100,1198.7914897100,1170.8100677300,2842742,3992323389.0000,0.226300,1.136100
2020-06-15,1186.6289660000,1170.5476890000,1194.7542428000,1168.8549230000,3461541,4819512189.0000,0.275600,-2.356000
2020-06-16,1183.6666255000,1188.2201660400,1196.7855620000,1179.1215487900,2920664,4099718932.0000,0.232500,1.509800
2020-06-17,1194.9743023800,1189.1681150000,1195.0081577000,1180.7212126600,1945307,2730097120.0000,0.154900,0.079800
2020-06-18,1189.0834767000,1195.9391790000,1196.1084556000,1185.0208383000,2101041,2956800081.0000,0.167300,0.569400
2020-06-19,1201.8638600000,1218.6560987200,1223.1927116000,1197.7165833000,3895833,5603232657.0000,0.310100,1.899500
2020-06-22,1214.6442433000,1217.9451370000,1222.0839498700,1213.0361156000,2324700,3343536637.0000,0.185100,-0.058300
2020-06-23,1214.5596050000,1247.9917335000,1254.3396060000,1213.3069581600,3393426,4963194685.0000,0.270100,2.467000
2020-06-24,1253.2323812000,1250.1583826700,1255.0391045700,1237.3058150000,2513899,3663537115.0000,0.200100,0.173600
2020-06-29,1239.8746160000,1252.8641863900,1255.2874220000,1230.4642416700,2808061,4064048236.0000,0.223500,0.216400
2020-06-30,1252.8213730400,1252.6158689600,1257.8390976600,1245.9712370400,2244614,3281641199.0000,0.178700,-0.019800
2020-07-01,1256.9999560000,1279.4940900900,1289.6237287000,1253.5920133400,3868249,5759640251.0000,0.307900,2.145800
2020-07-02,1283.5442330000,1322.0762480000,1327.9844903000,1280.1191650000,4588372,7014289615.0000,0.365300,3.328000
2020-07-03,1327.2138500000,1320.1838979300,1329.3545175000,1298.8542869600,3512581,5395637032.0000,0.279600,-0.143100
2020-07-06,1316.9386460000,1370.0272000000,1383.7274720000,1311.6383532700,5182196,8228068998.0000,0.412500,3.775500
2020-07-07,1372.6730650300,1445.3786960000,1494.0317869400,1370.8834670000,6666393,11219852098.0000,0.530700,5.500000
2020-07-08,1438.5285600000,1439.6759577800,1471.9229730000,1421.4032200000,5316998,8963189092.0000,0.423300,-0.394600
2020-07-09,1447.9474970000,1460.7915020000,1465.9291040000,1440.2410940000,3503324,5951732803.0000,0.278900,1.466700
2020-07-10,1446.2349630000,1467.5131979500,1486.9932722000,1446.1835869800,3710044,6352507468.0000,0.295300,0.460100
2020-07-13,1468.2238995600,1525.8592313300,1530.1491290000,1468.2238995600,6072716,10679460274.0000,0.483400,3.975800
2020-07-14,1525.8592313300,1508.7424540000,1525.8934820100,1497.0972228000,4609351,8135834910.0000,0.366900,-1.121800
2020-07-15,1494.0831629600,1500.6336055100,1526.3815542000,1493.9375975700,4071294,7176560649.0000,0.324100,-0.537500
2020-07-16,1481.2648459700,1382.0149380000,1481.2648459700,1370.0272000000,10224219,16901373196.0000,0.813900,-7.904600
2020-07-17,1387.1525400000,1411.1708293500,1432.1836215300,1387.1525400000,6590206,10863420089.0000,0.524600,2.109700
2020-07-20,1414.9812175000,1401.6748283200,1424.8197253300,1360.5055109600,4528033,7363822989.0000,0.360500,-0.672900
2020-07-21,1409.9634928800,1428.2533560000,1458.0514476000,1396.5629143300,4196950,7026353150.9800,0.334100,1.896200
2020-07-22,1419.6906860000,1436.8845273600,1464.2165700000,1419.6906860000,3920121,6637265371.7100,0.312100,0.604300
2020-07-23,1431.6784240000,1435.1034920000,1447.9474970000,1412.8405500000,3432052,5739050333.4200,0.273200,-0.124000
2020-07-24,1416.9934449500,1366.0027451000,1426.5408220000,1357.1831950000,7875201,12705941887.2200,0.626900,-4.815000
2020-07-27,1383.7360346700,1389.3360208500,1395.5439566000,1370.0272000000,3878817,6279664443.7100,0.308800,1.708100
2020-07-28,1395.7152100000,1429.9658900000,1438.5285600000,1395.7152100000,5491152,9133721867.3100,0.437100,2.924400
2020-07-29,1447.0912300000,1431.6784240000,1447.0912300000,1398.2840110000,5074843,8411789966.5000,0.404000,0.119800
2020-07-30,1430.9934104000,1438.5285600000,1456.1590975300,1430.3940235000,3837304,6486855474.9900,0.305500,0.478500
2020-07-31,1442.8098950000,1436.9701540600,1459.9352350000,1409.4154820000,4068474,6846747330.2200,0.323900,-0.108300
2020-08-03,1444.4196769600,1428.2533560000,1452.7254668600,1421.4032200000,3466114,5790041421.9300,0.275900,-0.606600
2020-08-04,1434.2472250000,1429.9573273300,1441.0887983300,1421.4032200000,3194051,5337185768.0100,0.254300,0.119300
2020-08-05,1423.1928180300,1428.2533560000,1432.6117550300,1407.1121237700,2552169,4236612469.3400,0.203200,-0.119200
2020-08-06,1429.9658900000,1402.5310953200,1433.4166460100,1395.7152100000,3264878,5372942644.9600,0.259900,-1.801000
2020-08-07,1408.3622735900,1396.5714770000,1412.5579818900,1368.7427995000,3424205,5560065753.2700,0.272600,-0.424900
2020-08-10,1393.9769879900,1399.1317153300,1408.5249643200,1376.9715253700,2362354,3857721122.3800,0.188100,0.183300
2020-08-11,1404.2778800000,1406.4271101700,1426.9090168100,1404.2778800000,3581818,5936904875.6400,0.285100,0.521400
2020-08-12,1398.2840110000,1393.1035956500,1405.1341470000,1374.5226017500,2793392,4529267492.9800,0.222400,-0.947300
2020-08-13,1395.7152100000,1399.9965450000,1403.3188609600,1377.7336030000,2054134,3341652185.8900,0.163500,0.494800
2020-08-14,1404.1922533000,1422.2594870000,1426.2839419000,1396.5714770000,3765318,6230475427.2400,0.299700,1.590200
2020-08-17,1433.3909580000,1447.0912300000,1459.3786614500,1429.9658900000,4357201,7363610867.3300,0.346900,1.745900
2020-08-18,1453.4104804600,1459.9352350000,1472.7792400000,1447.9474970000,3042281,5192751797.1100,0.242200,0.887600
2020-08-19,1455.6539000000,1444.5224290000,1470.2104390000,1441.0887983300,2691498,4578143762.2000,0.214300,-1.055700
2020-08-20,1433.3909580000,1424.8282880000,1437.6722930000,1417.9781520000,2238233,3727183935.4500,0.178200,-1.363400
2020-08-21,1432.5346910000,1435.1034920000,1453.9413660000,1430.8221570000,2508241,4217048420.2400,0.199700,0.721200
2020-08-24,1455.6539000000,1452.5285254500,1462.5040360000,1447.9560596700,3093344,5260286523.4600,0.246200,1.214200
2020-08-25,1459.7639816000,1478.7731090000,1495.7100702600,1454.4808142100,4187249,7227309774.1400,0.333300,1.806800
2020-08-26,1484.7669780000,1478.7731090000,1494.1859150000,1468.5150303400,2621573,4530374186.4700,0.208700,0.000000
2020-08-27,1483.0458813300,1482.1981770000,1484.7498526600,1459.9352350000,2263553,3896759446.1700,0.180200,0.231600
2020-08-28,1482.1981770000,1504.4611190000,1510.4549880000,1474.0636405000,4229962,7389242302.4900,0.336700,1.502000
2020-08-31,1516.0892248600,1529.7209955000,1554.9808720000,1516.0892248600,4781036,8608932570.4100,0.380600,1.679000
2020-09-01,1534.4304640000,1542.9760086600,1542.9931340000,1519.8824876700,3163992,5661594315.1600,0.251900,0.866500
2020-09-02,1562.6872750000,1536.9992650000,1565.2560760000,1515.5925900000,3200929,5746351923.0100,0.254800,-0.387400
2020-09-03,1536.9992650000,1535.2867310000,1551.5558040000,1523.8983799000,3043735,5471333880.1000,0.242300,-0.111400
2020-09-04,1512.1675220000,1515.5925900000,1521.5778963300,1495.0421820000,3085796,5433479408.0000,0.245600,-1.282800
2020-09-07,1507.0299200000,1475.7761745000,1522.4341633300,1459.0532799900,3111202,5446354619.0300,0.247700,-2.627100
2020-09-08,1483.0544440000,1465.4153438000,1488.0207926000,1436.0196976900,3447238,5865962723.7500,0.274400,-0.702100
2020-09-09,1455.3713318900,1445.3786960000,1465.0728370000,1438.5628106800,2596355,4401806095.1400,0.206700,-1.367300
2020-09-10,1458.8563385800,1460.6202486000,1472.7792400000,1455.6539000000,2477833,4236694401.5200,0.197200,1.054500
2020-09-11,1445.3786960000,1483.9107110000,1486.4795120000,1445.3786960000,3108800,5339883407.7600,0.247500,1.594600
2020-09-14,1494.1859150000,1512.1675220000,1514.7363230000,1481.8385448600,3105601,5448188995.3800,0.247200,1.904200
2020-09-15,1515.5840273300,1507.0299200000,1515.5840273300,1496.5406492500,2082087,3654872008.5100,0.165700,-0.339800
2020-09-16,1507.0299200000,1477.1462017000,1511.1485642700,1471.9229730000,2251598,3916457761.6500,0.179200,-1.983000
2020-09-17,1455.6539000000,1430.4111488400,1455.6539000000,1419.6906860000,6367985,10683350186.5000,0.506900,-3.163900
2020-09-18,1425.6845550000,1451.3725650000,1451.3725650000,1400.0051076700,4720140,7853673240.8700,0.375700,1.465400
2020-09-21,1449.4545269200,1427.2258356000,1449.4545269200,1427.1059582200,2244407,3756765108.0700,0.178700,-1.663700
2020-09-22,1412.8405500000,1426.2753792300,1444.5053036600,1412.8405500000,2326547,3890070212.3900,0.185200,-0.066600
2020-09-23,1399.9965450000,1412.8234246600,1426.5493846700,1388.0259323400,3572552,5878691068.9300,0.284400,-0.943200
2020-09-24,1400.8271239900,1395.1329484400,1420.4442009600,1392.9751556000,3005078,4915392273.4900,0.239200,-1.252100
2020-09-25,1395.7152100000,1400.0907343700,1412.8405500000,1391.4338750000,2258296,3700843486.0000,0.179800,0.355400
2020-09-28,1400.1592357300,1422.2594870000,1428.6814895000,1400.1592357300,2423222,4019640150.4200,0.192900,1.583400
2020-09-29,1429.3921911100,1414.8099641000,1429.4521298000,1414.8099641000,1743078,2895081365.6100,0.138800,-0.523800
2020-09-30,1421.4032200000,1428.6814895000,1448.7181373000,1421.4032200000,2708781,4536012539.9100,0.215600,0.980500
2020-10-09,1448.8037640000,1452.2288320000,1461.1511341400,1445.3786960000,3423988,5817280604.6200,0.272600,1.648200
2020-10-12,1455.6539000000,1498.9895728700,1498.9895728700,1455.6539000000,4372904,7597987786.3300,0.348100,3.219900
2020-10-13,1498.9981355400,1489.0483130000,1498.9981355400,1485.6232450000,2294389,3995560518.3300,0.182600,-0.663200
2020-10-14,1489.9045800000,1480.4856430000,1495.8813236600,1477.9168420000,2048139,3554316588.7400,0.163000,-0.575000
2020-10-15,1473.7468217100,1477.0605750000,1485.6232450000,1473.6355070000,1620436,2801250556.4800,0.129000,-0.231300
2020-10-16,1477.0605750000,1465.9291040000,1485.2636128600,1458.2227010000,1737738,2991246892.1300,0.138300,-0.753600
2020-10-19,1477.0605750000,1454.7976330000,1484.7498526600,1448.7181373000,1922632,3284383414.7100,0.153100,-0.759300
2020-10-20,1455.6453373300,1484.7669780000,1485.5975569900,1451.3725650000,2773493,4787807535.8200,0.220800,2.060000
2020-10-21,1484.8526047000,1484.1932791100,1491.7455540500,1475.3480410000,1890137,3275357440.3000,0.150500,-0.038600
2020-10-22,1481.3419100000,1492.0452475000,1494.1859150000,1468.9346011700,2248087,3897729793.1000,0.179000,0.529000
2020-10-23,1490.5724682600,1468.7804731100,1496.4036465300,1467.6416380000,1929169,3339987454.0800,0.153600,-1.559300
2020-10-26,1386.2962730000,1406.8466810000,1423.9035196400,1370.0272000000,6601529,10821908227.1200,0.525500,-4.216700
2020-10-27,1406.8466810000,1391.4338750000,1407.7029480000,1383.8302240400,4394440,7156688306.5800,0.349800,-1.095600
2020-10-28,1392.2901420000,1425.5218642700,1435.9597590000,1391.5023763600,3463653,5739452181.1400,0.275700,2.449800
2020-10-29,1416.9848822800,1435.1034920000,1462.5040360000,1410.2717490000,3937376,6633168612.7700,0.313400,0.672100
2020-10-30,1436.8160260000,1429.9830153400,1452.2288320000,1425.6845550000,2605545,4379602067.6800,0.207400,-0.356800
2020-11-02,1434.2472250000,1433.3995206700,1451.3725650000,1431.6784240000,2106643,3544422245.4300,0.167700,0.238900
2020-11-03,1442.8013323300,1451.3725650000,1460.7058753000,1434.6753585000,2349749,3976621208.0600,0.187100,1.253900
2020-11-04,1455.6539000000,1455.2942678600,1459.0789680000,1442.8098950000,1644371,2788396252.9400,0.130900,0.270200
2020-11-05,1470.2104390000,1474.4061473000,1483.4654521600,1466.0147307000,2352414,4053043270.7100,0.187300,1.313300
2020-11-06,1481.8128568500,1456.1847855400,1482.7033745300,1447.0912300000,2305153,3932702366.7000,0.183500,-1.235800
2020-11-09,1456.8355484600,1492.1051861900,1499.0495115600,1456.1847855400,4146970,7198679682.9500,0.330100,2.466700
2020-11-10,1500.9675496400,1494.1859150000,1510.8659961600,1486.4795120000,3018944,5287968172.7400,0.240300,0.139400
2020-11-11,1494.1859150000,1482.4978704500,1522.0145925000,1482.1981770000,3485073,6122365404.4100,0.277400,-0.782200
2020-11-12,1481.3504726700,1485.4434289300,1498.4672500000,1474.7229660900,2347309,4071729791.5600,0.186900,0.198700
2020-11-13,1476.2043080000,1459.9352350000,1480.3828909600,1447.9474970000,2815548,4791276459.4700,0.224100,-1.717200
2020-11-16,1465.0728370000,1481.3847233500,1481.3847233500,1453.3077284200,3061349,5247897160.8600,0.243700,1.469200
2020-11-17,1489.9045800000,1469.1829186000,1491.9168074500,1456.5701056900,2522403,4355288046.5600,0.200800,-0.823700
2020-11-18,1468.4979050000,1450.2166045500,1473.2330615100,1441.2343637200,3517895,5973146815.3200,0.280000,-1.290900
2020-11-19,1442.3817615000,1472.9419307300,1477.0605750000,1439.0423202000,2781576,4767508752.8100,0.221400,1.567000
2020-11-20,1472.7792400000,1472.7449893200,1486.4795120000,1466.4856775500,2187466,3771894859.4900,0.174100,-0.013400
2020-11-23,1516.4574196700,1532.8977460700,1549.7576433000,1516.4574196700,6663724,11926870594.6000,0.530500,4.084400
2020-11-24,1515.5840273300,1510.0268545000,1526.2959275000,1499.7259624900,3246536,5736960168.0700,0.258400,-1.492000
2020-11-25,1508.3143205000,1478.6703569600,1514.6335709600,1476.2043080000,2822632,4910540740.6500,0.224700,-2.076600
2020-11-26,1477.9168420000,1485.1009221300,1489.8960173300,1477.2147030600,2322830,4027749312.8100,0.184900,0.434900
2020-11-27,1483.6195802200,1488.1064193000,1489.9302680100,1471.0667060000,2156861,3737697984.7000,0.171700,0.202400
2020-11-30,1485.6232450000,1467.5645739700,1488.9626863000,1467.5645739700,3194007,5520322173.1600,0.254300,-1.380400
2020-12-01,1477.9168420000,1487.3357790000,1489.0397503300,1472.7878026700,2819620,4891829153.1700,0.224500,1.347200
2020-12-02,1495.0421820000,1488.2006086700,1497.6109830000,1482.1981770000,2357169,4101369305.9900,0.187600,0.058100
2020-12-03,1488.2006086700,1497.6109830000,1503.3137212200,1483.1400707000,2950578,5147357780.6500,0.234900,0.632300
2020-12-04,1500.1797840000,1535.3809203700,1541.3662267000,1500.1797840000,6249119,11176048846.8700,0.497500,2.522000
2020-12-07,1543.5925209000,1551.8983108000,1575.8652241300,1541.7515468500,5833133,10617305103.9500,0.464300,1.075800
2020-12-08,1554.1246050000,1584.0939500000,1605.5006250000,1552.4120710000,6145400,11333352154.2700,0.489200,2.074600
2020-12-09,1597.7514086500,1575.5312800000,1597.7942220000,1574.6750130000,3115212,5766037608.8400,0.248000,-0.540500
2020-12-10,1575.5312800000,1569.4517843000,1583.8970085900,1565.2560760000,3265354,6009239910.8600,0.259900,-0.385900
2020-12-11,1571.0615662600,1558.4059400000,1573.2364844400,1545.3992442700,3077579,5595359665.3900,0.245000,-0.703800
2020-12-14,1565.0591345900,1566.1123430000,1566.9514846600,1554.1246050000,3305200,6026813427.8500,0.263100,0.494500
2020-12-15,1569.9655445000,1554.9894346700,1573.1508577400,1545.5619350000,2960497,5383582284.1700,0.235700,-0.710200
2020-12-16,1567.3967435000,1575.5312800000,1580.3863138900,1558.5857560700,3215016,5901298274.8500,0.255900,1.321000
2020-12-17,1580.2407485000,1597.3746511700,1599.5067560000,1575.5312800000,3603064,6683421886.3900,0.286800,1.386400
2020-12-18,1585.6437932700,1579.8126150000,1600.3715856700,1576.4560483600,2707698,5020968993.2200,0.215500,-1.099400
2020-12-21,1575.5312800000,1577.6719475000,1585.1471584100,1573.4762392000,3069672,5663526809.1300,0.244400,-0.135500
2020-12-22,1584.0682619900,1610.6382270000,1626.0424703300,1577.6805101700,4065060,7618583444.2900,0.323600,2.089600
2020-12-23,1625.1862033300,1576.9441205500,1632.2161554000,1559.2793323400,4770609,8901002261.8800,0.379800,-2.092000
2020-12-24,1556.6934060000,1567.2597407800,1591.6976009600,1537.0163903400,3785714,6921989374.4200,0.301400,-0.614100
2020-12-25,1543.8408383300,1566.9686100000,1581.5251490000,1541.2806000000,2308805,4218997634.2700,0.183800,-0.018600
2020-12-28,1564.0573022000,1603.7880910000,1617.3171096000,1563.5863553500,3008037,5616528738.0700,0.239500,2.349700
2020-12-29,1603.7880910000,1598.6504890000,1615.6045756000,1588.3752850000,2286759,4275994833.5500,0.182000,-0.320300
2020-12-30,1601.2192900000,1655.1641110000,1655.1641110000,1601.2107273300,3445210,6604461376.1100,0.274300,3.535100
2020-12-31,1662.0142470000,1710.8214660000,1711.6606076600,1660.3017130000,3886007,7682300728.3200,0.309300,3.362600
2021-01-04,1712.5168746600,1709.9651990000,1716.8067723300,1698.6710372700,4351400,8686920261.1200,0.346400,-0.050100
2021-01-05,1703.9713300000,1763.4390731500,1763.4390731500,1697.5150768200,5211605,10592557369.7000,0.414900,3.127200
2021-01-06,1768.0201016000,1798.1607000000,1819.5673750000,1743.3853000100,4741020,9882593867.1000,0.377400,1.969000
2021-01-07,1795.5918990000,1832.4113800000,1832.4113800000,1776.7540250000,3793139,7991178754.0700,0.302000,1.904800
2021-01-08,1834.1239140000,1789.5980300000,1841.7275649600,1766.4959463400,5386164,11345202869.1500,0.428800,-2.336400
2021-01-11,1789.5980300000,1797.9295079100,1841.4021835000,1762.7112462000,5107990,10768565414.6600,0.406600,0.465600
2021-01-12,1787.8854960000,1850.3073603000,1850.3073603000,1785.3166950000,4105859,8800558287.6600,0.326800,2.913200
2021-01-13,1852.9617880000,1852.9617880000,1860.9507591100,1828.1300450000,3438993,7418330853.8200,0.273800,0.143500
2021-01-14,1846.1116520000,1827.2737780000,1852.1055210000,1811.9551613700,3615220,7722089683.7200,0.287800,-1.386300
2021-01-15,1811.0047050000,1782.7478940000,1827.5734714500,1737.3657430000,5950939,12372103226.5500,0.473700,-2.436700
2021-01-18,1764.8176630200,1766.4788210000,1790.8653051600,1747.0158720900,3914404,8076715789.5000,0.311600,-0.912600
2021-01-19,1775.1356803700,1720.5914724700,1794.9925121000,1718.3994289500,4634519,9479278513.1900,0.368900,-2.597700
2021-01-20,1719.3841360000,1747.3241282100,1760.0482558300,1697.5493275000,4508242,9126453276.9800,0.358900,1.553700
2021-01-21,1753.6348160000,1772.4726900000,1789.6151553400,1747.6409470000,3831017,7953455966.9300,0.305000,1.439300
2021-01-22,1771.6164230000,1780.9925466500,1798.1607000000,1763.9956467000,2924761,6090260363.6000,0.232800,0.480700
2021-01-25,1783.6041610000,1862.3807250000,1866.2339265000,1783.6041610000,5595716,12029474557.6700,0.445400,4.569800
2021-01-26,1870.9433950000,1834.0297246300,1872.6559290000,1819.6615643700,3174746,6820173361.7100,0.252700,-1.522300
2021-01-27,1834.0297246300,1788.7417630000,1834.0297246300,1785.3166950000,3712017,7809446386.5400,0.295500,-2.469300
2021-01-28,1781.0353600000,1787.8854960000,1806.4322392200,1763.9271453400,3512864,7337084454.9800,0.279600,-0.047900
2021-01-29,1799.1796577300,1812.0151000600,1840.5287911600,1789.7864087400,3370133,7166179277.1700,0.268300,1.349600
2021-02-01,1823.8487100000,1806.1411084400,1849.5367200000,1793.8793650000,2934059,6219639110.8000,0.233600,-0.324200
2021-02-02,1808.6242827400,1836.6927150000,1840.9654873300,1799.9588607000,3458225,7372233581.9000,0.275300,1.691500
2021-02-03,1840.9740500000,1875.1476659700,1882.3060580900,1832.4113800000,3871415,8384049314.3100,0.308200,2.093700
2021-02-04,1876.0809970000,1987.2672669500,1995.1021100000,1876.0809970000,6385101,14596930187.5000,0.508300,5.979200
2021-02-05,1990.8207750000,1980.5455710000,2024.7289482000,1961.7076970000,3972906,9253566204.8200,0.316300,-0.338200
2021-02-08,2001.0959790000,2028.3252696000,2036.9564409600,1980.5455710000,3578573,8420758624.8100,0.284900,2.412500
2021-02-09,2028.3252696000,2103.3599468100,2103.3599468100,2012.2274500000,3329655,7972930044.9800,0.265100,3.699300
2021-02-10,2127.8234950000,2227.1504670000,2227.3217204000,2127.8234950000,6137057,15675929713.5000,0.488500,5.885400
2021-02-18,2216.0018706600,2115.8357570000,2250.1669239600,2110.6981550000,6591232,16704135269.4700,0.524700,-4.998100
2021-02-19,2098.8474197200,2106.4168200000,2137.8075682200,2039.2854872000,5938546,14525164524.5700,0.472700,-0.445200
2021-02-22,2102.1354850000,1959.1560213400,2102.1354850000,1950.7646047400,7893547,18498777222.5400,0.628400,-6.991100
2021-02-23,1939.5646323800,1975.4079690000,2007.8519256300,1939.4447550000,5745460,13316110795.1600,0.457400,0.829500
2021-02-24,1976.2556733300,1874.3684630000,1984.8269060000,1849.9648535000,8211578,18195034445.0100,0.653700,-5.114900
2021-02-25,1891.4938030000,1840.9740500000,1904.7659415000,1816.3221230700,5972643,12982145755.1200,0.475500,-1.781600
2021-02-26,1798.1607000000,1817.6664622600,1866.6192466500,1770.1607691000,6652506,14097015493.7000,0.529600,-1.266000
2021-03-01,1865.8057930000,1847.8241860000,1865.8057930000,1815.2860400000,4491626,9686945528.9200,0.357600,1.659100
2021-03-02,1866.6620600000,1762.1974860000,1866.6620600000,1740.7908110000,7076450,14796698645.5200,0.563300,-4.633900
2021-03-03,1746.7846800000,1832.4113800000,1840.7771085900,1740.7908110000,5421546,11366685429.0800,0.431600,3.984500
2021-03-04,1793.8793650000,1740.7908110000,1794.7356320000,1721.1822967000,6508829,13297304315.6500,0.518100,-5.000000
2021-03-05,1712.5340000000,1764.0042093700,1793.8793650000,1702.2587960000,6377920,13100315985.4200,0.507700,1.333500
2021-03-08,1776.7197743200,1678.2833200000,1785.3166950000,1678.2833200000,6309959,12724245990.3800,0.502300,-4.859400
2021-03-09,1674.0019850000,1658.5806163300,1712.5340000000,1627.0614280600,8226581,16100769578.8700,0.654900,-1.174000
2021-03-10,1692.8398590000,1686.8545526700,1712.4226852900,1684.2771890000,5117174,10136910283.8200,0.407400,1.704700
2021-03-11,1691.1273250000,1753.6348160000,1781.0267973300,1679.5505951600,5676897,11521736383.8500,0.451900,3.958900
2021-03-12,1772.4726900000,1734.7969420000,1778.4665590000,1714.2550966700,4032251,8181594631.1700,0.321000,-1.074200
2021-03-15,1755.3473500000,1691.5126451500,1772.3014366000,1670.7053570500,6248487,12459955712.1900,0.497400,-2.495100
2021-03-16,1691.0673863100,1721.5248035000,1729.6507773300,1682.5646550000,3464850,6918600717.4100,0.275800,1.774300
2021-03-17,1712.5340000000,1738.5302661200,1755.3473500000,1691.9921546700,3137491,6352656523.2400,0.249800,0.987800
2021-03-18,1742.5033450000,1772.2158099000,1786.4812181200,1742.5033450000,3386488,6997030294.3800,0.269600,1.937600
2021-03-19,1742.5033450000,1721.0966700000,1749.3534810000,1705.8808054100,3578077,7211521835.4800,0.284800,-2.884500
2021-03-22,1712.6196267000,1703.9627673300,1734.8740060300,1674.4729318500,3691407,7323391310.9300,0.293900,-0.995500
2021-03-23,1711.5749809600,1709.1089320000,1720.0691496000,1686.8459900000,2744619,5459520703.3100,0.218500,0.302000
2021-03-24,1696.2649270000,1703.1150630000,1723.6654710000,1696.2649270000,2935739,5857848160.3300,0.233700,-0.350700
2021-03-25,1686.8545526700,1687.7022570000,1703.0123109600,1666.9805956000,3157523,6216733243.7000,0.251400,-0.905000
2021-03-26,1699.6899950000,1723.6654710000,1731.3718740000,1676.5707860000,5001642,9987629443.8100,0.398200,2.130900
2021-03-29,1749.5247344000,1741.7327047000,1795.0353254500,1734.9253820500,5699220,11740129412.7900,0.453700,1.048200
2021-03-30,1746.7846800000,1760.5277653500,1786.1729620000,1742.5718463600,3262697,6717493349.5500,0.259700,1.079100
2021-03-31,1751.1516417000,1720.2404030000,1751.9394073400,1712.5340000000,3715441,7489086233.4300,0.295800,-2.288400
2021-04-01,1730.5156070000,1750.6378815000,1752.6072956000,1713.5786457400,2658763,5379775870.0200,0.211700,1.767000
2021-04-02,1760.4849520000,1851.2492540000,1853.8180550000,1760.4849520000,5202757,10981752657.5800,0.414200,5.747100
2021-04-06,1850.3929870000,1820.4493300100,1851.2321286600,1800.1301141000,3274177,6967525036.5900,0.260600,-1.663700
2021-04-07,1801.6371440200,1764.7662870000,1812.9741191000,1755.3473500000,4020097,8317799924.6500,0.320000,-3.058800
2021-04-08,1752.8042370100,1772.4726900000,1780.1790930000,1750.2097480000,2854762,5893307514.4700,0.227300,0.436700
2021-04-09,1748.4972140000,1729.6593400000,1758.7724180000,1716.8238976700,2880886,5832453811.8000,0.229300,-2.415500
2021-04-12,1721.9529370000,1720.1462136300,1738.2220100000,1705.4269839000,3194307,6409917317.5800,0.254300,-0.550000
2021-04-13,1729.6593400000,1730.5156070000,1755.1760966000,1720.2404030000,2899215,5883787293.2700,0.230800,0.602800
2021-04-14,1742.5033450000,1752.7785490000,1753.6348160000,1726.2342720000,2411465,4908790022.8400,0.192000,1.286500
2021-04-15,1738.9926503000,1725.8917652000,1752.6929223000,1703.9713300000,3436621,6903769489.5100,0.273600,-1.534000
2021-04-16,1734.0091763600,1759.6115596600,1770.7601560000,1722.8092040000,3029370,6183895053.7500,0.241200,1.953800
2021-04-19,1759.6286850000,1787.8854960000,1796.7564221200,1740.7908110000,3175391,6610577917.1800,0.252800,1.606800
2021-04-20,1773.4145837000,1793.7081116000,1822.9924430000,1772.4726900000,2829037,5949669952.6800,0.225200,0.325700
2021-04-21,1777.6102920000,1781.0353600000,1796.2769126000,1768.2769817000,2614975,5446145952.1300,0.208200,-0.706500
2021-04-22,1789.5124033000,1760.0568185000,1797.3044330000,1756.6317505000,2685002,5539295655.7700,0.213700,-1.177900
2021-04-23,1760.4592639900,1805.8157269800,1815.1832879600,1757.4880175000,3346277,7002695288.1000,0.266400,2.599900
2021-04-26,1825.5612440000,1779.1686979400,1828.1300450000,1775.5552512000,3404511,7160836874.3600,0.271000,-1.475600
2021-04-27,1787.0977303600,1793.3998554800,1794.0934317500,1768.2684190300,2210785,4607779001.5600,0.176000,0.799900
2021-04-28,1721.0966700000,1748.4972140000,1753.2066825000,1715.1028010000,8134295,16463574636.6000,0.647500,-2.503800
2021-04-29,1752.8127996800,1735.1051981200,1755.2959739800,1724.5217380000,4128378,8370431227.6800,0.328600,-0.765900
2021-04-30,1734.7969420000,1718.3394902600,1743.3596120000,1715.7107505700,3840137,7723747038.4300,0.305700,-0.966300
2021-05-06,1712.5340000000,1677.4270530000,1718.3908662800,1672.2894510000,5354614,10584968907.1400,0.426300,-2.380900
2021-05-07,1682.5646550000,1629.4761010000,1685.1163306600,1627.7635670000,5249339,10101703446.0600,0.417900,-2.858600
2021-05-10,1626.9073000000,1608.9513810100,1634.6137030000,1597.8027846700,4600318,8677753607.6000,0.366200,-1.259600
2021-05-11,1606.3568920000,1677.4270530000,1683.4209220000,1604.0449711000,4249412,8209251913.8800,0.338300,4.255900
2021-05-12,1668.9328843600,1698.8337280000,1711.6777330000,1668.8643830000,3269887,6473203286.0600,0.260300,1.276200
2021-05-13,1683.2068552500,1688.1303905000,1699.7328083500,1672.2894510000,2507751,4934954969.1400,0.199600,-0.630000
2021-05-14,1697.1211940000,1720.9682299500,1738.6501435000,1691.9835920000,3561129,7150302044.3700,0.283500,1.945200
2021-05-17,1734.0263017000,1762.1632353200,1785.4879484000,1734.0263017000,4452400,9178509985.3700,0.354400,2.393700
2021-05-18,1768.1913550000,1763.3191957700,1778.4665590000,1751.1173910200,1750428,3595891741.8300,0.139300,0.065600
2021-05-19,1763.0537530000,1754.4910830000,1776.5913342700,1746.7846800000,2240972,4606452358.4700,0.178400,-0.500700
2021-05-20,1775.8977580000,1762.9510009600,1775.9833847000,1751.3742711200,2185716,4500663211.2500,0.174000,0.482200
2021-05-21,1759.6971863600,1748.5828407000,1780.9326079600,1744.2330043400,2424823,4976601457.7900,0.193000,-0.815000
2021-05-24,1756.2036170000,1773.5772744300,1781.0867360200,1739.0782770000,3254808,6705879397.2900,0.259100,1.429400
2021-05-25,1785.3166950000,1879.0779315000,1883.8730267000,1785.3166950000,6775695,14636718750.4200,0.539400,5.948500
2021-05-26,1890.6204106600,1900.9127400000,1919.5793606000,1877.8620323600,3860420,8558038173.7100,0.307300,1.162000
2021-05-27,1893.2234623400,1922.3194150000,1986.5394400000,1884.7292937000,4537338,10240368980.3600,0.361200,1.126100
2021-05-28,1918.8686589900,1909.4754100000,1926.6007500000,1888.5054311700,2580731,5741331985.5200,0.205400,-0.668200
2021-05-31,1897.0595385000,1899.2002060000,1899.4998994500,1859.8119240000,3173900,6960864260.2000,0.252700,-0.538100
2021-06-01,1902.6252740000,1918.8515336500,1925.7016696500,1888.9250020000,3061634,6832594465.5000,0.243700,1.034700
2021-06-02,1926.6007500000,1902.6252740000,1938.5884880000,1890.7916640600,2286277,5088908383.9800,0.182000,-0.845600
2021-06-03,1900.9127400000,1902.8136527400,1935.4545507800,1892.4185713600,2345031,5242453018.5000,0.186700,0.009900
2021-06-04,1896.6314050000,1927.8851505000,1959.1388960000,1895.8093886800,3142219,7058715114.6800,0.250100,1.317600
2021-06-07,1939.4447550000,1944.5823570000,1951.4324930000,1918.0466426700,2546627,5756592694.1700,0.202700,0.866100
2021-06-08,1935.1634200000,1876.0809970000,1952.2801973300,1850.5214270500,4731363,10479943156.1000,0.376600,-3.522700
2021-06-09,1876.9372640000,1883.3592665000,1895.7751380000,1849.6309093700,2550235,5591378816.6100,0.203000,0.388000
2021-06-10,1879.5060650000,1916.7365541600,1927.7738357900,1875.2932313600,2556663,5707338424.2300,0.203500,1.772200
2021-06-11,1917.1818130000,1865.6431022700,1921.4631480000,1865.6431022700,3397066,7513797036.4300,0.270400,-2.665600
2021-06-15,1879.5916917000,1877.7935310000,1891.3910509600,1839.2615160000,2936130,6412821567.2300,0.233700,0.651300
2021-06-16,1876.9372640000,1847.8241860000,1879.5060650000,1839.2615160000,2759315,5978924528.0600,0.219700,-1.596000
2021-06-17,1845.8119585500,1846.8908549700,1873.5121960000,1836.1447041200,2106753,4558702643.1100,0.167700,-0.050500
2021-06-18,1838.4052490000,1790.4029209800,1846.5397855000,1768.1913550000,5402821,11329180836.3200,0.430100,-3.058500
2021-06-21,1785.3166950000,1782.4396378800,1797.8952572300,1755.3473500000,3548826,7367986470.8000,0.282500,-0.444800
2021-06-22,1791.3105640000,1776.7283369900,1796.4481660000,1758.6782286300,3322818,6900830616.2100,0.264500,-0.320400
2021-06-23,1781.0353600000,1745.0721460000,1783.6041610000,1741.7755180500,3707901,7596735684.4500,0.295200,-1.781700
2021-06-24,1746.7932426700,1770.8029693500,1781.0353600000,1730.5156070000,3147370,6452557072.5600,0.250500,1.474500
2021-06-25,1771.8398768400,1808.1762680000,1822.8698610000,1765.4784154000,3587543,7459680452.0000,0.285600,2.110500
2021-06-28,1815.0909000000,1817.6925302900,1830.6488220000,1791.7540170000,2745242,5750241214.0900,0.218500,0.526300
2021-06-29,1822.0055320000,1782.2463980000,1828.0558350000,1772.7387790000,3303063,6835635172.0600,0.262900,-1.950100
2021-06-30,1784.8393850000,1777.6654543000,1792.6183460000,1768.6764327000,2191566,4511484217.0600,0.174500,-0.257000
2021-07-01,1780.4918101300,1819.4125450000,1823.7341900000,1755.9707964000,3370124,6970730877.5800,0.268300,2.348400
2021-07-02,1793.4826750000,1739.8942770000,1793.4826750000,1738.5977835000,4627531,9388640194.1800,0.368400,-4.370500
2021-07-05,1728.6580000000,1723.4720260000,1745.8408605200,1715.6930650000,3442095,6872797767.5200,0.274000,-0.943900
2021-07-06,1724.3363550000,1739.8078441000,1740.7586060000,1694.0934832900,3528251,7015883090.9900,0.280900,0.947800
2021-07-07,1737.3012900000,1732.1153160000,1753.6198215200,1727.8023142900,2812212,5658210730.1800,0.223900,-0.442100
2021-07-08,1728.7444329000,1715.6930650000,1732.1153160000,1700.9994720000,3551669,7027713779.8700,0.282700,-0.948100
2021-07-09,1697.9916070800,1704.5518641900,1716.4796043900,1681.1199050000,3090790,6072340992.9500,0.246000,-0.649400
2021-07-12,1707.5251559500,1694.9491690000,1727.6035186200,1677.2304245000,3901024,7658786228.0000,0.310500,-0.563400
2021-07-13,1700.9994720000,1713.8779741000,1733.4118095000,1698.4064850000,2992471,5946287258.9100,0.238200,1.116800
2021-07-14,1706.1854460000,1695.8134980000,1706.6176105000,1681.1199050000,3077069,6011814880.1500,0.245000,-1.054000
2021-07-15,1689.7804815800,1726.9206987100,1739.8942770000,1685.9601474000,4219005,8391506228.5100,0.335900,1.834400
2021-07-16,1711.3714200000,1690.5410911000,1725.7192814000,1685.4415500000,3540764,6958296858.7500,0.281900,-2.106600
2021-07-19,1690.5324478100,1707.0497750000,1716.5573940000,1677.6625890000,3005234,5900348209.6300,0.239200,0.976500
2021-07-20,1707.0497750000,1711.3714200000,1719.0898779700,1695.3035438900,2347521,4639300956.0500,0.186900,0.253200
2021-07-21,1719.1503810000,1701.8638010000,1733.8439740000,1695.8221412900,2978013,5902656220.5300,0.237100,-0.555600
2021-07-22,1694.0848400000,1676.8069032900,1706.0990131000,1675.8993578400,3909047,7619076855.1100,0.311200,-1.472300
2021-07-23,1674.9140227800,1642.2251000000,1674.9140227800,1637.9812446100,4758547,9057761875.7100,0.378800,-2.062400
2021-07-26,1624.0741910000,1559.3445921900,1624.0741910000,1538.5056200000,9861948,17894360803.1900,0.785100,-5.046800
2021-07-27,1558.3851870000,1480.5005008100,1564.4354900000,1471.9522870000,8657699,15230805685.4800,0.689200,-5.056200
2021-07-28,1471.9522870000,1528.9115681000,1545.5931178000,1453.9050974800,8536884,14792470948.0500,0.679600,3.269900
2021-07-29,1564.4441332900,1512.3942409100,1575.6717670000,1499.0403578600,6386385,11299569856.9800,0.508400,-1.080300
2021-07-30,1490.9675250000,1451.1997477100,1490.9675250000,1432.8500430400,7773589,13109725032.4200,0.618800,-4.046200
2021-08-02,1438.2434560000,1516.8973950000,1517.7444374200,1400.8352968800,9740065,16515259088.9600,0.775400,4.527100
2021-08-03,1495.2891700000,1511.9707197000,1528.9893577100,1459.6788152000,5437475,9447823227.1700,0.432900,-0.324800
2021-08-04,1498.7983457400,1490.1031960000,1521.2190400000,1484.9172220000,3817549,6614683378.4300,0.303900,-1.446300
2021-08-05,1463.2052775200,1468.4949710000,1508.2541050000,1448.9265624400,4805969,8177369850.6300,0.382600,-1.450100
2021-08-06,1459.8516810000,1444.2937590000,1464.1819692900,1423.2041314000,4568610,7616109614.9700,0.363700,-1.648000
2021-08-09,1427.0071790000,1464.0004602000,1477.1382610000,1426.1428500000,4769775,8028155490.3800,0.379700,1.364500
2021-08-10,1469.3593000000,1554.9278710000,1558.2814675200,1447.7510750000,8328505,14549496462.9100,0.663000,6.210900
2021-08-11,1538.5142632900,1513.0079145000,1542.8359082900,1512.5843932900,3866259,6821292779.0100,0.307800,-2.695900
2021-08-12,1497.0178280000,1460.7160100000,1511.7114210000,1457.4229165100,4755097,8130692626.4600,0.378500,-3.456200
2021-08-13,1460.7160100000,1469.3938731600,1480.5955770000,1451.2083910000,3790452,6418412543.9000,0.301700,0.594100
2021-08-16,1465.9019840000,1468.6678368000,1481.1141744000,1456.4635113200,2805697,4773049794.4000,0.223300,-0.049400
2021-08-17,1469.3593000000,1413.1779150000,1469.3593000000,1407.8882215200,6120077,10140291982.1800,0.487200,-3.778200
2021-08-18,1404.2407531400,1400.2129800000,1420.0839037100,1382.9264000000,5997026,9701556273.1500,0.477400,-0.917400
2021-08-19,1402.1317903800,1400.1870501300,1420.2654128000,1382.9264000000,4129195,6682355677.8700,0.328700,-0.001900
2021-08-20,1344.1785309300,1337.9812920000,1380.8087939500,1318.5338895000,11454454,17825198285.9800,0.911800,-4.442700
2021-08-23,1329.2342825200,1357.1607525100,1382.0620710000,1328.2748773300,7159720,11218832882.5300,0.570000,1.433500
2021-08-24,1361.3181750000,1404.6902042200,1419.7035989500,1353.3404183300,7259447,11703813763.5000,0.577900,3.502100
2021-08-25,1424.1030335600,1439.1250715800,1452.8246862300,1420.0925470000,5423890,9037626406.2100,0.431800,2.451400
2021-08-26,1439.0991417100,1378.6047550000,1439.0991417100,1378.3627428800,5402037,8722233200.5900,0.430000,-4.205400
2021-08-27,1373.4187810000,1379.4950138700,1404.5346250000,1369.1835689000,3609545,5791426192.0500,0.287300,0.064600
2021-08-30,1387.2480450000,1370.8257940000,1394.1626770000,1336.2094175500,5158770,8098190333.4100,0.410700,-0.628400
2021-08-31,1374.1102442000,1346.6245820000,1397.0581791500,1344.1180279000,4367709,6888080926.7100,0.347700,-1.765400
2021-09-01,1347.4889110000,1401.9502812900,1413.1692717100,1323.3741319000,7731610,12370243405.1900,0.615500,4.108500
2021-09-02,1411.4406137100,1399.1757852000,1420.0925470000,1383.6956528100,4283679,6939707277.2300,0.341000,-0.197900
2021-09-03,1391.5869765800,1433.2476343800,1434.6046309100,1367.3684780000,5283518,8631165695.8900,0.420600,2.435100
2021-09-06,1425.2785210000,1444.0085304300,1476.4122246400,1405.5286033500,5533806,9306030671.1900,0.440500,0.750800
2021-09-07,1435.6763988700,1442.5651010000,1455.9449139200,1427.0071790000,3121122,5204051657.3000,0.248500,-0.100000
2021-09-08,1434.7861400000,1411.5356899000,1444.4493382200,1407.1967583200,3306367,5428265636.1300,0.263200,-2.151000
2021-09-09,1405.3989540000,1412.3827323200,1421.8212050000,1403.6789392900,1995013,3257785762.0200,0.158800,0.060000
2021-09-10,1412.3827323200,1437.0161088200,1442.3922352000,1411.4492570000,3338811,5528034093.4400,0.265800,1.744100
2021-09-13,1439.1077850000,1429.6001660000,1455.5300360000,1417.5859929000,2772002,4605031710.5300,0.220700,-0.516100
2021-09-14,1433.9218110000,1432.1931530000,1454.6657070000,1428.7358370000,3376061,5638962653.7000,0.268800,0.181400
2021-09-15,1426.1428500000,1396.5309384600,1434.7861400000,1391.5696900000,4157005,6781755393.3700,0.330900,-2.490000
2021-09-16,1385.5193870000,1415.8314050300,1420.9568760000,1369.9614650000,4596802,7458455126.2000,0.365900,1.382000
2021-09-17,1400.2129800000,1457.2586940000,1474.1995424000,1400.2129800000,5513025,9242101551.8800,0.438900,2.926000
2021-09-22,1433.7748750700,1415.5029600100,1458.9873520000,1413.1779150000,3174300,5227723003.3700,0.252700,-2.865400
2021-09-23,1415.7709020000,1413.1779150000,1431.2251045200,1404.6037713200,3034181,4964210090.5000,0.241500,-0.164300
2021-09-24,1407.1276120000,1464.1733260000,1486.6285934200,1407.1276120000,6953660,11756596091.1100,0.553500,3.608600
2021-09-27,1512.5757500000,1603.3302950000,1610.5906586000,1512.5757500000,12686892,23270689701.9700,1.009900,9.504100
2021-09-28,1597.2799920000,1574.8592977400,1607.6519400000,1551.4705550000,4922105,8973408813.2400,0.391800,-1.775700
2021-09-29,1563.5711610000,1573.0787800000,1594.6956482900,1543.6051611000,4329065,7870151768.1700,0.344600,-0.113100
2021-09-30,1571.5057012200,1581.7220700000,1599.1988023800,1558.7309186000,4053929,7411735790.2300,0.322700,0.549500
2021-10-08,1575.1704561800,1590.0196284000,1623.2098620000,1562.0412986700,4745196,8780381117.9600,0.377700,0.524600
2021-10-11,1589.9418387900,1613.8059624800,1633.4953771000,1582.5950422900,3767557,7040475326.6600,0.299900,1.496000
2021-10-12,1612.8379140000,1617.1509157100,1622.3455330000,1592.4570361800,3060642,5688160837.0600,0.243600,0.207300
2021-10-13,1616.2952300000,1668.0685371000,1685.3983335500,1609.3805980000,5014261,9625769126.6300,0.399200,3.148600
2021-10-14,1667.2301379700,1651.7327190000,1678.3540522000,1638.7677840000,2662255,5097602232.3700,0.211900,-0.979300
2021-10-15,1633.6682429000,1656.8927631300,1668.1463267100,1633.6682429000,2856078,5452953878.9800,0.227400,0.312400
2021-10-18,1631.8531520000,1555.7922000000,1631.8531520000,1544.5559230000,6965202,12651498606.5900,0.554500,-6.101800
2021-10-19,1555.7922000000,1566.3197272200,1589.3281652000,1555.6884805200,4031456,7330114082.0200,0.320900,0.676700
2021-10-20,1584.3150570000,1591.2296890000,1598.8357842000,1560.9868172900,2866339,5246404614.9800,0.228200,1.590300
2021-10-21,1591.3161219000,1593.8226760000,1607.6519400000,1580.8577410000,2301870,4238584293.9600,0.183200,0.163000
2021-10-22,1603.3302950000,1643.0894290000,1660.3846522900,1602.4659660000,3596260,6794850055.7200,0.286300,3.091100
2021-10-25,1624.9385200000,1618.9141468700,1629.2688082900,1605.9232820000,3246133,6076219947.6200,0.258400,-1.471300
2021-10-26,1611.1351858700,1608.5594854500,1624.0655477100,1593.8226760000,2113026,3934223713.9200,0.168200,-0.639600
2021-10-27,1600.9966067000,1572.2144510000,1606.1825807000,1555.8786329000,3464729,6302270905.0800,0.275800,-2.259500
2021-10-28,1577.5732908000,1577.8239462100,1593.6325236200,1557.5208580000,2949093,5383196101.3900,0.234800,0.356800
2021-10-29,1577.4004250000,1578.3339003200,1597.2799920000,1567.0284770000,2877586,5266898950.1900,0.229100,0.032300
2021-11-01,1538.5056200000,1558.3851870000,1578.5240527000,1521.2190400000,4168998,7486936394.4800,0.331900,-1.263900
2021-11-02,1552.9399143000,1559.8026865600,1594.0128283800,1545.4202520000,3250024,5875341368.8400,0.258700,0.091000
2021-11-03,1555.7922000000,1525.5406850000,1564.4182034200,1522.2475915100,2782931,4958314535.2500,0.221500,-2.196600
2021-11-04,1536.7251022600,1559.4223818000,1569.6214640000,1529.3610191800,3113043,5592211730.8300,0.247800,2.221000
2021-11-05,1559.4310250900,1573.0269202600,1594.6783617100,1559.4310250900,2707723,4956331383.2000,0.215500,0.872400
2021-11-08,1573.0787800000,1573.1652129000,1582.4135332000,1557.5640744500,1770572,3220439333.6200,0.140900,0.008800
2021-11-09,1573.0614934200,1547.1575532900,1579.8810492300,1540.2342780000,2735192,4915170027.8600,0.217700,-1.653200
2021-11-10,1547.1575532900,1516.0244227100,1551.4705550000,1499.6108150000,3534877,6204803249.6500,0.281400,-2.012300
2021-11-11,1515.1082339700,1529.5165984000,1529.5165984000,1505.2289535000,2265187,3987243284.9000,0.180300,0.890000
2021-11-12,1536.7769620000,1533.1294936200,1542.8704814500,1526.9754711400,1760663,3124400971.8400,0.140200,0.236200
2021-11-15,1533.0430607200,1522.2043750600,1541.9629360000,1512.5757500000,2494735,4410975373.3100,0.198600,-0.712600
2021-11-16,1528.1336720000,1562.7068320000,1571.3501220000,1525.5406850000,3352624,6033536262.2100,0.266900,2.660800
2021-11-17,1560.1138450000,1551.4705550000,1573.5109445000,1547.1575532900,2450546,4411450908.4900,0.195100,-0.719000
2021-11-18,1539.5601013800,1548.8775680000,1561.8425030000,1529.8623300000,1952089,3485674964.2100,0.155400,-0.167100
2021-11-19,1550.7704485100,1580.3477868900,1598.1443210000,1545.5931178000,3115559,5699883799.6800,0.248000,2.031800
2021-11-22,1598.1443210000,1602.6993348300,1650.0040610000,1597.2799920000,4257268,7994018410.0100,0.338900,1.414300
2021-11-23,1600.7373080000,1639.1394454700,1656.9186930000,1600.7373080000,4578220,8676297615.5500,0.364500,2.273700
2021-11-24,1642.2251000000,1677.6625890000,1699.2708140000,1639.6321130000,5451235,10555736753.3800,0.433900,2.350200
2021-11-25,1688.0345370000,1690.6534538700,1716.7302598000,1682.2003162500,3975288,7803035266.4600,0.316500,0.774300
2021-11-26,1698.2595490700,1677.6712322900,1700.1351430000,1663.8333250000,3265557,6337346210.9400,0.260000,-0.767900
2021-11-29,1694.0848400000,1715.6930650000,1720.0147100000,1686.3750253200,4239934,8372476082.5200,0.337500,2.266300
2021-11-30,1716.0387966000,1668.8205033300,1719.9282771000,1665.9941475000,3692487,7192172533.0600,0.293900,-2.732000
2021-12-01,1685.4415500000,1670.7393137100,1694.0416235500,1658.6646375800,2625440,5071457098.1800,0.209000,0.115000
2021-12-02,1676.7982600000,1671.6122860000,1678.6565673500,1659.1659484000,2042182,3939731543.1900,0.162600,0.052300
2021-12-03,1669.8836280000,1704.3530685200,1718.8219359800,1669.0625154500,3581839,7045848179.8700,0.285100,1.958600
2021-12-06,1713.9644070000,1700.3944417000,1720.0147100000,1685.4415500000,3106388,6122543819.1800,0.247300,-0.232300
2021-12-07,1712.0110234600,1690.5151612300,1718.1736892300,1682.6151941700,3697989,7286659622.0700,0.294400,-0.581000
2021-12-08,1698.3027655200,1765.8241470000,1767.5528050000,1685.4415500000,6104807,12285101988.3700,0.486000,4.454800
2021-12-09,1776.1442352600,1803.4656749500,1829.7153466800,1767.5528050000,6423918,13404724467.3600,0.511400,2.131700
2021-12-10,1780.5177400000,1806.4476100000,1811.4434316200,1777.0604240000,4314822,8944582264.8400,0.343500,0.165300
2021-12-13,1861.7646660000,1830.8216878000,1884.2372200000,1830.6488220000,6580656,14139012289.8800,0.523900,1.349300
2021-12-14,1830.8216878000,1858.3073500000,1873.7788391000,1815.0909000000,4044941,8673733690.9200,0.322000,1.501300
2021-12-15,1851.5223673500,1845.3424150000,1871.2290685500,1836.7164115800,3007827,6444715085.8300,0.239400,-0.697700
2021-12-16,1828.0558350000,1831.5045077100,1853.1645924500,1803.1890896700,3721136,7865499277.8500,0.296200,-0.749900
2021-12-17,1815.5230645000,1772.4794803000,1822.0055320000,1759.7738440000,4840318,9988869784.7900,0.385300,-3.222800
2021-12-20,1772.4794803000,1779.6188378400,1802.6964221400,1764.0954890000,3225769,6654596507.9700,0.256800,0.402800
2021-12-21,1767.5528050000,1761.6753678000,1788.4090637700,1739.7473410700,2628589,5354186590.1800,0.209200,-1.008300
2021-12-22,1763.2311600000,1770.1457920000,1783.1107270000,1763.2311600000,1743079,3570928372.4900,0.138800,0.480800
2021-12-23,1774.4674370000,1832.3774800000,1832.3774800000,1750.2662250000,3909854,8126298013.2300,0.311200,3.515600
2021-12-24,1857.3393015200,1896.4156156100,1916.1828198400,1857.3393015200,5612959,12295953399.5300,0.446800,3.494800
2021-12-27,1873.8652720000,1842.5938487800,1873.8652720000,1825.4628480000,3755590,8020677686.4300,0.299000,-2.838100
2021-12-28,1843.6137570000,1848.0909812200,1863.0611595000,1829.4387614000,2765070,5901940632.9500,0.220100,0.298300
2021-12-29,1858.3073500000,1764.0954890000,1861.9807482500,1764.0954890000,5404902,11195625154.3700,0.430300,-4.545000
2021-12-30,1764.0954890000,1793.4826750000,1805.5659944200,1752.8592120000,3526136,7272866656.6100,0.280700,1.665900
2021-12-31,1789.1610300000,1771.8744500000,1791.7367304200,1752.8592120000,2966491,6061415343.6200,0.236100,-1.204800
2022-01-04,1776.1960950000,1772.9375746700,1788.2534845500,1740.7586060000,3384262,6913653122.1000,0.269400,0.060000
2022-01-05,1767.5528050000,1749.4018960000,1784.8393850000,1744.2159220000,2839551,5774992117.1900,0.226000,-1.327500
2022-01-06,1747.6818812900,1713.2902303800,1759.7738440000,1675.5104097900,5179475,10226933846.7300,0.412300,-2.064200
2022-01-07,1707.0497750000,1678.5269180000,1719.0466615200,1676.2105162800,2981669,5831695310.9100,0.237400,-2.029000
2022-01-10,1666.4349552900,1699.2708140000,1708.7784330000,1657.3940739500,2962670,5792738145.0500,0.235800,1.235800
2022-01-11,1683.7128920000,1677.2736409500,1698.4064850000,1669.1662349300,2227664,4332180603.5400,0.177300,-1.294500
2022-01-12,1683.7128920000,1700.1351430000,1710.3342252000,1683.7128920000,2747410,5384359627.7500,0.218700,1.363000
2022-01-13,1698.2509057800,1622.6826213100,1700.9908287100,1612.4576092400,5674735,10781720543.5100,0.451700,-4.555700
2022-01-14,1622.6826213100,1613.7022430000,1636.1747970000,1610.2449270000,2932164,5506186026.0300,0.233400,-0.553400
2022-01-17,1614.5665720000,1609.0435096900,1623.4691607000,1586.3375868600,2735382,5074077664.8500,0.217800,-0.288700
2022-01-18,1609.1040127200,1635.5438368300,1649.8744116500,1600.7373080000,3121577,5906705861.1900,0.248500,1.647000
2022-01-19,1658.6473510000,1652.5970480000,1658.6473510000,1632.6137615200,2637094,5026993463.3600,0.209900,1.042700
2022-01-20,1656.0543640000,1702.3132520800,1711.3627767100,1656.0543640000,3401391,6665294953.7300,0.270800,3.008400
2022-01-21,1694.0848400000,1715.6844217100,1723.0312182100,1686.3145222900,3081258,6091427695.4100,0.245300,0.785500
2022-01-24,1689.7631950000,1685.6144158000,1714.8287360000,1669.3996037600,2398580,4685441775.0500,0.190900,-1.752700
2022-01-25,1679.3912470000,1679.3912470000,1699.2708140000,1669.0192990000,2551012,4971078497.8800,0.203100,-0.369200
2022-01-26,1678.5614911600,1689.7631950000,1701.8638010000,1658.6473510000,2390513,4655706528.0700,0.190300,0.617600
2022-01-27,1729.5309722900,1698.4064850000,1738.0100397800,1687.1702080000,4266516,8450329057.7600,0.339600,0.511500
2022-01-28,1689.7631950000,1630.9888230000,1700.9994720000,1624.9471632900,4102011,7889492895.4700,0.326500,-3.969500
2022-02-07,1643.0807857100,1614.5319988400,1653.9454012400,1599.0086500000,3515042,6601799703.3100,0.279800,-1.009000
2022-02-08,1615.3271815200,1589.5010310000,1618.7758542300,1547.1489100000,4171306,7585130458.7100,0.332100,-1.550400
2022-02-09,1589.5788206100,1638.7504974200,1649.1397320000,1579.1031531300,3388479,6346699783.6100,0.269700,3.098400
2022-02-10,1642.2251000000,1618.8882170000,1647.3246411000,1605.3960413100,2303183,4315456867.5700,0.183300,-1.212000
2022-02-11,1605.0589530000,1598.9827201300,1642.9079199100,1591.2296890000,3374649,6296909575.4600,0.268600,-1.229600
2022-02-14,1590.3653600000,1615.1456724300,1622.3455330000,1588.0403149900,2019587,3762313349.4600,0.160800,1.010800
2022-02-15,1615.2580352000,1634.1176939800,1651.7327190000,1606.7876110000,2710586,5131842112.3400,0.215800,1.174600
2022-02-16,1642.2251000000,1635.7858489500,1648.2754030000,1631.8531520000,1458685,2769034315.5600,0.116100,0.102100
2022-02-17,1642.7523406900,1630.9801797100,1652.1475969200,1625.8028490000,1821366,3450265031.6700,0.145000,-0.293800
2022-02-18,1622.8900602700,1648.2754030000,1649.1224454200,1612.5440421400,1938549,3670339742.1300,0.154300,1.060400
2022-02-21,1642.2251000000,1622.3368897100,1648.1889701000,1615.3876845500,2081573,3920377358.2400,0.165700,-1.573700
2022-02-22,1607.6605832900,1562.5944692300,1608.5162690000,1555.8094865800,5229881,9473992638.0000,0.416300,-3.682500
2022-02-23,1565.6541938900,1579.1377262900,1585.1793860000,1555.8613463200,2811161,5118197819.7800,0.223800,1.058700
2022-02-24,1562.7068320000,1524.7714321900,1567.8841627100,1510.9335249000,6535925,11578557074.6500,0.520300,-3.442800
2022-02-25,1534.1839750000,1554.9797307400,1562.9488441200,1534.1839750000,3897913,6999524161.0700,0.310300,1.981200
2022-02-28,1544.6077827400,1547.4946416000,1553.1992130000,1527.2693430000,2892303,5158148352.0000,0.230200,-0.481400
2022-03-01,1557.5208580000,1606.3381599200,1610.7375945300,1557.5208580000,4737930,8721229312.0000,0.377200,3.802500
2022-03-02,1590.3653600000,1594.5832855200,1599.8643357100,1577.4004250000,2007448,3690612336.0000,0.159800,-0.731800
2022-03-03,1595.3784682000,1555.7922000000,1599.2247322500,1550.6062260000,3154693,5703580672.0000,0.251100,-2.432700
2022-03-04,1531.5909880000,1538.9377845000,1549.6468208100,1516.9838279000,3104703,5509157632.0000,0.247200,-1.083300
2022-03-07,1521.3919058000,1475.4096030000,1528.1336720000,1472.6437502000,4915581,8487507456.0000,0.391300,-4.128100
2022-03-08,1521.2017534200,1515.3416028000,1544.2620511400,1497.0178280000,5721546,10087484416.0000,0.455500,2.706500
2022-03-09,1524.7627889000,1537.7968702200,1560.1138450000,1487.6052851900,5643442,10018589952.0000,0.449200,1.481900
2022-03-10,1562.7068320000,1550.9778874700,1573.9431090000,1548.0132390000,3646178,6587438848.0000,0.290300,0.857100
2022-03-11,1526.4050140000,1529.0066442900,1535.9126330000,1484.9863683200,4772677,8335618304.0000,0.379900,-1.416600
2022-03-14,1495.2891700000,1469.3593000000,1512.5757500000,1469.3593000000,4900661,8416841984.0000,0.390100,-3.901100
2022-03-15,1426.1428500000,1385.5193870000,1456.3943650000,1385.5193870000,8905587,14567142656.0000,0.708900,-5.705900
2022-03-16,1412.3135860000,1447.7078585500,1455.4436031000,1376.8760970000,7759281,12753010176.0000,0.617700,4.488500
2022-03-17,1486.6458800000,1486.7755293500,1516.8973950000,1479.4373761400,6835196,11843531776.0000,0.544100,2.698600
2022-03-18,1484.9172220000,1476.0924229100,1508.2541050000,1462.6866801200,3834868,6564085393.7800,0.305300,-0.718500
2022-03-21,1490.1031960000,1473.0759147000,1491.5293388500,1465.0462982900,2787716,4763083282.9200,0.221900,-0.204400
2022-03-22,1489.9994765200,1465.0376550000,1489.9994765200,1457.5439225700,2105404,3578291198.3400,0.167600,-0.545700
2022-03-23,1473.6809450000,1514.4686305100,1529.8623300000,1466.7663130000,5806739,10096341448.2300,0.462200,3.374000
2022-03-24,1502.2038020000,1487.4497059700,1503.9324600000,1484.3554081500,2581532,4457504429.6000,0.205500,-1.784100
2022-03-25,1479.7312480000,1460.7160100000,1498.7464860000,1456.3943650000,2970866,5054831352.2000,0.236500,-1.797300
2022-03-28,1404.5346250000,1435.4776032000,1438.9349192000,1386.3837160000,5754164,9392008017.0200,0.458100,-1.727800
2022-03-29,1436.0826335000,1440.8364430000,1462.0125035000,1436.0826335000,2593498,4343365463.7100,0.206500,0.373300
2022-03-30,1467.6306420000,1495.3756029000,1495.3756029000,1465.0376550000,4243343,7276379090.5600,0.337800,3.785200
2022-03-31,1486.6458800000,1485.7815510000,1502.7223994000,1476.9653952000,2517386,4338022921.7100,0.200400,-0.641600
2022-04-01,1495.2373102600,1538.5142632900,1549.7418970000,1488.1065960100,4486191,7936957251.7700,0.357100,3.549200
2022-04-06,1515.1687370000,1525.5406850000,1546.0512121700,1515.1687370000,2781977,4910792426.0800,0.221500,-0.843300
2022-04-07,1519.4903820000,1525.5406850000,1542.8272650000,1512.6621829000,2019571,3568182341.3100,0.160800,0.000000
2022-04-08,1528.1336720000,1541.9629360000,1546.0252823000,1526.8717516600,2294132,4081618542.8600,0.182600,1.076500
2022-04-11,1529.8623300000,1486.6458800000,1529.8623300000,1474.5712038700,4386359,7568782591.4700,0.349200,-3.587400
2022-04-12,1494.4248410000,1540.2342780000,1545.3943221300,1476.2739320000,4162956,7284546260.7800,0.331400,3.604700
2022-04-13,1527.2693430000,1528.9980010000,1551.4705550000,1513.5092253200,3114766,5534915752.9600,0.248000,-0.729500
2022-04-14,1545.4202520000,1563.5711610000,1586.8216111000,1538.6784858000,3764986,6834657201.4900,0.299700,2.261200
2022-04-15,1557.6937238000,1560.9695307100,1571.3501220000,1552.2398078100,2104113,3800797635.0500,0.167500,-0.166400
2022-04-18,1539.4823117700,1547.8576597800,1554.0635420000,1528.1336720000,1979315,3525102976.5400,0.157600,-0.840000
2022-04-19,1555.7922000000,1547.4082087000,1584.3064137100,1534.6161395000,2420476,4359851980.1000,0.192700,-0.029000
2022-04-20,1557.2529160100,1553.1992130000,1573.0787800000,1528.7214157200,2415572,4342043328.4800,0.192300,0.374200
2022-04-21,1547.3217758000,1538.4883334200,1560.9781740000,1529.8623300000,2895261,5160788004.0800,0.230500,-0.947100
2022-04-22,1523.8120270000,1532.4553170000,1545.3165325200,1521.3746192200,2789975,4955360846.2300,0.222100,-0.392100
2022-04-25,1512.5757500000,1476.2739320000,1535.4804685000,1471.0879580000,5365802,9352986851.6100,0.427100,-3.666100
2022-04-26,1472.2375155700,1497.4327059200,1511.6941344200,1469.3593000000,4456396,7692845225.5400,0.354800,1.433300
2022-04-27,1527.3730624800,1551.4014086800,1564.4354900000,1527.3730624800,5740244,10289893014.2000,0.457000,3.604100
2022-04-28,1549.7418970000,1586.0437150000,1594.6870050000,1544.1237585000,4401006,8038681950.1000,0.350300,2.233000
2022-04-29,1586.9080440000,1580.3218570200,1598.1443210000,1565.2825324200,3488527,6384066536.9900,0.277700,-0.360800
2022-05-05,1581.7220700000,1587.7723730000,1616.2952300000,1580.8404544200,3366094,6235017580.1600,0.268000,0.471500
2022-05-06,1568.7484917100,1549.7418970000,1572.2144510000,1539.3699490000,2859618,5138176680.3200,0.227600,-2.395200
2022-05-09,1538.5056200000,1514.3044080000,1538.5056200000,1502.2038020000,3035182,5324616273.0900,0.241600,-2.286700
2022-05-10,1486.6458800000,1526.5692365100,1542.7926918400,1473.6895882900,4011919,7018451096.9000,0.319400,0.809900
2022-05-11,1516.8973950000,1528.1336720000,1545.8351299200,1514.3044080000,3031267,5372950032.7000,0.241300,0.102500
2022-05-12,1515.1687370000,1523.5267984300,1536.7769620000,1512.5757500000,2203823,3888480084.0000,0.175400,-0.301500
2022-05-13,1538.5056200000,1536.9844009600,1554.0116822600,1526.4050140000,2073052,3690141230.7900,0.165000,0.883300
2022-05-16,1553.1992130000,1519.4903820000,1553.1992130000,1506.2402184300,2776531,4881208652.7100,0.221000,-1.138200
2022-05-17,1529.7586105200,1528.1336720000,1534.1839750000,1516.8973950000,2014474,3557048801.4100,0.160400,0.568800
2022-05-18,1533.0257741400,1522.0833690000,1533.2504996800,1506.5427335800,2485044,4362486906.8700,0.197800,-0.395900
2022-05-19,1508.2541050000,1517.7617240000,1518.6260530000,1503.0681310000,1977626,3459059182.4600,0.157400,-0.283900
2022-05-20,1521.2103967100,1555.8008432900,1556.7861783500,1514.3044080000,4194960,7493460271.9800,0.333900,2.506300
2022-05-23,1555.7922000000,1539.3699490000,1559.1544398100,1531.5909880000,2215713,3950856593.6200,0.176400,-1.056100
2022-05-24,1543.6915940000,1521.2190400000,1544.5559230000,1517.3295595000,2734222,4824599922.4300,0.217700,-1.179100
2022-05-25,1525.7740538300,1517.3382027900,1531.5909880000,1509.9827630000,2238869,3929477101.9400,0.178200,-0.255100
2022-05-26,1522.0833690000,1506.3525812000,1522.0833690000,1495.2891700000,2805344,4888109192.1300,0.223300,-0.724000
2022-05-27,1521.2103967100,1517.0356876400,1538.5056200000,1515.1773802900,2511958,4436904895.6500,0.200000,0.709200
2022-05-30,1526.4050140000,1537.1313368900,1547.6242909500,1526.4050140000,3446569,6135631304.0400,0.274400,1.324700
2022-05-31,1533.9851793300,1559.2754458700,1568.6707021000,1527.2520564200,4075082,7329201058.4300,0.324400,1.440600
2022-06-01,1557.5208580000,1545.6363342500,1568.5669826200,1537.6412910000,2176001,3897858998.8900,0.173200,-0.874700
2022-06-02,1545.3943221300,1543.6915940000,1552.1620182000,1538.5056200000,1691473,3019718031.7500,0.134700,-0.125800
2022-06-06,1547.1489100000,1545.4202520000,1551.4705550000,1519.4903820000,3674126,6535329351.7900,0.292500,0.112000
2022-06-07,1542.0839420600,1571.2636891000,1577.4004250000,1530.1302719900,3504859,6356031009.1700,0.279000,1.672300
2022-06-08,1577.4004250000,1612.4921824000,1626.6671780000,1577.4004250000,4435381,8236953845.7000,0.353100,2.623900
2022-06-09,1618.0238880000,1601.6016370000,1632.1556671500,1598.1443210000,2632902,4897066622.1600,0.209600,-0.675400
2022-06-10,1594.6956482900,1642.7436974000,1648.2754030000,1586.0437150000,4734462,8882462597.8800,0.376900,2.568800
2022-06-13,1633.5818100000,1604.1946240000,1635.3104680000,1597.3491383200,3675518,6847248995.1400,0.292600,-2.346600
2022-06-14,1585.1793860000,1617.1595590000,1620.9798931800,1583.4507280000,2941623,5467949347.6100,0.234200,0.808200
2022-06-15,1616.2952300000,1620.7033079000,1646.5467450000,1610.2362837100,3366362,6354869099.9500,0.268000,0.219100
2022-06-16,1637.5490801100,1622.3455330000,1648.8199302700,1620.9021035700,2688670,5087605390.5200,0.214000,0.101300
2022-06-17,1623.2876516100,1686.3058790000,1687.1702080000,1623.2876516100,5054161,9749530915.5300,0.402300,3.942500
2022-06-20,1685.4415500000,1678.5442045800,1702.7281300000,1668.1549700000,3497478,6802792459.3700,0.278400,-0.460300
2022-06-21,1684.5772210000,1681.7595084600,1700.1264997100,1666.4263120000,2371702,4617805127.2400,0.188800,0.191600
2022-06-22,1689.7631950000,1673.3409440000,1692.3561820000,1669.8836280000,1964665,3813775293.5700,0.156400,-0.500600
2022-06-23,1679.1319483000,1691.5782859000,1698.4410581600,1676.7982600000,2684352,5239860443.0100,0.213700,1.089900
2022-06-24,1702.7281300000,1736.4456042900,1745.9445800000,1698.4064850000,3963465,7921199792.2300,0.315500,2.652400
2022-06-27,1745.8927202600,1737.7766709500,1771.8225902600,1728.9172987000,4011517,8124448900.3200,0.319300,0.076700
2022-06-28,1745.7198544600,1759.7738440000,1764.0954890000,1729.5223290000,2524571,5112298786.5500,0.201000,1.265800
2022-06-29,1752.8592120000,1754.5878700000,1764.9598180000,1738.1742622900,3036012,6142508407.9700,0.241700,-0.294700
2022-06-30,1747.3100000000,1786.6244750000,1814.5814350000,1747.3012634500,3898243,7984019437.5600,0.310300,1.825900
2022-07-01,1795.3610250000,1772.6896777500,1806.5175993500,1760.5982925500,2159645,4385555298.5700,0.171900,-0.780000
2022-07-04,1764.7918365500,1763.0357900000,1768.5310799500,1748.1923915500,2507589,5042804258.4800,0.199600,-0.544600
2022-07-05,1769.3959984000,1776.1493515500,1794.8805147500,1756.0465500000,2632940,5345189851.7400,0.209600,0.743800
2022-07-06,1775.2669600000,1749.0573100000,1781.3825450000,1735.0788300000,3275166,6566374982.4000,0.260700,-1.525300
2022-07-07,1751.6782750000,1738.5734500000,1755.4786742500,1734.2139115500,2093177,4179088240.3300,0.166600,-0.599400
2022-07-08,1751.6782750000,1746.4363450000,1760.3187229500,1743.9551648000,1564389,3134903462.4800,0.124500,0.452300
2022-07-11,1738.7481810000,1715.5089580000,1742.7407843500,1704.0640775000,2394921,4709248309.8700,0.190600,-1.770900
2022-07-12,1716.7320750000,1702.2381385500,1723.5465840000,1686.2065693000,2344686,4562731380.5200,0.186600,-0.773600
2022-07-13,1699.2589750000,1711.3940429500,1722.8476600000,1695.4760488500,1985377,3893406034.0900,0.158000,0.537900
2022-07-14,1712.3638000000,1706.2482150000,1727.0412040000,1695.7643550000,2052724,4014985518.4700,0.163400,-0.300700
2022-07-15,1699.3550770500,1703.1904225000,1747.0304304000,1698.8308840500,3341623,6588730698.5300,0.266000,-0.179200
2022-07-18,1705.6890758000,1705.0775173000,1711.4901450000,1679.1649100000,2422072,4701936867.9000,0.192800,0.110800
2022-07-19,1699.2589750000,1697.5990305000,1705.0687807500,1682.6595300000,2195603,4250852885.9500,0.174800,-0.438600
2022-07-20,1711.2717312500,1703.7146155000,1721.1003500000,1699.2589750000,1870461,3659970960.8800,0.148900,0.360200
2022-07-21,1697.5990305000,1694.0170450000,1708.7818145000,1690.0943340500,1406137,2735503093.4400,0.111900,-0.569200
2022-07-22,1702.9457991000,1701.0062850000,1714.1111100000,1690.5224250000,2511357,4894378604.9000,0.199900,0.412600
2022-07-25,1703.1991590500,1698.9531957500,1705.6366565000,1687.0278050000,1691244,3285451347.0600,0.134600,-0.120700
2022-07-26,1706.2394784500,1703.8107175500,1716.7058653500,1701.0237581000,2068510,4041100077.1100,0.164700,0.285900
2022-07-27,1696.6380100000,1677.0681380000,1701.8799400000,1674.7966350000,2148987,4149807165.6100,0.171100,-1.569600
2022-07-28,1678.3786205000,1658.1971900000,1693.1433900000,1653.5318723000,3486986,6669448409.0700,0.277600,-1.125200
2022-07-29,1655.6635905000,1658.5815982000,1676.5352084500,1640.8114555000,3703236,7028415880.6900,0.294800,0.023200
2022-08-01,1651.2166865500,1651.4700465000,1666.9337400000,1643.5023129000,2103741,3988198589.9100,0.167500,-0.428800
2022-08-02,1642.4714000000,1642.4539269000,1649.4431669000,1623.2597265500,2822088,5284516567.6800,0.224700,-0.545900
2022-08-03,1651.1992134500,1646.8396750000,1663.4391200000,1639.8504350000,2459842,4642442195.7200,0.195800,0.267000
2022-08-04,1651.2079500000,1673.9317165500,1680.1259305000,1642.5849751500,3035714,5797110733.0000,0.241700,1.645100
2022-08-05,1684.2321090000,1680.8772738000,1690.5224250000,1664.2254095000,2008584,3857406327.0000,0.159900,0.414900
2022-08-08,1673.1803732500,1670.0177421500,1688.6702764000,1666.5056490500,1679901,3220702892.0000,0.133700,-0.646100
2022-08-09,1670.0177421500,1668.6810500000,1676.5352084500,1664.3127750000,1387461,2651800008.0000,0.110400,-0.080000
2022-08-10,1668.6635769000,1638.9767800000,1675.6702900000,1628.9996399000,2792662,5259452686.0000,0.222300,-1.780100
2022-08-11,1647.7133300000,1665.9727195000,1666.0600850000,1640.7328265500,2606149,4940834195.0000,0.207500,1.647100
2022-08-12,1665.9727195000,1684.4068400000,1686.1541500000,1659.9445000000,2025983,3882570566.0000,0.161300,1.106500
2022-08-15,1677.8194813000,1677.3214979500,1694.4538725000,1673.5298352500,1932314,3717178491.2400,0.153800,-0.420600
2022-08-16,1680.8598007000,1675.5305052000,1689.4653024500,1673.9229800000,1483584,2854189585.5600,0.118100,-0.106800
2022-08-17,1686.1541500000,1675.6702900000,1686.1541500000,1655.5762250000,1836063,3508295540.7700,0.146200,0.008300
2022-08-18,1666.9337400000,1656.0130525000,1671.3719074000,1643.4062108500,2316777,4384060205.3200,0.184400,-1.173100
2022-08-19,1658.1971900000,1655.5849615500,1667.2395192500,1649.4606400000,1354417,2572000761.5000,0.107800,-0.025900
2022-08-22,1646.8484115500,1654.6850969000,1666.0600850000,1643.6770439000,1542667,2925285473.0600,0.122800,-0.054400
2022-08-23,1658.7213830000,1633.7435865500,1658.7213830000,1631.1138850000,2375636,4452538978.2400,0.189100,-1.265600
2022-08-24,1633.7261134500,1619.9311010000,1638.3040656500,1617.1354050000,1872761,3486382969.3400,0.149100,-0.845500
2022-08-25,1624.1246450000,1646.8396750000,1649.4606400000,1619.9311010000,2192534,4107597895.1300,0.174500,1.661100
2022-08-26,1659.9445000000,1658.1971900000,1670.4283600000,1647.7133300000,2314195,4397161134.7000,0.184200,0.689700
2022-08-29,1645.0923650000,1641.4404871000,1659.9182903500,1637.2294700000,1356962,2555981192.1500,0.108000,-1.010500
2022-08-30,1644.5244892500,1633.7348500000,1646.8396750000,1619.9311010000,1823539,3400091357.6200,0.145200,-0.469400
2022-08-31,1625.0856655000,1680.9122200000,1682.2751218000,1625.0070365500,4469151,8518225336.6700,0.355800,2.887700
2022-09-01,1670.5594082500,1643.2489529500,1673.9229800000,1643.2489529500,2684508,5088658954.7300,0.213700,-2.240600
2022-09-02,1651.1555307000,1638.1031250000,1653.7939688000,1630.3887513500,1939132,3635162803.5800,0.154400,-0.313100
2022-09-05,1627.3047492000,1603.1569250000,1632.8611950000,1590.0521000000,3682187,6764549172.7500,0.293100,-2.133300
2022-09-06,1603.4714408000,1611.8934750000,1614.6891710000,1594.4203750000,2083004,3832086313.1900,0.165800,0.545000
2022-09-07,1603.1831346500,1588.3135265500,1605.4808473000,1582.1979415500,2830616,5151537330.2900,0.225300,-1.462900
2022-09-08,1590.0521000000,1585.6838250000,1600.5359600000,1585.6838250000,1659057,3026766447.8000,0.132100,-0.165600
2022-09-09,1594.4203750000,1611.7100074500,1618.0090600000,1586.5574800000,2708986,4991679522.9200,0.215600,1.641300
2022-09-13,1642.4714000000,1641.5977450000,1649.7926289000,1623.4519306500,2869309,5387987148.0400,0.228400,1.854400
2022-09-14,1628.5016565500,1632.8611950000,1642.4714000000,1627.6192650000,1604157,3002693246.6400,0.127700,-0.532200
2022-09-15,1633.7348500000,1642.4714000000,1653.9337536000,1633.6999038000,2081021,3917954255.6700,0.165700,0.588600
2022-09-16,1635.3074290000,1624.1246450000,1647.3638680000,1620.7261270500,2412127,4501527357.2400,0.192000,-1.117000
2022-09-19,1620.6300250000,1635.1676442000,1649.9760964500,1618.7778764000,1858351,3479680770.6500,0.147900,0.679900
2022-09-20,1633.7173769000,1640.7240900000,1646.4902130000,1623.7315002500,1411630,2645281859.2100,0.112400,0.339800
2022-09-21,1639.5621288500,1614.5144400000,1645.0923650000,1614.5144400000,2099454,3904096420.8300,0.167100,-1.597400
2022-09-22,1607.5252000000,1590.7597605500,1608.4163281000,1587.3000867500,2270429,4147900996.4500,0.180700,-1.471300
2022-09-23,1590.7597605500,1602.6589416500,1620.6300250000,1590.7597605500,2828769,5191904759.5300,0.225200,0.748000
2022-09-26,1590.0521000000,1627.6192650000,1649.4606400000,1590.0346269000,3513492,6566771226.6200,0.279700,1.557400
2022-09-27,1632.7388833000,1649.4606400000,1657.3235350000,1617.2315070500,2882019,5422668135.0700,0.229400,1.341900
2022-09-28,1642.9082275000,1645.0923650000,1659.4203070000,1637.2382065500,2144597,4042506329.8300,0.170700,-0.264800
2022-09-29,1658.1797169000,1642.7771792500,1661.8490679000,1634.7220801500,2158966,4075515187.3900,0.171900,-0.140700
2022-09-30,1658.7388561000,1635.9189875000,1661.6830734500,1630.2402300000,2128908,4000917950.9400,0.169500,-0.417500
2022-10-10,1651.2079500000,1560.3478300000,1652.0816050000,1555.2806310000,4858413,8865386495.5000,0.386800,-4.619500
2022-10-11,1562.9687950000,1555.0971634500,1577.8209300000,1537.6328000000,3204719,5712249507.4300,0.255100,-0.336500
2022-10-12,1549.5669273000,1537.6328000000,1554.2322450000,1492.2027400000,4819500,8372252823.4900,0.383700,-1.123000
2022-10-13,1503.0884813000,1485.2047634500,1515.7914250000,1482.5925350000,6396927,10919727537.3100,0.509200,-3.409700
2022-10-14,1493.9500500000,1518.0716645500,1533.2645250000,1486.9083907000,4651970,8045032622.5100,0.370300,2.213000
2022-10-17,1507.9285300000,1501.3761175000,1509.6671034500,1483.2914590000,3354951,5740146639.2400,0.267100,-1.099800
2022-10-18,1507.0548750000,1490.3069086500,1511.4231500000,1486.0871550000,2808277,4800689502.2000,0.223600,-0.737300
2022-10-19,1486.9433369000,1439.7834400000,1486.9433369000,1439.7834400000,6012093,9997656284.4600,0.478600,-3.390100
2022-10-20,1416.1947550000,1435.8519925000,1457.6322116500,1407.4582050000,4277807,7020555512.3000,0.340500,-0.273100
2022-10-21,1432.7942000000,1418.8157200000,1439.6087090000,1406.5845500000,3890740,6317945876.4000,0.309700,-1.186500
2022-10-24,1371.6383500000,1311.6007784000,1388.2377950000,1300.0073765500,13209804,20217576174.4500,1.051600,-7.556700
2022-10-25,1292.5026801000,1292.7909862500,1323.5873250000,1286.0201600000,8136156,12136909034.2600,0.647700,-1.434100
2022-10-26,1300.6975640000,1279.1008124000,1323.5785884500,1275.5363000000,8178083,12120993864.4400,0.651000,-1.059000
2022-10-27,1293.0094000000,1223.9906550000,1299.9811669000,1209.0074717500,10710590,15258551283.1500,0.852600,-4.308500
2022-10-28,1215.0531643500,1188.1708000000,1228.3589300000,1187.0437850500,9314275,12823821843.1100,0.741500,-2.926500
2022-10-31,1179.4342500000,1179.4342500000,1207.3999465500,1164.5821150000,7184665,9758303070.6300,0.571900,-0.735300
2022-11-01,1187.2971450000,1277.2923465500,1283.7486570000,1187.2971450000,11876648,16859775303.5000,0.945400,8.297000
2022-11-02,1275.5363000000,1285.9852138000,1315.7244300000,1254.5685800000,7977715,11717204099.4000,0.635100,0.680600
2022-11-03,1261.1821483500,1257.6263725000,1277.7204375000,1247.6667055000,4515970,6509550786.9200,0.359500,-2.205200
2022-11-04,1256.2809438000,1324.9589633500,1334.7438993500,1256.2809438000,8000795,11996968945.3400,0.636900,5.353900
2022-11-07,1305.2842527500,1316.6941870500,1326.6276444000,1298.7667864500,4269835,6414049133.4400,0.339900,-0.623800
2022-11-08,1317.4717400000,1297.2728364000,1326.1995534500,1283.3642488000,3932491,5842320995.4700,0.313000,-1.475000
2022-11-09,1296.4603372500,1275.4489345000,1300.7674564000,1266.7997500000,3609016,5276777530.3900,0.287300,-1.682300
2022-11-10,1261.5578200000,1288.6411250000,1297.3776750000,1253.8259732500,3771967,5518325849.4500,0.300300,1.034300
2022-11-11,1334.9448400000,1335.0758882500,1349.3164647500,1306.0967519000,7394715,11252112275.0100,0.588700,3.603400
2022-11-14,1348.4864925000,1339.3131150000,1365.9858021500,1334.9448400000,5737015,8858049580.5600,0.456700,0.317400
2022-11-15,1338.4394600000,1387.3641400000,1396.9481353500,1328.8292550000,5631760,8858377894.3100,0.448300,3.587700
2022-11-16,1381.2485550000,1384.9615887500,1396.1006900000,1369.8910400000,2684776,4250886805.4900,0.213700,-0.173200
2022-11-17,1389.5482775000,1369.0173850000,1394.6154765000,1356.6813764000,3057988,4793001162.4500,0.243400,-1.151200
2022-11-18,1376.8802800000,1369.1309601500,1383.8695200000,1359.4071800000,2360871,3703793426.0300,0.187900,0.008300
2022-11-21,1346.6081342500,1327.9381269000,1346.6081342500,1309.1982271500,3909600,5917086070.3100,0.311200,-3.008700
2022-11-22,1325.7190432000,1345.3850172500,1362.6746497000,1324.5570820500,2990062,4582790131.0100,0.238000,1.313800
2022-11-23,1334.9448400000,1353.2915950000,1360.2808350000,1328.8642012000,2217746,3428793051.7500,0.176500,0.587700
2022-11-24,1362.0281450000,1327.9468634500,1370.6598564000,1322.6961969000,2768738,4241974248.2800,0.220400,-1.872800
2022-11-25,1328.4011640500,1329.7116465500,1338.4394600000,1319.2190500000,1862104,2833988373.4700,0.148200,0.132900
2022-11-28,1297.1854709000,1319.1142114000,1323.5873250000,1267.6734050000,4772321,7040991068.0200,0.379900,-0.797000
2022-11-29,1371.2539418000,1396.9743450000,1397.8480000000,1355.0389050000,7342013,11587859175.7900,0.584500,5.902500
2022-11-30,1386.5953236000,1396.9743450000,1401.3426200000,1384.7431750000,3149730,5019450678.4200,0.250700,0.000000
2022-12-01,1450.2673000000,1424.7565740000,1467.7404000000,1424.7478374500,5135768,8480772923.0900,0.408800,1.988700
2022-12-02,1428.4259250000,1427.4474314000,1444.1429784500,1416.3694860000,2388390,3910860617.5900,0.190100,0.188900
2022-12-05,1457.2565400000,1454.5482095000,1466.8667450000,1440.6570950000,3612746,6018521303.7900,0.287600,1.898500
2022-12-06,1445.8990250000,1474.7296400000,1508.7148195000,1443.2780600000,4414748,7477917193.6500,0.351400,1.387500
2022-12-07,1465.8270955500,1471.2350200000,1502.6866000000,1459.0300596500,3552626,6012253044.6800,0.282800,-0.237000
2022-12-08,1469.4877100000,1473.8734581000,1480.8452250000,1454.6355750000,1972956,3323420876.5500,0.157100,0.179300
2022-12-09,1478.2242600000,1511.4231500000,1511.4231500000,1469.4877100000,3921526,6716944492.7700,0.312200,2.547700
2022-12-12,1499.0696683000,1519.3035181000,1542.8747300000,1498.3183250000,3475517,6063957619.1000,0.276700,0.521400
2022-12-13,1517.5387350000,1528.8962500000,1538.2356219500,1511.4231500000,2138546,3735089151.7400,0.170200,0.631400
2022-12-14,1522.7806650000,1547.1294298500,1555.8048240000,1522.7806650000,2909840,5141262368.0000,0.231600,1.192600
2022-12-15,1576.9472750000,1561.2127484500,1586.5574800000,1555.1059000000,3063444,5497063389.6200,0.243900,0.910300
2022-12-16,1549.2087287500,1561.1079098500,1564.7161050000,1522.7806650000,3330266,5901587127.5400,0.265100,-0.006700
2022-12-19,1571.5306140000,1548.9903150000,1571.5306140000,1537.7813213500,2498710,4447236355.7900,0.198900,-0.776200
2022-12-20,1542.2893811500,1498.3183250000,1542.2893811500,1469.8808547500,4619840,7944120660.9600,0.367800,-3.271300
2022-12-21,1506.1812200000,1519.2860450000,1519.2860450000,1500.6335107500,2281614,3948926226.8200,0.181600,1.399400
2022-12-22,1534.7497385000,1544.6220400000,1557.7268650000,1524.5279750000,2317534,4093861570.3000,0.184500,1.667600
2022-12-23,1530.9930220000,1547.2430050000,1556.8532100000,1524.5279750000,1731921,3063608408.7800,0.137900,0.169700
2022-12-26,1547.2430050000,1521.9594293000,1547.2430050000,1515.8088981000,2138380,3749121030.3900,0.170200,-1.634100
2022-12-27,1537.7528540000,1533.3289390000,1545.8486184500,1526.6930665000,1790505,3109270166.2200,0.142500,0.747000
2022-12-28,1544.7249440400,1533.3289390000,1545.7159010000,1511.2182118300,2143790,3699948994.8100,0.170700,0.000000
2022-12-29,1519.1724110000,1520.9419770000,1528.0113931700,1505.0601221500,2241780,3844499655.3000,0.178500,-0.807800
2022-12-30,1535.9832880000,1528.0202410000,1551.0157511700,1528.0202410000,2533312,4409544296.5200,0.201700,0.465400
2023-01-03,1531.7363296000,1530.6834378300,1538.1333106900,1509.4486458300,2603380,4487760230.8800,0.207200,0.174300
2023-01-04,1530.6745900000,1526.2595228300,1538.3722021000,1518.2876280000,2041575,3523582305.6800,0.162500,-0.289000
2023-01-05,1536.8680710000,1593.4941830000,1593.4941830000,1533.3289390000,4794285,8541587088.5700,0.381700,4.405200
2023-01-06,1598.0242719600,1595.9450319100,1603.1383177000,1581.1072210000,2490375,4480838898.3500,0.198200,0.153800
2023-01-09,1623.5768050000,1629.0624596000,1636.8308543400,1599.5284030600,3097723,5684181146.5700,0.246600,2.075100
2023-01-10,1627.1690239800,1640.7858343500,1649.6779035000,1619.5952815000,2273173,4204783734.0400,0.181000,0.719600
2023-01-11,1642.1572480000,1632.3803958500,1645.6963800000,1625.2048057200,2272031,4201487772.7800,0.180900,-0.512300
2023-01-12,1635.0789840000,1622.6920220000,1642.1572480000,1621.8072390000,1719317,3162637136.1100,0.136900,-0.593500
2023-01-13,1631.6991129400,1669.5855210000,1670.4703040000,1628.0007200000,3193965,5969876222.2700,0.254300,2.889900
2023-01-16,1668.7007380000,1692.5014007000,1712.0551050000,1664.2768230000,3684826,7059982640.3600,0.293300,1.372500
2023-01-17,1692.7314442800,1688.1659640000,1701.4377090000,1676.6637850000,2129923,4068321408.7400,0.169600,-0.256200
2023-01-18,1693.4746620000,1674.8942190000,1703.4727099000,1672.2398700000,2106293,4008665437.5800,0.167700,-0.786200
2023-01-19,1674.4518275000,1663.5778444300,1674.4695231600,1651.0050780000,2343889,4401994436.6000,0.186600,-0.675600
2023-01-20,1671.5231957700,1645.7052278300,1679.5393297500,1643.9268140000,2560875,4807356070.5000,0.203900,-1.074300
2023-01-30,1689.0507470000,1670.4703040000,1689.0507470000,1663.3920400000,3592255,6799756571.4700,0.286000,1.504800
2023-01-31,1677.9909595000,1633.0970700800,1681.0434608500,1621.8691738100,3299068,6128311547.6500,0.262600,-2.237300
2023-02-01,1641.2547693400,1632.3980915100,1644.8115970000,1602.6959262000,3397389,6244678924.6100,0.270500,-0.042800
2023-02-02,1635.4152015400,1624.5589141300,1644.8115970000,1615.6137580000,2975886,5465509509.9800,0.236900,-0.480200
2023-02-03,1610.3050600000,1608.5354940000,1615.6137580000,1588.7871374400,3494490,6324635031.3500,0.278200,-0.986300
2023-02-06,1574.9137400000,1588.1854850000,1588.1854850000,1557.2180800000,4266095,7595739043.7100,0.339600,-1.265100
2023-02-07,1599.7584466400,1589.9550510000,1600.3954904000,1581.7531125900,2432171,4373671735.4800,0.193600,0.111400
2023-02-08,1592.6182478300,1578.4528720000,1597.8915545100,1570.4898250000,1667577,2980574806.0200,0.132700,-0.723400
2023-02-09,1573.1441740000,1608.5354940000,1618.9316942500,1570.4986728300,2975366,5401399087.9700,0.236900,1.905800
2023-02-10,1601.5457083000,1601.4572300000,1608.9690376700,1593.5384221500,1798451,3253859316.6500,0.143200,-0.440000
2023-02-13,1601.4572300000,1642.4669220500,1658.5257335000,1601.4572300000,3814670,7058382497.5800,0.303700,2.560800
2023-02-14,1642.5642481800,1631.3540475700,1643.3959442000,1623.5768050000,1956576,3601769573.5600,0.155800,-0.676600
2023-02-15,1631.3451997400,1628.8855030000,1641.5378999000,1624.2934792300,1817691,3351422210.8300,0.144700,-0.151300
2023-02-16,1629.1863292200,1647.3066850600,1669.5855210000,1617.3833240000,3324595,6196915129.8100,0.264700,1.130900
2023-02-17,1636.9901152800,1610.9951907400,1657.1985590000,1610.3492991500,2644283,4880328952.3100,0.210500,-2.204300
2023-02-20,1611.1898430000,1658.9681250000,1662.3303004000,1607.8276676000,2966869,5488800056.2200,0.236200,2.977800
2023-02-21,1658.0833420000,1651.8898610000,1658.0833420000,1637.7333330000,1875052,3491633509.9100,0.149300,-0.426700
2023-02-22,1641.2813128300,1624.4615880000,1649.1470337000,1620.7454994000,2186916,4031016044.6700,0.174100,-1.660400
2023-02-23,1628.0007200000,1608.5354940000,1635.7868104000,1597.2545107500,2188097,3983991207.9900,0.174200,-0.980400
2023-02-24,1601.5545561300,1581.9920040000,1601.6253387700,1576.8425669400,2463461,4415621498.3900,0.196100,-1.650200
2023-02-27,1573.5865655000,1601.8199910300,1605.8811450000,1570.5075206600,2206489,3978128676.1400,0.175600,1.253400
2023-02-28,1609.4202770000,1604.7663184200,1612.0834738300,1577.8335239000,2395181,4314877096.4900,0.190700,0.183900
2023-03-01,1604.1115790000,1626.7000889900,1635.0789840000,1595.4672490900,2445810,4475592194.7200,0.194700,1.366800
2023-03-02,1618.2681070000,1617.3833240000,1627.1070891700,1611.2783213000,1314419,2405292304.3000,0.104600,-0.572700
2023-03-03,1627.7972199100,1608.5708853200,1629.4252206300,1594.8036618400,1619806,2946842659.1300,0.128900,-0.544900
2023-03-06,1608.6947549400,1598.9267506200,1608.9778855000,1589.7515509100,2064586,3730079521.7200,0.164400,-0.599500
2023-03-07,1597.9004023400,1582.2574389000,1607.2967978000,1581.9920040000,2278539,4101302455.8700,0.181400,-1.042500
2023-03-08,1574.9314356600,1566.4375188600,1580.1693510200,1558.2090369600,2276370,4035787172.3300,0.181200,-0.999800
2023-03-09,1564.2963440000,1566.0836056600,1579.3376550000,1539.5224200000,2761150,4881442709.8700,0.219800,-0.022600
2023-03-10,1549.7593593100,1548.3702500000,1575.7985230000,1548.3702500000,2116082,3725139075.3700,0.168500,-1.131100
2023-03-13,1549.2550330000,1558.9876460000,1570.4898250000,1547.4854670000,2056043,3626476291.1900,0.163700,0.685700
2023-03-14,1560.5625597400,1562.5267780000,1574.8075660400,1538.1952455000,2370492,4177289026.6900,0.188700,0.227000
2023-03-15,1573.4715437100,1549.1842503600,1579.2314810400,1548.4764239600,1921253,3392698489.5000,0.152900,-0.853900
2023-03-16,1539.5224200000,1550.1309681700,1566.0659100000,1538.6464848300,1764624,3096791141.7400,0.140500,0.061100
2023-03-17,1566.0659100000,1541.2919860000,1571.2772818700,1535.9832880000,2702291,4744249368.6500,0.215100,-0.570200
2023-03-20,1549.2550330000,1530.3206768000,1552.7941650000,1528.9050240000,2049093,3557872017.4100,0.163100,-0.711800
2023-03-21,1535.0985050000,1570.4898250000,1580.0897205500,1525.3393485100,3114182,5491052283.5000,0.247900,2.624900
2023-03-22,1574.9137400000,1569.0299330500,1586.4159190000,1562.1286256500,1533026,2727648673.6700,0.122000,-0.093000
2023-03-23,1562.5267780000,1570.3659553800,1584.7436791300,1561.6508428300,1735566,3082821550.7300,0.138200,0.085100
2023-03-24,1565.2519096400,1573.6927394600,1578.0989588000,1562.5267780000,1276996,2269649178.7100,0.101700,0.211800
2023-03-27,1573.6750438000,1564.1105395700,1573.6750438000,1553.6789480000,1529555,2700755932.7000,0.121800,-0.608900
2023-03-28,1566.0659100000,1576.5063494000,1583.7615700000,1561.6596906600,1726135,3073113077.2600,0.137400,0.792500
2023-03-29,1591.7246170000,1583.7615700000,1592.6094000000,1579.3995898100,1539299,2761909332.8300,0.122500,0.460200
2023-03-30,1586.4159190000,1592.6094000000,1597.0333150000,1574.0289570000,1925701,3453573052.0600,0.153300,0.558700
2023-03-31,1614.7289750000,1610.3050600000,1635.0789840000,1609.4202770000,2744633,5024790356.0500,0.218500,1.111100
2023-04-03,1614.7289750000,1594.4409008100,1617.1798239100,1592.6801826400,2141743,3875811672.6600,0.170500,-0.985200
2023-04-04,1603.2267960000,1605.5183839700,1606.0315581100,1581.1072210000,2006626,3614275263.4600,0.159700,0.694800
2023-04-06,1597.0333150000,1589.9196596800,1606.6774497000,1582.1866562600,1487422,2676251955.7200,0.118400,-0.971600
2023-04-07,1588.1854850000,1584.6375051700,1597.9269458300,1582.2928302200,1352468,2428160574.1500,0.107700,-0.332200
2023-04-10,1584.5401790400,1567.5700411000,1584.5401790400,1543.0615520000,2941822,5171150567.2900,0.234200,-1.077100
2023-04-11,1586.4159190000,1544.3887265000,1586.4159190000,1543.0615520000,2920919,5138854627.3600,0.232500,-1.478800
2023-04-12,1545.9459445800,1498.9108803000,1548.3702500000,1497.7783580600,5110492,8732657375.7500,0.406800,-2.944700
2023-04-13,1495.2832700000,1524.4811090000,1525.0031309700,1489.9834198300,2954268,5049310126.1300,0.235200,1.705900
2023-04-14,1527.1354580000,1516.0048878600,1533.3289390000,1508.3780584000,2123162,3646526766.4800,0.169000,-0.556000
2023-04-17,1539.5224200000,1551.0245990000,1551.0245990000,1528.9050240000,3046723,5303401394.5500,0.242500,2.310000
2023-04-18,1551.0245990000,1555.4485140000,1565.1811270000,1544.8488136600,1831389,3220107647.2100,0.145800,0.285200
2023-04-19,1558.9876460000,1556.3332970000,1562.0843865000,1548.3702500000,1460056,2568632844.6900,0.116200,0.056900
2023-04-20,1557.3154061300,1541.1858120400,1561.6419950000,1529.7898070000,1988537,3468366834.7900,0.158300,-0.973300
2023-04-21,1544.8311180000,1526.6665230100,1546.6714666400,1522.9592822400,1851787,3210937221.6200,0.147400,-0.942100
2023-04-24,1522.7115430000,1508.5550150000,1523.5963260000,1505.0158830000,2023091,3456728717.8900,0.161000,-1.186300
2023-04-25,1509.4397980000,1531.0108075400,1535.9655923400,1505.9006660000,2058251,3534989916.7600,0.163800,1.488600
2023-04-26,1543.0615520000,1542.9819215300,1558.1028630000,1521.8267600000,2789160,4861477657.1700,0.222000,0.781900
2023-04-27,1546.6006840000,1555.3777313600,1566.0659100000,1530.6745900000,2560504,4489906863.5700,0.203800,0.803400
2023-04-28,1559.8812768300,1557.6781671600,1577.3645889100,1551.8828385100,2622464,4636084177.0900,0.208800,0.147900
2023-05-04,1565.1811270000,1548.2817717000,1572.8521956100,1535.9832880000,2746642,4818999650.4800,0.218600,-0.603200
2023-05-05,1562.5267780000,1548.3702500000,1562.5267780000,1536.3283533700,2071421,3621305973.0100,0.164900,0.005700
2023-05-08,1564.5794745600,1522.2868471600,1565.1811270000,1519.3228241100,3317126,5742915994.0000,0.264100,-1.684600
2023-05-09,1517.4028450000,1523.5963260000,1539.5047243400,1510.3865158100,2937796,5057346564.0200,0.233900,0.086000
2023-05-10,1517.5709537700,1526.2506750000,1535.9832880000,1517.4028450000,2077260,3588550877.4900,0.165400,0.174200
2023-05-11,1531.5593730000,1519.2343458100,1535.0985050000,1517.4028450000,1524612,2623835905.1800,0.121400,-0.459700
2023-05-12,1517.4028450000,1509.7937112000,1530.5684160400,1508.5638628300,1946045,3335038590.3800,0.154900,-0.621400
2023-05-15,1505.9006660000,1518.5530629000,1519.1724110000,1496.3450096000,2574018,4384647977.0500,0.204900,0.580200
2023-05-16,1516.5092141700,1507.0420360700,1521.8179121700,1501.4767510000,2222377,3785811907.3400,0.176900,-0.758000
2023-05-17,1511.2093640000,1505.0158830000,1515.6332790000,1503.2551648300,1677691,2858697941.9300,0.133600,-0.134400
2023-05-18,1508.5461671700,1496.1680530000,1508.9089282000,1495.2832700000,1921928,3260170684.3300,0.153000,-0.587900
2023-05-19,1478.4723930000,1503.6887085000,1507.9622103900,1464.8024956500,2674116,4504022548.8800,0.212900,0.502700
2023-05-22,1495.2921178300,1544.8311180000,1550.1398160000,1495.2832700000,4128432,7165754128.6800,0.328600,2.736100
2023-05-23,1551.9005341700,1525.8525226500,1551.9093820000,1525.8525226500,1689421,2934118393.7800,0.134500,-1.228500
2023-05-24,1532.7361343900,1513.7752347000,1533.8155696500,1513.0762561300,1847927,3182416490.6900,0.147100,-0.791500
2023-05-25,1509.4309501700,1505.0158830000,1512.9789300000,1495.2832700000,2246560,3814504092.8300,0.178800,-0.578600
2023-05-26,1505.9006660000,1495.7787484800,1508.5550150000,1482.0203728300,1829110,3090691545.8400,0.145600,-0.613800
2023-05-29,1501.4767510000,1494.3984870000,1502.6712080500,1484.6658740000,1777141,2998147158.8300,0.141500,-0.092300
2023-05-30,1494.3984870000,1476.0746310700,1503.1489908700,1467.4656924800,2645340,4424706687.6300,0.210600,-1.226200
2023-05-31,1469.6334108300,1441.2230287000,1473.8007387600,1439.2499626100,3695697,6053737281.2800,0.294200,-2.361100
2023-06-01,1431.5788940000,1447.4342053600,1482.0026771700,1431.5788940000,2864525,4708722933.1700,0.228000,0.431000
2023-06-02,1455.4680350000,1478.1184798000,1480.3746764500,1447.6023141300,2505802,4163116244.4500,0.199500,2.119900
2023-06-05,1474.1900432800,1473.1636950000,1488.9836150400,1471.3941290000,1620050,2704294313.2500,0.129000,-0.335200
2023-06-06,1477.5876100000,1474.9244131700,1489.9745720000,1461.2633636500,1991392,3326778182.8300,0.158500,0.119500
2023-06-07,1480.2331111700,1460.6882547000,1485.3737004000,1459.8919500000,1788964,2971782063.8700,0.142400,-0.965200
2023-06-08,1465.0502348900,1475.8180440000,1482.0115250000,1459.9007978300,1470272,2441569676.5800,0.117000,1.035800
2023-06-09,1479.3483281700,1474.0484780000,1484.6393305100,1474.0484780000,1758041,2938014322.0900,0.139900,-0.119900
2023-06-12,1474.0661736600,1500.5919680000,1511.2093640000,1470.0846501600,2702944,4562308598.8500,0.215200,1.800700
2023-06-13,1498.7162280400,1503.2463170000,1508.2099496300,1490.8593550000,1466254,2485398902.4400,0.116700,0.176900
2023-06-14,1520.9419770000,1527.9140670400,1534.4260699200,1509.6256024300,3150580,5438040355.8500,0.250800,1.641000
2023-06-15,1530.9754162200,1552.7941650000,1553.3692739500,1524.4811090000,2522257,4395900801.5100,0.200800,1.628400
2023-06-16,1554.5637310000,1590.5655512700,1592.6094000000,1548.4587283000,3791789,6742301360.9600,0.301800,2.432500
2023-06-19,1583.7615700000,1543.0615520000,1590.7955948500,1537.7528540000,3169992,5584248724.9300,0.252300,-2.986600
2023-06-20,1539.5224200000,1542.5837691800,1561.6419950000,1535.0985050000,2094674,3659824529.0300,0.166700,-0.031000
2023-06-21,1539.5224200000,1535.8328748900,1554.2098178000,1535.0985050000,1772061,3088635933.9800,0.141100,-0.437600
2023-06-26,1521.9240861300,1512.0941470000,1530.6745900000,1499.7071850000,2399268,4098619509.8400,0.191000,-1.545700
2023-06-27,1512.9700821700,1513.9079521500,1521.5613251000,1504.2107304700,1517446,2598138743.7800,0.120800,0.120000
2023-06-28,1515.7925399400,1529.2412415400,1534.2137220000,1513.8637130000,1857356,3199294221.2100,0.147900,1.012800
2023-06-29,1531.5593730000,1516.2614749300,1535.0896571700,1515.6421268300,1423116,2446524133.5200,0.113300,-0.848800
2023-06-30,1527.2222000000,1519.1369060000,1535.2985103400,1515.0762916800,2045869,3472586730.4900,0.162900,0.189600
2023-07-03,1526.3238340000,1548.8728206000,1549.9328924800,1520.0352720000,1913909,3286737792.2800,0.152400,1.957400
2023-07-04,1548.9626572000,1554.7121996000,1558.1619250400,1543.4646572800,1247238,2155553634.6600,0.099300,0.377000
2023-07-05,1554.1731800000,1541.0390690800,1555.9429610200,1527.2222000000,1474539,2523960724.5100,0.117400,-0.879500
2023-07-06,1535.4512325600,1529.8993306800,1556.8682780000,1527.2222000000,1514062,2589459002.0500,0.120500,-0.722900
2023-07-07,1528.1205660000,1518.2654909800,1535.2985103400,1518.2385400000,1516742,2571458552.9600,0.120700,-0.760400
2023-07-10,1531.7140300000,1528.0307294000,1540.6617553600,1527.2222000000,1347741,2298241728.0300,0.107300,0.643200
2023-07-11,1536.2058600000,1536.2058600000,1540.8504122200,1529.1087686000,1258270,2151079269.9100,0.100200,0.535000
2023-07-12,1538.9368926400,1539.6196508000,1547.8846180000,1537.4006867800,1328467,2280785350.6200,0.105800,0.222200
2023-07-13,1546.9772683400,1561.7194544000,1568.0170000600,1544.3001376600,2580654,4479772500.3600,0.205400,1.435400
2023-07-14,1577.5306960000,1574.8355980000,1579.7766110000,1564.2348792000,1855030,3245530255.3300,0.147700,0.839900
2023-07-17,1573.0388660000,1554.1462290200,1573.0388660000,1551.1187356000,1433648,2482069845.8500,0.114100,-1.313700
2023-07-18,1557.3893302800,1547.7049448000,1558.2248106600,1546.0878860000,1473765,2544005062.8800,0.117300,-0.414500
2023-07-19,1540.7066736600,1547.8846180000,1552.3764480000,1539.6196508000,1248322,2147704434.6900,0.099400,0.011600
2023-07-20,1552.3674643400,1548.7829840000,1571.2241666800,1546.9862520000,1669265,2897176490.4100,0.132900,0.058000
2023-07-21,1555.8621080800,1591.2756958000,1592.3537350000,1550.5797160000,3937740,6931535725.8300,0.313500,2.743600
2023-07-24,1572.6076503200,1591.1409409000,1591.1409409000,1572.6076503200,1971337,3476648177.4400,0.156900,-0.008500
2023-07-25,1617.0588000000,1642.7071493000,1643.0036100800,1617.0498163400,4308646,7837450018.6600,0.343000,3.240800
2023-07-26,1642.7071493000,1642.7071493000,1649.3909923400,1630.6061592800,1961145,3580171484.2900,0.156100,0.000000
2023-07-27,1649.3999760000,1651.2236589800,1666.2802731400,1642.8419042000,2034043,3749635290.0900,0.161900,0.518400
2023-07-28,1645.8065120000,1704.2003020000,1706.8954000000,1642.2220316600,3901792,7330314112.2400,0.310600,3.208300
2023-07-31,1714.0823280000,1689.4491322800,1738.3382100000,1683.5378840000,4537861,8615279839.3400,0.361200,-0.865600
2023-08-01,1687.1403316600,1697.0133740000,1713.1390437000,1687.0325277400,1923062,3635857283.1500,0.153100,0.447700
2023-08-02,1691.9825244000,1688.9280800000,1697.9117400000,1677.0696488000,1850872,3478674238.7200,0.147300,-0.476400
2023-08-03,1679.9444200000,1687.5535800200,1697.9117400000,1662.4262830000,2154347,4031087705.2100,0.171500,-0.081400
2023-08-04,1695.9533021200,1701.0290700200,1712.7527463200,1690.7248120000,2457364,4655813751.3300,0.195600,0.798500
2023-08-07,1689.7815277000,1696.0521223800,1705.0986680000,1680.8697369800,2389245,4491893139.8300,0.190200,-0.292600
2023-08-08,1688.9550309800,1697.9117400000,1701.2446778600,1674.6260932800,1773618,3333559504.8700,0.141200,0.109600
2023-08-09,1697.9117400000,1698.1632824800,1711.3872300000,1691.5872433600,1852346,3506306394.3100,0.147500,0.014800
2023-08-10,1690.7248120000,1684.4362500000,1697.0133740000,1673.0270018000,1843619,3454219139.5400,0.146800,-0.808300
2023-08-11,1693.4199100000,1647.6032440000,1693.7792564000,1647.4954400800,2678649,4959166750.5700,0.213200,-2.186700
2023-08-14,1626.0424600000,1619.7538980000,1639.4999826800,1613.4653360000,2373119,4285362052.5200,0.188900,-1.690300
2023-08-15,1625.1440940000,1628.7195906800,1633.2293880000,1617.9661496600,1481799,2682125118.6900,0.118000,0.553500
2023-08-16,1623.8684142800,1635.0261200000,1638.0356461000,1622.4489960000,1318431,2396261790.6400,0.105000,0.387200
2023-08-17,1622.5208652800,1642.2579663000,1647.6032440000,1618.4512673000,1729037,3141408018.0700,0.137600,0.442300
2023-08-18,1645.7975283400,1619.3855679400,1648.4926263400,1619.3855679400,1702334,3084761576.7700,0.135500,-1.392700
2023-08-21,1610.7702380000,1608.9735060000,1629.6269403400,1608.1380256200,1891181,3405415644.5200,0.150500,-0.643000
2023-08-22,1617.9481823400,1606.2784080000,1619.3586169600,1591.0241533200,2665036,4763131152.4500,0.212200,-0.167500
2023-08-23,1614.3637020000,1593.7012840000,1617.0588000000,1590.1796892800,1991222,3556178583.8200,0.158500,-0.783000
2023-08-24,1598.7501009200,1631.7021658000,1642.2130480000,1594.5996500000,2605509,4703417599.8500,0.207400,2.384400
2023-08-25,1624.9554371400,1639.4999826800,1650.9900838200,1622.4579796600,1883086,3433296756.2900,0.149900,0.477900
2023-08-28,1705.6197202800,1648.4746590200,1705.6197202800,1645.6987080800,4105213,7633221011.5000,0.326800,0.547400
2023-08-29,1642.2130480000,1663.1719267800,1679.1179232800,1642.2130480000,2895028,5371260173.3300,0.230500,0.891600
2023-08-30,1678.0578514000,1667.3672960000,1678.1476880000,1656.2814595600,1981181,3672570259.6800,0.157700,0.252300
2023-08-31,1670.9607600000,1659.2820020000,1670.9607600000,1653.9007896600,1482022,2738445519.0900,0.118000,-0.484900
2023-09-01,1664.5194757800,1662.9203843000,1675.8748220200,1658.4105869800,1314519,2438622738.3800,0.104600,0.219300
2023-09-04,1673.2965116000,1676.3509560000,1688.8741780400,1665.1483319800,2387100,4453823216.3800,0.190000,0.807600
2023-09-05,1678.1476880000,1669.7928842000,1678.1476880000,1668.0859888000,1565874,2915625960.9600,0.124700,-0.391200
2023-09-06,1669.1640280000,1671.8591260000,1676.9438775600,1661.0877176600,1112143,2067605990.0000,0.088500,0.123700
2023-09-07,1664.3128516000,1651.1967080000,1668.1668417400,1645.0788355400,1698157,3128587115.7200,0.135200,-1.235900
2023-09-08,1648.4477080400,1633.6785710000,1648.4477080400,1630.4893717000,1221178,2224338143.8500,0.097200,-1.060900
2023-09-11,1624.2457280000,1636.9755742200,1652.9934400000,1624.2457280000,1592600,2902617736.3700,0.126800,0.201800
2023-09-12,1640.9553356000,1634.9901853600,1641.2967146800,1631.4506233200,1216801,2214514112.2200,0.096900,-0.121300
2023-09-13,1643.9379107200,1634.9452670600,1643.9379107200,1617.1037183000,1950143,3540583633.3600,0.155200,-0.002700
2023-09-14,1637.2989859800,1633.8492605400,1641.2967146800,1622.4489960000,1750459,3180447848.4400,0.139300,-0.067000
2023-09-15,1634.1277540000,1600.8792283400,1634.8284794800,1600.2593558000,2843146,5105749077.0900,0.226300,-2.017900
2023-09-18,1595.7765094600,1643.2910872000,1643.5605970000,1592.8029180000,3255892,5905120999.6600,0.259200,2.649300
2023-09-19,1637.0025252000,1641.2607800400,1643.1114140000,1624.2457280000,1498950,2727858952.9500,0.119300,-0.123600
2023-09-20,1636.8228520000,1638.6195840000,1644.0097800000,1633.2743063000,1250178,2281583949.3500,0.099500,-0.160900
2023-09-21,1633.2383716600,1615.6124307400,1636.8228520000,1615.6124307400,1948919,3521486754.5200,0.155100,-1.404100
2023-09-22,1622.1166005800,1661.0787340000,1661.9411653600,1610.2402020600,3439046,6287832574.8300,0.273800,2.814200
2023-09-25,1659.7311850000,1646.1478910800,1660.1803680000,1640.9463519400,1397913,2565773541.0400,0.111300,-0.898900
2023-09-26,1642.2130480000,1631.4326560000,1648.3938060800,1628.8273946000,1576196,2870852363.4700,0.125500,-0.893900
2023-09-27,1630.5342900000,1629.6359240000,1647.1540610000,1619.5742248000,2087994,3791876118.5000,0.166200,-0.110100
2023-09-28,1639.4999826800,1615.7561693000,1639.4999826800,1615.0823948000,2053784,3704812959.8400,0.163500,-0.851700
2023-10-09,1614.3098000400,1596.3963820000,1614.3098000400,1585.5261534000,2976268,5279950405.9700,0.236900,-1.198200
2023-10-10,1601.6877577400,1590.1078200000,1616.1424666800,1588.3110880000,2028392,3615557182.2300,0.161500,-0.393900
2023-10-11,1603.2688819000,1597.7439310000,1603.2688819000,1588.3110880000,2194486,3896568648.2600,0.174700,0.480200
2023-10-12,1615.1722314000,1604.4816760000,1615.4686921800,1596.5760552000,1486507,2657095942.1600,0.118300,0.421700
2023-10-13,1590.8983820800,1573.0388660000,1597.3037316600,1561.5307975400,2502788,4387687934.1000,0.199200,-1.959700
2023-10-16,1573.0208986800,1554.0833434000,1577.5306960000,1547.3905167000,2078965,3603604610.3900,0.165500,-1.205000
2023-10-17,1562.2584740000,1550.5797160000,1562.6537550400,1541.5960560000,1494523,2577312288.0100,0.119000,-0.225400
2023-10-18,1544.1114808000,1552.3764480000,1564.9535720000,1542.6561278800,2031750,3511987514.2000,0.161700,0.115900
2023-10-19,1527.2222000000,1464.3365800000,1527.2491509800,1460.7700669800,7349237,12146921769.3400,0.585000,-5.671300
2023-10-20,1464.3365800000,1477.8120700000,1486.7957300000,1451.9840475000,4537601,7421390806.3800,0.361200,0.920200
2023-10-23,1464.3096290200,1476.8957366800,1491.2875600000,1456.7903056000,2523423,4138279588.3500,0.200900,-0.062000
2023-10-24,1480.5071680000,1475.9704197000,1485.3224097600,1456.4399428600,2986146,4894807616.6800,0.237700,-0.062700
2023-10-25,1500.3700402600,1507.0089650000,1525.4254680000,1497.5940893200,3617898,6075417064.2100,0.288000,2.102900
2023-10-26,1497.5761220000,1502.2745761800,1516.4418080000,1493.0932756600,2238635,3741418873.6700,0.178200,-0.314200
2023-10-27,1494.8810240000,1506.2992558600,1519.9274680800,1491.8265796000,3426239,5754795486.1100,0.272700,0.267900
2023-10-30,1499.3728540000,1510.1532460000,1517.2323700800,1499.3728540000,2408642,4050573178.4000,0.191700,0.255900
2023-10-31,1509.2548800000,1513.3693962800,1518.2385400000,1498.3397331000,1985877,3335804698.6500,0.158100,0.213000
2023-11-01,1661.9771000000,1599.9808623400,1661.9771000000,1593.5126271400,9314308,16747292689.4000,0.741500,5.723100
2023-11-02,1612.5669700000,1598.6422970000,1612.5669700000,1595.5519179600,2790764,4982090752.5800,0.222200,-0.083700
2023-11-03,1599.0914800000,1627.1564338400,1630.4354697400,1593.7012840000,3017600,5433116880.7200,0.240200,1.783600
2023-11-06,1635.0261200000,1627.8391920000,1638.4309271400,1618.0649699200,2552392,4624102375.0900,0.203200,0.042000
2023-11-07,1621.5506300000,1609.1262282200,1626.0424600000,1602.7568132800,1958159,3511590028.4100,0.155900,-1.149600
2023-11-08,1602.7298623000,1615.5675124400,1620.4725908000,1601.6697904200,1454567,2610041958.5000,0.115800,0.400300
2023-11-09,1608.1739602600,1611.7674242600,1616.1604340000,1601.7865780000,1280048,2291996819.2800,0.101900,-0.235200
2023-11-10,1599.5855813000,1595.3542774400,1606.2784080000,1592.8927546000,1646557,2928380667.6600,0.131100,-1.018300
2023-11-13,1592.1560944800,1584.7176240000,1603.4755060800,1578.4110946800,1836995,3244573620.5700,0.146200,-0.666700
2023-11-14,1584.7176240000,1585.8585488200,1594.5906663400,1581.1331436600,1281675,2263963956.5800,0.102000,0.072000
2023-11-15,1598.1931140000,1592.7400323800,1601.6877577400,1587.4127220000,1843486,3271230274.5200,0.146800,0.433900
2023-11-16,1593.7012840000,1581.1690783000,1595.4980160000,1581.1690783000,1255757,2215937272.6400,0.100000,-0.726500
2023-11-17,1573.9372320000,1575.2129117200,1580.2257940000,1561.2702714000,2171363,3793781119.2400,0.172900,-0.376700
2023-11-20,1576.6323300000,1583.3700750000,1589.6586370000,1560.1562975600,1860804,3265514009.9600,0.148100,0.517800
2023-11-21,1602.1638917200,1608.0751400000,1615.2620680000,1590.1976566000,3009845,5383107809.5500,0.239600,1.560300
2023-11-22,1602.0560878000,1600.4480126600,1611.9830321000,1599.5765976400,1266457,2263460167.1500,0.100800,-0.474300
2023-11-23,1597.5642578000,1604.4816760000,1606.2784080000,1591.0061860000,1154964,2055272192.8000,0.091900,0.252000
2023-11-24,1607.1767740000,1596.3963820000,1607.1767740000,1594.5996500000,1308540,2329345658.1000,0.104200,-0.503900
2023-11-27,1593.0724278000,1583.8192580000,1593.0724278000,1576.6323300000,1626074,2865075216.8100,0.129400,-0.787800
2023-11-28,1582.0225260000,1589.2453886400,1593.5934800800,1579.3274280000,1451976,2562905659.3300,0.115600,0.342600
2023-11-29,1588.3110880000,1594.3391238600,1595.4980160000,1579.3274280000,1714933,3034175613.9400,0.136500,0.320500
2023-11-30,1596.1448395200,1609.4226890000,1612.3513621600,1591.0780552800,2135342,3817513544.9500,0.170000,0.946100
2023-12-01,1607.4552674600,1581.3757024800,1607.8056302000,1570.3437680000,3305131,5830850111.1200,0.263100,-1.742700
2023-12-04,1581.3757024800,1572.7783398600,1582.7681697800,1567.9002124800,1844047,3233102118.3700,0.146800,-0.543700
2023-12-05,1571.0444934800,1535.3074940000,1571.1343300800,1534.4270953200,2990301,5168983316.9000,0.238000,-2.382500
2023-12-06,1529.5849025800,1529.9172980000,1544.7133860200,1528.2373535800,2385129,4078003021.8000,0.189900,-0.351100
2023-12-07,1530.8156640000,1527.2222000000,1535.3793632800,1515.8129518000,2504150,4249170905.9400,0.199300,-0.176200
2023-12-08,1527.2222000000,1531.6421607200,1535.1637554400,1520.2329125200,2628801,4474160126.2900,0.209300,0.289400
2023-12-11,1518.2385400000,1525.4254680000,1530.8156640000,1488.5924620000,3683098,6172810248.1300,0.293200,-0.405900
2023-12-12,1516.0824616000,1536.1968763400,1536.1968763400,1512.8483440000,2101066,3564305866.1400,0.167300,0.706100
2023-12-13,1531.9116705200,1491.2875600000,1532.3608535200,1488.6643312800,3878870,6480807499.5700,0.308800,-2.923400
2023-12-14,1496.6418213600,1469.6369394000,1500.1544324200,1468.8463773200,4067215,6703240106.6200,0.323800,-1.451800
2023-12-15,1480.7137921800,1477.8120700000,1507.2515238200,1476.9226876600,3709251,6140791726.4500,0.295300,0.556300
2023-12-18,1473.3202400000,1493.0842920000,1494.2791187800,1468.8284100000,1989734,3292194756.9000,0.158400,1.033400
2023-12-19,1495.7793900000,1504.7630500000,1509.1380924200,1477.8929229400,2220676,3706057587.1700,0.176800,0.782200
2023-12-20,1506.6809720000,1499.2202658600,1508.4984400000,1493.0499620000,2309203,3816133219.4600,0.183800,-0.368400
2023-12-21,1490.3328473400,1517.5857800000,1519.6940428800,1490.3328473400,2901168,4827827888.4400,0.230900,1.225000
2023-12-22,1517.3131598000,1518.1764571000,1525.8552594000,1506.6900593400,2166684,3613238325.1400,0.172500,0.038900
2023-12-25,1518.4945140000,1519.4032480000,1525.4008924000,1515.7683120000,1247106,2086014389.7800,0.099300,0.080800
2023-12-26,1519.8576150000,1517.5857800000,1522.0385766000,1506.2266050000,1477126,2457177339.1000,0.117600,-0.119600
2023-12-27,1515.7683120000,1514.9141020400,1524.0832281000,1509.4071740000,1605550,2679221364.5200,0.127800,-0.176000
2023-12-28,1518.4854266600,1567.5570626600,1570.2832646600,1514.9141020400,3833806,6537401379.7700,0.305200,3.475000
2023-12-29,1563.0224800000,1568.4748840000,1589.9028317200,1563.0224800000,2753868,4768857531.4600,0.219200,0.058600
2024-01-02,1558.4788100000,1531.2258773400,1561.3776714600,1524.9465254000,3215644,5440082548.0800,0.256000,-2.374900
2024-01-03,1527.6818147400,1539.3953960000,1540.5040514800,1523.3380662200,2022929,3411400667.3300,0.161000,0.533500
2024-01-04,1538.4866620000,1516.6770460000,1538.4866620000,1511.1610306200,2155107,3603970147.1300,0.171600,-1.475800
2024-01-05,1509.7070562200,1511.5517862400,1525.4554164400,1501.3285287400,2024286,3373155626.7000,0.161100,-0.337900
2024-01-08,1509.4071740000,1493.9496086600,1510.3159080000,1490.3328473400,2558620,4211918629.1400,0.203700,-1.164500
2024-01-09,1491.2415813400,1491.2324940000,1501.5193628800,1485.8437013800,2441204,4009826495.9800,0.194300,-0.181900
2024-01-10,1491.3233674000,1491.6868610000,1508.0077236400,1488.5062920000,1735067,2856120717.9500,0.138100,0.030500
2024-01-11,1490.4146334000,1496.2941423800,1506.6264479600,1488.5608160400,1644055,2708764500.3700,0.130900,0.308900
2024-01-12,1490.2964979800,1493.1044860400,1500.5561048400,1489.7785196000,1160324,1908084612.3900,0.092400,-0.213200
2024-01-15,1485.7800900000,1490.3237600000,1503.9275079800,1485.2802863000,1785403,2931202342.5900,0.142100,-0.186200
2024-01-16,1488.9606590000,1489.8057816200,1496.6848980000,1476.6382259600,2590314,4236042959.7900,0.206200,-0.034800
2024-01-17,1481.2364200000,1433.0735180000,1486.2162823200,1433.0735180000,5163276,8251735591.3900,0.411000,-3.808000
2024-01-18,1430.3473160000,1463.8523385800,1465.6061952000,1413.5811737000,6043981,9566349513.7400,0.481100,2.147700
2024-01-19,1462.0348705800,1485.7800900000,1488.5153793400,1454.7740859200,4637843,7550144389.1500,0.369200,1.497900
2024-01-22,1480.3276860000,1492.1412280000,1493.0499620000,1471.1312979200,4694589,7678297835.8100,0.373700,0.428100
2024-01-23,1483.0629753400,1471.2403460000,1490.2783233000,1462.1530060000,3483490,5659457114.7400,0.277300,-1.400700
2024-01-24,1480.3276860000,1477.6014840000,1484.7259585600,1457.2094930400,3321635,5373603703.0100,0.264400,0.432400
2024-01-25,1478.3466458800,1488.5062920000,1491.2324940000,1473.9665480000,3120580,5094508164.9200,0.248400,0.738000
2024-01-26,1481.5635642400,1487.8883528800,1494.0495694000,1474.8752820000,2695475,4402111882.2900,0.214600,-0.041500
2024-01-29,1490.5963802000,1499.4111000000,1509.0255057200,1490.5872928600,3142068,5189014946.0700,0.250100,0.774400
2024-01-30,1499.3929253200,1465.7879420000,1499.3929253200,1463.0617400000,3086633,5010784454.2400,0.245700,-2.242400
2024-01-31,1465.7879420000,1458.4362839400,1472.1218179800,1452.2750674200,2964912,4770104890.5900,0.236000,-0.501500
2024-02-01,1458.9724370000,1463.0890020200,1475.6840552600,1454.8831340000,2648515,4272298575.7600,0.210800,0.319000
2024-02-02,1467.6054100000,1450.3394640000,1479.2190305200,1436.7084540000,3938202,6336691193.6600,0.313500,-0.871400
2024-02-05,1450.3394640000,1481.2455073400,1487.9974009600,1449.6579135000,5313036,8590683070.9800,0.422900,2.131000
2024-02-06,1481.2455073400,1523.0381840000,1531.6529823200,1477.6923574000,5247204,8740646588.3800,0.417700,2.821500
2024-02-07,1527.6091160200,1554.8347866600,1558.1062290600,1509.9615017400,5260107,8899606866.7100,0.418700,2.087700
2024-02-08,1563.0315673400,1550.3002040000,1567.5661500000,1531.2167900000,4675654,7953438044.0100,0.372200,-0.291600
2024-02-19,1579.2615565800,1540.6948856200,1579.3160806200,1533.9429920000,3697744,6288277979.6200,0.294400,-0.619600
2024-02-20,1542.4487422400,1517.5857800000,1542.4487422400,1505.3723950400,3447007,5755266893.4600,0.274400,-1.499900
2024-02-21,1513.9690186800,1560.8960424400,1573.0185540000,1510.3159080000,4615407,7868784081.7000,0.367400,2.853900
2024-02-22,1551.6633050000,1561.5503309200,1565.7577693400,1545.3294290200,2279361,3905984694.8400,0.181400,0.041900
2024-02-23,1554.9438347400,1557.6518620600,1567.0027349200,1544.8659746800,2730589,4670706949.8900,0.217400,-0.249700
2024-02-26,1552.1176720000,1540.2859553200,1552.7901351600,1531.2349646800,2731832,4625594409.3900,0.217500,-1.114900
2024-02-27,1529.3993220000,1535.3060930000,1538.4139632800,1524.8556520000,2207985,3718478357.6300,0.175800,-0.323300
2024-02-28,1534.7790272800,1528.0816577000,1541.7308423800,1521.2298033400,3186731,5371312846.9600,0.253700,-0.470600
2024-02-29,1528.0816577000,1540.3041300000,1541.6672310000,1525.9461328000,2475833,4184917973.1200,0.197100,0.799900
2024-03-01,1535.7604600000,1531.2713140400,1540.2768679800,1523.6561231200,2686796,4526845398.1500,0.213900,-0.586400
2024-03-04,1525.7643860000,1523.3108042000,1527.5727666600,1517.6312167000,2648477,4434401015.2500,0.210800,-0.519900
2024-03-05,1518.3218545400,1540.3950034000,1542.1215980000,1514.5687831200,3623837,6102136582.1200,0.288500,1.121500
2024-03-06,1536.6691940000,1527.1729237000,1540.3041300000,1524.8738266800,2214248,3725582802.2300,0.176300,-0.858400
2024-03-07,1526.6731200000,1529.9718244200,1535.5787132000,1524.8556520000,2159912,3633934773.8600,0.171900,0.183300
2024-03-08,1527.1820110400,1518.8852696200,1532.7434631200,1517.6312167000,2215623,3710678521.7300,0.176400,-0.724600
2024-03-11,1522.1294500000,1539.8406756600,1543.8300179200,1520.4755541200,2989509,5048394347.3700,0.238000,1.379700
2024-03-12,1539.3408719600,1585.7408300000,1589.4666394000,1536.2148270000,5422654,9393309052.2000,0.431700,2.980800
2024-03-13,1581.1698979800,1569.7925483000,1588.4670320000,1563.1133534000,2649954,4588879420.4700,0.211000,-1.005700
2024-03-14,1562.1137460000,1559.9600464200,1576.5080925600,1555.2982410000,1940479,3338768307.9000,0.154500,-0.626400
2024-03-15,1556.2069750000,1560.7415576600,1574.2907816000,1555.7526080000,1783358,3066692399.0500,0.142000,0.050100
2024-03-18,1558.4788100000,1552.3539428400,1562.8861699000,1543.9390660000,2605501,4446059129.6100,0.207400,-0.537400
2024-03-19,1547.5740020000,1552.1358466800,1562.9679559600,1538.5866227400,2394753,4093701260.6800,0.190600,-0.014000
2024-03-20,1547.9011462400,1553.5716464000,1557.2792811200,1545.0568088200,1524925,2604543856.3700,0.121400,0.092500
2024-03-21,1552.2085454000,1553.0264060000,1562.1137460000,1548.9371030000,1659597,2839332631.3500,0.132100,-0.035100
2024-03-22,1549.4187320200,1546.0745909000,1553.0173186600,1533.9429920000,2545614,4318592818.2200,0.202600,-0.447600
2024-03-25,1543.5210483600,1534.8608133400,1543.7300571800,1527.2001857200,2447285,4131446236.9500,0.194800,-0.725300
2024-03-26,1533.4522756400,1553.2899388600,1556.4795952000,1533.4522756400,2806907,4782899074.3400,0.223400,1.200700
2024-03-27,1549.3914700000,1545.7565340000,1555.7526080000,1543.9390660000,1811258,3087792980.3900,0.144200,-0.485000
2024-03-28,1540.3041300000,1546.3381237600,1561.2050120000,1538.6684088000,2464218,4201857059.1800,0.196200,0.037600
2024-03-29,1546.3381237600,1547.4831286000,1554.8347866600,1543.1212054000,1345655,2290584417.1200,0.107100,0.074000
2024-04-01,1553.9260526600,1564.2310962200,1575.7447560000,1552.7537858000,2713137,4679371034.9500,0.216000,1.082300
2024-04-02,1564.8399480000,1557.5609886600,1567.5570626600,1549.4369067000,2544925,4360973684.1100,0.202600,-0.426400
2024-04-03,1575.7447560000,1558.5787707400,1580.6882689600,1553.9533146800,2904580,5002390041.8300,0.231200,0.065300
2024-04-08,1540.3041300000,1514.5506084400,1541.2128640000,1510.8611484000,5916659,9907355766.2800,0.471000,-2.824900
2024-04-09,1509.1072917800,1510.5158294800,1520.3119820000,1507.0899023000,2558982,4256226332.6000,0.203700,-0.266400
2024-04-10,1510.5612661800,1497.5754573200,1513.0330226600,1494.8674300000,2763050,4562853879.7200,0.220000,-0.856700
2024-04-11,1490.4237207400,1497.5936320000,1499.4111000000,1485.4983824600,2276624,3736417594.6500,0.181200,0.001200
2024-04-12,1500.3198340000,1484.8986180200,1512.1333760000,1484.8986180200,2674433,4403968129.4500,0.212900,-0.847700
2024-04-15,1485.7891773400,1520.2938073200,1522.6837777400,1485.7619153200,3581771,5960815531.8000,0.285100,2.383700
2024-04-16,1513.4873896600,1517.5857800000,1526.2732770400,1507.5897060000,2626623,4382796962.2600,0.209100,-0.178100
2024-04-17,1515.7683120000,1514.8595780000,1522.3111968000,1506.6809720000,2481911,4130322017.8100,0.197600,-0.179600
2024-04-18,1507.5987933400,1518.2945925200,1529.3811473200,1506.8445441200,2656841,4445487745.1500,0.211500,0.226800
2024-04-19,1509.2072525200,1496.3577537600,1516.2226790000,1491.4869395200,2349992,3879233241.8200,0.187100,-1.444800
2024-04-22,1503.0460360000,1522.1839740400,1525.6553379200,1494.8674300000,2995139,5001684634.6500,0.238400,1.725900
2024-04-23,1522.1294500000,1537.8323735200,1540.3041300000,1522.1294500000,2497995,4217855278.9600,0.198900,1.028000
2024-04-24,1542.1034233200,1539.0319024000,1544.7660139400,1529.6992042200,1708643,2893555635.0000,0.136000,0.078000
2024-04-25,1536.0603422200,1538.5230113600,1540.8493704000,1528.7177715000,1447648,2447183878.8400,0.115200,-0.033100
2024-04-26,1539.3953960000,1553.4171616200,1557.5700760000,1539.3772213200,3099592,5290248521.3500,0.246700,0.968100
2024-04-29,1542.0761613000,1548.4827360000,1570.2923520000,1539.2318238800,4133223,7072096590.1200,0.329000,-0.317600
2024-04-30,1549.4005573400,1549.3914700000,1572.0007719200,1549.3914700000,3075989,5273902374.3400,0.244900,0.058700
2024-05-06,1575.7174939800,1599.5535868000,1603.9155100000,1569.3836180000,5990949,10504351711.5100,0.476900,3.237500
2024-05-07,1604.6334098600,1608.4591800000,1615.5473052000,1596.3548431200,2492452,4413196426.0200,0.198400,0.556800
2024-05-08,1608.1774724600,1602.9795139800,1608.4319179800,1595.4370217800,1476909,2603293863.2300,0.117600,-0.340700
2024-05-09,1597.5543720000,1595.7369040000,1603.8973353200,1590.2845000000,2238734,3929804849.3600,0.178200,-0.451800
2024-05-10,1600.3714474000,1580.2702513200,1606.5326639200,1575.7356686600,2620661,4571398242.2500,0.208600,-0.969200
2024-05-13,1573.9454626800,1550.3002040000,1574.5270524400,1545.9564554800,3766212,6435415673.6000,0.299800,-1.896500
2024-05-14,1550.2911166600,1546.6470933200,1556.9067001800,1544.8568873400,2127417,3623282672.0700,0.169400,-0.235600
2024-05-15,1547.1923337200,1544.8478000000,1552.1176720000,1543.5664850600,1573876,2677203002.2700,0.125300,-0.116300
2024-05-16,1549.3914700000,1548.9371030000,1553.8260919200,1535.7604600000,2967954,5048754768.5600,0.236300,0.264700
2024-05-17,1544.8568873400,1558.4788100000,1559.9146097200,1544.8478000000,2892388,4936920634.1700,0.230200,0.616000
2024-05-20,1561.1959246600,1553.0264060000,1574.8269346600,1552.2176327400,3142572,5401389334.8700,0.250200,-0.349900
2024-05-21,1552.1176720000,1549.3914700000,1553.6897818200,1543.1757294400,1629339,2776847499.0000,0.129700,-0.234100
2024-05-22,1547.5740020000,1542.7667991400,1553.8987906400,1536.6691940000,2028568,3443977766.9600,0.161500,-0.427600
2024-05-23,1544.8478000000,1537.5870153400,1550.6455229200,1535.8331587200,1888497,3199923320.0800,0.150300,-0.335700
2024-05-24,1538.4866620000,1524.0196167200,1540.3041300000,1523.9469180000,2021663,3401323914.9500,0.160900,-0.882400
2024-05-27,1524.8556520000,1517.6948280800,1533.4431883000,1515.7773993400,2509791,4199001866.3400,0.199800,-0.415000
2024-05-28,1517.9492736000,1512.7149657600,1522.2839347800,1511.2246420000,2352087,3923020375.1400,0.187200,-0.328100
2024-05-29,1513.9508440000,1521.2207160000,1526.6731200000,1513.0421100000,1965128,3289173344.7000,0.156400,0.562300
2024-05-30,1522.1294500000,1498.5023660000,1522.4747689200,1498.5023660000,3220792,5333306808.3600,0.256400,-1.493400
2024-05-31,1499.8654670000,1498.0025623000,1511.6790090000,1498.0025623000,2185665,3617654788.0200,0.174000,-0.033400
2024-06-03,1499.4111000000,1489.7694322600,1500.2471352800,1485.8800507400,3026105,4966041477.4400,0.240900,-0.549600
2024-06-04,1490.7781270000,1502.3190488000,1504.8635040000,1487.1886277000,2084108,3432497302.9800,0.165900,0.842400
2024-06-05,1501.2285680000,1493.9586960000,1507.2989111200,1493.0772240200,1905557,3140824328.0400,0.151700,-0.556500
2024-06-06,1493.6497264400,1490.1511005400,1501.2194806600,1486.6070379400,2561005,4205700983.2300,0.203900,-0.254900
2024-06-07,1495.8942994200,1471.4039181200,1495.9397361200,1471.2494333400,3352455,5453120695.4600,0.266900,-1.258100
2024-06-11,1456.6915146600,1425.8036460000,1458.5180700000,1423.9861780000,7024676,11090577610.0600,0.559200,-3.099100
2024-06-12,1426.7123800000,1428.2390531200,1444.8870600000,1426.7123800000,3317050,5230086503.4400,0.264100,0.170800
2024-06-13,1432.8645091800,1413.0904573400,1432.9735572600,1411.4002121000,3618597,5654938942.0600,0.288100,-1.060600
2024-06-14,1413.0813700000,1413.0813700000,1421.2236266400,1381.6936976400,5951416,9177637168.0600,0.473800,-0.000600
2024-06-17,1392.4440208600,1400.8134610000,1407.4199571800,1373.1061613400,4831816,7400883242.8700,0.384600,-0.868200
2024-06-18,1391.1717932600,1382.6387810000,1412.6633523600,1378.2586831200,4125825,6317590942.7100,0.328400,-1.297400
2024-06-19,1389.4741064100,1392.2660590000,1395.0487360000,1374.7351939000,4126153,6167728415.7500,0.328500,0.696400
2024-06-20,1391.3385000000,1391.4312559000,1406.1887195900,1389.4833820000,2471068,3715924984.0700,0.196700,-0.060000
2024-06-21,1391.8022795000,1364.4392890000,1395.9577438200,1363.7157929800,4331997,6418543742.2100,0.344800,-1.939900
2024-06-24,1319.9164570000,1369.5872414500,1381.1260754100,1311.5777015900,6383993,9319362390.1300,0.508200,0.377300
2024-06-25,1370.0046430000,1378.9555873500,1394.1119014100,1370.0046430000,4209795,6273919386.3000,0.335100,0.684000
2024-06-26,1372.7873200000,1381.3394139800,1392.3309881300,1370.7466902000,2956977,4414601922.2500,0.235400,0.172900
2024-06-27,1383.9180280000,1382.5174139100,1385.7453192300,1361.6566120000,3282178,4857959457.2400,0.261300,0.085300
2024-06-28,1372.7873200000,1361.0908010100,1386.2276499100,1357.9463760000,3858202,5699649046.8600,0.307100,-1.549800
2024-07-01,1362.4728639200,1336.0374324200,1366.2851314100,1324.5542520000,3216138,4636689118.2000,0.256000,-1.840700
2024-07-02,1329.1920470000,1382.7122013000,1389.4833820000,1329.1920470000,5185298,7659166816.2300,0.412800,3.493500
2024-07-03,1390.4109410000,1391.3385000000,1403.4060425900,1380.2263431800,3157326,4740808130.0800,0.251300,0.623900
2024-07-04,1395.9762950000,1378.1115086600,1402.4692080000,1373.8354616700,2437973,3637968895.2400,0.194100,-0.950700
2024-07-05,1371.8597610000,1347.7432270000,1385.0125476200,1344.9605500000,3882938,5664477336.4700,0.309100,-2.203600
2024-07-08,1338.4676370000,1317.1337800000,1352.1676834300,1316.3360792600,3952705,5657951348.4100,0.314700,-2.271200
2024-07-09,1317.1337800000,1333.8576687700,1349.4963135100,1307.9509459000,3362071,4807957927.3600,0.267600,1.269700
2024-07-10,1334.9892907500,1333.4495428100,1359.6901869200,1331.0471650000,2376322,3436693365.4500,0.189200,-0.030600
2024-07-11,1344.9327232300,1356.1747383100,1362.5841710000,1335.8797473900,2902014,4236960596.1700,0.231000,1.704200
2024-07-12,1366.3036825900,1371.6928003800,1378.7236976000,1359.2913365500,2338634,3451132647.9900,0.186200,1.144300
2024-07-15,1363.5117300000,1368.0567691000,1380.2077920000,1363.5117300000,1917626,2835374730.1200,0.152700,-0.265100
2024-07-16,1369.0770840000,1369.0770840000,1374.6424380000,1358.9203129500,2031644,2998367128.3300,0.161700,0.074600
2024-07-17,1369.1698399000,1392.6370826000,1394.1211770000,1363.5302811800,3431101,5115680654.1900,0.273100,1.720900
2024-07-18,1390.8747205000,1389.0288780900,1405.2518850000,1384.4096342700,2887039,4337214600.9400,0.229800,-0.259100
2024-07-19,1382.8142327900,1415.1025615800,1418.4046716200,1376.5068315900,3894291,5888615144.7900,0.310000,1.877100
2024-07-22,1414.5553017700,1390.4109410000,1419.1467188200,1383.5933823500,2854321,4300813309.9700,0.227200,-1.744900
2024-07-23,1390.4109410000,1349.5983450000,1392.2660590000,1349.5983450000,3094396,4555460197.6300,0.246300,-2.935300
2024-07-24,1345.1460618000,1335.7035111800,1357.6681083000,1331.0471650000,2412255,3490200972.8000,0.192000,-1.029600
2024-07-25,1335.7035111800,1326.8638739100,1343.1054320000,1317.1430555900,2834656,4054086714.0500,0.225700,-0.661800
2024-07-26,1326.8638739100,1319.1651342100,1333.5701254800,1308.6929931000,3235379,4594928574.1000,0.257600,-0.580200
2024-07-29,1312.4959850000,1296.7460331800,1318.9796224100,1296.7274820000,3086907,4342610099.9700,0.245700,-1.699500
2024-07-30,1285.5782228200,1280.0221444100,1289.5574509300,1262.6860667000,5177904,7103491565.7900,0.412200,-1.289700
2024-07-31,1273.6312629000,1318.3210555200,1323.8771339300,1273.6312629000,4327232,6098149721.2500,0.344500,2.992100
2024-08-01,1315.2786620000,1285.7451834400,1317.1337800000,1284.3909473000,3203810,4470988088.0300,0.255000,-2.471000
2024-08-02,1274.0950424000,1285.0866165500,1295.7720962300,1274.0950424000,2192769,3041726371.6400,0.174600,-0.051200
2024-08-05,1288.2681439200,1307.8674655900,1322.6991340000,1285.1515456800,3773607,5327127146.6100,0.300400,1.772700
2024-08-06,1318.9888980000,1302.9421273000,1320.8440160000,1293.0265215900,2744433,3860735014.1700,0.218500,-0.376600
2024-08-07,1303.6841745000,1312.9597645000,1318.9796224100,1297.0057497000,2062221,2910580747.0400,0.164200,0.768800
2024-08-08,1308.7857490000,1327.0493857100,1343.2723926200,1306.9306310000,2513082,3592705429.8200,0.200100,1.073100
2024-08-09,1354.2639667700,1332.7167712000,1362.5841710000,1332.7167712000,3013849,4368705515.2800,0.239900,0.427100
2024-08-12,1326.4093700000,1332.0674799000,1338.4676370000,1323.2371182200,1363203,1956573437.9100,0.108500,-0.048700
2024-08-13,1329.1920470000,1319.9257325900,1331.0471650000,1309.7225835900,1630843,2317037755.6400,0.129800,-0.911500
2024-08-14,1319.9257325900,1310.9191347000,1321.6788191000,1309.7318591800,1341431,1898377426.4600,0.106800,-0.682400
2024-08-15,1303.2482217700,1323.5246615100,1331.9654484100,1302.2464580500,2303897,3275699572.4000,0.183400,0.961600
2024-08-16,1323.4319056100,1327.5224408000,1331.9005192800,1314.3603785900,1645470,2349825846.1000,0.131000,0.302100
2024-08-19,1328.2644880000,1322.1797009600,1353.1972739200,1321.7715750000,2043279,2942106435.2000,0.162700,-0.402500
2024-08-20,1326.3166141000,1319.6567404800,1326.3444408700,1311.5684260000,1859138,2644814343.5800,0.148000,-0.190800
2024-08-21,1317.1337800000,1314.8890872200,1324.5357008200,1313.1360007100,1509165,2144746551.0300,0.120100,-0.361300
2024-08-22,1313.4235440000,1307.9045679500,1317.1337800000,1298.5918755900,1952729,2750868072.6300,0.155400,-0.531200
2024-08-23,1306.0030720000,1312.4867094100,1320.3802365000,1304.2592610800,1532046,2166499201.6700,0.122000,0.350300
2024-08-26,1314.3511030000,1309.7133080000,1320.7141577400,1301.5044108500,1562841,2207595460.9200,0.124400,-0.211300
2024-08-27,1309.7133080000,1302.3577651300,1310.6408670000,1299.6121904900,1365740,1920770569.5500,0.108700,-0.561600
2024-08-28,1302.3577651300,1288.3794510000,1304.1479540000,1275.3936250000,3166351,4388025874.5700,0.252100,-1.073300
2024-08-29,1280.0314200000,1310.9191347000,1315.2786620000,1280.0314200000,2747161,3864270620.6200,0.218700,1.749500
2024-08-30,1310.6408670000,1338.6438732100,1352.4459511300,1303.2203950000,3873923,5576118648.8100,0.308400,2.114900
2024-09-02,1326.4093700000,1293.9448050000,1333.8298420000,1293.9448050000,3413459,4801049927.2000,0.271700,-3.339100
2024-09-03,1296.7274820000,1307.8581900000,1312.4774338200,1292.1082381800,1788760,2516125842.3200,0.142400,1.075300
2024-09-04,1300.4377180000,1298.5826000000,1316.3824572100,1298.3414346600,1421109,1995221417.2300,0.113100,-0.709200
2024-09-05,1299.0463795000,1303.1090879200,1305.0755130000,1295.7999230000,1450295,2033680838.8500,0.115500,0.348600
2024-09-06,1303.2203950000,1296.7274820000,1304.1479540000,1296.7274820000,1032104,1445537257.0900,0.082200,-0.489700
2024-09-09,1280.0406955900,1275.3936250000,1292.7482538900,1270.8300347200,2863755,3950086824.5200,0.228000,-1.645200
2024-09-10,1270.7743811800,1278.1763020000,1292.0896870000,1270.7743811800,1980284,2737295643.8400,0.157600,0.218200
2024-09-11,1275.9501604000,1280.0314200000,1285.4854669200,1266.1180350000,2099577,2892932793.6800,0.167100,0.145100
2024-09-12,1280.0314200000,1238.3469185400,1284.6692150000,1238.2077846900,4794831,6482445000.4000,0.381700,-3.256500
2024-09-13,1234.5810290000,1209.6575186700,1235.5085880000,1203.3222907000,5600511,7329376916.8500,0.445800,-2.316700
2024-09-18,1205.8267000000,1175.1244971000,1205.8359755900,1174.9018829400,4618531,5895948010.8200,0.367700,-2.854800
2024-09-19,1170.5794580000,1169.6518990000,1199.2224799200,1155.5808289700,5998821,7623739997.1600,0.477500,-0.465700
2024-09-20,1170.1156785000,1172.3603712800,1181.6174101000,1159.4765767700,3998184,5038507834.9400,0.318300,0.231600
2024-09-23,1176.1448120000,1170.1527808600,1199.7975665000,1169.3365289400,4554969,5809791682.2700,0.362600,-0.188300
2024-09-24,1191.9967953100,1273.1674834000,1273.5385070000,1173.4456153100,10041281,13297277523.0100,0.799300,8.803500
2024-09-25,1298.6289779500,1297.6550410000,1323.6266930000,1295.5309308900,7395380,10420109654.7500,0.588700,1.923400
2024-09-26,1298.5454976400,1418.2377110000,1419.0446873300,1294.8723640000,9727806,14269262657.3100,0.774400,9.292400
2024-09-27,1484.0944000000,1511.1791228000,1511.1791228000,1451.9637562400,8792167,14050260568.9400,0.699900,6.553300
2024-09-30,1569.4298280000,1621.3731320000,1632.3925329200,1532.3274680000,15729341,26982747037.2400,1.252100,7.291900
2024-10-08,1771.6376900000,1598.1841570000,1771.6376900000,1558.4660806200,19470947,35114075007.0400,1.550000,-1.430200
2024-10-09,1576.8503000000,1479.5957388500,1576.8503000000,1474.8188100000,12019684,19708432734.0000,0.956800,-7.420200
2024-10-10,1504.7418633400,1521.1967600000,1547.2426167200,1475.7463690000,7460342,12198964035.3500,0.593900,2.811600
2024-10-11,1498.3788086000,1488.7229194100,1521.1596576400,1474.8188100000,4191471,6764982707.4300,0.333700,-2.134800
2024-10-14,1496.1526670000,1485.9402424100,1503.2299421700,1466.6284640300,4481202,7181350821.9900,0.356700,-0.186900
2024-10-15,1483.1668410000,1441.6585757500,1485.0126834100,1440.5084025900,4357143,6884141868.6500,0.346900,-2.980000
2024-10-16,1429.2571119200,1412.2085775000,1437.5309382000,1400.6140900000,4666440,7140169692.2900,0.371500,-2.042800
2024-10-17,1425.6581830000,1386.3296814000,1426.2703719400,1385.2258861900,3945955,5964778957.8700,0.314100,-1.832500
2024-10-18,1384.8455870000,1429.3684190000,1454.2641025600,1371.8226586400,6861930,10418043491.5000,0.546200,3.104500
2024-10-21,1429.5632063900,1418.0521992000,1437.6886232300,1411.0120263900,4200790,6433918335.4100,0.334400,-0.791700
2024-10-22,1415.9744670400,1431.2235370000,1447.1590006200,1413.7854278000,3626913,5607826491.6400,0.288700,0.928800
2024-10-23,1432.2531274900,1453.9487325000,1462.7141650500,1421.0203880000,4008846,6259600035.0700,0.319100,1.587800
2024-10-24,1447.9195990000,1439.7570798000,1460.9054250000,1433.0879305900,2392280,3723973209.0800,0.190400,-0.976100
2024-10-25,1434.9337730000,1445.9253471500,1460.7106376100,1434.0154895900,2774508,4328271350.7300,0.220900,0.428400
2024-10-28,1446.9920400000,1451.6298350000,1451.6298350000,1411.9581365700,3912140,6064453667.7400,0.311400,0.394500
2024-10-29,1446.9920400000,1420.6679155800,1465.5432200000,1419.1652700000,4116578,6368105233.4700,0.327700,-2.132900
2024-10-30,1414.5274750000,1421.0203880000,1438.8202452100,1413.0526561900,3200574,4913175982.5000,0.254800,0.024800
2024-10-31,1421.1595218500,1417.1153646100,1428.4408600000,1409.8896800000,2995735,4575545180.0100,0.238500,-0.274800
2024-11-01,1410.8172390000,1422.6436162500,1433.1992376700,1410.6317272000,3228392,4954302212.4300,0.257000,0.390100
2024-11-04,1433.0137258700,1436.0468438000,1437.7164500000,1417.3658055400,2909292,4481761763.8900,0.231600,0.942100
2024-11-05,1428.4408600000,1462.7512674100,1463.4098343000,1424.7398995900,4564047,7134443463.8500,0.363300,1.859600
2024-11-06,1460.9054250000,1457.1951890000,1473.8819754100,1448.1236619800,3763143,5916917616.4500,0.299600,-0.379800
2024-11-07,1449.2738351400,1529.6746492600,1533.7188065000,1449.1254257000,7473872,12074951756.9900,0.595000,4.973900
2024-11-08,1540.5734675100,1493.3421632300,1546.3428844900,1485.0312345900,6077120,9885645907.1300,0.483800,-2.375200
2024-11-11,1474.8188100000,1482.2485575900,1493.3236120500,1453.6611892100,4385365,6957095385.2700,0.349100,-0.742900
2024-11-12,1473.8912510000,1462.9460548000,1505.4282570000,1459.9314880500,4922266,7844798676.3400,0.391800,-1.302200
2024-11-13,1454.4125120000,1464.1518815000,1471.7207629400,1448.1793155200,2912526,4594445032.4600,0.231900,0.082400
2024-11-14,1456.2676300000,1459.7923542000,1478.9464475500,1452.2327483500,2924814,4617144097.2000,0.232800,-0.297800
2024-11-15,1455.3400710000,1446.0644810000,1469.0679442000,1440.4991270000,3376112,5295326891.8500,0.268800,-0.940400
2024-11-18,1448.8471580000,1446.0644810000,1461.8237084100,1442.3542450000,2709219,4237197498.8000,0.215700,0.000000
2024-11-19,1451.6298350000,1430.2217732800,1455.6832678300,1414.5274750000,3326643,5138831154.7000,0.264800,-1.095600
2024-11-20,1431.2235370000,1432.9024187900,1441.3988592300,1420.3710967000,2134455,3292675256.9200,0.169900,0.187400
2024-11-21,1432.0305133300,1433.1992376700,1436.7796154100,1421.0203880000,1826179,2810933514.7200,0.145400,0.020700
2024-11-22,1429.5075528500,1398.5920113800,1435.6479934300,1398.5920113800,3343611,5107288992.2500,0.266200,-2.414700
2024-11-25,1401.5416490000,1390.0120906300,1421.0203880000,1388.2497285300,3318556,5011136233.9400,0.264200,-0.613500
2024-11-26,1390.0120906300,1399.6865310000,1408.8508139200,1381.0240439200,2574479,3876885983.6000,0.204900,0.696000
2024-11-27,1399.6865310000,1409.0084989500,1411.8839318500,1395.9762950000,2593417,3927607771.6400,0.206400,0.666000
2024-11-28,1411.7447980000,1408.0345620000,1414.5181994100,1393.1936180000,2395203,3627662381.9700,0.190700,-0.069100
2024-11-29,1407.1070030000,1415.2138686600,1442.3542450000,1403.5915543900,3608810,5534035503.3800,0.287300,0.509900
2024-12-02,1415.4550340000,1414.5274750000,1419.1559944100,1405.3446409000,2681954,4086609951.5700,0.213500,-0.048500
2024-12-03,1413.5999160000,1416.1414276600,1418.1449551000,1406.2536487200,2480662,3777197199.4600,0.197500,0.114100
2024-12-04,1409.9546091300,1409.8896800000,1413.2845459400,1400.6140900000,2392389,3626565543.5600,0.190400,-0.441500
2024-12-05,1401.4117907400,1401.5416490000,1407.9047037400,1400.6140900000,1614147,2441318386.6400,0.128500,-0.592100
2024-12-06,1403.3967670000,1410.8265145900,1427.4205451000,1398.8239011300,3203969,4883148600.2500,0.255100,0.662500
2024-12-09,1411.7633491800,1408.7766092000,1418.9055534800,1403.5822788000,1979986,3008173585.8900,0.157600,-0.145300
2024-12-10,1456.2676300000,1434.5534738100,1465.2927790700,1433.2456156200,6031210,9421340719.3700,0.480100,1.829700
2024-12-11,1428.4408600000,1424.3596004000,1442.3542450000,1420.0742778200,2967112,4569662604.0700,0.236200,-0.710600
2024-12-12,1421.0389391800,1452.3718822000,1452.5573940000,1418.2377110000,4193652,6510547810.4100,0.333800,1.966700
2024-12-13,1437.7257255900,1408.9621210000,1442.3449694100,1408.8508139200,4951197,7580908314.9200,0.394100,-2.988900
2024-12-16,1410.8172390000,1416.5681048000,1418.2377110000,1401.2726568900,3253710,4945298799.4200,0.259000,0.539800
2024-12-17,1415.4457584100,1445.1369220000,1455.3400710000,1410.8265145900,5417163,8398945449.1100,0.431200,2.016800
2024-12-18,1445.1090952300,1457.6589685000,1462.7605430000,1435.0265289000,4116226,6440801970.6400,0.327700,0.866500
2024-12-19,1451.7596932600,1438.6532845900,1454.3475828700,1438.0225444700,2480932,3862602664.9600,0.197500,-1.303800
2024-12-20,1442.4209211900,1433.8198860000,1452.4727334000,1431.9546012600,2815774,4307425534.8900,0.224200,-0.335900
2024-12-23,1434.7619490000,1438.0120663500,1448.8928940000,1429.1095710000,2160269,3300971423.7100,0.172000,0.292400
2024-12-24,1436.6460750000,1449.6653856600,1454.5452720000,1433.4336401700,2210492,3394160299.0100,0.176000,0.810400
2024-12-25,1449.6465444000,1441.3563900000,1449.6465444000,1437.6823443000,1712339,2621061878.2700,0.136300,-0.573200
2024-12-26,1445.1246420000,1439.2744307700,1449.6277031400,1434.7619490000,1828651,2798840002.8300,0.145600,-0.144400
2024-12-27,1440.3201207000,1440.3860651100,1447.0087680000,1431.4647285000,2075932,3170191444.5700,0.165300,0.077200
2024-12-30,1445.0963801100,1436.6460750000,1454.5075894800,1436.6460750000,2512982,3849542646.3600,0.200000,-0.259700
2024-12-31,1437.0229002000,1435.7040120000,1455.4873350000,1433.8293066300,3935445,6033540366.2200,0.313300,-0.065600
2025-01-02,1435.7040120000,1401.7897440000,1436.1656228700,1394.2532400000,5002870,7490883773.1900,0.398300,-2.362200
2025-01-03,1407.9131535000,1389.5429250000,1408.3747643700,1382.0158416300,3262836,4836610288.1900,0.259700,-0.873700
2025-01-06,1368.8175390000,1356.5707200000,1377.9178675800,1349.7878664000,4425512,6392479711.6000,0.352300,-2.372900
2025-01-07,1360.9607335800,1356.7591326000,1367.7718490700,1355.6286570000,2422118,3494634226.6600,0.192800,0.013900
2025-01-08,1356.5707200000,1358.9258775000,1367.7059046600,1344.0035995800,3525821,5071821245.9500,0.280700,0.159700
2025-01-09,1365.0398663700,1360.3389720000,1379.7266285400,1349.9574377400,2970565,4295852735.9100,0.236500,0.104000
2025-01-10,1363.2593673000,1352.8024680000,1367.8283728500,1352.8024680000,2187195,3154677597.8400,0.174100,-0.554000
2025-01-13,1342.4397750000,1360.3201307400,1360.7534797200,1339.6230066300,2108251,3030806869.6600,0.167800,0.555700
2025-01-14,1361.2339318500,1387.1877675000,1393.0097168400,1358.4548460000,3095657,4535651503.6400,0.246400,1.975100
2025-01-15,1382.0064210000,1386.0290300100,1389.1660998000,1375.4214006300,1839934,2701518711.8100,0.146500,-0.083500
2025-01-16,1388.6008620000,1362.5810819400,1396.7591275800,1358.4548460000,2634213,3840411436.7900,0.209700,-1.691700
2025-01-17,1362.5905025700,1370.4661492500,1376.3540430000,1362.5810819400,1830894,2663227308.9700,0.145700,0.578700
2025-01-20,1376.3540430000,1389.3545124000,1403.4760367700,1375.4119800000,3140975,4647626350.5300,0.250000,1.378200
2025-01-21,1395.1953030000,1383.0897934500,1396.1373660000,1380.1222950000,1685604,2481821228.8200,0.134200,-0.450900
2025-01-22,1378.4925260100,1357.5127830000,1382.9013808500,1354.6865940000,2829384,4088101682.4000,0.225200,-1.849300
2025-01-23,1365.9630881100,1359.3969090000,1382.9484840000,1354.6865940000,2712504,3932700849.5000,0.215900,0.138800
2025-01-24,1358.4548460000,1352.8024680000,1363.9093907700,1347.4421295300,3136034,4515322685.2100,0.249600,-0.485100
2025-01-27,1353.7445310000,1351.8509843700,1360.3107101100,1344.3427422600,2935646,4213534543.1600,0.233700,-0.070300
2025-02-05,1356.5707200000,1322.4680394000,1359.3969090000,1320.9701592300,4075652,5753730033.6700,0.324400,-2.173500
2025-02-06,1318.8976206300,1330.9842889200,1339.6041653700,1318.8976206300,2735582,3859568162.5200,0.217800,0.644000
2025-02-07,1331.7756218400,1352.8024680000,1359.0954488400,1322.1006348300,3724207,5310850624.0700,0.296500,1.639300
2025-02-10,1354.6865940000,1348.5726051300,1356.5707200000,1344.4086866700,2083979,2988101755.5900,0.165900,-0.312700
2025-02-11,1351.8133018500,1335.8453340000,1352.7647854800,1333.8670017000,2357283,3348668866.9700,0.187700,-0.943800
2025-02-12,1335.8453340000,1359.3969090000,1361.2810350000,1334.7902234400,2547579,3644170476.8800,0.202800,1.763000
2025-02-13,1359.4157502600,1380.1788187800,1389.7784407500,1351.3987941300,4338536,6335985851.4800,0.345400,1.528800
2025-02-14,1380.1788187800,1389.5429250000,1391.4270510000,1373.7351078600,2709992,3978694098.4200,0.215700,0.678500
2025-02-17,1395.1953030000,1386.3587520600,1408.3653437400,1382.1006273000,3247059,4804663813.4400,0.258500,-0.229200
2025-02-18,1384.8326100000,1389.5429250000,1406.4906383700,1377.3714710400,2779992,4113845397.1300,0.221300,0.229700
2025-02-19,1389.5900281500,1404.6159330000,1407.8566297200,1380.0280887000,3239331,4803378440.6600,0.257900,1.084700
2025-02-20,1397.0794290000,1388.6008620000,1405.5297341100,1388.0262035700,2374973,3513552983.9800,0.189100,-1.140200
2025-02-21,1394.2532400000,1401.9875772300,1410.0139539900,1387.6682196300,3641783,5418169587.3500,0.289900,0.964000
2025-02-24,1401.7897440000,1393.3771214100,1412.6423097600,1388.6008620000,3474373,5157907321.5700,0.276600,-0.614200
2025-02-25,1384.8420306300,1369.7596020000,1388.0262035700,1367.8754760000,2838743,4142814458.8000,0.226000,-1.695000
2025-02-26,1371.1255933500,1375.4214006300,1380.0846124800,1361.2810350000,2636609,3835949041.2300,0.209900,0.413300
2025-02-27,1375.4308212600,1399.4911102800,1403.5796637000,1369.7596020000,4976217,7368002361.1100,0.396100,1.750000
2025-02-28,1399.4345865000,1413.8387297700,1439.8302479400,1396.1373660000,5612895,8475738166.4600,0.446800,1.025200
2025-03-03,1415.5438638000,1400.8665222600,1432.8684023700,1395.6663345000,3159566,4736679902.8300,0.251500,-0.917500
2025-03-04,1398.9635550000,1384.9362369300,1399.9056180000,1380.3201282300,2521121,3710675863.1500,0.200700,-1.137200
2025-03-05,1386.7167360000,1381.4129213100,1388.6008620000,1375.5061863000,2460522,3606932151.5900,0.195900,-0.254400
2025-03-06,1388.6008620000,1418.7280367400,1422.7035426000,1386.7921010400,4216764,6297117400.0800,0.335700,2.701200
2025-03-07,1415.9206890000,1432.8778230000,1439.8114066800,1415.9206890000,3799135,5760608729.1900,0.302400,0.997400
2025-03-10,1431.7567680300,1434.6677427000,1438.4171534400,1418.8787668200,3136907,4758789259.6800,0.249700,0.124900
2025-03-11,1429.1095710000,1458.9541268400,1458.9541268400,1424.3992560000,3977560,6094007854.0900,0.316600,1.692800
2025-03-12,1457.3337784800,1453.2075425400,1459.8961898400,1437.9178600500,2960396,4552923644.1300,0.235700,-0.393900
2025-03-13,1454.5452720000,1448.6762195100,1465.3789965000,1442.1854054400,2572439,3966369271.4100,0.204800,-0.311800
2025-03-14,1457.9932225800,1533.6879846300,1533.6879846300,1451.7190830000,9291315,14882842708.4300,0.739600,5.868200
2025-03-17,1560.9983910000,1542.9673051800,1561.9310333700,1532.6234534400,5468913,8985138902.3600,0.435400,0.605000
2025-03-18,1549.7313175200,1529.9103120000,1556.2880760000,1527.7435671000,3161345,5153210436.2700,0.251700,-0.846200
2025-03-19,1530.1835102700,1540.9418697300,1552.5198240000,1528.9682490000,2738955,4477128769.8500,0.218000,0.721100
2025-03-20,1540.9418697300,1511.0690520000,1542.7223688000,1502.6564294100,3673677,5903879207.4300,0.292400,-1.938600
2025-03-21,1506.3587370000,1482.5716462500,1518.7939686000,1477.9366962900,3361430,5324973190.2700,0.267600,-1.885900
2025-03-24,1479.0389100000,1491.2857290000,1497.5598685800,1471.8603899400,2556585,4032223481.5700,0.203500,0.587800
2025-03-25,1495.9960440000,1484.2202565000,1500.5179464000,1475.8924195800,1767438,2783286813.0000,0.140700,-0.473800
2025-03-26,1481.6484245100,1484.6912880000,1490.8900625400,1479.9809730000,1432356,2257639750.2200,0.114000,0.031700
2025-03-27,1484.6912880000,1496.9381070000,1505.6521897500,1482.2230829400,1795563,2848889209.9400,0.142900,0.824900
2025-03-28,1498.7562885900,1493.3676882300,1500.7063590000,1484.6912880000,1622789,2569470015.4600,0.129200,-0.238500
2025-03-31,1489.3827617400,1470.5603430000,1495.0162984800,1469.6748037800,2108494,3311857714.3100,0.167800,-1.527200
2025-04-01,1473.3865320000,1465.8688692600,1478.9352830700,1462.2796092300,1855644,2893739955.2000,0.147700,-0.319000
2025-04-02,1467.7341540000,1459.2744282600,1476.9663714000,1455.9583665000,2167401,3371883024.1700,0.172500,-0.449900
2025-04-03,1441.3563900000,1477.9837994400,1494.1119180000,1440.4237476300,3548050,5557442051.9200,0.282400,1.282100
2025-04-07,1431.9451806300,1413.0945000000,1447.8095215500,1377.2961060000,10195267,15314738234.9200,0.811600,-4.390400
2025-04-08,1425.3413190000,1455.4873350000,1455.4873350000,1408.3841850000,7387649,11226977557.2500,0.588100,3.000000
2025-04-09,1436.6649162600,1451.7567655200,1466.6036784000,1432.4538946500,5563004,8562928224.6500,0.442800,-0.256300
2025-04-10,1461.1302923700,1459.2555870000,1464.9079650000,1439.4722640000,3862021,5963650790.9600,0.307400,0.516500
2025-04-11,1488.4312781100,1478.0780057400,1488.4312781100,1455.4873350000,3263423,5087359923.8200,0.259800,1.289900
2025-04-14,1470.5320811100,1462.0723553700,1475.2706580000,1461.6390063900,2171144,3379425640.3800,0.172800,-1.082900
2025-04-15,1462.0817760000,1467.7341540000,1474.3285950000,1455.4873350000,2148928,3339942729.1000,0.171100,0.387200
2025-04-16,1462.0817760000,1468.8363677100,1484.6912880000,1447.9508310000,3115605,4834880595.7800,0.248000,0.075100
2025-04-17,1463.9659020000,1479.0389100000,1485.1623195000,1460.1882293700,2384605,3733924973.3700,0.189800,0.694600
2025-04-18,1475.2706580000,1475.2141342200,1483.7492250000,1465.8500280000,2029848,3179974340.2100,0.161600,-0.258600
2025-04-21,1474.7996265000,1461.1397130000,1474.7996265000,1461.1397130000,1805703,2808158177.4400,0.143700,-0.954100
2025-04-22,1460.1976500000,1459.0671744000,1466.1326469000,1453.8010422300,1843214,2857525967.3000,0.146700,-0.141800
2025-04-23,1468.6762170000,1462.0817760000,1468.8834708600,1455.4873350000,1866876,2895468891.8400,0.148600,0.206600
2025-04-24,1462.0817760000,1462.3172917500,1470.2588828400,1459.2367457400,1487181,2313372072.0300,0.118400,0.016100
2025-04-25,1466.8862973000,1460.1976500000,1470.7487556000,1460.1976500000,1476490,2295029705.2700,0.117500,-0.145000
2025-04-28,1462.0817760000,1460.1976500000,1464.9079650000,1456.9946358000,1465972,2274252465.4800,0.116700,0.000000
2025-04-29,1460.1976500000,1454.5452720000,1462.5904900200,1443.2593572600,1892180,2917422937.8100,0.150600,-0.387100
2025-04-30,1460.1882293700,1457.3714610000,1475.8924195800,1456.7120169000,2575425,4005439429.4500,0.205000,0.194300
2025-05-06,1468.6762170000,1460.3860626000,1468.6762170000,1454.8561527900,1830026,2838614214.6900,0.145700,0.206900
2025-05-07,1479.0389100000,1464.9079650000,1479.0389100000,1460.3860626000,2746221,4275142568.6500,0.218600,0.309600
2025-05-08,1463.0238390000,1486.7544059700,1500.4991051400,1460.0374992900,3348106,5265446443.7700,0.266500,1.491300
2025-05-09,1487.5080563700,1498.9918043400,1504.8985393500,1483.7963281500,2367190,3757574546.1700,0.188400,0.823100
2025-05-12,1505.4166740000,1511.5400835000,1525.1340525900,1504.1072064300,2473533,3967785800.2800,0.196900,0.837100
2025-05-13,1515.7040019600,1498.1627889000,1515.7040019600,1493.2734819300,2125829,3386617847.8100,0.169200,-0.885000
2025-05-14,1497.8801700000,1540.2635843700,1549.6936350000,1496.1656153400,3946012,6394735058.0500,0.314100,2.810200
2025-05-15,1540.0845924000,1537.4562366300,1548.3653261700,1530.0327801900,2473285,4043402636.0000,0.196900,-0.182300
2025-05-16,1539.3215213700,1520.6121501900,1542.1477103700,1520.6121501900,2293522,3714508659.1900,0.182600,-1.095600
2025-05-19,1503.5325480000,1487.4986357400,1507.3008000000,1482.6941144400,3806283,6021950009.8600,0.303000,-2.177600
2025-05-20,1488.4595400000,1494.1119180000,1502.4020724000,1483.8434313000,1952153,3095742637.1100,0.155400,0.444600
2025-05-21,1493.1698550000,1489.3733411100,1503.4760242200,1489.3733411100,1979464,3143941416.0600,0.157600,-0.317200
2025-05-22,1489.3921823700,1488.4595400000,1493.1604343700,1479.1331163000,1509024,2381236585.5100,0.120100,-0.061400
2025-05-23,1483.9376376000,1481.4882738000,1495.9018377000,1480.6027345800,2153700,3399424961.4000,0.171400,-0.468400
2025-05-26,1479.0389100000,1460.6686815000,1483.4006616900,1455.4873350000,2708653,4212944430.4800,0.215600,-1.405300
2025-05-27,1461.1397130000,1454.4510657000,1468.2993918000,1454.0836611300,1775213,2748945675.4700,0.141300,-0.425700
2025-05-28,1454.5358513700,1447.9508310000,1456.8627469800,1444.1825790000,1626568,2504624605.1200,0.129500,-0.446900
2025-05-29,1450.7770200000,1450.7770200000,1464.9079650000,1443.2405160000,2185958,3375465796.0200,0.174000,0.195200
2025-05-30,1450.9183294500,1433.8198860000,1455.4873350000,1427.4515401200,3123918,4764875946.7400,0.248700,-1.168800
2025-06-03,1420.6404246300,1421.5730670000,1430.9936970000,1417.8236562600,2897918,4377892798.9000,0.230700,-0.854100
2025-06-04,1422.9861615000,1422.4774474800,1434.7619490000,1421.7803208600,2300809,3480363796.5600,0.183200,0.063600
2025-06-05,1426.2833820000,1426.2833820000,1428.1675080000,1415.1670386000,2321366,3504925523.8900,0.184800,0.267600
2025-06-06,1426.0949694000,1419.1142825700,1430.9654351100,1415.9206890000,2502307,3777727616.0700,0.199200,-0.502600
2025-06-09,1417.8236562600,1400.0092449300,1421.2904481000,1399.6041578400,4495867,6723839137.5800,0.357900,-1.346300
2025-06-10,1399.9056180000,1389.5523456300,1405.5579960000,1389.3545124000,3049220,4511934584.0400,0.242700,-0.746900
2025-06-11,1391.2386384000,1394.2532400000,1407.4421220000,1390.5791943000,3089282,4585522755.1400,0.245900,0.338300
2025-06-12,1394.2532400000,1374.4699170000,1397.8990238100,1369.8538083000,4990361,7306800799.6800,0.397300,-1.418900
2025-06-13,1360.7252178300,1344.2767978500,1365.9630881100,1342.4962987800,5911325,8466515559.4100,0.470600,-2.196700
2025-06-16,1320.0186756000,1339.8867842700,1342.4774575200,1319.9998343400,4288787,6060448437.6400,0.341400,-0.326600
2025-06-17,1337.7294600000,1344.3239010000,1344.3239010000,1330.3625273400,2723151,3868364671.4000,0.216800,0.331200
2025-06-18,1356.5707200000,1342.4397750000,1359.8114167200,1338.6809436300,3076099,4404131363.5700,0.244900,-0.140200
2025-06-19,1343.3818380000,1343.3818380000,1350.6074612100,1335.0728423400,2450072,3490268567.6400,0.195000,0.070200
2025-06-20,1341.1020455400,1345.8877255800,1357.6446718200,1337.9178726000,3481581,4990683314.3100,0.277200,0.186500
2025-06-23,1337.7294600000,1337.7294600000,1349.9762790000,1323.7680863400,2672331,3794012342.5900,0.212700,-0.606200
2025-06-24,1340.8853710500,1353.9329436000,1367.5740158400,1340.8853710500,3631151,5229183514.1200,0.289100,1.211300
2025-06-25,1355.7322839300,1352.6705791800,1365.2376996000,1338.2099121300,4105007,5869292227.3600,0.326800,-0.093200
2025-06-26,1359.1457050000,1363.9483400000,1371.6325560000,1354.4199121600,3486025,4955829982.0800,0.277500,0.833700
2025-06-27,1363.9579452700,1347.7058284300,1366.8299210000,1347.7058284300,3824973,5404312674.7800,0.304500,-1.190800
2025-06-30,1348.0996445000,1353.8820170400,1357.4455722100,1346.6588540000,3045730,4287373690.9000,0.242500,0.458300
2025-07-01,1353.3825430000,1349.6364877000,1356.2064923800,1347.9171443700,1987819,2794423202.6600,0.158200,-0.313600
2025-07-02,1353.8628065000,1353.9588592000,1358.9535996000,1344.7378000000,2621825,3689246315.8700,0.208700,0.320300
2025-07-03,1356.2641240000,1359.7220212000,1366.5321576300,1352.4220160000,2441267,3456733002.1900,0.194300,0.425700
2025-07-04,1359.8180739000,1366.0807099400,1375.3690060300,1354.3526752700,2876691,4086547267.7100,0.229000,0.467600
2025-07-07,1366.1383415600,1355.0154389000,1367.3101845000,1354.3526752700,2385467,3370562659.3100,0.189900,-0.810000
2025-07-08,1355.0250441700,1360.2118899700,1363.9483400000,1355.0154389000,1867370,2643302690.7400,0.148700,0.383500
2025-07-09,1359.1457050000,1362.8725497600,1373.5247941900,1358.3484675900,2774532,3950810723.3600,0.220900,0.195600
2025-07-10,1362.9589971900,1370.1917655000,1379.4896668600,1354.7272808000,3872503,5503329754.2200,0.308300,0.537000
2025-07-11,1366.9836053200,1370.6720290000,1400.4483660000,1366.9836053200,5724335,8239010389.7700,0.455700,0.035100
2025-07-14,1373.5536100000,1367.4062372000,1378.3370344600,1365.4851832000,2778094,3961736006.3600,0.221200,-0.238300
2025-07-15,1364.8896564600,1355.3035970000,1366.7626841100,1352.7293846400,3540578,5005150164.6100,0.281800,-0.885100
2025-07-16,1354.3526752700,1355.3324128100,1361.5374172300,1354.2950436500,2128605,3006882578.8600,0.169400,0.002100
2025-07-17,1358.1659674600,1360.4424164500,1366.8395262700,1357.1093877600,2310554,3273100406.1900,0.183900,0.377000
2025-07-18,1363.9483400000,1380.2772990000,1381.0553258700,1360.4712322600,4182341,5984949774.2100,0.332900,1.458000
2025-07-21,1380.2676937300,1386.0404610000,1389.6904636000,1378.3562450000,2620331,3779891828.9900,0.208600,0.417500
2025-07-22,1387.0009880000,1407.1528444600,1408.7088982000,1383.8120383600,4211898,6127636851.0400,0.335300,1.523200
2025-07-23,1411.0141630000,1417.2575885000,1435.9878650000,1410.9661366500,4504484,6676301461.9700,0.358600,0.718100
2025-07-24,1417.7378520000,1432.6260205000,1439.8299730000,1416.7773250000,3880364,5786337377.3600,0.308900,1.084400
2025-07-25,1432.5299678000,1397.5667850000,1432.5299678000,1395.6457310000,4191126,6140078740.7700,0.333600,-2.447200
2025-07-28,1395.6457310000,1381.8717738200,1397.5571797300,1379.6049301000,3858632,5560966385.7700,0.307200,-1.123000
2025-07-29,1382.7746692000,1382.1983530000,1391.6019123300,1378.3658502700,2630408,3785848101.9600,0.209400,0.023600
2025-07-30,1387.0009880000,1392.2262548800,1399.6415233200,1380.2772990000,3186771,4612883039.7700,0.253700,0.725500
2025-07-31,1386.0404610000,1365.5524200900,1387.8366464900,1362.0272860000,5179751,7386302757.8600,0.412300,-1.915900
2025-08-01,1365.7445254900,1361.0667590000,1369.6730809200,1358.1851780000,2963559,4200850789.6200,0.235900,-0.328500
2025-08-04,1359.1457050000,1362.9878130000,1363.7562346000,1358.1851780000,1868795,2647105740.4700,0.148800,0.141100
2025-08-05,1364.9088670000,1371.3828189800,1373.4959783800,1361.1724169700,2534227,3607931487.6200,0.201700,0.615900
2025-08-06,1372.5930830000,1367.6751847600,1372.5930830000,1363.2759711000,2369928,3372334939.9000,0.188700,-0.270400
2025-08-07,1367.6751847600,1366.2055784500,1371.3443979000,1364.0059716200,2800134,3988765794.5900,0.222900,-0.107500
2025-08-08,1366.8779473500,1364.8800511900,1370.1917655000,1362.0272860000,1865528,2651478117.9800,0.148500,-0.097000
2025-08-11,1367.3101845000,1387.9615150000,1394.6755987300,1366.8299210000,4715907,6794034089.8600,0.375400,1.691100
2025-08-12,1391.8036230000,1380.3157200800,1407.2392918900,1379.3167720000,4201923,6095342035.7400,0.334500,-0.550900
2025-08-13,1368.7509750000,1363.9963663500,1377.0883493600,1363.9483400000,6552754,9325460101.1100,0.521600,-1.182300
2025-08-14,1364.8512353800,1370.6624237300,1390.3724377700,1364.8512353800,4812930,6897535330.1700,0.383100,0.488700
2025-08-15,1369.7211072700,1365.9462361600,1372.2665038200,1364.1596559400,4758165,6772436996.7900,0.378800,-0.344100
2025-08-18,1370.6624237300,1372.1128195000,1379.9315092800,1366.9259737000,4737798,6773477871.3900,0.377200,0.451500
2025-08-19,1376.9154545000,1381.2378260000,1389.5559898200,1375.4746640000,4637186,6678541000.8000,0.369100,0.665000
2025-08-20,1381.2378260000,1392.7641500000,1395.4536256000,1373.5728205400,4580466,6623095725.0600,0.364600,0.834500
2025-08-21,1396.0779681500,1391.0832277500,1397.5571797300,1386.6648035500,3089057,4470441662.4100,0.245900,-0.120700
2025-08-22,1391.6883597600,1406.1635016500,1406.2115280000,1387.7405937900,4497058,6544867367.8500,0.358000,1.084100
2025-08-25,1411.9842952700,1431.5022039100,1436.9483920000,1408.1325820000,6532455,9676719497.5500,0.520000,1.802000
2025-08-26,1431.4925986400,1423.1264084700,1435.2482592100,1421.5895652700,3960213,5883917000.2700,0.315300,-0.585100
2025-08-27,1423.3857507600,1390.8430960000,1426.3153581100,1390.8430960000,5600609,8184169112.6800,0.445800,-2.268500
2025-08-28,1390.8142801900,1389.0180947000,1398.6233647000,1381.9774317900,3928177,5683673273.4800,0.312700,-0.131200
2025-08-29,1395.6457310000,1421.5799600000,1424.0581196600,1394.6852040000,6225648,9159701454.1600,0.495600,2.344200
2025-09-01,1423.6931194000,1417.8339047000,1429.2641760000,1407.8444239000,4512338,6658918555.3500,0.360300,-0.263500
2025-09-02,1420.2928538200,1432.4339151000,1449.4352430000,1419.6589060000,5668837,8470012816.3800,0.452700,1.029700
2025-09-03,1432.1457570000,1422.1082498500,1444.1523445000,1408.1325820000,4504503,6656011144.6400,0.359700,-0.720800
2025-09-04,1413.8957440000,1414.5296918200,1420.9075911000,1402.8208676900,4774676,7017084749.9700,0.381300,-0.532900
2025-09-05,1412.9352170000,1424.4615410000,1428.2748331900,1406.2115280000,3738848,5519312162.7100,0.298600,0.702100
2025-09-08,1424.4615410000,1441.9719482100,1446.9762938800,1419.1786425000,5138298,7682065696.2500,0.410300,1.229300
2025-09-09,1445.5931350000,1445.5931350000,1450.3477436500,1434.4702323400,3574277,5366650005.0400,0.285400,0.251100
2025-09-10,1447.1876098200,1461.9316992700,1469.5582836500,1436.9483920000,4966331,7541460048.9500,0.396600,1.130200
2025-09-11,1461.9316992700,1463.3628845000,1465.7834125400,1448.9549795000,3723896,5642778455.8200,0.297400,0.097900
2025-09-12,1465.7642020000,1456.1589320000,1477.3097365400,1450.9048493100,3372209,5132184935.1100,0.269300,-0.492300
2025-09-15,1456.0340634900,1455.2944577000,1457.5805119600,1442.2312905000,2582703,3901929717.6000,0.206200,-0.059400
2025-09-16,1455.2944577000,1440.7712894600,1460.9519617300,1437.1501026700,3271789,4928374477.5600,0.261300,-0.998000
2025-09-17,1440.7808947300,1434.0668110000,1450.6647175600,1431.1948352700,3033054,4534770634.4700,0.242200,-0.465300
2025-09-18,1433.1062840000,1410.0152149200,1438.6773406000,1405.7312645000,4972125,7347477478.9600,0.397000,-1.677200
2025-09-19,1410.0440307300,1410.0248201900,1417.2575885000,1399.4974442700,3263662,4784528851.2600,0.260600,0.000700
2025-09-22,1407.2585024300,1395.9819154500,1410.0248201900,1392.7737552700,3494708,5085057536.0900,0.279100,-0.995900
2025-09-23,1393.2444135000,1390.2859903400,1399.9681025000,1383.1588800000,3866300,5588384387.7600,0.308700,-0.408000
2025-09-24,1377.4629548900,1385.0799340000,1399.2765230600,1377.4629548900,3074350,4443052872.0000,0.245500,-0.374500
2025-09-25,1385.8771714100,1382.1983530000,1388.1632256700,1379.3167720000,3386973,4873274661.3500,0.270500,-0.208000
2025-09-26,1384.2923018600,1378.3562450000,1389.9882269700,1371.6421612700,4512071,6480889596.6500,0.360300,-0.278000
2025-09-29,1382.5633532600,1403.1954732200,1411.9650847300,1378.3562450000,5368403,7798434585.8700,0.428700,1.802100
2025-09-30,1402.3694200000,1386.9913827300,1403.0994205200,1383.1588800000,3936362,5687474875.7000,0.314300,-1.154800
2025-10-09,1379.3167720000,1380.0659830600,1382.5633532600,1363.9483400000,5491812,7845448946.7200,0.438500,-0.499300
2025-10-10,1380.8536152000,1373.5536100000,1383.1012483800,1371.1522925000,3600144,5157459262.0200,0.287500,-0.471900
2025-10-13,1359.8180739000,1363.1799184000,1366.6858419500,1359.2609682400,4606880,6533147457.7600,0.367900,-0.755200
2025-10-14,1373.5440047300,1393.7438875400,1406.2115280000,1373.5440047300,6667233,9639484605.1600,0.532400,2.242100
2025-10-15,1393.7054664600,1404.2904740000,1405.2510010000,1388.0383571600,4278540,6233407482.1800,0.341700,0.756700
2025-10-16,1404.2136318400,1426.2961475700,1426.3345686500,1401.2936297600,4573015,6749162949.1700,0.365200,1.567000
2025-10-17,1424.5575937000,1397.5667850000,1429.2641760000,1396.6350738100,3808589,5594724899.7200,0.304100,-2.014300
2025-10-20,1397.5667850000,1400.3811291100,1411.4944265000,1397.4515217600,2594988,3793283758.7300,0.207200,0.201400
2025-10-21,1401.4088930000,1404.5402110200,1411.9170583800,1398.0470485000,2544267,3727984130.3300,0.203200,0.297000
2025-10-22,1404.3673161600,1401.1207349000,1407.8732397100,1398.5273120000,1819492,2657486636.2200,0.145300,-0.243500
2025-10-23,1397.5667850000,1410.0344254600,1410.8220576000,1390.0746744000,2932235,4274652090.3900,0.234200,0.636200
2025-10-24,1410.0056096500,1392.7641500000,1420.5041697600,1392.1302021800,3822583,5578603148.4300,0.305300,-1.224800
2025-10-27,1383.1588800000,1383.5526960700,1395.1558622300,1379.3071667300,3710239,5352667151.5100,0.296300,-0.661400
2025-10-28,1385.0799340000,1387.9615150000,1393.9167824000,1384.2154597000,2712433,3923817140.0300,0.216600,0.318700
2025-10-29,1383.1780905400,1375.3786113000,1389.4503318500,1373.5920310800,3393711,4868780319.1700,0.271000,-0.906600
2025-10-30,1365.6868938700,1370.4222919800,1379.9219040100,1365.6868938700,4745610,6768821310.6600,0.379000,-0.360400
2025-10-31,1365.8693940000,1373.5632152700,1379.2975614600,1364.0539979700,3569377,5109623860.8400,0.285000,0.229200
2025-11-03,1374.5141370000,1378.3562450000,1390.8430960000,1364.0443927000,3454766,4945310830.2300,0.275900,0.348900
2025-11-04,1378.4522977000,1372.5930830000,1379.1054560600,1367.5791320600,2656572,3793892903.1200,0.212100,-0.418100
2025-11-05,1369.6058440300,1364.0251821600,1374.5045317300,1363.9579452700,3447527,4908475372.8400,0.275300,-0.624200
2025-11-06,1373.5536100000,1378.4811135100,1384.5516441500,1373.5440047300,3834782,5505960414.5300,0.306200,1.059800
2025-11-07,1378.4619029700,1376.7521649100,1382.9475640600,1374.6197949700,1886139,2704995856.0100,0.150600,-0.125400
2025-11-10,1378.3562450000,1404.5786321000,1405.9137646300,1378.3370344600,4945154,7181246441.0800,0.394900,2.021200
2025-11-11,1404.2904740000,1401.3992877300,1404.4633688600,1389.8825690000,2669156,3882776771.7700,0.213100,-0.226400
2025-11-12,1402.3502094600,1407.3161340500,1420.0046957200,1401.6106036700,3299210,4849073050.8100,0.263500,0.422200
2025-11-13,1404.4057372400,1412.3396902600,1415.4133766600,1400.4483660000,3117923,4569178268.9700,0.249000,0.357000
2025-11-14,1411.9746900000,1399.1036282000,1420.5714066500,1398.8154701000,2747306,4031007105.9100,0.219400,-0.937200
2025-11-17,1396.6062580000,1412.9352170000,1414.8562710000,1388.7203313300,3446221,5035780026.5400,0.275200,0.988600
2025-11-18,1412.6470589000,1417.7378520000,1427.4103588900,1411.0141630000,3420478,5055675473.5800,0.273100,0.339900
2025-11-19,1415.8167980000,1412.9448222700,1421.1285123100,1411.9362689200,2204537,3249449213.6200,0.176000,-0.338100
2025-11-20,1413.8957440000,1409.1987669700,1421.4839073000,1407.2008708100,2400232,3531653942.7300,0.191700,-0.265100
2025-11-21,1412.4549535000,1408.7088982000,1421.5799600000,1398.5273120000,4260720,6259873432.5200,0.340200,-0.034800
2025-11-24,1409.0931090000,1394.6852040000,1412.9352170000,1393.8495455100,3360744,4901903704.7700,0.268400,-0.995500
2025-11-25,1400.4483660000,1387.6253305500,1400.4483660000,1387.4812515000,2844069,4119930011.4800,0.227100,-0.506200
2025-11-26,1391.6883597600,1391.9477020500,1396.1163892300,1386.5975666600,2030616,2938818094.5800,0.162200,0.311500
2025-11-27,1392.2838865000,1390.1707271000,1392.7641500000,1382.2367740800,2228689,3216797187.4800,0.178000,-0.127700
2025-11-28,1389.4023055000,1393.2444135000,1398.0470485000,1386.0404610000,2321121,3366696621.6800,0.185400,0.221100
2025-12-01,1393.7246770000,1390.8430960000,1404.5498162900,1385.0799340000,2733342,3961994999.0700,0.218300,-0.172400
2025-12-02,1390.8430960000,1379.3455878100,1394.6083618400,1378.3754555400,2504726,3607543824.6900,0.200000,-0.826700
2025-12-03,1379.1342718700,1372.6891357000,1379.2879561900,1371.6325560000,2357279,3370080065.6800,0.188200,-0.482600
2025-12-04,1372.6891357000,1367.7712374600,1375.9549275000,1362.3922862600,2907539,4134921901.5400,0.232200,-0.358300
2025-12-05,1367.7712374600,1373.5632152700,1376.5216384300,1363.4680765000,2540166,3622681596.5200,0.202800,0.423500
2025-12-08,1372.7851884000,1362.2386019400,1379.9603250900,1362.0272860000,3360280,4789155769.6500,0.268300,-0.824500
2025-12-09,1362.2482072100,1345.7079322700,1364.9088670000,1344.7858263500,4263443,5995722120.9700,0.340500,-1.213500
2025-12-10,1344.7378000000,1347.4272756000,1347.4272756000,1328.5817358600,3313347,4625906138.9600,0.264600,0.127800
2025-12-11,1351.1349098200,1356.2545187300,1356.2545187300,1346.2266168500,2238501,3149974074.1900,0.178800,0.655100
2025-12-12,1362.0272860000,1364.5726825500,1368.7509750000,1357.7721513900,3715919,5273563274.4000,0.296700,0.613300
2025-12-15,1382.7650639300,1369.7115020000,1383.1492747300,1369.2984753900,3335879,4774362060.2100,0.266400,0.376600
2025-12-16,1369.9036074000,1365.8693940000,1372.3817670600,1359.1457050000,2396367,3403139194.1900,0.191400,-0.280500
2025-12-17,1368.7509750000,1376.5312437000,1383.1012483800,1361.7199173600,3138249,4489482138.1000,0.250600,0.780600
2025-12-18,1376.9154545000,1374.5141370000,1382.0830897600,1369.8171599700,1782995,2551177659.1800,0.142400,-0.146500
2025-12-19,1377.4050300000,1377.4050300000,1379.7983933500,1368.6228518300,2650868,3733028356.7900,0.211700,0.210400
2025-12-22,1377.4050300000,1375.7052535800,1381.4493256200,1374.0640901400,2042565,2881636855.8000,0.163100,-0.123400
2025-12-23,1375.7052535800,1375.3145003800,1380.2672971900,1364.8911587700,2450681,3445377031.9800,0.195700,-0.028400
2025-12-24,1372.5108461700,1368.5153947000,1373.8491758800,1367.6362000000,2518669,3533253565.2100,0.201100,-0.494400
2025-12-25,1372.5206150000,1381.4786321100,1386.6658808400,1368.9842985400,2338621,3299572095.7900,0.186800,0.947200
2025-12-26,1381.4786321100,1381.4395567900,1386.3337406200,1377.4050300000,1780299,2520605635.1300,0.142200,-0.002800
2025-12-29,1381.4395567900,1369.5899660000,1381.4395567900,1368.6130830000,2630810,3694660106.7000,0.210100,-0.857800
2025-12-30,1368.6130830000,1357.5938427600,1369.4922777000,1353.9598380000,3379194,4702489813.4600,0.269800,-0.875900
2025-12-31,1357.8673700000,1345.3437299400,1361.7749020000,1345.3339611100,3476563,4799456452.0800,0.277600,-0.902300
2026-01-05,1352.9829550000,1393.0351580000,1398.7792300400,1352.9829550000,7094942,10018086372.3000,0.566600,3.544900
2026-01-06,1399.4337416500,1394.9986928300,1403.7515645100,1383.7840759900,3958618,5649710152.7700,0.316100,0.141000
2026-01-07,1399.7561130400,1390.4561868800,1401.8271050000,1387.3692366000,2968380,4234255286.3500,0.237000,-0.325600
2026-01-08,1390.4268803900,1379.6518609000,1390.4561868800,1375.5880276200,2913454,4117925041.3700,0.232700,-0.777000
2026-01-09,1384.2432110000,1386.2946653000,1395.5750538000,1383.2760968300,2984774,4243865418.1500,0.238300,0.481500
2026-01-12,1386.2946653000,1390.3291920900,1397.9195730000,1384.3408993000,3608266,5135636032.8600,0.288100,0.291000
2026-01-13,1393.8068955700,1378.3819130000,1396.4737861600,1376.4183781700,3916866,5555633778.5800,0.312800,-0.859300
2026-01-14,1378.3819130000,1365.6922028300,1389.3718467500,1363.9045069400,5175797,7285041159.3100,0.413300,-0.920600
2026-01-15,1363.7482056600,1356.7830298700,1370.4007788900,1356.4801961400,4090714,5698739671.2600,0.326700,-0.652400
2026-01-16,1362.7517850000,1350.0523060000,1365.1939925000,1348.0985400000,5512068,7643061997.6700,0.440200,-0.496100
2026-01-19,1349.9546177000,1344.1910080000,1355.4153936700,1343.2141250000,4228640,5833745441.5700,0.337700,-0.434200
2026-01-20,1347.6100985000,1341.7976446500,1349.6420151400,1340.3323201500,3648443,5021900765.1000,0.291300,-0.178100
2026-01-21,1341.8074134800,1319.8275459800,1342.6279952000,1318.7920500000,6451625,8775880803.4800,0.515200,-1.637400
2026-01-22,1320.7555848300,1309.0818329800,1330.2801940800,1306.5614748400,5901089,7962441433.5000,0.471200,-0.814200
2026-01-23,1309.1209083000,1306.0925710000,1316.8382840000,1301.6672910100,6194890,8301311489.4000,0.494700,-0.228300
2026-01-26,1309.5214303300,1310.9769860000,1323.6764650000,1294.4872009600,8016606,10751225525.3800,0.640200,0.374000
2026-01-27,1313.8880973400,1311.9636378300,1322.4065171000,1307.0694540000,4841596,6514513216.1000,0.386600,0.075300
2026-01-28,1311.9929443200,1293.0902582700,1315.5781049300,1291.4490948300,7621801,10135019524.3400,0.608600,-1.438600
2026-01-29,1304.1388050000,1404.4842267600,1411.5959350000,1298.3361199800,18953440,26305591086.2100,1.513500,8.614600
2026-01-30,1401.8271050000,1368.6130830000,1401.8271050000,1368.6130830000,9447974,13366329413.5100,0.754500,-2.554000
2026-02-02,1392.0582750000,1394.0120410000,1424.8620061400,1378.9875804600,8572427,12312646442.5500,0.684600,1.855800
2026-02-03,1411.5959350000,1440.8242743600,1442.6705832300,1409.6714754900,8632066,12628439702.8000,0.689300,3.358100
2026-02-04,1450.6712550000,1489.7465750000,1497.8253974100,1439.9255420000,10912293,16444345979.5900,0.871400,3.395400
2026-02-05,1484.8621600000,1519.0530650000,1528.8218950000,1479.9777450000,9162274,14183456476.1300,0.731700,1.967200
2026-02-06,1519.0530650000,1479.9875138300,1531.7525440000,1471.0685720400,7896538,12019878669.0000,0.630600,-2.571700
2026-02-09,1482.9083940000,1489.7074996800,1507.2132430400,1478.5026516700,5116846,7809067704.6000,0.408600,0.656800
2026-02-10,1489.7172685100,1470.0135384000,1489.7172685100,1461.9054095000,3957596,5953269320.5800,0.316000,-1.322000
2026-02-11,1470.0135384000,1469.5544033900,1479.0008620000,1461.4169680000,3092846,4648360030.0900,0.247000,-0.031200
2026-02-12,1465.5198766000,1452.2342678000,1468.0793100600,1439.3003368800,4624582,6874370112.5700,0.369300,-1.178600
2026-02-13,1452.2342678000,1450.9643199000,1472.9441874000,1436.5846021400,4167901,6216379202.6200,0.332800,-0.087400
2026-02-24,1485.8390430000,1432.8919844000,1489.1604452000,1429.7659588000,4191253,6198840572.4300,0.334700,-1.245500
2026-02-25,1436.0180100000,1457.1772957800,1474.7611897800,1433.9470180400,3688067,5490316149.3900,0.294500,1.694800
2026-02-26,1452.2342678000,1432.3156234300,1455.0574596700,1430.8112236100,3295801,4855471430.1000,0.263200,-1.706200
2026-02-27,1433.0775921700,1421.3843026600,1442.0844534300,1421.3843026600,3216016,4697692477.0800,0.256800,-0.763200
2026-03-02,1416.4803500000,1406.8189771300,1423.3185310000,1403.4487307800,3545386,5115063511.4300,0.283100,-1.024700
2026-03-03,1406.8092083000,1393.2207657700,1419.2840042100,1389.2546207900,4589086,6565381648.1900,0.366500,-0.966600
2026-03-04,1382.2894450000,1368.7889219400,1390.1045090000,1359.9090554700,4801443,6743267103.4000,0.383400,-1.753600
2026-03-05,1373.4974980000,1366.6983923200,1380.2966036800,1362.7517850000,3050524,4276226062.3800,0.243600,-0.152700
2026-03-06,1362.7517850000,1369.5899660000,1374.9628225000,1355.9136040000,2915415,4072328833.3200,0.232800,0.211600
2026-03-09,1357.8673700000,1364.7055510000,1372.4229267000,1351.2245656000,3744162,5220095639.0800,0.299000,-0.356600
2026-03-10,1372.4229267000,1369.4727400400,1376.9068196700,1365.6824340000,2462592,3457808915.6500,0.196700,0.349300
2026-03-11,1370.5570801700,1367.6362000000,1373.4877291700,1365.7019716600,2445673,3425363891.7800,0.195300,-0.134100
2026-03-12,1362.7517850000,1359.8211360000,1371.4948878500,1358.8540218300,2758646,3850521716.6800,0.220300,-0.571400
2026-03-13,1360.2900398400,1380.9608841200,1384.8488784600,1359.8211360000,3360783,4738808557.6800,0.268400,1.554600
2026-03-16,1387.1738600000,1426.4250189400,1432.1104780000,1387.1738600000,6008635,8711525836.0300,0.479800,3.292200
2026-03-17,1434.0642440000,1450.6712550000,1463.4391158100,1427.4116707700,4945361,7347310632.2300,0.394900,1.699800
2026-03-18,1454.5787870000,1434.8457504000,1461.9054095000,1429.3263614500,3555100,5239992521.9300,0.283900,-1.090900
2026-03-19,1438.9095836800,1419.2840042100,1438.9486590000,1412.5728180000,3031859,4404953480.9100,0.242100,-1.084600
2026-03-20,1419.3719236800,1411.5959350000,1428.6913875000,1405.7346370000,2613234,3782818260.2800,0.208700,-0.541700
2026-03-23,1400.1957103900,1375.5196458100,1401.8271050000,1367.6655064900,4725589,6669708664.5100,0.377400,-2.555700
2026-03-24,1383.2663280000,1374.7967523900,1384.8195719700,1367.8120389400,2856179,4017694387.3600,0.228100,-0.052600
2026-03-25,1377.5124871300,1377.6687884100,1385.0930992100,1368.6228518300,2609346,3677905549.0600,0.208400,0.208900
2026-03-26,1376.4281470000,1368.7889219400,1381.2148737000,1367.9292649000,2309289,3243387502.4300,0.184400,-0.644600
2026-03-27,1367.6362000000,1383.2858656600,1393.0351580000,1364.3734107800,3008711,4257499781.1400,0.240300,1.059100
2026-03-30,1374.4743810000,1387.1738600000,1397.9195730000,1370.0979451600,2868459,4060684934.2900,0.229100,0.281100
2026-03-31,1434.0642440000,1416.4803500000,1445.7184581900,1414.9271060300,6169066,9015486796.8600,0.492600,2.112700
2026-04-01,1430.6353846700,1425.7021255200,1436.0082411700,1419.2937730400,2912514,4256185471.7200,0.232600,0.651000
2026-04-02,1425.7021255200,1426.1319540400,1431.0163690400,1418.5318043000,2106437,3071809845.5000,0.168200,0.030100
2026-04-03,1425.7998138200,1426.2491800000,1435.9789346800,1421.3647650000,2019373,2953993080.5800,0.161300,0.008200
2026-04-07,1426.2980241500,1406.7310576600,1436.0180100000,1401.8759491500,2415218,3507471653.2800,0.192900,-1.368500
2026-04-08,1426.2491800000,1431.1531326600,1435.1192776400,1418.5611107900,3383610,4947937006.7600,0.270200,1.736100
2026-04-09,1431.1531326600,1426.7278526700,1431.1531326600,1414.0381425000,2070476,3012278579.2600,0.165300,-0.309200
2026-04-10,1425.4090606200,1420.3488066800,1425.9658839300,1407.7860913000,2886556,4187181528.8800,0.230500,-0.447100
2026-04-13,1410.6190520000,1409.9450027300,1413.0612595000,1399.8733390000,2521364,3629675490.2600,0.201300,-0.732500
2026-04-14,1409.2514158000,1413.4520127000,1415.1127138000,1401.8271050000,2423261,3492544229.7800,0.193500,0.248700
2026-04-15,1411.5763973400,1433.5758025000,1436.7897475700,1408.6652860000,3455348,5049317186.5400,0.275900,1.423700
2026-04-16,1433.5269583500,1429.0235277200,1443.2567130300,1426.2491800000,2451284,3597294838.1100,0.195700,-0.317500
2026-04-17,1367.6362000000,1374.7088329200,1388.1507430000,1367.5092052100,9682499,13631929446.0800,0.773200,-3.800800
2026-04-20,1370.5668490000,1378.2744558700,1381.2539490200,1367.6362000000,3645139,5127146041.4500,0.291100,0.259400
2026-04-21,1378.3819130000,1379.3685648300,1387.0761717000,1377.4050300000,2175427,3074595191.7200,0.173700,0.079400
2026-04-22,1382.2894450000,1376.9165885000,1386.1969770000,1372.5010773400,2691593,3793827534.3400,0.214900,-0.177800
2026-04-23,1375.4512640000,1386.1969770000,1386.8807951000,1372.6183033000,3770109,5332831150.9200,0.301100,0.674000
2026-04-24,1380.4333673000,1424.7740866700,1425.1550710400,1380.4333673000,5545531,8003410999.0700,0.442800,2.782900
2026-04-27,1387.1738600000,1370.7622256000,1387.1738600000,1369.7853426000,7279774,10239763452.3000,0.581300,-3.790900
2026-04-28,1369.5899660000,1372.5206150000,1376.8091313700,1367.7436571300,3400442,4772513712.1600,0.271500,0.128300
2026-04-29,1372.5206150000,1368.7791531100,1377.1608092500,1367.9097272400,3481313,4881691348.2500,0.278000,-0.272600
2026-04-30,1367.6362000000,1352.7778095700,1368.7791531100,1348.0985400000,5275267,7316111748.0900,0.421300,-1.169000
2026-05-06,1333.5429833000,1343.2141250000,1347.1216570000,1328.6097241500,4780604,6550750939.8500,0.381800,-0.707000
2026-05-07,1343.2141250000,1339.3554371500,1355.9136040000,1338.3394788300,4046147,5573286314.8600,0.323100,-0.287300
2026-05-08,1339.9513357800,1341.2505901700,1350.8045059100,1338.3297100000,3336853,4582855939.2600,0.266500,0.141500
2026-05-11,1341.1529018700,1329.8601343900,1341.1529018700,1329.5377630000,5713510,7790721392.3600,0.456300,-0.849200
2026-05-12,1330.5146460000,1323.2368676500,1332.0581211400,1319.2804915000,5083743,6886304981.8800,0.406000,-0.498000
2026-05-13,1323.1880235000,1313.0186714700,1327.1932438000,1307.0694540000,5696787,7653257144.3900,0.454900,-0.772200
2026-05-14,1307.0694540000,1311.1430561100,1337.4114399800,1304.3146439400,5524434,7428592859.4700,0.441200,-0.142800
2026-05-15,1304.2853374500,1302.1361948500,1308.3198642400,1296.4311981300,5818365,7749366540.0100,0.464600,-0.686900
2026-05-18,1305.1156880000,1292.4162090000,1311.6412664400,1289.1045756300,4966097,6594983723.1600,0.396600,-0.746500
2026-05-19,1291.3416377000,1293.6861569000,1299.2446211700,1287.5317940000,4325464,5719170335.4700,0.345400,0.098300
2026-05-20,1290.4624430000,1284.6011450000,1302.1752701700,1283.6242620000,4748733,6271273747.8200,0.379200,-0.702300
2026-05-21,1282.6278413400,1280.6936130000,1292.9241881600,1280.6936130000,3886838,5112740390.8900,0.310400,-0.304200
2026-05-22,1280.6447688500,1260.3744466000,1281.5825765300,1260.2962959600,4915714,6372389481.7000,0.392500,-1.586600
2026-05-25,1257.2484210000,1256.1543120400,1274.6271695700,1247.4795910000,4635276,5978725158.2600,0.370100,-0.334800
2026-05-26,1255.6365640500,1243.9432745400,1260.0716128700,1240.6511788300,4593162,5867830633.1900,0.366800,-0.972100
2026-05-27,1238.7071816600,1272.8785490000,1288.5086770000,1221.2014383000,8272791,10586574902.2000,0.660600,2.326100
2026-05-28,1260.1790700000,1246.4831703400,1273.8554320000,1241.6182930000,4588998,5895475019.4800,0.367100,-2.073700
2026-05-29,1241.2275398000,1295.3468580000,1298.2775070000,1240.6414100000,7647805,10037388211.1500,0.611800,3.920100
2026-06-01,1296.3237410000,1279.3259768000,1296.3237410000,1271.2276167300,4384460,5741133268.4500,0.350700,-1.236800
2026-06-02,1275.8091980000,1277.0009952600,1295.6985358800,1270.9247830000,3636185,4769963103.8100,0.290900,-0.181700
2026-06-03,1273.8554320000,1252.2760865300,1273.8554320000,1246.5027080000,5247652,6743202681.3200,0.419800,-1.936200
2026-06-04,1249.4235881700,1238.6876440000,1259.1924181700,1237.4079272700,3350617,4273269325.4900,0.268000,-1.085100
2026-06-05,1248.4564740000,1243.4352953800,1253.3408890000,1238.4336544200,3130397,3984001862.3400,0.250400,0.383300
2026-06-08,1242.5951760000,1233.7836913400,1248.4564740000,1230.8725800000,3082836,3898027116.3000,0.246600,-0.776200
2026-06-09,1233.7934601700,1226.9650480000,1233.8032290000,1223.5948016500,2786012,3500590714.7500,0.222900,-0.552700
2026-06-10,1223.1356666400,1246.3854820400,1252.3640060000,1221.3088954300,3924414,4991686419.3200,0.313900,1.582800
2026-06-11,1242.7124019600,1249.4333570000,1253.2236630400,1237.6228415300,2535198,3230008219.7100,0.202800,0.244500
2026-06-12,1241.7941319400,1262.0449165300,1265.0634850000,1235.7667638300,5049478,6477910214.3300,0.403900,1.009400
2026-06-15,1262.8166541000,1241.7159813000,1262.8166541000,1240.7390983000,4158556,5303656129.2900,0.332700,-1.610800
2026-06-16,1237.7205298300,1226.6426766100,1238.5704180400,1225.9881650000,3496974,4399957625.4600,0.279700,-1.213900
2026-06-17,1228.9188140000,1211.3349200000,1230.6478969100,1209.9282084800,4480330,5581256291.1200,0.358400,-1.247900
2026-06-18,1206.4505050000,1186.9128450000,1210.2310422100,1183.2202272600,5747173,7016713941.4000,0.459700,-2.016100
2026-06-22,1186.2387957300,1212.7123250300,1223.8390224000,1177.1440150000,5825131,7163236298.3700,0.466000,2.173700
2026-06-23,1210.3580370000,1194.1906233500,1234.7801120000,1188.8666110000,5800405,7179745910.8200,0.464000,-1.527300
2026-06-24,1194.3859999500,1179.7620614400,1213.1616912100,1179.5959913300,4533528,5516574459.5500,0.362700,-1.208200
2026-06-25,1179.0977810000,1184.0798843000,1198.6354410000,1172.2596000000,4844649,5860481755.2100,0.387500,0.366000
2026-06-26,1199.0000000000,1168.6300000000,1199.0000000000,1168.1000000000,5006647,5922014053.7700,0.400500,-1.304800
2026-06-29,1169.0000000000,1194.9600000000,1215.0000000000,1151.0100000000,6687812,7949237761.3900,0.535000,2.253100
2026-06-30,1187.0000000000,1185.4900000000,1195.6700000000,1176.0000000000,3960779,4684236158.9500,0.316800,-0.792500
2026-07-01,1180.1000000000,1193.0100000000,1196.8000000000,1166.3300000000,4247381,5033838235.5400,0.339800,0.634300
2026-07-02,1193.0100000000,1203.0000000000,1215.5200000000,1190.5100000000,5087015,6122360931.7800,0.406900,0.837400
2026-07-03,1205.2400000000,1194.4500000000,1210.1400000000,1185.0000000000,3426755,4099266243.4100,0.274100,-0.710700
2026-07-06,1186.0000000000,1206.9100000000,1215.0000000000,1180.0000000000,4097001,4913750668.1300,0.327700,1.043200
2026-07-07,1200.0000000000,1188.8000000000,1202.0000000000,1188.1100000000,2736500,3264967794.0900,0.218900,-1.500500
2026-07-08,1188.7700000000,1199.3000000000,1200.9800000000,1177.0000000000,2577602,3071933497.8000,0.206200,0.883200
2026-07-09,1191.0000000000,1182.1900000000,1191.9900000000,1178.0000000000,3409634,4035216946.0800,0.272800,-1.426700
2026-07-10,1182.2000000000,1204.9800000000,1204.9800000000,1170.2800000000,5221255,6223343641.5500,0.417700,1.927800
2026-07-13,1197.1200000000,1210.9900000000,1215.0000000000,1190.1900000000,4198257,5056689558.4000,0.335800,0.498800
2026-07-14,1208.9900000000,1214.8800000000,1226.8700000000,1205.0000000000,4352726,5294785036.0100,0.348200,0.321200
2026-07-15,1203.6600000000,1251.0600000000,1256.6000000000,1198.6600000000,7194371,8922861366.6100,0.575500,2.978100
2026-07-16,1252.0000000000,1258.9900000000,1267.9700000000,1245.0500000000,4761114,5987570857.5300,0.380900,0.633900
2026-07-17,1269.0100000000,1253.0000000000,1269.3300000000,1238.9800000000,5841730,7322732708.6300,0.467300,-0.475800
2026-07-20,1270.0000000000,1327.5000000000,1329.0000000000,1266.0000000000,10615115,13898351083.8500,0.849200,5.945700
2026-07-21,1338.9800000000,1308.0000000000,1344.7000000000,1296.8700000000,7714770,10174304108.0300,0.617100,-1.468900
2026-07-22,1300.0000000000,1305.0000000000,1308.0000000000,1283.2400000000,6518140,8431141765.9500,0.521400,-0.229400
2026-07-23,1299.8000000000,1292.0100000000,1303.0000000000,1285.4300000000,3391769,4392505599.4700,0.271300,-0.995400
2026-07-24,1305.0000000000,1297.4100000000,1309.2100000000,1286.2000000000,3569892,4622242878.4900,0.285600,0.418000
2026-07-27,1308.0000000000,1289.5000000000,1308.0000000000,1279.5800000000,3199044,4129228559.7800,0.255900,-0.609700
2026-07-28,1299.0000000000,1320.0000000000,1320.0000000000,1289.5200000000,5313457,6960058121.1500,0.425000,2.365300
2026-07-29,1333.8300000000,1321.0000000000,1343.4800000000,1312.0600000000,6232985,8282396818.6400,0.498600,0.075800
2026-07-30,1323.0000000000,1361.7600000000,1362.0000000000,1322.0000000000,7187261,9712135434.4900,0.574900,3.085500
2026-07-31,1330.0300000000,1350.6000000000,1355.7200000000,1325.7700000000,5512752,7373462605.4900,0.441000,-0.819500
