date,close
1991-04-03,988.1088
1991-04-04,983.2273
1991-04-05,978.4453
1991-04-08,968.8018
1991-04-09,964.0183
1991-04-10,959.2242
1991-04-11,954.4296
1991-04-12,949.7644
1991-04-15,940.4865
1991-04-16,935.94
1991-04-17,931.3929
1991-04-18,926.8454
1991-04-19,922.2972
1991-04-22,913.145
1991-04-23,908.5955
1991-04-24,904.1755
1991-04-25,899.7551
1991-04-26,895.3241
1991-04-29,886.4377
1991-04-30,882.0354
1991-05-02,877.6726
1991-05-03,873.3093
1991-05-06,864.5397
1991-05-07,860.2953
1991-05-08,856.0603
1991-05-09,851.8249
1991-05-10,847.5889
1991-05-13,839.0655
1991-05-14,836.461
1991-05-15,834.0365
1991-05-16,831.6017
1991-05-17,829.3068
1991-05-20,824.2965
1991-05-21,821.8206
1991-05-22,819.3444
1991-05-23,815.3447
1991-05-24,811.3545
1991-05-27,803.3049
1991-05-28,799.8448
1991-05-29,796.5145
1991-05-30,793.1738
1991-05-31,789.8327
1991-06-03,783.1127
1991-06-04,779.7706
1991-06-05,776.4382
1991-06-06,773.3861
1991-06-07,770.3235
1991-06-10,735.7622
1991-06-11,758.7318
1991-06-12,755.3168
1991-06-13,748.2004
1991-06-14,737.9636
1991-06-17,723.2918
1991-06-18,723.5455
1991-06-19,719.696
1991-06-20,712.5051
1991-06-21,706.8183
1991-06-24,692.1904
1991-06-25,692.5326
1991-06-26,696.4576
1991-06-27,697.4424
1991-06-28,693.9811
1991-07-01,686.5949
1991-07-02,672.7234
1991-07-03,671.6693
1991-07-04,664.2302
1991-07-05,655.0032
1991-07-08,631.016
1991-07-09,614.5263
1991-07-10,617.505
1991-07-11,610.8638
1991-07-12,605.6278
1991-07-15,596.9865
1991-07-16,587.4502
1991-07-17,579.3492
1991-07-18,611.6886
1991-07-19,619.5807
1991-07-22,604.5784
1991-07-23,604.755
1991-07-24,601.6864
1991-07-25,597.502
1991-07-26,588.8957
1991-07-29,582.6199
1991-07-30,580.0617
1991-07-31,581.3726
1991-08-01,582.3118
1991-08-02,580.9795
1991-08-05,581.2352
1991-08-06,579.9127
1991-08-07,579.4445
1991-08-08,577.6592
1991-08-09,575.9642
1991-08-12,575.9884
1991-08-13,574.625
1991-08-14,573.7943
1991-08-15,571.988
1991-08-16,574.285
1991-08-19,460.7215
1991-08-20,451.7763
1991-08-21,448.6747
1991-08-22,439.9188
1991-08-23,438.3051
1991-08-26,444.1467
1991-08-27,439.8163
1991-08-28,438.806
1991-08-29,438.1478
1991-08-30,436.5637
1991-09-02,434.5969
1991-09-03,432.1468
1991-09-04,428.8106
1991-09-05,422.3837
1991-09-06,405.2147
1991-09-09,412.5478
1991-09-10,413.257
1991-09-11,420.4202
1991-09-12,421.9657
1991-09-13,421.4571
1991-09-16,416.7995
1991-09-17,415.4647
1991-09-18,413.9585
1991-09-19,411.1529
1991-09-20,410.5327
1991-09-23,411.4537
1991-09-24,409.9973
1991-09-25,412.1071
1991-09-26,413.4314
1991-09-27,416.9422
1991-10-03,445.4531
1991-10-04,441.7511
1991-10-07,495.0979
1991-10-08,591.1014
1991-10-09,718.4901
1991-10-10,646.5276
1991-10-11,673.3582
1991-10-14,697.6012
1991-10-15,662.1679
1991-10-16,654.1118
1991-10-17,677.6926
1991-10-18,681.4938
1991-10-21,676.5331
1991-10-22,664.8054
1991-10-23,671.5411
1991-10-24,678.7415
1991-10-25,680.9403
1991-10-28,714.0742
1991-10-29,732.3034
1991-10-30,740.1648
1991-10-31,786.7252
1991-11-01,841.2408
1991-11-04,926.3532
1991-11-05,927.3568
1991-11-06,887.2018
1991-11-07,907.8302
1991-11-08,923.2537
1991-11-12,1133.1253
1991-11-13,1160.6953
1991-11-14,1197.9783
1991-11-15,1152.8493
1991-11-18,926.3374
1991-11-19,1075.7009
1991-11-20,1072.4434
1991-11-21,1019.7034
1991-11-22,1049.6612
1991-11-25,1004.6987
1991-11-26,938.7669
1991-11-27,985.0047
1991-11-28,945.4131
1991-11-29,908.8567
1991-12-02,882.1037
1991-12-03,918.7329
1991-12-04,920.8989
1991-12-05,888.0702
1991-12-06,902.8433
1991-12-09,921.2958
1991-12-10,932.0611
1991-12-11,925.8213
1991-12-12,909.7077
1991-12-13,888.6401
1991-12-16,907.7846
1991-12-17,900.2379
1991-12-18,900.6655
1991-12-19,897.0093
1991-12-20,895.8496
1991-12-23,908.8838
1991-12-24,973.6437
1991-12-25,969.7584
1991-12-26,940.6951
1991-12-27,955.0193
1991-12-30,964.218
1991-12-31,974.5403
1992-01-02,975.7412
1992-01-03,973.2302
1992-01-06,984.3338
1992-01-07,998.4632
1992-01-08,990.5308
1992-01-09,994.4746
1992-01-10,997.306
1992-01-13,988.1478
1992-01-14,974.2024
1992-01-15,965.4465
1992-01-16,948.6038
1992-01-17,956.8073
1992-01-20,970.0216
1992-01-21,961.3039
1992-01-22,957.8892
1992-01-23,964.7184
1992-01-24,974.6361
1992-01-27,967.1719
1992-01-28,971.6135
1992-01-29,983.123
1992-01-30,996.3857
1992-01-31,1017.5182
1992-02-10,1015.999
1992-02-11,1016.8089
1992-02-12,1024.0099
1992-02-13,1025.1749
1992-02-14,1014.4986
1992-02-17,1002.3016
1992-02-18,995.8168
1992-02-19,997.2134
1992-02-20,1012.3592
1992-02-21,1009.3088
1992-02-24,990.805
1992-02-25,983.4664
1992-02-26,971.3434
1992-02-27,996.019
1992-02-28,1007.6734
1992-03-02,1029.1611
1992-03-03,1021.9442
1992-03-04,1017.5244
1992-03-05,1024.3773
1992-03-06,1019.5414
1992-03-09,1016.2562
1992-03-10,1014.7247
1992-03-11,1016.9754
1992-03-12,1020.8186
1992-03-13,1021.2748
1992-03-16,1034.135
1992-03-17,1034.7646
1992-03-18,1036.3578
1992-03-19,1035.0095
1992-03-20,1029.5626
1992-03-23,1036.482
1992-03-24,1045.4517
1992-03-25,1087.9461
1992-03-26,1132.8198
1992-03-27,1135.4241
1992-03-30,1199.8511
1992-03-31,1282.7665
1992-04-01,1342.9975
1992-04-02,1330.512
1992-04-03,1327.0182
1992-04-06,1386.9783
1992-04-07,1425.7589
1992-04-08,1461.8436
1992-04-09,1489.8813
1992-04-10,1545.4889
1992-04-13,1729.7541
1992-04-14,1777.9489
1992-04-15,1677.8541
1992-04-16,1759.4642
1992-04-17,1734.2796
1992-04-20,1700.1234
1992-04-21,1696.4968
1992-04-22,1781.5912
1992-04-23,1852.7984
1992-04-24,1885.7843
1992-04-27,1865.6275
1992-04-28,1883.5296
1992-04-29,1945.5332
1992-04-30,2029.4528
1992-05-04,2198.715
1992-05-05,2349.8152
1992-05-06,2336.0007
1992-05-07,2265.4793
1992-05-08,2256.7608
1992-05-11,2332.301
1992-05-12,2467.5339
1992-05-13,2493.8695
1992-05-14,2499.5081
1992-05-15,2554.0029
1992-05-18,2634.6974
1992-05-19,2771.2078
1992-05-20,2706.5734
1992-05-21,2724.1049
1992-05-22,2725.0908
1992-05-25,2800.7336
1992-05-26,2877.7584
1992-05-27,2881.3273
1992-05-28,2832.2513
1992-05-29,2815.0536
1992-06-01,2841.5724
1992-06-02,2766.224
1992-06-03,2560.9262
1992-06-04,2581.3392
1992-06-05,2602.3653
1992-06-08,2559.2768
1992-06-09,2423.8492
1992-06-10,2451.4145
1992-06-11,2409.8463
1992-06-12,2432.6702
1992-06-15,2323.936
1992-06-16,2159.59
1992-06-17,2385.2219
1992-06-18,2325.1056
1992-06-19,2325.3356
1992-06-22,2217.6722
1992-06-23,2260.007
1992-06-24,2235.9326
1992-06-25,2267.3548
1992-06-26,2374.9508
1992-06-29,2575.2864
1992-06-30,2681.1911
1992-07-01,2570.1327
1992-07-02,2547.3928
1992-07-03,2585.559
1992-07-06,2548.4297
1992-07-07,2557.8951
1992-07-08,2564.8343
1992-07-09,2523.1009
1992-07-10,2507.4028
1992-07-13,2561.2358
1992-07-14,2579.165
1992-07-15,2566.4031
1992-07-16,2609.0763
1992-07-17,2664.4267
1992-07-20,2779.2438
1992-07-21,2752.5528
1992-07-22,2761.1085
1992-07-23,2812.6977
1992-07-24,2838.2069
1992-07-27,2932.3854
1992-07-28,2871.1004
1992-07-29,2879.839
1992-07-30,2900.9108
1992-07-31,2878.6313
1992-08-03,2732.7171
1992-08-04,2804.0703
1992-08-05,2819.3679
1992-08-06,2794.2314
1992-08-07,2872.009
1992-08-10,2942.6016
1992-08-11,2789.4445
1992-08-12,2783.7524
1992-08-13,2699.5215
1992-08-14,2784.7678
1992-08-17,2828.3364
1992-08-18,2797.4616
1992-08-19,2799.3125
1992-08-20,2798.0294
1992-08-21,2751.189
1992-08-24,2702.6173
1992-08-25,2617.708
1992-08-26,2672.9877
1992-08-27,2677.2931
1992-08-28,2672.5604
1992-08-31,2620.4967
1992-09-01,2560.8478
1992-09-02,2551.2858
1992-09-03,2513.2723
1992-09-04,2411.7096
1992-09-07,2300.6125
1992-09-08,2445.6738
1992-09-09,2532.3047
1992-09-10,2561.1391
1992-09-11,2591.0499
1992-09-14,2535.8945
1992-09-15,2528.2166
1992-09-16,2537.7091
1992-09-17,2581.2204
1992-09-18,2549.8793
1992-09-21,2538.7042
1992-09-22,2517.57
1992-09-23,2551.3571
1992-09-24,2652.4471
1992-09-25,2619.1479
1992-09-28,2614.8249
1992-09-29,2623.5196
1992-09-30,2606.4943
1992-10-05,2599.3877
1992-10-06,2563.1398
1992-10-07,2581.8375
1992-10-08,2572.0787
1992-10-09,2588.4671
1992-10-12,2589.5419
1992-10-13,2573.5919
1992-10-14,2524.5803
1992-10-15,2556.7075
1992-10-16,2538.7981
1992-10-19,2455.8914
1992-10-20,2477.6426
1992-10-21,2403.3197
1992-10-22,2372.2951
1992-10-23,2315.1539
1992-10-26,2136.3297
1992-10-27,2070.7622
1992-10-28,2120.0699
1992-10-29,2208.3421
1992-10-30,2248.7144
1992-11-02,2123.2444
1992-11-03,2172.5259
1992-11-04,2128.7305
1992-11-05,2114.7234
1992-11-06,2098.0209
1992-11-09,2080.2306
1992-11-10,2062.8684
1992-11-11,2010.6837
1992-11-12,1946.6803
1992-11-13,1859.3194
1992-11-16,1676.74
1992-11-17,1645.679
1992-11-18,1729.1815
1992-11-19,1738.231
1992-11-20,1682.6328
1992-11-23,1613.6832
1992-11-24,1660.5704
1992-11-25,1721.5473
1992-11-26,1906.642
1992-11-27,1905.9969
1992-11-30,2124.5666
1992-12-01,2189.8294
1992-12-02,2141.8198
1992-12-03,2084.2374
1992-12-04,2179.3097
1992-12-07,2309.6303
1992-12-08,2284.7948
1992-12-09,2201.4533
1992-12-10,2139.5493
1992-12-11,2196.6071
1992-12-14,2181.494
1992-12-15,2140.0443
1992-12-16,2193.2753
1992-12-17,2170.3922
1992-12-18,2213.5244
1992-12-21,2241.3414
1992-12-22,2211.3969
1992-12-23,2190.6236
1992-12-24,2229.2
1992-12-25,2234.1157
1992-12-28,2237.174
1992-12-29,2280.1432
1992-12-30,2355.9572
1992-12-31,2371.4044
1993-01-04,2439.933
1993-01-05,2439.8216
1993-01-06,2468.1629
1993-01-07,2495.2753
1993-01-08,2537.5175
1993-01-11,2623.8737
1993-01-12,2563.6499
1993-01-13,2592.2123
1993-01-14,2565.0747
1993-01-15,2594.2467
1993-01-18,2656.5008
1993-01-19,2682.7844
1993-02-01,2935.3686
1993-02-02,3038.8859
1993-02-03,2992.8178
1993-02-04,3044.3034
1993-02-05,3103.0503
1993-02-08,3267.6271
1993-02-09,3219.7221
1993-02-10,3177.9476
1993-02-11,3140.1254
1993-02-12,3059.3303
1993-02-15,3172.7893
1993-02-16,3107.0581
1993-02-17,3180.2304
1993-02-18,3209.713
1993-02-19,3371.6282
1993-02-22,3405.6708
1993-02-23,3361.7048
1993-02-24,3207.4541
1993-02-25,3330.263
1993-02-26,3276.7807
1993-03-01,3293.3308
1993-03-02,3215.2543
1993-03-03,3117.9617
1993-03-04,3134.1144
1993-03-05,2958.1069
1993-03-08,3054.3649
1993-03-09,3031.5487
1993-03-10,3207.3891
1993-03-11,3211.0893
1993-03-12,3250.8008
1993-03-15,3099.7069
1993-03-16,3104.76
1993-03-17,3015.9873
1993-03-18,3043.3437
1993-03-19,3045.4397
1993-03-22,2935.1815
1993-03-23,2927.6032
1993-03-24,2838.4947
1993-03-25,2996.3469
1993-03-26,2969.8022
1993-03-29,2934.3666
1993-03-30,2976.2014
1993-03-31,2996.3498
1993-04-01,2990.3479
1993-04-02,2959.6744
1993-04-05,2933.8493
1993-04-06,2955.4835
1993-04-07,3035.558
1993-04-08,3115.4151
1993-04-09,3101.4531
1993-04-12,3107.9545
1993-04-13,3118.352
1993-04-14,3096.4109
1993-04-15,3099.1306
1993-04-16,3129.8654
1993-04-19,3085.6769
1993-04-20,3075.4801
1993-04-21,3074.9725
1993-04-22,3028.3088
1993-04-23,3012.7454
1993-04-26,3035.6601
1993-04-27,3013.7125
1993-04-28,3023.2552
1993-04-29,2973.2745
1993-04-30,2985.5283
1993-05-03,2942.3258
1993-05-04,2936.828
1993-05-05,2839.1639
1993-05-06,2765.6165
1993-05-07,2764.4916
1993-05-10,2691.1165
1993-05-11,2637.9965
1993-05-12,2729.0677
1993-05-13,2805.5587
1993-05-14,2814.3011
1993-05-17,2703.755
1993-05-18,2737.5408
1993-05-19,2702.2088
1993-05-20,2670.4026
1993-05-21,2607.2946
1993-05-24,2508.2338
1993-05-25,2557.5348
1993-05-26,2521.2108
1993-05-27,2500.8863
1993-05-28,2516.6476
1993-05-31,2592.3651
1993-06-01,2544.0244
1993-06-02,2587.0866
1993-06-03,2643.5287
1993-06-04,2603.8276
1993-06-07,2603.5591
1993-06-08,2592.3821
1993-06-09,2549.582
1993-06-10,2540.8592
1993-06-11,2472.0457
1993-06-14,2401.054
1993-06-15,2429.1582
1993-06-16,2399.6038
1993-06-17,2390.8178
1993-06-18,2507.0522
1993-06-21,2444.3926
1993-06-22,2445.9645
1993-06-23,2468.7062
1993-06-24,2506.4915
1993-06-25,2449.389
1993-06-28,2437.2112
1993-06-29,2446.1033
1993-06-30,2417.7833
1993-07-01,2381.2807
1993-07-02,2420.3256
1993-07-05,2404.6675
1993-07-06,2340.8746
1993-07-07,2326.8648
1993-07-08,2325.069
1993-07-09,2269.773
1993-07-12,2143.5257
1993-07-13,2122.5383
1993-07-14,2119.7884
1993-07-15,2057.5033
1993-07-16,2009.7901
1993-07-19,1900.8216
1993-07-20,1896.133
1993-07-21,1840.8465
1993-07-22,1867.3172
1993-07-23,1932.5845
1993-07-26,1925.2053
1993-07-27,2017.5224
1993-07-28,2068.617
1993-07-29,2105.3686
1993-07-30,2162.9867
1993-08-02,2148.7544
1993-08-03,2095.0482
1993-08-04,2120.4917
1993-08-05,2176.7575
1993-08-06,2147.4123
1993-08-09,2274.8607
1993-08-10,2296.447
1993-08-11,2410.0906
1993-08-12,2500.2739
1993-08-13,2609.0529
1993-08-16,2824.3984
1993-08-17,2510.8135
1993-08-18,2560.4282
1993-08-19,2497.7559
1993-08-20,2416.7341
1993-08-23,2280.1761
1993-08-24,2530.6005
1993-08-25,2419.2915
1993-08-26,2404.3336
1993-08-27,2360.3912
1993-08-30,2385.8256
1993-08-31,2415.9489
1993-09-01,2358.5734
1993-09-02,2350.5851
1993-09-03,2417.9669
1993-09-06,2388.2572
1993-09-07,2386.0869
1993-09-08,2371.9485
1993-09-09,2378.105
1993-09-10,2335.0475
1993-09-13,2253.2434
1993-09-14,2272.3708
1993-09-15,2233.8221
1993-09-16,2212.397
1993-09-20,2321.8092
1993-09-21,2278.0999
1993-09-22,2312.5291
1993-09-23,2312.6564
1993-09-24,2230.6976
1993-09-27,2246.8024
1993-09-28,2260.2417
1993-09-29,2312.2004
1993-09-30,2311.3208
1993-10-04,2366.1537
1993-10-05,2348.5738
1993-10-06,2328.5729
1993-10-07,2333.9858
1993-10-08,2317.1692
1993-10-11,2299.5718
1993-10-12,2310.7679
1993-10-13,2283.5205
1993-10-14,2280.8419
1993-10-15,2298.925
1993-10-18,2256.7045
1993-10-19,2256.2883
1993-10-20,2249.9821
1993-10-21,2230.3256
1993-10-22,2215.1135
1993-10-25,2162.8907
1993-10-26,2167.8406
1993-10-27,2184.4084
1993-10-28,2251.2535
1993-10-29,2204.9857
1993-11-01,2179.9035
1993-11-02,2203.1902
1993-11-03,2197.5838
1993-11-04,2187.3405
1993-11-05,2198.8226
1993-11-08,2252.5141
1993-11-09,2224.13
1993-11-10,2336.8757
1993-11-11,2381.8193
1993-11-12,2432.4562
1993-11-15,2484.0454
1993-11-16,2412.9656
1993-11-17,2436.7285
1993-11-18,2472.0288
1993-11-19,2486.3949
1993-11-22,2483.9111
1993-11-23,2404.467
1993-11-24,2371.6104
1993-11-25,2403.328
1993-11-26,2377.6362
1993-11-29,2365.7804
1993-11-30,2381.9255
1993-12-01,2345.738
1993-12-02,2335.2103
1993-12-03,2329.6562
1993-12-06,2342.7638
1993-12-07,2321.5855
1993-12-08,2329.2603
1993-12-09,2323.413
1993-12-10,2421.5596
1993-12-13,2345.1063
1993-12-14,2364.6646
1993-12-15,2405.6962
1993-12-16,2392.6249
1993-12-17,2376.8859
1993-12-20,2307.6869
1993-12-21,2359.9005
1993-12-22,2318.6796
1993-12-23,2290.2556
1993-12-24,2338.3107
1993-12-27,2304.9256
1993-12-28,2282.2987
1993-12-29,2275.3497
1993-12-30,2320.9459
1993-12-31,2319.0312
1994-01-03,2276.8711
1994-01-04,2264.1674
1994-01-05,2266.2928
1994-01-06,2340.8354
1994-01-07,2332.1045
1994-01-10,2325.645
1994-01-11,2303.6416
1994-01-12,2296.4916
1994-01-13,2285.0452
1994-01-14,2235.8433
1994-01-17,2210.8159
1994-01-18,2233.2315
1994-01-19,2183.2877
1994-01-20,2152.0787
1994-01-21,2151.2056
1994-01-24,2150.7287
1994-01-25,2108.7892
1994-01-26,2063.9448
1994-01-27,2082.0004
1994-01-28,2021.7399
1994-01-31,1923.9121
1994-02-01,1915.6482
1994-02-02,1967.2987
1994-02-03,2102.2805
1994-02-04,2195.326
1994-02-14,2015.6272
1994-02-15,2002.1999
1994-02-16,1989.3137
1994-02-17,1954.7247
1994-02-18,1958.5782
1994-02-21,1902.4568
1994-02-22,1957.235
1994-02-23,1954.7622
1994-02-24,2017.4749
1994-02-25,2002.7047
1994-02-28,1958.7141
1994-03-01,1953.1913
1994-03-02,1933.391
1994-03-03,1906.9978
1994-03-04,1882.0742
1994-03-07,1860.8245
1994-03-08,1846.9057
1994-03-09,1843.7457
1994-03-10,1810.2557
1994-03-11,1821.0939
1994-03-14,1898.0752
1994-03-15,1841.1546
1994-03-16,1831.1588
1994-03-17,1838.1549
1994-03-18,1841.4834
1994-03-21,1799.1786
1994-03-22,1775.9239
1994-03-23,1721.7769
1994-03-24,1694.2182
1994-03-25,1696.8805
1994-03-28,1660.4301
1994-03-29,1694.2176
1994-03-30,1677.8705
1994-03-31,1632.0219
1994-04-01,1611.1199
1994-04-04,1588.8454
1994-04-05,1592.2973
1994-04-06,1608.1547
1994-04-07,1604.286
1994-04-08,1560.1008
1994-04-11,1504.2037
1994-04-12,1496.8024
1994-04-13,1465.4509
1994-04-14,1394.9625
1994-04-15,1443.9441
1994-04-18,1366.2044
1994-04-19,1282.9086
1994-04-20,1230.1946
1994-04-21,1290.566
1994-04-22,1248.2925
1994-04-25,1274.7877
1994-04-26,1320.6108
1994-04-27,1388.4452
1994-04-28,1367.955
1994-04-29,1420.4926
1994-05-03,1566.8765
1994-05-04,1516.5392
1994-05-05,1489.402
1994-05-06,1494.5804
1994-05-09,1577.1576
1994-05-10,1589.0347
1994-05-11,1546.2045
1994-05-12,1494.8527
1994-05-13,1571.4469
1994-05-16,1578.3082
1994-05-17,1529.6209
1994-05-18,1519.14
1994-05-19,1554.9825
1994-05-20,1534.0648
1994-05-23,1511.08
1994-05-24,1521.8388
1994-05-25,1489.4493
1994-05-26,1453.2406
1994-05-27,1443.9246
1994-05-30,1372.3401
1994-05-31,1395.2756
1994-06-01,1349.3967
1994-06-02,1348.6697
1994-06-03,1353.8144
1994-06-06,1330.5533
1994-06-07,1324.4245
1994-06-08,1330.5964
1994-06-09,1320.2297
1994-06-10,1312.2742
1994-06-13,1273.91
1994-06-14,1242.8629
1994-06-15,1247.5421
1994-06-16,1287.7023
1994-06-17,1337.4775
1994-06-20,1272.0335
1994-06-21,1260.4937
1994-06-22,1277.8724
1994-06-23,1268.252
1994-06-24,1250.9692
1994-06-27,1207.3412
1994-06-28,1193.2015
1994-06-29,1186.2503
1994-06-30,1200.2612
1994-07-01,1178.4761
1994-07-04,1153.1505
1994-07-05,1154.206
1994-07-06,1154.6632
1994-07-07,1154.7739
1994-07-08,1173.4609
1994-07-11,1152.139
1994-07-12,1142.2514
1994-07-13,1157.3911
1994-07-14,1149.8344
1994-07-15,1113.422
1994-07-18,1071.3537
1994-07-19,1070.5455
1994-07-20,1050.6687
1994-07-21,1038.9953
1994-07-22,1036.2412
1994-07-25,1074.6253
1994-07-26,1116.051
1994-07-27,1061.9007
1994-07-28,1019.9246
1994-07-29,1020.0799
1994-08-01,1287.364
1994-08-02,1284.6341
1994-08-03,1453.9676
1994-08-04,1485.5924
1994-08-05,1606.3534
1994-08-08,1597.0495
1994-08-09,1486.2683
1994-08-10,1640.8995
1994-08-11,1585.3579
1994-08-12,1588.9438
1994-08-15,1554.8052
1994-08-16,1572.1994
1994-08-17,1607.0562
1994-08-18,1656.2754
1994-08-19,1605.9011
1994-08-22,1557.4879
1994-08-23,1584.3773
1994-08-24,1556.5792
1994-08-25,1516.6878
1994-08-26,1503.3615
1994-08-29,1492.1804
1994-08-30,1541.6059
1994-08-31,1596.6889
1994-09-01,1649.2206
1994-09-02,1713.7475
1994-09-05,2010.0847
1994-09-06,2167.0879
1994-09-07,2019.1784
1994-09-08,2174.9374
1994-09-09,2058.2708
1994-09-12,2180.8195
1994-09-13,2162.9534
1994-09-14,2108.5437
1994-09-15,2039.9416
1994-09-16,2093.2917
1994-09-19,2064.1884
1994-09-20,2015.2895
1994-09-21,2111.8366
1994-09-22,2071.7312
1994-09-23,2047.8239
1994-09-26,2072.9471
1994-09-27,2098.7793
1994-09-28,2142.4325
1994-09-29,1966.4134
1994-09-30,1813.3353
1994-10-05,1597.7316
1994-10-06,1535.5372
1994-10-07,1656.1784
1994-10-10,1575.66
1994-10-11,1597.3219
1994-10-12,1600.1685
1994-10-13,1496.0585
1994-10-14,1527.1665
1994-10-17,1454.9564
1994-10-18,1459.5878
1994-10-19,1499.937
1994-10-20,1576.411
1994-10-21,1514.3748
1994-10-24,1593.3479
1994-10-25,1547.9498
1994-10-26,1525.4049
1994-10-27,1548.5245
1994-10-28,1521.335
1994-10-31,1463.5144
1994-11-01,1474.237
1994-11-02,1472.0456
1994-11-03,1505.7317
1994-11-04,1467.5143
1994-11-07,1460.288
1994-11-08,1490.6127
1994-11-09,1502.4595
1994-11-10,1475.907
1994-11-11,1509.2253
1994-11-14,1512.1021
1994-11-15,1490.7819
1994-11-16,1490.6701
1994-11-17,1472.0068
1994-11-18,1472.6435
1994-11-21,1460.4923
1994-11-22,1455.3835
1994-11-23,1445.2575
1994-11-24,1436.778
1994-11-25,1447.3942
1994-11-28,1439.6531
1994-11-29,1454.1793
1994-11-30,1442.772
1994-12-01,1442.5515
1994-12-02,1434.4702
1994-12-05,1408.1825
1994-12-06,1383.9627
1994-12-07,1384.3727
1994-12-08,1367.4405
1994-12-09,1349.5551
1994-12-12,1317.5575
1994-12-13,1342.5705
1994-12-14,1327.2702
1994-12-15,1445.8633
1994-12-16,1422.7654
1994-12-19,1381.5752
1994-12-20,1396.2166
1994-12-21,1375.5752
1994-12-22,1353.5884
1994-12-23,1348.9737
1994-12-26,1326.0732
1994-12-27,1325.6868
1994-12-28,1331.1282
1994-12-29,1324.9984
1994-12-30,1344.6151
1995-01-03,1343.1718
1995-01-04,1377.656
1995-01-05,1368.5968
1995-01-06,1370.3924
1995-01-09,1334.7092
1995-01-10,1299.6037
1995-01-11,1308.1789
1995-01-12,1290.1807
1995-01-13,1282.563
1995-01-16,1246.2182
1995-01-17,1243.9001
1995-01-18,1263.2402
1995-01-19,1224.834
1995-01-20,1225.1292
1995-01-23,1215.0486
1995-01-24,1210.6632
1995-01-25,1218.7935
1995-01-26,1232.1876
1995-01-27,1224.9855
1995-02-06,1225.0585
1995-02-07,1225.1314
1995-02-08,1225.2043
1995-02-09,1225.2772
1995-02-10,1225.3502
1995-02-13,1234.0254
1995-02-14,1227.2336
1995-02-15,1225.7491
1995-02-16,1214.3362
1995-02-17,1208.3261
1995-02-20,1209.8392
1995-02-21,1208.5229
1995-02-22,1214.2438
1995-02-23,1330.778
1995-02-24,1287.7911
1995-02-27,1231.2519
1995-02-28,1229.5972
1995-03-01,1229.6174
1995-03-02,1245.1061
1995-03-03,1251.2556
1995-03-06,1275.1984
1995-03-07,1322.844
1995-03-08,1356.2001
1995-03-09,1349.3768
1995-03-10,1309.2926
1995-03-13,1287.9029
1995-03-14,1278.2634
1995-03-15,1275.8997
1995-03-16,1252.2445
1995-03-17,1264.8802
1995-03-20,1275.1727
1995-03-21,1253.5929
1995-03-22,1262.1032
1995-03-23,1286.4683
1995-03-24,1269.7776
1995-03-27,1278.3541
1995-03-28,1291.3892
1995-03-29,1280.9263
1995-03-30,1299.8119
1995-03-31,1284.6456
1995-04-03,1300.9327
1995-04-04,1281.2313
1995-04-05,1302.6483
1995-04-06,1285.6735
1995-04-07,1297.0482
1995-04-10,1324.3317
1995-04-11,1329.7417
1995-04-12,1292.4476
1995-04-13,1298.1537
1995-04-14,1284.5714
1995-04-17,1292.5084
1995-04-18,1285.4255
1995-04-19,1275.5583
1995-04-20,1276.6435
1995-04-21,1280.5232
1995-04-24,1267.36
1995-04-25,1229.447
1995-04-26,1218.7233
1995-04-27,1178.7942
1995-04-28,1129.6031
1995-05-02,1156.7099
1995-05-03,1143.9704
1995-05-04,1134.8222
1995-05-05,1123.026
1995-05-08,1112.7911
1995-05-09,1122.458
1995-05-10,1091.6159
1995-05-11,1094.839
1995-05-12,1110.2807
1995-05-15,1094.9693
1995-05-16,1099.6714
1995-05-17,1108.1391
1995-05-18,1369.3385
1995-05-19,1460.812
1995-05-22,1501.0873
1995-05-23,1251.1391
1995-05-24,1245.7665
1995-05-25,1254.4692
1995-05-26,1200.8752
1995-05-29,1226.3994
1995-05-30,1226.4724
1995-05-31,1201.3983
1995-06-01,1213.2725
1995-06-02,1206.9588
1995-06-05,1183.2627
1995-06-06,1177.5425
1995-06-07,1205.0772
1995-06-08,1176.4158
1995-06-09,1182.3095
1995-06-12,1172.0415
1995-06-13,1169.5878
1995-06-14,1172.181
1995-06-15,1169.727
1995-06-16,1113.0552
1995-06-19,1120.1933
1995-06-20,1127.9606
1995-06-21,1133.3429
1995-06-22,1128.5743
1995-06-23,1132.4871
1995-06-26,1140.6618
1995-06-27,1133.5488
1995-06-28,1129.3757
1995-06-29,1120.7482
1995-06-30,1120.9214
1995-07-03,1121.4997
1995-07-04,1101.2749
1995-07-05,1104.4526
1995-07-06,1104.6462
1995-07-07,1136.1673
1995-07-10,1135.169
1995-07-11,1121.3353
1995-07-12,1122.7027
1995-07-13,1138.0052
1995-07-14,1132.3365
1995-07-17,1156.6836
1995-07-18,1155.6754
1995-07-19,1136.3033
1995-07-20,1154.5546
1995-07-21,1168.4885
1995-07-24,1171.9285
1995-07-25,1162.0249
1995-07-26,1152.5573
1995-07-27,1160.6803
1995-07-28,1158.1463
1995-07-31,1155.6225
1995-08-01,1170.4266
1995-08-02,1159.6442
1995-08-03,1168.9226
1995-08-04,1168.9921
1995-08-07,1221.6452
1995-08-08,1229.7547
1995-08-09,1230.9914
1995-08-10,1237.6401
1995-08-11,1271.2974
1995-08-14,1323.0751
1995-08-15,1289.0646
1995-08-16,1311.5201
1995-08-17,1334.9499
1995-08-18,1397.1976
1995-08-21,1365.0202
1995-08-22,1330.5856
1995-08-23,1291.6186
1995-08-24,1313.9327
1995-08-25,1285.6199
1995-08-28,1273.4869
1995-08-29,1249.2597
1995-08-30,1241.0759
1995-08-31,1252.0367
1995-09-01,1252.1112
1995-09-04,1256.4919
1995-09-05,1249.4606
1995-09-06,1262.8396
1995-09-07,1260.7774
1995-09-08,1251.2869
1995-09-11,1264.6363
1995-09-12,1266.1012
1995-09-13,1279.0896
1995-09-14,1289.236
1995-09-15,1294.6795
1995-09-18,1299.1615
1995-09-19,1257.2614
1995-09-20,1243.0507
1995-09-21,1252.1392
1995-09-22,1258.3094
1995-09-25,1248.5559
1995-09-26,1249.443
1995-09-27,1225.7723
1995-09-28,1225.8238
1995-09-29,1246.2644
1995-10-04,1238.3259
1995-10-05,1240.1863
1995-10-06,1233.3377
1995-10-09,1212.7176
1995-10-10,1203.4483
1995-10-11,1198.8221
1995-10-12,1190.621
1995-10-13,1196.3214
1995-10-16,1159.2744
1995-10-17,1214.7351
1995-10-18,1230.7461
1995-10-19,1212.5888
1995-10-20,1282.0225
1995-10-23,1271.2748
1995-10-24,1266.1791
1995-10-25,1313.7956
1995-10-26,1282.5634
1995-10-27,1254.4436
1995-10-30,1240.3177
1995-10-31,1235.7219
1995-11-01,1242.5432
1995-11-02,1238.3648
1995-11-03,1250.3609
1995-11-06,1255.8237
1995-11-07,1247.3493
1995-11-08,1229.4886
1995-11-09,1228.9296
1995-11-10,1228.4349
1995-11-13,1206.5942
1995-11-14,1209.1201
1995-11-15,1213.8862
1995-11-16,1208.7603
1995-11-17,1213.5269
1995-11-20,1217.0614
1995-11-21,1223.78
1995-11-22,1204.2455
1995-11-23,1199.1068
1995-11-24,1203.4668
1995-11-27,1189.2565
1995-11-28,1184.7808
1995-11-29,1171.876
1995-11-30,1164.9
1995-12-01,1160.1647
1995-12-04,1160.0836
1995-12-05,1164.0891
1995-12-06,1161.3051
1995-12-07,1161.3742
1995-12-08,1165.8203
1995-12-11,1147.6726
1995-12-12,1154.1677
1995-12-13,1142.7447
1995-12-14,1136.9217
1995-12-15,1126.0866
1995-12-18,1103.8422
1995-12-19,1102.7488
1995-12-20,1109.6192
1995-12-21,1099.66
1995-12-22,1098.8559
1995-12-25,1073.9947
1995-12-26,1068.1862
1995-12-27,1071.3955
1995-12-28,1055.2895
1995-12-29,1060.6674
1996-01-02,1037.0313
1996-01-03,1035.4285
1996-01-04,1056.1852
1996-01-05,1037.7857
1996-01-08,1033.4545
1996-01-09,1056.0301
1996-01-10,1039.3246
1996-01-11,1036.2173
1996-01-12,1042.7573
1996-01-15,1045.4838
1996-01-16,1044.3104
1996-01-17,1031.4461
1996-01-18,1005.7065
1996-01-19,1011.6018
1996-01-22,999.8293
1996-01-23,999.6631
1996-01-24,1006.5479
1996-01-25,1005.9521
1996-01-26,1024.3189
1996-01-29,1027.1534
1996-01-30,1030.8914
1996-01-31,1030.8238
1996-02-01,1034.5624
1996-02-02,1028.8927
1996-02-05,1015.1248
1996-02-06,1011.2707
1996-02-07,1009.6209
1996-02-08,1008.2612
1996-02-09,1016.6895
1996-02-12,1021.8595
1996-02-13,1050.363
1996-02-14,1036.6552
1996-02-15,1053.479
1996-02-16,1088.0792
1996-03-04,1149.9599
1996-03-05,1122.9978
1996-03-06,1084.7655
1996-03-07,1110.9599
1996-03-08,1110.165
1996-03-11,1090.6099
1996-03-12,1086.8214
1996-03-13,1087.8118
1996-03-14,1092.7424
1996-03-15,1095.1005
1996-03-18,1104.877
1996-03-19,1102.5417
1996-03-20,1103.2103
1996-03-21,1102.2314
1996-03-22,1108.9845
1996-03-25,1111.646
1996-03-26,1102.816
1996-03-27,1099.0472
1996-03-28,1091.5941
1996-03-29,1093.4473
1996-04-01,1099.8575
1996-04-02,1088.0938
1996-04-03,1091.4231
1996-04-04,1106.4972
1996-04-05,1134.6221
1996-04-08,1146.7156
1996-04-09,1142.1068
1996-04-10,1147.5634
1996-04-11,1159.3904
1996-04-12,1174.2044
1996-04-15,1190.5077
1996-04-16,1212.828
1996-04-17,1206.8092
1996-04-18,1252.3448
1996-04-19,1262.0797
1996-04-22,1286.8139
1996-04-23,1342.0992
1996-04-24,1449.7018
1996-04-25,1387.4989
1996-04-26,1577.2756
1996-04-29,1703.6771
1996-04-30,1645.545
1996-05-02,1607.8682
1996-05-03,1605.7201
1996-05-06,1700.5662
1996-05-07,1695.8988
1996-05-08,1662.877
1996-05-09,1620.8848
1996-05-10,1603.4899
1996-05-13,1656.3217
1996-05-14,1649.5459
1996-05-15,1743.3007
1996-05-16,1791.0665
1996-05-17,1835.1184
1996-05-20,1841.2659
1996-05-21,1705.6855
1996-05-22,1750.7292
1996-05-23,1680.6071
1996-05-24,1701.2828
1996-05-27,1690.2626
1996-05-28,1687.1378
1996-05-29,1751.8163
1996-05-30,1741.2961
1996-05-31,1874.3361
1996-06-03,1952.9482
1996-06-04,1994.3525
1996-06-05,1980.1942
1996-06-06,2011.1676
1996-06-07,2037.4786
1996-06-10,2034.1211
1996-06-11,2106.6993
1996-06-12,2151.4953
1996-06-13,2208.8722
1996-06-14,2171.9378
1996-06-17,2149.3745
1996-06-18,2216.7338
1996-06-19,2221.3134
1996-06-20,2266.3341
1996-06-21,2264.7589
1996-06-24,2328.2925
1996-06-25,2297.5877
1996-06-26,2317.7192
1996-06-27,2298.8862
1996-06-28,2226.6314
1996-07-01,2100.9559
1996-07-02,2135.6321
1996-07-03,2216.8441
1996-07-04,2257.4072
1996-07-05,2326.5067
1996-07-08,2385.5234
1996-07-09,2429.2959
1996-07-10,2472.6948
1996-07-11,2399.5377
1996-07-12,2514.4755
1996-07-15,2559.1477
1996-07-16,2625.5353
1996-07-17,2564.6693
1996-07-18,2683.9585
1996-07-19,2728.2746
1996-07-22,2803.5875
1996-07-23,2866.8831
1996-07-24,2876.3713
1996-07-25,2803.6336
1996-07-26,2762.6634
1996-07-29,2909.2869
1996-07-30,2872.4605
1996-07-31,2802.1111
1996-08-01,2835.5387
1996-08-02,2779.2668
1996-08-05,2838.3043
1996-08-06,2868.7389
1996-08-07,2978.3354
1996-08-08,2970.413
1996-08-09,2938.9204
1996-08-12,2949.1296
1996-08-13,2978.5994
1996-08-14,2963.8865
1996-08-15,2917.8016
1996-08-16,2896.6386
1996-08-19,2849.2937
1996-08-20,2749.2744
1996-08-21,2871.1384
1996-08-22,2798.0112
1996-08-23,2742.3706
1996-08-26,2650.3743
1996-08-27,2695.7393
1996-08-28,2776.5416
1996-08-29,2829.6296
1996-08-30,2940.3689
1996-09-02,3022.632
1996-09-03,3007.7967
1996-09-04,3058.2498
1996-09-05,2920.7299
1996-09-06,2890.6791
1996-09-09,2865.4314
1996-09-10,2753.5609
1996-09-11,2806.677
1996-09-12,2729.9408
1996-09-13,2771.4944
1996-09-16,2826.2917
1996-09-17,2866.8165
1996-09-18,2727.795
1996-09-19,2765.9306
1996-09-20,2814.1712
1996-09-23,2824.3649
1996-09-24,2886.404
1996-09-25,2872.6109
1996-09-26,2918.1469
1996-09-27,3000.4159
1996-10-03,3029.376
1996-10-04,3045.4276
1996-10-07,3135.5765
1996-10-08,3187.7795
1996-10-09,3140.9553
1996-10-10,3222.1937
1996-10-11,3259.1628
1996-10-14,3419.5999
1996-10-15,3494.2138
1996-10-16,3480.1006
1996-10-17,3519.2215
1996-10-18,3400.8406
1996-10-21,3620.5557
1996-10-22,3509.942
1996-10-23,3608.4367
1996-10-24,3616.4959
1996-10-25,3649.7344
1996-10-28,3815.9993
1996-10-29,3869.7231
1996-10-30,3781.9781
1996-10-31,3903.3389
1996-11-01,3763.1412
1996-11-04,3839.3306
1996-11-05,3802.2644
1996-11-06,3697.6528
1996-11-07,3689.1422
1996-11-08,3748.3668
1996-11-11,3908.6138
1996-11-12,3963.3949
1996-11-13,4013.6067
1996-11-14,4115.3148
1996-11-15,4229.4367
1996-11-18,4387.1857
1996-11-19,4409.6476
1996-11-20,4526.6719
1996-11-21,4205.5285
1996-11-22,4350.6296
1996-11-25,4505.3951
1996-11-26,4497.3839
1996-11-27,4399.8584
1996-11-28,4359.5359
1996-11-29,4438.1998
1996-12-02,4444.3948
1996-12-03,4601.8501
1996-12-04,4654.3622
1996-12-05,4734.0557
1996-12-06,4786.3423
1996-12-09,4900.7685
1996-12-10,4824.1096
1996-12-11,4876.6307
1996-12-12,4824.1156
1996-12-13,4572.7484
1996-12-16,4111.989
1996-12-17,3701.4203
1996-12-18,3934.1025
1996-12-19,3635.8504
1996-12-20,3392.2379
1996-12-23,3412.6228
1996-12-24,3177.1225
1996-12-25,3262.6067
1996-12-26,3308.8826
1996-12-27,3491.9996
1996-12-30,3677.6514
1996-12-31,3504.1442
1997-01-02,3572.6731
1997-01-03,3509.5567
1997-01-06,3339.3014
1997-01-07,3499.0983
1997-01-08,3453.1738
1997-01-09,3493.5113
1997-01-10,3547.634
1997-01-13,3623.6994
1997-01-14,3544.9266
1997-01-15,3575.7668
1997-01-16,3601.2529
1997-01-17,3640.2189
1997-01-20,3688.8148
1997-01-21,3696.9372
1997-01-22,3781.4217
1997-01-23,3854.4198
1997-01-24,3879.7405
1997-01-27,3930.2846
1997-01-28,3953.3188
1997-01-29,3982.2716
1997-01-30,4010.6125
1997-01-31,4030.0933
1997-02-17,4022.4382
1997-02-18,3642.2472
1997-02-19,3871.3305
1997-02-20,3808.2092
1997-02-21,3909.6347
1997-02-24,3939.7806
1997-02-25,4012.292
1997-02-26,4106.0313
1997-02-27,4104.2607
1997-02-28,4115.2207
1997-03-03,4219.043
1997-03-04,4201.7513
1997-03-05,4135.596
1997-03-06,4169.0463
1997-03-07,4155.1052
1997-03-10,4211.6051
1997-03-11,4268.5648
1997-03-12,4321.4945
1997-03-13,4280.6202
1997-03-14,4328.1718
1997-03-17,4483.8585
1997-03-18,4511.1577
1997-03-19,4537.042
1997-03-20,4442.2482
1997-03-21,4573.4948
1997-03-24,4806.8842
1997-03-25,4873.5191
1997-03-26,4957.5847
1997-03-27,4924.3097
1997-03-28,4882.2445
1997-03-31,4965.8512
1997-04-01,4984.5619
1997-04-02,4951.7178
1997-04-03,4989.6768
1997-04-04,5079.9742
1997-04-07,5150.7148
1997-04-08,5011.405
1997-04-09,5092.4887
1997-04-10,5043.3073
1997-04-11,4963.8395
1997-04-14,4992.533
1997-04-15,5049.5454
1997-04-16,5065.7377
1997-04-17,5146.7615
1997-04-18,5155.8379
1997-04-21,5351.6708
1997-04-22,5363.99
1997-04-23,5451.8417
1997-04-24,5487.7543
1997-04-25,5484.1198
1997-04-28,5609.9415
1997-04-29,5619.1913
1997-04-30,5703.1637
1997-05-05,6012.6056
1997-05-06,6332.9349
1997-05-07,6563.2542
1997-05-08,6129.3166
1997-05-09,6422.9757
1997-05-12,6590.3476
1997-05-13,6440.8449
1997-05-14,6028.2351
1997-05-15,6157.6223
1997-05-16,5612.6625
1997-05-19,5665.8981
1997-05-20,5939.0106
1997-05-21,5742.4829
1997-05-22,5245.8408
1997-05-23,5391.5712
1997-05-26,5310.065
1997-05-27,5423.5075
1997-05-28,5346.9457
1997-05-29,5202.7711
1997-05-30,5308.3317
1997-06-02,5558.9682
1997-06-03,5604.9849
1997-06-04,5611.5709
1997-06-05,5628.5576
1997-06-06,5312.9773
1997-06-09,5344.9719
1997-06-10,5145.3099
1997-06-11,5071.3329
1997-06-12,5000.0287
1997-06-13,5129.5033
1997-06-16,5216.0731
1997-06-17,5153.2717
1997-06-18,5116.8381
1997-06-19,5100.3045
1997-06-20,5463.2531
1997-06-23,5596.1745
1997-06-24,5747.5156
1997-06-25,5703.1847
1997-06-26,5680.2496
1997-06-27,5574.9223
1997-07-02,5349.0567
1997-07-03,5083.5961
1997-07-04,5093.6104
1997-07-07,4685.033
1997-07-08,4759.3328
1997-07-09,4827.984
1997-07-10,4743.834
1997-07-11,4927.6452
1997-07-14,5019.8114
1997-07-15,5006.9992
1997-07-16,5041.7662
1997-07-17,5141.0146
1997-07-18,5177.1484
1997-07-21,5112.4262
1997-07-22,5180.6351
1997-07-23,5173.326
1997-07-24,5005.6148
1997-07-25,4985.5295
1997-07-28,4821.812
1997-07-29,4867.1759
1997-07-30,4988.3501
1997-07-31,4980.4533
1997-08-01,4982.1307
1997-08-04,4965.0865
1997-08-05,4979.5651
1997-08-06,4877.6497
1997-08-07,4912.5991
1997-08-08,4955.1503
1997-08-11,4843.4599
1997-08-12,4654.1081
1997-08-13,4583.3335
1997-08-14,4732.0734
1997-08-15,4641.0541
1997-08-18,4549.9557
1997-08-19,4575.6765
1997-08-20,4639.8788
1997-08-21,4625.7166
1997-08-22,4664.6135
1997-08-25,4797.9077
1997-08-26,4824.0279
1997-08-27,4848.3642
1997-08-28,4881.5721
1997-08-29,4838.3233
1997-09-01,4811.5264
1997-09-02,4838.9389
1997-09-03,4939.9303
1997-09-04,4950.7273
1997-09-05,4941.9013
1997-09-08,4949.5838
1997-09-09,4882.271
1997-09-10,4950.9158
1997-09-11,4915.4534
1997-09-12,4804.7636
1997-09-15,4667.8412
1997-09-16,4690.8465
1997-09-17,4625.4532
1997-09-18,4631.8974
1997-09-19,4665.3815
1997-09-22,4353.3611
1997-09-23,4072.2951
1997-09-24,4305.7113
1997-09-25,4347.6594
1997-09-26,4334.1479
1997-09-29,4248.0368
1997-09-30,4313.9096
1997-10-06,4304.4466
1997-10-07,4322.9957
1997-10-08,4473.4437
1997-10-09,4449.6547
1997-10-10,4483.3435
1997-10-13,4451.0846
1997-10-14,4452.6529
1997-10-15,4551.8744
1997-10-16,4698.4267
1997-10-17,4838.187
1997-10-20,4920.4112
1997-10-21,5017.8496
1997-10-22,5040.1254
1997-10-23,5060.6953
1997-10-24,5130.5093
1997-10-27,5159.0715
1997-10-28,4945.6618
1997-10-29,5066.013
1997-10-30,4959.1628
1997-10-31,4987.802
1997-11-03,4993.8306
1997-11-04,5070.5134
1997-11-05,5151.9418
1997-11-06,5094.3603
1997-11-07,5139.2779
1997-11-10,5075.8527
1997-11-11,5070.87
1997-11-12,5016.3576
1997-11-13,5117.6233
1997-11-14,5085.6052
1997-11-17,5074.2015
1997-11-18,5025.4978
1997-11-19,4994.1636
1997-11-20,4922.9018
1997-11-21,4838.0129
1997-11-24,4689.7793
1997-11-25,4715.2878
1997-11-26,4743.2388
1997-11-27,4620.8477
1997-11-28,4712.4341
1997-12-01,4641.7889
1997-12-02,4625.9137
1997-12-03,4588.4121
1997-12-04,4652.0522
1997-12-05,4662.6209
1997-12-08,4648.8468
1997-12-09,4691.0598
1997-12-10,4728.1123
1997-12-11,4756.6664
1997-12-12,4706.6484
1997-12-15,4705.2219
1997-12-16,4733.0682
1997-12-17,4617.9344
1997-12-18,4603.4516
1997-12-19,4586.4413
1997-12-22,4569.0288
1997-12-23,4599.7264
1997-12-24,4553.1374
1997-12-25,4547.4901
1997-12-26,4604.7854
1997-12-29,4647.0529
1997-12-30,4613.0117
1997-12-31,4626.4235
1998-01-05,4772.9545
1998-01-06,4773.8732
1998-01-07,4751.726
1998-01-08,4739.3805
1998-01-09,4731.8657
1998-01-12,4695.0916
1998-01-13,4476.9621
1998-01-14,4585.0607
1998-01-15,4646.7944
1998-01-16,4606.5122
1998-01-19,4565.1587
1998-01-20,4528.6069
1998-01-21,4494.2401
1998-01-22,4535.344
1998-01-23,4608.836
1998-02-09,4713.1851
1998-02-10,4669.9906
1998-02-11,4687.7679
1998-02-12,4657.773
1998-02-13,4652.419
1998-02-16,4631.4204
1998-02-17,4638.3397
1998-02-18,4645.0318
1998-02-19,4669.87
1998-02-20,4620.4116
1998-02-23,4558.2591
1998-02-24,4522.6062
1998-02-25,4468.8836
1998-02-26,4515.1883
1998-02-27,4520.4604
1998-03-02,4391.509
1998-03-03,4424.17
1998-03-04,4454.2773
1998-03-05,4417.5321
1998-03-06,4386.8198
1998-03-09,4344.5825
1998-03-10,4347.4635
1998-03-11,4326.7164
1998-03-12,4279.8839
1998-03-13,4367.0764
1998-03-16,4406.1108
1998-03-17,4480.87
1998-03-18,4399.5036
1998-03-19,4393.3647
1998-03-20,4389.7268
1998-03-23,4353.0156
1998-03-24,4439.9304
1998-03-25,4434.758
1998-03-26,4379.356
1998-03-27,4445.5685
1998-03-30,4537.3948
1998-03-31,4505.9753
1998-04-01,4534.2278
1998-04-02,4586.5936
1998-04-03,4647.8737
1998-04-06,4681.9804
1998-04-07,4664.2134
1998-04-08,4699.6805
1998-04-09,4661.14
1998-04-10,4714.2053
1998-04-13,4762.5694
1998-04-14,4714.6445
1998-04-15,4730.1556
1998-04-16,4693.0457
1998-04-17,4595.9389
1998-04-20,4516.7814
1998-04-21,4543.8715
1998-04-22,4642.7366
1998-04-23,4620.3878
1998-04-24,4597.4424
1998-04-27,4525.2997
1998-04-28,4600.0503
1998-04-29,4605.4758
1998-04-30,4642.5264
1998-05-04,4719.729
1998-05-05,4684.5528
1998-05-06,4655.7113
1998-05-07,4579.0851
1998-05-08,4643.1898
1998-05-11,4664.6245
1998-05-12,4610.1432
1998-05-13,4648.4758
1998-05-14,4618.0986
1998-05-15,4672.5112
1998-05-18,4644.2984
1998-05-19,4626.5413
1998-05-20,4589.5984
1998-05-21,4591.3251
1998-05-22,4602.3471
1998-05-25,4635.7305
1998-05-26,4625.9478
1998-05-27,4649.0016
1998-05-28,4627.2977
1998-05-29,4652.6366
1998-06-01,4674.1641
1998-06-02,4667.1323
1998-06-03,4649.7161
1998-06-04,4621.8434
1998-06-05,4637.2916
1998-06-08,4606.3201
1998-06-09,4492.6798
1998-06-10,4486.9837
1998-06-11,4401.2813
1998-06-12,4512.4184
1998-06-15,4409.897
1998-06-16,4350.6209
1998-06-17,4347.5268
1998-06-18,4432.0273
1998-06-19,4475.2617
1998-06-22,4422.7074
1998-06-23,4398.278
1998-06-24,4429.5694
1998-06-25,4370.982
1998-06-26,4359.7462
1998-06-29,4253.3866
1998-06-30,4160.1356
1998-07-01,4127.9806
1998-07-02,4233.0413
1998-07-03,4263.5577
1998-07-06,4164.8673
1998-07-07,4193.2644
1998-07-08,4249.2589
1998-07-09,4244.3927
1998-07-10,4283.9081
1998-07-13,4272.6629
1998-07-14,4185.7349
1998-07-15,4168.6993
1998-07-16,4119.3403
1998-07-17,4069.3405
1998-07-20,3980.11
1998-07-21,4162.6288
1998-07-22,4125.2061
1998-07-23,4160.0112
1998-07-24,4230.1151
1998-07-27,4233.7602
1998-07-28,4213.3225
1998-07-29,4183.2363
1998-07-30,4167.6661
1998-07-31,4173.4852
1998-08-03,4104.1778
1998-08-04,4083.1945
1998-08-05,4118.8975
1998-08-06,4063.4428
1998-08-07,3996.8461
1998-08-10,3880.1859
1998-08-11,3826.2335
1998-08-12,3775.9915
1998-08-13,3802.2963
1998-08-14,3692.76
1998-08-17,3413.486
1998-08-18,3401.2574
1998-08-19,3589.693
1998-08-20,3661.5942
1998-08-21,3795.5283
1998-08-24,3766.9599
1998-08-25,3743.3142
1998-08-26,3693.0706
1998-08-27,3605.6833
1998-08-28,3584.7556
1998-08-31,3633.5093
1998-09-01,3578.2413
1998-09-02,3559.6198
1998-09-03,3570.445
1998-09-04,3619.4785
1998-09-07,3650.8354
1998-09-08,3633.3269
1998-09-09,3671.422
1998-09-10,3748.9737
1998-09-11,3726.6753
1998-09-14,3784.7193
1998-09-15,3781.2537
1998-09-16,3798.4324
1998-09-17,3752.6016
1998-09-18,3686.2487
1998-09-21,3716.0698
1998-09-22,3699.8728
1998-09-23,3710.0236
1998-09-24,3616.6216
1998-09-25,3642.1787
1998-09-28,3648.2718
1998-09-29,3635.9154
1998-09-30,3669.4203
1998-10-05,3652.5107
1998-10-06,3590.0126
1998-10-07,3560.693
1998-10-08,3604.96
1998-10-09,3587.3137
1998-10-12,3562.7789
1998-10-13,3572.382
1998-10-14,3562.2851
1998-10-15,3582.9608
1998-10-16,3611.5031
1998-10-19,3638.5861
1998-10-20,3608.6386
1998-10-21,3490.3714
1998-10-22,3487.9172
1998-10-23,3513.7544
1998-10-26,3465.8144
1998-10-27,3453.6317
1998-10-28,3475.2863
1998-10-29,3457.2906
1998-10-30,3482.6638
1998-11-02,3467.0966
1998-11-03,3510.6814
1998-11-04,3515.2691
1998-11-05,3546.2193
1998-11-06,3594.8482
1998-11-09,3664.6948
1998-11-10,3672.4548
1998-11-11,3657.8171
1998-11-12,3668.8688
1998-11-13,3655.1146
1998-11-16,3779.2725
1998-11-17,3768.4992
1998-11-18,3752.6255
1998-11-19,3705.207
1998-11-20,3712.3258
1998-11-23,3687.4429
1998-11-24,3692.9923
1998-11-25,3626.4689
1998-11-26,3605.3545
1998-11-27,3580.0403
1998-11-30,3586.4483
1998-12-01,3563.915
1998-12-02,3587.0008
1998-12-03,3562.5209
1998-12-04,3529.6185
1998-12-07,3508.0703
1998-12-08,3528.0249
1998-12-09,3512.6873
1998-12-10,3462.2529
1998-12-11,3502.7153
1998-12-14,3439.7211
1998-12-15,3447.4813
1998-12-16,3402.0543
1998-12-17,3337.9463
1998-12-18,3331.6601
1998-12-21,3339.0232
1998-12-22,3423.1547
1998-12-23,3391.472
1998-12-24,3375.7201
1998-12-25,3380.8849
1998-12-28,3340.2123
1998-12-29,3304.8762
1998-12-30,3312.2967
1998-12-31,3308.6922
1999-01-04,3240.1993
1999-01-05,3209.324
1999-01-06,3245.5151
1999-01-07,3268.8675
1999-01-08,3345.375
1999-01-11,3336.9367
1999-01-12,3290.9761
1999-01-13,3287.4324
1999-01-14,3289.5979
1999-01-15,3259.6817
1999-01-18,3323.0342
1999-01-19,3330.5401
1999-01-20,3300.6883
1999-01-21,3316.7353
1999-01-22,3338.0029
1999-01-25,3295.0257
1999-01-26,3267.5048
1999-01-27,3295.2541
1999-01-28,3270.7239
1999-01-29,3280.1495
1999-02-01,3270.3776
1999-02-02,3271.7742
1999-02-03,3240.6474
1999-02-04,3172.2349
1999-02-05,3097.1937
1999-02-08,3036.9998
1999-02-09,3096.0187
1999-03-01,3135.9535
1999-03-02,3126.2413
1999-03-03,3184.2083
1999-03-04,3185.035
1999-03-05,3222.8806
1999-03-08,3245.0813
1999-03-09,3233.8631
1999-03-10,3209.9532
1999-03-11,3267.858
1999-03-12,3292.9133
1999-03-15,3290.3086
1999-03-16,3272.7076
1999-03-17,3263.1601
1999-03-18,3228.8359
1999-03-19,3264.0749
1999-03-22,3252.0722
1999-03-23,3265.0506
1999-03-24,3279.1586
1999-03-25,3231.4854
1999-03-26,3233.5507
1999-03-29,3270.4226
1999-03-30,3227.1989
1999-03-31,3231.7351
1999-04-01,3237.5838
1999-04-02,3273.4541
1999-04-05,3311.6108
1999-04-06,3296.2752
1999-04-07,3319.6469
1999-04-08,3358.5999
1999-04-09,3327.6174
1999-04-12,3299.1224
1999-04-13,3268.8227
1999-04-14,3271.9308
1999-04-15,3224.9428
1999-04-16,3213.7291
1999-04-19,3205.7051
1999-04-20,3239.6779
1999-04-21,3186.4256
1999-04-22,3175.8116
1999-04-23,3254.2887
1999-04-26,3216.0823
1999-04-27,3126.718
1999-04-28,3093.5448
1999-04-29,3139.1025
1999-04-30,3147.3142
1999-05-04,3139.3557
1999-05-05,3138.4496
1999-05-06,3168.0573
1999-05-07,3117.3541
1999-05-10,2976.415
1999-05-11,3023.1412
1999-05-12,3020.5677
1999-05-13,2985.5467
1999-05-14,2898.3542
1999-05-17,2871.6861
1999-05-18,2857.6829
1999-05-19,3001.6742
1999-05-20,3102.9856
1999-05-21,3128.6224
1999-05-24,3253.8485
1999-05-25,3202.7915
1999-05-26,3376.2534
1999-05-27,3586.7625
1999-05-28,3592.2127
1999-05-31,3688.9668
1999-06-01,3810.6296
1999-06-02,3766.4962
1999-06-03,3712.7808
1999-06-04,3782.6831
1999-06-07,3917.0417
1999-06-08,3887.9426
1999-06-09,3929.2356
1999-06-10,3987.2403
1999-06-11,4038.8475
1999-06-14,4178.5821
1999-06-15,4054.8975
1999-06-16,4257.0327
1999-06-17,4383.2444
1999-06-18,4386.0047
1999-06-21,4525.3311
1999-06-22,4552.7913
1999-06-23,4715.3237
1999-06-24,4973.6671
1999-06-25,4928.3516
1999-06-28,5314.1253
1999-06-29,5477.1523
1999-06-30,5311.588
1999-07-01,4980.6396
1999-07-02,5068.347
1999-07-05,4878.4789
1999-07-06,4549.5359
1999-07-07,4733.7507
1999-07-08,4741.7536
1999-07-09,4731.3371
1999-07-12,4559.1303
1999-07-13,4348.774
1999-07-14,4489.5524
1999-07-15,4443.9471
1999-07-16,4345.7284
1999-07-19,4133.8844
1999-07-20,4479.6041
1999-07-21,4661.2466
1999-07-22,4427.973
1999-07-23,4511.3941
1999-07-26,4552.246
1999-07-27,4519.2229
1999-07-28,4547.7742
1999-07-29,4557.2611
1999-07-30,4575.0927
1999-08-02,4675.7866
1999-08-03,4660.0837
1999-08-04,4711.2304
1999-08-05,4688.286
1999-08-06,4647.253
1999-08-09,4577.6807
1999-08-10,4490.598
1999-08-11,4441.0363
1999-08-12,4450.4849
1999-08-13,4435.5779
1999-08-16,4394.1483
1999-08-17,4472.946
1999-08-18,4471.973
1999-08-19,4711.4689
1999-08-20,4694.0851
1999-08-23,4729.1156
1999-08-24,4743.1354
1999-08-25,4660.2474
1999-08-26,4694.399
1999-08-27,4698.1012
1999-08-30,4688.266
1999-08-31,4704.3393
1999-09-01,4600.5852
1999-09-02,4637.3573
1999-09-03,4560.0888
1999-09-06,4488.678
1999-09-07,4503.181
1999-09-08,4539.8042
1999-09-09,4829.0861
1999-09-10,4770.6066
1999-09-13,4777.9682
1999-09-14,4769.0002
1999-09-15,4727.9213
1999-09-16,4699.2921
1999-09-17,4699.0381
1999-09-20,4648.1195
1999-09-21,4617.0833
1999-09-22,4608.6578
1999-09-23,4592.7955
1999-09-24,4620.4164
1999-09-27,4571.2883
1999-09-28,4540.2801
1999-09-29,4529.4563
1999-09-30,4499.1993
1999-10-08,4390.5611
1999-10-11,4340.9577
1999-10-12,4372.9628
1999-10-13,4272.5482
1999-10-14,4257.3696
1999-10-15,4368.8348
1999-10-18,4264.6508
1999-10-19,4146.398
1999-10-20,4195.9259
1999-10-21,4100.5313
1999-10-22,4229.4957
1999-10-25,4143.3121
1999-10-26,4200.7527
1999-10-27,4353.5471
1999-10-28,4272.7474
1999-10-29,4247.1831
1999-11-01,4203.66
1999-11-02,4221.3664
1999-11-03,4205.1957
1999-11-04,4163.2981
1999-11-05,4197.536
1999-11-08,4298.0546
1999-11-09,4267.2366
1999-11-10,4214.9091
1999-11-11,4204.4154
1999-11-12,4207.8761
1999-11-15,4178.4092
1999-11-16,4114.8688
1999-11-17,4190.7488
1999-11-18,4255.3368
1999-11-19,4198.6382
1999-11-22,4158.3482
1999-11-23,4177.1707
1999-11-24,4125.4472
1999-11-25,4089.0076
1999-11-26,4088.0954
1999-11-29,4029.6437
1999-11-30,4016.3464
1999-12-01,4045.9866
1999-12-02,4006.4523
1999-12-03,4004.2289
1999-12-06,3970.1504
1999-12-07,3978.7237
1999-12-08,3963.3973
1999-12-09,3930.8746
1999-12-10,3998.2579
1999-12-13,3962.6748
1999-12-14,3978.2809
1999-12-15,4089.4111
1999-12-16,4021.3146
1999-12-17,3959.506
1999-12-21,3885.0572
1999-12-22,3866.7981
1999-12-23,3819.2756
1999-12-24,3783.9194
1999-12-27,3754.3383
1999-12-28,3760.2162
1999-12-29,3803.1559
1999-12-30,3834.3432
2000-01-04,3979.5956
2000-01-05,3967.5707
2000-01-06,4160.0408
2000-01-07,4357.0004
2000-01-10,4463.6147
2000-01-11,4230.8825
2000-01-12,4104.8265
2000-01-13,4076.791
2000-01-14,4033.5879
2000-01-17,4092.8378
2000-01-18,4067.2615
2000-01-19,4103.8075
2000-01-20,4178.0531
2000-01-21,4216.161
2000-01-24,4253.5821
2000-01-25,4243.963
2000-01-26,4257.8016
2000-01-27,4379.912
2000-01-28,4502.5631
2000-02-14,4924.2946
2000-02-15,5006.9788
2000-02-16,5078.7363
2000-02-17,4915.5999
2000-02-18,4964.4711
2000-02-21,4950.9612
2000-02-22,4771.4356
2000-02-23,4641.539
2000-02-24,4812.0622
2000-02-25,4859.0531
2000-02-28,5108.8824
2000-02-29,5111.952
2000-03-01,5047.3173
2000-03-02,5066.2271
2000-03-03,5117.5441
2000-03-06,4921.5534
2000-03-07,5017.447
2000-03-08,5129.807
2000-03-09,5187.6631
2000-03-10,5090.9972
2000-03-13,5128.1
2000-03-14,4986.5564
2000-03-15,4943.886
2000-03-16,4713.3518
2000-03-17,4922.9252
2000-03-20,4983.3771
2000-03-21,5005.968
2000-03-22,5065.3903
2000-03-23,5126.5631
2000-03-24,5091.7504
2000-03-27,5217.5949
2000-03-28,5240.1104
2000-03-29,5204.7458
2000-03-30,5228.9776
2000-03-31,5173.9173
2000-04-03,5146.5663
2000-04-04,5039.1746
2000-04-05,5071.9811
2000-04-06,5169.8448
2000-04-07,5203.5237
2000-04-10,5191.9006
2000-04-11,5247.7414
2000-04-12,5183.6223
2000-04-13,5255.6791
2000-04-14,5276.2221
2000-04-17,5191.2073
2000-04-18,5218.8758
2000-04-19,5225.8316
2000-04-20,5241.7759
2000-04-21,5209.4349
2000-04-24,5180.2161
2000-04-25,5175.2797
2000-04-26,5205.2138
2000-04-27,5204.502
2000-04-28,5352.4891
2000-05-08,5316.7806
2000-05-09,5205.5551
2000-05-10,5074.1412
2000-05-11,4992.7805
2000-05-12,5005.7283
2000-05-15,4912.8136
2000-05-16,4969.3638
2000-05-17,4982.2038
2000-05-18,5076.5988
2000-05-19,5122.6195
2000-05-22,5230.4918
2000-05-23,5201.1569
2000-05-24,5279.9201
2000-05-25,5350.2228
2000-05-26,5333.3923
2000-05-29,5378.2457
2000-05-30,5308.5445
2000-05-31,5312.4471
2000-06-01,5372.6148
2000-06-02,5411.1696
2000-06-05,5402.6281
2000-06-06,5521.566
2000-06-07,5523.4969
2000-06-08,5448.4614
2000-06-09,5415.6486
2000-06-12,5423.4019
2000-06-13,5483.4122
2000-06-14,5456.7933
2000-06-15,5488.1773
2000-06-16,5446.7817
2000-06-19,5442.2387
2000-06-20,5420.8162
2000-06-21,5483.7529
2000-06-22,5456.7786
2000-06-23,5506.9703
2000-06-26,5525.0629
2000-06-27,5516.8587
2000-06-28,5526.6966
2000-06-29,5552.3458
2000-06-30,5534.2245
2000-07-03,5429.9533
2000-07-04,5446.438
2000-07-05,5425.8906
2000-07-06,5389.8558
2000-07-07,5446.9019
2000-07-10,5413.2591
2000-07-11,5506.0392
2000-07-12,5507.4431
2000-07-13,5546.8835
2000-07-14,5542.036
2000-07-17,5468.9633
2000-07-18,5497.9773
2000-07-19,5496.5757
2000-07-20,5505.5512
2000-07-21,5501.2696
2000-07-24,5474.9599
2000-07-25,5482.969
2000-07-26,5527.4817
2000-07-27,5568.1668
2000-07-28,5566.0965
2000-07-31,5613.9265
2000-08-01,5626.7661
2000-08-02,5620.3455
2000-08-03,5640.7539
2000-08-04,5640.3256
2000-08-07,5680.6097
2000-08-08,5725.3092
2000-08-09,5764.0058
2000-08-10,5780.0405
2000-08-11,5759.1077
2000-08-14,5753.9048
2000-08-15,5716.3324
2000-08-16,5738.844
2000-08-17,5753.4769
2000-08-18,5748.0405
2000-08-21,5764.889
2000-08-22,5677.2948
2000-08-23,5628.0365
2000-08-24,5668.3623
2000-08-25,5685.1904
2000-08-28,5693.3619
2000-08-29,5725.8387
2000-08-30,5663.4308
2000-08-31,5543.7186
2000-09-01,5494.2318
2000-09-04,5534.7742
2000-09-05,5426.1186
2000-09-06,5322.6024
2000-09-07,5366.329
2000-09-08,5401.5892
2000-09-11,5406.4978
2000-09-12,5440.3029
2000-09-13,5483.5078
2000-09-14,5433.8252
2000-09-15,5414.5939
2000-09-18,5320.7136
2000-09-19,5187.3123
2000-09-20,5231.906
2000-09-21,5194.6379
2000-09-22,5133.7693
2000-09-25,5091.4193
2000-09-26,5148.4853
2000-09-27,5222.2992
2000-09-28,5135.0677
2000-09-29,5202.6059
2000-10-09,5184.4245
2000-10-10,5259.0654
2000-10-11,5242.2447
2000-10-12,5193.2966
2000-10-13,5155.1571
2000-10-16,5141.2136
2000-10-17,5168.3401
2000-10-18,5241.6938
2000-10-19,5194.4535
2000-10-20,5307.3339
2000-10-23,5307.5945
2000-10-24,5296.3445
2000-10-25,5344.3707
2000-10-26,5288.688
2000-10-27,5298.0881
2000-10-30,5291.5773
2000-10-31,5264.9327
2000-11-01,5301.1537
2000-11-02,5329.8585
2000-11-03,5329.425
2000-11-06,5350.2842
2000-11-07,5335.2943
2000-11-08,5383.9685
2000-11-09,5470.1488
2000-11-10,5558.7083
2000-11-13,5659.8467
2000-11-14,5675.8985
2000-11-15,5662.1517
2000-11-16,5706.5896
2000-11-17,5707.5664
2000-11-20,5716.0852
2000-11-21,5679.3105
2000-11-22,5745.909
2000-11-23,5740.6311
2000-11-24,5579.7054
2000-11-27,5553.4982
2000-11-28,5611.1797
2000-11-29,5555.9517
2000-11-30,5567.8082
2000-12-01,5591.2097
2000-12-04,5597.5556
2000-12-05,5557.9607
2000-12-06,5501.6695
2000-12-07,5480.6936
2000-12-08,5475.1828
2000-12-11,5382.4479
2000-12-12,5426.1808
2000-12-13,5398.3677
2000-12-14,5419.6851
2000-12-15,5416.6754
2000-12-18,5434.3179
2000-12-19,5421.0348
2000-12-20,5472.3339
2000-12-21,5472.3643
2000-12-22,5447.2617
2000-12-25,5395.0335
2000-12-26,5420.1456
2000-12-27,5401.3396
2000-12-28,5430.897
2000-12-29,5485.6226
2001-01-02,5538.1305
2001-01-03,5567.3007
2001-01-04,5542.4952
2001-01-05,5532.5625
2001-01-08,5448.7283
2001-01-09,5472.3421
2001-01-10,5527.6851
2001-01-11,5562.7585
2001-01-12,5535.1516
2001-01-15,5369.0707
2001-01-16,5403.0957
2001-01-17,5381.718
2001-01-18,5418.0763
2001-01-19,5479.3577
2001-02-05,5356.6603
2001-02-06,5323.8759
2001-02-07,5268.5223
2001-02-08,5095.8353
2001-02-09,5175.3026
2001-02-12,5154.0789
2001-02-13,5158.7191
2001-02-14,5164.6148
2001-02-15,5126.7617
2001-02-16,5133.849
2001-02-19,5195.8437
2001-02-20,5172.7906
2001-02-21,5043.4899
2001-02-22,5031.9474
2001-02-23,5102.6992
2001-02-26,5162.9056
2001-02-27,5159.6239
2001-02-28,5149.6362
2001-03-01,5198.9222
2001-03-02,5295.3797
2001-03-05,5287.6211
2001-03-06,5322.6619
2001-03-07,5339.3168
2001-03-08,5410.5605
2001-03-09,5474.4113
2001-03-12,5479.964
2001-03-13,5434.7584
2001-03-14,5525.223
2001-03-15,5536.7259
2001-03-16,5540.3534
2001-03-19,5608.7396
2001-03-20,5651.6608
2001-03-21,5714.4022
2001-03-22,5787.3028
2001-03-23,5643.4102
2001-03-26,5733.3073
2001-03-27,5796.5731
2001-03-28,5804.9132
2001-03-29,5744.9051
2001-03-30,5750.1772
2001-04-02,5771.9652
2001-04-03,5732.5599
2001-04-04,5648.3576
2001-04-05,5714.3187
2001-04-06,5707.075
2001-04-09,5722.3771
2001-04-10,5761.3282
2001-04-11,5769.6514
2001-04-12,5787.9602
2001-04-13,5829.3168
2001-04-16,5879.9911
2001-04-17,5869.3442
2001-04-18,5833.191
2001-04-19,5796.6244
2001-04-20,5725.4724
2001-04-23,5685.1771
2001-04-24,5701.2004
2001-04-25,5570.9862
2001-04-26,5529.099
2001-04-27,5563.6218
2001-04-30,5567.9467
2001-05-08,5610.2657
2001-05-09,5596.1438
2001-05-10,5610.5475
2001-05-11,5629.2339
2001-05-14,5682.2433
2001-05-15,5682.033
2001-05-16,5696.771
2001-05-17,5639.6838
2001-05-18,5644.1674
2001-05-21,5616.3204
2001-05-22,5622.0594
2001-05-23,5621.6422
2001-05-24,5606.3085
2001-05-25,5606.6979
2001-05-28,5585.5841
2001-05-29,5566.1944
2001-05-30,5662.9514
2001-05-31,5637.6023
2001-06-01,5630.4833
2001-06-04,5576.9933
2001-06-05,5583.5898
2001-06-06,5606.4025
2001-06-07,5555.2441
2001-06-08,5552.0107
2001-06-11,5497.7906
2001-06-12,5509.3874
2001-06-13,5566.3985
2001-06-14,5498.7968
2001-06-15,5511.1227
2001-06-18,5418.64
2001-06-19,5429.3598
2001-06-20,5397.1584
2001-06-21,5431.7694
2001-06-22,5487.8982
2001-06-25,5527.5209
2001-06-26,5523.3271
2001-06-27,5508.345
2001-06-28,5476.7956
2001-06-29,5481.3106
2001-07-02,5451.134
2001-07-03,5463.2889
2001-07-04,5471.022
2001-07-05,5434.713
2001-07-06,5403.0862
2001-07-09,5396.9111
2001-07-10,5448.9671
2001-07-11,5392.8825
2001-07-12,5400.2838
2001-07-13,5388.7715
2001-07-16,5359.5386
2001-07-17,5319.7135
2001-07-18,5359.2731
2001-07-19,5332.6591
2001-07-20,5390.8256
2001-07-23,5337.0113
2001-07-24,5233.8535
2001-07-25,5180.9003
2001-07-26,5132.1345
2001-07-27,5049.6633
2001-07-30,4786.6556
2001-07-31,4723.0294
2001-08-01,4856.4232
2001-08-02,4759.4245
2001-08-03,4738.1857
2001-08-06,4531.1275
2001-08-07,4597.3131
2001-08-08,4568.4964
2001-08-09,4650.7985
2001-08-10,4736.5012
2001-08-13,4749.6388
2001-08-14,4698.9103
2001-08-15,4732.4338
2001-08-16,4657.4831
2001-08-17,4666.6157
2001-08-20,4713.8343
2001-08-21,4733.4233
2001-08-22,4673.0522
2001-08-23,4686.9271
2001-08-24,4645.0006
2001-08-27,4489.1173
2001-08-28,4542.1574
2001-08-29,4561.7863
2001-08-30,4509.8729
2001-08-31,4497.8877
2001-09-03,4461.9787
2001-09-04,4602.4472
2001-09-05,4589.1299
2001-09-06,4588.7784
2001-09-07,4427.0191
2001-09-10,4511.7597
2001-09-11,4500.0575
2001-09-12,4405.6468
2001-09-13,4369.0062
2001-09-14,4271.0951
2001-09-17,4160.7731
2001-09-18,4183.9225
2001-09-19,4275.3643
2001-09-20,4231.6278
2001-09-21,4173.0198
2001-09-24,4150.0741
2001-09-25,4153.9506
2001-09-26,4098.2702
2001-09-27,4087.2754
2001-09-28,4081.4435
2001-10-08,3971.6693
2001-10-09,4029.8711
2001-10-10,3907.4018
2001-10-11,3821.3405
2001-10-12,3949.7203
2001-10-15,3952.5133
2001-10-16,3887.1373
2001-10-17,3880.9894
2001-10-18,3803.4665
2001-10-19,3720.286
2001-10-22,3671.5806
2001-10-23,4036.9705
2001-10-24,4137.7934
2001-10-25,4027.8137
2001-10-26,4024.8053
2001-10-29,4065.4226
2001-10-30,4002.4676
2001-10-31,4015.8106
2001-11-01,4057.509
2001-11-02,4008.4777
2001-11-05,3957.6349
2001-11-06,3953.5382
2001-11-07,3746.9959
2001-11-08,3803.2546
2001-11-09,3874.4258
2001-11-12,3847.5828
2001-11-13,3825.2968
2001-11-14,3822.1699
2001-11-15,3822.7409
2001-11-16,3862.943
2001-11-19,3880.9496
2001-11-20,3962.6152
2001-11-21,4005.5747
2001-11-22,4049.2171
2001-11-23,4027.1628
2001-11-26,3999.3846
2001-11-27,4041.1674
2001-11-28,4075.897
2001-11-29,4074.2794
2001-11-30,4108.8618
2001-12-03,4156.3663
2001-12-04,4191.0547
2001-12-05,4112.8012
2001-12-06,4149.2853
2001-12-07,4161.3024
2001-12-10,4157.8714
2001-12-11,4101.9623
2001-12-12,4054.4869
2001-12-13,3990.3275
2001-12-14,3969.7882
2001-12-17,3949.0686
2001-12-18,4012.5776
2001-12-19,3970.943
2001-12-20,3882.805
2001-12-21,3898.576
2001-12-24,3822.9242
2001-12-25,3838.313
2001-12-26,3891.2703
2001-12-27,3851.5053
2001-12-28,3872.1116
2001-12-31,3893.7963
2002-01-04,3824.0275
2002-01-07,3784.3496
2002-01-08,3749.1798
2002-01-09,3688.1983
2002-01-10,3700.3
2002-01-11,3591.0578
2002-01-14,3437.133
2002-01-15,3388.8832
2002-01-16,3442.0322
2002-01-17,3276.1685
2002-01-18,3261.8868
2002-01-21,3142.9912
2002-01-22,3160.9949
2002-01-23,3386.6368
2002-01-24,3396.6687
2002-01-25,3394.9912
2002-01-28,3167.8802
2002-01-29,3246.9853
2002-01-30,3257.9186
2002-01-31,3496.4242
2002-02-01,3479.0816
2002-02-04,3549.4066
2002-02-05,3565.9561
2002-02-06,3472.7516
2002-02-07,3553.3776
2002-02-08,3544.0595
2002-02-25,3593.7858
2002-02-26,3575.5399
2002-02-27,3583.8825
2002-02-28,3553.3879
2002-03-01,3508.7559
2002-03-04,3563.2232
2002-03-05,3652.0656
2002-03-06,3697.2975
2002-03-07,3827.691
2002-03-08,3894.2501
2002-03-11,3966.7952
2002-03-12,3876.3616
2002-03-13,3835.0955
2002-03-14,3942.3521
2002-03-15,3835.4138
2002-03-18,3854.3989
2002-03-19,3914.4481
2002-03-20,3940.4609
2002-03-21,3941.0511
2002-03-22,3889.328
2002-03-25,3888.794
2002-03-26,3817.3165
2002-03-27,3825.2863
2002-03-28,3827.9235
2002-03-29,3727.4178
2002-04-01,3733.7665
2002-04-02,3669.8053
2002-04-03,3691.4368
2002-04-04,3779.5841
2002-04-05,3767.6723
2002-04-08,3768.881
2002-04-09,3834.4709
2002-04-10,3843.3028
2002-04-11,3780.0218
2002-04-12,3797.1824
2002-04-15,3758.4811
2002-04-16,3753.4495
2002-04-17,3752.4741
2002-04-18,3697.806
2002-04-19,3697.335
2002-04-22,3672.9883
2002-04-23,3654.0836
2002-04-24,3653.6381
2002-04-25,3670.9402
2002-04-26,3733.0102
2002-04-29,3796.1774
2002-04-30,3825.8541
2002-05-08,3796.0543
2002-05-09,3821.0799
2002-05-10,3783.2943
2002-05-13,3735.2716
2002-05-14,3709.0103
2002-05-15,3683.6633
2002-05-16,3607.9641
2002-05-17,3647.4339
2002-05-20,3614.6879
2002-05-21,3730.6515
2002-05-22,3687.245
2002-05-23,3679.9359
2002-05-24,3625.6161
2002-05-27,3629.3295
2002-05-28,3651.3244
2002-05-29,3592.2015
2002-05-30,3601.2245
2002-05-31,3575.1559
2002-06-03,3507.044
2002-06-04,3544.3345
2002-06-05,3489.8639
2002-06-06,3619.1854
2002-06-07,3630.7258
2002-06-10,3613.7438
2002-06-11,3626.9904
2002-06-12,3617.0017
2002-06-13,3588.7105
2002-06-14,3561.0413
2002-06-17,3559.848
2002-06-18,3623.7587
2002-06-19,3587.9617
2002-06-20,3608.4647
2002-06-21,3747.9381
2002-06-24,4098.3117
2002-06-25,4120.0905
2002-06-26,4133.4252
2002-06-27,4152.2365
2002-06-28,4185.5636
2002-07-01,4148.0648
2002-07-02,4180.3914
2002-07-03,4205.9782
2002-07-04,4151.6454
2002-07-05,4170.2876
2002-07-08,4183.0833
2002-07-09,4166.7519
2002-07-10,4080.1121
2002-07-11,4076.3211
2002-07-12,4073.7925
2002-07-15,4038.1267
2002-07-16,4038.301
2002-07-17,4080.685
2002-07-18,4106.5267
2002-07-19,4114.4513
2002-07-22,4041.1041
2002-07-23,4051.3604
2002-07-24,4041.9804
2002-07-25,4019.4686
2002-07-26,4010.5599
2002-07-29,4045.2074
2002-07-30,4049.5949
2002-07-31,4019.4403
2002-08-01,4032.6312
2002-08-02,4037.4767
2002-08-05,4014.8725
2002-08-06,4056.294
2002-08-07,4047.0549
2002-08-08,4023.2219
2002-08-09,3996.785
2002-08-12,3968.2811
2002-08-13,3976.3694
2002-08-14,4007.5359
2002-08-15,3988.6083
2002-08-16,4002.9797
2002-08-19,4008.7181
2002-08-20,4076.426
2002-08-21,4073.6011
2002-08-22,4111.6723
2002-08-23,4107.3394
2002-08-26,4074.1537
2002-08-27,4084.5534
2002-08-28,4081.8131
2002-08-29,4062.1648
2002-08-30,4061.5049
2002-09-02,4070.0852
2002-09-03,4080.7558
2002-09-04,4063.4275
2002-09-05,4008.2257
2002-09-06,3988.7976
2002-09-09,3954.6463
2002-09-10,3960.6437
2002-09-11,3945.6603
2002-09-12,3954.6053
2002-09-13,3949.2965
2002-09-16,3874.6535
2002-09-17,3879.574
2002-09-18,3853.5216
2002-09-19,3934.9415
2002-09-20,3888.0825
2002-09-23,3895.095
2002-09-24,3876.6042
2002-09-25,3887.5123
2002-09-26,3863.5674
2002-09-27,3838.1041
2002-10-08,3783.9258
2002-10-09,3717.0863
2002-10-10,3686.9651
2002-10-11,3677.0253
2002-10-14,3690.6313
2002-10-15,3686.7241
2002-10-16,3714.9627
2002-10-17,3637.1983
2002-10-18,3655.7922
2002-10-21,3656.9155
2002-10-22,3702.0327
2002-10-23,3698.6172
2002-10-24,3663.2471
2002-10-25,3627.0569
2002-10-28,3563.5722
2002-10-29,3597.0742
2002-10-30,3598.0403
2002-10-31,3596.1759
2002-11-01,3613.4187
2002-11-04,3680.773
2002-11-05,3745.3159
2002-11-06,3723.8017
2002-11-07,3729.864
2002-11-08,3643.658
2002-11-11,3598.2885
2002-11-12,3551.7026
2002-11-13,3573.4349
2002-11-14,3521.3893
2002-11-15,3536.1442
2002-11-18,3482.489
2002-11-19,3499.5499
2002-11-20,3442.7283
2002-11-21,3362.2552
2002-11-22,3359.3197
2002-11-25,3367.802
2002-11-26,3306.7036
2002-11-27,3332.7087
2002-11-28,3411.5697
2002-11-29,3463.7487
2002-12-02,3365.8422
2002-12-03,3393.7558
2002-12-04,3404.5956
2002-12-05,3380.964
2002-12-06,3386.3324
2002-12-09,3378.1482
2002-12-10,3343.6889
2002-12-11,3318.3858
2002-12-12,3329.5097
2002-12-13,3358.9151
2002-12-16,3393.4123
2002-12-17,3416.2067
2002-12-18,3404.3631
2002-12-19,3401.6212
2002-12-20,3448.1928
2002-12-23,3451.159
2002-12-24,3449.623
2002-12-25,3427.5983
2002-12-26,3336.1496
2002-12-27,3328.0598
2002-12-30,3290.3367
2002-12-31,3276.6185
2003-01-02,3193.919
2003-01-03,3192.0036
2003-01-06,3233.2402
2003-01-07,3228.7342
2003-01-08,3314.1022
2003-01-09,3368.289
2003-01-10,3339.6269
2003-01-13,3352.189
2003-01-14,3563.6219
2003-01-15,3521.7653
2003-01-16,3577.3693
2003-01-17,3563.3885
2003-01-20,3579.5349
2003-01-21,3510.1555
2003-01-22,3520.3179
2003-01-23,3497.08
2003-01-24,3556.6544
2003-01-27,3603.6287
2003-01-28,3618.8048
2003-01-29,3627.5618
2003-02-10,3579.5255
2003-02-11,3604.3239
2003-02-12,3642.245
2003-02-13,3619.706
2003-02-14,3623.1501
2003-02-17,3594.0069
2003-02-18,3590.3936
2003-02-19,3623.401
2003-02-20,3618.414
2003-02-21,3556.9084
2003-02-24,3557.2082
2003-02-25,3620.5747
2003-02-26,3621.8646
2003-02-27,3631.4142
2003-02-28,3637.9677
2003-03-03,3657.4614
2003-03-04,3661.9061
2003-03-05,3654.2219
2003-03-06,3607.541
2003-03-07,3603.9315
2003-03-10,3540.6289
2003-03-11,3537.4114
2003-03-12,3566.7522
2003-03-13,3545.8495
2003-03-14,3565.635
2003-03-17,3560.0928
2003-03-18,3547.7544
2003-03-19,3573.5273
2003-03-20,3544.3755
2003-03-21,3579.7074
2003-03-24,3587.8777
2003-03-25,3548.5615
2003-03-26,3536.5443
2003-03-27,3629.0989
2003-03-28,3632.0215
2003-03-31,3695.6745
2003-04-01,3709.073
2003-04-02,3726.8578
2003-04-03,3716.1112
2003-04-04,3727.9867
2003-04-07,3742.3913
2003-04-08,3749.9615
2003-04-09,3836.9261
2003-04-10,3885.8664
2003-04-11,3946.3391
2003-04-14,4032.8038
2003-04-15,4093.3221
2003-04-16,4108.4529
2003-04-17,4117.5775
2003-04-18,4064.2073
2003-04-21,3965.9096
2003-04-22,3976.2413
2003-04-23,3917.9634
2003-04-24,3803.1032
2003-04-25,3758.4179
2003-04-28,3929.1695
2003-04-29,3863.6628
2003-04-30,3890.068
2003-05-12,3945.4887
2003-05-13,3843.442
2003-05-14,3929.1866
2003-05-15,4049.4872
2003-05-16,4074.2417
2003-05-19,4098.9502
2003-05-20,4052.3227
2003-05-21,4051.121
2003-05-22,4095.3771
2003-05-23,4152.0045
2003-05-26,4182.2303
2003-05-27,4165.154
2003-05-28,4107.6951
2003-05-29,4166.8725
2003-05-30,4183.607
2003-06-02,4178.0744
2003-06-03,4126.4001
2003-06-04,4169.7181
2003-06-05,4100.5123
2003-06-06,4015.9843
2003-06-09,3975.2191
2003-06-10,3998.9178
2003-06-11,4074.99
2003-06-12,4056.7827
2003-06-13,4065.6547
2003-06-16,4053.8319
2003-06-17,4034.5136
2003-06-18,4040.536
2003-06-19,3976.3035
2003-06-20,3952.5387
2003-06-23,3895.0493
2003-06-24,3912.6641
2003-06-25,3883.4802
2003-06-26,3928.4901
2003-06-27,3858.5783
2003-06-30,3855.4307
2003-07-01,3857.499
2003-07-02,3902.7117
2003-07-03,3917.461
2003-07-04,3922.6984
2003-07-07,3954.5141
2003-07-08,3982.0401
2003-07-09,3954.6643
2003-07-10,4046.5473
2003-07-11,4039.5923
2003-07-14,4041.8065
2003-07-15,4062.6575
2003-07-16,4082.6018
2003-07-17,4120.3067
2003-07-18,3998.2779
2003-07-21,3976.5365
2003-07-22,3983.6645
2003-07-23,4000.4471
2003-07-24,3969.2893
2003-07-25,3921.5337
2003-07-28,3906.473
2003-07-29,3937.5697
2003-07-30,3954.2778
2003-07-31,3972.7849
2003-08-01,3983.1305
2003-08-04,4026.1182
2003-08-05,4024.7786
2003-08-06,4001.2042
2003-08-07,4007.0645
2003-08-08,3945.3335
2003-08-11,3958.5362
2003-08-12,3974.9682
2003-08-13,3921.5438
2003-08-14,3903.0311
2003-08-15,3907.3986
2003-08-18,3900.6506
2003-08-19,3889.6163
2003-08-20,3852.7816
2003-08-21,3848.9514
2003-08-22,3845.1879
2003-08-25,3812.2217
2003-08-26,3821.2186
2003-08-27,3812.6564
2003-08-28,3782.2867
2003-08-29,3826.6655
2003-09-01,3895.0114
2003-09-02,3882.8516
2003-09-03,3877.0143
2003-09-04,3868.9906
2003-09-05,3814.9983
2003-09-08,3786.0741
2003-09-09,3761.4069
2003-09-10,3776.0835
2003-09-11,3790.8805
2003-09-12,3760.7797
2003-09-15,3719.0459
2003-09-16,3753.2785
2003-09-17,3711.1626
2003-09-18,3717.534
2003-09-19,3714.1646
2003-09-22,3690.4311
2003-09-23,3710.4181
2003-09-24,3723.526
2003-09-25,3683.4847
2003-09-26,3665.882
2003-09-29,3621.4904
2003-09-30,3666.6869
2003-10-08,3704.1699
2003-10-09,3709.1461
2003-10-10,3841.0025
2003-10-13,3819.5505
2003-10-14,3807.7327
2003-10-15,3787.7997
2003-10-16,3730.9611
2003-10-17,3742.6649
2003-10-20,3742.1828
2003-10-21,3756.8753
2003-10-22,3862.3575
2003-10-23,3828.0501
2003-10-24,3826.445
2003-10-27,3813.4272
2003-10-28,3837.9186
2003-10-29,3836.303
2003-10-30,3800.3077
2003-10-31,3805.7183
2003-11-03,3889.7205
2003-11-04,3961.41
2003-11-05,3950.9159
2003-11-06,3931.9842
2003-11-07,3863.3928
2003-11-10,3866.315
2003-11-11,3879.7104
2003-11-12,3825.4753
2003-11-13,3827.3331
2003-11-14,3835.862
2003-11-17,3814.1827
2003-11-18,3740.3072
2003-11-19,3785.286
2003-11-20,3886.5618
2003-11-21,3834.5652
2003-11-24,3939.3964
2003-11-25,3943.589
2003-11-26,3956.6512
2003-11-27,3894.2983
2003-11-28,3931.2646
2003-12-01,4022.6736
2003-12-02,4014.0333
2003-12-03,4039.8819
2003-12-04,4055.6243
2003-12-05,4034.9963
2003-12-08,3996.2268
2003-12-09,4014.7973
2003-12-10,4053.9893
2003-12-11,4051.0449
2003-12-12,4044.3291
2003-12-15,4054.2078
2003-12-16,4041.7903
2003-12-17,4013.4855
2003-12-18,4044.6937
2003-12-19,4029.9871
2003-12-22,4140.4941
2003-12-23,4179.3062
2003-12-24,4251.8583
2003-12-25,4223.3452
2003-12-26,4222.1189
2003-12-29,4189.4356
2003-12-30,4227.6153
2003-12-31,4191.8436
2004-01-02,4218.6804
2004-01-05,4364.8959
2004-01-06,4424.4892
2004-01-07,4489.3678
2004-01-08,4536.0829
2004-01-09,4454.3663
2004-01-12,4537.9631
2004-01-13,4517.0821
2004-01-14,4474.3317
2004-01-15,4467.7159
2004-01-16,4495.3792
2004-01-29,4601.1681
2004-01-30,4480.8761
2004-02-02,4551.0793
2004-02-03,4579.2097
2004-02-04,4662.5618
2004-02-05,4635.8941
2004-02-06,4609.216
2004-02-09,4702.7264
2004-02-10,4694.2195
2004-02-11,4675.0297
2004-02-12,4643.8897
2004-02-13,4634.5177
2004-02-16,4733.7376
2004-02-17,4753.4824
2004-02-18,4807.4566
2004-02-19,4785.6931
2004-02-20,4810.401
2004-02-23,4704.3501
2004-02-24,4702.3699
2004-02-25,4625.8813
2004-02-26,4698.4597
2004-02-27,4731.2765
2004-03-01,4789.2339
2004-03-02,4748.5853
2004-03-03,4705.4886
2004-03-04,4749.9884
2004-03-05,4718.9715
2004-03-08,4621.8113
2004-03-09,4615.2223
2004-03-10,4712.8483
2004-03-11,4773.5008
2004-03-12,4768.5329
2004-03-15,4892.0555
2004-03-16,4905.2505
2004-03-17,4926.3065
2004-03-18,4831.5888
2004-03-19,4903.4593
2004-03-22,4919.7713
2004-03-23,4865.7164
2004-03-24,4870.2999
2004-03-25,4886.3204
2004-03-26,4908.0292
2004-03-29,4843.735
2004-03-30,4845.2946
2004-03-31,4907.2294
2004-04-01,4946.8541
2004-04-02,4995.3264
2004-04-05,4988.5536
2004-04-06,5026.4736
2004-04-07,5041.8347
2004-04-08,5014.976
2004-04-09,4899.3808
2004-04-12,4894.0064
2004-04-13,4831.8698
2004-04-14,4743.8035
2004-04-15,4721.1408
2004-04-16,4766.727
2004-04-19,4715.2562
2004-04-20,4662.5503
2004-04-21,4620.985
2004-04-22,4630.9015
2004-04-23,4576.5576
2004-04-26,4561.7563
2004-04-27,4543.0875
2004-04-28,4480.6855
2004-04-29,4356.6128
2004-04-30,4372.7542
2004-05-10,4208.2021
2004-05-11,4227.7969
2004-05-12,4353.2193
2004-05-13,4328.6934
2004-05-14,4224.8394
2004-05-17,4189.134
2004-05-18,4221.9695
2004-05-19,4241.8117
2004-05-20,4208.1507
2004-05-21,4255.5395
2004-05-24,4238.3951
2004-05-25,4162.1641
2004-05-26,4201.7773
2004-05-27,4314.2577
2004-05-28,4298.5613
2004-05-31,4333.8943
2004-06-01,4400.5468
2004-06-02,4358.2226
2004-06-03,4281.6326
2004-06-04,4268.5817
2004-06-07,4216.1547
2004-06-08,4169.5246
2004-06-09,4104.8715
2004-06-10,4122.338
2004-06-11,4098.7247
2004-06-14,4003.0168
2004-06-15,4080.5924
2004-06-16,4117.8758
2004-06-17,4007.9941
2004-06-18,3956.9053
2004-06-21,3990.1847
2004-06-22,4033.5352
2004-06-23,4000.5771
2004-06-24,3989.9781
2004-06-25,3948.2543
2004-06-28,3918.391
2004-06-29,3988.8278
2004-06-30,3973.5231
2004-07-01,4106.0248
2004-07-02,4114.5992
2004-07-05,4102.0445
2004-07-06,4122.8898
2004-07-07,4082.7106
2004-07-08,4088.8031
2004-07-09,4060.1165
2004-07-12,3977.1875
2004-07-13,4002.5412
2004-07-14,4000.7915
2004-07-15,4056.1861
2004-07-16,4178.1199
2004-07-19,4181.124
2004-07-20,4148.5135
2004-07-21,4145.7753
2004-07-22,4053.8655
2004-07-23,4048.9808
2004-07-26,4004.6193
2004-07-27,3977.0119
2004-07-28,4011.5163
2004-07-29,4043.1831
2004-07-30,3987.8632
2004-08-02,3956.8705
2004-08-03,3921.0799
2004-08-04,4031.2518
2004-08-05,3970.545
2004-08-06,3978.1884
2004-08-09,4007.4291
2004-08-10,4015.5141
2004-08-11,3974.3447
2004-08-12,3922.1369
2004-08-13,3944.5967
2004-08-16,3909.9053
2004-08-17,3921.7435
2004-08-18,3930.7597
2004-08-19,3878.1034
2004-08-20,3872.7183
2004-08-23,3831.6519
2004-08-24,3869.3036
2004-08-25,3848.3061
2004-08-26,3838.7
2004-08-27,3788.1849
2004-08-30,3796.7388
2004-08-31,3862.265
2004-09-01,3803.2255
2004-09-02,3821.3013
2004-09-03,3802.6298
2004-09-06,3801.4439
2004-09-07,3808.6539
2004-09-08,3782.5417
2004-09-09,3704.4242
2004-09-10,3722.3643
2004-09-13,3647.8634
2004-09-14,3744.8793
2004-09-15,3906.8006
2004-09-16,3941.2247
2004-09-17,4073.705
2004-09-20,4227.2115
2004-09-21,4211.9479
2004-09-22,4145.1531
2004-09-23,4297.7282
2004-09-24,4254.0475
2004-09-27,4222.1209
2004-09-28,4276.6021
2004-09-29,4234.9153
2004-09-30,4205.987
2004-10-08,4321.3058
2004-10-11,4300.5119
2004-10-12,4184.5411
2004-10-13,4198.2791
2004-10-14,4034.7202
2004-10-15,4021.5112
2004-10-18,4036.7013
2004-10-19,4051.7032
2004-10-20,4058.1469
2004-10-21,4011.1169
2004-10-22,4063.3456
2004-10-25,3955.6827
2004-10-26,4002.4963
2004-10-27,4017.8866
2004-10-28,4013.0215
2004-10-29,3920.4435
2004-11-01,3878.9645
2004-11-02,3851.0088
2004-11-03,3895.4581
2004-11-04,3794.573
2004-11-05,3806.9226
2004-11-08,3807.0419
2004-11-09,3824.1699
2004-11-10,3968.7868
2004-11-11,3930.8993
2004-11-12,3936.3042
2004-11-15,3985.8216
2004-11-16,3993.8406
2004-11-17,3948.4585
2004-11-18,4006.6793
2004-11-19,4026.3866
2004-11-22,4032.6677
2004-11-23,3994.1132
2004-11-24,3971.8832
2004-11-25,3969.8951
2004-11-26,3978.3098
2004-11-29,3935.9926
2004-11-30,3937.3668
2004-12-01,3918.6137
2004-12-02,3902.3068
2004-12-03,3913.0111
2004-12-06,3910.0237
2004-12-07,3872.839
2004-12-08,3878.9529
2004-12-09,3931.2449
2004-12-10,3902.4492
2004-12-13,3902.6119
2004-12-14,3890.8499
2004-12-15,3923.465
2004-12-16,3896.4109
2004-12-17,3856.5583
2004-12-20,3792.4746
2004-12-21,3784.4196
2004-12-22,3871.8709
2004-12-23,3815.5697
2004-12-24,3818.7901
2004-12-27,3816.6984
2004-12-28,3808.9002
2004-12-29,3801.0399
2004-12-30,3803.7359
2004-12-31,3749.136
2005-01-04,3697.8392
2005-01-05,3731.603
2005-01-06,3702.3266
2005-01-07,3710.9327
2005-01-10,3744.3352
2005-01-11,3752.9203
2005-01-12,3746.7543
2005-01-13,3759.2299
2005-01-14,3736.4094
2005-01-17,3667.5439
2005-01-18,3696.3588
2005-01-19,3670.7004
2005-01-20,3631.6293
2005-01-21,3737.8765
2005-01-24,3806.0981
2005-01-25,3843.5807
2005-01-26,3820.2759
2005-01-27,3756.8414
2005-01-28,3750.9745
2005-01-31,3726.5784
2005-02-01,3752.1809
2005-02-02,3942.0651
2005-02-03,3912.1103
2005-02-04,3997.3558
2005-02-16,4019.4617
2005-02-17,3995.7901
2005-02-18,3958.3632
2005-02-21,4038.046
2005-02-22,4141.7401
2005-02-23,4142.0931
2005-02-24,4137.9699
2005-02-25,4145.5016
2005-02-28,4134.5735
2005-03-01,4100.6942
2005-03-02,4043.7617
2005-03-03,4084.0473
2005-03-04,4081.4623
2005-03-07,4126.4413
2005-03-08,4228.5411
2005-03-09,4244.5208
2005-03-10,4133.1397
2005-03-11,4176.6352
2005-03-14,4191.224
2005-03-15,4125.4734
2005-03-16,4094.4007
2005-03-17,4039.5552
2005-03-18,3989.6813
2005-03-21,4015.9543
2005-03-22,3983.0743
2005-03-23,3947.2425
2005-03-24,3941.238
2005-03-25,3941.3108
2005-03-28,3939.6549
2005-03-29,3933.921
2005-03-30,3847.1279
2005-03-31,3887.6827
2005-04-01,4028.4377
2005-04-04,3978.7767
2005-04-05,3979.8463
2005-04-06,4063.1257
2005-04-07,4101.5501
2005-04-08,4167.4812
2005-04-11,4118.3057
2005-04-12,4061.8422
2005-04-13,4136.5301
2005-04-14,4079.656
2005-04-15,4054.5909
2005-04-18,4002.0882
2005-04-19,4009.9592
2005-04-20,3954.9575
2005-04-21,3936.818
2005-04-22,3899.4498
2005-04-25,3879.6711
2005-04-26,3903.9231
2005-04-27,3883.0743
2005-04-28,3934.523
2005-04-29,3875.7528
2005-05-09,3722.2916
2005-05-10,3767.3133
2005-05-11,3684.8023
2005-05-12,3599.2837
2005-05-13,3588.0975
2005-05-16,3548.4104
2005-05-17,3567.0182
2005-05-18,3542.3891
2005-05-19,3560.4411
2005-05-20,3563.7708
2005-05-23,3490.4416
2005-05-24,3525.795
2005-05-25,3526.0946
2005-05-26,3489.3202
2005-05-27,3448.4383
2005-05-30,3433.9987
2005-05-31,3443.3824
2005-06-01,3339.2669
2005-06-02,3233.5409
2005-06-03,3229.3304
2005-06-06,3355.1224
2005-06-07,3331.077
2005-06-08,3610.4661
2005-06-09,3628.6008
2005-06-10,3544.131
2005-06-13,3541.2666
2005-06-14,3509.205
2005-06-15,3437.5123
2005-06-16,3473.0851
2005-06-17,3432.4964
2005-06-20,3527.9016
2005-06-21,3480.8485
2005-06-22,3496.8446
2005-06-23,3493.4224
2005-06-24,3504.5012
2005-06-27,3586.6829
2005-06-28,3531.87
2005-06-29,3504.4626
2005-06-30,3396.9076
2005-07-01,3358.3354
2005-07-04,3368.9978
2005-07-05,3343.7612
2005-07-06,3319.2675
2005-07-07,3321.245
2005-07-08,3263.172
2005-07-11,3264.8398
2005-07-12,3377.1464
2005-07-13,3366.883
2005-07-14,3371.5605
2005-07-15,3345.4956
2005-07-18,3296.0924
2005-07-19,3306.5941
2005-07-20,3345.896
2005-07-21,3355.6432
2005-07-22,3428.0549
2005-07-25,3398.4252
2005-07-26,3488.4249
2005-07-27,3556.3347
2005-07-28,3565.2619
2005-07-29,3558.058
2005-08-01,3562.2732
2005-08-02,3623.3668
2005-08-03,3684.1767
2005-08-04,3659.6418
2005-08-05,3756.0184
2005-08-08,3774.0598
2005-08-09,3775.5763
2005-08-10,3775.9317
2005-08-11,3856.8764
2005-08-12,3779.8148
2005-08-15,3845.9076
2005-08-16,3804.6301
2005-08-17,3819.085
2005-08-18,3701.394
2005-08-19,3702.5281
2005-08-22,3737.6064
2005-08-23,3690.9115
2005-08-24,3696.4178
2005-08-25,3668.4705
2005-08-26,3642.6712
2005-08-29,3592.7236
2005-08-30,3590.1566
2005-08-31,3640.4914
2005-09-01,3706.6481
2005-09-02,3717.0859
2005-09-05,3722.3309
2005-09-06,3675.5837
2005-09-07,3734.4605
2005-09-08,3746.5106
2005-09-09,3714.7375
2005-09-12,3702.4504
2005-09-13,3755.0284
2005-09-14,3794.6783
2005-09-15,3789.1953
2005-09-16,3779.6865
2005-09-19,3783.6257
2005-09-20,3729.3267
2005-09-21,3662.419
2005-09-22,3588.6897
2005-09-23,3573.055
2005-09-26,3576.82
2005-09-27,3514.1719
2005-09-28,3517.7522
2005-09-29,3563.7797
2005-09-30,3586.7966
2005-10-10,3532.0241
2005-10-11,3567.2827
2005-10-12,3572.7391
2005-10-13,3547.1314
2005-10-14,3498.4519
2005-10-17,3459.3879
2005-10-18,3454.3212
2005-10-19,3424.7635
2005-10-20,3414.4284
2005-10-21,3431.5783
2005-10-24,3448.3049
2005-10-25,3393.8638
2005-10-26,3292.4508
2005-10-27,3298.6287
2005-10-28,3254.1688
2005-10-31,3292.418
2005-11-01,3291.7755
2005-11-02,3329.3253
2005-11-03,3309.4323
2005-11-04,3323.7857
2005-11-07,3323.0719
2005-11-08,3331.9476
2005-11-09,3344.2896
2005-11-10,3291.5625
2005-11-11,3296.3537
2005-11-14,3258.9444
2005-11-15,3244.7484
2005-11-16,3266.5668
2005-11-17,3271.1521
2005-11-18,3368.9016
2005-11-21,3382.5722
2005-11-22,3326.4294
2005-11-23,3349.95
2005-11-24,3363.42
2005-11-25,3373.8512
2005-11-28,3359.7311
2005-11-29,3321.0703
2005-11-30,3314.7548
2005-12-01,3324.4982
2005-12-02,3319.8491
2005-12-05,3274.5769
2005-12-06,3293.4637
2005-12-07,3315.7514
2005-12-08,3334.0223
2005-12-09,3374.786
2005-12-12,3390.7509
2005-12-13,3418.025
2005-12-14,3456.9127
2005-12-15,3442.1521
2005-12-16,3471.7538
2005-12-19,3462.1919
2005-12-20,3476.0794
2005-12-21,3456.3021
2005-12-22,3477.2159
2005-12-23,3504.4559
2005-12-26,3530.834
2005-12-27,3513.5865
2005-12-28,3514.268
2005-12-29,3570.7283
2005-12-30,3550.6594
2006-01-04,3656.4949
2006-01-05,3767.2829
2006-01-06,3786.5372
2006-01-09,3801.0651
2006-01-10,3819.9838
2006-01-11,3775.6179
2006-01-12,3825.73
2006-01-13,3778.0621
2006-01-16,3703.5239
2006-01-17,3752.4361
2006-01-18,3874.8531
2006-01-19,3922.394
2006-01-20,3912.9145
2006-01-23,3914.0842
2006-01-24,3968.9786
2006-01-25,4024.0631
2006-02-06,4169.7007
2006-02-07,4168.9473
2006-02-08,4140.6332
2006-02-09,4050.0663
2006-02-10,4124.0336
2006-02-13,4106.6304
2006-02-14,4140.3765
2006-02-15,4174.7238
2006-02-16,4069.4093
2006-02-17,4092.927
2006-02-20,4108.8886
2006-02-21,4172.6703
2006-02-22,4177.0607
2006-02-23,4172.2753
2006-02-24,4212.1451
2006-02-27,4155.9564
2006-02-28,4163.9071
2006-03-01,4197.1331
2006-03-02,4153.2682
2006-03-03,4163.1374
2006-03-06,4138.074
2006-03-07,4018.3068
2006-03-08,3976.8787
2006-03-09,3958.4623
2006-03-10,3994.2204
2006-03-13,4074.2975
2006-03-14,4064.2926
2006-03-15,4117.4355
2006-03-16,4114.4011
2006-03-17,4103.3649
2006-03-20,4159.9125
2006-03-21,4191.5221
2006-03-22,4227.8829
2006-03-23,4234.775
2006-03-24,4219.1698
2006-03-27,4285.4642
2006-03-28,4339.4382
2006-03-29,4379.0052
2006-03-30,4339.0754
2006-03-31,4374.5668
2006-04-03,4487.0652
2006-04-04,4513.2386
2006-04-05,4564.314
2006-04-06,4624.6191
2006-04-07,4608.7913
2006-04-10,4648.4925
2006-04-11,4704.5309
2006-04-12,4641.9992
2006-04-13,4562.1657
2006-04-14,4680.4223
2006-04-17,4681.4515
2006-04-18,4735.3711
2006-04-19,4775.1322
2006-04-20,4790.7972
2006-04-21,4802.9156
2006-04-24,4701.4489
2006-04-25,4739.4218
2006-04-26,4759.5503
2006-04-27,4785.1533
2006-04-28,4792.9059
2006-05-08,5002.0443
2006-05-09,5147.2795
2006-05-10,5166.5337
2006-05-11,5100.1505
2006-05-12,5200.0458
2006-05-15,5430.6828
2006-05-16,5299.2545
2006-05-17,5354.5151
2006-05-18,5353.6899
2006-05-19,5445.3962
2006-05-22,5447.0426
2006-05-23,5191.8305
2006-05-24,5162.0874
2006-05-25,5155.1164
2006-05-26,5257.0713
2006-05-29,5395.5943
2006-05-30,5421.908
2006-05-31,5351.6033
2006-06-01,5437.1566
2006-06-02,5313.4936
2006-06-05,5367.1703
2006-06-06,5355.8608
2006-06-07,5107.7939
2006-06-08,5083.0935
2006-06-09,5002.6471
2006-06-12,5013.3143
2006-06-13,4996.1409
2006-06-14,4913.9982
2006-06-15,4921.5779
2006-06-16,5063.7314
2006-06-19,5123.6539
2006-06-20,5131.6342
2006-06-21,5093.3248
2006-06-22,5079.7655
2006-06-23,5131.8729
2006-06-26,5245.3402
2006-06-27,5250.7462
2006-06-28,5234.342
2006-06-29,5369.9685
2006-06-30,5370.554
2006-07-03,5491.6284
2006-07-04,5426.0177
2006-07-05,5358.5349
2006-07-06,5430.265
2006-07-07,5398.6145
2006-07-10,5415.6617
2006-07-11,5400.0627
2006-07-12,5434.4995
2006-07-13,5182.8238
2006-07-14,5231.1412
2006-07-17,5283.4368
2006-07-18,5291.2396
2006-07-19,5134.8388
2006-07-20,5167.9064
2006-07-21,5222.0637
2006-07-24,5227.7466
2006-07-25,5276.244
2006-07-26,5248.3675
2006-07-27,5161.982
2006-07-28,5100.6841
2006-07-31,4933.8372
2006-08-01,4899.9507
2006-08-02,4866.2863
2006-08-03,4855.0154
2006-08-04,4776.9507
2006-08-07,4727.0959
2006-08-08,4837.8164
2006-08-09,4818.1276
2006-08-10,4884.341
2006-08-11,4889.9044
2006-08-14,4820.265
2006-08-15,4893.6887
2006-08-16,4969.6453
2006-08-17,4928.5135
2006-08-18,4909.6387
2006-08-21,4919.8109
2006-08-22,4977.316
2006-08-23,4974.8945
2006-08-24,4977.214
2006-08-25,5002.7947
2006-08-28,5149.3013
2006-08-29,5181.865
2006-08-30,5203.9678
2006-08-31,5230.9097
2006-09-01,5168.5266
2006-09-04,5234.8036
2006-09-05,5215.5929
2006-09-06,5222.5714
2006-09-07,5157.6111
2006-09-08,5147.876
2006-09-11,5179.0068
2006-09-12,5201.3816
2006-09-13,5157.3878
2006-09-14,5138.1355
2006-09-15,5240.4982
2006-09-18,5309.1021
2006-09-19,5291.3135
2006-09-20,5321.6051
2006-09-21,5365.7086
2006-09-22,5350.0225
2006-09-25,5352.8969
2006-09-26,5276.3699
2006-09-27,5315.9073
2006-09-28,5374.4038
2006-09-29,5422.8585
2006-10-09,5524.6404
2006-10-10,5493.4075
2006-10-11,5485.0065
2006-10-12,5451.7079
2006-10-13,5491.8825
2006-10-16,5431.9743
2006-10-17,5446.2948
2006-10-18,5565.1864
2006-10-19,5565.4237
2006-10-20,5578.6523
2006-10-23,5463.546
2006-10-24,5584.6379
2006-10-25,5663.5784
2006-10-26,5750.7376
2006-10-27,5718.2657
2006-10-30,5720.9268
2006-10-31,5798.6709
2006-11-01,5825.6121
2006-11-02,5843.4777
2006-11-03,5885.6096
2006-11-06,6005.0867
2006-11-07,6061.8173
2006-11-08,5996.8048
2006-11-09,6111.8857
2006-11-10,5996.7997
2006-11-13,5853.782
2006-11-14,5931.8562
2006-11-15,6198.015
2006-11-16,6209.1302
2006-11-17,6362.5315
2006-11-20,6501.5911
2006-11-21,6578.7357
2006-11-22,6626.3052
2006-11-23,6646.4907
2006-11-24,6652.7298
2006-11-27,6762.3145
2006-11-28,6735.065
2006-11-29,6855.4283
2006-11-30,7118.9788
2006-12-01,7221.2415
2006-12-04,7381.8799
2006-12-05,7448.2031
2006-12-06,7336.1638
2006-12-07,7302.6896
2006-12-08,7089.4576
2006-12-11,7479.215
2006-12-12,7519.6823
2006-12-13,7506.7209
2006-12-14,7597.4185
2006-12-15,7754.0004
2006-12-18,8037.0935
2006-12-19,8007.1688
2006-12-20,8096.0215
2006-12-21,7964.1559
2006-12-22,7848.9542
2006-12-25,8025.9991
2006-12-26,7993.6164
2006-12-27,8161.6213
2006-12-28,8094.9509
2006-12-29,8360.6198
2007-01-04,8434.3226
2007-01-05,8435.9542
2007-01-08,8643.0871
2007-01-09,8905.3812
2007-01-10,9242.3461
2007-01-11,9171.9055
2007-01-12,9043.4021
2007-01-15,9609.4487
2007-01-16,10071.1326
2007-01-17,9785.7685
2007-01-18,9805.5081
2007-01-19,10151.4978
2007-01-22,10501.713
2007-01-23,10462.2952
2007-01-24,10532.5503
2007-01-25,10088.3783
2007-01-26,10353.4263
2007-01-29,10526.1413
2007-01-30,10403.8058
2007-01-31,9611.898
2007-02-01,9697.73
2007-02-02,9254.2514
2007-02-05,9185.4246
2007-02-06,9247.1626
2007-02-07,9499.885
2007-02-08,9689.0528
2007-02-09,9609.6024
2007-02-12,10017.9032
2007-02-13,10210.8591
2007-02-14,10478.1185
2007-02-15,10815.1748
2007-02-16,10802.4075
2007-02-26,10808.1655
2007-02-27,9818.8814
2007-02-28,10133.1355
2007-03-01,9837.109
2007-03-02,9987.6684
2007-03-05,9866.2755
2007-03-06,9990.7207
2007-03-07,10263.0228
2007-03-08,10400.9017
2007-03-09,10271.9447
2007-03-12,10252.7724
2007-03-13,10341.4765
2007-03-14,10203.1924
2007-03-15,10434.6649
2007-03-16,10276.1098
2007-03-19,10440.0317
2007-03-20,10463.1268
2007-03-21,10597.0682
2007-03-22,10641.2589
2007-03-23,10711.3111
2007-03-26,10890.5138
2007-03-27,10888.4292
2007-03-28,10836.2353
2007-03-29,10826.7562
2007-03-30,10789.3841
2007-04-02,11088.6603
2007-04-03,11313.5224
2007-04-04,11474.4853
2007-04-05,11564.8048
2007-04-06,11700.257
2007-04-09,11962.8733
2007-04-10,12187.0035
2007-04-11,12315.3678
2007-04-12,12582.5212
2007-04-13,12652.8954
2007-04-16,12943.0511
2007-04-17,12994.2092
2007-04-18,13137.213
2007-04-19,12450.427
2007-04-20,12958.1846
2007-04-23,13497.5877
2007-04-24,13478.1543
2007-04-25,13477.9838
2007-04-26,13706.8372
2007-04-27,13505.2113
2007-04-30,13730.0754
2007-05-08,14407.2194
2007-05-09,14555.4585
2007-05-10,14627.6126
2007-05-11,14522.032
2007-05-14,14828.9479
2007-05-15,14428.4709
2007-05-16,14767.8531
2007-05-17,15184.2852
2007-05-18,15297.7272
2007-05-21,15512.4249
2007-05-22,15688.6235
2007-05-23,15963.05
2007-05-24,15826.1963
2007-05-25,16037.4352
2007-05-28,16474.9553
2007-05-29,17019.6856
2007-05-30,15971.624
2007-05-31,16373.6377
2007-06-01,15727.5464
2007-06-04,14508.7166
2007-06-05,15204.4348
2007-06-06,15610.7886
2007-06-07,16064.4468
2007-06-08,16261.1347
2007-06-11,16688.5644
2007-06-12,17185.632
2007-06-13,17479.9557
2007-06-14,17297.2296
2007-06-15,17337.3436
2007-06-18,17967.9529
2007-06-19,18148.581
2007-06-20,17859.5529
2007-06-21,18048.4629
2007-06-22,17378.6645
2007-06-25,16599.1751
2007-06-26,16739.637
2007-06-27,17201.9311
2007-06-28,16314.5615
2007-06-29,15890.3616
2007-07-02,15801.0171
2007-07-03,16164.0781
2007-07-04,15845.9402
2007-07-05,14927.7811
2007-07-06,15703.6776
2007-07-09,16276.0606
2007-07-10,16068.777
2007-07-11,16201.0378
2007-07-12,16284.454
2007-07-13,16241.933
2007-07-16,15627.9797
2007-07-17,16172.3386
2007-07-18,16276.6345
2007-07-19,16213.5058
2007-07-20,17009.2673
2007-07-23,17924.6478
2007-07-24,17991.2559
2007-07-25,18261.2391
2007-07-26,18537.0228
2007-07-27,18530.975
2007-07-30,19098.5788
2007-07-31,19275.6002
2007-08-01,18763.951
2007-08-02,19737.7364
2007-08-03,20522.0974
2007-08-06,20983.9602
2007-08-07,20960.4235
2007-08-08,20543.6239
2007-08-09,21162.2317
2007-08-10,20710.6451
2007-08-13,20448.8244
2007-08-14,20749.2096
2007-08-15,20713.1765
2007-08-16,20372.5806
2007-08-17,19911.6612
2007-08-20,21056.0948
2007-08-21,21400.2532
2007-08-22,22000.659
2007-08-23,22391.9562
2007-08-24,22679.4973
2007-08-27,22706.4407
2007-08-28,22622.8439
2007-08-29,22148.3954
2007-08-30,22424.0675
2007-08-31,22695.6832
2007-09-03,23067.7543
2007-09-04,22925.2908
2007-09-05,22864.7026
2007-09-06,22957.2074
2007-09-07,22450.9276
2007-09-10,22762.6932
2007-09-11,21761.6298
2007-09-12,22104.6952
2007-09-13,22818.9017
2007-09-14,23143.2273
2007-09-17,23501.2378
2007-09-18,23276.4988
2007-09-19,22968.9783
2007-09-20,23158.9436
2007-09-21,23169.0027
2007-09-24,23411.7498
2007-09-25,23321.5986
2007-09-26,22872.8246
2007-09-27,23241.2609
2007-09-28,23984.4396
2007-10-08,24453.4892
2007-10-09,24564.0629
2007-10-10,24496.6959
2007-10-11,24600.0242
2007-10-12,24335.766
2007-10-15,24278.0132
2007-10-16,24622.5923
2007-10-17,24534.832
2007-10-18,23764.2607
2007-10-19,23960.8767
2007-10-22,23382.9741
2007-10-23,23679.2069
2007-10-24,23872.4048
2007-10-25,23127.456
2007-10-26,23550.286
2007-10-29,23967.9865
2007-10-30,24225.0941
2007-10-31,24858.5282
2007-11-01,24368.0467
2007-11-02,23630.8933
2007-11-05,23062.7198
2007-11-06,23068.7899
2007-11-07,23213.2436
2007-11-08,22237.4848
2007-11-09,21850.0415
2007-11-12,21731.2059
2007-11-13,21327.7175
2007-11-14,22102.8159
2007-11-15,21774.7329
2007-11-16,21306.5265
2007-11-19,21221.6937
2007-11-20,21639.2474
2007-11-21,21335.7194
2007-11-22,20319.3503
2007-11-23,20662.1807
2007-11-26,20459.1523
2007-11-27,19981.063
2007-11-28,19572.1446
2007-11-29,20287.0693
2007-11-30,19929.3885
2007-12-03,20179.5
2007-12-04,20476.6327
2007-12-05,21121.0646
2007-12-06,21083.2277
2007-12-07,21353.8113
2007-12-10,21796.2856
2007-12-11,21721.5864
2007-12-12,21461.0764
2007-12-13,20446.9425
2007-12-14,21019.8129
2007-12-17,20556.2142
2007-12-18,20500.2287
2007-12-19,20900.5081
2007-12-20,21205.8151
2007-12-21,21440.8394
2007-12-24,21882.5101
2007-12-25,21941.3574
2007-12-26,22234.4615
2007-12-27,22707.1317
2007-12-28,22585.2333
2008-01-02,22785.0272
2008-01-03,22856.7567
2008-01-04,23127.5164
2008-01-07,23453.7455
2008-01-08,23316.2336
2008-01-09,23738.161
2008-01-10,24175.6847
2008-01-11,24275.8087
2008-01-14,24436.2364
2008-01-15,24300.9505
2008-01-16,23431.6415
2008-01-17,22869.2057
2008-01-18,23152.7421
2008-01-21,21978.7579
2008-01-22,20428.3807
2008-01-23,21551.4824
2008-01-24,21823.8971
2008-01-25,22090.111
2008-01-28,20665.6987
2008-01-29,20702.824
2008-01-30,20604.1315
2008-01-31,20260.4165
2008-02-01,20158.3382
2008-02-04,21762.8145
2008-02-05,21544.2925
2008-02-13,21089.1226
2008-02-14,21349.1607
2008-02-15,21083.697
2008-02-18,21550.5864
2008-02-19,22090.0411
2008-02-20,21679.2512
2008-02-21,21482.4791
2008-02-22,20685.0934
2008-02-25,19800.534
2008-02-26,19599.3816
2008-02-27,20142.6747
2008-02-28,20018.6245
2008-02-29,20236.4672
2008-03-03,20702.7022
2008-03-04,20139.568
2008-03-05,19955.2849
2008-03-06,20077.8708
2008-03-07,19906.0337
2008-03-10,19014.5662
2008-03-11,18955.1479
2008-03-12,18358.4664
2008-03-13,17840.9888
2008-03-14,17681.4542
2008-03-17,16902.0999
2008-03-18,15983.3031
2008-03-19,16694.7675
2008-03-20,17341.3361
2008-03-21,17560.4052
2008-03-24,16766.9226
2008-03-25,17189.1342
2008-03-26,17269.2715
2008-03-27,16786.7784
2008-03-28,17532.1931
2008-03-31,17032.9878
2008-04-01,15956.4608
2008-04-02,15808.38
2008-04-03,16204.6125
2008-04-07,17158.0354
2008-04-08,17410.127
2008-04-09,16753.0243
2008-04-10,17020.2882
2008-04-11,17074.3733
2008-04-14,15814.1665
2008-04-15,15875.5531
2008-04-16,15449.1923
2008-04-17,14937.329
2008-04-18,14470.4576
2008-04-21,14217.9586
2008-04-22,14321.893
2008-04-23,15103.7437
2008-04-24,16553.7454
2008-04-25,16798.5105
2008-04-28,16386.1796
2008-04-29,16513.2705
2008-04-30,17314.2206
2008-05-05,17771.5404
2008-05-06,17569.7243
2008-05-07,16643.2613
2008-05-08,17078.1066
2008-05-09,16774.9944
2008-05-12,16885.9378
2008-05-13,16769.1168
2008-05-14,17357.6907
2008-05-15,17201.9929
2008-05-16,17080.167
2008-05-19,16931.3613
2008-05-20,15973.0323
2008-05-21,16243.4247
2008-05-22,15867.6439
2008-05-23,15676.373
2008-05-26,15258.6925
2008-05-27,15398.4542
2008-05-28,15804.0073
2008-05-29,15334.5367
2008-05-30,15465.2146
2008-06-02,15477.7004
2008-06-03,15394.3222
2008-06-04,15368.1511
2008-06-05,15227.5742
2008-06-06,15066.3222
2008-06-10,13824.2378
2008-06-11,13429.7838
2008-06-12,13279.1301
2008-06-13,12761.8437
2008-06-16,12619.4605
2008-06-17,12111.8868
2008-06-18,12720.9805
2008-06-19,11769.1571
2008-06-20,12042.3558
2008-06-23,11869.8568
2008-06-24,12239.0369
2008-06-25,12826.3352
2008-06-26,12849.5463
2008-06-27,12126.2849
2008-06-30,12042.9214
2008-07-01,11691.7468
2008-07-02,11776.2028
2008-07-03,12080.2849
2008-07-04,12084.2817
2008-07-07,12730.6274
2008-07-08,12792.1884
2008-07-09,13313.746
2008-07-10,13087.2807
2008-07-11,12898.7568
2008-07-14,12928.9575
2008-07-15,12408.6066
2008-07-16,11990.581
2008-07-17,11946.2666
2008-07-18,12332.8647
2008-07-21,12697.0698
2008-07-22,12672.4893
2008-07-23,12523.2867
2008-07-24,12873.0077
2008-07-25,12767.2106
2008-07-28,12833.5644
2008-07-29,12599.8058
2008-07-30,12502.6538
2008-07-31,12187.537
2008-08-01,12299.6812
2008-08-04,12067.1779
2008-08-05,11687.6027
2008-08-06,11645.7207
2008-08-07,11631.159
2008-08-08,11147.1736
2008-08-11,10518.7866
2008-08-12,10548.5686
2008-08-13,10622.3842
2008-08-14,10660.3742
2008-08-15,10602.747
2008-08-18,10087.8601
2008-08-19,10256.4982
2008-08-20,10988.1091
2008-08-21,10617.6663
2008-08-22,10436.2246
2008-08-25,10390.181
2008-08-26,10161.3858
2008-08-27,10084.4304
2008-08-28,10072.0038
2008-08-29,10313.7925
2008-09-01,9903.3504
2008-09-02,9766.2147
2008-09-03,9554.4095
2008-09-04,9632.3641
2008-09-05,9363.0543
2008-09-08,9028.2291
2008-09-09,9052.2007
2008-09-10,9108.5428
2008-09-11,8865.1533
2008-09-12,8941.5194
2008-09-16,8862.8113
2008-09-17,8613.7749
2008-09-18,8463.4281
2008-09-19,9225.9715
2008-09-22,9632.8438
2008-09-23,9108.5155
2008-09-24,9136.6202
2008-09-25,9515.5934
2008-09-26,9751.4854
2008-10-06,9310.9529
2008-10-07,9265.006
2008-10-08,8934.2544
2008-10-09,8720.2578
2008-10-10,8239.667
2008-10-13,8480.4714
2008-10-14,8353.9018
2008-10-15,8268.2327
2008-10-16,7959.2482
2008-10-17,8015.1503
2008-10-20,8295.4481
2008-10-21,8248.0484
2008-10-22,8105.0618
2008-10-23,8166.5603
2008-10-24,7952.2704
2008-10-27,7405.1047
2008-10-28,7607.3828
2008-10-29,7488.4419
2008-10-30,7629.1422
2008-10-31,7541.8491
2008-11-03,7523.7938
2008-11-04,7322.4943
2008-11-05,7569.6261
2008-11-06,7390.2103
2008-11-07,7433.0364
2008-11-10,7916.3581
2008-11-11,7881.4836
2008-11-12,7903.7995
2008-11-13,8220.6558
2008-11-14,8607.4106
2008-11-17,8762.5504
2008-11-18,8131.8943
2008-11-19,8634.1651
2008-11-20,8656.505
2008-11-21,8675.788
2008-11-24,8360.3906
2008-11-25,8383.194
2008-11-26,8446.7937
2008-11-27,8641.5177
2008-11-28,8610.0571
2008-12-01,8746.9337
2008-12-02,8788.6288
2008-12-03,9106.33
2008-12-04,9223.0972
2008-12-05,9415.3477
2008-12-08,9738.6052
2008-12-09,9522.3328
2008-12-10,9690.1648
2008-12-11,9524.116
2008-12-12,9172.7411
2008-12-15,9188.759
2008-12-16,9372.0351
2008-12-17,9429.8243
2008-12-18,9592.9239
2008-12-19,9622.8128
2008-12-22,9442.186
2008-12-23,8999.8152
2008-12-24,8855.7254
2008-12-25,8773.1033
2008-12-26,8679.5206
2008-12-29,8613.9489
2008-12-30,8495.5803
2008-12-31,8403.6279
2009-01-05,8589.4206
2009-01-06,8800.678
2009-01-07,8710.5612
2009-01-08,8570.1154
2009-01-09,8697.0018
2009-01-12,8700.9013
2009-01-13,8460.0344
2009-01-14,8819.2519
2009-01-15,8804.7817
2009-01-16,8964.9129
2009-01-19,9044.401
2009-01-20,9087.5629
2009-01-21,9033.2053
2009-01-22,9135.8971
2009-01-23,9091.849
2009-02-02,9186.1866
2009-02-03,9418.4758
2009-02-04,9692.8114
2009-02-05,9610.1631
2009-02-06,10073.2929
2009-02-09,10485.4181
2009-02-10,10716.6474
2009-02-11,10744.0836
2009-02-12,10784.6538
2009-02-13,11189.5148
2009-02-16,11374.6984
2009-02-17,10976.8817
2009-02-18,10482.6604
2009-02-19,10654.1171
2009-02-20,10926.5784
2009-02-23,11321.8945
2009-02-24,10899.7794
2009-02-25,10692.6699
2009-02-26,10091.6278
2009-02-27,9872.0718
2009-03-02,10073.1223
2009-03-03,9986.6523
2009-03-04,10676.8895
2009-03-05,10697.2928
2009-03-06,10710.8977
2009-03-09,10315.6657
2009-03-10,10442.5154
2009-03-11,10309.413
2009-03-12,10299.6361
2009-03-13,10225.2522
2009-03-16,10416.6494
2009-03-17,10894.0142
2009-03-18,10993.47
2009-03-19,11192.1674
2009-03-20,11230.5418
2009-03-23,11541.3833
2009-03-24,11631.0274
2009-03-25,11378.4899
2009-03-26,11670.6998
2009-03-27,11684.469
2009-03-30,11578.3823
2009-03-31,11667.2483
2009-04-01,11889.8167
2009-04-02,12081.8384
2009-04-03,12013.096
2009-04-07,11991.5927
2009-04-08,11563.2282
2009-04-09,11733.7389
2009-04-10,12147.009
2009-04-13,12398.1631
2009-04-14,12580.9718
2009-04-15,12642.0375
2009-04-16,12625.5961
2009-04-17,12455.6542
2009-04-20,12734.0834
2009-04-21,12536.2453
2009-04-22,12027.4968
2009-04-23,12173.5466
2009-04-24,12114.9227
2009-04-27,11812.6305
2009-04-28,11842.0542
2009-04-29,12205.5401
2009-04-30,12361.4594
2009-05-04,12878.8377
2009-05-05,12942.2261
2009-05-06,13204.8436
2009-05-07,13153.4169
2009-05-08,13250.6423
2009-05-11,12842.4892
2009-05-12,13247.1324
2009-05-13,13397.8681
2009-05-14,13343.7173
2009-05-15,13371.9483
2009-05-18,13425.8638
2009-05-19,13570.2674
2009-05-20,13499.1906
2009-05-21,13161.1454
2009-05-22,13114.7595
2009-05-25,13258.1503
2009-05-26,13050.7864
2009-05-27,13189.099
2009-06-01,13571.9907
2009-06-02,13654.8321
2009-06-03,13952.5669
2009-06-04,13981.2835
2009-06-05,13885.2315
2009-06-08,13824.0656
2009-06-09,13992.0787
2009-06-10,14097.9815
2009-06-11,13941.3953
2009-06-12,13713.1935
2009-06-15,14031.8433
2009-06-16,14070.6639
2009-06-17,14388.5514
2009-06-18,14534.2514
2009-06-19,14653.2764
2009-06-22,14586.9189
2009-06-23,14502.9955
2009-06-24,14837.5448
2009-06-25,14843.9554
2009-06-26,14880.4174
2009-06-29,15132.0748
2009-06-30,15082.2549
2009-07-01,15451.0485
2009-07-02,15611.02
2009-07-03,15987.6214
2009-07-06,16290.0072
2009-07-07,16124.7108
2009-07-08,16290.1989
2009-07-09,16485.9949
2009-07-10,16575.7724
2009-07-13,16517.4407
2009-07-14,16949.6333
2009-07-15,17065.7181
2009-07-16,17070.1655
2009-07-17,17136.5295
2009-07-20,17462.7946
2009-07-21,17197.6092
2009-07-22,17428.3309
2009-07-23,17649.2127
2009-07-24,17663.4072
2009-07-27,17937.5082
2009-07-28,18063.582
2009-07-29,17064.5626
2009-07-30,17329.2251
2009-07-31,17850.1517
2009-08-03,18094.431
2009-08-04,18157.6118
2009-08-05,17999.8851
2009-08-06,17626.1869
2009-08-07,16947.1714
2009-08-10,16946.0774
2009-08-11,17160.5962
2009-08-12,16449.1134
2009-08-13,16726.0589
2009-08-14,16330.9983
2009-08-17,15246.3292
2009-08-18,15383.7753
2009-08-19,14648.5413
2009-08-20,15222.3308
2009-08-21,15541.6704
2009-08-24,15782.7775
2009-08-25,15277.0939
2009-08-26,15679.0865
2009-08-27,15552.8489
2009-08-28,14968.5889
2009-08-31,13838.673
2009-09-01,13877.6721
2009-09-02,14041.4983
2009-09-03,14911.9722
2009-09-04,15064.058
2009-09-07,15216.3448
2009-09-08,15593.7408
2009-09-09,15756.6834
2009-09-10,15548.0941
2009-09-11,15822.7032
2009-09-14,16201.4144
2009-09-15,16271.9458
2009-09-16,16085.368
2009-09-17,16320.1576
2009-09-18,15671.9003
2009-09-21,15761.5596
2009-09-22,15459.2452
2009-09-23,15000.6721
2009-09-24,15019.2978
2009-09-25,14900.1514
2009-09-28,14511.721
2009-09-29,14489.7702
2009-09-30,14670.7128
2009-10-09,15449.6797
2009-10-12,15375.5322
2009-10-13,15547.9705
2009-10-14,15681.1497
2009-10-15,15726.956
2009-10-16,15758.2587
2009-10-19,16348.3486
2009-10-20,16602.0525
2009-10-21,16624.6245
2009-10-22,16536.4969
2009-10-23,16823.7238
2009-10-26,16788.1126
2009-10-27,16261.427
2009-10-28,16384.0761
2009-10-29,15976.0564
2009-10-30,16113.273
2009-11-02,16662.59
2009-11-03,16852.5546
2009-11-04,16947.0603
2009-11-05,16909.3946
2009-11-06,17022.4602
2009-11-09,17087.8293
2009-11-10,17239.8362
2009-11-11,17182.4371
2009-11-12,17279.6307
2009-11-13,17390.9424
2009-11-16,17962.6727
2009-11-17,17926.2423
2009-11-18,17889.6371
2009-11-19,17965.697
2009-11-20,17961.0093
2009-11-23,18171.2737
2009-11-24,17645.9197
2009-11-25,18120.8278
2009-11-26,17430.3937
2009-11-27,16891.9921
2009-11-30,17694.0591
2009-12-01,17951.4687
2009-12-02,18107.7902
2009-12-03,18055.5045
2009-12-04,18220.7341
2009-12-07,18440.4292
2009-12-08,18282.4183
2009-12-09,18075.9993
2009-12-10,18203.9023
2009-12-11,18214.2658
2009-12-14,18300.1083
2009-12-15,18150.7581
2009-12-16,17940.6461
2009-12-17,17582.966
2009-12-18,16958.0527
2009-12-21,17085.3517
2009-12-22,16608.8615
2009-12-23,16827.5544
2009-12-24,17474.7205
2009-12-25,17455.5743
2009-12-28,17685.2049
2009-12-29,17738.8115
2009-12-30,17924.4016
2009-12-31,17998.3775
2010-01-04,17780.8009
2010-01-05,17760.6278
2010-01-06,17745.6552
2010-01-07,17392.3287
2010-01-08,17435.3616
2010-01-11,17296.64
2010-01-12,17587.0094
2010-01-13,17108.7433
2010-01-14,17356.3793
2010-01-15,17436.5166
2010-01-18,17565.2619
2010-01-19,17552.0439
2010-01-20,16981.8278
2010-01-21,16984.1534
2010-01-22,16562.8073
2010-01-25,16398.4535
2010-01-26,15994.8924
2010-01-27,15843.583
2010-01-28,15941.4542
2010-01-29,15964.3941
2010-02-01,15770.5575
2010-02-02,15671.2885
2010-02-03,16132.1677
2010-02-04,16010.6623
2010-02-05,15679.6266
2010-02-08,15720.2947
2010-02-09,15751.6254
2010-02-10,16035.3975
2010-02-11,16087.9637
2010-02-12,16194.4408
2010-02-22,16075.3229
2010-02-23,15886.3142
2010-02-24,16167.467
2010-02-25,16447.7314
2010-02-26,16372.8714
2010-03-01,16573.4274
2010-03-02,16522.6066
2010-03-03,16607.5665
2010-03-04,16213.7979
2010-03-05,16252.7532
2010-03-08,16379.9185
2010-03-09,16473.2
2010-03-10,16321.3765
2010-03-11,16290.8028
2010-03-12,16030.2016
2010-03-15,15681.0474
2010-03-16,15741.8288
2010-03-17,16118.2507
2010-03-18,16123.0968
2010-03-19,16277.1615
2010-03-22,16277.5111
2010-03-23,16215.9261
2010-03-24,16197.2029
2010-03-25,15930.4462
2010-03-26,16133.6536
2010-03-29,16545.9705
2010-03-30,16600.4589
2010-03-31,16471.3514
2010-04-01,16725.0639
2010-04-02,16833.9031
2010-04-06,16749.1657
2010-04-07,16656.731
2010-04-08,16387.4456
2010-04-09,16557.3725
2010-04-12,16352.7347
2010-04-13,16502.3297
2010-04-14,16563.7323
2010-04-15,16506.141
2010-04-16,16379.9238
2010-04-19,15362.1317
2010-04-20,15223.7332
2010-04-21,15525.2357
2010-04-22,15443.2218
2010-04-23,15442.7028
2010-04-26,15311.3488
2010-04-27,14985.9648
2010-04-28,14958.4564
2010-04-29,14777.8738
2010-04-30,14734.1282
2010-05-04,14468.6765
2010-05-05,14526.2467
2010-05-06,13759.8971
2010-05-07,13396.1552
2010-05-10,13552.2444
2010-05-11,13324.8398
2010-05-12,13398.825
2010-05-13,13757.7079
2010-05-14,13642.7633
2010-05-17,12853.2541
2010-05-18,13213.3871
2010-05-19,13197.7834
2010-05-20,13138.005
2010-05-21,13486.8939
2010-05-24,14030.7224
2010-05-25,13694.7976
2010-05-26,13690.962
2010-05-27,13931.7655
2010-05-28,13869.5913
2010-05-31,13485.2375
2010-06-01,13346.3268
2010-06-02,13465.6574
2010-06-03,13373.8078
2010-06-04,13466.0181
2010-06-07,13209.6841
2010-06-08,13271.4196
2010-06-09,13678.7161
2010-06-10,13515.5248
2010-06-11,13538.9517
2010-06-17,13437.9972
2010-06-18,13179.8427
2010-06-21,13634.3089
2010-06-22,13682.6506
2010-06-23,13565.3865
2010-06-24,13559.0914
2010-06-25,13366.6884
2010-06-28,13244.7545
2010-06-29,12579.9417
2010-06-30,12419.3312
2010-07-01,12177.9164
2010-07-02,12210.3685
2010-07-05,12135.8593
2010-07-06,12390.6346
2010-07-07,12553.3699
2010-07-08,12528.1367
2010-07-09,12993.5107
2010-07-12,13182.7146
2010-07-13,12975.0769
2010-07-14,12978.4438
2010-07-15,12866.6975
2010-07-16,12983.8534
2010-07-19,13369.1926
2010-07-20,13690.8485
2010-07-21,13671.4041
2010-07-22,13867.7255
2010-07-23,13942.9499
2010-07-26,14027.4406
2010-07-27,13995.2834
2010-07-28,14339.1173
2010-07-29,14358.1709
2010-07-30,14288.0753
2010-08-02,14579.5664
2010-08-03,14349.8584
2010-08-04,14403.2855
2010-08-05,14268.5951
2010-08-06,14501.1351
2010-08-09,14600.6962
2010-08-10,14201.3167
2010-08-11,14323.0709
2010-08-12,14156.1281
2010-08-13,14430.7482
2010-08-16,14800.4031
2010-08-17,14956.6216
2010-08-18,14957.9891
2010-08-19,15010.3731
2010-08-20,14705.3757
2010-08-23,14690.87
2010-08-24,14871.262
2010-08-25,14540.2894
2010-08-26,14601.4964
2010-08-27,14635.8404
2010-08-30,14992.9674
2010-08-31,15040.7886
2010-09-01,15015.1937
2010-09-02,15210.3118
2010-09-03,15213.7909
2010-09-06,15465.4361
2010-09-07,15501.6764
2010-09-08,15555.781
2010-09-09,15215.1049
2010-09-10,15303.1182
2010-09-13,15515.5205
2010-09-14,15483.3435
2010-09-15,15148.0501
2010-09-16,14819.6585
2010-09-17,14879.2536
2010-09-20,14803.2489
2010-09-21,14884.3308
2010-09-27,15149.519
2010-09-28,14970.7479
2010-09-29,14904.4104
2010-09-30,15230.2135
2010-10-08,15819.198
2010-10-11,16253.4641
2010-10-12,16434.5688
2010-10-13,16740.6682
2010-10-14,16615.0902
2010-10-15,16958.5243
2010-10-18,16805.1262
2010-10-19,17232.4965
2010-10-20,17445.8494
2010-10-21,17422.3202
2010-10-22,17574.1205
2010-10-25,18251.8477
2010-10-26,18247.2994
2010-10-27,17879.199
2010-10-28,17870.7735
2010-10-29,17768.4408
2010-11-01,18270.002
2010-11-02,18141.7324
2010-11-03,17805.4614
2010-11-04,18076.4476
2010-11-05,18260.512
2010-11-08,18359.913
2010-11-09,18237.3281
2010-11-10,18226.9641
2010-11-11,18200.4672
2010-11-12,16926.9138
2010-11-15,17036.3868
2010-11-16,16251.5352
2010-11-17,15853.7322
2010-11-18,16158.8469
2010-11-19,16358.9783
2010-11-22,16370.1832
2010-11-23,16050.3278
2010-11-24,16510.6753
2010-11-25,16773.031
2010-11-26,16687.4367
2010-11-29,16685.1562
2010-11-30,16419.6058
2010-12-01,16386.1102
2010-12-02,16518.3834
2010-12-03,16564.5994
2010-12-06,16538.6811
2010-12-07,16851.4735
2010-12-08,16797.1038
2010-12-09,16449.0707
2010-12-10,16592.7793
2010-12-13,17185.7585
2010-12-14,17215.5464
2010-12-15,17087.0412
2010-12-16,17043.2009
2010-12-17,16996.1586
2010-12-20,16728.0338
2010-12-21,17148.5109
2010-12-22,17008.9859
2010-12-23,16846.9688
2010-12-24,16731.0715
2010-12-27,16394.0973
2010-12-28,16076.0841
2010-12-29,16144.6832
2010-12-30,16178.068
2010-12-31,16605.0569
2011-01-04,16947.1949
2011-01-05,16859.0592
2011-01-06,16796.1196
2011-01-07,16762.833
2011-01-10,16440.1709
2011-01-11,16513.1568
2011-01-12,16547.2189
2011-01-13,16566.0178
2011-01-14,16394.7609
2011-01-17,15649.5548
2011-01-18,15699.7904
2011-01-19,16094.1135
2011-01-20,15428.4353
2011-01-21,15527.0191
2011-01-24,15326.4649
2011-01-25,15270.6145
2011-01-26,15476.0412
2011-01-27,15738.0079
2011-01-28,15870.9028
2011-01-31,16005.8816
2011-02-01,16002.6042
2011-02-09,15758.5703
2011-02-10,16243.3985
2011-02-11,16407.1663
2011-02-14,17002.5119
2011-02-15,16968.5253
2011-02-16,17200.8579
2011-02-17,17073.0042
2011-02-18,16840.0938
2011-02-21,17187.3745
2011-02-22,16655.4642
2011-02-23,16682.3334
2011-02-24,16797.794
2011-02-25,16872.8442
2011-02-28,17232.5034
2011-03-01,17295.3541
2011-03-02,17204.9563
2011-03-03,16962.725
2011-03-04,17225.1321
2011-03-07,17556.183
2011-03-08,17561.6368
2011-03-09,17581.4273
2011-03-10,17377.5742
2011-03-11,17169.0332
2011-03-14,17317.4109
2011-03-15,16980.3735
2011-03-16,17195.7953
2011-03-17,16909.3524
2011-03-18,17005.6879
2011-03-21,16902.0887
2011-03-22,16934.5496
2011-03-23,17173.8824
2011-03-24,17075.8765
2011-03-25,17305.0043
2011-03-28,17217.0495
2011-03-29,16953.4305
2011-03-30,16932.5218
2011-03-31,16802.0411
2011-04-01,16985.6276
2011-04-06,17042.0785
2011-04-07,17243.4508
2011-04-08,17439.2018
2011-04-11,17291.5089
2011-04-12,17261.9956
2011-04-13,17530.4175
2011-04-14,17384.0683
2011-04-15,17350.0859
2011-04-18,17398.7299
2011-04-19,17129.3232
2011-04-20,17069.5971
2011-04-21,17130.7067
2011-04-22,17010.8227
2011-04-25,16743.5769
2011-04-26,16664.885
2011-04-27,16545.9287
2011-04-28,16266.2633
2011-04-29,16486.4581
2011-05-03,16635.353
2011-05-04,16163.5996
2011-05-05,16185.4251
2011-05-06,16161.7742
2011-05-09,16239.6102
2011-05-10,16363.7032
2011-05-11,16345.4966
2011-05-12,16171.7844
2011-05-13,16285.8082
2011-05-16,16145.6169
2011-05-17,16250.0868
2011-05-18,16387.971
2011-05-19,16291.6961
2011-05-20,16296.5786
2011-05-23,15736.2755
2011-05-24,15747.5716
2011-05-25,15568.2483
2011-05-26,15455.624
2011-05-27,15405.6226
2011-05-30,15387.1028
2011-05-31,15638.6075
2011-06-01,15686.0447
2011-06-02,15427.8064
2011-06-03,15610.911
2011-06-07,15744.3983
2011-06-08,15771.9399
2011-06-09,15440.4383
2011-06-10,15548.8874
2011-06-13,15454.0522
2011-06-14,15736.7187
2011-06-15,15581.9654
2011-06-16,15341.463
2011-06-17,15306.3836
2011-06-20,15199.3103
2011-06-21,15443.4728
2011-06-22,15489.5686
2011-06-23,15801.3514
2011-06-24,16098.5308
2011-06-27,16140.0303
2011-06-28,16168.9059
2011-06-29,15990.169
2011-06-30,16256.5185
2011-07-01,16347.6217
2011-07-04,16701.7617
2011-07-05,16701.6819
2011-07-06,16682.9542
2011-07-07,16639.9764
2011-07-08,16656.2871
2011-07-11,16703.2284
2011-07-12,16475.4398
2011-07-13,16759.7271
2011-07-14,16709.2602
2011-07-15,16799.0471
2011-07-18,16778.0323
2011-07-19,16632.495
2011-07-20,16650.3171
2011-07-21,16526.9345
2011-07-22,16596.5576
2011-07-25,16078.5747
2011-07-26,16136.3552
2011-07-27,16282.8832
2011-07-28,16242.2746
2011-07-29,16114.9123
2011-08-01,16131.9859
2011-08-02,16038.3511
2011-08-03,16026.3079
2011-08-04,16043.4463
2011-08-05,15731.6495
2011-08-08,15209.4461
2011-08-09,15213.6453
2011-08-10,15395.3923
2011-08-11,15635.531
2011-08-12,15668.4656
2011-08-15,15825.9983
2011-08-16,15689.3205
2011-08-17,15599.9683
2011-08-18,15353.251
2011-08-19,15202.6657
2011-08-22,14949.4783
2011-08-23,15126.3023
2011-08-24,15121.189
2011-08-25,15606.4159
2011-08-26,15565.9572
2011-08-29,15303.4316
2011-08-30,15266.758
2011-08-31,15339.0317
2011-09-01,15279.894
2011-09-02,15113.1439
2011-09-05,14746.0638
2011-09-06,14509.4005
2011-09-07,14823.581
2011-09-08,14719.6324
2011-09-09,14665.4175
2011-09-13,14508.6415
2011-09-14,14572.924
2011-09-15,14608.2901
2011-09-16,14649.8414
2011-09-19,14353.6153
2011-09-20,14383.6682
2011-09-21,14805.4897
2011-09-22,14360.0047
2011-09-23,14196.4405
2011-09-26,13914.4856
2011-09-27,14077.2334
2011-09-28,13972.0003
2011-09-29,13862.3082
2011-09-30,13869.1025
2011-10-10,13706.0968
2011-10-11,13565.0374
2011-10-12,14051.6297
2011-10-13,14127.8193
2011-10-14,14069.9214
2011-10-17,14172.1628
2011-10-18,13786.7241
2011-10-19,13624.1709
2011-10-20,13207.7177
2011-10-21,13074.9981
2011-10-24,13426.8938
2011-10-25,13759.1009
2011-10-26,13911.4219
2011-10-27,13922.4181
2011-10-28,14245.1676
2011-10-31,14136.6613
2011-11-01,14084.6162
2011-11-02,14274.3655
2011-11-03,14332.3706
2011-11-04,14434.9009
2011-11-07,14290.2845
2011-11-08,14222.9195
2011-11-09,14338.1582
2011-11-10,14138.8608
2011-11-11,14060.598
2011-11-14,14367.4396
2011-11-15,14283.7017
2011-11-16,13920.5827
2011-11-17,13907.6842
2011-11-18,13533.2682
2011-11-21,13545.7102
2011-11-22,13538.9699
2011-11-23,13444.0787
2011-11-24,13457.6043
2011-11-25,13349.7129
2011-11-28,13348.4159
2011-11-29,13522.3927
2011-11-30,13091.6412
2011-12-01,13395.5948
2011-12-02,13248.3173
2011-12-05,12949.0443
2011-12-06,12950.9767
2011-12-07,12977.824
2011-12-08,12943.8358
2011-12-09,12809.1614
2011-12-12,12669.4229
2011-12-13,12419.6553
2011-12-14,12288.1696
2011-12-15,11988.9789
2011-12-16,12274.6519
2011-12-19,12237.7285
2011-12-20,12208.1657
2011-12-21,12009.6292
2011-12-22,12044.2672
2011-12-23,12135.7932
2011-12-26,12000.8786
2011-12-27,11778.992
2011-12-28,11817.7903
2011-12-29,11874.7327
2011-12-30,12061.3729
2012-01-04,11760.7478
2012-01-05,11631.982
2012-01-06,11678.875
2012-01-09,12101.1295
2012-01-10,12555.2118
2012-01-11,12499.1003
2012-01-12,12448.0484
2012-01-13,12218.3369
2012-01-16,11944.2521
2012-01-17,12535.7381
2012-01-18,12335.1066
2012-01-19,12586.119
2012-01-20,12811.4196
2012-01-30,12553.2888
2012-01-31,12593.0121
2012-02-01,12444.5172
2012-02-02,12700.7422
2012-02-03,12775.7699
2012-02-06,12792.3021
2012-02-07,12546.7553
2012-02-08,12941.3162
2012-02-09,12946.3544
2012-02-10,12988.056
2012-02-13,12980.8691
2012-02-14,12925.7087
2012-02-15,13102.0898
2012-02-16,13034.3229
2012-02-17,13024.952
2012-02-20,13027.5018
2012-02-21,13135.5965
2012-02-22,13362.1698
2012-02-23,13439.3877
2012-02-24,13718.2284
2012-02-27,13791.1039
2012-02-28,13770.9617
2012-02-29,13626.752
2012-03-01,13635.8572
2012-03-02,13960.5506
2012-03-05,13861.773
2012-03-06,13682.8203
2012-03-07,13630.8491
2012-03-08,13789.2679
2012-03-09,14011.411
2012-03-12,13966.3103
2012-03-13,14138.9867
2012-03-14,13689.1729
2012-03-15,13678.6918
2012-03-16,13940.8866
2012-03-19,13964.5957
2012-03-20,13721.5931
2012-03-21,13687.2119
2012-03-22,13618.1829
2012-03-23,13410.4941
2012-03-26,13493.8913
2012-03-27,13352.5765
2012-03-28,12932.4525
2012-03-29,12780.0
2012-03-30,12769.9553
2012-04-05,13176.1455
2012-04-06,13281.6438
2012-04-09,13180.2698
2012-04-10,13296.5018
2012-04-11,13305.9165
2012-04-12,13585.4273
2012-04-13,13635.1875
2012-04-16,13577.08
2012-04-17,13360.1253
2012-04-18,13672.6799
2012-04-19,13600.0081
2012-04-20,13757.8326
2012-04-23,13683.9757
2012-04-24,13638.3986
2012-04-25,13802.3515
2012-04-26,13857.0133
2012-04-27,13828.9604
2012-05-02,14161.9783
2012-05-03,14221.8333
2012-05-04,14365.6266
2012-05-07,14419.8623
2012-05-08,14300.8687
2012-05-09,13989.0615
2012-05-10,13966.8476
2012-05-11,13877.7024
2012-05-14,13718.1211
2012-05-15,13771.1687
2012-05-16,13479.2926
2012-05-17,13701.6772
2012-05-18,13462.7201
2012-05-21,13564.758
2012-05-22,13841.1509
2012-05-23,13791.5742
2012-05-24,13576.7216
2012-05-25,13442.0682
2012-05-28,13740.8674
2012-05-29,13892.1479
2012-05-30,13821.7103
2012-05-31,13794.0663
2012-06-01,13800.8586
2012-06-04,13432.6678
2012-06-05,13396.1955
2012-06-06,13350.5442
2012-06-07,13273.3346
2012-06-08,13208.1937
2012-06-11,13402.9926
2012-06-12,13322.7269
2012-06-13,13541.0462
2012-06-14,13453.7296
2012-06-15,13455.0095
2012-06-18,13582.9503
2012-06-19,13405.5875
2012-06-20,13370.4885
2012-06-21,13181.9236
2012-06-25,12817.2128
2012-06-26,12862.0548
2012-06-27,12821.8499
2012-06-28,12777.3632
2012-06-29,12937.5128
2012-07-02,13028.3427
2012-07-03,13084.7863
2012-07-04,13033.5833
2012-07-05,12821.1793
2012-07-06,13199.9534
2012-07-09,12937.1776
2012-07-10,12910.7619
2012-07-11,13063.5309
2012-07-12,13289.3764
2012-07-13,13343.3073
2012-07-16,13001.267
2012-07-17,13028.1269
2012-07-18,12966.4003
2012-07-19,12960.798
2012-07-20,12721.3184
2012-07-23,12521.4547
2012-07-24,12626.8165
2012-07-25,12481.1217
2012-07-26,12381.74
2012-07-27,12389.61
2012-07-30,12368.4372
2012-07-31,12353.035
2012-08-01,12499.3332
2012-08-02,12267.7752
2012-08-03,12378.9678
2012-08-06,12564.6167
2012-08-07,12588.6343
2012-08-08,12564.0175
2012-08-09,12737.8306
2012-08-10,12603.0739
2012-08-13,12332.3647
2012-08-14,12401.8535
2012-08-15,12346.6405
2012-08-16,12244.7352
2012-08-17,12122.955
2012-08-20,12062.3004
2012-08-21,12077.8421
2012-08-22,11910.0524
2012-08-23,11916.9402
2012-08-24,11711.1678
2012-08-27,11470.069
2012-08-28,11468.3095
2012-08-29,11292.2649
2012-08-30,11223.5388
2012-08-31,11211.8052
2012-09-03,11418.2163
2012-09-04,11257.9818
2012-09-05,11256.9531
2012-09-06,11320.0045
2012-09-07,11895.4029
2012-09-10,11978.7061
2012-09-11,11938.3493
2012-09-12,12003.6156
2012-09-13,11873.5581
2012-09-14,11941.2751
2012-09-17,11591.7301
2012-09-18,11464.6085
2012-09-19,11522.1251
2012-09-20,11209.1419
2012-09-21,11208.8853
2012-09-24,11359.0799
2012-09-25,11323.2771
2012-09-26,11199.7405
2012-09-27,11600.7813
2012-09-28,11865.2287
2012-10-08,11675.7133
2012-10-09,11955.022
2012-10-10,11996.4994
2012-10-11,11848.734
2012-10-12,11829.0676
2012-10-15,11791.1729
2012-10-16,11824.1153
2012-10-17,11818.8575
2012-10-18,12034.3188
2012-10-19,12032.6005
2012-10-22,12078.4915
2012-10-23,11883.6333
2012-10-24,11839.7856
2012-10-25,11770.5755
2012-10-26,11514.1113
2012-10-29,11462.3973
2012-10-30,11487.2741
2012-10-31,11591.3596
2012-11-01,11856.6605
2012-11-02,11880.0007
2012-11-05,11846.5653
2012-11-06,11758.4699
2012-11-07,11719.9282
2012-11-08,11499.1036
2012-11-09,11441.3177
2012-11-12,11490.2357
2012-11-13,11275.5396
2012-11-14,11343.2565
2012-11-15,11210.4182
2012-11-16,11118.0765
2012-11-19,11039.849
2012-11-20,11029.8834
2012-11-21,11164.8415
2012-11-22,11023.9793
2012-11-23,11116.7216
2012-11-26,10982.2112
2012-11-27,10874.1795
2012-11-28,10761.5491
2012-11-29,10700.3914
2012-11-30,10830.2312
2012-12-03,10567.2531
2012-12-04,10692.4149
2012-12-05,11090.4077
2012-12-06,11063.3997
2012-12-07,11226.0571
2012-12-10,11331.0577
2012-12-11,11269.7018
2012-12-12,11305.3598
2012-12-13,11203.5984
2012-12-14,11697.2369
2012-12-17,11793.1411
2012-12-18,11783.2845
2012-12-19,11848.3421
2012-12-20,11922.6397
2012-12-21,11875.5147
2012-12-24,11839.2208
2012-12-25,12196.8288
2012-12-26,12264.9191
2012-12-27,12264.5105
2012-12-28,12384.7873
2012-12-31,12508.3078
2013-01-04,12481.0364
2013-01-07,12498.7938
2013-01-08,12502.263
2013-01-09,12563.9688
2013-01-10,12585.5508
2013-01-11,12377.2438
2013-01-14,12787.7401
2013-01-15,12878.2983
2013-01-16,12843.078
2013-01-17,12780.3552
2013-01-18,12950.0681
2013-01-21,13130.0789
2013-01-22,13094.4889
2013-01-23,13111.6839
2013-01-24,12969.3377
2013-01-25,12850.7005
2013-01-28,13210.9958
2013-01-29,13329.5367
2013-01-30,13439.0923
2013-01-31,13280.3224
2013-02-01,13490.7672
2013-02-04,13409.8821
2013-02-05,13665.0411
2013-02-06,13633.8997
2013-02-07,13610.0574
2013-02-08,13726.7281
2013-02-18,13462.0758
2013-02-19,13126.2162
2013-02-20,13257.4773
2013-02-21,12914.9872
2013-02-22,12872.3656
2013-02-25,12842.6572
2013-02-26,12658.7515
2013-02-27,12831.6307
2013-02-28,13256.1163
2013-03-01,13268.8781
2013-03-04,12567.8812
2013-03-05,12845.848
2013-03-06,12970.1185
2013-03-07,12919.3561
2013-03-08,12771.7842
2013-03-11,12760.6128
2013-03-12,12605.2339
2013-03-13,12481.6024
2013-03-14,12501.6485
2013-03-15,12518.9483
2013-03-18,12381.7417
2013-03-19,12430.6627
2013-03-20,12822.0876
2013-03-21,12834.3051
2013-03-22,12858.6259
2013-03-25,12817.7137
2013-03-26,12699.4372
2013-03-27,12698.1148
2013-03-28,12332.9167
2013-03-29,12237.9898
2013-04-01,12304.7776
2013-04-02,12336.7643
2013-04-03,12343.0196
2013-04-08,12329.1167
2013-04-09,12383.935
2013-04-10,12342.2384
2013-04-11,12285.7038
2013-04-12,12168.5927
2013-04-15,12029.238
2013-04-16,12193.8343
2013-04-17,12252.3403
2013-04-18,12244.3195
2013-04-19,12552.492
2013-04-22,12479.4371
2013-04-23,12115.7796
2013-04-24,12279.8002
2013-04-25,12088.8942
2013-04-26,11977.7314
2013-05-02,12015.393
2013-05-03,12194.5544
2013-05-06,12401.1963
2013-05-07,12437.532
2013-05-08,12509.863
2013-05-09,12476.4782
2013-05-10,12506.2832
2013-05-13,12428.6093
2013-05-14,12146.4299
2013-05-15,12230.9444
2013-05-16,12495.7025
2013-05-17,12751.4922
2013-05-20,12836.2037
2013-05-21,12969.8983
2013-05-22,12972.775
2013-05-23,12781.2879
2013-05-24,12836.1
2013-05-27,12775.8513
2013-05-28,13026.3944
2013-05-29,12975.7261
2013-05-30,12941.7177
2013-05-31,12775.1916
2013-06-03,12766.6969
2013-06-04,12592.2344
2013-06-05,12619.4442
2013-06-06,12423.725
2013-06-07,12096.6807
2013-06-13,11640.2598
2013-06-14,11705.8779
2013-06-17,11603.0952
2013-06-18,11695.4082
2013-06-19,11627.5917
2013-06-20,11250.2923
2013-06-21,11235.1694
2013-06-24,10479.7553
2013-06-25,10351.3577
2013-06-26,10450.4452
2013-06-27,10420.5891
2013-06-28,10628.5857
2013-07-01,10662.3855
2013-07-02,10732.5866
2013-07-03,10643.2903
2013-07-04,10782.6036
2013-07-05,10855.7506
2013-07-08,10553.8459
2013-07-09,10503.1325
2013-07-10,10850.3077
2013-07-11,11311.8704
2013-07-12,11074.931
2013-07-15,11248.2606
2013-07-16,11316.5405
2013-07-17,11147.353
2013-07-18,10927.4776
2013-07-19,10595.9435
2013-07-22,10624.5573
2013-07-23,11011.6072
2013-07-24,10973.7468
2013-07-25,10917.3662
2013-07-26,10847.1553
2013-07-29,10606.02
2013-07-30,10691.8975
2013-07-31,10741.2549
2013-08-01,10972.0483
2013-08-02,11013.762
2013-08-05,11151.259
2013-08-06,11266.244
2013-08-07,11201.9848
2013-08-08,11228.6292
2013-08-09,11272.3324
2013-08-12,11564.6599
2013-08-13,11573.5394
2013-08-14,11538.46
2013-08-15,11389.7606
2013-08-16,11306.3061
2013-08-19,11469.81
2013-08-20,11399.6713
2013-08-21,11402.4652
2013-08-22,11415.5347
2013-08-23,11307.1642
2013-08-26,11540.86
2013-08-27,11551.5181
2013-08-28,11438.1123
2013-08-29,11376.6266
2013-08-30,11360.6706
2013-09-02,11418.266
2013-09-03,11591.3379
2013-09-04,11560.0576
2013-09-05,11479.1614
2013-09-06,11471.9052
2013-09-09,11783.4836
2013-09-10,11966.9226
2013-09-11,12021.672
2013-09-12,12076.7868
2013-09-13,12039.6118
2013-09-16,12000.7778
2013-09-17,11772.5085
2013-09-18,11755.1426
2013-09-23,12086.4876
2013-09-24,12011.6784
2013-09-25,11941.5679
2013-09-26,11700.7179
2013-09-27,11746.9253
2013-09-30,11806.2406
2013-10-08,12038.4545
2013-10-09,12020.0904
2013-10-10,12045.7952
2013-10-11,12118.8761
2013-10-14,12150.2873
2013-10-15,12068.1301
2013-10-16,11850.4115
2013-10-17,11821.061
2013-10-18,11910.0869
2013-10-21,12125.3528
2013-10-22,11959.7455
2013-10-23,11812.4417
2013-10-24,11776.4654
2013-10-25,11628.8096
2013-10-28,11569.9243
2013-10-29,11656.9917
2013-10-30,11872.0407
2013-10-31,11721.5099
2013-11-01,11732.3615
2013-11-04,11684.7684
2013-11-05,11733.7693
2013-11-06,11506.9653
2013-11-07,11441.5507
2013-11-08,11324.4109
2013-11-11,11343.5212
2013-11-12,11497.8295
2013-11-13,11264.7705
2013-11-14,11328.6882
2013-11-15,11536.8253
2013-11-18,11840.1008
2013-11-19,11753.9275
2013-11-20,11823.3514
2013-11-21,11770.3487
2013-11-22,11689.5254
2013-11-25,11643.2677
2013-11-26,11624.2287
2013-11-27,11739.0153
2013-11-28,11879.9437
2013-11-29,11872.6474
2013-12-02,11642.6948
2013-12-03,11804.448
2013-12-04,11955.6787
2013-12-05,11900.7489
2013-12-06,11854.0408
2013-12-09,11845.0064
2013-12-10,11893.6731
2013-12-11,11693.6442
2013-12-12,11681.6146
2013-12-13,11722.874
2013-12-16,11505.0335
2013-12-17,11423.3371
2013-12-18,11456.7234
2013-12-19,11333.2778
2013-12-20,11082.2035
2013-12-23,11114.571
2013-12-24,11167.982
2013-12-25,11264.558
2013-12-26,10988.2953
2013-12-27,11199.786
2013-12-30,11131.5009
2013-12-31,11302.6114
2014-01-02,11292.986
2014-01-03,11173.8892
2014-01-06,10882.4529
2014-01-07,10866.1948
2014-01-08,10861.0384
2014-01-09,10784.5565
2014-01-10,10647.8024
2014-01-13,10543.3469
2014-01-14,10673.753
2014-01-15,10678.6087
2014-01-16,10677.04
2014-01-17,10506.8729
2014-01-20,10479.3154
2014-01-21,10576.1722
2014-01-22,10893.0079
2014-01-23,10849.1089
2014-01-24,10942.6268
2014-01-27,10800.344
2014-01-28,10784.5646
2014-01-29,10739.0116
2014-01-30,10551.612
2014-02-07,10613.4586
2014-02-10,10886.6446
2014-02-11,10923.4692
2014-02-12,11013.2534
2014-02-13,10951.2336
2014-02-14,10989.0191
2014-02-17,11073.5974
2014-02-18,10918.8435
2014-02-19,11088.8298
2014-02-20,10933.5941
2014-02-21,10806.5851
2014-02-24,10517.1823
2014-02-25,10185.1252
2014-02-26,10207.5814
2014-02-27,10025.684
2014-02-28,10273.3838
2014-03-03,10310.2342
2014-03-04,10248.3623
2014-03-05,10180.6523
2014-03-06,10256.4456
2014-03-07,10224.2083
2014-03-10,9931.7846
2014-03-11,10063.7076
2014-03-12,10070.5102
2014-03-13,10213.8113
2014-03-14,10102.4681
2014-03-17,10244.8028
2014-03-18,10152.3617
2014-03-19,9980.129
2014-03-20,9768.6704
2014-03-21,10108.9738
2014-03-24,10154.5103
2014-03-25,10125.2281
2014-03-26,10114.4454
2014-03-27,10015.6789
2014-03-28,10005.867
2014-03-31,10039.9869
2014-04-01,10168.4043
2014-04-02,10242.2975
2014-04-03,10193.2081
2014-04-04,10291.304
2014-04-08,10488.6635
2014-04-09,10492.9141
2014-04-10,10566.1093
2014-04-11,10599.7405
2014-04-14,10595.4215
2014-04-15,10409.4173
2014-04-16,10436.2487
2014-04-17,10412.5193
2014-04-18,10419.7071
2014-04-21,10277.588
2014-04-22,10330.7715
2014-04-23,10392.1979
2014-04-24,10371.4568
2014-04-25,10238.1717
2014-04-28,10122.4821
2014-04-29,10262.053
2014-04-30,10224.9116
2014-05-05,10220.8964
2014-05-06,10224.7642
2014-05-07,10117.4294
2014-05-08,10027.5261
2014-05-09,10017.5793
2014-05-12,10235.9446
2014-05-13,10225.609
2014-05-14,10247.4905
2014-05-15,10091.7734
2014-05-16,10132.1004
2014-05-19,10005.8383
2014-05-20,10006.0043
2014-05-21,10081.4101
2014-05-22,10052.6656
2014-05-23,10133.3727
2014-05-26,10181.8164
2014-05-27,10161.4531
2014-05-28,10330.8122
2014-05-29,10276.6566
2014-05-30,10309.8344
2014-06-03,10249.8209
2014-06-04,10112.6864
2014-06-05,10226.0016
2014-06-06,10131.0587
2014-06-09,10120.2529
2014-06-10,10281.0781
2014-06-11,10280.3219
2014-06-12,10223.6915
2014-06-13,10366.5125
2014-06-16,10389.0297
2014-06-17,10269.7266
2014-06-18,10222.7432
2014-06-19,10059.3428
2014-06-20,10081.4701
2014-06-23,10078.1262
2014-06-24,10145.941
2014-06-25,10114.0481
2014-06-26,10218.6667
2014-06-27,10248.3423
2014-06-30,10291.9084
2014-07-01,10228.3584
2014-07-02,10247.023
2014-07-03,10282.8985
2014-07-04,10281.2313
2014-07-07,10264.467
2014-07-08,10316.6912
2014-07-09,10085.0934
2014-07-10,10039.3141
2014-07-11,10106.2994
2014-07-14,10207.7049
2014-07-15,10244.1446
2014-07-16,10185.1554
2014-07-17,10091.5542
2014-07-18,10182.9106
2014-07-21,10204.6373
2014-07-22,10342.9276
2014-07-23,10347.2637
2014-07-24,10527.5919
2014-07-25,10633.0496
2014-07-28,10957.1619
2014-07-29,11039.7361
2014-07-30,11021.0054
2014-07-31,11167.1645
2014-08-01,11061.262
2014-08-04,11238.6738
2014-08-05,11240.5401
2014-08-06,11223.9955
2014-08-07,11052.6349
2014-08-08,11070.6643
2014-08-11,11245.9868
2014-08-12,11186.4959
2014-08-13,11206.2621
2014-08-14,11085.336
2014-08-15,11209.8207
2014-08-18,11300.0688
2014-08-19,11297.08
2014-08-20,11269.406
2014-08-21,11252.7128
2014-08-22,11321.7779
2014-08-25,11147.4232
2014-08-26,10978.3369
2014-08-27,11017.0606
2014-08-28,10880.6725
2014-08-29,11019.2533
2014-09-01,11159.6744
2014-09-02,11303.8881
2014-09-03,11406.5281
2014-09-04,11492.5171
2014-09-05,11546.5556
2014-09-09,11528.9445
2014-09-10,11469.3075
2014-09-11,11412.8123
2014-09-12,11454.3633
2014-09-15,11406.756
2014-09-16,11138.0717
2014-09-17,11224.1557
2014-09-18,11256.8138
2014-09-19,11317.5075
2014-09-22,11105.2775
2014-09-23,11204.4137
2014-09-24,11394.0351
2014-09-25,11361.3593
2014-09-26,11356.9306
2014-09-29,11371.6211
2014-09-30,11368.7822
2014-10-08,11514.8071
2014-10-09,11544.1358
2014-10-10,11555.4229
2014-10-13,11489.3031
2014-10-14,11456.0626
2014-10-15,11538.6022
2014-10-16,11416.2242
2014-10-17,11474.3826
2014-10-20,11549.2185
2014-10-21,11412.9601
2014-10-22,11352.0931
2014-10-23,11220.3737
2014-10-24,11153.4124
2014-10-27,11024.818
2014-10-28,11249.3816
2014-10-29,11394.169
2014-10-30,11394.6669
2014-10-31,11585.5611
2014-11-03,11606.7257
2014-11-04,11560.43
2014-11-05,11549.539
2014-11-06,11569.0865
2014-11-07,11602.0468
2014-11-10,11849.7868
2014-11-11,11713.3552
2014-11-12,11851.3019
2014-11-13,11703.757
2014-11-14,11735.1932
2014-11-17,11675.1602
2014-11-18,11552.9417
2014-11-19,11593.77
2014-11-20,11566.6973
2014-11-21,11746.2998
2014-11-24,12093.2403
2014-11-25,12256.8301
2014-11-26,12356.7486
2014-11-27,12493.7572
2014-11-28,12694.4392
2014-12-01,12827.0856
2014-12-02,13210.2915
2014-12-03,13601.6981
2014-12-04,14146.7859
2014-12-05,14200.4501
2014-12-08,14888.6446
2014-12-09,14271.5599
2014-12-10,14877.6376
2014-12-11,14784.5213
2014-12-12,14762.0229
2014-12-15,14822.0496
2014-12-16,15054.8952
2014-12-17,15222.4467
2014-12-18,15051.833
2014-12-19,14999.0005
2014-12-22,14973.6415
2014-12-23,14921.292
2014-12-24,14529.3857
2014-12-25,14814.3582
2014-12-26,15251.2662
2014-12-29,15220.7753
2014-12-30,15139.5939
2014-12-31,15553.3009
2015-01-05,16268.6865
2015-01-06,16477.7761
2015-01-07,16401.6354
2015-01-08,16193.2795
2015-01-09,15995.9717
2015-01-12,15941.018
2015-01-13,16041.7361
2015-01-14,15875.9564
2015-01-15,16224.2918
2015-01-16,16294.655
2015-01-19,15219.1813
2015-01-20,15538.7863
2015-01-21,16070.6013
2015-01-22,16211.5022
2015-01-23,16163.117
2015-01-26,16518.3697
2015-01-27,16328.4026
2015-01-28,16049.9708
2015-01-29,15902.275
2015-01-30,15764.1885
2015-02-02,15499.9797
2015-02-03,15848.7743
2015-02-04,15718.7332
2015-02-05,15647.5976
2015-02-06,15260.3927
2015-02-09,15370.2483
2015-02-10,15750.8606
2015-02-11,15934.2609
2015-02-12,15987.6842
2015-02-13,16187.1181
2015-02-16,16403.3808
2015-02-17,16578.7994
2015-02-25,16326.7446
2015-02-26,16626.3593
2015-02-27,16637.1118
2015-03-02,16816.8732
2015-03-03,16311.5575
2015-03-04,16494.8872
2015-03-05,16370.3503
2015-03-06,16125.0701
2015-03-09,16325.364
2015-03-10,16359.4869
2015-03-11,16315.7846
2015-03-12,16473.1879
2015-03-13,16584.626
2015-03-16,17016.2558
2015-03-17,17232.1352
2015-03-18,17695.799
2015-03-19,17601.7902
2015-03-20,17766.1795
2015-03-23,18101.2898
2015-03-24,18131.9405
2015-03-25,18070.5413
2015-03-26,18009.1346
2015-03-27,18238.9016
2015-03-30,18691.7657
2015-03-31,18646.6069
2015-04-01,18979.3434
2015-04-02,19024.9363
2015-04-03,19123.1907
2015-04-07,19512.7407
2015-04-08,19617.342
2015-04-09,19554.747
2015-04-10,19862.9083
2015-04-13,20057.102
2015-04-14,19906.5652
2015-04-15,19346.5939
2015-04-16,19803.0918
2015-04-17,20061.652
2015-04-20,19669.0523
2015-04-21,20474.7604
2015-04-22,20915.749
2015-04-23,20908.6131
2015-04-24,20704.9015
2015-04-27,21004.9919
2015-04-28,20861.329
2015-04-29,21096.1875
2015-04-30,21021.8219
2015-05-04,21082.4986
2015-05-05,20193.6243
2015-05-06,20057.304
2015-05-07,20028.0775
2015-05-08,20549.3427
2015-05-11,21208.4712
2015-05-12,21382.0281
2015-05-13,21534.871
2015-05-14,21325.2194
2015-05-15,20858.7793
2015-05-18,20828.3388
2015-05-19,21475.1129
2015-05-20,21774.0853
2015-05-21,22535.5608
2015-05-22,22782.9082
2015-05-25,23217.693
2015-05-26,24003.4698
2015-05-27,24090.1715
2015-05-28,22599.6738
2015-05-29,22867.3078
2015-06-01,24029.1452
2015-06-02,24837.4312
2015-06-03,24914.0799
2015-06-04,24862.3638
2015-06-05,25074.1525
2015-06-08,24796.0786
2015-06-09,24721.8123
2015-06-10,25119.0971
2015-06-11,25422.006
2015-06-12,25719.9202
2015-06-15,25159.0832
2015-06-16,24270.0207
2015-06-17,24739.9827
2015-06-18,23788.0911
2015-06-19,22354.7167
2015-06-23,22811.6862
2015-06-24,23191.6562
2015-06-25,22311.7506
2015-06-26,20473.7474
2015-06-29,19291.1996
2015-06-30,20389.689
2015-07-01,19413.7364
2015-07-02,18381.5033
2015-07-03,17418.1231
2015-07-06,17176.9488
2015-07-07,16182.0278
2015-07-08,15706.859
2015-07-09,16375.6373
2015-07-10,17127.5075
2015-07-13,17948.0711
2015-07-14,18111.8424
2015-07-15,17264.7232
2015-07-16,17586.2016
2015-07-17,18508.4967
2015-07-20,18790.5783
2015-07-21,18952.7684
2015-07-22,19097.6269
2015-07-23,19579.8719
2015-07-24,19245.0577
2015-07-27,17786.3503
2015-07-28,17536.4535
2015-07-29,18258.3457
2015-07-30,17651.2278
2015-07-31,17621.4213
2015-08-03,17319.6197
2015-08-04,18103.8914
2015-08-05,17838.8274
2015-08-06,17693.415
2015-08-07,18166.2223
2015-08-10,18950.629
2015-08-11,18980.4188
2015-08-12,18688.1039
2015-08-13,19085.4005
2015-08-14,19158.7594
2015-08-17,19342.3273
2015-08-18,18075.2031
2015-08-19,18470.7344
2015-08-20,17935.8678
2015-08-21,16964.176
2015-08-24,15637.1339
2015-08-25,14537.1511
2015-08-26,14112.9028
2015-08-27,14619.2999
2015-08-28,15398.0859
2015-08-31,15041.3676
2015-09-01,14490.9779
2015-09-02,14338.2399
2015-09-07,14249.2035
2015-09-08,14718.4753
2015-09-09,15147.0619
2015-09-10,14869.1583
2015-09-11,14925.7279
2015-09-14,13948.8609
2015-09-15,13254.3661
2015-09-16,14110.5823
2015-09-17,13896.6497
2015-09-18,14055.6807
2015-09-21,14521.6141
2015-09-22,14610.8919
2015-09-23,14459.9258
2015-09-24,14611.7038
2015-09-25,14136.9229
2015-09-28,14438.6161
2015-09-29,14203.0577
2015-09-30,14258.6203
2015-10-08,14839.7352
2015-10-09,15048.2803
2015-10-12,15650.4825
2015-10-13,15766.7364
2015-10-14,15566.8448
2015-10-15,16035.9985
2015-10-16,16244.6614
2015-10-19,16268.7354
2015-10-20,16564.0146
2015-10-21,15592.2053
2015-10-22,16148.9312
2015-10-23,16576.089
2015-10-26,16697.5165
2015-10-27,16799.429
2015-10-28,16423.1622
2015-10-29,16527.4565
2015-10-30,16498.9909
2015-11-02,16155.3476
2015-11-03,16132.3868
2015-11-04,16986.2035
2015-11-05,17065.6934
2015-11-06,17543.4413
2015-11-09,17801.6191
2015-11-10,17870.2787
2015-11-11,18124.3891
2015-11-12,18065.2084
2015-11-13,17732.656
2015-11-16,18045.8979
2015-11-17,17891.3416
2015-11-18,17566.6841
2015-11-19,18034.0482
2015-11-20,18166.9678
2015-11-23,18003.0851
2015-11-24,18158.8752
2015-11-25,18443.7069
2015-11-26,18264.9485
2015-11-27,17113.2732
2015-11-30,17223.2518
2015-12-01,17286.2431
2015-12-02,17437.6535
2015-12-03,17812.3206
2015-12-04,17644.2356
2015-12-07,17808.2447
2015-12-08,17411.3221
2015-12-09,17433.6272
2015-12-10,17436.3825
2015-12-11,17370.1285
2015-12-14,17752.7635
2015-12-15,17889.3361
2015-12-16,17912.993
2015-12-17,18364.2812
2015-12-18,18372.2043
2015-12-21,18656.9088
2015-12-22,18816.7167
2015-12-23,18629.8576
2015-12-24,18522.8355
2015-12-25,18592.9742
2015-12-28,18172.6348
2015-12-29,18345.3535
2015-12-30,18466.3062
2015-12-31,18145.1505
2016-01-04,16657.8568
2016-01-05,16432.4937
2016-01-06,16801.4672
2016-01-07,15420.2047
2016-01-08,15605.4725
2016-01-11,14636.9452
2016-01-12,14754.2531
2016-01-13,14303.8063
2016-01-14,14829.4587
2016-01-15,14332.8959
2016-01-18,14560.306
2016-01-19,15056.9791
2016-01-20,14864.4046
2016-01-21,14304.8358
2016-01-22,14500.1222
2016-01-25,14617.083
2016-01-26,13601.2023
2016-01-27,13514.3585
2016-01-28,13027.736
2016-01-29,13509.9069
2016-02-01,13372.7202
2016-02-02,13787.987
2016-02-03,13828.8966
2016-02-04,14050.9434
2016-02-05,13880.1925
2016-02-15,13874.3709
2016-02-16,14415.4937
2016-02-17,14583.3903
2016-02-18,14519.1468
2016-02-19,14585.9158
2016-02-22,14886.2868
2016-02-23,14784.8018
2016-02-24,14797.1081
2016-02-25,13711.9185
2016-02-26,13745.2204
2016-02-29,13062.1418
2016-03-01,13385.4582
2016-03-02,14024.32
2016-03-03,14018.9054
2016-03-04,13696.1839
2016-03-07,13937.0136
2016-03-08,13979.3462
2016-03-09,13679.1493
2016-03-10,13489.2124
2016-03-11,13451.3132
2016-03-14,13885.5671
2016-03-15,13755.7388
2016-03-16,13605.4702
2016-03-17,14070.1233
2016-03-18,14551.956
2016-03-21,14937.2928
2016-03-22,14866.2413
2016-03-23,15008.4004
2016-03-24,14781.2008
2016-03-25,14862.572
2016-03-28,14773.1285
2016-03-29,14512.193
2016-03-30,15017.6269
2016-03-31,15032.4377
2016-04-01,14924.4643
2016-04-05,15300.0873
2016-04-06,15363.6779
2016-04-07,15107.2144
2016-04-08,14976.7563
2016-04-11,15259.6069
2016-04-12,15150.9467
2016-04-13,15369.7761
2016-04-14,15495.3906
2016-04-15,15441.6772
2016-04-18,15205.6547
2016-04-19,15254.7998
2016-04-20,14625.9171
2016-04-21,14474.352
2016-04-22,14608.9806
2016-04-25,14545.1357
2016-04-26,14694.3917
2016-04-27,14643.8283
2016-04-28,14609.7965
2016-04-29,14598.6184
2016-05-03,15031.8805
2016-05-04,15005.2507
2016-05-05,15079.8687
2016-05-06,14543.066
2016-05-09,14097.4949
2016-05-10,14102.2736
2016-05-11,14085.7423
2016-05-12,14108.8028
2016-05-13,14055.9024
2016-05-16,14273.9522
2016-05-17,14272.9438
2016-05-18,13965.5193
2016-05-19,14022.4717
2016-05-20,14142.8997
2016-05-23,14289.8448
2016-05-24,14151.7096
2016-05-25,14099.096
2016-05-26,14159.8008
2016-05-27,14142.612
2016-05-30,14078.9061
2016-05-31,14643.3837
2016-06-01,14715.1811
2016-06-02,14809.5877
2016-06-03,14912.6398
2016-06-06,14939.7348
2016-06-07,14918.6392
2016-06-08,14874.8052
2016-06-13,14220.774
2016-06-14,14268.5771
2016-06-15,14671.3038
2016-06-16,14587.4849
2016-06-17,14685.5683
2016-06-20,14743.151
2016-06-21,14614.2345
2016-06-22,14854.7165
2016-06-23,14793.992
2016-06-24,14639.7093
2016-06-27,14972.1909
2016-06-28,15096.985
2016-06-29,15094.3054
2016-06-30,15137.0773
2016-07-01,15092.4372
2016-07-04,15311.8624
2016-07-05,15302.5418
2016-07-06,15359.5665
2016-07-07,15330.0695
2016-07-08,15318.3087
2016-07-11,15294.7096
2016-07-12,15530.9705
2016-07-13,15670.0703
2016-07-14,15671.8404
2016-07-15,15628.1147
2016-07-18,15540.6611
2016-07-19,15565.0517
2016-07-20,15539.4209
2016-07-21,15579.8448
2016-07-22,15467.9154
2016-07-25,15482.2544
2016-07-26,15676.5171
2016-07-27,15032.6626
2016-07-28,15019.7611
2016-07-29,14924.0466
2016-08-01,14716.9548
2016-08-02,14811.8357
2016-08-03,14857.0927
2016-08-04,14981.169
2016-08-05,14947.0592
2016-08-08,15130.9161
2016-08-09,15270.4232
2016-08-10,15193.8294
2016-08-11,15020.9853
2016-08-12,15220.1265
2016-08-15,15646.073
2016-08-16,15734.9638
2016-08-17,15747.0912
2016-08-18,15731.4148
2016-08-19,15722.9666
2016-08-22,15519.5549
2016-08-23,15547.7971
2016-08-24,15563.4022
2016-08-25,15446.7545
2016-08-26,15468.7919
2016-08-29,15514.0487
2016-08-30,15521.8002
2016-08-31,15564.3312
2016-09-01,15437.4053
2016-09-02,15396.2347
2016-09-05,15476.7772
2016-09-06,15717.9799
2016-09-07,15685.9355
2016-09-08,15704.9304
2016-09-09,15577.9239
2016-09-12,15142.8837
2016-09-13,15220.5012
2016-09-14,15134.0614
2016-09-19,15284.0844
2016-09-20,15266.579
2016-09-21,15323.7645
2016-09-22,15438.7861
2016-09-23,15363.671
2016-09-26,15050.3527
2016-09-27,15173.2855
2016-09-28,15159.9813
2016-09-29,15226.1892
2016-09-30,15307.2368
2016-10-10,15560.3479
2016-10-11,15620.116
2016-10-12,15630.1435
2016-10-13,15629.4802
2016-10-14,15590.1179
2016-10-17,15434.2997
2016-10-18,15646.0807
2016-10-19,15590.3517
2016-10-20,15629.553
2016-10-21,15579.1353
2016-10-24,15715.9265
2016-10-25,15758.6933
2016-10-26,15681.3706
2016-10-27,15640.9316
2016-10-28,15528.8863
2016-10-31,15520.039
2016-11-01,15654.1205
2016-11-02,15504.9945
2016-11-03,15580.3201
2016-11-04,15521.2259
2016-11-07,15511.4325
2016-11-08,15610.9051
2016-11-09,15516.0785
2016-11-10,15697.6609
2016-11-11,15780.524
2016-11-14,15824.0983
2016-11-15,15898.4046
2016-11-16,15913.8303
2016-11-17,15881.8997
2016-11-18,15801.1387
2016-11-21,15817.7656
2016-11-22,15943.0444
2016-11-23,15926.8684
2016-11-24,15918.6149
2016-11-25,16019.8134
2016-11-28,16067.7093
2016-11-29,16019.0641
2016-11-30,15987.3399
2016-12-01,16098.5837
2016-12-02,15844.6949
2016-12-05,15659.3517
2016-12-06,15653.6479
2016-12-07,15764.8837
2016-12-08,15702.7668
2016-12-09,15670.7632
2016-12-12,14964.7149
2016-12-13,15008.3522
2016-12-14,14864.773
2016-12-15,14899.4902
2016-12-16,15014.6353
2016-12-19,14940.563
2016-12-20,14886.4886
2016-12-21,14986.5276
2016-12-22,14977.7566
2016-12-23,14823.0712
2016-12-26,14872.725
2016-12-27,14869.4683
2016-12-28,14807.2597
2016-12-29,14767.864
2016-12-30,14794.4574
2017-01-03,14919.9342
2017-01-04,15098.2126
2017-01-05,15079.6295
2017-01-06,14961.1431
2017-01-09,15023.7285
2017-01-10,14987.6153
2017-01-11,14856.3776
2017-01-12,14734.7371
2017-01-13,14556.8263
2017-01-16,14127.888
2017-01-17,14294.5391
2017-01-18,14263.344
2017-01-19,14211.5548
2017-01-20,14412.5336
2017-01-23,14515.3108
2017-01-24,14465.768
2017-01-25,14519.6158
2017-01-26,14628.2906
2017-02-03,14560.4588
2017-02-06,14668.8607
2017-02-07,14636.0261
2017-02-08,14745.4059
2017-02-09,14822.8627
2017-02-10,14829.0583
2017-02-13,14952.881
2017-02-14,14945.1669
2017-02-15,14818.4138
2017-02-16,14930.9881
2017-02-17,14850.276
2017-02-20,15042.0394
2017-02-21,15154.7052
2017-02-22,15211.8671
2017-02-23,15195.6737
2017-02-24,15212.7314
2017-02-27,15082.2773
2017-02-28,15138.2247
2017-03-01,15178.8676
2017-03-02,15105.0177
2017-03-03,15149.2475
2017-03-06,15332.6184
2017-03-07,15377.0417
2017-03-08,15299.5136
2017-03-09,15187.8454
2017-03-10,15232.3992
2017-03-13,15391.9844
2017-03-14,15351.8694
2017-03-15,15369.2258
2017-03-16,15488.8173
2017-03-17,15330.8189
2017-03-20,15356.3998
2017-03-21,15436.4701
2017-03-22,15389.14
2017-03-23,15433.0874
2017-03-24,15526.8697
2017-03-27,15433.2914
2017-03-28,15407.039
2017-03-29,15346.0117
2017-03-30,15095.238
2017-03-31,15213.4907
2017-04-05,15503.8381
2017-04-06,15547.1272
2017-04-07,15567.4717
2017-04-10,15471.8081
2017-04-11,15549.3492
2017-04-12,15450.3461
2017-04-13,15548.705
2017-04-14,15353.7481
2017-04-17,15253.9564
2017-04-18,15197.3274
2017-04-19,15106.2286
2017-04-20,15122.7181
2017-04-21,15058.3045
2017-04-24,14734.4232
2017-04-25,14842.3494
2017-04-26,14901.0971
2017-04-27,14937.5399
2017-04-28,14946.4022
2017-05-02,14931.6951
2017-05-03,14874.4138
2017-05-04,14821.6971
2017-05-05,14642.9067
2017-05-08,14364.3962
2017-05-09,14441.472
2017-05-10,14254.5537
2017-05-11,14284.0989
2017-05-12,14301.804
2017-05-15,14386.8429
2017-05-16,14681.4929
2017-05-17,14658.1818
2017-05-18,14577.5627
2017-05-19,14573.4818
2017-05-22,14470.1129
2017-05-23,14272.386
2017-05-24,14344.3871
2017-05-25,14464.1204
2017-05-26,14414.4801
2017-05-31,14423.5415
2017-06-01,14227.7178
2017-06-02,14322.9674
2017-06-05,14393.5917
2017-06-06,14501.6714
2017-06-07,14786.1895
2017-06-08,14843.8751
2017-06-09,14886.7801
2017-06-12,14803.6182
2017-06-13,14957.8457
2017-06-14,14851.5204
2017-06-15,14955.0474
2017-06-16,14911.3871
2017-06-19,15016.9782
2017-06-20,15055.5213
2017-06-21,15171.4938
2017-06-22,15023.1722
2017-06-23,15172.7293
2017-06-26,15423.6285
2017-06-27,15421.2826
2017-06-28,15299.5517
2017-06-29,15388.718
2017-06-30,15415.6189
2017-07-03,15424.4862
2017-07-04,15337.2501
2017-07-05,15464.4649
2017-07-06,15466.7912
2017-07-07,15470.1573
2017-07-10,15385.9637
2017-07-11,15331.3878
2017-07-12,15311.0338
2017-07-13,15330.8548
2017-07-14,15275.6504
2017-07-17,14731.6176
2017-07-18,14802.77
2017-07-19,15084.6672
2017-07-20,15190.1922
2017-07-21,15187.9315
2017-07-24,15246.5697
2017-07-25,15172.7261
2017-07-26,15091.7512
2017-07-27,15236.0582
2017-07-28,15299.6231
2017-07-31,15398.887
2017-08-01,15429.5751
2017-08-02,15348.386
2017-08-03,15300.6713
2017-08-04,15191.7111
2017-08-07,15324.3541
2017-08-08,15391.4987
2017-08-09,15463.2997
2017-08-10,15370.4396
2017-08-11,15093.7502
2017-08-14,15429.7035
2017-08-15,15489.2618
2017-08-16,15550.3233
2017-08-17,15628.9215
2017-08-18,15571.6856
2017-08-21,15683.6556
2017-08-22,15632.0793
2017-08-23,15582.1842
2017-08-24,15485.7097
2017-08-25,15642.2522
2017-08-28,15864.3817
2017-08-29,15795.8058
2017-08-30,15872.42
2017-08-31,15877.3425
2017-09-01,15972.1134
2017-09-04,16093.8616
2017-09-05,16130.1993
2017-09-06,16186.4049
2017-09-07,16105.9561
2017-09-08,16109.3228
2017-09-11,16232.099
2017-09-12,16218.2042
2017-09-13,16289.4843
2017-09-14,16259.6123
2017-09-15,16249.7262
2017-09-18,16383.519
2017-09-19,16282.2141
2017-09-20,16440.7038
2017-09-21,16305.3662
2017-09-22,16264.4359
2017-09-25,16060.9566
2017-09-26,16091.4465
2017-09-27,16218.7905
2017-09-28,16211.8792
2017-09-29,16294.8043
2017-10-09,16556.0281
2017-10-10,16652.9022
2017-10-11,16628.891
2017-10-12,16622.2664
2017-10-13,16758.1619
2017-10-16,16571.1442
2017-10-17,16578.2173
2017-10-18,16590.0991
2017-10-19,16454.0458
2017-10-20,16527.5641
2017-10-23,16627.7085
2017-10-24,16676.9652
2017-10-25,16822.2085
2017-10-26,16858.6128
2017-10-27,16834.9637
2017-10-30,16641.9253
2017-10-31,16723.8408
2017-11-01,16699.3848
2017-11-02,16615.1923
2017-11-03,16502.5483
2017-11-06,16736.8284
2017-11-07,16876.4871
2017-11-08,16847.2205
2017-11-09,17003.9888
2017-11-10,17140.1263
2017-11-13,17214.667
2017-11-14,17050.7135
2017-11-15,16873.8893
2017-11-16,16986.5559
2017-11-17,16626.8259
2017-11-20,16840.7281
2017-11-21,17084.03
2017-11-22,17024.2329
2017-11-23,16457.816
2017-11-24,16448.3691
2017-11-27,16133.868
2017-11-28,16336.55
2017-11-29,16324.2512
2017-11-30,16121.9013
2017-12-01,16224.5794
2017-12-04,16227.6076
2017-12-05,15993.1421
2017-12-06,16077.4578
2017-12-07,15916.2158
2017-12-08,16114.3393
2017-12-11,16422.1103
2017-12-12,16275.6415
2017-12-13,16424.994
2017-12-14,16376.2864
2017-12-15,16212.086
2017-12-18,16157.036
2017-12-19,16327.3352
2017-12-20,16222.6621
2017-12-21,16393.059
2017-12-22,16358.5158
2017-12-25,16228.759
2017-12-26,16253.8052
2017-12-27,16091.6423
2017-12-28,16185.2164
2017-12-29,16284.17
2018-01-02,16488.0931
2018-01-03,16639.8976
2018-01-04,16730.93
2018-01-05,16734.1534
2018-01-08,16793.9699
2018-01-09,16889.9405
2018-01-10,16876.1763
2018-01-11,16917.1982
2018-01-12,16914.944
2018-01-15,16687.9044
2018-01-16,16806.1525
2018-01-17,16684.7402
2018-01-18,16709.2609
2018-01-19,16675.3606
2018-01-22,16996.4044
2018-01-23,17059.6703
2018-01-24,17137.9288
2018-01-25,17057.7297
2018-01-26,17066.5116
2018-01-29,16764.6579
2018-01-30,16656.4826
2018-01-31,16481.5874
2018-02-01,16046.3846
2018-02-02,16137.1695
2018-02-05,16006.8042
2018-02-06,15330.2753
2018-02-07,15138.2005
2018-02-08,15324.6844
2018-02-09,14776.9414
2018-02-12,15207.26
2018-02-13,15312.4097
2018-02-14,15415.9907
2018-02-22,15752.407
2018-02-23,15759.0344
2018-02-26,16103.9941
2018-02-27,15974.8415
2018-02-28,16007.1285
2018-03-01,16177.1885
2018-03-02,16049.717
2018-03-05,16079.3974
2018-03-06,16275.9121
2018-03-07,16124.6484
2018-03-08,16294.3072
2018-03-09,16555.2832
2018-03-12,16750.5267
2018-03-13,16626.0235
2018-03-14,16476.4808
2018-03-15,16512.9892
2018-03-16,16347.5205
2018-03-19,16374.1884
2018-03-20,16388.9358
2018-03-21,16246.0359
2018-03-22,16094.1676
2018-03-23,15448.1481
2018-03-26,15633.1287
2018-03-27,15946.7845
2018-03-28,15733.1212
2018-03-29,15919.3945
2018-03-30,16087.1892
2018-04-02,16064.9084
2018-04-03,15919.8248
2018-04-04,15817.5494
2018-04-09,15772.3317
2018-04-10,15939.4419
2018-04-11,16003.6858
2018-04-12,15884.0818
2018-04-13,15825.9004
2018-04-16,15730.2464
2018-04-17,15395.557
2018-04-18,15538.6376
2018-04-19,15698.3384
2018-04-20,15418.6732
2018-04-23,15303.6352
2018-04-24,15639.6205
2018-04-25,15626.1515
2018-04-26,15249.3137
2018-04-27,15298.1528
2018-05-02,15326.2829
2018-05-03,15498.7609
2018-05-04,15451.625
2018-05-07,15749.4192
2018-05-08,15870.8356
2018-05-09,15844.0191
2018-05-10,15905.2755
2018-05-11,15764.717
2018-05-14,15820.7429
2018-05-15,15935.1425
2018-05-16,15866.8973
2018-05-17,15770.2502
2018-05-18,15826.0819
2018-05-21,15964.6798
2018-05-22,15966.2974
2018-05-23,15767.5096
2018-05-24,15669.0922
2018-05-25,15498.103
2018-05-28,15524.7167
2018-05-29,15352.8677
2018-05-30,14992.8752
2018-05-31,15275.5612
2018-06-01,15088.9631
2018-06-04,15141.7486
2018-06-05,15411.6583
2018-06-06,15382.1845
2018-06-07,15306.9841
2018-06-08,15147.1353
2018-06-11,15103.2583
2018-06-12,15311.8552
2018-06-13,15084.7204
2018-06-14,14970.616
2018-06-15,14762.1033
2018-06-19,13978.5368
2018-06-20,14107.9168
2018-06-21,13834.5654
2018-06-22,13973.8998
2018-06-25,13848.3243
2018-06-26,13870.7405
2018-06-27,13618.0308
2018-06-28,13474.8702
2018-06-29,13932.7874
2018-07-02,13637.0025
2018-07-03,13699.8209
2018-07-04,13424.2357
2018-07-05,13167.5455
2018-07-06,13241.3779
2018-07-09,13612.5702
2018-07-10,13679.9616
2018-07-11,13410.8941
2018-07-12,13782.9277
2018-07-13,13863.0442
2018-07-16,13849.5841
2018-07-17,13802.5559
2018-07-18,13669.7054
2018-07-19,13601.4543
2018-07-20,13754.9461
2018-07-23,13849.169
2018-07-24,14075.2529
2018-07-25,14073.0528
2018-07-26,13908.0714
2018-07-27,13825.1422
2018-07-30,13656.4378
2018-07-31,13652.5508
2018-08-01,13395.4357
2018-08-02,13061.8207
2018-08-03,12797.155
2018-08-06,12531.2094
2018-08-07,12905.6611
2018-08-08,12646.344
2018-08-09,13023.5192
2018-08-10,13115.4867
2018-08-13,13162.9526
2018-08-14,13074.5064
2018-08-15,12772.0865
2018-08-16,12652.6523
2018-08-17,12439.9851
2018-08-20,12525.7434
2018-08-21,12727.32
2018-08-22,12587.6702
2018-08-23,12657.8629
2018-08-24,12633.8288
2018-08-27,12997.6257
2018-08-28,13006.1218
2018-08-29,12924.2688
2018-08-30,12738.1884
2018-08-31,12608.8824
2018-09-03,12594.8516
2018-09-04,12742.9032
2018-09-05,12517.3459
2018-09-06,12401.3777
2018-09-07,12399.4357
2018-09-10,12156.0145
2018-09-11,12171.0643
2018-09-12,12086.938
2018-09-13,12166.043
2018-09-14,12092.4395
2018-09-17,11922.4602
2018-09-18,12122.6952
2018-09-19,12294.6771
2018-09-20,12274.1992
2018-09-21,12536.2333
2018-09-25,12453.7896
2018-09-26,12554.6666
2018-09-27,12427.5032
2018-09-28,12527.1575
2018-10-08,12020.531
2018-10-09,11999.7072
2018-10-10,11947.183
2018-10-11,11222.1837
2018-10-12,11273.8386
2018-10-15,11104.7714
2018-10-16,10888.3901
2018-10-17,10987.8381
2018-10-18,10723.3563
2018-10-19,11022.7647
2018-10-22,11562.1676
2018-10-23,11303.4688
2018-10-24,11259.5664
2018-10-25,11236.7985
2018-10-26,11200.6173
2018-10-29,10928.9383
2018-10-30,11008.6845
2018-10-31,11169.9511
2018-11-01,11297.4455
2018-11-02,11745.5929
2018-11-05,11703.8006
2018-11-06,11633.0778
2018-11-07,11575.2394
2018-11-08,11495.2575
2018-11-09,11422.065
2018-11-12,11697.1356
2018-11-13,11894.0326
2018-11-14,11812.4271
2018-11-15,11952.8577
2018-11-16,12043.4819
2018-11-19,12113.7443
2018-11-20,11771.8844
2018-11-21,11815.827
2018-11-22,11794.8932
2018-11-23,11411.1743
2018-11-26,11380.7835
2018-11-27,11410.2226
2018-11-28,11593.0954
2018-11-29,11354.5652
2018-11-30,11481.8958
2018-12-03,11866.2952
2018-12-04,11889.8015
2018-12-05,11852.8279
2018-12-06,11564.3106
2018-12-07,11563.2706
2018-12-10,11400.9421
2018-12-11,11492.1421
2018-12-12,11511.6896
2018-12-13,11676.9073
2018-12-14,11410.8175
2018-12-17,11356.1555
2018-12-18,11263.6178
2018-12-19,11097.3127
2018-12-20,11109.5631
2018-12-21,10977.32
2018-12-24,11060.2001
2018-12-25,10970.7707
2018-12-26,10907.3842
2018-12-27,10796.9956
2018-12-28,10834.2282
2019-01-02,10699.4068
2019-01-03,10610.5097
2019-01-04,10903.5894
2019-01-07,11076.9096
2019-01-08,11064.7619
2019-01-09,11149.6766
2019-01-10,11121.4165
2019-01-11,11190.0395
2019-01-14,11093.674
2019-01-15,11301.1826
2019-01-16,11291.5264
2019-01-17,11187.234
2019-01-18,11354.1774
2019-01-21,11422.0179
2019-01-22,11258.773
2019-01-23,11269.9085
2019-01-24,11345.1016
2019-01-25,11378.625
2019-01-28,11370.5055
2019-01-29,11313.8323
2019-01-30,11193.4026
2019-01-31,11207.1705
2019-02-01,11514.6916
2019-02-11,11867.6047
2019-02-12,12004.727
2019-02-13,12246.9307
2019-02-14,12320.7333
2019-02-15,12180.0818
2019-02-18,12662.4019
2019-02-19,12654.0893
2019-02-20,12703.6487
2019-02-21,12671.8475
2019-02-22,12971.6958
2019-02-25,13697.2591
2019-02-26,13629.7874
2019-02-27,13505.7208
2019-02-28,13545.7577
2019-03-01,13750.118
2019-03-04,14076.0518
2019-03-05,14393.8688
2019-03-06,14551.8534
2019-03-07,14519.1485
2019-03-08,14048.3635
2019-03-11,14560.2052
2019-03-12,14766.4908
2019-03-13,14393.478
2019-03-14,14133.0433
2019-03-15,14332.8877
2019-03-18,14773.296
2019-03-19,14768.6448
2019-03-20,14710.7765
2019-03-21,14815.5113
2019-03-22,14830.5395
2019-03-25,14564.9244
2019-03-26,14282.5095
2019-03-27,14428.1425
2019-03-28,14334.5177
2019-03-29,14876.462
2019-04-01,15419.1919
2019-04-02,15409.0871
2019-04-03,15530.3742
2019-04-04,15644.3764
2019-04-08,15549.2857
2019-04-09,15677.5121
2019-04-10,15676.132
2019-04-11,15261.4217
2019-04-12,15223.179
2019-04-15,15106.0238
2019-04-16,15458.3335
2019-04-17,15544.587
2019-04-18,15460.2189
2019-04-19,15657.3586
2019-04-22,15366.8372
2019-04-23,15217.9809
2019-04-24,15386.6433
2019-04-25,14893.5551
2019-04-26,14703.8261
2019-04-29,14466.6817
2019-04-30,14545.7825
2019-05-06,13447.5596
2019-05-07,13667.7938
2019-05-08,13537.897
2019-05-09,13350.391
2019-05-10,13889.6959
2019-05-13,13691.9603
2019-05-14,13595.0147
2019-05-15,13927.7362
2019-05-16,13980.1514
2019-05-17,13540.0141
2019-05-20,13414.3258
2019-05-21,13673.019
2019-05-22,13604.1733
2019-05-23,13256.3646
2019-05-24,13207.8437
2019-05-27,13514.2092
2019-05-28,13599.0908
2019-05-29,13561.77
2019-05-30,13461.7199
2019-05-31,13431.4309
2019-06-03,13333.3194
2019-06-04,13170.4533
2019-06-05,13167.8876
2019-06-06,12926.1116
2019-06-10,13117.8696
2019-06-11,13609.36
2019-06-12,13485.2495
2019-06-13,13481.3687
2019-06-14,13269.0983
2019-06-17,13225.8282
2019-06-18,13261.9255
2019-06-19,13445.6006
2019-06-20,13761.5822
2019-06-21,13881.8768
2019-06-24,13879.464
2019-06-25,13738.6407
2019-06-26,13745.9736
2019-06-27,13923.1787
2019-06-28,13831.8291
2019-07-01,14363.3467
2019-07-02,14386.8971
2019-07-03,14198.324
2019-07-04,14121.4931
2019-07-05,14235.2522
2019-07-08,13848.7913
2019-07-09,13868.457
2019-07-10,13820.0746
2019-07-11,13800.7298
2019-07-12,13892.9433
2019-07-15,14038.5793
2019-07-16,14000.1964
2019-07-17,14029.0651
2019-07-18,13807.6732
2019-07-19,13919.9607
2019-07-22,13761.0285
2019-07-23,13842.0911
2019-07-24,13979.3849
2019-07-25,14098.6744
2019-07-26,14105.8276
2019-07-29,14114.6246
2019-07-30,14183.101
2019-07-31,14074.5635
2019-08-01,13987.0283
2019-08-02,13789.2652
2019-08-05,13561.0834
2019-08-06,13372.8327
2019-08-07,13306.1175
2019-08-08,13464.7037
2019-08-09,13278.1676
2019-08-12,13555.7496
2019-08-13,13441.9794
2019-08-14,13539.1663
2019-08-15,13605.2168
2019-08-16,13683.401
2019-08-19,14089.0189
2019-08-20,14089.4921
2019-08-21,14081.3065
2019-08-22,14124.1389
2019-08-23,14143.0922
2019-08-26,14004.7184
2019-08-27,14266.5803
2019-08-28,14223.3539
2019-08-29,14200.7337
2019-08-30,14152.0285
2019-09-02,14460.8128
2019-09-03,14558.713
2019-09-04,14660.2788
2019-09-05,14786.8706
2019-09-06,14848.0771
2019-09-09,15118.7814
2019-09-10,15063.7466
2019-09-11,14896.5403
2019-09-12,14997.3246
2019-09-16,14995.6305
2019-09-17,14701.2474
2019-09-18,14748.2608
2019-09-19,14898.6655
2019-09-20,14943.4868
2019-09-23,14792.9807
2019-09-24,14839.5901
2019-09-25,14628.2426
2019-09-26,14317.1862
2019-09-27,14445.2919
2019-09-30,14290.7579
2019-10-08,14334.749
2019-10-09,14383.7244
2019-10-10,14583.6047
2019-10-11,14627.568
2019-10-14,14810.1071
2019-10-15,14637.097
2019-10-16,14593.0675
2019-10-17,14598.9745
2019-10-18,14430.5007
2019-10-21,14461.7343
2019-10-22,14596.5863
2019-10-23,14484.9162
2019-10-24,14467.6309
2019-10-25,14626.9784
2019-10-28,14841.9958
2019-10-29,14758.3218
2019-10-30,14661.5376
2019-10-31,14592.4338
2019-11-01,14846.2268
2019-11-04,14946.767
2019-11-05,15054.3987
2019-11-06,14937.7025
2019-11-07,15024.1993
2019-11-08,14991.5366
2019-11-11,14667.0623
2019-11-12,14652.1328
2019-11-13,14679.8375
2019-11-14,14769.669
2019-11-15,14621.1794
2019-11-18,14724.0146
2019-11-19,14989.3233
2019-11-20,14867.8941
2019-11-21,14816.3272
2019-11-22,14593.5645
2019-11-25,14593.604
2019-11-26,14671.6055
2019-11-27,14628.7516
2019-11-28,14589.824
2019-11-29,14530.0596
2019-12-02,14565.8509
2019-12-03,14646.2788
2019-12-04,14693.0974
2019-12-05,14862.4992
2019-12-06,14984.0439
2019-12-09,14981.3652
2019-12-10,15042.3219
2019-12-11,14947.416
2019-12-12,14923.3056
2019-12-13,15179.6713
2019-12-16,15413.6526
2019-12-17,15638.8199
2019-12-18,15622.496
2019-12-19,15625.901
2019-12-20,15525.4462
2019-12-23,15263.3837
2019-12-24,15466.2774
2019-12-25,15528.3586
2019-12-26,15641.8219
2019-12-27,15536.5742
2019-12-30,15738.1779
2019-12-31,15837.5113
2020-01-02,16154.3581
2020-01-03,16182.0167
2020-01-06,16246.556
2020-01-07,16446.1154
2020-01-08,16261.5436
2020-01-09,16553.0541
2020-01-10,16526.2074
2020-01-13,16770.7724
2020-01-14,16693.6391
2020-01-15,16669.6412
2020-01-16,16663.218
2020-01-17,16644.387
2020-01-20,16890.7591
2020-01-21,16644.8873
2020-01-22,16826.1703
2020-01-23,16234.2576
2020-02-03,14864.0141
2020-02-04,15336.0615
2020-02-05,15665.0341
2020-02-06,16115.6689
2020-02-07,16132.1474
2020-02-10,16310.8363
2020-02-11,16372.876
2020-02-12,16635.6189
2020-02-13,16520.3309
2020-02-14,16600.3689
2020-02-17,17095.8685
2020-02-18,17195.7172
2020-02-19,17088.9246
2020-02-20,17505.913
2020-02-21,17690.4105
2020-02-24,17908.4954
2020-02-25,18036.8975
2020-02-26,17492.5352
2020-02-27,17549.0547
2020-02-28,16708.3364
2020-03-02,17319.4724
2020-03-03,17476.4001
2020-03-04,17490.8472
2020-03-05,17824.1894
2020-03-06,17629.5924
2020-03-09,16908.7849
2020-03-10,17358.6992
2020-03-11,17050.086
2020-03-12,16656.7636
2020-03-13,16490.4591
2020-03-16,15611.6749
2020-03-17,15535.6652
2020-03-18,15272.8828
2020-03-19,15259.0049
2020-03-20,15458.2937
2020-03-23,14760.7946
2020-03-24,15112.2048
2020-03-25,15599.5875
2020-03-26,15469.9491
2020-03-27,15401.6305
2020-03-30,15090.314
2020-03-31,15178.5912
2020-04-01,15163.5456
2020-04-02,15510.8869
2020-04-03,15406.5297
2020-04-07,15893.258
2020-04-08,15829.637
2020-04-09,15947.1707
2020-04-10,15697.1949
2020-04-13,15583.4316
2020-04-14,15969.3153
2020-04-15,15881.3455
2020-04-16,15963.7287
2020-04-17,16051.8814
2020-04-20,16195.4043
2020-04-21,16021.5677
2020-04-22,16190.769
2020-04-23,16110.6863
2020-04-24,15897.2484
2020-04-27,15941.9793
2020-04-28,16017.6285
2020-04-29,16038.4507
2020-04-30,16356.0909
2020-05-06,16603.3395
2020-05-07,16573.9182
2020-05-08,16785.8975
2020-05-11,16737.6181
2020-05-12,16809.226
2020-05-13,16900.3098
2020-05-14,16729.7195
2020-05-15,16734.9041
2020-05-18,16669.1329
2020-05-19,16871.1446
2020-05-20,16712.8369
2020-05-21,16556.4792
2020-05-22,16190.4258
2020-05-25,16172.8838
2020-05-26,16513.6854
2020-05-27,16312.0032
2020-05-28,16268.3791
2020-05-29,16410.7275
2020-06-01,16955.478
2020-06-02,16972.2881
2020-06-03,16966.9797
2020-06-04,17015.1821
2020-06-05,17079.3437
2020-06-08,17134.0736
2020-06-09,17239.7124
2020-06-10,17319.6024
2020-06-11,17179.6946
2020-06-12,17193.0798
2020-06-15,17103.2853
2020-06-16,17420.1572
2020-06-17,17454.6169
2020-06-18,17568.3197
2020-06-19,17834.6642
2020-06-22,17888.1659
2020-06-23,18029.1996
2020-06-24,18060.1105
2020-06-29,17967.6727
2020-06-30,18335.649
2020-07-01,18521.1583
2020-07-02,18761.5916
2020-07-03,19013.1431
2020-07-06,19791.813
2020-07-07,20132.8926
2020-07-08,20504.8048
2020-07-09,21038.8532
2020-07-10,20912.3867
2020-07-13,21644.6569
2020-07-14,21412.3832
2020-07-15,21012.3261
2020-07-16,19884.8074
2020-07-17,20067.4507
2020-07-20,20579.5693
2020-07-21,20714.4189
2020-07-22,20900.5979
2020-07-23,20908.6832
2020-07-24,19799.0994
2020-07-27,19863.2923
2020-07-28,20125.4329
2020-07-29,20754.3761
2020-07-30,20616.9378
2020-07-31,20879.9981
2020-08-03,21381.3963
2020-08-04,21223.2755
2020-08-05,21378.3732
2020-08-06,21229.8919
2020-08-07,20902.4725
2020-08-10,20917.2149
2020-08-11,20625.8586
2020-08-12,20385.4721
2020-08-13,20360.3364
2020-08-14,20664.3796
2020-08-17,21053.5221
2020-08-18,21094.5185
2020-08-19,20655.5731
2020-08-20,20411.7563
2020-08-21,20653.661
2020-08-24,20944.0427
2020-08-25,20949.4486
2020-08-26,20581.3325
2020-08-27,20746.0803
2020-08-28,21232.0261
2020-08-31,21090.5874
2020-09-01,21231.9998
2020-09-02,21291.1622
2020-09-03,21116.0413
2020-09-04,20939.88
2020-09-07,20369.7787
2020-09-08,20385.2465
2020-09-09,19724.6344
2020-09-10,19543.4577
2020-09-11,19851.5158
2020-09-14,19973.9287
2020-09-15,20161.431
2020-09-16,19959.88
2020-09-17,19967.0629
2020-09-18,20320.9503
2020-09-21,20175.5055
2020-09-22,19983.2746
2020-09-23,20117.4071
2020-09-24,19668.281
2020-09-25,19665.7185
2020-09-28,19585.1808
2020-09-29,19800.8511
2020-09-30,19812.3945
2020-10-09,20399.6424
2020-10-12,21043.7413
2020-10-13,21183.9425
2020-10-14,21020.1114
2020-10-15,20919.798
2020-10-16,20779.5374
2020-10-19,20609.5129
2020-10-20,20891.2716
2020-10-21,20683.7115
2020-10-22,20574.7787
2020-10-23,20164.8111
2020-10-26,20262.4571
2020-10-27,20384.1009
2020-10-28,20567.2698
2020-10-29,20770.5972
2020-10-30,20336.9609
2020-11-02,20621.4254
2020-11-03,20867.0716
2020-11-04,20990.4185
2020-11-05,21352.4172
2020-11-06,21267.8822
2020-11-09,21734.4072
2020-11-10,21508.5108
2020-11-11,21089.9276
2020-11-12,21201.7041
2020-11-13,21145.288
2020-11-16,21294.5534
2020-11-17,21113.9304
2020-11-18,21000.9246
2020-11-19,21185.5215
2020-11-20,21302.0682
2020-11-23,21461.5231
2020-11-24,21381.6812
2020-11-25,21003.9331
2020-11-26,20918.8965
2020-11-27,21059.9438
2020-11-30,21029.2437
2020-12-01,21430.8693
2020-12-02,21480.1451
2020-12-03,21495.4374
2020-12-04,21582.8371
2020-12-07,21502.3016
2020-12-08,21504.2124
2020-12-09,21109.4432
2020-12-10,21133.4942
2020-12-11,20863.5716
2020-12-14,21075.6603
2020-12-15,21186.479
2020-12-16,21168.9266
2020-12-17,21383.8226
2020-12-18,21330.0626
2020-12-21,21763.5492
2020-12-22,21375.996
2020-12-23,21581.6313
2020-12-24,21429.775
2020-12-25,21587.3332
2020-12-28,21630.2672
2020-12-29,21517.7517
2020-12-30,21875.3792
2020-12-31,22291.2168
2021-01-04,22842.1502
2021-01-05,23336.6343
2021-01-06,23399.7169
2021-01-07,23661.1656
2021-01-08,23605.3914
2021-01-11,23292.5914
2021-01-12,23825.0816
2021-01-13,23680.7076
2021-01-14,23227.0111
2021-01-15,23169.1707
2021-01-18,23536.7275
2021-01-19,23129.2028
2021-01-20,23468.7505
2021-01-21,23928.3816
2021-01-22,24096.5156
2021-01-25,24223.5496
2021-01-26,23673.3406
2021-01-27,23769.4646
2021-01-28,22998.853
2021-01-29,22859.5586
2021-02-01,23172.8435
2021-02-02,23654.5418
2021-02-03,23497.829
2021-02-04,23303.0
2021-02-05,23152.2151
2021-02-08,23558.3002
2021-02-09,24116.5669
2021-02-10,24629.7612
2021-02-18,24330.6288
2021-02-19,24417.9806
2021-02-22,23669.2082
2021-02-23,23526.0131
2021-02-24,22952.3725
2021-02-25,22889.1226
2021-02-26,22394.4548
2021-03-01,22935.9096
2021-03-02,22773.2882
2021-03-03,23054.4913
2021-03-04,22258.6962
2021-03-05,22254.2342
2021-03-08,21408.6155
2021-03-09,20810.5889
2021-03-10,20947.1416
2021-03-11,21416.3811
2021-03-12,21465.0098
2021-03-15,20884.0445
2021-03-16,21075.1099
2021-03-17,21334.0504
2021-03-18,21573.469
2021-03-19,21021.7838
2021-03-22,21262.4601
2021-03-23,21026.2425
2021-03-24,20718.5726
2021-03-25,20741.1548
2021-03-26,21280.9952
2021-03-29,21284.6981
2021-03-30,21467.0761
2021-03-31,21298.687
2021-04-01,21610.6927
2021-04-02,21832.9117
2021-04-06,21773.4976
2021-04-07,21613.9567
2021-04-08,21631.6795
2021-04-09,21359.8568
2021-04-12,20870.0272
2021-04-13,20921.6762
2021-04-14,21247.2064
2021-04-15,21159.1823
2021-04-16,21223.0431
2021-04-19,21838.4647
2021-04-20,21815.1767
2021-04-21,21892.6517
2021-04-22,21984.1421
2021-04-23,22205.7876
2021-04-26,22009.9784
2021-04-27,22072.6191
2021-04-28,22281.7471
2021-04-29,22384.7468
2021-04-30,22346.5931
2021-05-06,21995.0914
2021-05-07,21567.99
2021-05-10,21544.7523
2021-05-11,21621.6059
2021-05-12,21774.7281
2021-05-13,21548.1102
2021-05-14,22000.1419
2021-05-17,22385.0677
2021-05-18,22377.2054
2021-05-19,22430.9568
2021-05-20,22510.7195
2021-05-21,22329.8674
2021-05-24,22469.2728
2021-05-25,22996.9977
2021-05-26,22916.6221
2021-05-27,23078.3268
2021-05-28,23011.0581
2021-05-31,23234.7459
2021-06-01,23295.6269
2021-06-02,23022.9604
2021-06-03,22874.3729
2021-06-04,23045.8564
2021-06-07,23034.3423
2021-06-08,22810.0333
2021-06-09,22813.5926
2021-06-10,23086.4958
2021-06-11,22944.7157
2021-06-15,22747.8101
2021-06-16,22164.0694
2021-06-17,22438.9416
2021-06-18,22612.8402
2021-06-21,22703.5374
2021-06-22,22790.1648
2021-06-23,23020.3256
2021-06-24,22930.1484
2021-06-25,23271.2425
2021-06-28,23499.5707
2021-06-29,23267.7283
2021-06-30,23520.2596
2021-07-01,23331.1208
2021-07-02,22761.3435
2021-07-05,22837.0939
2021-07-06,22759.296
2021-07-07,23183.327
2021-07-08,23096.0362
2021-07-09,23037.5896
2021-07-12,23531.1846
2021-07-13,23575.689
2021-07-14,23370.6961
2021-07-15,23547.5125
2021-07-16,23242.9219
2021-07-19,23276.4259
2021-07-20,23306.4548
2021-07-21,23620.2912
2021-07-22,23698.695
2021-07-23,23337.346
2021-07-26,22721.1326
2021-07-27,21888.2118
2021-07-28,21878.3148
2021-07-29,22545.7619
2021-07-30,22481.6919
2021-08-02,22987.7828
2021-08-03,22894.0193
2021-08-04,23288.7178
2021-08-05,23106.9599
2021-08-06,23038.7058
2021-08-09,23217.2583
2021-08-10,23399.1229
2021-08-11,23343.9181
2021-08-12,23160.0634
2021-08-13,23001.4598
2021-08-16,22839.1724
2021-08-17,22307.2526
2021-08-18,22469.4131
2021-08-19,22522.4344
2021-08-20,22160.262
2021-08-23,22600.5433
2021-08-24,22800.3957
2021-08-25,22854.5379
2021-08-26,22417.3302
2021-08-27,22452.0007
2021-08-30,22432.2965
2021-08-31,22285.9052
2021-09-01,22264.9967
2021-09-02,22209.1636
2021-09-03,22058.858
2021-09-06,22630.6898
2021-09-07,22875.1888
2021-09-08,22853.496
2021-09-09,22871.1121
2021-09-10,22986.5962
2021-09-13,22885.1931
2021-09-14,22762.4603
2021-09-15,22624.105
2021-09-16,22192.4907
2021-09-17,22351.3716
2021-09-22,22224.6226
2021-09-23,22397.6202
2021-09-24,22353.0088
2021-09-27,22333.2306
2021-09-28,22287.1282
2021-09-29,21922.8643
2021-09-30,22282.2922
2021-10-08,22447.3552
2021-10-11,22376.1889
2021-10-12,22015.849
2021-10-13,22356.2308
2021-10-14,22339.3333
2021-10-15,22456.8915
2021-10-18,22355.4574
2021-10-19,22590.0758
2021-10-20,22517.3845
2021-10-21,22507.211
2021-10-22,22583.2877
2021-10-25,22746.5374
2021-10-26,22679.4731
2021-10-27,22432.5481
2021-10-28,22202.1502
2021-10-29,22525.4222
2021-11-01,22565.955
2021-11-02,22412.5715
2021-11-03,22399.1192
2021-11-04,22692.752
2021-11-05,22549.6511
2021-11-08,22623.088
2021-11-09,22722.7795
2021-11-10,22636.7269
2021-11-11,22924.7999
2021-11-12,22934.9354
2021-11-15,22828.7207
2021-11-16,22795.1133
2021-11-17,22948.102
2021-11-18,22743.5335
2021-11-19,23015.2672
2021-11-22,23341.4008
2021-11-23,23256.164
2021-11-24,23230.1841
2021-11-25,23138.5007
2021-11-26,23060.6371
2021-11-29,23113.5495
2021-11-30,23092.3532
2021-12-01,23091.4061
2021-12-02,23048.0061
2021-12-03,23246.8239
2021-12-06,23031.075
2021-12-07,22945.3514
2021-12-08,23364.0245
2021-12-09,23651.7742
2021-12-10,23596.4825
2021-12-13,23755.479
2021-12-14,23638.6652
2021-12-15,23467.4015
2021-12-16,23604.0454
2021-12-17,23222.4004
2021-12-20,22757.7434
2021-12-21,22946.2315
2021-12-22,23107.4796
2021-12-23,23222.2664
2021-12-24,22983.6765
2021-12-27,22993.3529
2021-12-28,23185.6961
2021-12-29,22899.4868
2021-12-30,23123.39
2021-12-31,23220.2747
2022-01-04,23118.4571
2022-01-05,22704.7776
2022-01-06,22555.6816
2022-01-07,22422.8222
2022-01-10,22523.1398
2022-01-11,22237.4143
2022-01-12,22548.0614
2022-01-13,22107.1387
2022-01-14,22127.5822
2022-01-17,22461.9698
2022-01-18,22506.8151
2022-01-19,22220.0893
2022-01-20,22207.5065
2022-01-21,21944.8768
2022-01-24,22027.9112
2022-01-25,21406.7939
2022-01-26,21558.8834
2022-01-27,20963.389
2022-01-28,20853.8836
2022-02-07,21056.3268
2022-02-08,20852.2289
2022-02-09,21175.67
2022-02-10,21021.6218
2022-02-11,20697.8311
2022-02-14,20540.7266
2022-02-15,20890.0766
2022-02-16,20939.4225
2022-02-17,21013.5269
2022-02-18,21072.3586
2022-02-21,21091.5807
2022-02-22,20820.3293
2022-02-23,21217.5196
2022-02-24,20752.5538
2022-02-25,21005.4029
2022-02-28,21073.7048
2022-03-01,21126.4905
2022-03-02,20905.8428
2022-03-03,20679.7543
2022-03-04,20396.9033
2022-03-07,19697.8346
2022-03-08,19183.6855
2022-03-09,18969.6752
2022-03-10,19384.1045
2022-03-11,19504.9989
2022-03-14,18904.8386
2022-03-15,18081.0516
2022-03-16,18808.8717
2022-03-17,19262.9573
2022-03-18,19324.72
2022-03-21,19405.7937
2022-03-22,19311.5592
2022-03-23,19453.589
2022-03-24,19293.0396
2022-03-25,18929.2319
2022-03-28,18737.8358
2022-03-29,18652.9247
2022-03-30,19232.2406
2022-03-31,19005.1355
2022-04-01,19178.2724
2022-04-06,19093.1224
2022-04-07,18779.1669
2022-04-08,18760.2828
2022-04-11,18072.6586
2022-04-12,18444.2206
2022-04-13,18150.0466
2022-04-14,18380.8947
2022-04-15,18278.3556
2022-04-18,18346.7689
2022-04-19,18256.6103
2022-04-20,17879.3371
2022-04-21,17397.1042
2022-04-22,17346.9935
2022-04-25,16292.59
2022-04-26,16022.5556
2022-04-27,16724.0652
2022-04-28,16687.4077
2022-04-29,17304.6498
2022-05-05,17344.8495
2022-05-06,16974.5284
2022-05-09,16906.0475
2022-05-10,17138.082
2022-05-11,17448.0697
2022-05-12,17426.164
2022-05-13,17529.1704
2022-05-16,17425.8896
2022-05-17,17641.7938
2022-05-18,17608.1517
2022-05-19,17675.1595
2022-05-20,17997.4532
2022-05-23,17988.1941
2022-05-24,17388.9722
2022-05-25,17511.4206
2022-05-26,17612.4706
2022-05-27,17592.721
2022-05-30,17777.1761
2022-05-31,18119.8407
2022-06-01,18158.096
2022-06-02,18280.2742
2022-06-06,18768.4007
2022-06-07,18765.5089
2022-06-08,18920.219
2022-06-09,18571.2256
2022-06-10,18925.4423
2022-06-13,18870.2136
2022-06-14,18909.8235
2022-06-15,19090.1943
2022-06-16,19112.0915
2022-06-17,19396.6372
2022-06-20,19643.1647
2022-06-21,19544.8071
2022-06-22,19267.0295
2022-06-23,19690.0819
2022-06-24,19960.7804
2022-06-27,20181.5159
2022-06-28,20429.9528
2022-06-29,19980.8256
2022-06-30,20296.2867
2022-07-01,20241.0764
2022-07-04,20503.3783
2022-07-05,20420.9595
2022-07-06,20167.5193
2022-07-07,20364.7386
2022-07-08,20242.0224
2022-07-11,19865.5357
2022-07-12,19586.5192
2022-07-13,19697.3035
2022-07-14,19846.3209
2022-07-15,19545.514
2022-07-18,19738.248
2022-07-19,19679.7552
2022-07-20,19804.3307
2022-07-21,19619.7662
2022-07-22,19524.576
2022-07-25,19364.3788
2022-07-26,19549.8037
2022-07-27,19536.9989
2022-07-28,19583.8992
2022-07-29,19330.1134
2022-08-01,19562.8281
2022-08-02,19100.9188
2022-08-03,18884.9419
2022-08-04,19016.8262
2022-08-05,19339.4818
2022-08-08,19392.5528
2022-08-09,19439.3312
2022-08-10,19270.8929
2022-08-11,19666.9936
2022-08-12,19582.0139
2022-08-15,19647.5583
2022-08-16,19664.3269
2022-08-17,19863.1618
2022-08-18,19741.1128
2022-08-19,19491.8834
2022-08-22,19725.1002
2022-08-23,19646.582
2022-08-24,19081.8478
2022-08-25,19095.0369
2022-08-26,19026.2455
2022-08-29,18961.8359
2022-08-30,18888.2244
2022-08-31,18644.7812
2022-09-01,18482.7308
2022-09-02,18468.047
2022-09-05,18431.7505
2022-09-06,18623.9927
2022-09-07,18702.8664
2022-09-08,18542.7337
2022-09-09,18750.4109
2022-09-13,18823.6414
2022-09-14,18590.0309
2022-09-15,18199.8728
2022-09-16,17781.8205
2022-09-19,17696.8965
2022-09-20,17819.3508
2022-09-21,17701.3168
2022-09-22,17553.7904
2022-09-23,17384.2397
2022-09-26,17316.0115
2022-09-27,17652.7883
2022-09-28,17218.7674
2022-09-29,17250.9763
2022-09-30,17029.5289
2022-10-10,16625.2904
2022-10-11,16714.2796
2022-10-12,17127.1604
2022-10-13,17095.2974
2022-10-14,17576.8046
2022-10-17,17641.9273
2022-10-18,17683.1824
2022-10-19,17430.6191
2022-10-20,17333.7977
2022-10-21,17261.5341
2022-10-24,16907.8874
2022-10-25,16822.2637
2022-10-26,17105.4997
2022-10-27,16998.7068
2022-10-28,16448.9608
2022-10-31,16442.3561
2022-11-01,16976.6089
2022-11-02,17204.1869
2022-11-03,17145.9857
2022-11-04,17696.4494
2022-11-07,17729.615
2022-11-08,17628.1565
2022-11-09,17490.5654
2022-11-10,17259.4463
2022-11-11,17626.3153
2022-11-14,17585.7367
2022-11-15,17963.1801
2022-11-16,17781.04
2022-11-17,17759.779
2022-11-18,17695.9056
2022-11-21,17624.2121
2022-11-22,17417.0658
2022-11-23,17370.4148
2022-11-24,17345.9238
2022-11-25,17263.9702
2022-11-28,17145.962
2022-11-29,17558.5393
2022-11-30,17590.4372
2022-12-01,17837.974
2022-12-02,17768.7798
2022-12-05,17933.8332
2022-12-06,18054.4376
2022-12-07,18087.0999
2022-12-08,18042.2874
2022-12-09,18220.4382
2022-12-12,18059.2347
2022-12-13,17940.8083
2022-12-14,17938.8781
2022-12-15,17997.4536
2022-12-16,17898.5725
2022-12-19,17629.732
2022-12-20,17352.5313
2022-12-21,17294.8768
2022-12-22,17239.1983
2022-12-23,17197.9469
2022-12-26,17404.0031
2022-12-27,17607.1806
2022-12-28,17456.0814
2022-12-29,17434.7363
2022-12-30,17466.8117
2023-01-03,17628.2246
2023-01-04,17594.7742
2023-01-05,17971.0748
2023-01-06,18028.7945
2023-01-09,18160.5749
2023-01-10,18251.5006
2023-01-11,18145.753
2023-01-12,18188.5331
2023-01-13,18406.2719
2023-01-16,18698.4203
2023-01-17,18722.99
2023-01-18,18740.1403
2023-01-19,18904.0592
2023-01-20,19012.0658
2023-01-30,19199.0906
2023-01-31,19047.092
2023-02-01,19297.2809
2023-02-02,19255.5925
2023-02-03,19134.6676
2023-02-06,18910.8221
2023-02-07,18934.6789
2023-02-08,18819.2513
2023-02-09,19129.6612
2023-02-10,19017.4046
2023-02-13,19235.6819
2023-02-14,19207.1846
2023-02-15,19159.793
2023-02-16,18911.6313
2023-02-17,18608.4044
2023-02-20,18988.1031
2023-02-21,19012.2291
2023-02-22,18904.5761
2023-02-23,18880.5734
2023-02-24,18727.8284
2023-02-27,18593.0914
2023-02-28,18724.2503
2023-03-01,18932.7596
2023-03-02,18830.8976
2023-03-03,18835.8489
2023-03-06,18822.6141
2023-03-07,18451.345
2023-03-08,18436.0797
2023-03-09,18408.097
2023-03-10,18190.6855
2023-03-13,18291.1059
2023-03-14,18151.5669
2023-03-15,18147.6598
2023-03-16,17869.3269
2023-03-17,17934.5397
2023-03-20,17886.4513
2023-03-21,18173.9502
2023-03-22,18285.8577
2023-03-23,18459.2901
2023-03-24,18506.4065
2023-03-27,18529.3299
2023-03-28,18397.6213
2023-03-29,18423.3181
2023-03-30,18538.8321
2023-03-31,18658.5755
2023-04-03,18919.0801
2023-04-04,18872.5592
2023-04-06,18884.5586
2023-04-07,19047.1064
2023-04-10,18895.7456
2023-04-11,18905.1785
2023-04-12,18916.438
2023-04-13,18688.8628
2023-04-14,18785.8921
2023-04-17,18875.192
2023-04-18,18884.1414
2023-04-19,18725.8417
2023-04-20,18658.475
2023-04-21,18234.6898
2023-04-24,18023.301
2023-04-25,17756.818
2023-04-26,17816.2803
2023-04-27,17867.2189
2023-04-28,18062.0848
2023-05-04,17959.9354
2023-05-05,17812.8597
2023-05-08,17885.4561
2023-05-09,17725.9972
2023-05-10,17751.2172
2023-05-11,17755.998
2023-05-12,17538.9297
2023-05-15,17815.6387
2023-05-16,17690.2122
2023-05-17,17678.2379
2023-05-18,17658.8849
2023-05-19,17680.782
2023-05-22,17738.7084
2023-05-23,17557.291
2023-05-24,17411.2629
2023-05-25,17374.441
2023-05-26,17396.3124
2023-05-29,17257.7304
2023-05-30,17334.4399
2023-05-31,17214.7431
2023-06-01,17282.8271
2023-06-02,17542.5243
2023-06-05,17460.6404
2023-06-06,17186.3027
2023-06-07,17084.2286
2023-06-08,17107.6608
2023-06-09,17222.0394
2023-06-12,17350.4107
2023-06-13,17482.6355
2023-06-14,17529.3075
2023-06-15,17846.9406
2023-06-16,18045.2374
2023-06-19,17994.4699
2023-06-20,18045.5076
2023-06-21,17652.7687
2023-06-26,17356.3763
2023-06-27,17526.2776
2023-06-28,17444.6898
2023-06-29,17428.4462
2023-06-30,17606.8524
2023-07-03,17711.654
2023-07-04,17774.5718
2023-07-05,17614.3249
2023-07-06,17518.0714
2023-07-07,17391.6383
2023-07-10,17479.3677
2023-07-11,17617.5404
2023-07-12,17443.7914
2023-07-13,17726.2785
2023-07-14,17703.1883
2023-07-17,17592.4572
2023-07-18,17533.7537
2023-07-19,17470.3805
2023-07-20,17285.4489
2023-07-21,17276.7454
2023-07-24,17178.0647
2023-07-25,17616.2155
2023-07-26,17533.652
2023-07-27,17462.4356
2023-07-28,17745.8156
2023-07-31,17880.3863
2023-08-01,17816.4185
2023-08-02,17755.002
2023-08-03,17850.8144
2023-08-04,17971.2322
2023-08-07,17823.5325
2023-08-08,17750.0934
2023-08-09,17656.7977
2023-08-10,17675.0756
2023-08-11,17290.0734
2023-08-14,17205.1662
2023-08-15,17085.5486
2023-08-16,16926.3117
2023-08-17,17031.2588
2023-08-18,16734.6511
2023-08-21,16514.6447
2023-08-22,16602.5739
2023-08-23,16248.1017
2023-08-24,16414.8451
2023-08-25,16214.612
2023-08-28,16379.9281
2023-08-29,16735.9753
2023-08-30,16781.019
2023-08-31,16679.1038
2023-09-01,16752.9939
2023-09-04,16990.9404
2023-09-05,16878.2212
2023-09-06,16838.4005
2023-09-07,16529.1034
2023-09-08,16466.7358
2023-09-11,16628.6674
2023-09-12,16616.2291
2023-09-13,16428.0148
2023-09-14,16335.6448
2023-09-15,16251.7212
2023-09-18,16341.5055
2023-09-19,16223.4298
2023-09-20,16139.0467
2023-09-21,15994.5377
2023-09-22,16311.2664
2023-09-25,16219.1131
2023-09-26,16123.1665
2023-09-27,16194.9212
2023-09-28,16204.2249
2023-10-09,16201.0747
2023-10-10,16110.7906
2023-10-11,16167.6304
2023-10-12,16302.6165
2023-10-13,16142.9223
2023-10-16,15914.0234
2023-10-17,15939.4998
2023-10-18,15742.345
2023-10-19,15484.1511
2023-10-20,15349.1907
2023-10-23,15118.5411
2023-10-24,15212.3533
2023-10-25,15284.4815
2023-10-26,15346.0201
2023-10-27,15675.3822
2023-10-30,15928.432
2023-10-31,15826.3924
2023-11-01,15767.8529
2023-11-02,15621.2254
2023-11-03,15813.3098
2023-11-06,16163.5575
2023-11-07,16140.3465
2023-11-08,16134.2329
2023-11-09,16103.0925
2023-11-10,16018.104
2023-11-13,16035.5696
2023-11-14,16063.3807
2023-11-15,16180.5791
2023-11-16,15983.1589
2023-11-17,16024.7093
2023-11-20,16094.7277
2023-11-21,16054.5616
2023-11-22,15828.3952
2023-11-23,15953.5784
2023-11-24,15804.3581
2023-11-27,15718.6366
2023-11-28,15796.4966
2023-11-29,15654.3659
2023-11-30,15627.2203
2023-12-01,15617.9585
2023-12-04,15522.2817
2023-12-05,15217.7818
2023-12-06,15319.7377
2023-12-07,15299.2149
2023-12-08,15354.7904
2023-12-11,15482.171
2023-12-12,15471.2833
2023-12-13,15233.2846
2023-12-14,15139.9112
2023-12-15,15088.3442
2023-12-18,14918.9208
2023-12-19,14935.8009
2023-12-20,14726.2258
2023-12-21,14885.7307
2023-12-22,14829.0846
2023-12-25,14886.2043
2023-12-26,14727.8222
2023-12-27,14784.173
2023-12-28,15186.0528
2023-12-29,15321.4847
2024-01-02,15123.9883
2024-01-03,15011.5009
2024-01-04,14826.3875
2024-01-05,14668.3056
2024-01-08,14397.7108
2024-01-09,14437.1783
2024-01-10,14359.3085
2024-01-11,14571.1233
2024-01-12,14479.2461
2024-01-15,14428.0745
2024-01-16,14474.2371
2024-01-17,14101.1492
2024-01-18,14242.4336
2024-01-19,14146.7244
2024-01-22,13652.5445
2024-01-23,13841.3014
2024-01-24,13980.4455
2024-01-25,14261.5202
2024-01-26,14111.1668
2024-01-29,13821.2105
2024-01-30,13490.6221
2024-01-31,13228.6714
2024-02-01,13273.9768
2024-02-02,12977.2343
2024-02-05,12831.3117
2024-02-06,13630.6047
2024-02-07,14030.7488
2024-02-08,14212.6225
2024-02-19,14345.1612
2024-02-20,14351.8617
2024-02-21,14465.5397
2024-02-22,14575.6244
2024-02-23,14617.8587
2024-02-26,14613.3645
2024-02-27,14942.2197
2024-02-28,14584.4909
2024-02-29,15042.1338
2024-03-01,15211.1835
2024-03-04,15217.7274
2024-03-05,15184.0642
2024-03-06,15150.8647
2024-03-07,14944.495
2024-03-08,15109.7597
2024-03-11,15453.3446
2024-03-12,15533.3113
2024-03-13,15493.0232
2024-03-14,15413.9762
2024-03-15,15507.3795
2024-03-18,15734.2872
2024-03-19,15644.6427
2024-03-20,15678.9478
2024-03-21,15623.6296
2024-03-22,15435.8558
2024-03-25,15206.0958
2024-03-26,15250.2776
2024-03-27,14884.8929
2024-03-28,15080.1877
2024-03-29,15174.595
2024-04-01,15572.9385
2024-04-02,15476.8168
2024-04-03,15409.6334
2024-04-08,15168.1239
2024-04-09,15256.818
2024-04-10,15013.8796
2024-04-11,15019.3126
2024-04-12,14903.0719
2024-04-15,15132.4197
2024-04-16,14786.6809
2024-04-17,15153.7177
2024-04-18,15146.5972
2024-04-19,14990.2544
2024-04-22,14926.0119
2024-04-23,14836.4333
2024-04-24,14947.1666
2024-04-25,14969.6215
2024-04-26,15292.7473
2024-04-29,15632.7563
2024-04-30,15493.6871
2024-05-06,15805.0388
2024-05-07,15792.6103
2024-05-08,15580.004
2024-05-09,15822.1783
2024-05-10,15731.2546
2024-05-13,15638.5618
2024-05-14,15632.0675
2024-05-15,15495.273
2024-05-16,15529.4872
2024-05-17,15700.6625
2024-05-20,15768.5434
2024-05-21,15657.6358
2024-05-22,15676.9962
2024-05-23,15433.0448
2024-05-24,15244.6163
2024-05-27,15380.0511
2024-05-28,15192.1999
2024-05-29,15231.812
2024-05-30,15183.77
2024-05-31,15151.7519
2024-06-03,15162.5593
2024-06-04,15323.3613
2024-06-05,15201.7681
2024-06-06,15115.9293
2024-06-07,14980.3549
2024-06-11,14992.0315
2024-06-12,15005.2069
2024-06-13,14902.9908
2024-06-14,14978.3653
2024-06-17,15026.209
2024-06-18,15087.3535
2024-06-19,14927.3159
2024-06-20,14684.9747
2024-06-21,14679.3615
2024-06-24,14452.4341
2024-06-25,14333.6435
2024-06-26,14556.3977
2024-06-27,14334.3909
2024-06-28,14333.6275
2024-07-01,14416.229
2024-07-02,14276.9726
2024-07-03,14193.1932
2024-07-04,14053.7198
2024-07-05,14089.7518
2024-07-08,13874.1165
2024-07-09,14108.275
2024-07-10,14094.9703
2024-07-11,14376.4067
2024-07-12,14350.8882
2024-07-15,14266.7162
2024-07-16,14389.7717
2024-07-17,14322.7503
2024-07-18,14395.2266
2024-07-19,14434.8402
2024-07-22,14381.5236
2024-07-23,13955.572
2024-07-24,13772.3824
2024-07-25,13743.3786
2024-07-26,13942.8057
2024-07-29,13809.7955
2024-07-30,13735.9037
2024-07-31,14199.8068
2024-08-01,14070.059
2024-08-02,13876.1923
2024-08-05,13619.8925
2024-08-06,13732.3386
2024-08-07,13709.9851
2024-08-08,13705.3255
2024-08-09,13620.938
2024-08-12,13588.9231
2024-08-13,13647.7539
2024-08-14,13489.1508
2024-08-15,13585.9158
2024-08-16,13553.8516
2024-08-19,13566.0659
2024-08-20,13397.9976
2024-08-21,13361.2651
2024-08-22,13252.3498
2024-08-23,13285.1923
2024-08-26,13306.6502
2024-08-27,13159.8594
2024-08-28,13120.1426
2024-08-29,13243.7313
2024-08-30,13559.6597
2024-09-02,13274.1686
2024-09-03,13430.6355
2024-09-04,13363.5213
2024-09-05,13402.3581
2024-09-06,13210.0094
2024-09-09,13101.128
2024-09-10,13119.0728
2024-09-11,13171.1209
2024-09-12,13088.7994
2024-09-13,12974.6937
2024-09-18,12989.6131
2024-09-19,13145.359
2024-09-20,13125.8848
2024-09-23,13140.0605
2024-09-24,13713.5652
2024-09-25,13880.2424
2024-09-26,14497.0913
2024-09-27,15470.5649
2024-09-30,17121.6358
2024-10-08,18692.3265
2024-10-09,17169.3024
2024-10-10,17029.281
2024-10-11,16362.9499
2024-10-14,16797.6258
2024-10-15,16374.2958
2024-10-16,16210.1814
2024-10-17,16091.9714
2024-10-18,16850.8801
2024-10-21,17036.1088
2024-10-22,17181.2675
2024-10-23,17209.7942
2024-10-24,16991.6906
2024-10-25,17282.5254
2024-10-28,17391.0283
2024-10-29,17160.0474
2024-10-30,17140.7577
2024-10-31,17240.039
2024-11-01,17020.1514
2024-11-04,17359.1003
2024-11-05,17919.8933
2024-11-06,17857.7985
2024-11-07,18294.8459
2024-11-08,18175.0888
2024-11-11,18545.5842
2024-11-12,18426.0074
2024-11-13,18500.112
2024-11-14,17977.5976
2024-11-15,17508.269
2024-11-18,17175.4865
2024-11-19,17502.0042
2024-11-20,17638.8167
2024-11-21,17627.9541
2024-11-22,17008.0179
2024-11-25,16979.3754
2024-11-26,16838.1451
2024-11-27,17218.6215
2024-11-28,17001.9946
2024-11-29,17295.0162
2024-12-02,17532.0879
2024-12-03,17463.0961
2024-12-04,17285.5427
2024-12-05,17336.2519
2024-12-06,17592.9793
2024-12-09,17496.7308
2024-12-10,17629.711
2024-12-11,17689.1952
2024-12-12,17867.5018
2024-12-13,17470.5882
2024-12-16,17244.7018
2024-12-17,17186.2163
2024-12-18,17263.6355
2024-12-19,17370.2981
2024-12-20,17367.3907
2024-12-23,17190.2657
2024-12-24,17409.932
2024-12-25,17299.4951
2024-12-26,17416.1505
2024-12-27,17394.3551
2024-12-30,17413.6332
2024-12-31,16996.0311
2025-01-02,16464.1285
2025-01-03,16153.4888
2025-01-06,16135.7365
2025-01-07,16321.3063
2025-01-08,16233.9423
2025-01-09,16286.1072
2025-01-10,15993.1236
2025-01-13,15994.4553
2025-01-14,16597.8709
2025-01-15,16427.3485
2025-01-16,16495.2195
2025-01-17,16594.5512
2025-01-20,16750.8056
2025-01-21,16832.3166
2025-01-22,16702.9447
2025-01-23,16622.7635
2025-01-24,16814.1467
2025-01-27,16591.8949
2025-02-05,16606.2091
2025-02-06,16982.0052
2025-02-07,17280.9872
2025-02-10,17372.2815
2025-02-11,17253.0084
2025-02-12,17501.2232
2025-02-13,17367.8299
2025-02-14,17569.6171
2025-02-17,17638.6627
2025-02-18,17355.6268
2025-02-19,17610.6761
2025-02-20,17647.5109
2025-02-21,17970.3393
2025-02-24,17957.7968
2025-02-25,17748.6841
2025-02-26,17915.1408
2025-02-27,17870.1899
2025-02-28,17354.0479
2025-03-03,17417.8033
2025-03-04,17467.6499
2025-03-05,17517.7995
2025-03-06,17828.472
2025-03-07,17739.5323
2025-03-10,17711.0948
2025-03-11,17770.162
2025-03-12,17741.872
2025-03-13,17567.8002
2025-03-14,17965.0044
2025-03-17,17932.5594
2025-03-18,18026.7922
2025-03-19,17969.4458
2025-03-20,17807.5607
2025-03-21,17494.4599
2025-03-24,17508.4894
2025-03-25,17433.5561
2025-03-26,17425.9868
2025-03-27,17466.7785
2025-03-28,17368.3199
2025-03-31,17200.7042
2025-04-01,17200.6203
2025-04-02,17217.1383
2025-04-03,16976.7928
2025-04-07,15338.002
2025-04-08,15437.4862
2025-04-09,15627.1213
2025-04-10,15979.8321
2025-04-11,16111.5116
2025-04-14,16194.1502
2025-04-15,16152.181
2025-04-16,16016.5439
2025-04-17,15991.8044
2025-04-18,16029.7908
2025-04-21,16233.7553
2025-04-22,16176.5847
2025-04-23,16285.2976
2025-04-24,16192.0518
2025-04-25,16256.5155
2025-04-28,16156.0812
2025-04-29,16148.1993
2025-04-30,16231.1653
2025-05-06,16531.3703
2025-05-07,16568.0874
2025-05-08,16722.439
2025-05-09,16607.2789
2025-05-12,16894.1606
2025-05-13,16873.723
2025-05-14,16983.2038
2025-05-15,16709.0276
2025-05-16,16698.7826
2025-05-19,16685.8233
2025-05-20,16814.9133
2025-05-21,16889.82
2025-05-22,16768.4293
2025-05-23,16626.3344
2025-05-26,16559.6301
2025-05-27,16458.7965
2025-05-28,16417.3597
2025-05-29,16621.7463
2025-05-30,16480.6355
2025-06-03,16508.7713
2025-06-04,16653.2381
2025-06-05,16750.9522
2025-06-06,16719.4409
2025-06-09,16829.5138
2025-06-10,16686.1009
2025-06-11,16824.7564
2025-06-12,16806.5691
2025-06-13,16623.2836
2025-06-16,16692.3176
2025-06-17,16673.405
2025-06-18,16714.0821
2025-06-19,16512.0183
2025-06-20,16435.905
2025-06-23,16508.1162
2025-06-24,16787.1288
2025-06-25,17077.4452
2025-06-26,16995.9054
2025-06-27,17054.5453
2025-06-30,17197.8161
2025-07-01,17217.2027
2025-07-02,17113.5967
2025-07-03,17315.0547
2025-07-04,17273.6413
2025-07-07,17154.2585
2025-07-08,17406.6029
2025-07-09,17396.7941
2025-07-10,17478.927
2025-07-11,17586.7882
2025-07-14,17568.7938
2025-07-15,17668.5726
2025-07-16,17630.5611
2025-07-17,17882.9133
2025-07-18,17950.1243
2025-07-21,18105.2169
2025-07-22,18258.1826
2025-07-23,18192.1679
2025-07-24,18413.717
2025-07-25,18373.821
2025-07-28,18456.2533
2025-07-29,18575.5245
2025-07-30,18434.507
2025-07-31,18117.5946
2025-08-01,18088.3167
2025-08-04,18172.0699
2025-08-05,18280.7817
2025-08-06,18398.4395
2025-08-07,18366.8767
2025-08-08,18319.792
2025-08-11,18588.8041
2025-08-12,18689.0269
2025-08-13,19018.9735
2025-08-14,18855.5735
2025-08-15,19158.4017
2025-08-18,19490.365
2025-08-19,19468.5584
2025-08-20,19642.8266
2025-08-21,19632.5027
2025-08-22,20039.3379
2025-08-25,20493.5088
2025-08-26,20547.6158
2025-08-27,20255.4394
2025-08-28,20711.8367
2025-08-29,20918.6487
2025-09-01,21138.7031
2025-09-02,20686.6458
2025-09-03,20553.0139
2025-09-04,19972.0332
2025-09-05,20750.8631
2025-09-08,20877.8172
2025-09-09,20621.5333
2025-09-10,20700.3691
2025-09-11,21397.5846
2025-09-12,21306.9425
2025-09-15,21442.803
2025-09-16,21540.0327
2025-09-17,21791.0824
2025-09-18,21561.865
2025-09-19,21555.2408
2025-09-22,21700.1788
2025-09-23,21638.5422
2025-09-24,22029.6028
2025-09-25,22178.9523
2025-09-26,21789.5083
2025-09-29,22236.9077
2025-09-30,22315.901
2025-10-09,22645.6164
2025-10-10,22036.2778
2025-10-13,21833.0688
2025-10-14,21279.3484
2025-10-15,21649.6739
2025-10-16,21597.5841
2025-10-17,20942.8868
2025-10-20,21149.2418
2025-10-21,21586.4336
2025-10-22,21454.4955
2025-10-23,21503.3773
2025-10-24,21940.0556
2025-10-27,22271.9175
2025-10-28,22175.3347
2025-10-29,22608.0711
2025-10-30,22346.4416
2025-10-31,22093.6038
2025-11-03,22137.6122
2025-11-04,21760.9823
2025-11-05,21842.1164
2025-11-06,22221.4337
2025-11-07,22142.8707
2025-11-10,22183.1033
2025-11-11,21955.4374
2025-11-12,21876.798
2025-11-13,22267.8749
2025-11-14,21838.7809
2025-11-17,21816.9022
2025-11-18,21617.3903
2025-11-19,21618.0117
2025-11-20,21455.2346
2025-11-21,20724.7206
2025-11-24,20803.6647
2025-11-25,21122.6645
2025-11-26,21339.6906
2025-11-27,21287.0015
2025-11-28,21468.2934
2025-12-01,21738.4778
2025-12-02,21590.9288
2025-12-03,21424.4576
2025-12-04,21510.8394
2025-12-05,21745.2431
2025-12-08,22048.0697
2025-12-09,21962.335
2025-12-10,22028.2543
2025-12-11,21749.9418
2025-12-12,21934.768
2025-12-15,21694.1331
2025-12-16,21368.7889
2025-12-17,21882.7359
2025-12-18,21601.8455
2025-12-19,21745.8421
2025-12-22,22065.7342
2025-12-23,22127.0553
2025-12-24,22322.7308
2025-12-25,22398.5292
2025-12-26,22519.8438
2025-12-29,22410.6076
2025-12-30,22522.8119
2025-12-31,22393.287
2026-01-05,22897.2996
2026-01-06,23219.7572
2026-01-07,23234.3967
2026-01-08,23118.0794
2026-01-09,23385.5363
2026-01-12,23795.6021
2026-01-13,23469.8864
2026-01-14,23602.4698
2026-01-15,23700.1606
2026-01-16,23659.0884
2026-01-19,23681.9879
2026-01-20,23454.06
2026-01-21,23620.3094
2026-01-22,23740.8847
2026-01-23,23928.9058
2026-01-26,23726.4629
2026-01-27,23749.8658
2026-01-28,23772.8055
2026-01-29,23703.2512
2026-01-30,23548.5472
2026-02-02,22917.4829
2026-02-03,23420.7422
2026-02-04,23470.4926
2026-02-05,23134.3928
2026-02-06,23059.5367
2026-02-09,23561.1773
2026-02-10,23566.2116
2026-02-11,23485.2068
2026-02-12,23689.0429
2026-02-13,23387.2561
2026-02-24,23706.0737
2026-02-25,24013.1909
2026-02-26,24060.9372
2026-02-27,24047.9462
2026-03-02,24000.7613
2026-03-03,23266.5324
2026-03-04,23094.2953
2026-03-05,23379.5606
2026-03-06,23519.9945
2026-03-09,23346.9363
2026-03-10,23823.9298
2026-03-11,24010.1363
2026-03-12,23861.2865
2026-03-13,23706.5218
2026-03-16,23752.4175
2026-03-17,23309.1709
2026-03-18,23556.3819
2026-03-19,23082.5511
2026-03-20,23025.2031
2026-03-23,22161.9565
2026-03-24,22480.5253
2026-03-25,22921.0348
2026-03-26,22599.2732
2026-03-27,22856.2775
2026-03-30,22800.8667
2026-03-31,22390.0414
2026-04-01,22770.9044
2026-04-02,22407.4612
2026-04-03,22186.1117
2026-04-07,22266.3673
2026-04-08,23334.5918
2026-04-09,23259.1578
2026-04-10,23781.0326
2026-04-13,23945.9668
2026-04-14,24333.1245
2026-04-15,24099.3892
2026-04-16,24595.9608
2026-04-17,24745.505
2026-04-20,24882.1823
2026-04-21,24909.2541
2026-04-22,25235.1867
2026-04-23,25014.1591
2026-04-24,24844.1323
2026-04-27,24937.8153
2026-04-28,24664.4185
2026-04-29,25148.9609
2026-04-30,25128.2219
2026-05-06,25715.3007
2026-05-07,26020.0148
2026-05-08,25891.6648
2026-05-11,26451.3462
2026-05-12,26329.1747
2026-05-13,26771.3572
2026-05-14,26200.5554
2026-05-15,25895.3373
2026-05-18,25845.0552
2026-05-19,25912.6243
2026-05-20,25914.2862
2026-05-21,25378.7202
2026-05-22,25962.842
2026-05-25,26396.0334
2026-05-26,26430.1532
2026-05-27,26199.1681
2026-05-28,26409.5392
2026-05-29,25933.6697
2026-06-01,25544.2925
2026-06-02,25963.3908
2026-06-03,26154.0816
2026-06-04,26083.7999
2026-06-05,25507.6464
2026-06-08,24687.1843
2026-06-09,25434.0881
2026-06-10,24911.5293
2026-06-11,24742.8844
2026-06-12,24929.9994
2026-06-15,25877.3117
2026-06-16,26119.006
2026-06-17,26463.3184
2026-06-18,26714.4332
2026-06-22,27285.6113
2026-06-23,26423.4578
2026-06-24,26753.5664
2026-06-25,27243.1232
2026-06-26,26308.2089
2026-06-29,26360.8632
2026-06-30,27017.0596
2026-07-01,26874.6459
2026-07-02,25841.9548
2026-07-03,26008.063
2026-07-06,25708.2903
2026-07-07,25390.1673
2026-07-08,24915.7532
2026-07-09,25682.7364
2026-07-10,25097.0849
2026-07-13,24224.8822
2026-07-14,24896.903
2026-07-15,24655.7172
2026-07-16,24172.154
2026-07-17,22869.3264
2026-07-20,22709.4271
2026-07-21,23802.1143
2026-07-22,23465.035
2026-07-23,23569.6802
2026-07-24,22989.2695
2026-07-27,23614.918
2026-07-28,22549.7149
2026-07-29,22799.3688
2026-07-30,22178.6909
2026-07-31,22669.3477
